NMSE,PSNR,SSIM,HFEN,VIF,LPIPS,TIME
1.0404027982528365,25.27579281022035,0.604093732742672,0.8568181778886327,1.475493963931984,0.20252374062935508,1.257388671239217
0.20242469987630674,26.903386006973992,0.6290625606540617,0.814878180704781,1.1875994363035038,0.16384120285511014,1.1880463759104412
0.06655823026226497,28.45838629113113,0.7013839074804623,0.8022662726661256,1.0722868614287993,0.15170448025067643,1.1771121025085451
0.06611070587767733,27.168439358725724,0.720463782067219,0.7999536901933868,0.975301193709616,0.15424288809299466,1.2122149467468264
0.09498985160801804,25.934829493938697,0.7014696659183753,0.7987960923899736,0.9450663448606758,0.1668665135900179,1.192691485087077
0.12473701942443212,25.817834355791252,0.7031336455448783,0.7613768439770817,0.9320687029102127,0.17552230507135388,1.2275723616282146
0.153135074230398,24.926291701991442,0.660895314190392,0.7787411995123081,0.8116248275320675,0.19287351270516706,1.2544283866882324
0.16884834992392564,25.331300796044847,0.6502794117699349,0.7830123903643348,0.8755015567563417,0.2021315172314643,0.9550248781840006
0.18314278641919732,25.61789065799015,0.6636153577143254,0.7761435481423217,0.876285717066199,0.2110325445731481,0.733647584915161
0.19854269828319396,25.57152065184698,0.6570679374177338,0.7838935171420189,0.8671118949828718,0.224676489830017,0.717907190322876
0.20562477955674888,25.2371442104359,0.6287028090649646,0.8167100592941853,0.8004474622589788,0.25286846856276196,0.8641510804494222
0.2076147481573379,24.864732127129695,0.6375049056451978,0.825100337612251,0.8479349983607941,0.2748137364784876,1.2708853880564372
0.21184830650465972,24.818669988451948,0.6363999131390857,0.8104207018786571,0.8325813911221033,0.276026760538419,0.7609773476918539
0.2174206497287828,24.67203531866547,0.6264443319212222,0.800560781530951,0.8172746069736235,0.2728495647509892,0.7449740568796793
0.21737493321094317,24.226267933847677,0.6334070707194804,0.8182209648651435,0.8537264763479125,0.29006465772787726,0.6856831709543866
0.21975133479323652,24.059224338196756,0.6133615315797646,0.816963685866266,0.7681277125767368,0.2974092861016591,0.6883631547292074
0.222272823590711,23.306136294504224,0.6096942700494382,0.822896771596882,0.7283561397221181,0.3105518917242686,0.7388426462809244
0.22187157538890387,23.70385741116875,0.6176454233193426,0.8484174083271331,0.7737127201869834,0.31509460508823395,0.71925417582194
0.22763800208327997,23.03309720276643,0.6228705419420278,0.8346410598905479,0.8507714937276406,0.3226952503124873,0.6834359963734945
0.27122602724029865,20.146581597431645,0.6354359502982992,0.8231551436098511,1.1414430463116172,0.3149901727835337,0.6805688540140787
0.23514927047170694,22.802709407320307,0.6456435761384015,0.8449804751993867,0.9571959072990004,0.3119097650051117,0.6905461947123209
0.22635101506885366,23.724860684995406,0.6496785242460361,0.8305275344049651,0.8906245560849161,0.3152198493480682,0.7009609540303549
0.22487567050132173,23.961403089931093,0.653155137991477,0.8156117371070853,0.8794580402196561,0.31592124700546265,0.7240860462188721
0.230777339261956,23.71734434511936,0.651441835201742,0.8247574771769184,0.9428126175029607,0.3219977368911107,0.6982103188832601
0.23850530043708726,23.532165643877374,0.6490213740457677,0.8373741756625651,0.9378832731125096,0.32340677579243976,0.7365388870239258
0.25215055203345144,22.881136557980327,0.6550175036497635,0.834712234783856,0.9763398120877977,0.32291261355082196,0.7391736507415773
0.2528255024205685,23.53836737524678,0.6592353305890426,0.8580296883385884,0.8992784495151908,0.3289953370889028,0.7117698192596436
0.2582996223209757,23.28418317078201,0.6645416168084203,0.8569795677285522,0.9960201172195798,0.3243089765310287,0.7005306084950765
0.24003156199675746,24.17222212986157,0.6661702765068503,0.8799423282690447,0.9092185552701952,0.3219366073608398,0.7000163396199545
0.23071357291022374,25.532753102722467,0.6862587881664473,0.8181958212968636,0.869665577248282,0.2825135936339696,0.7378507455190023
0.22882570806109456,25.34615226207231,0.7037944225093237,0.8258772589396043,0.9498313926241554,0.2715397924184799,0.7490262190500895
0.2247159334115966,25.47553286599222,0.7121150168212357,0.8127316213141597,0.9289907422175777,0.2624714473883311,0.7351396083831788
0.22468000894394982,25.62204908942748,0.7266019034567964,0.8182629107151378,0.9477515352753474,0.24224305649598435,0.7270340919494629
0.21894516242057013,27.277771582835566,0.7285156238236022,0.8174287570428294,0.8397236214352057,0.24287095169226322,0.7182482878367106
0.2132454775855609,27.73705852802931,0.7346649462534295,0.8169331949941884,0.8321004784021624,0.23901969691117605,0.7021056811014811
0.21100340476627663,28.10198315060521,0.7498604793490881,0.8090561720551527,0.8579356114993629,0.22028260429700208,0.7543062369028727
1.838912146304519,17.129431364440624,0.41356711907740107,1.1034308268775146,2.6699263200329497,0.4095039591193199,0.7187654177347819
3.6096348905362343,20.578835943143968,0.4633661774553815,0.9492103994206763,2.2635508835978535,0.3479005843400955,0.7130755583445233
6.12120375778041,19.202289381193612,0.47262525343876877,0.9966524960344758,3.4572457053118555,0.3923819934328397,0.6955945491790773
4.289558854625099,18.97959792695349,0.4972850607505371,1.034220814047832,3.369357227569718,0.38476790736118954,0.6898849805196127
2.050210293001238,18.09173119052465,0.4609464967604482,0.9007054855059916,2.0681022019156874,0.4161437104145686,0.7339740594228109
2.9916067013933643,17.29471576412555,0.5225447382747684,0.9881206190459318,3.9362449427343313,0.3764926741520563,0.6918299198150635
3.14989636920269,19.428309512483512,0.5082261471147572,0.9102294978465387,2.8563429474092956,0.3851658180356025,0.699406862258911
1.3677108167987229,19.034040976639083,0.5030499484795512,0.8344464849254104,2.000596171372307,0.3871825834115346,0.7424254417419434
0.6606437559716575,19.681715224222824,0.504155217640411,0.8074656950602562,1.4674238360572638,0.3786098013321559,0.7045355637868246
0.3039287849088301,20.807787585725862,0.5169163753273215,0.8112514603140989,1.0777801519584176,0.3691462228695552,0.6992332935333252
0.2082004899204958,22.384900436063806,0.5674154126985967,0.7907355809263947,1.0868826065187256,0.3437076359987259,0.7080522378285724
0.289481412257633,22.473068203344486,0.6202982297891285,0.793499308247018,1.6055262512036375,0.32716683298349375,0.7304675579071045
0.33096917485225935,22.380676459948734,0.6272202993284459,0.8112302178958369,1.8967116172376137,0.3220900769035021,0.736732006072998
0.2025723812300946,23.108103814925055,0.6431688422305789,0.7845544589506984,1.6283127060858753,0.3249775469303131,0.7536077499389647
0.18945167282055442,24.89296916302332,0.7293010299550083,0.7814251130669666,1.904403752407856,0.2743140881260236,0.6946019331614176
0.2493733450477372,23.418663112953467,0.7223763933522037,0.7998182815144781,2.2361713840958646,0.2829215427239736,0.6947545210520426
0.3358115158762285,23.382712889530286,0.7292804224326991,0.8085834266661435,2.4360773539855565,0.2773263504107793,0.6836631298065186
0.33822854950591213,22.858440294784916,0.716544901224733,0.8228404471033786,2.398904922894232,0.2740998789668083,0.7114539941151937
0.3393671301473186,23.93181444431175,0.7618698760844921,0.7996313879285603,2.5656934895286057,0.25378785530726106,0.6897275447845458
0.2941616611817957,21.207195633461964,0.6665452145845497,0.7988089261847108,2.3696838144133037,0.3312511593103409,0.715928316116333
0.763643646357331,20.131101690834004,0.7196728763629684,0.8934637299099758,4.6138135512359195,0.2876110126574834,0.6896519660949706
0.4236600538453625,20.401940838184956,0.6745419475818805,0.8497939568253278,3.2136312772073765,0.3165236413478851,0.6872438589731851
0.3514266677838394,20.255195141310114,0.6302801056853689,0.8411945059588417,2.781102659295307,0.3344423919916153,0.6932965914408366
0.2758891754300054,22.177227768075962,0.6523441360567324,0.7938353163333831,2.315692618843537,0.31536292533079785,0.6824764410654703
0.7599762214609348,18.571356287607465,0.6617393642623457,0.9299383834568992,4.7974051036488445,0.3167263666788737,0.6915963490804037
0.44800871655576485,19.05891667800618,0.6179570003415207,0.8713100701340096,3.302253165666052,0.33917435506979626,0.6926194826761881
0.37659756810074696,20.4503879689839,0.6467341802175911,0.7956880904588504,2.8916802262390746,0.3131893277168274,0.692483107248942
0.3725557494581111,21.086340324820245,0.6637320040547615,0.8033563324672993,3.0270704715704544,0.29574076334635413,0.7093183199564616
0.5465948348025672,21.4380860782812,0.6986068061884776,0.813301771401511,4.017243990246404,0.2820341736078262,0.713640292485555
0.5741532341023418,20.346636085184507,0.6800762312566458,0.8330964312918795,4.026546435925039,0.2893568029006322,0.7009157339731852
0.4747015196726272,20.904677291197775,0.6790120815895219,0.8163536713869322,3.6185757366407802,0.28250158329804737,0.7095113595326742
0.618646933260684,20.93612389068191,0.7101926823546711,0.8543350118224414,4.142705660483266,0.25340407093365985,0.7677577336629232
0.6637580155412238,22.35208619166419,0.7579643188297341,0.8251051347039416,4.303105612419061,0.2146051575740178,0.6879393259684244
0.4177172013313608,20.607769520122023,0.6663978043483236,0.7999957637254301,2.918501417722807,0.2641659453511238,0.7048994700113932
0.3658103324335881,21.310949488404635,0.6711582056277767,0.8294658850417976,2.692915393224513,0.2667100007335345,0.7438631852467855
0.23353063727972545,23.252777599867,0.6112380342892155,0.8085766998336975,1.6051995547776048,0.29092629253864283,0.7218643029530841
4.326500377628212,19.44600134988927,0.45444442919588496,1.0567885729989037,2.7582470432576343,0.357650563120842,0.7540429433186849
3.242713885404885,25.301318227940286,0.5048855886054981,0.9615353875965829,1.4834075095661827,0.22259001558025673,0.7230049769083657
0.7111047267677081,27.48470065943195,0.5793949296363229,0.8277473677117747,1.01525475820241,0.1676315714915593,0.7285246054331461
0.31139302232679505,26.997969560694344,0.6150605629375159,0.7961663504190916,0.938495677702182,0.16597244888544077,0.6917933622996012
0.24601774539272558,25.806908942923197,0.6223766133167158,0.813509973554451,0.9640482976441819,0.1698755137622356,0.7424974441528319
0.2124601693674437,26.890898424869956,0.6654012986057135,0.8147560180135857,0.922342851041289,0.16363763560851413,0.7498666445414227
0.21377825149480867,27.069702361020045,0.6862684755436904,0.8226700791860874,0.9764963718282317,0.16872531423966086,0.6886805693308512
0.2207742998697875,27.670297155518696,0.7121004401367778,0.8208869768928754,0.9848295428519028,0.1728795692324638,0.6942927042643229
0.23329774664023864,28.42424045722788,0.7479955171324683,0.7977542127724003,1.0509102729586506,0.16931451112031928,0.6831089655558268
0.243074003560708,28.49386558348357,0.7570242546836394,0.8021646598752284,0.9565028351874779,0.1752463405330975,0.6870973110198975
0.2559657211908413,28.288490441582564,0.761587218905583,0.840177524336473,0.9881742027525714,0.20054860909779862,0.6902143955230712
0.29747956883093973,28.31075192269529,0.7876699488241091,0.8048996744125416,1.1894635983962571,0.19163050005833301,0.6886287530263263
0.2971363832190144,28.40548297010885,0.7850014462944322,0.8462963342355975,1.1414708763095285,0.19875843574603394,0.6891342798868814
0.31214378802548176,28.278511427718215,0.7940636416614532,0.8275705200424778,1.1800208188730694,0.19585886100927988,0.7018891970316569
0.34182296711091736,27.159187319403518,0.7925379133530543,0.8299937777453187,1.31161548406863,0.20591201384862257,0.7213141123453775
0.3047232343050745,27.167475104891384,0.7835155629876297,0.8025105371499835,1.1652894410303094,0.20915850251913062,0.680109659830729
0.31928621403634233,27.47473604889515,0.7722926454778459,0.8387851266484391,1.1627148505324534,0.21994518240292862,0.6959184010823568
0.3281877917064407,27.3808352495833,0.779122236653866,0.8376894286213247,1.2003743618239913,0.22148297727108002,0.6883707841237386
0.33123115333662495,27.514172902873053,0.7788752885178886,0.8282016023465708,1.2009988155633688,0.22905930380026496,0.7007494767506915
0.3244714946520247,27.274568994941493,0.7636616219805715,0.8430444510758749,1.1401628665804056,0.2510688453912735,0.7208553949991862
0.2970673454665484,26.72116570697241,0.7480475854068374,0.8268743023060484,1.0698861295838735,0.25510072708129883,0.7465805212656657
0.280922577185412,26.124167832414965,0.7376368791871363,0.8343248663001454,1.0153437812748505,0.2723640551169713,0.6911333401997882
0.2773060960799733,25.325628618656093,0.7272502947304421,0.8198836851711185,1.0061092208459868,0.2702352801958719,0.7186397711435952
0.2791196635010518,25.07122251806381,0.7169374903979563,0.8531234491653698,0.9751531592088353,0.2829747647047043,0.7346731026967367
0.28191932142556714,24.842128395567673,0.7107896368729615,0.8583551388453216,0.944639012517512,0.3000992834568023,0.8540520668029785
0.2927748408681478,24.571410202233896,0.7238746407773465,0.8279397680848749,1.02617438708103,0.28989878296852106,0.7863427797953287
0.306439224249671,24.336089063575738,0.7379721034958373,0.8353260261564585,1.089683882900951,0.2774317512909571,0.8262574672698975
0.30574097858908,25.18683296411096,0.7413663239430687,0.842749752248273,0.9895621324232234,0.2828481495380401,0.7938429514567057
0.3023298421987177,25.403377517798077,0.7370295854311392,0.822611401769555,0.9716072419804886,0.285591368873914,0.8164100646972655
0.2986798786148521,24.611129966505032,0.7203552404283858,0.8717447234874323,0.9753289886967895,0.3246301561594009,0.8474657535552979
0.29998877671351304,23.886813715288483,0.7097678250720084,0.8627110782906073,1.0417164846585363,0.32190111279487604,0.8753870328267416
0.28719413375423536,23.91583541226972,0.7065815622500299,0.8351465908132195,1.0328623043236111,0.2872366855541864,0.8617372512817383
0.2669784957603149,24.249820312656805,0.6953762081110524,0.8255584225253791,0.9618763035746735,0.281212826569875,0.7844438552856445
0.25600832958284436,24.627938192164127,0.663651571326093,0.8344286070012178,0.7791249434806203,0.2861144592364629,0.7970722516377767
0.254424635116051,23.555350044576997,0.6392582533977816,0.8569756182098169,0.7057372911838717,0.2748089581727981,0.8158036867777505
1.3694622951094704,21.690435963020978,0.5629509477696811,0.9038400472992993,1.8784617910678432,0.29608217378457385,0.8179153601328532
0.9433023445232763,19.85969006979201,0.5540488830936504,0.8862230715281084,1.947639873196061,0.3205934638778368,0.7220505873362222
0.7209267911465272,20.87829423457426,0.5513323945007443,0.891869198182734,1.8343461315075478,0.3238444005449613,0.6888951460520426
0.8997881706658397,22.446110271284017,0.610374565942401,0.8637212634028882,2.0212660921417536,0.2702796633044879,0.7229870160420734
0.8646481777405163,22.495352329271583,0.6009339337653771,0.858776831767177,1.9408279852098973,0.28426484266916907,0.7224143346150717
0.42081684483910475,23.055037153264276,0.5923927673667544,0.8289192247572558,1.5331368172165447,0.3063115030527115,0.7339667479197184
0.464085247510227,21.20988675689865,0.6753342437760924,0.8331242861256646,2.5359125059423206,0.2743229443828265,0.6910943984985352
0.4518275070663669,24.57050025700651,0.6464557342228612,0.8177177362885178,1.9162299595677954,0.2778565635283788,0.6819265683492023
0.2625381341520337,25.243141207434302,0.658864457756983,0.8232101070385047,1.4549690267272268,0.28367268542448676,0.6947234471638998
0.24314494499808617,24.72445276418252,0.6638876143132786,0.8006908303216074,1.3456098399869518,0.29976269602775574,0.688986619313558
0.20210798693594956,24.444436020808414,0.6688386429092312,0.8151405177070551,1.2288256605435872,0.3095245560010274,0.7111771901448568
0.20281617555832465,24.43526428388721,0.6861104103044363,0.804791758811657,1.2157282694741407,0.3040219495693842,0.7374175389607748
0.19410870771032737,25.048903632057584,0.694052101098262,0.7617983331448658,1.2572221553784464,0.2910459587971369,0.7350172201792399
0.234442585723147,24.725089606844364,0.7256261747098605,0.7501689787760983,1.680401704409651,0.28068054219086963,0.7400957743326823
0.21282841915815776,24.760275101868846,0.6827981429889373,0.7995745376217654,1.448971202252145,0.3047967553138733,0.6880344549814859
0.217879694875127,24.697573490251216,0.6770617551655554,0.8045843843389378,1.475819052575602,0.30924933652083075,0.6834827264149984
0.22362383638835134,24.439290870075165,0.6660838998549363,0.7657668252697314,1.513285060100592,0.30670556426048273,0.7205924987792969
0.24143663052377853,23.968571183406738,0.6727413014996918,0.7757245711833004,1.7223787942086755,0.31464369595050806,0.74446702003479
0.27890883024437274,23.024248771987775,0.6827826311708186,0.7738345486036753,2.0919590334689704,0.3102524230877558,0.7077493667602539
0.4815669212170563,22.08604249336833,0.7211652292930185,0.7981949247542302,3.1689049224632857,0.29531731208165485,0.6870448589324951
0.5310351675955733,19.808279458058283,0.6836086970503513,0.8161010042812761,3.244409329578548,0.3197147448857625,0.68447208404541
0.5233475806584144,21.035573544203494,0.7067583784782457,0.7917342867459203,3.118256354624574,0.2860904385646184,0.7021236419677734
0.31351558811274277,22.030133468465106,0.6737039748911066,0.7864692622121382,2.007457061399364,0.2888533324003219,0.6883708635965983
0.24372497708906785,24.960371168462967,0.6861082372906445,0.7939362664850117,1.5738344300144045,0.2593386123577754,0.7223613262176514
0.6320154549264965,19.583593726173056,0.6714774179390045,0.8435141899373949,3.219766389768932,0.29965454339981074,0.6846940517425536
0.45423264711465067,22.337659182969208,0.7226381325881212,0.7620414964894074,2.6946727405568858,0.26780523856480914,0.6792678038279215
0.4289672725572811,21.537860631448467,0.687800665373766,0.8228035613263073,2.58436674886948,0.3183638751506805,0.7561953067779541
0.4194772264839631,20.678731209625113,0.6776733650221005,0.785713310878335,2.6202636665962795,0.3112170646588007,0.6827436288197836
0.48579539847626574,18.575642334852535,0.6338942157697772,0.8173785493179476,2.8446659951256894,0.34342925250530243,0.6924074490865072
0.42830037783875935,19.45613854205161,0.6496548549416937,0.7947678119570242,2.5886283294504264,0.3288809508085251,0.7134522596995035
0.4633830359165257,17.60163000653807,0.6233188347669821,0.8203457045218029,2.6137554674810155,0.35539012650648755,0.7128557364145914
0.5683550850087759,17.80430621376392,0.6453022684285961,0.8197501897343898,3.038792985775839,0.33758347233136493,0.7188119888305664
0.5216504668810421,18.519323901770104,0.6530656994707511,0.8095781935108105,2.7892147697376735,0.32451563080151874,0.7022691567738851
0.3458625943068612,19.296461871289083,0.6346047448529711,0.8065279735710374,2.0169171509050776,0.3323480933904647,0.7388507525126139
0.284224216424678,20.04315562300349,0.6184302183673178,0.792125165811993,1.6220592898552992,0.32972738146781916,0.6982518037160238
0.31494973186340797,18.369324334780487,0.6037496756065324,0.7840809809066235,1.7570018898287474,0.3382690946261088,0.7242488066355386
0.2642991822176568,20.3268596689441,0.6080904074335122,0.7952460754337268,1.5115766511200217,0.3312922765811284,0.7308921813964844
0.28122773471130647,20.659301256395043,0.6414130219356017,0.7962309793889367,1.6651743636075096,0.31235426167647046,0.7281908988952637
0.2943618764585543,20.861186864360633,0.6632086110783758,0.7962415404154534,1.753601744922797,0.29913075764973956,0.7469100952148439
0.26480955052948735,21.891739075386937,0.6544302158765254,0.7999717374435762,1.5620962972047943,0.2915331224600474,0.6880644957224528
0.2792048495882688,21.646133877255036,0.6614013572218088,0.8298051558553047,1.631408453994595,0.2864116330941518,0.7045759359995523
0.3792105965152313,20.207073423994462,0.6885575662298892,0.7884573860754878,2.064611573343891,0.249293714761734,0.6792076428731281
9.01421508385536,18.801012290973365,0.449230372968177,1.4403059324725678,6.726924562805524,0.3880264249940713,0.6917754809061686
7.511014749550785,23.481571783695756,0.47746274524277793,0.9513372801009156,2.0187146818400015,0.28081785887479777,0.7219202518463135
5.651239739971459,23.98473659346219,0.5005126152260677,0.9440604870804674,1.6964131523117476,0.2678240550061067,0.7234253088633218
1.6024491218906391,25.412310321086284,0.5401841065374163,0.8620346213771022,1.175847239356094,0.23023323838909462,0.6949871381123861
0.6288940586890871,26.26377778779074,0.5837200444105214,0.8031621021893618,1.1720692445753704,0.1820800403753916,0.6899120807647705
0.26528300359383566,25.811536706955156,0.6226835791677295,0.7963000551253488,1.1225833350703947,0.16750385239720342,0.6848711967468262
0.1938764696751719,25.272418429577744,0.6665746593832859,0.8106123806922304,1.0873728816853596,0.16946604351202643,0.7297842502593994
0.18318892481482574,24.332395756717375,0.6730722130241805,0.8076500900355844,1.176784229872409,0.17964564263820648,0.5636009375254313
0.16356084971278215,25.69440137063574,0.6800082354668978,0.8023194889429878,1.1591401339516232,0.17398578673601148,0.5461922486623129
0.17998000691618643,24.6187662403991,0.7185604817544258,0.76656625713136,1.35125229877551,0.1708907509843508,0.5297787984212239
0.17149280416559665,24.57570879422343,0.7241946186820837,0.7877283885420242,1.184616653256901,0.18948038915793097,0.5216549237569174
0.21874663413371284,22.44052348810089,0.7438769043133514,0.798228046099379,1.2878510886616998,0.19854753216107682,0.5167859395345052
0.20795999883893487,22.81792246850458,0.7016852512750731,0.7958766347682754,1.1573788241073717,0.21183397372563675,0.5215072631835938
0.21437435249828193,22.695358472198453,0.6887404516797684,0.7903262911752716,1.1629111383280801,0.22413792709509528,0.5435682137807211
0.20982728849491838,23.790231531478355,0.639589866528809,0.7985472024358327,0.9289631903888386,0.23619028429190317,0.5422530968983968
0.23266252751474814,22.357111635913103,0.6426150679974801,0.8023242155730282,1.1551934507567658,0.23639013369878134,0.5309560298919678
0.23393560011974013,21.391648055724673,0.629258715025937,0.7876811376273013,1.1195003142786335,0.2591956655184427,0.5158228874206543
0.24597228182285977,20.91515846581765,0.6420703185430409,0.7562261391795185,1.203519103671302,0.25719428062438965,0.5170012315114338
0.2812191451286961,19.144835241365456,0.633698480411104,0.8128632283911142,1.33937071790775,0.27556347846984863,0.5172185103098551
0.23893668753590735,21.030018319293266,0.6384391121428403,0.7795248130988499,1.1797151997859199,0.2729810873667399,0.5399108727773031
0.2526647547359576,20.091999292610456,0.6109568999748834,0.8160617206486327,1.1417349021589094,0.29584603011608124,0.5562695662180582
0.2414430345497213,20.5822105047905,0.6166990013575361,0.8309983067756285,1.0945453949986048,0.30387749274571735,0.5372180938720703
0.23003737216080633,21.56583295841894,0.6135523720821802,0.8183384577785254,0.9979244321028861,0.3139019658168157,0.5274648666381835
0.22271059887114522,22.51710012073701,0.6333334420020842,0.8152092123920847,0.9930283893287232,0.30859230458736414,0.5331581433614094
0.22854575397068153,22.777045018917875,0.6289401626884142,0.8046521705780073,0.9262828337005521,0.3133046229680379,0.532273530960083
0.23658629153637944,22.71427590890981,0.6401365450489785,0.8083927982064217,0.9397612308061314,0.318486213684082,0.5498841603597006
0.246609927419665,22.835733341535036,0.640204625786103,0.8139960993176995,0.8857103081460646,0.3229202479124069,0.528918981552124
0.26091057628825665,22.428694711874623,0.6501147350771191,0.8163037462715238,0.9652127717288973,0.3262273867925008,0.520012378692627
0.2714857512907514,21.975002533539158,0.660601835745885,0.7981196751674783,1.0237702595316158,0.31559259196122486,0.5366472403208414
0.3078099133121828,20.86635684839469,0.6723090339899542,0.814926140029114,1.2610663927320929,0.3238687614599864,0.5488868554433187
0.36550613199783105,19.881754083330613,0.6744025788245954,0.8190342640079219,1.5175106718600253,0.3230890979369481,0.5270690917968749
0.41013777476168994,19.556618267818298,0.6802921756330141,0.8170375568415619,1.6615136150858654,0.31452701489130647,0.5437926451365153
0.26443655944249356,22.95055132758092,0.6604045268809082,0.8279955529705031,0.9938869153156916,0.3365115722020467,0.5442047119140625
0.27130984765585126,23.25464714784172,0.6546816343812846,0.8417671684233353,0.9139079515032291,0.3353326718012492,0.5370287100474039
0.29508723683321625,23.38732013556162,0.6866997824839031,0.8461816392719301,1.0331093886629321,0.3270823657512665,0.5178366502126058
0.2791151580606462,24.150334018773023,0.6873378454467097,0.8216526342535281,0.8823751738466393,0.31518522401650745,0.5285016695658366
0.2783757537989221,23.38508396287263,0.6609043883023479,0.8571097750463398,0.6798009295560216,0.3173948774735133,0.548324982325236
0.2790555045832569,23.179011259273125,0.6797782794088052,0.8613640313556551,0.9457997677236084,0.305626114209493,0.5301301479339598
0.14095614282016053,16.061609018732604,0.3134584656802599,1.2469265122024158,1.1549034784407801,0.4744017670551936,0.5546857515970866
0.7750691414379803,13.590877191362457,0.30608560315960154,1.1192781430627006,1.5305237033298338,0.45623108992973965,0.5436999003092448
1.1451135485806911,15.576439182775024,0.3641016058271012,1.1275194188316906,1.7262228448952603,0.43909549961487454,0.5444465478261312
1.0337006850279347,17.2070091967814,0.4434720707041735,1.084112233013174,1.9711076207449656,0.3982619494199753,0.542312224706014
0.3989845528533385,18.036739764922576,0.430326622953924,0.9722895592708635,1.2869643991579085,0.39551474153995514,0.5452065467834474
0.4984881743446679,19.285190568157535,0.5226703712565977,0.9449460157938921,1.9362939279539872,0.34026450912157685,0.5670618216196697
0.7816476504113669,19.391715485291233,0.5854658153860522,0.9496858427385453,3.044922211936365,0.2917855580647786,0.574258009592692
0.6392159933193121,20.72090456948335,0.6159497617224851,0.945051205029781,2.6995821313972965,0.28719733158747357,0.5684878031412759
0.3627444498772796,22.231565073110332,0.5946546839214045,0.9097587251266059,1.8300604742540367,0.29493582000335056,0.5729357401529949
0.24518828893659309,23.26667737731138,0.5886600647054887,0.8269801013801529,1.1550842338450489,0.2956568052371343,0.5417036215464274
0.30564414618103763,23.868644619014734,0.6005988872283539,0.866588975998544,1.1797910760190526,0.29143985112508136,0.5244007905324299
0.25910670188640816,24.079899336738507,0.6395840908823134,0.8334394728203866,1.3821091385868616,0.28389451404412586,0.5267756779988607
0.27901914844997605,24.062954184214394,0.6653379901810615,0.8174835530396143,1.4906021552296702,0.27608315646648407,0.516969362894694
0.2567935294866345,24.572565039027086,0.6969325402916257,0.8003464240573699,1.665960740983862,0.2562946751713753,0.5382390022277831
0.28744582670761765,23.7143396290046,0.7124217141321135,0.7687120816070264,2.041599227647231,0.2487084890405337,0.562012513478597
0.31542374651734156,22.911433200185684,0.6907943769094805,0.8006161575845926,2.0932220389397984,0.2698824678858121,0.5432510375976562
0.2857339003798054,23.70240566705559,0.687304183159782,0.7790628926661661,1.786980088269092,0.25799891352653503,0.5565728346506754
0.26644205986028274,24.433591507774725,0.6642940200896436,0.7565488231491629,1.531460841354973,0.2680761764446894,0.5449997584025065
0.27630824200213117,23.889588621585574,0.6509933027860417,0.75218901808574,1.5229084262443158,0.27671492596467334,0.5623517036437988
0.2785535180800266,23.411232753332815,0.644900782368233,0.7694702299930073,1.724577243543975,0.2922100524107615,0.5459007422129313
0.25732532828603943,23.47138986353961,0.6150159555036314,0.7727493191402147,1.4718920416225318,0.29488362371921534,0.5608348846435547
0.26901575520743554,23.413808447887003,0.6460851076942774,0.7500844678229975,1.6603697569086318,0.27446046719948447,0.5481084982554119
0.3046869139160937,20.917066219756908,0.6199335888244242,0.7862037990941969,1.941581460859336,0.3063822587331136,0.5483862559000651
0.2517002530578206,22.482435566253596,0.6084591023100245,0.7572281152103321,1.5611194966431292,0.3057070175806681,0.5546148618062338
0.25959151227117844,23.1775563282682,0.6352466590354989,0.7518033812023012,1.5597281103683729,0.3039616694053014,0.5699861844380697
0.2710796536317438,23.072056143040598,0.6257666455121076,0.7796706956681124,1.6168325086765563,0.31035862366358435,0.581541379292806
0.32939469098170987,21.79753858742643,0.6696103336525279,0.7915074979553022,2.006217020644796,0.28500555207331973,0.5486254692077637
0.3770664347027283,19.66120290934325,0.6356786776618618,0.7953850879463357,2.166444640591335,0.30443774660428363,0.5470560391743978
0.3169764905127029,20.019428696809303,0.6291114624717734,0.8012649568735101,1.8519354433444242,0.307821457584699,0.5480610529581705
0.2628954714786554,21.42948655038614,0.6167304679586431,0.7836295682022368,1.4852311799177318,0.3110173294941584,0.5594077905019125
0.23477200158031195,22.134255271584337,0.5806608968433714,0.8292992919492885,1.2315307759313223,0.3336917857329051,0.54803466796875
0.2432468759602018,22.59689815251609,0.6173624312918625,0.8260399374439361,1.4087822108971342,0.305957019329071,0.5536303520202637
0.22101274008746416,23.345880578016658,0.5943195177896731,0.8423214946213644,1.1343526868883442,0.31478247543176013,0.5650744438171387
0.25059970879990506,22.666205895486844,0.6653603813583481,0.8213308913944384,1.5752641470670576,0.271925854186217,0.5655431747436523
0.2202061158156865,25.055032275356695,0.6397264092298585,0.8092307012168497,1.1602660816090813,0.28081762293974555,0.5822243690490723
0.23001685744782005,26.156728159317936,0.6770514435914455,0.8107525732434545,1.239045176621951,0.2600557307402293,0.5785133043924967
0.24500774114917737,26.423398149652268,0.7302382012657546,0.8226097428864764,1.4310552271445374,0.2429134100675582,0.56412672996521
0.23168920461453,26.67502057586749,0.7167198927859936,0.8248543657442825,1.3189576670745395,0.25616525610287977,0.5631585121154785
1.026242068657558,13.949321389019163,0.29016996507061904,1.071123960552346,1.6198091163891826,0.4618348677953084,0.563576857248942
2.2612015499669478,16.390642659917877,0.35738228124363425,1.065462323539127,2.236850291709462,0.4378199229637781,0.5692567030588785
2.264932401951174,16.540827910750817,0.3701107803735708,1.067751335403769,2.1768688142458426,0.4485999072591464,0.5765043894449869
1.9382670557600188,17.099510932137793,0.3870336288029186,1.0025576121727164,1.9623062749827742,0.441371647020181,0.5462512175242106
2.7981944246139547,17.601297898102512,0.41186659101897855,1.046486777709905,2.5466070888822965,0.4452969580888748,0.5536522070566814
2.5300673780850826,17.243645469990025,0.3978872274643486,1.0113010391064512,2.363020949111591,0.451933038731416,0.5553197065989176
3.022963185815643,17.797087942443813,0.41247005781074325,1.0682780529308264,2.9183503059529854,0.44611628850301105,0.5679328441619872
3.2187272511766523,18.334192897519678,0.43988080178901806,1.0113776543797404,2.8727225428538197,0.4414256885647774,0.5632874965667725
2.435224728541972,17.782744593305686,0.42922417569523635,0.9817734714047989,2.4910274499355136,0.45737675080696744,0.551775058110555
2.0624824966639888,17.15213142349354,0.4771478290412699,0.9464537653719743,2.735805686103179,0.436437132457892,0.5584726333618164
1.535685750635835,18.17450847528146,0.4562049111291406,0.9168144158052813,1.8767268468841503,0.47033286839723587,0.5528932412465414
4.534301294528993,19.09096529545096,0.5156302131240814,0.9978054074901719,3.1718650466618477,0.43184177577495575,0.5761393706003824
8.39805829734776,19.27645760928458,0.5382076380004089,1.0861431716207541,4.580414255889223,0.41354763011137646,0.5708816846211752
3.673749231819539,19.07297871205358,0.4997547939508425,0.9348765945709837,2.609665083926521,0.445468748609225,0.567881186803182
3.51993881347008,18.676292661815083,0.5031888487029419,0.9270323093785905,2.7275947638492197,0.4496651391188304,0.5654189586639404
2.0733802673929813,18.94062170427733,0.4954710398872207,0.8694130741356153,2.1897022705712526,0.4447960704565048,0.5685990651448568
0.8850959970447546,19.022699843715095,0.4609139740986901,0.8615049318031632,1.58122593336419,0.4565623303254445,0.5593250592549642
0.6287287078324014,18.902673486265396,0.47212813236132006,0.8205776288017095,1.5186116858082428,0.4484514196713765,0.5458741982777914
0.681223547719587,20.345268606158122,0.5164959810555351,0.8213323444085407,1.6525880529245078,0.40756111840407055,0.5530731678009033
0.6907681655207626,22.130595709070196,0.5582642138389464,0.836848625649051,1.7479016397291405,0.37465298424164456,0.5532132784525554
0.2677374661062724,24.787652812439145,0.631306319958486,0.7978236195240426,1.400750842966491,0.31844567507505417,0.5778462886810303
0.8973199265371022,24.437422818113987,0.647781271391304,0.8390615512202123,2.0503413603219216,0.3075823113322258,0.5657622019449869
0.6395899930472443,25.978208547659875,0.6741995986268811,0.8100875885368021,1.69321665182703,0.27873264253139496,0.5540301005045573
1.0385706419060006,26.81756889711888,0.6874040243933471,0.7931665229731187,1.9656119453882006,0.24675001700719193,0.565259059270223
0.7834109801437505,26.010964022286164,0.6903135079972981,0.7829506559113666,1.8485801487997338,0.2569655726353327,0.5404795010884603
0.9886925880773657,26.672223551732458,0.6969031680457102,0.8296695465965854,2.209581524652582,0.2498159483075142,0.54764986038208
0.36499480945923085,25.724223325604004,0.6780728100446685,0.8016553882320369,1.7042189956062959,0.3065270781517029,0.5653773148854574
0.16356458835859033,25.180469434256313,0.6652072443679203,0.7954914821877752,1.50620590889812,0.31674676388502115,0.5738361676534017
0.1845981477262453,24.682633740461963,0.6856488683299892,0.7723629622167337,1.8341448266532148,0.31613091627756756,0.5585577487945557
0.14882499119480808,24.268714547146576,0.6527493122729475,0.8070386148955938,1.6262155180303557,0.35184543828169507,0.5579572518666586
0.14820593868437829,23.55766834907524,0.6402424458360974,0.7735378825726954,1.6369376690955135,0.3464927325646083,0.5733709335327148
0.13478047757177664,24.62870744300425,0.6569563249145165,0.7650579141915178,1.394489043855259,0.34530778229236603,0.5766270160675049
0.27211982551772423,22.632554136199968,0.6992265348242969,0.8048416717544087,2.1019031383132485,0.33083953956762946,0.5754736264546713
1.1894271286249969,28.003287544992315,0.5692782662626382,0.9000227292705844,1.240250474286978,0.15408794209361074,0.5944478511810303
0.34122150269192913,28.337750970600563,0.6062722321719841,0.8703982403620287,1.1047709603815041,0.13011782368024186,0.5703109900156657
0.26570706353444645,27.23324217171258,0.6320754155788141,0.8507615347500113,1.1976884033880726,0.1505868832270304,0.5767703851064047
0.16313592933247817,27.406029434301047,0.6245264286826332,0.8203650225569955,1.0969639389757881,0.17205304404099778,0.5582341353098551
0.10392276089308516,27.42902986054015,0.6441706637451167,0.8074315322058517,1.0441153712531246,0.17289651681979493,0.5394202073415121
0.08440057572450287,27.2685896369977,0.7075161353064864,0.7844432223255269,1.0065313678199037,0.16425264875094092,0.5553268591562907
0.10081063356745919,26.848948771921986,0.7178892985892177,0.8181378364714821,0.8869722893335594,0.17857752243677774,0.5651008288065592
0.11525025025723684,26.800746822624646,0.7397130368814483,0.7934629513166801,0.8804771642445323,0.17435181389252338,0.562850554784139
0.14109766502375565,26.049479534349796,0.7165850682580652,0.8154191675214747,0.8100481420569495,0.18834264824787775,0.5679787000020345
0.15571767623193508,26.385032230099643,0.7297215584369335,0.7871059805072766,0.8794981265444547,0.18784691890080765,0.5580308437347412
0.17270308078253507,26.097735507742197,0.7025031734379027,0.7764266743518254,0.8103168627470169,0.19481196999549866,0.558823029200236
0.18692741510075403,25.37965686621133,0.6817356146071348,0.818331791179813,0.8654986566125106,0.21831387778123215,0.5609697500864664
0.1957173925705723,25.35314907186884,0.6599115874168112,0.8420625825164869,0.8540576859092458,0.24423608680566147,0.5631354649861654
0.20266451029909568,25.359428773287434,0.6698502745225935,0.8322051367639455,0.9278070827163559,0.24556795756022134,0.5387766361236571
0.20805086478608373,26.048625689427894,0.6611419278968648,0.8079810303229666,0.8395631157264704,0.23577948908011118,0.5662161509195963
0.20657544981560774,26.063611584643326,0.6860749972702402,0.7840478363594247,0.9859720274443009,0.22460058828194931,0.5431362787882487
0.2082101875119061,25.611794301752578,0.6586927862260467,0.8142926567410679,0.8580107296610162,0.2542316218217214,0.5452002684275309
0.20413531784488895,26.06125205096171,0.6846494791117054,0.8103592315030298,0.9347385036368444,0.2327923377354939,0.5423230330149332
0.20174786516413493,26.2393723698293,0.6712418259893047,0.8176745633721006,0.8607705110772117,0.25266593197981513,0.5545206069946289
0.190686683913776,26.519508435038215,0.7028464472661246,0.8149305486227455,0.9651439382314985,0.2390576054652532,0.5439815521240234
0.1912228590352337,26.604771076698977,0.6967981746094049,0.8282983567240527,0.9590148140908431,0.2503397166728973,0.5510047276814778
0.19829000573664568,25.673560707565883,0.7012661721734944,0.8143097510241063,1.0709129117366343,0.2502759248018265,0.5389906565348307
0.228346879546808,22.76800541371975,0.6760733372513803,0.833790649102138,1.1897551319918516,0.27366737027963,0.5139703750610352
0.21133236424794788,23.643671972284427,0.6668765524166783,0.8517598545357087,1.05436373959828,0.29191108047962183,0.5423226356506348
0.20230211029499212,23.489765692596247,0.6587954977638528,0.8178472976824063,1.0453018175710647,0.29202628135681147,0.5312182903289795
0.19864455414060542,23.56333582669048,0.6689091612806092,0.8132400058724971,1.0298894709364552,0.3034493724505106,0.5362861156463623
0.21285871267436737,22.411113673363335,0.6583654984140194,0.8169893258401153,1.0666922749208543,0.31760679185390467,0.5353330771128336
0.22839919564093622,22.018349123702293,0.6369199777116931,0.8277561449181743,1.0288080356267428,0.32817337910334266,0.5509683291117349
0.24166525251014323,21.643618187068096,0.6516450733240369,0.799432645107296,1.075314176615029,0.30698568125565845,0.5542415777842203
0.2721350345660207,20.28077821083023,0.6245116526432802,0.8439734729131856,1.0760753119101725,0.3379345138867696,0.5488700071970621
0.24931314074486433,22.383181754678763,0.622547182284476,0.8649264076322186,0.854376327405795,0.34627455472946167,0.5437788168589274
0.2369868528041793,23.309168415203384,0.6315240966990731,0.8559040850544318,0.8669157274599791,0.34669289986292523,0.5500888824462891
0.22593055924127758,24.140442427447198,0.6501673652294628,0.8247500706122269,0.8778196901318469,0.32291608055432636,0.5209084351857504
0.23155261822224574,23.8917299495757,0.6553711989998126,0.8433615599202756,0.9944630928548769,0.32773615916570026,0.5403180917104086
0.23486732598005777,23.774598703655503,0.6560880083058475,0.8550034362444799,0.9892857198455931,0.321478913227717,0.54278031984965
0.22502543853905368,24.23311536168548,0.6465605356091416,0.8728251793083448,0.8858505796969044,0.32553721964359283,0.5425796508789062
0.21462058029939915,24.968020895475856,0.6606465957337148,0.8221238334311676,0.9105173228426962,0.30239108701546985,0.5465931892395021
0.20886207440864712,24.9085639000886,0.6592570803597794,0.8253632083237368,0.9127257038665314,0.29148399333159125,0.5333301226298014
0.20219797377477003,25.390704762065848,0.673158965816285,0.8244329506759464,0.9374260257397009,0.27896105249722797,0.5143248240152994
6.117763797457024,18.099771372603993,0.39673106550666987,1.3227869190309847,2.741169018016359,0.4078998217980067,0.55253799756368
8.75321370758446,19.72662584750881,0.44610754967086086,1.3680431653520844,3.2875655226825966,0.38536279648542404,0.5563272635142007
5.504079135624067,19.863088481771047,0.4494475308490147,1.121010457204792,2.5918843473758337,0.3791048253575961,0.5435791810353596
4.485138395012586,22.330605200244992,0.5202560261801088,1.0626583577300668,2.5606369253704377,0.3076230883598327,0.5420550505320231
1.6132721738975084,22.666354629980418,0.5348795498799407,0.9576935542751966,1.7621926572022417,0.2917106250921885,0.5492122173309326
1.5346947304382423,22.56681180049176,0.5173831071903673,0.862448257014651,1.5270749757232593,0.2974000349640846,0.5256110827128092
1.472232867784119,24.14455313556608,0.5617969066644432,0.8475103747458027,1.6132443336206812,0.2570493953923384,0.5374823411305746
0.450223973619301,23.259223741145593,0.5556543552213982,0.8056193835996687,0.9761746968616708,0.2808317666252454,0.5427708625793457
0.2905519068673491,24.41010153284191,0.6137615226643004,0.8121081481501792,1.0793397026036116,0.2652436171968778,0.5395944118499756
0.24741713916239974,24.777374642885533,0.6785657268557989,0.7779550911210004,0.9981569695125776,0.23164753615856168,0.5510698159535726
0.2914716942076172,25.181034773255863,0.6821747047986122,0.7701966690815123,1.1743170679740198,0.22515941659609473,0.5435660680135092
0.3024461684312048,25.231786456082904,0.6969764486750947,0.7877720863915796,1.3252983997400438,0.22150700290997818,0.5163892904917399
0.31021190658573294,24.983565234077123,0.7066154520379495,0.7522651832025424,1.546366744681513,0.224271814028422,0.5152766704559326
0.29091038200787,23.762298220795575,0.6852072608846154,0.7446255048902355,1.7254034004672942,0.24182811131079993,0.512960910797119
0.3268088009282622,22.99847038084265,0.6884931089189589,0.7891601020736653,2.0946594887216348,0.248582899570465,0.5464150905609131
0.2584908085938518,22.984756609375836,0.6244544839847171,0.8014572273726074,1.6003778604661096,0.2858292013406753,0.5412534872690836
0.44781288778385137,20.951340936310345,0.7001709131160775,0.7637877424227472,2.8147918303070205,0.2515160292387008,0.5375509262084962
0.3014961833057383,20.56892711891087,0.6347141295357034,0.752094568171641,2.030397035226013,0.2704458882411321,0.5603446165720621
0.40346752526634927,19.66705480178572,0.6464788978957691,0.761057011321094,2.4809201755634414,0.26424780736366904,0.5521438121795654
0.6279427507617308,18.507023267831045,0.6797414875029723,0.7838445183320778,3.3117071875749957,0.2570361346006393,0.5558584531148275
0.6079514235119309,19.78265599034061,0.700686302921487,0.8026137965338386,3.270943908330739,0.25517258048057556,0.5391670862833658
0.3359729039572441,20.510067082853293,0.6565133477048052,0.7500445808254034,2.138158464743539,0.2694044162829717,0.5499188105265299
0.38581057617765585,19.944231554327803,0.6577476192318747,0.7830495692038593,2.305585786982476,0.28028953572114307,0.547478437423706
0.2785142267716049,21.750735478724625,0.6505792629588932,0.7746099629749056,1.7152926059740636,0.2854967763026555,0.5612099965413412
0.24346836621156878,23.03494614010262,0.62441417354303,0.7939276468525014,1.4098099519028402,0.2963774353265762,0.5515396595001221
0.24215044794836219,23.89624900244122,0.6385565274360901,0.797659322703809,1.3855277363339955,0.29346734285354614,0.5544559955596924
0.21913565763630108,24.308164780323594,0.6084225768523648,0.8201894611820109,1.0665848987889637,0.29635034998257953,0.5416646003723145
0.2128043317406786,25.104546556557747,0.6335758956278664,0.8095746482581859,1.11109460044424,0.2751914411783218,0.5209149519602457
0.2147273607262706,25.18235152833238,0.628505285471745,0.8361058353417591,1.1183798899015194,0.276419331630071,0.5119282404581705
0.22711784014828176,24.14696992345831,0.6523877097729935,0.824887973993429,1.3105591241853178,0.2617773711681366,0.5092082818349203
0.24812144083332718,22.204538127326682,0.6729777150594406,0.8173602756674511,1.5584342712943657,0.2561300347248713,0.5185457070668539
0.25981908901859463,19.97304047481166,0.6686531724173487,0.7840491993970135,1.5582806153375859,0.2464121182759603,0.5176753997802734
0.2413777429861079,19.57851903640513,0.5597498247735846,0.823556453366613,1.1516336802150695,0.28968356053034466,0.522790273030599
1.855730498413239,21.518738216096896,0.5443775170742046,0.9809457861830637,1.936811195154048,0.29893799622853595,0.587376594543457
1.5203360715077399,21.454359430133476,0.5787364436036071,0.9819479283167145,2.338873539358986,0.2786481603980064,0.5793697039286295
0.5421907048225392,22.096820532430385,0.5760683855398295,0.8834463028412496,1.816564039764372,0.2830474401513735,0.5885423819224039
0.1744149853896327,22.81450400575524,0.5962249192707159,0.8212947461322188,1.3413457350918006,0.2853172048926353,0.5894364515940348
0.16927921554491135,22.8858945216754,0.6147473349019617,0.8068375733252268,1.4839036630286622,0.27459540218114853,0.6020682652791342
0.21037589066921822,22.617682520046696,0.670763909948524,0.8215530090790953,2.038868238484975,0.2520502929886182,0.592975934346517
0.20929853887668784,23.707204515339612,0.6671313872576706,0.7991927113285406,1.7999397929715037,0.2506193518638611,0.5992287794748942
0.18236826261853886,24.82354385814557,0.7017431190361306,0.8196292877408032,1.6082160972691089,0.22625348468621573,0.5891758600870768
0.16793316612332088,25.334613944927707,0.6398379255140864,0.7856239518544536,1.0664735530166423,0.22777921458085373,0.5869547526041666
0.1714512536505294,24.723516442218507,0.6084182481923751,0.7776053442413393,0.9584077995723906,0.24191127717494965,0.5992783705393473
0.20274076382461434,23.959447974756102,0.5850796156048128,0.7932450079765352,0.8046666504787549,0.25645445287227625,0.6016645431518555
0.21716290156273044,23.772336906788087,0.5755431733544857,0.80614057027468,0.8136811594662087,0.2767043312390645,0.5979389349619547
0.21941035157023292,24.178990928930077,0.592298615592289,0.7674888981513105,0.8398983169221661,0.26870645582675934,0.5784618854522705
0.23722744384281103,23.65290739251965,0.5664640695605272,0.7794393516319024,0.7940619997038302,0.27346262832482654,0.5848548412322998
0.242331756469736,23.60628085693185,0.5736601970756976,0.7635455372476126,0.7903132902479983,0.27215496202309925,0.6045997142791748
0.23930885955174083,23.649541798693956,0.5715924872131196,0.7638442796672121,0.8658197559001088,0.281914085149765,0.60274338722229
0.23171506823861263,23.241552866004458,0.603396894307673,0.7536887915181641,1.1944176941446536,0.28832732389370597,0.5965778032938639
0.2220769981513754,24.292921707340906,0.6104754274699292,0.7527360756164901,1.0631338625005609,0.2860444635152816,0.5976277987162272
0.5469575864102364,22.046894473895577,0.7426837525790188,0.8394031463185762,3.0475230513138976,0.2332150116562843,0.5876469612121582
0.3151234354412809,23.252233328220623,0.7055563182929859,0.7874896496948023,1.9860279715568794,0.2561375126242637,0.565630833307902
0.561472416073033,21.714704221536568,0.73334846951309,0.8227218063132886,2.9844380883903967,0.24752787003914514,0.5827009677886963
0.740691512992873,21.197553180925926,0.7396358480981718,0.8472468730926508,3.6469389759081015,0.25646619002024335,0.5559713045756022
0.7418406886176351,21.350140703979736,0.7536879965265539,0.8052260298295545,3.542215650099926,0.2500970363616943,0.5705022017161051
0.7255797472048661,21.0032423395643,0.7474736858283569,0.8316569362007571,3.555475085602327,0.2508879601955413,0.6108961900075277
0.4123047187409897,22.520420779166543,0.7095945557265494,0.8019618469588385,2.268010597853952,0.285399983326594,0.6095167001088461
0.5428973337083209,18.927575231636226,0.6796752639352913,0.8043172477416028,2.9326395267178875,0.2959733009338379,0.6176381905873617
0.37035389326151313,20.199957948558524,0.65647417043088,0.7777894454905562,2.2181508516965223,0.30840656161308283,0.6147094567616779
0.38682153610863645,19.407886115776247,0.6381112672370773,0.8009577929016265,2.2671505991242067,0.3229872584342956,0.6277780532836914
0.29157500935244146,22.577156753612,0.648270662407341,0.7898160460543928,1.726154765300545,0.3181656996409098,0.6329252719879149
0.4260262827903169,20.3710872104301,0.6658225035210892,0.8170237239420327,2.41485167042375,0.3158357739448547,0.6168287595113118
0.3944389514864836,23.12960352422819,0.706125242498671,0.8195968555669251,2.384224987671052,0.3004514575004577,0.6142223676045736
0.30062561828131346,20.232006800899804,0.6425689514358394,0.8168597869794764,1.9355748766075767,0.34129845599333447,0.6037733554840088
0.269200874270108,19.557152111709424,0.5736127862239512,0.8661385871615462,1.524386263567137,0.3732115526994069,0.6151949564615885
0.2654053478238758,20.63144563980781,0.6309580475071482,0.8076333088106259,1.592211402225087,0.32142136494318646,0.6250953674316406
0.24299745581992946,21.01700029967188,0.5982295683340565,0.8308268537759371,1.352299938699095,0.3419748196999232,0.6161484718322754
0.24613236206596065,20.767573148401485,0.6261620211620981,0.8097938406104029,1.3857154302506645,0.32574964066346485,0.6229051748911538
0.17930564554494363,16.173035575063277,0.3002746321115312,1.31113159761302,1.2914034927136886,0.474146120250225,0.5688962936401366
2.272811106965611,19.179049351381384,0.4532893280834862,1.1965087024730385,1.9215239634225225,0.36212146530548733,0.5649256706237793
2.9875745490366974,18.194279335147392,0.4305894704365499,1.0936379405799244,2.0465902586990925,0.3976177051663399,0.5538917382558187
2.102961314599503,21.331530550557172,0.5107001063291258,0.9768599406840943,1.6341250246638255,0.3132848590612411,0.5686955451965332
1.1293039461513545,22.06137970018158,0.49704963544371417,0.8965668900723003,1.1120556171061127,0.3081493874390919,0.5716817378997803
0.5991959753109538,21.590801635171363,0.5039256726733412,0.8708876738713088,0.9580202532711141,0.3100946396589279,0.5606513818105062
0.9398414285307188,20.571931049019927,0.5584542719656502,0.857260680932476,1.51931233961593,0.2932521378000577,0.5650440851847331
0.36963898984769367,21.924469490698907,0.5303816925140034,0.8230970046926777,1.0616828144663017,0.3060337528586387,0.5656022230784098
0.1681155026484035,22.468272652811603,0.5798187748931424,0.8297077159877876,0.9665831867479658,0.2973257626096408,0.5728559494018555
0.13889582780583495,22.41670357982746,0.626933145857656,0.8198262931129857,1.0059286526904765,0.28422999878724414,0.5490205287933348
0.1729520487253343,21.57628855585664,0.6763390193447406,0.7868960693461672,1.272963021165997,0.2490503018101056,0.5702549616495768
0.21413716891099352,19.702812259626967,0.6584088847318695,0.8286038515728059,1.4514278463011534,0.2734562754631042,0.5722237428029379
0.19034303067470373,21.516439230230578,0.6393595571408298,0.8066964115837237,1.1766040506564683,0.2620384941498438,0.5513935883839926
0.1913808436752349,22.317868709745294,0.619459410254335,0.7972537790587942,1.040566193457172,0.2668434927860895,0.5593245824178059
0.19578397884759435,22.61505076389157,0.6009330230166511,0.7938121582562556,1.0514294392289343,0.27507049838701875,0.5641698837280273
0.19602726948049332,22.92626956712928,0.5935895923520292,0.7790529594346546,0.8992375189366841,0.2709601322809855,0.5594780445098877
0.18880813970239607,24.476795933898813,0.6296190781421709,0.8060529822578909,1.038836134573261,0.26456045111020404,0.5483731428782145
0.19115972291679637,25.508187648348343,0.6441873653671416,0.7926252763659063,1.0022994289235625,0.25663478175799054,0.5722998778025309
0.19658224262118576,26.063617724803265,0.6661155263341633,0.8013213708184873,1.0236356683319616,0.2581817681590715,0.5649809837341309
0.20259347507551542,26.046316329737873,0.6465143728467421,0.7920921234850363,0.9326489158729648,0.254489744702975,0.557018518447876
0.21111131438298777,25.511304440418794,0.6412490132642957,0.8119920372245377,0.9701502940259492,0.2658870220184326,0.5580904483795166
0.21802469755632445,25.536438893843865,0.6733126578462855,0.7915239974261953,1.0924330599974,0.2459844996531804,0.5568528175354004
0.22967493320276003,25.33704140963459,0.6801974334844613,0.802571046251188,1.162538616583251,0.2563936660687128,0.5499740441640217
0.23752703781921078,24.895259931156488,0.6747846302750289,0.799923464316835,1.1834977952223904,0.26168968280156446,0.5603461265563964
0.2722469876627136,24.03311175755935,0.7046879882641853,0.8174255114259866,1.40031535661917,0.25033921003341675,0.5464107195536295
0.2912616219165112,24.366330560795138,0.7196277518340134,0.8198678550169264,1.4449519821322092,0.25037796050310135,0.5607782204945883
0.2985106001750369,25.33233847224167,0.7221978174780879,0.8136360458223074,1.4288474839323098,0.2546574771404266,0.5639595190684
0.2677969380120149,26.206029775342753,0.7115937631544597,0.8122402241341247,1.2710461746896875,0.26852694153785706,0.5560956001281738
0.2425737202878195,25.22897662316588,0.6680048881553499,0.787203962283265,1.115691179886788,0.2797828664382298,0.5618352890014647
0.24102546892220655,23.36280739410783,0.6022384167707712,0.805659516098614,1.0910437505811421,0.3181264499823252,0.5638212362925211
0.23550963446332804,22.958610397264888,0.551495668359018,0.8110067358559655,0.8686917086915362,0.3237235297759374,0.5602925618489584
0.2295570606648356,22.827718839849478,0.5440426281620981,0.8332536959314673,0.9129159326925148,0.32254253327846527,0.564755360285441
0.23009297248660543,22.99640277613952,0.5641939598887928,0.8064513999766415,0.935513731134217,0.2913193255662918,0.5859818458557129
0.21721091828291725,15.432763674632797,0.31045256979195607,1.159877829857015,1.0037991325188722,0.4538564259807269,0.5456330776214598
6.024814462240009,19.271601726005716,0.43083137956022965,1.1639496221213004,3.095060898961846,0.3764499177535375,0.5522074699401855
2.505713559846347,22.22118822395483,0.5004196144877835,0.9925512985134928,1.387051660120673,0.2954721947511037,0.5494364102681478
2.699117085090455,21.184394407760916,0.46344155212019694,0.9773234539179155,1.3292773394277109,0.3305607214570045,0.5742782751719158
1.3978817504425045,21.88173135417229,0.5000319151293025,0.908684193610488,1.2299881476292398,0.3175681134064992,0.5818719069163004
0.3596041413505542,23.180787738146453,0.5723354162867348,0.8037616088628932,1.0881924728635723,0.2669263879458109,0.5802769660949707
0.24405185359726325,23.254811232614006,0.5766975980669402,0.8021445420534713,0.9870209232018338,0.27386103073755896,0.5781316757202148
0.23017806385046202,23.15770462397791,0.6055624867278024,0.8111842979197205,1.2404848256775003,0.2650698920090993,0.5651261806488036
0.16628788632648164,24.281030075939032,0.6374116821116944,0.7836559462908891,1.1285450758065048,0.2447426567475001,0.5793539683024088
0.19220272352742587,25.562726277601254,0.6684395208249067,0.814322228454297,1.1603110172166806,0.23416004578272495,0.5600668589274088
0.23448869411629195,24.837923115614032,0.6829781985135702,0.8116662187711697,1.0987757350405827,0.2312721163034439,0.5687804222106934
0.23990856264399837,24.98934708804448,0.642701767527413,0.7942655385178486,1.0146170464666207,0.23842949916919073,0.5520215034484863
0.23715937025327297,24.60595595183616,0.6195779219428605,0.8154712372231966,0.9297774682341716,0.25533748666445405,0.5606738726298014
0.241468443093775,23.982471537051158,0.6277571473699471,0.7849365479249094,1.0545546778611004,0.2503922060132026,0.5657952626546223
0.24817560814382247,22.64766200483238,0.6075080263288746,0.7935604218971987,1.1572458564804997,0.27545188367366785,0.5732603867848715
0.2645188742308963,21.1242713163905,0.5983946657885031,0.7789084876152099,1.2789513468126965,0.2803485045830409,0.5734329223632812
0.25752447627529124,21.335314527395255,0.6074704700106909,0.7378788242908421,1.2386327596372737,0.27076860268910724,0.5682179927825928
0.2624417855977961,21.329391975386965,0.5613821594274419,0.779626595596168,1.084944715985737,0.29684239129225415,0.5515099366505939
0.26751013879610136,21.321677149780168,0.5779575839240704,0.7789467942335179,1.1622295198161658,0.29433274765809375,0.5716768900553385
0.28033376203519644,20.91514114500743,0.5916004048845115,0.7734218083451679,1.270737852491256,0.2883660743633906,0.5587399005889893
0.2838899422073948,20.801661029256078,0.593600484908848,0.7760428229248247,1.317915008382993,0.2905626992384593,0.5580065250396729
0.26934600095545214,21.299345850840677,0.5724204961454585,0.8019239908670053,1.2000121221600992,0.30476245284080505,0.5720581213633219
0.24740791238319226,22.497125117429608,0.552825245707626,0.8152071871230425,0.9073102879779409,0.31727594137191767,0.5345828533172607
0.24522677476403945,22.809170399135116,0.5809433619447727,0.7901909916063827,1.0098855765559531,0.3092291206121444,0.5493679046630859
0.24715212155230779,22.9453950582455,0.5851800074635013,0.7862736905376438,0.9237729295576225,0.3081803520520528,0.5603947639465332
0.25277081587692074,23.226509717847296,0.6034161985063635,0.7926458037223895,1.0196189427652538,0.3027760287125905,0.5490705172220864
0.27580609170814435,23.015228730667143,0.631381383488279,0.8030189867146702,1.199185029377606,0.29100247224171955,0.5501132806142172
0.29709504864908226,22.69049124790231,0.6491771762736064,0.8202011642969455,1.309299029220069,0.2884837090969085,0.5582664807637533
0.2747846528953084,23.679268285171332,0.6496152635648136,0.7743121633598911,1.1230773808018175,0.277480681737264,0.5537861188252767
0.30820307875639874,22.809901074785046,0.6576449572790329,0.8018638121059579,1.3115072566690484,0.279216264684995,0.5409159660339355
0.267608112395256,24.369987461742806,0.6338490225334714,0.8117941549138726,1.0202851374658872,0.30328092475732166,0.5420104662577311
0.2739693056776811,24.20228561427385,0.6581990975165602,0.7939713660937989,1.1312535694551202,0.2828275014956792,0.556883176167806
0.25318142378181835,25.31030719570391,0.6485348276154393,0.8140346519359939,0.9903624860840511,0.2926562776168187,0.5467934608459473
0.24929478002604402,25.400442972147946,0.6633390654402566,0.8120065230871814,1.0969742481621731,0.2683328290780385,0.5425775051116942
0.23860267167468904,26.31306620763641,0.6695258259616841,0.8132411212492395,1.0751478890129909,0.2659151554107666,0.5584143797556559
0.1425154944447249,15.913071805418157,0.31768958517622425,1.2160816032206307,1.1194031294848699,0.4646327942609787,0.543705145517985
0.6419201751632165,15.164870241883577,0.3517720010178738,1.1149375090391354,1.604880145332227,0.4288144037127494,0.5188373724619547
2.826801129172164,16.305141044961818,0.39199747918616135,1.1705958340230023,2.811494067898744,0.4351562162240346,0.5183209578196207
1.5048572523960313,16.61524923352363,0.4029059222097713,1.0970662895681806,2.4913252906527923,0.43015246093273163,0.5233367284138998
1.0717271778879525,15.753870668087226,0.38887608382896843,1.0464635966385731,2.088566385658034,0.44801762451728183,0.5168431599934896
1.034971883242698,16.158016430381966,0.40836010654045546,0.9598364348187713,1.7341206694033833,0.44402498503526044,0.5427626768747965
0.989415160052859,16.617943898483635,0.4207815241238709,0.9889436598082021,2.1344078714390955,0.4393924723068873,0.5158530871073405
0.3145995515943602,18.793621215369956,0.4745805257957208,0.8991193269794682,1.7284176434756178,0.3854069858789444,0.5203839937845866
0.31645629709940415,20.00988727380862,0.4936496928781218,0.8900696406281124,1.1080588641486016,0.3695501387119293,0.5233287811279297
0.1988703759207943,20.59317626094453,0.4875584224457521,0.8541351021230771,0.9188876327085876,0.36975368360678357,0.5499075253804525
0.2020807473006412,19.17950608408268,0.48137046260064303,0.8557027706240193,1.426766218589045,0.3546011596918106,0.5638395150502523
0.21550158741047554,19.29715479279225,0.4841975537246257,0.825635595313465,1.2567347140341665,0.3489273985226949,0.5665318171183268
0.23184420017572324,19.764819556794084,0.49450219608293217,0.8126018338185853,1.4326429447162916,0.3312819302082062,0.5761443773905436
0.22637523958130779,20.38419458478314,0.5154337457499206,0.8010419432140657,1.3572731709550858,0.3232001885771751,0.580585797627767
0.24452969207467815,19.802312374961293,0.49008792248116206,0.8119973658867209,1.4386301472493042,0.3298393835624059,0.5670546690622965
0.26650435499025155,19.35658410985719,0.4567376795930341,0.7969439451712672,1.2436044955476382,0.3459179053703944,0.5703205267588297
0.2500008866874915,20.684655412155482,0.5089690532852865,0.7721754349592954,1.3716160886399364,0.3192959974209467,0.5648200511932373
0.24644875790592966,21.10575171659646,0.5328330813528802,0.8126567409025167,1.8505160493059087,0.3238755911588668,0.5436712900797526
0.2899612377734744,21.0887757808612,0.5777824812936424,0.828793809278627,2.3407723214838416,0.29723750303188956,0.510181744893392
0.2521110946161907,20.27906455929536,0.4922992977142209,0.7944483077859323,1.5313097576780346,0.3347000703215599,0.5188532670338949
0.25349301722166634,21.121079200213185,0.5361821189946588,0.7903151308811752,1.8188120251151203,0.32156961659590405,0.5129203001658121
0.25880998263038507,20.704900318390255,0.5133550759112724,0.7929628776241398,1.5984458720511352,0.32160773128271103,0.5253268082936605
0.2699097267295516,20.468482477187482,0.5234529724975251,0.809353253785894,1.8097220887274956,0.32980763415495545,0.5088881651560465
0.33002872388422627,19.885287543819118,0.5496268174898513,0.8387075319137683,2.4161337755996564,0.32587821284929913,0.5193138122558594
0.2659486304924254,21.35911077754581,0.5620200327630734,0.7802202451487387,1.7436435260869985,0.31678032875061035,0.5260451634724935
0.27271598643111883,20.58060450618066,0.5427171226901998,0.7777170355639877,1.7477769598862671,0.3169407621026039,0.5567835172017416
0.32020157321173115,19.963696231890154,0.5585159838830104,0.8275984875509649,2.1995484358193367,0.3196517725785573,0.656527598698934
0.33950596356352686,22.231683226038655,0.6418686762431522,0.8251672932905781,2.5922605189471404,0.26737556109825766,0.6247377395629882
0.28808687827750706,22.034373043343816,0.6231545951169445,0.8164397290348292,2.2656316639845397,0.2784143636624018,0.6515971819559733
0.25315341949384373,22.419465986284283,0.5913945794754394,0.8185861061693472,1.8641886324158132,0.3001187096039454,0.6433925628662108
0.23023715574813516,22.918812256134302,0.5731403054376846,0.801432792694499,1.496158684499248,0.30340812603632605,0.5457339286804199
0.239037458903773,22.412226990347435,0.5545271959819297,0.8113830281590172,1.5026961106579002,0.30683168272177375,0.5281492074330648
0.24463702056889106,21.612277647033952,0.5636806487862576,0.8286837476406971,1.7301056372711026,0.31052198509375256,0.553736686706543
0.32612890798329847,21.413446746673333,0.6449777217679661,0.8061773222096623,2.4325980972913954,0.2621910100181897,0.544575055440267
0.10937814173027476,16.960018035812368,0.3076776172406012,1.217287739703207,1.0086350445122874,0.4761479645967482,0.5332977771759033
5.762296721297154,20.518317678592663,0.4709812043617822,1.1138142231026946,2.966782713406707,0.33950816467404366,0.518130381902059
3.0693939469894023,22.206842478357846,0.4897207533363402,1.0129049529223304,1.7265442532450723,0.29748820513486857,0.5270911057790121
2.676577851634336,21.333867991413808,0.4668827005993614,0.9735843089894415,1.409144336250458,0.3205065007011095,0.5172709623972574
1.709411142727343,21.517677842407377,0.49211957082536334,0.8933964845409119,1.2358032166053243,0.3147008816401164,0.5157935619354248
0.4811121874150597,22.354371690969298,0.5485986875120227,0.8333978996905902,1.1362760641334915,0.2886312852303187,0.5399003823598226
0.2712328608089925,22.071342368721655,0.5849091796127781,0.819750193846489,1.1786985261944503,0.27862041443586344,0.5203705628712971
0.17258647440170008,23.42807279163125,0.6123885529154438,0.7920823776233421,1.0031108833415658,0.2617831006646156,0.5199467341105143
0.15955562924177238,23.1998452368191,0.6457591495954301,0.7898754227273814,1.172201246608156,0.2525595277547836,0.519723097483317
0.15171027252586358,22.848813886034197,0.6354798675219951,0.8049816160575154,1.1107041137018607,0.2629901419083277,0.5236689249674479
0.1903014181595913,21.548001560858808,0.6483252393487119,0.7783788599248948,1.2494485325726667,0.25850474834442133,0.5179688135782876
0.2311389354949319,20.317302595227087,0.660562646597029,0.7892963708216647,1.4489359259499823,0.26852889855702716,1.342549482981364
0.2540722690360669,19.95609555985705,0.6218453355167491,0.8022787963891318,1.494693440032673,0.2751031219959259,1.4142141342163086
0.24272593075808654,20.390363068942687,0.5873201484899946,0.7920873330893352,1.304690941109252,0.2760386566321055,1.5049395561218262
0.26099870536799785,20.02759825034411,0.6172037015761712,0.793727332915155,1.5010097209193336,0.27532624701658887,1.41029159228007
0.3088749110396557,19.36504802118114,0.6367696811310166,0.8039562001206041,1.7106384444680647,0.2748649517695109,1.373818318049113
0.2512805138919923,21.07486692341641,0.6330231454944829,0.7618170260205165,1.3552324289190676,0.2633604804674784,1.418176571528117
0.24949226492957446,21.255260323082396,0.6204285955410027,0.788592554362554,1.3098008276432946,0.2867394189039866,1.3135058085123699
0.2440296468940131,22.58706598100875,0.6115751447058031,0.7886321224281384,1.1960064295990227,0.2923095524311065,1.431899070739746
0.24974024154689464,23.371880792601555,0.6458530084290515,0.7840690722475431,1.2327550655558717,0.26654963443676627,0.8812746206919352
0.2567265238694546,23.36103274156835,0.6543422104209687,0.7708551740818734,1.2322113949455968,0.268645981947581,0.8037996292114258
0.2507216110547863,23.20713089370483,0.6115417448088848,0.8002848608193016,0.9637473673213125,0.27820824086666107,0.5325481096903483
0.2691056680133505,23.250631161139413,0.6537447131877357,0.7675216761925788,1.1872383210844017,0.2731584881742795,0.533232847849528
0.2596415090450927,23.37325104358955,0.6048019042331597,0.806329623911156,0.887011088390274,0.28774676720301307,0.5325237909952799
0.2688134504310948,23.61767149340849,0.6339784224673707,0.7899776788986493,1.0510637336571445,0.27292760213216144,0.5244943300882975
0.2725616911366045,23.39619532241437,0.6027471543961366,0.8100784139401133,0.9287153262271287,0.2837345898151397,0.5438222885131836
0.27405485294171633,23.110293854339684,0.6081500111327955,0.8346883179334442,0.9810399562147198,0.3000311901172002,0.5438332557678223
0.29031291593605074,22.813119168849465,0.62327855308755,0.8018282719587694,1.2276206475268612,0.2833468317985534,0.5349496205647787
0.278116661082709,23.614356983125088,0.6152701912641322,0.8345698247308269,1.065680825430192,0.2959778855244318,0.5491883754730225
0.26805991245317123,24.326884697267673,0.615520743937076,0.8017448392613796,0.9780632983331174,0.27800436317920685,0.5335567792256674
0.2735354383442879,23.791259172825153,0.5886046586216085,0.8150794778042091,0.861015663027998,0.2771155188481013,0.520970900853475
0.26877012484954615,23.32341629875329,0.5737186584107662,0.8268448167372457,0.8567454437497961,0.27224169671535486,0.5282739798227946
0.2711791733953707,23.131395598592306,0.6004325720487262,0.8062269985828233,1.1150634263907437,0.251076320807139,0.5320444107055663
0.259580942448169,23.79306573876005,0.6011111974337628,0.8062392548834402,1.0951618679488975,0.24018680552641547,0.5322767098744711
0.2505916099786027,24.106196227792093,0.603882549901831,0.7800376197563909,1.0464450943031596,0.22649278988440824,0.5260446071624756
0.24465558650454844,24.013014432649996,0.6025589024282468,0.7907210215215055,1.0092226419699823,0.22931781907876334,0.5320493380228678
6.434922920880479,18.663187795219454,0.42939137754321094,1.4138847919262172,3.1068898098383317,0.4058383802572887,0.5538756052652994
3.105892390269933,17.595743828290598,0.4001537052657879,1.2369521571204214,1.6982745492931375,0.4215382660428683,0.5237063566843668
2.648607730595369,17.237606934227006,0.4068955329230041,1.1826915136147216,1.7369082530476156,0.429608829319477,0.5398666063944498
2.2440315838998504,17.33799371274195,0.43522472987498967,1.1072535630458311,1.7774352585999198,0.4243913069367409,0.5311691761016846
1.4535147055053856,17.880191513240487,0.44451406725451714,1.0390899872481023,1.6337618855821274,0.4108901272217433,0.5443383852640787
0.6093050670540899,18.679678563034727,0.46540296253969043,0.9014255982440499,1.2689939794980354,0.3829760452111562,0.5337556997934978
0.5979079477564068,20.476572142926283,0.5729565890498142,0.8788861755801451,1.9057805779870318,0.302484513570865,0.5276252428690592
0.39386749898309975,21.599958967971656,0.5506876957020325,0.8088738748502564,1.306273699061162,0.30459792166948313,0.5258273283640543
1.2496758949478581,22.21774103908176,0.5160810748713495,0.9357280172475541,1.4720661352257007,0.3087861438592275,0.5174627304077148
1.066613595010433,23.40558841786826,0.5800254891572815,0.8849336975599938,1.6129690882245893,0.2764576201637586,0.5253352324167887
1.034850020385136,23.681807658907932,0.6062781021835809,0.895811654518119,2.0131882296195442,0.2653874134023984,0.5188611348470052
0.8553220952229701,23.064196631997238,0.6492100413442599,0.875547828111873,2.5223326647776942,0.25277082622051233,0.5303348700205485
0.5769200473372205,22.463769382728284,0.676403320257957,0.841747798565328,2.648701366636006,0.2604421451687812,0.5270966688791909
0.4863686128552145,20.91194828091142,0.6784207356565126,0.8621611678365003,3.051690898352595,0.2834488054116567,0.5240994294484456
0.4318803867232936,21.293884738736637,0.701584844738726,0.8366173808540097,2.9020162534514653,0.2734218140443166,0.5266450246175131
0.30110922782065375,21.487702492057423,0.708322300857044,0.8032263856059441,2.4800949309815787,0.2654610524574915,0.5233067671457926
0.2068648405058604,23.816435378102128,0.6602795832892169,0.7916327984381608,1.5530936645089504,0.29637642949819565,0.5261003971099854
0.22982320132780354,22.73647108284167,0.6859589805647764,0.7679330448234243,1.8548981972844611,0.27765753120183945,0.5158607959747314
0.20658691231237106,24.462002119503826,0.6739985328283438,0.7508072639244182,1.463555134999341,0.2671896641453107,0.5300331910451254
0.22725767249663675,24.91966097983124,0.7000800015954997,0.7264520815741822,1.6124060504723772,0.24998861551284787,0.5317282676696776
0.2663893137442127,24.446405277245614,0.7217456964325383,0.7433578354054363,1.939536835147251,0.24082230776548377,0.524083932240804
0.3656701734201919,22.14246700596929,0.7088564593403288,0.7978282202661294,2.4823002108196275,0.2613749007383982,0.515755812327067
0.4909810369324437,20.308104603498972,0.6789052273182236,0.8257837308825877,2.9722164744187403,0.26570634047190345,0.515614906946818
0.5276765434334622,19.721502298697732,0.6735266169293362,0.8422822200991332,3.1150433977950454,0.2744486679633458,0.5222009023030599
0.4055656899944453,20.59300426819058,0.6540353786818404,0.7910673153122983,2.446471880431332,0.27798443287611,0.5278104941050211
0.47071002767844355,18.56654033487239,0.6303306843835328,0.7902328575896229,2.711673490824474,0.28309011956055957,0.5225462118784586
0.4640008777473466,17.932702162816604,0.6071908255402263,0.8281333457532062,2.6904618311763255,0.31213666001955664,0.509554942448934
0.2989585454728922,21.260584927083144,0.6398458798717933,0.7651235331899019,1.95259947520574,0.2784379223982493,0.5257658163706461
0.2470898032972755,21.7726540110293,0.5772117098273518,0.8076338398443151,1.4819362628924893,0.3192458202441533,0.514396826426188
0.23625773545433823,22.296224750151122,0.5567282548589843,0.8215243543262583,1.291580161833533,0.33106368283430737,0.5205546220143636
0.2472000410092415,21.12591924144183,0.5666742685369296,0.8114622880775856,1.4161988867279958,0.32771696150302887,0.5211904048919678
0.24210699553451265,20.70975253289357,0.5615217302425836,0.8196155965505638,1.3394461529696258,0.32664659619331354,0.5256425539652506
0.3680026988664169,18.23135733132664,0.6133179718890707,0.8225863071140017,2.1256799658323824,0.29982953270276386,0.5107427438100178
0.49571907817025335,17.724815463574203,0.6380794488633111,0.8044689840073831,2.605618361818356,0.2809490909179051,0.5118517875671388
0.3219351758830142,19.65783986077869,0.6354744882478663,0.7935928218788938,1.8615841023706299,0.2619872838258743,0.5129690965016682
0.3315390726063417,19.490183203541367,0.6378277162001158,0.8054888823256309,1.9498781456873961,0.2592050433158874,0.5153336524963378
0.374110060300515,19.17373570012988,0.6603375931872807,0.7856469724151803,2.1334961656922826,0.24219602843125657,0.526047945022583
0.33187582788464703,14.539759225630677,0.3197609162741383,1.1502514881939823,1.1936319347410982,0.4456745187441508,0.5296913782755533
4.110409905055424,16.89164333044712,0.39839930692266207,1.2628188045920117,3.3405193955369796,0.4215965569019317,0.5250893433888754
7.957167735427156,19.458145353235825,0.45254678637582835,1.3228429624635067,2.8385660525203247,0.3871645803252855,0.523320198059082
5.8119924799095815,19.421066626510207,0.47794041275874566,1.1553408989589233,2.58811895277083,0.35846106708049774,0.5164229075113932
2.428407049243941,20.343705843463727,0.47473063914956887,0.9889257204172708,1.613885415041475,0.33900129050016403,0.5275769233703613
1.6996360694121766,20.378620216873745,0.5611160417139801,0.9323615806788405,2.369310223869151,0.2765424139797687,0.5222196578979492
0.3682871626920696,22.282929707719376,0.606742620275999,0.8378541111246823,1.6915442220072217,0.247736910978953,0.5305225054423014
0.30537198047759034,22.779575284961652,0.603563814898178,0.8193213584107196,1.5430214946068812,0.2532508273919423,0.5232959588368734
0.35343785985736126,22.607100771830996,0.6323311482626766,0.8040787823533483,1.6416852211926567,0.24807423601547873,0.5298660596211752
0.21868503041018225,25.40591886247712,0.6402634231786282,0.804958895632443,1.075947293465967,0.215221715470155,0.5189943313598633
0.24896284689456918,24.681231909980806,0.6023970594100452,0.7943740442707082,0.7986929649167706,0.24288972467184064,0.5316370328267416
0.226468663693273,24.823282349155203,0.6099983383125741,0.8115266192786653,0.9424929189317116,0.23874734342098233,0.519892692565918
0.2763345980606387,25.401892935188386,0.6231316247433706,0.8430865726706527,1.0842801604507808,0.24503422528505325,0.5307072798411051
0.2394869745929105,26.208827407753642,0.656258868314167,0.8165011354503516,1.0955115370292272,0.22452981770038602,0.5151792367299398
0.2187088176008988,26.318183723155617,0.667197760084277,0.8137574160470553,1.1196154741728708,0.23241096238295234,0.5223662058512369
0.2151283406003516,26.065098351693962,0.6880271648560417,0.7997042796963761,1.2296378036527051,0.23744562516609824,0.5263868172963461
0.22486018408720557,25.60313446754422,0.7178938027583858,0.7638906128750097,1.5146196484344971,0.22992515067259467,0.5310683250427246
0.20744424639413309,24.34874163699509,0.7001048740995189,0.7429242950630023,1.5102437985671202,0.2470124363899231,0.5223418871561686
0.2443524860018782,24.825281978287446,0.6896253778937619,0.7451988792576295,1.5267819812794239,0.2589038262764612,0.5335732301076254
0.23372001317029947,24.237354539347322,0.6733013135689235,0.7497421538181724,1.5200162461912579,0.26048548767964047,0.5253378550211588
0.28103736536921864,22.8593565842114,0.6908320298309643,0.7405763091992551,1.9425003594881851,0.2581517547369003,0.5260711510976156
0.23750637568954902,24.811283322035724,0.6677745959111991,0.7596971259368513,1.466073225609599,0.2582745626568794,0.5165747801462809
0.23980244483959626,25.715410740434105,0.6794488120960139,0.7768037911669748,1.4454794175489347,0.25964110841353727,0.5248673756917318
0.23145863846931294,24.564735261384147,0.6510390145475572,0.7644564251949378,1.5294541358239933,0.2723680833975474,0.5316884517669678
0.2595267669355896,22.385209027903,0.6382834097473568,0.7730733501622354,1.7307321035915706,0.2841736276944478,0.5173177719116211
0.30309819588225567,20.094628460391455,0.617231005479204,0.7586492614045275,1.9274434217734369,0.30190924803415936,0.5123129685719808
0.23519842534656688,23.716990971028366,0.6441635248634026,0.7693625913592351,1.559017184650467,0.27925998469193775,0.5170395374298096
0.2108891149887023,23.30701737704105,0.5833604212018682,0.7713659883204266,1.2289752212774225,0.3129349599281947,0.5248702367146809
0.2345662888125828,21.809590769943796,0.5865639483394367,0.771068852171427,1.4491357792125188,0.3121932993332545,0.5238753954569498
0.3063201179691909,20.120985122851284,0.6050741869980584,0.7861415248933077,1.9441271063702903,0.3110511501630147,0.5222977797190348
0.23405460545976584,21.519763459680732,0.5879475588223486,0.7782818709548721,1.4331647335502433,0.32565440734227497,0.5170315901438395
0.217553262592738,22.226040557273905,0.5783874584141938,0.7515930042417889,1.2257751368398737,0.3111109137535095,0.5261154969533285
0.21106138852702414,23.188445508144827,0.598527116299143,0.7669484311235059,1.2399277120365284,0.3049691915512085,0.5217188994089762
0.2177150940370546,22.3655077759956,0.6019463720609387,0.7763392690238509,1.2945608910997766,0.2905606279770533,0.5224908987681071
0.22135003934257388,22.64793940885002,0.6220193309812835,0.7828423374285073,1.3693712041104351,0.27095161378383636,0.5160694122314453
0.26677228411730214,21.072576038968496,0.6383800402724124,0.7888815977421878,1.7155427652210433,0.2624178429444631,0.517049233118693
0.3458098713255759,19.397355937808907,0.6790083048650007,0.7769321651303794,2.1801151013810824,0.2602320710817972,0.5270324548085531
0.3005080961263816,19.259300477604864,0.6652220172172479,0.7974129895282598,1.9693788716760252,0.2661353796720504,0.5264638264973956
0.15784979906447663,15.389106929872915,0.29450892732042827,1.1366141975135262,0.8668069255936631,0.4760261153181394,0.5468029181162516
0.33703670836987215,17.761154820466363,0.4157244992742742,1.064635236905529,1.3202352068775165,0.37038570642471313,0.5184321403503418
0.24390165380083695,21.551074591097727,0.4895413368792923,0.9303791291716368,1.0443020321542533,0.3281971861918767,0.5247314771016439
0.20407924290516932,21.62769594329716,0.5334237953498356,0.8891339615267745,1.278145667343697,0.3153039440512657,0.5155659516652426
0.19796597642634325,21.978755514744844,0.5445810109864553,0.8438781854285494,1.1601416173127423,0.29275482892990107,0.5178774992624918
0.21315237954587665,23.548652711621074,0.6520032031136553,0.8534537262636515,2.0540983859562583,0.245760162671407,0.5279189745585123
0.19554431370292139,24.28222348220076,0.6547576443769755,0.8059457819856203,1.2934071108792518,0.2395559847354888,0.5130821863810221
0.1830541549114727,23.370928862176708,0.6450836244973867,0.7849602575346263,0.9197330397678355,0.23986887931823722,0.5155897140502929
0.2045887694888503,23.64262810868603,0.6448570925422672,0.7595289640894064,1.0082654472195636,0.2169545739889145,0.5132190386454264
0.227748409180109,23.361678035003575,0.5827482493011408,0.764498229604107,0.9651238588798218,0.21968969206015262,0.5133255322774252
0.22571028834041781,23.7871767603016,0.579051756699823,0.7812414309848247,0.9216332653797461,0.22301729520161948,0.5120287736256918
0.21861003244027644,23.50289523428431,0.5855513761797747,0.7753226436897922,0.862058916067165,0.23786852260430655,0.5127646128336588
0.21698269199536915,23.391823085006166,0.5859743278967265,0.7778115541700653,0.8892705344766666,0.25992203255494434,0.5092229048411051
0.22800867022437812,22.752223054843117,0.5600040000080838,0.7787516789543444,0.8868761346815232,0.2746318380037943,0.5193809668223063
0.22465619261290903,23.30037540195245,0.6031541634544849,0.7727131598767597,1.235341668622719,0.2787952348589897,0.5205558935801188
0.2507419917346186,21.858414880055445,0.5981922995061276,0.7816891893824064,1.5675783290561711,0.29178742567698157,0.5134526093800863
0.2661251497130986,21.56737306369511,0.6203020247191925,0.7571324510281903,1.6242916495075364,0.2821827133496602,0.517851193745931
0.43978420283075687,21.088563088598175,0.6973942879720587,0.777336983256205,2.5872091876892314,0.26665021479129786,0.5175334612528483
0.6394095033937102,19.991995138915097,0.6981226714730501,0.7822243200144979,3.2629431733437357,0.25586416075627,0.5067424774169922
1.6992907737850318,18.861035767803568,0.714244955798546,0.9375928361639977,6.226678368000807,0.24654036263624826,0.5180147488911947
1.5341220570633016,19.451239823967963,0.7123465975709032,0.9236727936237831,5.78549799906322,0.23489068945248914,0.5069379011789957
1.1494277958529306,18.67520518936941,0.6970796536991538,0.8761127999739194,4.887873912880832,0.2562077244122823,0.5039270718892416
0.3865201678465231,19.08865536642998,0.636914217236477,0.7614086950561574,2.3183511093617315,0.2935694977641105,0.5154613653818766
0.6912391034266078,20.32544730053093,0.7128903110957471,0.7982354035902843,3.631740119181849,0.24616936842600504,0.5105989774068197
0.6213755521097428,19.16053485681742,0.6747565524073348,0.8124057917683124,3.164806669372584,0.26731125017007185,0.5146586894989014
0.4293392192126406,19.550555008551274,0.6570104618332891,0.7818230950076616,2.527093703871342,0.2940607815980911,0.5113675594329834
0.27544218633755463,19.004664830288778,0.6006003678238305,0.7869729885572996,1.8086670268330742,0.32406508425871533,0.5198427041371664
0.27970473972717996,17.82540781535538,0.5707628165034366,0.773819165184883,1.7802838574426698,0.3265456706285476,0.521053155263265
0.26748420380574867,18.621862711228772,0.60376329675586,0.7787026949320527,1.7203949930400284,0.3022745201985041,0.5183939933776855
0.2831743434368694,20.383752352958954,0.6617297563912115,0.8070010112073849,1.8510132388610998,0.2745149681965509,0.5156878630320231
4.3225325442381815,17.96531972737127,0.4290421204308201,1.3186241576437852,4.0255671603842815,0.4061257690191269,0.5346601804097494
0.857010354248839,20.483422302814326,0.499413144761461,0.9818029362578349,1.4536231064506835,0.31407533834377926,0.5286374092102051
0.4148448729986954,21.06826797153811,0.5424144674267667,0.8883574448402518,1.3330922830284737,0.3056317791342735,0.51820174853007
0.4700165582867382,21.199514130820905,0.5365729800699731,0.8689644002686,1.3471339999173255,0.31055773049592966,0.5268402099609374
0.307923210766816,21.84401293416219,0.5483011099204512,0.8632571114433393,1.438718401579531,0.3021623368064562,0.5263254642486572
0.1918181678239911,22.978057798925988,0.5944818629998859,0.8263287123748967,1.3113619368456766,0.27691152443488437,0.51889967918396
0.1519480646325251,24.900391506137,0.635773193070598,0.7562111194323342,1.131742354522986,0.25001164525747294,0.5258158047993978
0.1516150978394364,23.538003845910584,0.6228688901455514,0.7873448781882028,1.172782272749598,0.26487711071968073,0.5114368597666422
0.14905851619384528,24.46858532986647,0.6384396149809205,0.7894827930020204,1.146105151677025,0.2723999445637067,0.5202414194742838
0.19575315570878615,25.38521707700819,0.6560720357547325,0.788402950287571,1.3729634584143176,0.26214987039566034,0.5256567001342773
0.19052071798633738,24.962433717744464,0.6506758086694598,0.8178203195782979,1.292976099823649,0.2707742551962534,0.5241859753926595
0.22189575472604495,24.086697665743873,0.7135085640683099,0.8051943630492128,1.8731967243244343,0.2610294645031293,0.5202383200327555
0.1847267694196962,24.44995925827963,0.7029116487648256,0.8023129630918769,1.6530374269041748,0.2762447049220403,0.5271958510080973
0.20813802933843104,24.761833706195148,0.709437286981565,0.7786398248974654,1.5594547644612138,0.2676494220892588,0.5734103520711263
0.2017667598260587,24.765762222209343,0.7047345080786558,0.7658229406216716,1.5205294525951312,0.27470641583204264,0.6079432964324951
0.19899607341826817,24.62264679057671,0.688731664336432,0.779050338018778,1.4112120387924385,0.2816607778271039,0.6394186019897461
0.1964387532591486,23.259257555763668,0.6438361499743496,0.7617521834131017,1.13816065169812,0.2953467816114425,0.6242523988087972
0.20672872000489664,24.736208908981382,0.6848192084784349,0.7716868807951021,1.4695092118401203,0.28564182917277015,0.6344377199808756
0.22412965580275312,24.166384833655087,0.6949577253904655,0.7581364084339427,1.686992184552109,0.2835647314786911,0.629973808924357
0.24871852090389046,23.506276448421747,0.7005546663829559,0.7679877003878,1.8611098522262697,0.2827944556872049,0.6325244108835856
0.3129104537109782,22.157764094325387,0.7069693498951916,0.793840808473953,2.2180320285239223,0.2848921567201614,0.6321500142415365
0.24460119424179946,23.479934647178307,0.6755079795449004,0.7600922121736282,1.703924686413145,0.30042572319507593,0.5752927462259927
0.22459709455173638,23.572615812028932,0.6353675528625277,0.7966279288401509,1.3952990382985482,0.3220447351535161,0.5982756614685059
0.7712256643441125,19.650246587060888,0.7311321643190962,0.87131776588775,4.240566035164619,0.27280532320340467,0.6337828636169432
0.28704259981596686,22.660263449039046,0.6862655488604329,0.7722492942736552,2.082060625978389,0.305131251613299,0.631171703338623
0.23666599138962283,23.6533320153171,0.6460701938544933,0.7662309530884658,1.5525342983065606,0.30257488787174225,0.6339531739552816
0.27156909334034834,21.5615286662696,0.6342990882522989,0.7997812217107426,1.8663533431496049,0.3202265252669652,0.631803035736084
0.28212589805574834,20.44291475258998,0.636035797089619,0.7724084013984577,1.9796284559494959,0.31550543506940204,0.5807285308837891
0.26898966181234396,19.770789738273734,0.6216693611407244,0.7719532416133923,1.8924284672528306,0.33190839489301044,0.6408027013142904
0.24570905905935994,20.19855517025805,0.6255092080293928,0.764831739150628,1.6933870740552621,0.32614944378534955,0.5927664438883463
0.6480601776307182,16.774247738332377,0.6450513693191603,0.832260997494207,3.2412054484515966,0.3276637593905131,0.631324052810669
0.41710321661722444,16.233174648974067,0.6046737877650165,0.793191179266881,2.3087214163337384,0.33692772189776105,0.6449354489644369
0.3344341099407923,16.6845904365989,0.593799397956663,0.7834491381679048,1.9229089368855006,0.3304078380266825,0.6352175871531168
0.4099016680976475,17.433914329204168,0.6258357960163979,0.8033471296304358,2.322385939726804,0.31156376500924426,0.6330335140228271
0.3172492560073889,18.11788450482301,0.616423805220241,0.8052496270650971,1.8808442701405144,0.3160221527020136,0.6306399504343668
0.3380109261176008,26.05569725945523,0.539332314211578,0.8809023563136877,0.8205268010497306,0.21797617276509595,0.615043560663859
0.22597272226705947,26.791357233891972,0.6065024896814417,0.8281442435362356,0.971274072932739,0.20504276951154066,0.6338035265604655
0.14213679382552155,28.3342115920901,0.6759964051942982,0.7966718431587548,1.0349017129268965,0.17569179336229956,0.625489870707194
0.09751457822318971,29.83622641318941,0.6901533962489451,0.8061480828266475,0.9174120142586338,0.19514333456754684,0.6253251234690348
0.0945407403474665,29.13986673019527,0.6961049448397286,0.8469239788194919,0.9332794856126575,0.21646598974863684,0.6295150915781657
0.10068115883748159,28.345668193593824,0.6978566973649762,0.8093669284724441,0.9689239216630957,0.2421264549096425,0.6467123031616211
0.10610073715773288,27.202060436661498,0.7111599748628673,0.8213721022228273,0.9118916227241319,0.2651847501595815,0.6392201582590739
0.11542877701274007,25.972940415435456,0.7285659831904815,0.8054634399320065,0.8325331443092902,0.2873353560765584,0.6239097913106283
0.1243430093858418,26.018570926632865,0.7416227215988532,0.7892554245759205,0.8952913979450804,0.2909819334745407,0.6396540006001791
0.134905694882031,26.184302738001012,0.7498249435895676,0.8041314364275541,0.9183438635506044,0.3055459707975387,0.6332545280456543
0.14566545659267255,26.168076595963615,0.7407298165264097,0.8221934365661933,0.9862141654686657,0.3121848007043202,0.6484038035074869
0.16750873819527046,25.020116646006198,0.7553139937608168,0.8140875260473788,1.1175484308427324,0.305259495973587,0.6363926728566488
0.1794279925855333,24.846305455588432,0.7560164993996757,0.8373633291633422,1.1177960622547076,0.29586270948251087,0.6264050801595052
0.1915487572048796,24.205809502544707,0.7654081064398741,0.8187666057064443,1.1912085707099684,0.28613211214542383,0.6222983201344808
0.20401114642355697,23.827915609812084,0.7676252828328415,0.8019497964539983,1.2665547445900216,0.29278102517127985,0.6215377648671468
0.2035259445935659,24.145289097629433,0.7762602555064814,0.7946846133327843,1.2538626027011912,0.27777514855066937,0.6326640446980795
0.20212872230368553,23.761944476561798,0.7743059300370202,0.7986092191612918,1.2408274408805549,0.2748696953058242,0.6304990450541178
0.19956613055991915,22.72350845906011,0.741303518888342,0.8184927207176012,1.1718860695426285,0.30205320815245307,0.6282866795857748
0.21241312624447162,22.53759776139549,0.7523176864733623,0.818547952498108,1.2630636612523287,0.27953830858071643,0.6188180446624756
0.21606244295068985,22.343809824036995,0.7362395633224096,0.8039138961656596,1.2336629544245763,0.28751960396766657,0.6193742752075195
0.21443290570834087,22.4822947868002,0.714406116172826,0.8045802076234615,1.1432392037925296,0.29560669759909314,0.6255728403727213
0.21403672300095886,23.001421952537964,0.7108351074829352,0.7923599841676606,1.1265482311889767,0.28464742998282105,0.5987161000569662
0.2143694072214767,23.11333453549521,0.7001570137274987,0.8174626226046251,1.1000144921986648,0.29019728799661,0.6238884925842285
0.21719452013986373,23.18372863386844,0.7060827997352414,0.7849230411109942,1.1051340278007522,0.2866074939568837,0.6259804566701254
0.22882426651769375,23.125174019406582,0.7120538127876904,0.8134914667302455,1.2043003606070801,0.3038216133912404,0.6153425375620524
0.22574946416312236,23.573289766115327,0.7320204613803346,0.7974238729280154,1.2138945431673729,0.27294314901034034,0.6203238169352213
0.24264891541082997,23.6068001942913,0.7469831466488687,0.7907290561110409,1.3879145126765533,0.2635053098201751,0.6291788419087728
0.22897060291821977,24.579008285389218,0.7594509876332932,0.7964012804087863,1.3976195620868268,0.2541208614905675,0.6188636620839437
0.20729768212455146,25.50849737735126,0.759819561292891,0.8017077627906639,1.2732124312174917,0.25304885705312086,0.6261600653330485
0.22882950264312207,24.767703474149112,0.7635195388068133,0.86789151473717,1.3959520575934883,0.25852262973785395,0.5380477905273438
0.21516630367151612,25.22101662029745,0.7658126323943195,0.8150664046003463,1.3361406714941024,0.24767490724722543,0.5170016288757324
0.23180117226999197,24.6482593494008,0.757490753771227,0.8692353861607703,1.3680433422557872,0.2798164188861847,0.5229775905609131
0.2167218622058079,24.217572017983926,0.7390740615998149,0.8205711732787503,1.212642359294823,0.29243513941764826,0.5178186098734537
0.2175145844341646,23.67332971889202,0.6995804544373985,0.8504242808426948,1.0646744678382432,0.3168819149335225,0.5238999525705973
0.23942577901815768,23.18727137132633,0.7236156076602804,0.8324623393783184,1.200173955888246,0.29849851628144575,0.5139368375142416
0.24112746273474248,23.057846775891374,0.7184149367000817,0.8464388995641157,1.2061873128998393,0.3139610439538955,0.6233112017313639
0.2175608847490543,23.842800770418155,0.7003642135951967,0.8377026073286387,1.0364709920140218,0.32013173898061115,0.6297044754028321
0.19440431001608627,14.314747424833973,0.286427003309508,1.120452850142879,0.8344384692667147,0.47353089104096097,0.6382123629252117
0.6426600519977463,15.292481905742946,0.3421247832923777,1.14735910851473,1.744740011659134,0.4382225573062896,0.644381046295166
0.8454293292252776,15.896271796598024,0.36962373682270927,1.1349338469024077,2.0417652235620993,0.4356782957911491,0.6335901419321696
0.6697085781399791,15.873005514837834,0.37769620364435214,1.0684243120203591,1.8470681774038062,0.42948172986507416,0.6103352705637614
0.85021398712498,17.428107499877516,0.42241517456099104,1.0758554802883278,2.1499295634705526,0.40111943085988355,0.5320873260498047
0.5995310694973107,18.215417523697223,0.4421878557749574,1.0340766238413999,1.924108957497997,0.38730569183826447,0.5400231679280599
0.3243612060582148,19.601195533898558,0.47947015723431113,0.9585070892579507,1.6802433573893938,0.35645714898904163,0.6000765959421793
0.4202112053460529,19.7715673734942,0.5042033485871604,0.970675423908705,1.8817633843022283,0.35315838207801176,0.6169342199961344
0.27455642905322236,20.052803779638953,0.5091667155299692,0.9325739286478507,1.7170383468240606,0.36604313055674237,0.6280426184336344
0.287146840905885,20.242872012619927,0.520763572652199,0.9303206631083634,1.881646856276741,0.3648745318253835,0.6281062761942545
0.15836439621321197,22.457008192680338,0.5698872070506584,0.8730684404658433,1.6738399523809804,0.32732417186101276,0.634152332941691
0.1657018262547299,23.721764676296896,0.6092424607555138,0.8442775732731409,1.604637023477328,0.2974749952554702,0.6346096992492676
0.18470400385316477,24.668224769026192,0.6790580612275874,0.8870980735628557,2.1497713625187487,0.26608848075071967,0.6224970817565918
0.18878123817041828,24.96093493321104,0.6668688975410085,0.856661626727432,1.83091398565385,0.25674015035231906,0.6176015535990397
0.20937565494995813,24.308621766720346,0.6330137967623763,0.8388937466374436,1.6959317850477245,0.2689779351154963,0.6441373825073242
0.3328000720837474,23.142566582807092,0.6745247926023364,0.911036900516546,3.163291866011653,0.2490950673818588,0.6223835150400797
0.23417037380800276,25.30824846906918,0.6911322462444383,0.8095986879422311,1.8452392589730848,0.23936534424622855,0.6280053456624349
0.2258521939460607,25.37289593683443,0.6968711994663698,0.770226246642603,1.6443330655372177,0.23659183333317432,0.6104187170664469
0.29860241121397896,25.706337428816678,0.7474604753175188,0.8354493049471738,2.538304289490615,0.21400696039199826,0.6370658079783121
0.3000302361701605,23.083582000510646,0.6440415411075319,0.8066565479866387,2.205837545900076,0.2518909772237142,0.6396573384602865
0.3307190648121766,22.58021464946975,0.6652133668157508,0.8222329026352583,2.638158132043599,0.2602613195776939,0.6390899817148844
0.35140520090658606,22.690608267473923,0.6751662753974159,0.8332607229314802,2.818567091277377,0.2524138540029525,0.6577708721160889
0.297233417581423,23.397361410411566,0.6477720892027802,0.8202979943910469,2.3431019130306914,0.2612132554252942,0.5955427487691244
0.24751813704148726,24.58458204370298,0.6541344735439713,0.7995520020379479,1.9744018665681207,0.26675350964069366,0.6374200185139974
0.2903467554979106,24.793434268430673,0.692134506033959,0.789045957822155,2.3647462858385535,0.2502897481123606,0.6198311646779379
0.3158244979222246,24.46320536235523,0.6914122287030312,0.7819975026835939,2.6145951453499596,0.26226842900117237,0.5918613274892172
0.35592049742048665,24.347524249573272,0.711169009618934,0.7754773337580847,2.9334409929784684,0.26313409705956775,0.6465797424316406
0.49237895685147454,22.985256902604437,0.7326449467710335,0.7599902112655185,3.6193012596165115,0.24106016258398685,0.6395704746246338
0.46313957415184404,21.013065976795883,0.6912637950845476,0.8260013258414701,3.4157829174597474,0.2811592320601145,0.6276835600535074
0.70180854430741,19.439676603973364,0.6826229586707191,0.8455379308762008,4.549767972221265,0.2828458547592163,0.6314073403676351
3.4991821583990554,17.245810125560208,0.43143055771672084,1.208618860431306,3.3287872068459348,0.4165772746006648,0.6003371874491373
2.9209883975079944,19.74674840642051,0.5014422030115878,0.9953956585481384,2.4386211163168667,0.35061766207218165,0.6278066635131835
2.5061999062475606,17.52252742168416,0.4474592038508052,0.9879954967010739,2.283500268736939,0.4251224646965663,0.634348471959432
1.3663523167536489,18.310150194699816,0.4536731096164348,0.9610420011494861,1.6601549736349366,0.41309001793464023,0.6295503775278727
1.7895990271470297,18.868265530592605,0.4630986952855923,0.8999300350453653,1.5112960124584296,0.39610835909843445,0.6222232182820638
1.638232662466027,19.938428203637113,0.4936313730806929,0.8808437855691421,1.6906781905684163,0.3729039455453555,0.6423670450846354
0.6407620590663003,20.530921039034776,0.5434928130254518,0.8566236832911613,1.7189161678194413,0.3387414614359538,0.6470499038696288
0.5234608043733523,20.308994540363596,0.5739781724285186,0.849604858390121,1.8572192243384364,0.32398971418539685,0.6300183137257894
0.1590313694540255,22.006130400367933,0.5597110888787866,0.84294647416525,0.8401339439321859,0.3541191766659418,0.6378899415334064
0.15303707980498646,22.667325419488517,0.5915293185547589,0.8137540372570952,0.9010256150371126,0.32988040645917255,0.6281753381093343
0.1497053142429112,23.236416580688537,0.6208984160953821,0.8136826576960715,1.0021346728498852,0.31612475713094074,0.6263288656870524
0.17593145558635123,23.728358403800375,0.6969288902467915,0.7840495283858693,1.4434907587155905,0.2737296695510546,0.6521006425221761
0.20104348394393576,23.9609835258323,0.7146862639167552,0.7877984638420777,1.5250530515446474,0.2576227088769277,0.6410520871480306
0.2689110579897067,22.7301313407804,0.6993752858308554,0.7808653436399254,1.8112809448646334,0.2601509938637415,0.6546394030253091
0.26665137018378765,23.414470463090936,0.6866878169557215,0.7662686911658084,1.6493397225095434,0.24581574648618698,0.6559919516245524
0.2720046151121364,23.945993002986132,0.6721751210711226,0.8036379368758756,1.656658773209834,0.24156255026658371,0.6531211535135905
0.2616567537438185,24.480578052852007,0.6769159940295527,0.7268260181576234,1.6548031839293913,0.22783432404200232,0.6492493947347006
0.4517382213795133,22.11182437343427,0.7008474386760314,0.7976132525289263,2.8836706600791424,0.24135243395964304,0.6617416540781657
0.3435173818416615,24.293019948368396,0.7280685546965783,0.7582535594939376,2.56744700104606,0.21954028556744254,0.6478914419809977
0.28255592476382746,23.350142140254352,0.6688599437894466,0.8053204455963802,2.21384612237042,0.2615079705913861,0.6399130821228027
0.24721816943421956,24.27446143917685,0.6500421739853544,0.7723907635879644,1.8688110610243551,0.2595588862895965,0.6450051466623942
0.2329498513233491,23.847350284341115,0.6369573288085023,0.7474358674191345,1.7178669930092572,0.27206867188215256,0.6356805165608724
0.2242634785688379,23.763489966656206,0.6022787876953192,0.7599611374852565,1.286876958830763,0.2935820321242015,0.6459426085154215
0.2231562589131165,24.271906682964218,0.6019544106820272,0.7912088809459575,1.1648492527301892,0.28822829077641166,0.6611917813618978
0.2226335540839145,24.85236179448098,0.6183563194145517,0.7760879751213677,1.2806398391881857,0.28274374703566235,0.6572678089141846
0.23198846875449516,24.851760990363932,0.6401533088032835,0.7872182120037432,1.4867954737224818,0.2730737378199895,0.6917469501495361
0.22724470184247433,25.606320528595955,0.6487878302791282,0.7859818993425831,1.419777232968853,0.2680942838390668,0.6632121404012045
0.27803602521419374,25.94035654985507,0.7110246560943491,0.7728792646041088,2.06941051630005,0.24504716694355003,0.6552266279856364
0.26902972689881,26.861332516701168,0.7226796093676265,0.779939395262721,1.9938920512617233,0.21947593738635382,0.6670286655426025
0.4174241327929948,25.59391617018481,0.7614141152993178,0.7905958293709539,2.9370693721779197,0.20329580207665762,0.6483154296875
0.2957096994761506,25.82242437745334,0.712669862193365,0.80664338883511,2.127563871735703,0.23628603418668112,0.6624661286671957
0.47970691197950605,24.481702069437507,0.7555959873436914,0.7902841226633844,2.9870184119198258,0.22375352929035822,0.6610682010650635
8.520143563045156,20.06140266455162,0.45494027990570257,1.1778510731309835,3.2452155153943267,0.36580255006750423,0.6515494187672933
1.6604872580384322,25.512872224299286,0.5221722234251177,0.9039666579362629,1.2189090626239443,0.21628906081120172,0.6725195248921713
0.9569102440883582,25.443578778431363,0.5302292607481828,0.9025943746349542,1.2306386377454785,0.21009059250354764,0.6622045834859213
1.3836731058049567,24.478162940145847,0.522548337425173,0.8724831251843757,1.1055103110520956,0.25357196231683093,0.6664703687032064
0.7288571359106563,24.066273218157036,0.5353948787843942,0.8283645815885642,1.0098065954346078,0.26018646856149036,0.6561668713887533
0.38350599342072705,23.741822815670414,0.5519215796263701,0.8136518993214326,0.9409949918605888,0.26007244487603504,0.6593990325927734
0.40661219150280464,23.13923664240463,0.5648101844138829,0.8136725111991874,1.1791589692922384,0.25265283882617945,0.6661678155263265
0.3595952484246871,22.703070916521767,0.5473920033252392,0.8261332589452083,1.0630669859163437,0.28336385637521744,0.6628531614939371
0.19094941133812704,23.40225049520569,0.6828942816299947,0.781878132551823,1.0269424917987064,0.2300864333907763,0.6632464726765951
0.226750360527655,22.387830081399688,0.6115604988081872,0.809413530036201,0.9769193135816736,0.2402787059545517,0.6583991050720215
0.23363604118860704,23.297969118901477,0.5741095308361389,0.8105026092217477,0.8669611809686373,0.2415510366360346,0.6528862317403158
0.23035620965571582,24.231873961222988,0.5765539443472214,0.8097142918093628,0.9329660191486636,0.2401233613491058,0.6757659912109375
0.23469876431037653,24.83357019510119,0.606024725029998,0.7760232646249748,1.0405644445526079,0.21893771737813947,0.654595136642456
0.2387623874091904,24.40762405106359,0.5913681253167163,0.7942329081818297,0.9809434672232599,0.24052843948205305,0.6648309230804443
0.24467580732229524,23.78674431355829,0.5781966965502585,0.7788590850693846,0.9474248403110154,0.2523644119501114,0.6594847838083903
0.2516758362109379,23.149536270629323,0.5719237356711169,0.7952123851525258,0.958312294813438,0.25645880401134485,0.6884422302246094
0.25684225666955185,22.50903420794973,0.55122794145682,0.8184773956623544,0.9319813333727599,0.28627840181191755,0.6579179763793946
0.276632935642914,21.13529341012574,0.5658447593774777,0.8009650945686286,1.1500899680387107,0.28895559906959534,0.6657346884409586
0.26238140620056205,22.313840271743203,0.5853971161194398,0.7656400581773318,1.0616617868823173,0.27599568665027613,0.655741294225057
0.2594412077170389,22.88161191488119,0.5811852077725576,0.7846325929367524,0.941801567762206,0.2813679973284403,0.6544535160064697
0.2676164430583779,23.09861952553314,0.6075162687271364,0.7872742698743208,1.0203626198986662,0.2703071559468904,0.6336376667022704
0.27368112961270735,22.88687519671924,0.6349525003942978,0.7659699962648311,1.1309047718302656,0.2676440601547559,0.6739165782928467
0.27645580947874615,23.40918676846023,0.6396812410159308,0.7958579556050869,1.1148529720624025,0.26787768304347986,0.6872227191925049
0.2725697405278263,23.920887485241725,0.6129028615165291,0.8217618112627553,0.9734762550015349,0.2809886385997136,0.6775778929392496
0.27361608183496094,23.976408149634096,0.6192872458362744,0.8122681592073481,1.0067040892863632,0.27571997294823325,0.661702553431193
0.277548797030206,23.76783793508695,0.6435903129094122,0.767296902465907,1.0712175875699061,0.2615547875563303,0.6567316850026449
0.2767529555610833,23.65453714757768,0.6230934274187426,0.799105154792886,1.022133302191559,0.2720222224791844,0.6877755324045817
0.273218916354038,23.776632695687656,0.6081771696531892,0.7975595966383545,0.9257541498960373,0.26752973596254975,0.6772137482961019
0.274467229175462,23.264831013489243,0.5986581903807361,0.8397228557481594,0.9147068054340773,0.29370522499084467,0.6669987042744955
0.28496023231903694,22.67839243790118,0.6299860428738102,0.8041399171652106,1.119803603061363,0.2673443009455998,0.6386347611745199
0.16971822245775015,15.88247920340161,0.31682644574010704,1.2324150276150876,1.196131987420561,0.46869416286547977,0.5942472616831461
0.6171589268563604,14.01149048662125,0.3243048026289795,1.110455457905349,1.4227472790706173,0.4402150486906369,0.5784021218617758
0.9502541575914245,14.26791627328726,0.3385426523284165,1.1136928078704047,1.6921980651268977,0.44826511045296985,0.569815476735433
1.078456739939939,14.754168815727153,0.3526024725833448,1.1265833087983752,1.9472544052562624,0.4537144973874092,0.6015917460123698
0.7368079052375135,14.180751521671143,0.3444305032489541,1.0543065727807652,1.5572245687627617,0.4620669310291608,0.601492404937744
1.1971214639237058,16.930383878235176,0.4241977332262756,1.0705437574731411,2.4712615999179532,0.42967167496681213,0.5706930160522461
0.5911792115949308,18.79758100159195,0.4794820884726411,0.9410526540341809,1.9388774763354644,0.38915474464495975,0.5867094198862711
0.30958096626957277,19.125454421900802,0.4718771934115317,0.9197723861740661,1.2339936724454557,0.39164611697196955,0.6002614498138428
0.2450464683196606,19.36174828307777,0.49301254735857974,0.8887415100281193,1.1396379376293593,0.38563857475916546,0.5864285628000895
0.2314987720471866,19.300536684121095,0.4761665026969319,0.8813619674403022,1.1354218935423042,0.3983474175135295,0.5776632626851398
0.16486612996378933,21.002970952094888,0.5438306443559061,0.8304603306197818,1.1508659636948988,0.3507427101333936,0.5778605937957763
0.16972778926128992,20.97607359492952,0.5435281277733465,0.8293673887914256,1.392595285266229,0.36629968384901673,0.5886437098185221
0.16543908352575779,21.450510636860603,0.5581328601827024,0.8091397093048429,1.27870248133339,0.34736296037832887,0.5841684341430664
0.18416893294424316,21.050279559085613,0.5482236647404174,0.7992209692904857,1.2324389493790513,0.3426833599805832,0.5734489758809408
0.1945718366348375,21.219299051550422,0.5590586880293839,0.7734602632801684,1.2572551930496163,0.3351632207632065,0.5943038463592529
0.20020517572321128,20.89954409453627,0.5472391306398877,0.782715392432444,1.2057017544386195,0.3385396550099055,0.5735642910003662
0.1982479924501037,21.89028458109058,0.5774052035536109,0.768718285986559,1.5274283874590149,0.3187224889794985,0.5908729235331217
0.1944592285062733,22.074653752431008,0.5863511349340362,0.7837188462262002,1.6728847019848219,0.3223266005516052,0.5601805051167806
0.2065655162969174,21.857071130624202,0.5872769748467234,0.7911289841359931,1.7858499060747233,0.3400741294026375,0.588782548904419
0.2213756103647424,21.663890682290944,0.564112940222789,0.7920541167787295,1.6937977761556569,0.34417636692523956,0.572559118270874
0.22118875401330426,21.569340381638852,0.5671105130329678,0.7876791829193422,1.6302802328934394,0.3558546801408132,0.6116606394449869
0.2239180047868715,21.034363111026323,0.5341073980591485,0.7882133915812624,1.5811685859740725,0.3703271547953288,0.5756041208902994
0.2250176766340027,21.18333992160427,0.544106216765255,0.7739802238844019,1.443072831746295,0.3518022745847702,0.5737055937449136
0.22068388376532644,21.247681402908253,0.557237939418078,0.7797235283415307,1.617464202331039,0.3579440514246623,0.5763689676920573
0.2293871585568316,21.23685736427049,0.5642010138454633,0.7841254620360455,1.7919368245469283,0.3602423369884491,0.5974438985188802
0.27430472152605884,19.867839371251126,0.5862305237314243,0.8068239321234506,2.2963678261326677,0.35238316158453625,0.5708041191101074
0.2240088656777338,21.036244257845528,0.5488297966435368,0.8071618179433898,1.5474198475711651,0.359027236700058,0.5579779148101807
0.23653607295332657,20.277881586317367,0.5384518220702416,0.8102939896710861,1.623571091563539,0.36579858760039013,0.5630510648091634
0.25910548693553936,19.547278436105906,0.5584630059075718,0.7931844685681178,1.798937682906976,0.3428088227907817,0.5797882874806722
0.36081693328078873,17.791877520629452,0.5797737572533385,0.8072347297538803,2.464347184257661,0.3379358798265457,0.5772991180419922
13.783414923901434,20.227801087684004,0.48260196934138117,1.4081581926307718,7.71075754850727,0.37435276558001834,0.6750059127807617
1.8414539732417916,28.779696003772813,0.5473646235981026,0.9246603292768293,1.1022158792203374,0.16138275836904836,0.6625272432963053
0.5688690471971072,28.876767171143612,0.5541243530847698,0.867528757712793,0.9695592420250859,0.16447492068012554,0.664381742477417
0.2266664708790783,29.68811108295289,0.6304099084380298,0.829289332778847,0.8609393259940772,0.13531375179688132,0.673873504002889
0.19113008763661263,27.02799371117727,0.6560211723757186,0.8120344229655089,0.835146527751046,0.1571861455837885,0.6597344875335693
0.18487921618628086,25.25073595043563,0.6992478304871228,0.7909918963771987,1.0024461431777654,0.16759918381770453,0.6462909380594889
0.1700257581618443,25.515592461481035,0.685849266913617,0.8247100674210772,0.9807295743488312,0.1907476683457692,0.6501245498657227
0.16590998539869162,25.13345004574725,0.6977873216570872,0.813089250036899,1.0168928472887842,0.20218162486950553,0.6409103075663248
0.16614514275585848,24.941912843943026,0.726687960313153,0.7956047339393094,0.992242259126454,0.20822088668743766,0.6325155099232992
0.18564716760752606,23.20822761504306,0.7452354613485556,0.7748793490969347,1.229182784179898,0.21780414879322052,0.640087604522705
0.20879460015313897,22.33599699753626,0.7386295905634207,0.8048476229709763,1.3097358346594363,0.23274399340152732,0.64797576268514
0.24647579267885647,20.59263662793189,0.7470142256580848,0.8205576573101477,1.3958482405456314,0.2486906399329503,0.6568705240885416
0.2636107102911202,20.119634009420338,0.7405528694515899,0.8277673910802763,1.4399201932549353,0.2552175323168436,0.6583025455474854
0.21037891987800908,22.67418126639456,0.7124908278555822,0.8144212547098256,1.1032808793689521,0.26280326644579566,0.6744224230448405
0.21907626008791684,22.54931967953141,0.7152107543662848,0.8263734755561094,1.1507936234924838,0.26872148116429645,0.7015165487925211
0.26107903599705656,20.870578198849447,0.7185156572567415,0.7851854798176171,1.3676231724922185,0.2756972660621007,0.6737447579701742
0.24250782906011015,21.800214624984022,0.6905476477825089,0.8073111583055826,1.192224962478425,0.2910498728354772,0.6577422618865967
0.23151912303503552,22.47290146804561,0.6861358963047062,0.7759103432390559,1.0843048688164096,0.28298328320185345,0.6542546749114989
0.2304794505181221,23.145696703886973,0.6754463264460288,0.7963882911509929,1.0265838539344576,0.28661584357420594,0.648769696553548
0.2303008063198162,23.695584368842123,0.6468363951707087,0.7905028431977047,0.890441867929103,0.2976263513167699,0.6460347970326742
0.23397163322751624,23.468329925561093,0.6482966638068189,0.8121173034216099,0.9555386736158415,0.3049103269974391,0.6702389717102051
0.23718020179814067,23.438480790853163,0.6478041615105863,0.7769296278431818,0.962400225265616,0.28406571348508197,0.6488113403320312
0.23240435220611924,23.374848173771948,0.6386181452250429,0.8127769218325067,0.8959661624055388,0.32697381079196924,0.5991621017456055
0.2462205151318649,22.93639235368431,0.6087572518980296,0.8290389691526378,0.8373475378922346,0.34266844888528186,0.6666007041931152
0.25553970207213017,22.567306074969167,0.6384308467989558,0.8054158796305657,0.9521554789110773,0.3241680810848872,0.6469884713490804
0.25235325677879267,22.711278977984993,0.6300717624541967,0.8044885929683678,0.8862892673679799,0.33129024505615234,0.6690781911214193
0.2537422229141302,22.50107582431232,0.6097531996856804,0.8157588939457128,0.8149402612396051,0.3375042776266734,0.6368012428283691
0.25159050094144214,22.959435792529632,0.6306092795000363,0.8266847098686846,0.845484718739011,0.3306868771711985,0.6488494078318278
0.26053363374728794,22.5061497940326,0.6377002637861697,0.8526482566305958,0.9481223818673162,0.340875839193662,0.6656332810719808
0.2883549855435383,21.493295835835166,0.6527522160275466,0.82272387738409,1.143474373979316,0.32920904954274494,0.6499327023824056
0.2777140709461435,22.526628532209788,0.6693151287610042,0.8215836132863492,1.1044459143339524,0.316297044356664,0.6456232865651449
0.2522290016396663,24.232058578958174,0.6485330648274176,0.8599638438044278,0.8162707565415911,0.3291623145341873,0.6417011419932047
0.27105146860908563,23.455119247661596,0.6658406908526555,0.8504674671856002,1.0481736009826,0.311620424191157,0.6389250755310059
0.24831664407478837,24.4429807031872,0.6465830564733438,0.8300560481133109,0.8573521001746487,0.3079963773488998,0.6556365489959717
0.4325541330270653,12.678713165958671,0.27791726085579366,1.0795749257199119,1.030001026821791,0.460732139647007,0.6662333011627197
3.886800479333628,16.407814142935774,0.38398523480902175,1.116120914561937,3.5910543392262233,0.4356466929117839,0.6459576288859049
1.7149437809202366,16.85676064102296,0.4053956361059721,1.0384274232264248,2.115184878169475,0.41342332959175115,0.659178892771403
0.5143066277149803,18.77642510338738,0.46622881302504066,0.9339593711501104,1.56162301447753,0.35455107937256497,0.657695452372233
0.2887652103686548,22.230535529022145,0.5534630976666187,0.8557705029297763,1.3969918692955705,0.29206057886282605,0.6523812611897787
0.34203465021310603,23.343457757675566,0.5860823927307665,0.8245325604045277,1.4260779560016692,0.26797697196404136,0.6660972436269125
0.18687640080712908,23.806767729248634,0.5716810780101725,0.8228927104291025,1.1434867824476629,0.2896971528728803,0.6582364241282145
0.16618459183935033,23.524865774762816,0.5974755127184331,0.8120020094692549,1.130611301927424,0.2754676192998886,0.6692893505096436
0.1627244415970443,23.7263718833505,0.6312624180149012,0.8514344403459013,1.4618565191716624,0.27064342300097144,0.6416083176930745
0.17508451563614383,22.91171915820817,0.6008366560999115,0.8345645511068313,1.2372995560341364,0.28704430411259335,0.650357405344645
0.20320178216625986,21.684373525313475,0.5664521425313916,0.8135417275922597,1.2745898159059055,0.3106395701567332,0.6667397816975912
0.21832259905156412,20.885158459033484,0.5405555061873506,0.7987304788587393,1.1266468159899958,0.3140087376038233,0.6690744558970133
0.23468036316958987,21.32008466682532,0.5451313601128528,0.7842736912161916,1.1592327699716913,0.3032759726047516,0.6625777085622152
0.24867312986073534,21.352691299417955,0.5366242348255197,0.7726894024570585,1.1328112715276026,0.29488779604434967,0.6716787815093994
0.26143036369917255,21.146865056778466,0.5238090010455074,0.7823473083751873,1.1186430675114256,0.3026018142700195,0.650763193766276
0.2638843902812927,20.91906783457105,0.5151313597649485,0.8025327126790623,1.2269355311663004,0.3120536307493846,0.6848076979319254
0.25234952262890376,20.576392774144253,0.5325626426635033,0.7788912897490133,1.6843053073411571,0.3128173649311065,0.6589463551839193
0.26058204743534313,20.72007249020098,0.5267644659803667,0.8025341417892689,1.8142541598432,0.3252120713392893,0.653777281443278
0.3113078382377494,19.2127652676034,0.5347450337805788,0.8251472387101847,2.409580011838966,0.32641524076461786,0.6838982105255127
0.24743566094338307,20.321165328367552,0.5031382616049186,0.762536295532943,1.381876222270182,0.3331949959198634,0.6521450678507487
0.26130998366411534,21.04023814575435,0.5388748709172734,0.764332654158714,1.680169115495713,0.3197184900442759,0.6590867837270101
0.25030886240676026,21.353394402628584,0.5192434736141994,0.7677018466929818,1.3769382313520457,0.3288670827945073,0.647497812906901
0.24681801929924826,21.25106897281198,0.5186862895572864,0.767718377864396,1.3708647402064653,0.3317444622516632,0.6634630362192789
0.281700332169295,20.289603621577328,0.5655434583986847,0.7972693463616034,2.0116031518299375,0.32712457577387494,0.6515164375305176
0.272515261278587,19.86636092552503,0.546168345828161,0.7673215372027702,1.7493386331052576,0.3153130163749059,0.6479934056599935
0.2951597405138003,19.87544509280956,0.5630574193185032,0.7939518630989423,1.992372637088084,0.32706253230571747,0.6475731531778971
0.23163606940483783,21.95964008827154,0.5575169748461395,0.7758885383724613,1.3327281282985137,0.3177890827258428,0.6669603188832601
0.22915060170978196,22.02040393627598,0.5393022021714654,0.8277585638497696,1.1981234450626241,0.3398430397113164,0.6239414215087891
0.23224573779726773,21.7462251455021,0.5336578034751202,0.8263145197481195,0.9712280967255126,0.3353753536939621,0.6405084133148193
0.22008975317194954,22.054459037408137,0.5638825046009878,0.7973271362640898,0.9024321959443692,0.3115826149781545,0.6646615664164225
0.208482052098827,22.162774499650038,0.5623345511066814,0.809411352810779,0.9035645510479564,0.31636425852775574,0.6267135938008627
0.19725027679955257,22.4119248516384,0.5813827985594933,0.8134626248302474,0.890860515427812,0.30324176947275794,0.6202134291330973
0.17492189862082716,23.52638773417408,0.6190011021066201,0.8233262771933618,0.9737968092401439,0.2953713685274124,0.6210676034291586
0.16035339173028626,23.771531345115694,0.6507045229180687,0.812738892799561,0.9542700884726184,0.2912055552005767,0.606297492980957
0.15069754590557602,24.017352480224233,0.6385512383623421,0.8192484266559391,1.0256719238138448,0.2833552807569504,0.6322290897369384
0.15850740550814893,23.096808775480724,0.6404432067137,0.7865742426016618,1.6181980201890296,0.2800765385230382,0.6441137790679932
0.1844540296204189,22.149856389401133,0.5748732178781687,0.829247846061255,1.4619305951286121,0.3078639929493268,0.6633234818776449
1.8257362214970092,16.072341855473724,0.3925782785217707,1.1897835326094883,2.6623464588813452,0.42449163893858594,0.6658319632212321
3.5388136623019526,19.6206896732924,0.46171449836424333,1.1407356933466688,2.338582972080449,0.3565700724720955,0.6390997568766276
3.7771570669245804,20.682646741009762,0.5035056700485229,1.1350515539950472,2.5394690060289666,0.33037475993235904,0.6175353527069092
2.2858592403211446,19.852475145806117,0.5182023947806522,1.0929259128392097,2.4598596656635667,0.3215601270397504,0.6224552790323893
2.6645678971483617,22.04839256297589,0.5150318962136688,0.9600670068172533,1.9315539431176134,0.29703822980324424,0.6237382094065349
1.9776215016403835,21.639871946998383,0.5138978974718833,0.9131970748550443,1.7042034482928194,0.31332539518674213,0.6513848304748535
2.1402672213007707,21.429959361917657,0.5513723845042156,0.9112404460670303,2.2353694206145227,0.28013754636049265,0.6643988291422526
1.3108354066923307,24.287462049952282,0.548895254117369,0.9057506932774096,1.6068791585435598,0.2638421083490054,0.650623877843221
0.32414789515632775,25.43242996763782,0.5737225386434964,0.8296729594698639,0.961153479476884,0.23619872579971943,0.6247968673706055
0.17235238241744896,25.841457050557008,0.6254418434613417,0.7819100969275766,0.8634243975195258,0.22380652527014414,0.6117788950602213
0.16031089737704088,25.53931748807862,0.6647495228162832,0.7781116996581406,0.8206251764156348,0.20767140885194135,0.6375251611073812
0.17263123806310407,25.656394964128754,0.6926882366472489,0.8243981388281568,1.0265769654682844,0.21676230927308393,0.6117443243662516
0.1980004643569745,25.13613444384377,0.6906799610312689,0.7882472709386148,1.2397181191983486,0.22202289849519727,0.642194906870524
0.20222920742543157,24.689772462814037,0.6970506465498555,0.8083834601200834,1.3730173584226912,0.22744607428709662,0.6438608964284261
0.22131840317486906,24.323826296496232,0.7017465255678669,0.7694287106979987,1.581804191752011,0.23477196445067716,0.6624779701232911
0.21182702457800073,23.88624093841642,0.6642548303948805,0.7778691776075292,1.5016988594817595,0.24799343695243192,0.6474823156992594
0.24337194094544548,23.102349151906196,0.6777062364405029,0.7730369749838157,1.696422092541983,0.24806268513202664,0.6356074810028076
0.25199846388607744,22.61427316535494,0.6187045834182692,0.7940880811339613,1.5622245675866324,0.25859763224919635,0.6093635559082031
0.25034804529517823,23.15901613738181,0.6335641254508552,0.7745438622051884,1.5969346509338174,0.24445616453886032,0.6463077068328859
0.2563320848608868,22.672855626174126,0.6508176975081131,0.7815509891880373,1.8099936184858063,0.24618783096472419,0.6579543749491373
0.21470227361172056,23.452473135710772,0.5980555640208028,0.7677292841014309,1.3314418058346458,0.2827873031298319,0.6353239218393961
0.24037521683542198,22.87813139184618,0.6217152443918484,0.7593626044401537,1.7233798848628215,0.27665085593859357,0.6398289203643799
0.2316506892033019,22.239340858278222,0.5896196542162867,0.7557209878918667,1.5221476920995156,0.28744376450777054,0.6421583493550619
0.2523958195473726,22.305924575345486,0.606251426415533,0.7805410716125616,1.7152479667264429,0.28633881856997806,0.6446118354797363
0.3071543343627629,20.659941435059483,0.6162992955324663,0.7527984703965719,2.018740025960129,0.2871059676011403,0.6507000923156738
0.25812054968101844,22.764855353866512,0.6254427181270154,0.7753147763590928,1.6912852682468322,0.281510904431343,0.6484281222025553
0.2570881504924922,22.734337875792296,0.6158063495776177,0.761236047432163,1.5549120001516996,0.27844932675361633,0.6498913764953613
0.31398435296358346,21.273815523534868,0.6198390443625988,0.7725406528056329,1.9145142235740653,0.28774850567181903,0.6392327149709066
0.2572649869003114,21.26119765515804,0.605193632700982,0.7688477817279161,1.5699045872656774,0.3024341613054275,0.6790653864542643
0.2555298966011858,21.3549543272067,0.594401197861708,0.7953346859927776,1.5463708455231575,0.3150415072838465,0.6552645365397136
0.26569870932652306,21.858427222172566,0.6268750356445487,0.7673192352748505,1.6599973455394499,0.2883204023043315,0.6370121637980143
0.28156664388893643,21.104947033329747,0.607017061895902,0.7887951821724092,1.7474066662166656,0.3069826414187749,0.6543355782826742
0.24969910650365104,22.18119300237559,0.6055470975967157,0.7850908104118798,1.5599538567013165,0.2984100679556529,0.6335771083831787
0.22883895378264643,21.947055982538583,0.5728788668110577,0.8082424754665616,1.3503464219803683,0.33086861173311866,0.6367666721343994
0.2541887736904426,21.199544833701175,0.6166695777787677,0.7915646321848069,1.666662103080218,0.3018664866685867,0.6645140647888184
0.23364123141024437,21.7182630526765,0.6038852053668617,0.7848822403287897,1.4826170887961962,0.28246360023816425,0.6535186767578125
0.2445650477145206,21.550923469963617,0.6269153369571135,0.778515972108844,1.5152681972453905,0.2596586768825848,0.6593695481618246
0.22731772608738135,22.366665213596974,0.6407659699875751,0.7953609389791801,1.4385718394740117,0.2618011136849721,0.5908410549163818
0.2980297655153347,13.5600511747559,0.28892306307893706,1.099775341712679,0.9274157836157766,0.46178243557612103,0.6549378236134847
2.8788704184448277,16.853603562550465,0.40427923301454505,1.2549823194805079,2.4698210887440886,0.41929638137420017,0.6434508164723715
5.004003602682453,19.315731394953517,0.4440836269058707,1.2718556428188783,2.180727025770437,0.39084547758102417,0.6500113805135092
1.3103978967936276,21.365284186288658,0.5118609163027023,0.9628932733651032,1.3301188186692745,0.3141575306653976,0.677751382191976
0.8779938649703808,22.4622538586738,0.533773212185698,0.9002288022231403,1.3500973709482171,0.2753800998131434,0.6352481842041016
0.6078163001839622,22.702065475982323,0.5501237324670766,0.8484860702042188,1.1936644933813827,0.28228629132111865,0.6740184624989828
0.745225112968703,23.318110503133045,0.5856357690611648,0.8237142183459031,1.5940009394253079,0.24889114995797476,0.6611519654591878
0.31252221233846345,24.52127136729538,0.609523505055821,0.7943256745990656,1.319735055057832,0.23599940041700995,0.6643033027648927
0.20123073184092108,25.588634409898162,0.6356826186778166,0.7490699761780443,0.9751540296788336,0.22450561076402656,0.6605291366577148
0.18346888321586827,25.972634967380742,0.6517114980193986,0.7968539773527489,0.855328408403203,0.21936184664567313,0.6686240037282308
0.19998350407238297,25.575969220359454,0.6864727886881364,0.765918105445709,0.7671015984125775,0.20552075405915574,0.6320722897847494
0.225256548579867,25.00495733377988,0.6942673122711694,0.7969457622399706,0.7713364769585734,0.21390100071827567,0.5813440481821696
0.2390384514674313,24.471567459448423,0.6534276339504396,0.7976018782784703,0.7471544047342634,0.2426153669754664,0.6574434439341227
0.23071132664838476,25.5218250804311,0.6833703318262625,0.774052908120867,0.8771054367123524,0.24409553905328116,0.6729729175567627
0.27370452009843943,25.766454093253202,0.7093854524087312,0.7949104748162759,1.1705948271741162,0.24755650013685226,0.6726951599121094
0.27265167697548126,25.771929910549392,0.6913495010648386,0.8175013160103733,1.1098317288181414,0.2588417679071426,0.6553781032562256
0.27413772857806135,25.917000872664477,0.695823764899916,0.7927829456373323,1.1584164933232646,0.25664220750331873,0.6433241367340088
0.26915857268788884,25.5676748283115,0.6721018831183536,0.7897909334916268,1.1475774749969334,0.2608042980233828,0.6310482819875082
0.2739110129585644,25.20918938652436,0.664467528906823,0.8080384991597978,1.1419758413843728,0.2654177149136861,0.6571981112162272
0.2708591976826925,25.22418324036599,0.6586361650566128,0.7914301978537722,1.1982199037662689,0.266836238404115,0.6289606889088949
0.25746791447615,23.827264737736147,0.6178451879807042,0.7943344989304091,1.0979529598658957,0.2886083573102951,0.6494876543680825
0.2797869906751888,22.431743919572387,0.6420554210859698,0.7678373815337389,1.6738916494914804,0.29320891698201496,0.6452985604604085
0.2901125922104461,22.826115267848365,0.6569025899446854,0.7478613773823396,1.7614268562178195,0.2732473835349083,0.6448856194814047
0.26255506512994203,22.875515498409513,0.6393051877636936,0.7498626285496263,1.5472830188339353,0.2858952383200328,0.637552817662557
0.29176492790219705,21.376422770086617,0.6357410616458821,0.7453909038764822,1.7088913472091007,0.28507059315840405,0.6077695687611898
0.3832941959906096,20.684100559934787,0.6612148206301027,0.7595988723220787,2.235936804722729,0.2801647086938222,0.6659038066864014
0.5356857407962533,21.27438078001019,0.6967499568999248,0.7940266057949327,2.9246251623912713,0.262969896197319,0.6149667104085287
0.6666587880678696,21.161592356643933,0.7101137179594139,0.8291487486322149,3.3506780440421013,0.2574338316917419,0.6598877112070719
0.6016255385797291,20.750415597179018,0.7028219986549723,0.7656284480809795,3.0766911379157302,0.25293236970901484,0.6418841679890951
0.32644281315966306,19.58072506746576,0.6232786717155602,0.7598080272715348,1.8878892967871763,0.3280546913544337,0.6743254661560059
0.38079735833788747,18.85998147573103,0.6292354238295282,0.7642818295605203,2.145854940356885,0.32051733136177063,0.6448850631713867
0.3569175417241733,18.705307251798633,0.6132517206420821,0.7704027358660253,2.0141633345217866,0.3443610568841298,0.6526413758595785
0.26666680426760997,19.978584404326153,0.6106206285572703,0.7760062861944031,1.6103471816014434,0.34211427966753644,0.6741920312245687
0.4706791200252316,16.97117858624597,0.6187692592550446,0.8003947298190898,2.527102799237184,0.34300296008586884,0.6732812722524008
0.21183743607506536,23.528993680659084,0.6077179501036912,0.7790322217193674,1.0673660346066234,0.3282672613859176,0.6723634401957194
0.22247027605123781,24.900962390329607,0.6540422002162972,0.8050610058026214,1.162560795852763,0.3110511203606923,0.6734958489735922
0.12622726738356857,24.810326110467532,0.616124611232776,0.8213221905540328,0.8638564690670664,0.2237617870171865,0.6535748640696207
0.12311003705677954,24.509037374931783,0.6827747838432846,0.7720542152282824,1.0238288488380898,0.21166805922985074,0.6695693333943685
0.1227621192310366,24.85311895950707,0.6498765826352518,0.8135856349683154,0.9265048524330416,0.24048741658528647,0.6700576941172282
0.13317087233712607,25.051007740746357,0.7019682100407229,0.7903945188640634,0.9560470169632106,0.22975711027781162,0.6701943079630533
0.14651050592671253,24.84599275800802,0.7112433212367707,0.7648930003320226,0.9395329825307158,0.23065766692161557,0.6685829957326254
0.15829008940501307,25.07351258380919,0.7038626599024292,0.7610662198720735,0.9407186811488493,0.23717213670412693,0.6442462603251139
0.1654488910301621,25.242255075327137,0.7112381387010505,0.7830746391828131,0.9796226457960376,0.24834213654200235,0.6832485993703207
0.1751165677405275,25.390403722940125,0.7285948115654212,0.744089461885463,1.0248504787630115,0.24093087514241537,0.6714644432067871
0.18997030527237527,25.078263008496474,0.7365330797886384,0.7812519917642411,1.0913125102856214,0.24707391361395517,0.6615463892618815
0.20354505810542553,25.192566419991298,0.7311119960491231,0.8071287116634774,1.1101565819055093,0.24987980226675666,0.6268320083618164
0.23471567113767797,23.99483941961799,0.7399174762815441,0.8188961553229767,1.2944273514011846,0.23789573212464646,0.6777952512105306
0.2560031414268445,23.59047371600808,0.7500969363516529,0.7847907139104949,1.4002229820794492,0.2241932228207588,0.6646583875020345
0.23971750593895413,24.306371176270023,0.7283543590894505,0.7936206668443955,1.2587845651319194,0.23762159794569007,0.6772712866465249
0.2644591746763865,22.151306640901463,0.7090992472252178,0.7906454348385266,1.37951828610892,0.24632684886455533,0.6699816385904948
0.2389478450399455,22.7867565022615,0.6740412617034844,0.7727744177255906,1.137024344266224,0.26667308310667664,0.6570378144582113
0.24468363420514536,21.849448405685536,0.6479311521682187,0.7763219071803217,1.1243693160119879,0.2800438106060028,0.674415111541748
0.23207367996615377,23.352781096749567,0.6236967236183547,0.8001489219883581,0.9192709413458983,0.3029565662145614,0.6515653928120931
0.2448152427154787,22.31465351791874,0.6495485734163542,0.7753601003116728,1.1219424523324673,0.2871926575899124,0.661318858464559
0.259951843185825,21.999081625296025,0.6555342948643282,0.8319043459665066,1.1971213835668906,0.2890330801407495,0.6400004227956136
0.28319731575977647,21.00447033327072,0.6651732568301161,0.7996570885006515,1.3156015667001089,0.27546156942844385,0.6481289068857828
0.27808086232060925,21.63182217230933,0.6709877179885474,0.8196646939437428,1.2555954835789844,0.2846987346808115,0.6477421124776205
0.2915708921814806,21.38856282824193,0.6763737249452886,0.795849603148571,1.3089810889829636,0.2755389362573623,0.6078367233276367
0.26979482202875454,23.000480184056133,0.6788541436718977,0.7945928478816784,1.1506277335804413,0.2677152057488759,0.6441746552785238
0.3031842450912348,21.53797594246613,0.6781111948577431,0.805347330031052,1.3355894971828877,0.2752627183993657,0.613642692565918
0.272509909000099,23.207275406514835,0.6674844408498104,0.8106021585737077,1.1155541792163424,0.2882306079069773,0.6536400318145752
0.2587190918537207,24.200200029164318,0.6691905698006204,0.7946388495360991,1.0356031996298247,0.28445578614870703,0.6509633858998617
0.2630388774674508,22.720799705288783,0.6471263895373118,0.8195124650227553,1.096075339117558,0.3042117059230804,0.658998171488444
0.25297884181744346,23.081560628349308,0.6388414660212338,0.8252844472672294,1.0505167699334115,0.3104753990968068,0.6196779410044352
0.2476853700792249,23.560370328901953,0.6275510988959486,0.8054447057910933,0.967043223965895,0.3188281059265136,0.638239860534668
0.24808218340206653,23.600035636057644,0.6265601448521108,0.8051814244313845,0.9512341340236133,0.3032688001791636,0.6540464560190836
0.25276219450443854,23.396118067214378,0.6462299871551457,0.8118109207203226,1.0140116684013027,0.28812542061010993,0.6420043309529623
0.24877105129827295,24.717686258887174,0.6317013860333947,0.8151160452923415,0.8851429171649358,0.2934013952811559,0.6329424381256104
0.24339645253987383,25.47018559080325,0.6340266013195069,0.8000585551970129,0.8612718966392232,0.2788416147232055,0.6388258934020996
0.23994133535696716,25.869171393831348,0.637953860346708,0.8123727382793547,0.8409063901941258,0.2647717247406641,0.6508758862813314
0.16477891589961682,16.10564277421228,0.33019041944806243,1.2017394455536294,1.1792677659651956,0.4652281055847804,0.6504185994466146
4.637032391192671,20.51131900535623,0.46921220053123536,1.097425291957559,2.263952711399684,0.3560267463326454,0.643494447072347
1.2100029364381586,23.142506312845942,0.49415062551327466,0.8814197669859452,1.1076584504129954,0.26616566876570386,0.6433454354604086
0.8292058430048558,22.656768195007505,0.4951960307952336,0.8852857027265443,0.9595068093440448,0.29544299592574436,0.6382859547932943
0.5455795349127516,22.644667677026053,0.5220783608794016,0.8543155631450613,1.0039343947395618,0.2968418424328168,0.6447547276814779
0.43408100609142775,22.337771679023955,0.5247720880787117,0.8340517011139323,0.9214211566627911,0.29547371963659924,0.6251316865285238
0.26806451074780613,22.87260331606683,0.5408597903211938,0.7947761714992545,0.8706800476739548,0.28427169223626453,0.6527653535207113
0.2099455013107477,23.333015832480132,0.5745330240120644,0.8074863934130692,0.8534533085430959,0.2783513118823369,0.6209747791290283
0.15817744355304286,23.762495781820448,0.6000511880688397,0.8168588811050776,0.812434833936567,0.2659607951839764,0.6526877880096436
0.14173500071364212,24.268641106195304,0.6233503585628162,0.8090566977709973,0.8459211360425916,0.256461426615715,0.6390535831451417
0.13771963596538705,25.1158074119228,0.6782028585552107,0.7882640292868125,0.9987232555180311,0.23613197108109793,0.6465035279591879
0.1455277699218079,25.37925701237376,0.682219122836062,0.7885344278318724,0.9993670804695411,0.2383055488268534,0.6378798484802246
0.16390018817357496,25.328476655572263,0.692661591910261,0.8048132919310458,0.9472405571226491,0.23581825196743011,0.6401871840159098
0.17703648830791877,25.554063820418264,0.7111480861134725,0.7906062563525893,1.0296257978782777,0.230170431236426,0.608649730682373
0.1883849981793295,25.303798378750518,0.7039387515677679,0.7776351416727739,1.0239807123226379,0.24472780525684354,0.6504561901092529
0.1977411961310809,25.279006417990995,0.692681012528503,0.7548944391808275,0.9797222571859433,0.2433503170808156,0.660869836807251
0.20821292717718057,24.583557227951825,0.6652404826707007,0.7759661143906099,1.0221603871051415,0.2598116571704546,0.63578200340271
0.21283076283745306,24.212177726108468,0.6440771465053167,0.794100121225722,0.9685170992473514,0.268032727142175,0.6367350419362386
0.2169438150872437,23.833743010125087,0.6233726909511466,0.8093647937922169,0.9111551652584908,0.2845333591103553,0.6246457099914551
0.22027843316303364,23.79300914198289,0.6290134264383597,0.7955629613355093,0.9260212099085937,0.28685422738393146,0.6253382364908854
0.22525737178753838,23.82132133447313,0.6322629186823424,0.816499413759853,0.9799849820675733,0.2847078988949458,0.6363805929819742
0.23328296336979515,23.625928744546073,0.6284000396125833,0.8116527696983545,0.9675231519113273,0.2816184585293134,0.618778387705485
0.2425999752767252,23.58326035833146,0.6296382934245421,0.7970718483712127,1.0064490890022328,0.2797304143508275,0.6696043809254965
0.24889054043101835,23.286424359399234,0.6177354281827533,0.8227884844411895,0.9961614862143957,0.29539003968238825,0.6015313466389974
0.2481439382081179,23.173221132890177,0.6044768605878789,0.8057369198419616,0.9074399160150309,0.301691214243571,0.6417762438456217
0.2492049823343018,23.20678010833106,0.6076917015016899,0.7946514574195206,0.9556054241294922,0.2887176970640818,0.6201169490814209
0.24638256812863135,23.38176109034846,0.5997669784851222,0.8249713457737068,0.901166154625099,0.2961831291516622,0.6514840920766195
0.2510538637413474,23.928302526145274,0.6335135603883016,0.8129695442597136,1.042001974268137,0.28466137746969855,0.6400032838185629
0.263270719719366,23.430449532359148,0.6373189856885011,0.8486874330234467,1.1477790378878485,0.2871190855900447,0.6276454925537109
0.25634033877180706,24.15702259848946,0.6267445252410703,0.8380202579230248,1.032507356761749,0.2786011397838592,0.6165128548940023
0.2544618571409386,23.54413336722531,0.6279509416006157,0.8220623816069224,1.0477022990199993,0.2655429591735204,0.6296576658884684
0.25496069311860775,23.217761105055065,0.6226490836930033,0.7904943036566365,1.010474112049639,0.25477471947669983,0.6284120877583822
0.24864745499165689,23.80626106336109,0.5870999657872854,0.7817037257464113,0.8422928796156866,0.26369297007719666,0.6412628491719562
5.41778000073332,25.186535593873035,0.5179901806711841,0.9620261979142367,1.6500290196989689,0.21534027407566703,0.6736470063527426
3.043606730827039,26.476860165892102,0.5100639836802837,0.9404806996874956,1.3129868740205444,0.2214313720663388,0.6151058673858643
0.8099283780111052,27.440472044266546,0.5610491834651176,0.8434907670427437,1.030027913170043,0.18915037438273427,0.6247669061024984
0.2609822180763696,27.80056227437429,0.5812478833879496,0.7892429758171579,0.820441388357093,0.17763625085353849,0.5899056593577067
0.18334766553905715,26.28071960461791,0.6216939443586647,0.8300893648329332,0.8410832949948571,0.1826870143413543,0.6303674379984537
0.16993890803952713,25.80299280412611,0.6697550809902267,0.8083886922314628,0.8730653418273713,0.18160733083883915,0.6260084311167398
0.18436330064399123,24.543297448186763,0.6941938722063729,0.7788012647490863,1.1374519617122567,0.1874389176567395,0.6700735092163086
0.17781203142882843,24.855634786795665,0.693856010830067,0.7881660228649577,1.11176874080545,0.19499892493089035,0.6037508646647135
0.1513697026981017,25.753280865609636,0.703110678991152,0.7842332368145201,0.9539500723545419,0.19214760015408192,0.6445525487263998
0.15829180579476235,24.85438747862143,0.7155214035964975,0.8032708263264509,1.085089328559827,0.20506298045317325,0.6561570962270101
0.2171066006355372,22.404138000353356,0.7438236413338336,0.76269353318844,1.444245590582766,0.19958867877721784,0.6414516766866049
0.17745613626233478,23.953920029864577,0.7200001950228475,0.7962132117088071,1.0405620321292135,0.23417078455289198,0.6549415588378906
0.19789604758775062,23.160854192053705,0.7366151623544469,0.8116100618873912,1.1099475419992848,0.24038125574588773,0.6476183732350668
0.22764577459049531,22.55070780152298,0.7440231505048885,0.8193245739277865,1.2788015686502878,0.24877314766248063,0.6462042331695557
0.21840839385003516,23.588257292469976,0.7533646602550257,0.7940487692862254,1.1967872806612885,0.24822461605072021,0.6715366840362548
0.25589160039364306,22.647480123867254,0.7658640091303228,0.7925383052381881,1.3535148958625294,0.23933070401350656,0.6444995403289795
0.2610230395093905,23.30363161825638,0.7674477451882572,0.789943460683232,1.34011250941193,0.24024833987156546,0.6464894612630209
0.2656779884176436,23.114322120866262,0.7405260213480961,0.8298904615493871,1.2585470907313547,0.25630308190981543,0.641319990158081
0.25531121745994706,23.57376517930406,0.7343930335401344,0.819062287403418,1.1558699106336707,0.259995440642039,0.635826587677002
0.25844010229292697,23.521283892491624,0.7325791502876834,0.7970326827289433,1.172869226459599,0.2674600183963775,0.688216765721639
0.24532448760801082,23.951732127242725,0.7019199694555853,0.7970177213500641,1.0451005133748559,0.2804802060127258,0.6588140328725179
0.24665486362656805,23.45032725653353,0.6894450151837271,0.8231258738237588,1.0345718390570193,0.28514195481936133,0.6186649799346924
0.24417238612514094,23.456935041454454,0.6724487379052033,0.8230272537141942,0.9853288752128551,0.2977915902932485,0.6429774761199951
0.24032171432846017,23.574670038326364,0.6460488186145613,0.8196146613302412,0.8445371241387254,0.3031238118807475,0.6169094244639078
0.25540285171054955,22.219774235045634,0.6405385226448109,0.8062203418745236,0.9599322792574148,0.3023156176010767,0.6407556533813477
0.25112561476883993,22.903195196929193,0.6352792238367938,0.831335949466158,0.8309477252408226,0.32292255759239197,0.6480906009674072
0.2594851144585458,22.65142227019196,0.6350812062972585,0.8226205061058538,0.857754889557235,0.32872632145881653,0.6471035480499268
0.2781990912423374,21.466127943042817,0.6443328476875066,0.8266935145836771,1.0242525473072133,0.33944831291834515,0.6620922088623047
0.294012245563585,20.911625052372035,0.6483469388054804,0.8138834652507904,1.0856764260015181,0.33747779329617816,0.6391146183013916
0.40139921377698545,19.03695015567416,0.6499001694749902,0.79199225301757,1.5441839022441857,0.3347228666146596,0.6144663492838541
0.3665163135776721,19.62575654780935,0.6517068055882547,0.7764960087252123,1.4167693828321484,0.3193940073251724,0.6377970377604166
0.29976103644507496,21.558777845022558,0.6475758467820855,0.8115477644968611,1.1046864811818968,0.3233316292365392,0.6478542486826578
0.3726293277840549,20.938172693941585,0.6706938268224022,0.8341983795533285,1.4502277151986196,0.31575871010621387,0.6329576969146729
0.3030661913332205,22.91230935745696,0.6810749806067093,0.8323519832312204,1.1726061788704816,0.30332069595654804,0.6370275815327963
0.2855696285462564,24.161462512254474,0.6773345213122081,0.8776558521774257,1.0532284258620586,0.29650713006655377,0.5934430758158366
0.27696493397333044,24.72160336853307,0.6902745365262177,0.8188536648627354,1.077151932131851,0.2632027516762415,0.6004557609558105
0.268152173987426,24.638497903278573,0.6892233015306699,0.8292377007957569,1.0812970553738428,0.2683180868625641,0.6544681390126547
0.2428398286729818,25.806340664891906,0.6658387101954891,0.8315055448055673,0.8640690717798432,0.276999572912852,0.6476017634073893
0.23470790679052575,26.677342575717287,0.6811961622611657,0.8219180172954049,0.8737685628932627,0.2562543451786041,0.6728020509084066
0.20621793910009997,14.185890402048551,0.2931523139739081,1.123455479306476,0.8716559956037959,0.4686072568098704,0.6559452215830485
6.443732111583252,19.706464633830617,0.4704142122740158,1.2465212901770168,4.047785947769932,0.36863533531626064,0.6454130013783773
3.4353269984451877,21.528636358655827,0.49977112807461094,1.0372490985158167,1.932602033856183,0.3180543209115664,0.5890951156616211
1.2400440179194063,21.98546636079321,0.5008749695281552,0.915173172349042,1.1689146581961227,0.29651347796122235,0.6519190470377604
0.7056854063703842,22.21304349525124,0.5399926237716064,0.8745069533147274,1.2132963795105782,0.29049814740816743,0.6605308850606283
0.455450716164521,21.579418279489136,0.5072577850140426,0.881218257399207,1.0220251647830438,0.3195180719097455,0.6605873107910156
0.21849509114276577,22.85928817078566,0.6091043476729188,0.820221707063848,1.1762309102152229,0.2740404059489568,0.6532096068064371
0.17535185294623268,23.668664413623972,0.6132043720836777,0.8033871107194007,1.0261857770700782,0.2704470480481784,0.6585981845855712
0.15049475149491126,23.811167217697545,0.631047974586301,0.7909467090648755,1.0264023355559,0.26514224211374915,0.6264318625132242
0.16252295471384373,23.502910851967503,0.627172571145142,0.8046809565738832,1.2086129578342366,0.27185972531636554,0.6535542011260986
0.1465744055997155,24.54721203438253,0.6813114539228725,0.7746697860893397,1.2099090284520015,0.2385351558526357,0.634092648824056
0.16607668196371203,23.95904455399116,0.6822012712354057,0.8123543768041536,1.264415513971632,0.24866053958733877,0.5677358309427897
0.18491039082135244,24.577374621685163,0.7081490967687407,0.8033146297595563,1.2111013196678981,0.24167612195014954,0.5440655549367269
0.2325231435097018,23.553169331181532,0.7151919989243415,0.7962292151758995,1.4688420038393069,0.23224536081155142,0.5335959593454996
0.23218153855712761,23.059172959143567,0.687078925993117,0.7962219251184953,1.3700318099971833,0.24424689511458075,0.6438184579213461
0.2603946332890332,21.581099913746574,0.6557503156771047,0.7746349903322667,1.4855873026216992,0.24810648212830225,0.6422573725382487
0.28113030505827624,20.576610309685737,0.6430208261503628,0.7870697396235125,1.6810275660038911,0.265442152818044,0.6379827658335367
0.31522319338084365,19.32574672641432,0.6392982782957105,0.8140106396563734,1.8327168048861127,0.2785052210092544,0.63660995165507
0.35323474350544565,18.717732068003347,0.6329344845906769,0.7825756278145718,1.952011832852901,0.27808917562166846,0.6431661446889242
0.5260017736335497,17.52735429781978,0.6513383181500786,0.7877583435669786,2.635082230460329,0.2797410835822423,0.6568727493286133
0.3344690421007068,18.247125864297548,0.6081963520570978,0.7866994842576244,1.7643071824591683,0.29770840207735694,0.6251207987467448
0.37414239636575103,17.752386715037236,0.6055293411674025,0.7943704868741408,1.8922717698037783,0.31389938791592914,0.6312196254730223
0.3029941566658369,19.19307444901958,0.6094526342792972,0.7354197072561606,1.5131607296895793,0.28584885100523627,0.6469051043192545
0.2861845856396432,20.083242103441627,0.6026168794177585,0.7676674468539032,1.3521888750555855,0.3019894113143285,0.6511144638061523
0.3288495196764674,19.92432284746919,0.6107554155797624,0.786342922688617,1.529662578031207,0.30892065664132434,0.6304121812184652
0.2833808176945452,21.002263752804087,0.5940256049131939,0.810775203542588,1.2061569793120024,0.3142826904853185,0.6199130217234293
0.30741373552172585,20.463738278318754,0.6256385194507846,0.8094192155915486,1.3973344703147967,0.31440318127473194,0.6085449854532877
0.4432675012940708,19.03138175802157,0.647259944676479,0.7992084977804733,2.010895335961784,0.29842351873715717,0.6327416102091471
0.3108735927465618,20.41019981919804,0.6265469398351323,0.8176206948970042,1.4713746771777216,0.2989608744780223,0.6322032610575358
0.27558628752591313,21.786725384728452,0.6198760310606354,0.7989007562702977,1.230125968379549,0.29663031796614325,0.6500958601633707
0.28152632791760707,22.73554386182947,0.639501979948771,0.7742493194751289,1.262946646540205,0.2826711535453796,0.6526665687561035
0.308783972568967,22.374556594837987,0.652836186151203,0.8081182602291522,1.3303713766631542,0.2867880463600158,0.6501336892445883
0.2787456556111702,23.41047063620643,0.6285235020411263,0.7992080194083142,1.056497204743199,0.27872786422570545,0.6286360422770182
0.28020810752343,23.67798988010762,0.6226500172144458,0.8071966269073941,1.0601653403909084,0.2718617121378581,0.6506451765696207
0.2845767877165724,23.181607573546312,0.630270795093879,0.8116339290260446,1.1457978470527677,0.2725148846705754,0.6446781953175863
0.2641199182709612,24.89967785032515,0.6455008077326987,0.8160778123504852,1.070244143986416,0.23524737358093262,0.6358928680419922
2.336103466499297,16.320026163672708,0.4008191269774395,1.293378950509483,2.802163479666525,0.42507460713386536,0.618742307027181
2.0961384178353106,19.22198252585811,0.43634788153966825,1.2481541584869678,1.728512988169631,0.37964023401339847,0.6131811936696371
1.9475218089711888,19.316935643322058,0.48493496705782263,1.1561823004086367,2.018255848037342,0.3546419143676758,0.6433445612589518
1.008831303054447,20.343938613448216,0.5211221941204823,1.0253181310785138,1.8137310849600767,0.31894155840078986,0.622208038965861
0.4923278610094681,20.55563821537327,0.5631400070558362,0.9050859100503278,1.6076367063577124,0.29938288529713947,0.6613959471384684
0.43626301564401077,20.292037568631006,0.5545766669909118,0.9022652513080741,1.608777057597292,0.3127793421347936,0.6472779909769694
0.3629176620592118,20.228941844840946,0.5786971695342064,0.8657593907569247,1.84823929274504,0.2953517983357112,0.6647312641143799
0.1958568060732556,22.100184215853762,0.5874195514515375,0.823882541487757,1.3267001989934935,0.2961322143673896,0.6462717056274414
0.22996950326882634,23.147802987204003,0.5943196189015422,0.8260445727446406,1.3041932643903544,0.28595094382762903,0.6133990287780762
0.19416977778478905,25.02144911579357,0.636311909203383,0.8131338606843368,1.2092511406533997,0.25479644536972046,0.6387722492218018
0.23624053803208056,24.56732787456048,0.6639736827771294,0.8262151332981246,1.5711894545467648,0.25613901515801746,0.6365841229756674
0.22861546753629902,22.246098767383476,0.7008785314401704,0.7783405813714307,1.9536431799029028,0.25720167905092234,0.6429443359375
0.2899367432488911,21.09920405251836,0.7173503693105377,0.7956982625726972,2.259322110723572,0.25536281863848365,0.643237829208374
0.25607967509302365,21.145795077829884,0.6769930399814107,0.7843001917474751,1.9678872816152868,0.27815151214599604,0.6737205187479655
0.22166188796786865,21.89684382146292,0.6643832174301538,0.7575083347818922,1.681176523992861,0.2796192765235901,0.6445373694101969
0.252584451197297,21.147880126332893,0.6580327818454034,0.8001881106415439,1.8274593748013785,0.2869953413804372,0.6594621340433756
0.2513074368602089,21.454236263706132,0.6647806075069672,0.7694984522442704,1.7850798725496009,0.2828489194313685,0.6497912406921387
0.25691183130993034,21.820188568661973,0.64426371583797,0.7934133972365099,1.7080490277531954,0.29912778238455456,0.6509464581807455
0.2278853465216629,23.770699120159296,0.6355198167228621,0.7463030740111374,1.2215074071871417,0.29015351335207623,0.6558651924133301
0.24555676607432378,22.59793334822344,0.6540549716933926,0.7422999631773194,1.5269473405602845,0.2921066731214523,0.6717742284138998
0.2706800258197236,23.396036411831883,0.6923459561433125,0.7377707829992765,1.6958420964198038,0.27774887283643085,0.6430766582489014
0.3187617074572567,22.265834867079196,0.6802165535049928,0.7597157999323465,1.940815745794735,0.28001496195793146,0.6368560791015625
0.2890542414362815,21.8435791259956,0.6661244346500553,0.7494137314644743,1.7676366713768166,0.29013286034266156,0.6635169188181559
0.34932806958845214,19.860737672835796,0.6506055486881236,0.778628445357116,2.119218038909441,0.30272484819094336,0.6535513401031494
0.2666066104898747,20.67623767643476,0.6115111383207407,0.7490749272137086,1.5371661836916102,0.32232419153054553,0.6432334582010905
0.2658932491173347,21.827478009126423,0.6279248750365527,0.7436730847896286,1.5511828707435782,0.3071841895580292,0.6745026906331381
0.2518129689247132,21.14292613781367,0.5960447925871424,0.7311018456887654,1.3752995486717092,0.3201628476381302,0.646488348642985
0.23856614342642476,22.17364907012781,0.6075911833044616,0.751823687287766,1.3181384261889857,0.32348219553629554,0.655608336130778
0.2767724534293746,20.965986561157212,0.6306442319458324,0.7750976818889743,1.6830315191350451,0.3229668339093526,0.6612722078959146
0.2534352623153264,21.773409666065238,0.6307958278717639,0.7749112914267298,1.483354977505364,0.3205353915691376,0.6544991334279379
0.2264852776866092,22.892508112473394,0.6057003884293621,0.7948045980042471,1.1669226342121999,0.3356485962867737,0.6430613199869791
0.22274917069669561,23.62649686179473,0.6143561502498835,0.783232962558689,1.090574449184175,0.3270292431116104,0.6306858857472738
0.2202317761423106,24.095280591429702,0.6304191641907325,0.7817399674384274,1.199770802605313,0.30902842183907825,0.6169350147247314
0.23337395664909222,23.275825785274794,0.655315176847266,0.8057743069247092,1.5210404547540002,0.30543808639049524,0.6650434335072836
0.22376643941619287,23.599742761874975,0.6519800867252016,0.8005002632039756,1.46600504516175,0.2998037437597911,0.6732432842254639
0.196812133540182,14.579276143176807,0.27293300719897096,1.1857689885397844,0.9009087956142791,0.4819069479902585,0.6538682778676351
4.375965310752121,18.72127468073658,0.44623707204804725,1.1280024920361669,2.759850009408486,0.37820124377806974,0.6621394952138265
1.515646903993255,21.13960119419501,0.4935859047253642,0.9701639577107762,1.309624628447578,0.32313816001017887,0.6617297331492106
1.051888494171503,20.394530540331417,0.47919522827924554,0.9119360761538428,1.1575760567482345,0.35301718612511945,0.6929724216461182
0.7203870408362242,20.67347462115967,0.5120506193712054,0.8680872133621266,1.2573624056723205,0.33761454373598093,0.6778167088826498
0.4779814146929077,20.81654409497632,0.5152867055582302,0.8615483840824639,1.1960235047041092,0.33815786987543106,0.6918391386667887
0.2111939001196027,22.14986346943112,0.5550324991236167,0.8339941330059135,1.0495757579253893,0.31671334306399024,0.6625988483428956
0.2019103838106896,21.883179956100587,0.6207864991369928,0.7822799356714253,1.38101380057736,0.2783589139580726,0.6797153155008951
0.17819601206047234,22.028415819243772,0.6558320600897481,0.797448253066797,1.4403713887311695,0.2679841220378875,0.6644917329152426
0.22043244632184145,21.20097262452423,0.668737059278753,0.8101000090075682,1.7179950247614701,0.26340433458487184,0.6441591580708822
0.20633028274231283,21.420455163228425,0.6886113229059584,0.8133240278663697,1.6988907502530504,0.26119733353455854,0.6531517505645751
0.20891931541665085,22.42298031068259,0.7287707634514747,0.786868027312115,1.6758187399363245,0.23073003192742667,0.6661562124888102
0.19836450959115426,22.776112845195033,0.7192573751225425,0.7974992698352242,1.5796271717265569,0.24975362916787466,0.6613012949625651
0.22937415134978303,21.9602904427321,0.7243471840880408,0.8125567019431141,1.6565777031329667,0.24617947638034818,0.6749708652496338
0.27845651666952836,21.905153401954824,0.7427360332183613,0.792141314387162,1.851154107892041,0.23611157635847727,0.629920482635498
0.23194955015482752,22.799267964228523,0.72602182058986,0.783556072811853,1.524818629303643,0.24058301746845245,0.6930601596832275
0.22578010020527398,23.442664276111042,0.7088116771872696,0.767744172846322,1.4995006230964008,0.2488876457015673,0.6991554101308187
0.20085260800139038,24.33739727805153,0.6655385809197719,0.8201971131614639,1.1023178034468144,0.268003632624944,0.6438364187876383
0.20555639703762044,24.061621319272927,0.646594481011101,0.802916810508732,1.0706973027675695,0.2780839651823044,0.6188846429189047
0.20617127816846292,24.151489998810234,0.6504035106597188,0.7809789319080735,1.0359567044007905,0.26903833448886866,0.5805509090423584
0.20891725756937773,23.894687994346786,0.6437237874554445,0.8226899581925821,1.0060220700867166,0.29501122732957197,0.6458757718404134
0.2100364215687005,24.339843029819786,0.6431702150828328,0.8109138861994722,0.9489121622285553,0.2792309770981471,0.6307655970255533
0.22692455424495264,24.566384768742143,0.6780046530466723,0.8246969170443004,1.191768305752125,0.28066940108935035,0.6752353509267172
0.23176995787184088,25.497674702117575,0.6982892921133281,0.7931962842796457,1.153724461450802,0.2563176949818929,0.6833016872406006
0.2656993546251852,25.273503603802897,0.7107987230949618,0.8245452290978977,1.3013165281520946,0.26553914447625476,0.6525386174519857
0.40985071835998177,22.555672226158283,0.7412663076794902,0.7876435917167565,1.9492525278597626,0.24720212320486704,0.6791372299194336
0.5609809789923371,20.39053625276937,0.7254060385503373,0.8173673552999707,2.380577938813298,0.26932480434576667,0.6560075283050537
0.3166947412848467,23.54513606567029,0.686400668374278,0.8074383538606055,1.4893850981437662,0.2777313143014908,0.6720952192942301
0.2604849853415905,24.6685277190039,0.6534911094985908,0.825774666527345,1.1207531505125872,0.2857815474271774,0.670508623123169
0.2710673626016682,23.903799514765137,0.6596383474513324,0.8232181992431905,1.2182250937197554,0.2882106105486552,0.6666787465413412
0.2576925986118203,24.19591158595071,0.6426265197531155,0.7860977558743572,1.087424078475319,0.2901423722505569,0.6728588740030924
0.246994511911115,24.587660471925734,0.6117027429683888,0.8022485833291436,0.9757165936486976,0.3022181093692779,0.6801775296529134
0.2492703457159137,25.345024286354086,0.6344428724240084,0.7932125166787193,1.0756046475522367,0.284259632229805,0.6593838532765707
0.26167105397695567,25.06567099162203,0.6352764739651382,0.8200828189672227,1.1309766751524502,0.28847784797350556,0.6265184084574381
0.2506741964392904,26.018528174584617,0.6472016150518364,0.8075507614307925,0.9425986138743041,0.266109103957812,0.6417439778645834
0.2631159505809119,26.146713462670107,0.6817512291148019,0.7900209858614522,1.134915593519658,0.23482800026734665,0.6753116448720297
0.26331067343633907,26.332908197451843,0.6694504445040675,0.8318060572168943,1.0774691448080322,0.240487719575564,0.6401854356129965
0.2739880397153284,25.709830919647544,0.6639209128330735,0.798210296894815,1.0720556887983377,0.23233783741792038,0.6519796053568522
0.2585631938510439,26.69232550643605,0.6685306027526298,0.7901271647343519,0.9863103559983157,0.22266491750876105,0.6510734558105469
0.2716445441833522,24.73668796085539,0.694261778641282,0.8003373137150348,1.157131699497769,0.20751982678969694,0.653876543045044
0.10198205797711425,27.85112443469916,0.7445443671345648,0.791887250765023,0.9935661812556846,0.10008281593521434,0.6627901395161947
0.12444545976020686,26.318349529800923,0.7647685828474304,0.7819158267248666,1.0721441338400783,0.10313194741805391,0.6730485757191976
0.14123007021700892,26.192240381799838,0.7271607108371928,0.7674792967890124,0.9868821327836992,0.12455786764621729,0.6488681634267172
0.16353155144455306,25.850995029383366,0.6907394512532635,0.7755324288156177,0.9930170708527083,0.14161767313877738,0.6514122486114503
0.1805320155777177,25.893455896667835,0.6641958835397749,0.8026827276364822,0.9649126281575858,0.1603142072757085,0.6017651557922363
0.1864756823027173,26.41804742797677,0.6656473407002276,0.7721294424771141,0.9080298824573872,0.1624667719006538,0.6351737976074219
0.19925192281124435,25.814442602833555,0.6409501785292138,0.8131068894213412,0.8971707895778254,0.1837634195884069,0.6468225320180258
0.20834740540977584,25.61401915808732,0.6449459718025058,0.8129495474748484,0.9513308953680445,0.19308737417062125,0.6505730152130127
0.20678116629859364,26.162802413757436,0.6428802814900996,0.8144433768859763,0.9319284889738363,0.20808926721413923,0.6973426342010498
0.19765990054951285,26.40918978582197,0.6503615672735613,0.7937038102815875,0.871465016309434,0.2243331968784332,0.6280159950256348
0.1997875237924033,26.137910324742972,0.6430721681494217,0.823670866838962,0.8946942694423443,0.24750643471876776,0.664573589960734
0.21028630176510385,26.72589115269987,0.662723050724017,0.8236173267246111,0.9006383360685111,0.25063881278038025,0.6285024483998617
0.219065498305719,27.154720578898786,0.6946546685649998,0.8023414135422312,0.9307658193558793,0.2487041304508845,0.640403668085734
0.23500059700370154,26.824523149957685,0.7223866847346062,0.8183864172948283,1.019646661466063,0.24273226161797842,0.644040584564209
0.24562458948876445,26.780366842553917,0.744660357344158,0.7775227331945591,1.0556586928937277,0.236798604329427,0.6289436817169191
0.259537029454427,26.383642922190575,0.7446399513027623,0.8400283141963761,1.083055959994383,0.2533916085958481,0.6301778157552084
0.28852295848486825,25.257687648158903,0.7519829761985809,0.8263696301887645,1.211380536228477,0.2502663830916086,0.6378155549367269
0.29374729253711246,25.08858299783402,0.7577350763361451,0.811589374279995,1.2125710756768353,0.2565713226795196,0.6416183312733968
0.32751663805281656,24.10272166237578,0.7582034702105641,0.8146895808995679,1.3489223188043702,0.2600706368684768,0.6572274367014567
0.34182223531545447,23.497574893152443,0.7549563523333521,0.8136429459580693,1.4031229050923193,0.26891936858495075,0.6142717997233073
0.3807319522677628,20.50662276177298,0.729789392085222,0.7835556829501615,1.5900132360176427,0.2805617203315099,0.641762653986613
0.2607544443941742,24.60176693613253,0.7128882050006488,0.8309356801114381,1.051871386231207,0.307442232966423,0.6367805004119873
0.2805725857203201,22.619703142217947,0.7220701293591212,0.8023109687940536,1.2144483847927727,0.2834705611069997,0.6538150310516357
0.28267678193514706,22.250117633218895,0.7115973222328452,0.7956624825397701,1.1785044234506201,0.3074602534373601,0.6374678611755371
0.2724116332386413,23.14438658706024,0.7024450746470506,0.8442973565838203,1.0824624328398746,0.3131579756736755,0.6662781238555908
0.30137462392993997,21.925191677993016,0.7109551608991795,0.8127096788296443,1.2424257370989784,0.31173930068810773,0.6721242268880209
0.2778226445337717,23.47147361849994,0.7135773775941484,0.8339234905280083,1.0870950832875552,0.323584571480751,0.6507478555043539
0.2843096473451092,23.40397373166321,0.7095038847736861,0.8534565939401609,1.1122860023875372,0.3430890440940857,0.6767773628234863
0.2891676431500369,22.741747542704235,0.7152261204550298,0.8202973956150172,1.1462976959548208,0.309095541636149,0.6742126941680908
0.2589455290378417,23.528919698254825,0.6978142713067478,0.8150085343858721,0.9525616732494305,0.3066175977389017,0.6459105014801025
0.24790257189917472,24.01400206169923,0.6799147837216228,0.8449236438660307,0.8584434222088476,0.3244556188583374,0.5890883604685465
0.24403591645185085,23.62086384855954,0.6746437847906482,0.8096244807091271,0.8551610546114934,0.3015176951885223,0.6343031724294027
0.23376808596541868,24.62116578271278,0.6800957382127412,0.8411016130618577,0.8205424855103586,0.30772150556246436,0.645378589630127
0.23323568293915975,24.48159639181038,0.700877494360013,0.8187261607731303,0.874724688907818,0.2984762489795684,0.6352701187133789
3.2092637904110624,17.65228942340345,0.4300571009739122,1.1608879645538417,2.950579400213362,0.4115729257464409,0.6564299265543619
2.5289507473916766,18.867545773568263,0.45912583564327525,1.0639733378640286,2.099871812225737,0.3836321954925855,0.6752743721008301
2.4292909755755114,17.743354112602535,0.43555640067232626,1.0345504290753897,1.9240252511413811,0.41974035402139026,0.661176840464274
2.884999687956736,18.642984533097145,0.45929196366107344,1.0291703211863437,1.9639514654631107,0.4068388491868973,0.6546464761098226
2.17679521791036,18.55232654822591,0.4828276073493433,0.9947276454441596,2.0140076915214338,0.4050962229569754,0.632599671681722
2.161824022746235,18.109286644335594,0.45521868404768884,0.9852918528398341,1.9622241460160277,0.42647358775138855,0.6045687198638916
1.4412385883182068,17.81948541400567,0.47489251507901226,0.9331639419067358,2.2131931597044483,0.41628846277793247,0.6541701952616373
0.6810613367599428,17.90735729598616,0.46971166097614386,0.8900580084966673,1.817671833296232,0.40908576796452206,0.6659083366394043
0.49221054988176244,19.126013089254556,0.5086984526073582,0.8556743222725319,1.7085792843062062,0.3835328196485837,0.6650062402089437
0.47199321731675153,19.614632062024395,0.5342612370132552,0.8579968378077405,2.05942210197936,0.368480920791626,0.6376169522603353
0.5620725741403337,20.824362256713336,0.5614492676531101,0.8514563087464939,1.89540756611149,0.35128796100616455,0.6163760821024576
0.22979434317849176,21.388134505975003,0.5646178193202346,0.82059293101628,1.6677728438786577,0.3570525795221329,0.6374520460764567
0.16481360616382812,21.660566240385254,0.5624234959929171,0.8194958480572438,1.6205497648148846,0.35281093915303546,0.6565132935841879
0.16733968528135415,22.85927899386869,0.5988847296405085,0.7759737413764242,1.4387450426746213,0.3327245364586512,0.6449151833852133
0.12103365871059557,23.164053020072142,0.6027726072614787,0.7927811124560437,1.4298951514064608,0.3312591065963109,0.6478869120279948
0.15121036132964097,22.381522937656666,0.6279564013892256,0.8232727299310924,1.7462432715479066,0.32057178765535355,0.6622929573059082
0.14045188034590617,22.58658767355314,0.613234406694066,0.8144330350297807,1.673385207011857,0.33508668343226117,0.6302842299143473
0.16689718930793615,21.98491303824359,0.6168440964039751,0.8008394481720614,1.9136891653965582,0.3270310362180074,0.649852991104126
0.2959593872444515,21.96697725066656,0.6751874469784377,0.8757024911882292,2.9892305559487293,0.2975798745950063,0.6409443219502767
0.30233617673329966,21.7687586980332,0.6771224377964357,0.8625781170169744,2.9591460831839362,0.31100410471359885,0.6338973840077718
0.318986097297556,23.059000623148165,0.7062867624216506,0.8450463691282574,2.9040829435032767,0.2849008391300837,0.6362314224243165
0.2780594745332283,23.79883854223843,0.7221015636176101,0.8201864999850885,2.5952719555543933,0.2757176955540975,0.6032857894897461
0.5186556803430792,25.359262755616072,0.7818049430126607,0.8241659334634139,3.8175665318314547,0.22481660296519593,0.6563686529795328
0.6526917865501042,25.444584933524656,0.794693766471525,0.8268209410688413,4.387822106969119,0.22001821796099344,0.6352177460988363
0.7573217591520599,24.558383924410276,0.7918197228061207,0.8135592985359456,4.9940137304117185,0.2248227149248123,0.6355867385864258
0.5376650349828429,24.433594479890118,0.7647462704987625,0.8168618477194599,3.826981448910642,0.2439604153235753,0.6455569267272949
0.5099385444141713,23.930430402714194,0.754658771149229,0.8128226427906946,3.7531573589916847,0.2586206371585528,0.6569365660349528
0.46325214707847,23.804044416878416,0.7328628849811162,0.7960103090207417,3.452587408492833,0.259775328139464,0.6602896054585775
0.3922847523870004,22.23237917007926,0.6819831455477549,0.8034784436762376,3.131325929426137,0.291228286921978,0.6472799777984619
0.33641938525425386,20.51349579779466,0.6281472415495027,0.806487997421538,2.7178611320894674,0.3461759587128957,0.5972475210825602
0.386765462716608,19.63746146112005,0.6382620944121986,0.7992934014369952,2.974206301796581,0.3296632965405782,0.626305341720581
0.41471651055964515,19.05119947389137,0.6139170238937166,0.8278537139922285,2.889178232502706,0.3347494304180145,0.665408213933309
0.4320736627162351,19.815863635841456,0.6357239125557297,0.8022488048882191,2.72299765711132,0.2876512805620829,0.6381704807281494
0.3208518725215646,18.854281925882336,0.5588607448253364,0.8186084754422084,2.044318683313514,0.3354494373003642,0.6138038635253907
0.487275189654006,18.236413348233484,0.6199264142644116,0.7961796604779471,2.9567065841632214,0.2965627163648605,0.6536646684010824
0.5564953077166769,14.129373263541547,0.32766827829690565,1.120925904784108,1.3475794940003378,0.43882975727319723,0.6559539635976156
0.43404920703219796,20.439984455709418,0.5051905399841071,0.9359440129956406,1.1070301760877923,0.3189898331960042,0.6047565142313639
0.41389920899001725,23.153159833554643,0.5671997895141567,0.8685376480398886,1.0219646313686266,0.2638521666328112,0.6588461399078369
0.3493338665938152,23.198442611932762,0.5799262341467813,0.8525074585881095,1.1999489074577676,0.24584301312764487,0.6003491878509521
0.14297690049311015,25.598675983799478,0.6547357918200027,0.8036286505592155,1.0079553933049887,0.19416802128156027,0.648283322652181
0.14363747209891228,26.642892144353635,0.6913424579955318,0.8082781569909666,1.1504087331625554,0.1676022683580716,0.6355328559875488
0.1372360416235764,25.57415739097813,0.7084986167036381,0.7913807555722409,1.1445756673874652,0.18369840582211805,0.6434805393218994
0.2016792240936105,23.511822638958282,0.7115462306909497,0.8033380464924692,1.5420007052579168,0.18362814684708909,0.6302336057027181
0.17969195192505572,23.86077884206497,0.7056817595272169,0.8195550516794182,1.4157516696559913,0.19840754568576813,0.6410384972890218
0.20525354461096823,23.223276294391628,0.6796084040355904,0.7894551268409354,1.1376297109349156,0.19607191532850257,0.6606270472208658
0.26261910266647925,22.621318235005422,0.5790910612308017,0.8103744255328156,0.987228192987506,0.20742544531822196,0.6567888259887694
0.27241718150427935,21.75744597088121,0.5652118043036142,0.7847164253438055,1.174836167974793,0.21822719275951383,0.6356977621714274
0.25108951384322215,21.492804397971526,0.5390787255299612,0.8346022448257931,1.0908023040099697,0.24888988335927328,0.6742791334788004
0.24211863295863592,21.864363439879213,0.5422776939759779,0.8097434714259878,1.006515633395937,0.2529362986485163,0.6634534200032552
0.2432207427580855,22.189348315522157,0.5582124587367652,0.8084431792574844,0.9961755785653766,0.2591619715094566,0.6390426953633627
0.24494284335626207,21.906035264707356,0.5733691782200602,0.8123115709212669,1.0750535183584986,0.2657168259223302,0.6661682128906251
0.24110235936387014,22.066999826405084,0.5774140271788425,0.7732644613222969,1.08424424107099,0.2609539503852526,0.6514641443888346
0.2518103528056063,21.69904074555024,0.5921286702005293,0.7948054263916026,1.19171535089209,0.2607821673154831,0.6578441460927328
0.23494925470048256,22.304621154308,0.5927525774752991,0.7791488819252014,1.0412595274598686,0.2674638231595357,0.6541800498962401
0.24681679151467475,21.993874311948016,0.6170384067905149,0.7812750827579308,1.209271565588603,0.2629822194576263,0.6505396366119385
0.23577254563916514,22.95444019017288,0.6159835042290281,0.7871164132681828,1.1264979827983517,0.2630248814821243,0.6461674372355143
0.2261898051499738,22.924619570521568,0.5693901388512804,0.8283212141402373,0.8896568076725525,0.2904516359170278,0.6526226997375488
0.22697735541312247,23.496625580799314,0.6004241838641626,0.8236198080379259,0.9062539112753104,0.28943375249703723,0.5735758940378824
0.23359695775374753,23.975377935313706,0.633127120681554,0.8089193638254549,1.0552002974963357,0.27205146352450044,0.6394830544789633
0.24306812011829293,24.2960786425196,0.6518182463927925,0.8043583867951197,1.1466597138773384,0.26781329512596125,0.6570477485656738
0.24968394439686048,23.964122865390056,0.6331685696674962,0.8161071230267911,1.1227563731197692,0.26525199413299555,0.6812760829925537
0.31994951505074753,22.383159070075553,0.674999748394276,0.8056096364297956,1.5928166641147758,0.2478194683790207,0.6448462009429932
0.3347021679515591,22.215311545133748,0.6857531327316734,0.8095218441406979,1.606307586943953,0.2405245850483576,0.6427407264709473
0.3128505358905688,22.99437491879283,0.6832822847848693,0.7931430377461357,1.4830075543201267,0.23718853543202076,0.6328059037526449
0.2869846677468641,23.612001286903737,0.6748799892621985,0.8135619669757662,1.380072295168964,0.24373860160509742,0.6655112107594808
0.26550093262712227,24.38625364975719,0.6727233144320636,0.8403999749385748,1.2369339779011097,0.2543456653753916,0.6517528692881266
0.25453427394777434,24.840730853222286,0.6555739622825619,0.8121708786213455,1.0799543769654696,0.257223884264628,0.6549944877624512
0.2560629272264736,24.68150454930851,0.6643253332145252,0.8178517801793443,1.0861598538633523,0.2557661831378937,0.6591238180796304
0.23735509243992314,25.47949569638183,0.6648661910931247,0.7939277185778887,0.9571821307865364,0.24788835644721982,0.6304670174916586
0.23031016791258305,25.135279594693927,0.6560342361426198,0.825454139821311,0.8759492000362391,0.2637510101000468,0.6530932585398356
0.22516069387314344,24.74143632350821,0.6641008094484874,0.8280114171958077,0.8499354412354934,0.2701349159081777,0.6626860300699869
0.2167447160900774,24.774331927526045,0.6768720229571996,0.8480527095864248,0.8086746695314891,0.27670707801977795,0.6490232944488525
0.19863950799056732,25.466491825665685,0.7166743197089138,0.8050201022718776,0.8335385205304243,0.2471189846595128,0.6113223234812418
0.17888001508633203,26.097437925106505,0.7397537408530979,0.7969544909133877,0.8201164980159028,0.2361388107140859,0.6626607577006022
0.16417599553707332,25.99509554665667,0.7354190545601916,0.8014841079393838,0.8362480373631538,0.2372910678386688,0.6497787634531657
0.10331380050329582,16.827284387058963,0.30125582821639163,1.2738063947820664,1.098454342141405,0.4713375469048818,0.6450648307800293
1.9000807431507276,15.634185478824056,0.37178370124597837,1.2244571026074988,2.74856634017473,0.43616269032160443,0.6548300584157308
3.75602116256578,18.458590934658805,0.4254148978400716,1.1812473269060817,2.1505958205093108,0.39501198381185526,0.6190900007883707
3.6726017569708187,19.027593611462333,0.45238535802640584,1.078351727630996,2.154468548148698,0.38266097009181976,0.6600875854492188
2.632393401511582,19.64990424085942,0.46038143669885995,1.0388380364816086,1.7516849468882925,0.3797001888354619,0.6463788350423177
2.0526379678326436,19.408007435986388,0.4513021766113181,0.9700677140226923,1.5093527793849084,0.384137528638045,0.600204070409139
0.9733214134757179,19.849006458989475,0.5286541141613249,0.8897083812452871,1.737681100256318,0.3393606369694074,0.6440551280975342
1.5668341312607164,19.955186547681325,0.5267482995275246,0.8987036278938628,1.8632200867545832,0.33993381013472873,0.6280535856882731
0.7213047364008549,22.3735917260374,0.5420858458599906,0.8429150700717166,1.2432610124582497,0.30603867520888645,0.6592429478963217
0.6258349050868913,22.44343391156869,0.533417641701143,0.8594797783675991,0.9917710544354591,0.3169179658095042,0.5858635902404785
0.3713966476325235,23.458287933716264,0.5527481367424644,0.8490506944505439,0.902296549484282,0.307919293642044,0.6525777180989584
0.26010384456149466,23.73254108377007,0.5747277087488208,0.8536373249281679,0.8513939351235807,0.29874302198489505,0.663938045501709
0.22030805072937307,24.120939442596427,0.600555502343953,0.8331172698490142,0.806426748078742,0.28660280754168826,0.6569259961446127
0.2534078519029785,24.37135430430818,0.6075425980695588,0.8006210613321416,0.9030890282529801,0.2821417152881622,0.6419468720753988
0.2194425433402468,24.669804489087735,0.6272395817603263,0.8234570666959543,1.0222264977591227,0.28295992563168204,0.6566818555196127
0.25681474703969426,24.067455555832286,0.6226396008985243,0.8208327127637706,1.1379455386878494,0.2898257275422414,0.6689111391703287
0.2781643274433863,23.474657974946563,0.6112818318702926,0.8016843422032173,1.1023105440990848,0.3014056285222371,0.6088744799296061
0.1832965006085274,23.955365818294833,0.6392880227357143,0.7715042584883683,1.063137236514584,0.2999091694752375,0.6351134777069092
0.1648006296357199,24.030749537808628,0.6470382829796882,0.7843370840453541,1.0256310569674298,0.2978504846493403,0.6439406077067057
0.17019523300711029,24.841917740493106,0.6775711901262008,0.7579301142196556,1.218283385227488,0.28439547121524805,0.632889191309611
0.19549644583162484,24.108081072574294,0.6684522465699638,0.7941759967940394,1.3361581260660067,0.3063699280222257,0.6410365899403889
0.22657434601024054,23.132476809236355,0.6868326078444511,0.7919031343032624,1.6953202367536546,0.29659977058569587,0.6444459756215414
0.26150223652992094,22.319834377446764,0.6930531034351181,0.7803416927835639,1.9447468650784137,0.29241147140661866,0.6598343054453532
0.3627522059152953,19.7524432416188,0.6902099441629943,0.8093242331368261,2.5395380864636827,0.310349037249883,0.6458883285522461
0.38530560143805426,19.397479066552645,0.6906845442764665,0.7923899166055558,2.555693685551961,0.2980277289946874,0.6508582433064779
0.34673532066754537,19.6970597837927,0.676880513539939,0.8081815517604038,2.4120681987624897,0.3221433212359746,0.650216817855835
0.4544934190540139,20.24302677924028,0.7119106021886781,0.7854881889800827,2.845408144614771,0.2982144057750702,0.6587628523508707
0.43415852278297146,18.934627614141295,0.6816913557050494,0.7949950003840742,2.728470990178868,0.31283199290434516,0.5958308378855387
0.541861030458877,19.192860842747915,0.6868389423958708,0.79533298237188,2.987897476455251,0.2906992385784785,0.6758495171864828
0.7650536185709903,18.602403794490133,0.7041054817286071,0.8622387140768968,4.030046684353812,0.2984284907579422,0.6654721101125082
0.536884112419346,18.740078912625556,0.6812630718116436,0.8109225997560806,3.180932403592799,0.31908934315045673,0.6691731611887614
0.31637564587150896,19.760729487300694,0.6479314966932624,0.8115992262970871,2.170124777078128,0.32966250181198115,0.6497642993927002
0.4889176801460368,17.56427756723539,0.6423154912901818,0.824106976806934,2.797632182305852,0.3280620326598485,0.6555899779001871
0.22808442435363885,20.905076976696385,0.5771915213291674,0.8275712099923181,1.4293187620250454,0.362729733188947,0.6333317756652832
2.3350735701835457,17.150490160373142,0.4128742415542394,1.3583213510947127,3.600956566136876,0.41092888762553526,0.635308027267456
8.750794325052222,25.25244959721269,0.4771799987013523,1.0894782720639389,1.8475385999274943,0.23687229553858435,0.6366312503814697
3.0988710728140965,26.715608474218424,0.4819589278577308,0.9900778305805535,1.1828909774712573,0.20946587994694707,0.6777365207672119
0.7912721024900478,28.635210624284056,0.5510860756555955,0.866431904802587,0.936489191566984,0.14898638799786565,0.6601031621297201
0.36456820902896214,28.512572943961572,0.6011710061508607,0.8280236205011081,0.9264775869832705,0.1354512274265289,0.6281642913818359
0.21050704522815786,26.41002461167592,0.615613478284272,0.8368052586143437,0.8493206175867444,0.15456670274337128,0.6474513212839762
0.1832949418923575,25.902278889699417,0.6645754671481516,0.7983637604377085,1.021412231007558,0.16132781157890955,0.6060357888539633
0.1566613594580234,26.633599868306874,0.7071881763918876,0.781254328384346,0.8713798185171399,0.1622133503357569,0.6504185994466146
0.1456632098412777,26.807249646302896,0.7180568605644756,0.7994534399953251,1.0216523992869706,0.1740418349703153,0.6629393895467123
0.15518666425156696,24.973542979183023,0.753442350854829,0.7801999593405619,1.0922761736517828,0.18160439034303025,0.6570885181427001
0.19051667174980733,22.80000540057588,0.7445762687326933,0.8112661602676337,1.2690194118058624,0.19068615883588788,0.6317217350006104
0.1852650007097818,22.98403522646629,0.7384147565212968,0.8215302173384389,1.1039926229145023,0.2104017237822214,0.645676851272583
0.20110556948128724,22.326363214992913,0.7287478642589179,0.8256612991146316,1.2093238007361793,0.22549541791280106,0.6487816174825033
0.18498390298876885,23.57927428863938,0.7291770919375299,0.8085536351166379,1.0762952989368153,0.2318049594759941,0.5910951296488444
0.20748657080842928,22.84082036664182,0.7151936607051278,0.8107844595779253,1.140336157884061,0.2275951703389485,0.5994166533152262
0.2514325261756217,20.95536227048292,0.7218834821071543,0.7847824257608623,1.3475617017877202,0.23697433869043982,0.6451721986134847
0.24173501374586268,21.6110935485131,0.7143511773961961,0.7812747134001333,1.2901923113791827,0.23669557770093277,0.6094228426615397
0.23924115914169794,21.72958359126675,0.7136998012555765,0.7684152149118226,1.2693972633223185,0.24702303856611244,0.6393608252207438
0.2856124249055932,20.30896561888464,0.6945756361859295,0.8108000549593024,1.4521863362382437,0.2608505884806314,0.6509153048197428
0.2383557488973851,21.9833495701569,0.6920777974412217,0.7998214174556627,1.2306059968629697,0.2480670313040415,0.6533295313517252
0.23607183719968847,22.104717554267854,0.6781557838169286,0.7925895015572495,1.1749451468577763,0.26234652101993555,0.6620949109395345
0.23064621052583087,22.30111336942295,0.6567006320074803,0.8027939169609303,1.1007709643107193,0.2773670603831609,0.6806446711222329
0.2196693270157736,22.809023935546463,0.6598417984307031,0.7831438167873269,1.0261394396503438,0.2773365477720896,0.6333337624867758
0.2207724101585992,23.304339145911552,0.6462689742966897,0.8224698347032917,0.9406058911364092,0.3034537335236867,0.6451141039530436
0.2233844088900058,23.909910320295566,0.6408040822228744,0.8255184051085274,0.8697814122186327,0.3010763277610143,0.6273564497629801
0.2482100043543245,23.01177010410912,0.6683600326776152,0.7953267298047506,1.0433273606675304,0.2888047397136688,0.6117072105407715
0.26893650246662065,22.407543161975287,0.6817212775562117,0.7981508606217268,1.137869910436024,0.28816149135430646,0.674185037612915
0.253433929080533,22.476908359334498,0.6576986417726783,0.8026813959617307,0.9795392085312855,0.298614631096522,0.6027398904164633
0.2503419524352893,23.060767895408727,0.6429482609009644,0.8399053884109134,0.861651470721145,0.3110581040382385,0.6553433736165365
0.2531845818668295,23.13811726173034,0.6451828972323593,0.8344438236558784,0.9054080109683609,0.31819481650988257,0.6298651695251464
0.25132567611825585,23.877887562573946,0.6566102321024531,0.8192186561180576,0.9039985845997119,0.31133951743443805,0.6635390122731527
0.27536889705984413,22.386847115348647,0.6451755926955236,0.8406083267623788,1.0362519788281432,0.3178111066420873,0.6588028271993002
0.25354594292982174,23.36254611935107,0.6338545738005058,0.8419261989589385,0.8656041699517761,0.30322309335072833,0.6606675783793131
0.24111134085321093,24.7375100321819,0.6468720236710839,0.8564145067289749,0.8101001061135085,0.3001147260268529,0.6582632859547931
0.24166926494911403,25.006332754502974,0.6518629000707857,0.8418587963905373,0.7762991571986796,0.2840313166379928,0.6406347751617432
0.24577267132633182,24.921701416964794,0.6438998107484663,0.8319147841581663,0.8072971344462371,0.2687754184007644,0.615588903427124
0.24231388643412868,25.33949480376202,0.6552927678295057,0.838261199502386,0.8585090042927813,0.2524811774492263,0.6057710647583008
0.2352306445403618,26.356252309102718,0.6769883821978908,0.8055729213893095,0.8121275012946564,0.22088274856408438,0.626601775487264
3.541800192256226,18.224870025756825,0.43129270231957273,1.279235056634195,2.7778720341218572,0.38831807424624754,0.6168818473815918
1.0670733993032981,18.917346320055213,0.45972549766229887,1.0633575719007293,1.535761760999246,0.35365548233191163,0.6269466876983643
0.9463317394332655,20.56442286796666,0.563057029070578,1.0683460539976823,2.863971389609212,0.2855021928747495,0.6632063388824463
0.44675772749553005,19.57813329883345,0.5298519072023323,0.9220065421543419,2.093517496866063,0.3121030206481616,0.6495686372121176
0.3345257523045908,20.190697115931158,0.5644091974401302,0.863461520187402,1.8323484400439563,0.3070999160408973,0.6597882906595864
0.2739062339113582,20.33912267754008,0.5911678501703346,0.8720411935154194,2.1207981214992224,0.295095774034659,0.6481736501057943
0.20730675942211496,21.412369452775096,0.6156889138788001,0.8632450254205527,1.780081485733864,0.29372770339250565,0.6102660497029623
0.19127886719353768,23.961885389677278,0.6176193930301063,0.8343619965087231,1.133832120096432,0.27394411464532215,0.6216514110565186
0.1692447729803932,25.454060186337276,0.6742146540651586,0.8003803560027025,1.0714476424150636,0.22974898914496097,0.6427175203959146
0.19426581865004802,24.883643717706715,0.6744841286743863,0.8024692716602105,1.1209296541806013,0.24931660294532773,0.6570130983988444
0.19111423008970863,24.7044019649466,0.6807389929722233,0.7675128975142164,1.1982402325650472,0.2377974763512611,0.6528773307800293
0.21021320976262126,23.949586218268944,0.6632600133046589,0.79291601361902,1.3380229917457453,0.2665981551011403,0.6518157323201498
0.22376726121107637,24.54224407563561,0.6714670106914777,0.7837008503112178,1.3451964301198363,0.2642896845936775,0.6587305863698324
0.24628730895411036,24.24777440970632,0.6810712913142977,0.7761615904825724,1.5644671391721203,0.25781805813312525,0.6207502683003744
0.24476642035272644,23.936182755055643,0.6703103036223044,0.751178513338968,1.5478486952827921,0.25456351786851883,0.6658360958099365
0.22681185461695627,23.9814397608002,0.6147868651378475,0.7821814802596628,1.191217080387293,0.2678710967302322,0.5679740111033121
0.2223627526947973,23.946393392092933,0.6058710717218031,0.7555455645629846,0.9862862185532729,0.2719983905553817,0.6572232246398926
0.23038528939696767,23.410980891677145,0.5937456070122089,0.7508024784611488,0.896329962268083,0.27913919091224665,0.6514312426249186
0.2314814486582556,24.112318977220696,0.630965600602826,0.761036789090098,1.2414452011137487,0.2887664586305618,0.6415440241495768
0.26036551578587636,22.673688770689996,0.6455568497545999,0.7763681298781716,1.6593442118652906,0.3005754177769025,0.6361889839172363
0.28851147582819686,20.52788540150314,0.6159561363483763,0.7690088313262312,1.870372816354528,0.3037514239549637,0.6451392968495687
0.23866603646599616,21.755719971799902,0.5798995860161259,0.763446680369316,1.3044212698931028,0.32024943083524704,0.5964694817860922
0.2641127742888182,21.25043157099717,0.6180868374989752,0.7584514019454117,1.655136840806046,0.29783893128236133,0.6248599688212076
0.2386429451096689,22.941736341885647,0.6132577734645466,0.7420288116439546,1.3559345294573395,0.3032037019729614,0.6334481239318848
0.22795497242217455,22.443006203960536,0.5870099610984222,0.7583698509672522,1.312031799253117,0.32516743242740626,0.6477009455362955
0.2806118381269118,19.613266043242252,0.5945796800482596,0.7911501945947835,1.7441052430757822,0.33472099900245667,0.6522159576416016
0.24111946513195592,21.66741397696433,0.6278703590235698,0.7534163114147651,1.5086501418242817,0.30487007896105445,0.6582827568054199
0.22171207219926656,22.066025972658647,0.5677645335771176,0.7741004538499935,1.1148040514853599,0.33259710669517517,0.6453460057576498
0.22690463818930254,20.429198495608755,0.5371449533456871,0.8072456549501986,1.12785046759514,0.349127600590388,0.6674399375915527
0.2199927321487146,20.17000865597851,0.510598653299895,0.8233794603112452,1.0116357099013342,0.3567491869131724,0.6309744517008463
0.22292410298605078,20.30166071442103,0.5937813472456585,0.8038670757859312,1.4297223878168248,0.3226036528746287,0.6807325681050619
0.20864197571731188,20.702216138977132,0.528594067718844,0.8249169987590662,1.0061250935005268,0.349601889650027,0.6032925446828207
0.2165179070668023,20.214589589032688,0.5941132487594419,0.7850887616390164,1.3889077416425384,0.3172409236431122,0.6472139358520508
0.20871501805400358,21.002382095412365,0.5342226010733581,0.8131929038483334,0.9982571939146592,0.3393518775701523,0.6568661530812582
0.2244773507131045,19.523079907900275,0.6101433847069256,0.8066289109360593,1.4633108678589206,0.3081648846467336,0.6750084559122721
10.001623155466302,19.43719322043383,0.44238648106643486,1.4975931615600657,8.976008702903965,0.37799493223428726,0.6280663808186849
3.6285641646193696,20.32825539902849,0.45508948971604996,0.9824219207214573,2.6827987400408166,0.335926353931427,0.6492818196614584
4.308216556373684,20.279220889203263,0.46238921875691547,0.9889922232365235,2.6262313523544814,0.34390284866094584,0.589110533396403
2.836816594222947,21.15766685561377,0.4944917888563916,1.0120485934534795,2.270223920656386,0.32797429462273914,0.6320497194925944
3.526001581751044,22.38927305737494,0.5442319485717235,1.0298053904798135,2.754519500325468,0.29707511017719906,0.6517890294392904
2.2711882137222803,21.213053371964886,0.523171261419185,0.9491385811592813,2.2067823559791013,0.32332851241032284,0.6241003672281901
1.0269972305188617,20.64866223245901,0.4959992697523905,0.8879355429518913,1.5747269607779,0.3357497975230217,0.6642151673634847
0.8238153793299992,21.98368179937829,0.5751635584389984,0.8619734389007873,1.918043516856925,0.2943247059981028,0.6939812501271566
0.2644597405113865,23.7917111067467,0.5774508047902049,0.8491300549337645,1.0516960359587988,0.2784826010465622,0.6713997522989908
0.19470393230860672,25.028854623046232,0.6120936467038981,0.8373036333688099,1.0575147340628808,0.25974791000286734,0.6707825660705566
0.14757002473281666,26.11932522004665,0.6473671615790776,0.8171216621478313,1.0084654653467808,0.24040478219588599,0.6125290393829347
0.15076303174170236,25.786136014136755,0.6408679886670167,0.8065214558933368,1.0265713975644661,0.250895490248998,0.636471112569173
0.15438759332863014,25.536872414936784,0.6495850876648399,0.7801394086019867,0.9886552540786493,0.2568154086669286,0.6470556259155273
0.1658323546732789,24.94421317382294,0.6492071299899621,0.7856173787466463,1.033083674289909,0.26521578927834827,0.6304021676381429
0.16882636753442512,25.56557064798521,0.6756035304698617,0.7675379345795467,1.185569001126905,0.24720155944426855,0.6304832299550375
0.19919433526341024,25.25419112713685,0.6949089235314401,0.7838571794794055,1.5784851021161803,0.2515706767638524,0.6488374869028727
0.1983405340350822,24.86843694662046,0.6721677600661198,0.7755358036366667,1.4196452680848666,0.27091850588719046,0.6380505561828613
0.24174453042185087,25.61167184623128,0.7138360911241698,0.7529708575633459,1.7004086346550402,0.24610169480244315,0.5854490598042806
0.27610886573018933,24.512382204856547,0.7005712350426251,0.789176340203349,1.93739453260498,0.2627940798799197,0.6393735408782959
0.39215872052283024,21.056673865807866,0.7148863401230385,0.8065990814680682,2.7223520635872323,0.2614516243338585,0.648582379023234
0.2796030715083809,20.579130157866874,0.6586178053934192,0.7848911983757128,2.026396008733014,0.2818346222241719,0.6514297326405843
0.2884826494208427,20.82106626631911,0.6629641940813897,0.7571833970376586,1.9404925011607412,0.2784348924954732,0.6456804275512695
0.27355659520551395,21.02266875266898,0.6445191255826205,0.7938225789686877,1.793518542372648,0.2932324906190236,0.6274677912394205
0.3157299799700092,21.022588226009844,0.6647652516519557,0.7596078858421622,1.9616275015478213,0.2750766004125277,0.6129225889841715
0.24049447773144675,23.371304971687405,0.6008467411687067,0.7822661348636641,1.1444189635965278,0.297220637400945,0.6516367594401041
0.30791006569443,20.482424536983157,0.6282839319185504,0.7677035483183515,1.890823980758445,0.2792663325866063,0.6648576259613037
0.2329326988799334,21.574077482674245,0.5873348673823343,0.7702290152841221,1.3523571398289755,0.3033238599697749,0.667095422744751
0.21791460344165406,21.903909364312767,0.5432630230838881,0.824529545624177,1.052705555328808,0.3383798996607463,0.6359159151713053
0.2227343026039983,21.813810230280477,0.541735272441668,0.8038283867756825,1.062310403531159,0.32807220021883643,0.6737773418426513
0.24029249932887445,20.609285857426908,0.5744486695358275,0.7840513786026593,1.293939441357451,0.30301689108212787,0.6263024012247721
0.25090690542677074,19.72652919727445,0.5729588447128976,0.8109427301280885,1.3951137939974625,0.29776048163572943,0.6229046185811361
0.2286427231002844,21.08316650926752,0.5720005616019784,0.7888911331328717,1.209462908319004,0.2868699431419372,0.6551047166188558
0.22254964326241844,22.09929407446006,0.5571079239376858,0.8171854336123033,1.1516711768533552,0.2831662595272064,0.606071949005127
0.21820518604896066,22.752583650769466,0.6034827739302314,0.8081364208895486,1.2479232634540693,0.24999013543128967,0.6365412076314291
0.21182520977505537,23.000955919481655,0.5748241072713584,0.8389112847596133,1.1415095620711353,0.25725949803988135,0.6565031210581461
4.027711133194349,22.144974090770717,0.4785366209199984,1.0480985093830852,1.5900857396382257,0.3016267853478591,0.6216336091359457
2.763947949768429,22.417777902060482,0.48965010522559127,0.9827903706178374,1.268416107079143,0.3060189535220464,0.6480817000071207
1.1569744662690111,22.71853195629612,0.5489957542334086,0.8829239159750365,1.416775205604365,0.24224505697687468,0.6527941226959229
1.332899182247987,21.709107265509903,0.6085203399438571,0.8687392660683049,2.1323467343985545,0.2021826170384883,0.6336239178975424
1.6797856964942923,19.817575274749196,0.6339222612316501,0.9386056356385198,2.990361280826967,0.21485680590073267,0.6441122690836588
0.847186580242461,23.2719114884616,0.6640746263821486,0.8616169996570667,2.3586429275638316,0.18650296578804648,0.6144027709960938
0.25278673403362567,27.40746108881885,0.6802397125683367,0.7767868283881155,1.2774931306745982,0.19086654235919312,0.6316448052724203
0.16423741884564994,24.55180841130605,0.6516493807827383,0.78065475758928,1.0823357521343118,0.25969388087590534,0.6437214215596517
0.15863768075396992,24.574360984219492,0.6569750587870419,0.8171267240003605,1.0776700891060147,0.2610561847686767,0.6512432098388671
0.15209967449490214,24.183982396572105,0.6625443640579866,0.8070863874996421,1.0694822351978297,0.27400364975134534,0.6646901766459147
0.18004583286845963,23.56923154376892,0.6900023928884592,0.7994584839930675,1.3643481666289627,0.2641773074865341,0.6494205792744955
0.1595071250516261,24.243464673576597,0.6860539855800609,0.8098449361671763,1.0482190307457067,0.28026237587134045,0.6613106727600098
0.16484179920043063,24.589386628133212,0.6950784841333014,0.7966335157158507,1.0341843946926998,0.2701833943525949,0.6325692335764567
0.17291914084299354,24.27463657162654,0.6828770535720591,0.8013923740397554,0.9904434784651963,0.2779657244682312,0.6530231634775797
0.1832705449129051,24.32046988050097,0.6879950011206515,0.7910085243840301,1.1254271802646112,0.2723097850879033,0.6526699066162109
0.1931030454304801,23.33917637887915,0.6394764077753674,0.7992970380545931,0.890614812012823,0.2916153421004613,0.6556004683176676
0.2009830075655489,24.677982852797708,0.6847200292297995,0.7994823580911575,1.1272866936453185,0.27740273873011273,0.6475480397542318
0.21178786802720118,25.319869323300267,0.6982514762820995,0.7989537870454537,1.156985131111371,0.2690649429957072,0.6360090573628744
0.2191494181932815,25.03697897877583,0.6915748080374433,0.792953186817346,1.1913911019675718,0.2754983827471733,0.6361472606658936
0.23051113311062296,25.922697577603046,0.6996152959962161,0.803771994249696,1.1291917128113018,0.2680230587720871,0.642207145690918
0.23881044677307064,26.358503991415727,0.7135738994468879,0.7870044940701645,1.09813289224903,0.26351787149906153,0.6595449447631836
0.2414452013856305,26.330199108212053,0.7084754867092341,0.8074617437773403,1.0799577146441017,0.27087587614854175,0.648526668548584
0.253515498322705,25.917947635816557,0.7103550752806531,0.8089770857295164,1.1222119989180486,0.2776191135247548,0.6545425256093341
0.2567070529396462,25.58298880827101,0.7103873408023831,0.8125840773310342,1.1080307966346716,0.27434213956197095,0.6541744867960612
0.264164596772053,24.994939835214087,0.6946750279356418,0.8309129599922894,1.1120009955352212,0.28308146695295966,0.6564091046651205
0.26404411533300415,24.648912849402496,0.6926862259448625,0.7877517897137979,1.125596483796289,0.2729874203602472,0.657503604888916
0.26647471514719195,24.024551343128262,0.6813276096688914,0.7991320750706309,1.165996886091585,0.2782300263643264,0.6521564324696859
0.2549347685968673,25.003962127861772,0.6590602099043087,0.8294942599034084,1.0470921704369627,0.2885250896215439,0.6388735771179199
0.24919188995097719,25.282884823475225,0.6543176210312129,0.8198670991109948,0.9793413980591428,0.2917510817448297,0.6231429576873779
0.24917711845678694,25.3006112515161,0.6504693997257864,0.8234857537598467,1.0068262429809238,0.2803157866001129,0.6204359531402588
0.2627839203430855,25.064077751321364,0.6770326111401634,0.8180530073563178,1.1642411120314105,0.2665340503056844,0.6194962660471598
0.24446757960531076,24.03617854704549,0.629818488595756,0.8250029703929309,1.020550672879971,0.27237122754255927,0.6642080942789713
0.11660878405489362,16.768605592257206,0.3038608324743212,1.2674518292991113,1.0955477536082656,0.4750933075944583,0.6490490436553955
3.1689592537047204,16.795890410473007,0.40632599225452015,1.206736122584658,3.458212861082757,0.4173467680811882,0.6509016354878744
3.255644721551589,20.039584143261646,0.4626151973420325,1.0444360456414703,1.7452396640254,0.3552804663777351,0.6553772290547689
3.0040540527990007,20.00543087433657,0.44554005878001396,0.9754913322181243,1.5701190084021368,0.3587928985555966,0.634681781133016
1.2137774112620763,21.092819700711257,0.5020337713464934,0.870878652752658,1.2555205023900509,0.32133742173512775,0.666853666305542
0.37590749360542236,21.911861601429848,0.5461106860368691,0.8239197704417348,1.091322052375758,0.30357451240221656,0.6619307200113932
0.2085751261375287,22.226590718089238,0.5805537970985778,0.8185878658161464,1.1014990290228688,0.29489830136299133,0.6679509480794271
0.2270455987920087,22.38320251699366,0.6135455755686595,0.7937293021578246,1.3521612283703845,0.28389936933914817,0.6210078398386637
0.2209577585024042,22.105073864984732,0.6398536559794272,0.7737933833043765,1.4981368695490211,0.27515116333961487,0.6414168675740559
0.15713996773457184,23.425209906741788,0.6399885754190209,0.8137178147305134,1.2781163331309324,0.2824540138244629,0.6491804917653402
0.14976737906652773,22.840677997051753,0.66821735268545,0.8027532052447558,1.2644349047181007,0.28844028214613593,0.6201710700988768
0.1617600262592331,22.145777906628485,0.6731607730979426,0.7928847808399585,1.2246651830281574,0.2911851604779561,0.6490340232849121
0.17857479070107649,21.713060878890257,0.6807834066544859,0.7975332443248365,1.348940200949554,0.28740886350472766,0.6408148606618246
0.19068510495084198,21.069524295788586,0.6702053383890609,0.7770671544255804,1.3661101339286494,0.2937926376859347,0.6191826661427816
0.21579737378980193,20.400616467217446,0.6566070098863356,0.78742516270328,1.4167620584490643,0.2981068342924118,0.6343822479248047
0.20165068706971687,20.815332916236475,0.6155787933581995,0.8031202233081235,1.1273176303958765,0.3111056288083394,0.6575872103373209
0.23296935902533275,19.758165836032983,0.6233569975013172,0.8009203491674227,1.3515394555739533,0.30512485404809314,0.6346220970153809
0.24281704866569676,19.50997744416776,0.6147590120911207,0.78691491442012,1.351104231407122,0.3054446180661519,0.6320163408915201
0.2787207450672765,19.328807559779197,0.62817580449328,0.7752820149886687,1.4954943573684745,0.3031560530265172,0.6556533177693685
0.25286483606525806,20.477762618184197,0.6234826249937792,0.7907029621717573,1.2939804466627602,0.29566518465677893,0.6284972031911215
0.2715882286370442,20.852323367928754,0.6435290158370713,0.7730207446038683,1.3968099530891571,0.27642992635567976,0.6667157014211019
0.2650657578294535,21.393904465127623,0.6422838844419068,0.7822795483959978,1.26414430270563,0.2835177754362424,0.6425286134084066
0.28188711446428066,20.52252522394691,0.6214917647765976,0.8184450558783833,1.3019610580242111,0.296962430079778,0.5762607256571451
0.27070937008463786,21.302080551280874,0.6174978882252654,0.8302503924950858,1.188555606369434,0.3086571792761485,0.6304554144541422
0.27010796628092626,21.76307986548635,0.584894410207713,0.8433747912119044,0.9915142638042876,0.31916964054107666,0.673207680384318
0.2593377249413567,22.540557474376318,0.5997155428847697,0.7839927601153827,0.953105544378264,0.2967011829217275,0.6715020338694254
0.26020883325321315,22.54639844218386,0.5655514239086493,0.8196514695132726,0.8280240068987744,0.3140592277050018,0.6387972831726074
0.26350218211825677,23.781518876537817,0.6157621380511341,0.7844885115905509,0.9876709967032401,0.28494445234537125,0.6324618657430013
0.26739052547321346,23.21683456918055,0.56813950807524,0.8194516629047705,0.8241701322737508,0.3000334004561106,0.630975087483724
0.26042739015500976,24.173131185630425,0.6014766114820808,0.7796274944553225,0.9125675867411446,0.2645031884312629,0.6323595841725668
0.26227998941879754,23.71167217945413,0.5848507986160864,0.8315261249068501,0.9408990010814077,0.27195683618386585,0.7014274597167969
0.25741737582376534,24.090842107180894,0.5987876138933251,0.8098079380837961,0.9025773209934439,0.2560387576619784,0.6731444199879965
0.2576778891768929,24.029201273404052,0.5835462616860548,0.8252802740605922,0.8589806204756129,0.2565710643927256,0.6607685883839926
0.2598534501438149,23.44339301187871,0.5763403271541753,0.8315449041234418,0.8348464209427422,0.25477611025174457,0.6366786162058512
0.24122799655752444,29.3637567203737,0.6242627847558455,0.8395960314858305,1.3645820037972676,0.1249833777546882,0.6519587834676107
0.08852259759049909,30.68078398929164,0.6575325037175981,0.8477014729778629,1.1524695173963042,0.13810215642054874,0.6478064060211182
0.06861182576936474,30.04474939021799,0.6888800854910887,0.8188145662396084,1.0454548653310767,0.1447841500242551,0.6831831932067871
0.12680268805006642,28.25021554319793,0.653553804280592,0.8285164044156487,1.1458849525797998,0.1785006672143936,0.6484990119934081
0.11118062283453507,26.344352540731233,0.710358878571108,0.8141077731716028,1.1097794765422493,0.18505427241325376,0.6525501410166422
0.1248283501959991,27.11218488728225,0.7394430769958488,0.7806146008478168,0.8716558899054814,0.19731440643469486,0.6128471692403158
0.14292099769719233,26.148144345108694,0.743768361402255,0.7826766697131018,0.8965165843054804,0.2100959618886312,0.62918488184611
0.15545665243788506,25.98167800763224,0.7582557619411023,0.7702789076851658,0.9677516245177854,0.21636154254277548,0.6485662460327148
0.1682474181190673,25.570642006301117,0.758493863466112,0.7944579890998308,1.0244236055620541,0.23125990728537235,0.6650363604227701
0.19852731248751646,24.373409328455043,0.7665752485458665,0.7680025285682156,1.122744935904518,0.23397948841253913,0.6558492183685303
0.22513923367344998,23.671619577521863,0.7386336902088265,0.8037191998176171,1.1453940132461673,0.2533438007036845,0.6748158931732178
0.27383350702278025,22.853966696601173,0.7549593371663619,0.7884039689749259,1.3966282343841498,0.2483141521612803,0.6529723803202311
0.28499910989421956,22.57186997839592,0.7454389940513458,0.8048444970776568,1.4409709789718563,0.24677252272764835,0.6503326098124186
0.2984344276627193,22.413668850602942,0.7423411844340565,0.7862497806507216,1.4906607759554296,0.24768865108489982,0.6531182924906412
0.260128122825463,23.105458656647006,0.7183749717240016,0.8015732008562443,1.2227472464121172,0.2602888991435368,0.641700029373169
0.24650672762057502,24.225779063644893,0.7169470780448837,0.7991574014113971,1.131327287112157,0.25706114868323,0.6684340635935465
0.22728591239180643,24.957643624508666,0.6903249009728164,0.7936473226529756,0.9389623307371946,0.2741269767284393,0.6727407773335775
0.22765957595870875,25.871993771028155,0.708625855967877,0.7863695305502666,0.9797859446360974,0.2670190036296844,0.6497325897216797
0.23746990849988522,26.25187281705082,0.7206778645290263,0.8310148843016066,1.0478773717577539,0.2691282580296198,0.6536228656768799
0.2549674395679061,26.842700065048486,0.7392115775169592,0.8227849083213356,1.1013042057905222,0.2580151756604512,0.6457664966583252
0.2691159190222504,26.980585758845454,0.7460293251686565,0.8093551746777076,1.1172920408314606,0.2655630906422932,0.6702959537506104
0.2875083683460539,27.146190332168022,0.7518381168407502,0.8124332769403096,1.0860592985597533,0.2508159627517064,0.6051634152730306
0.33150843731218554,26.698136516150697,0.7740692267804069,0.8329009889331177,1.2373884315358346,0.25094543397426605,0.6388816038767497
0.3435456205885404,26.41844383558627,0.7742100630929025,0.8141838983305028,1.27363240574734,0.2546959271033605,0.6826401551564535
0.35862912327647284,26.00718470441494,0.7643616751038805,0.8250846865638769,1.3039275398024406,0.260233740011851,0.6454284985860189
0.37008325462688146,25.332135542676497,0.7763403889957724,0.7894527175504072,1.3917482906178928,0.24187307059764862,0.6410244305928549
0.379313030401982,24.966380824052095,0.7674120216164139,0.8012073481492713,1.4139549583543676,0.2558903495470683,0.6457029183705648
0.36337622866184294,24.227623278180292,0.7483348935391004,0.8061031995405976,1.389591235921084,0.2585100332895915,0.6540668805440267
0.2947514197254118,25.36359789807118,0.7197996886305015,0.8180324250112593,1.0823044518600697,0.2859616726636886,0.6313303311665853
0.27782649688444455,25.45468703760405,0.6964015485486211,0.8183417886796311,0.9830831939666469,0.30769720673561096,0.6553787390391032
0.2672605979879668,25.751286583161207,0.6807468763921576,0.8235925911170976,0.8393097180331761,0.3263055284818013,0.6431102752685547
0.2709760004733076,25.21418899555195,0.6757103648608095,0.8223882432272362,0.8655804264400183,0.30718075732390077,0.6456507047017416
0.2768834605935288,25.01426674803209,0.684625198742855,0.8526853879471848,0.905141536639475,0.29726886252562207,0.6393917401631674
0.27421979328108037,25.342764067578972,0.6918411545230828,0.8182197323066743,0.8719141187011469,0.28963222106297803,0.6175541083017985
0.2735475499444227,25.97724267880587,0.7165395753219967,0.8092283363054955,0.953145285586069,0.2720824430386225,0.670195738474528
0.267219529165742,26.728025601054515,0.716403835950207,0.8153837644343627,0.894912719381511,0.2580596953630447,0.6510236263275146
0.272330987745451,25.931159267246567,0.7307473605557799,0.8281919842187629,1.039308700925968,0.2683157722155252,0.6556994915008545
0.2427211843674839,14.64774499720535,0.28923009615393075,1.1696214482101477,1.0568064894708773,0.4640403737624486,0.6626657644907633
2.7837830826752294,16.536456660351725,0.4049160924869731,1.1555155140381366,3.2569749928780545,0.42540642370780307,0.6355227629343667
2.117259216039494,16.979196253273397,0.4250485832868192,1.0413755870935468,2.4960236576066954,0.42579327275355655,0.6203583081563314
3.9716867334058654,18.70725435662104,0.47309879431801205,1.1097150204904642,3.4435112034553725,0.3977320119738579,0.6588607629140218
2.734623448209558,18.092917961167647,0.4480642502153387,0.9873543501531614,2.434785842145155,0.4152211944262186,0.6141719818115234
2.032277743647778,17.126833545979082,0.4411048273637568,0.9892515773869016,2.3889741003081926,0.4340445399284363,0.6738812923431396
2.563568304840801,17.058303899824775,0.46724437609571057,1.009142992838709,2.9729615062743004,0.4239496439695359,0.6517588297526041
1.6115913472865666,17.76333434765802,0.48165656838306464,0.9463269760542872,2.3834308738802026,0.39939944446086884,0.6623946825663248
0.8352290298294864,18.412771659614457,0.4601268292798419,0.8982342854170605,1.2127738533162542,0.4164163321256637,0.6475365161895752
0.5631640857780597,18.50811643286919,0.4680180929143593,0.8953744155265168,1.0868938695326336,0.4271336843570073,0.663299560546875
0.24457846176349163,19.66304277849711,0.49672663580312776,0.8691357878848643,1.1092029561401098,0.40598665177822113,0.6807084878285726
0.20481859446739267,20.309455247565495,0.5375986403043301,0.8257659431027999,1.4891488900143557,0.3840540051460266,0.6773434480031332
0.18708379865945743,20.48233702580184,0.5393248185621323,0.8315985718518201,1.5574446873480368,0.39014890789985657,0.6551720301310221
0.13615137500317454,21.725227173800363,0.5760372056714799,0.8159928382413592,1.5450122008621907,0.35883859793345135,0.6641935507456461
0.15559473976874266,21.04633129960425,0.541887803555995,0.8039428523537732,1.0393696778631634,0.3684326906998952,0.6100148359934489
0.16753064564648443,21.440600157476553,0.5587703915067822,0.7791260995373092,0.9940397759842954,0.35360447069009143,0.660101572672526
0.16181862832504917,22.375674962759607,0.5961553057638223,0.7753549150463392,1.0733549662267945,0.3376242518424987,0.659425417582194
0.1815995534326793,22.15348830650042,0.5822742035327174,0.7738077627642969,0.9853892703174831,0.3313029209772746,0.6291790803273519
0.1728752292393075,22.999532357069345,0.6148514478859147,0.7592475975173715,1.1274893360407106,0.3165541812777519,0.670654296875
0.19563672022565473,22.620376504861625,0.6035966835784535,0.7915592769266547,1.2790708742063523,0.3321941097577413,0.6484857400258383
0.1997900472921371,22.91841104237932,0.6037572529591722,0.7802622001896259,1.1176043666115927,0.3191131154696147,0.6761239369710287
0.2050545260115654,23.22985700694838,0.6064358270031169,0.7657352134178376,1.1773855501369956,0.3058291549483935,0.6724050839742025
0.21144156025578784,21.643384180760815,0.5931779512150829,0.7840458918091792,1.661402408698626,0.3288790782292684,0.6578203042348226
0.20582883289672396,21.335254588652088,0.5803839683890991,0.8066303065842094,1.7036479184863917,0.35967205464839935,0.6193249225616454
0.2608295498858119,20.818880983923822,0.6088300754680512,0.8058430876126262,2.1210061068055204,0.34692588945229846,0.6086977322896322
0.2659730858850858,20.854698547393273,0.6111488531375464,0.8091449397080778,2.254081351589129,0.346073438723882,0.6674222946166992
0.26235335023574896,21.91043422139626,0.6307991904795613,0.7731795680487522,2.1288434972168275,0.3301105623443921,0.6777480443318685
0.23167923235748633,21.46495822496547,0.5694109607786435,0.7920120232951003,1.5611293445698982,0.35966818531354267,0.6051708857218424
0.31023348909894494,19.955526641751657,0.6198691197318013,0.8406085642029429,2.664808570586175,0.3526776085297267,0.6077047189076742
0.24500411311821937,20.116355828886217,0.5705313302663635,0.79485740764509,1.8810856671937202,0.3592962324619293,0.6612050533294678
0.25496396632886337,20.56513811579726,0.5953782477351693,0.8225486599800215,1.9627561351271254,0.33787988126277924,0.657762368520101
0.32911935624827765,20.186416559643522,0.6265874345174618,0.8507055453591619,2.517745685427226,0.31081947684288025,0.6171968777974447
0.23348056059639652,21.832420191837002,0.5432655335892378,0.798836290729784,1.2781052849636296,0.33613458772500354,0.6616172790527344
0.23261244819612303,22.46375484885427,0.5660012522255552,0.7999394760345641,1.3946715234728753,0.3222734679778416,0.6554279327392578
0.268182930306415,21.89664476581477,0.6263702030834829,0.8150904128241624,1.9246350212167502,0.2832943747440974,0.6482354799906412
0.7529165124531071,15.019924222521636,0.35576661507874136,1.11238602933107,1.5962197083905127,0.4209807589650154,0.6371289889017742
1.151410999701145,16.62749253254256,0.40226983108593317,1.1313410482460957,1.9383456022974563,0.4083278427521388,0.6206178665161133
0.9403535008419643,18.23176178491279,0.4551390950889993,1.0639706537378624,1.7245732456327776,0.3836978698770204,0.613365650177002
0.464905257519488,19.160941930139618,0.48865359291354843,0.9615595792313897,1.5068543268261057,0.35603723178307206,0.6714542706807455
0.4994140215966369,21.866311384200575,0.597728087454569,0.9498321674419209,2.407905530946594,0.28551446894804633,0.6376236279805502
0.5694744224941087,23.0749811213693,0.6131900576397092,0.8798123214040968,2.2618085711901306,0.26460772752761835,0.6400903065999349
0.3836343655280583,23.443693489627908,0.6048256227295262,0.8336210256336232,1.6946573294237568,0.26797796537478763,0.6751585006713867
0.27565180801515327,23.223661874027673,0.6173910828785111,0.8021117131608001,1.4192097440234088,0.26929517090320587,0.6645830472310384
0.18559274275858062,23.77331336858316,0.6433772985541611,0.8226380476656979,1.2284721458101535,0.2638466358184814,0.658217986424764
0.1335691252105938,23.861496218754397,0.6486508431006487,0.8149471905641773,1.0318311880592124,0.2553186664978662,0.6398652394612631
0.14637825122906908,23.787281853226194,0.6540790296115184,0.7869444771543418,0.9341389713028381,0.25891485313574464,0.6660250822703043
0.2039277966024062,23.430478499661785,0.6644820029800469,0.8007690418956587,1.1106033245319538,0.28376199305057526,0.6544569333394369
0.24824253011801478,23.20346423038529,0.6636199018293626,0.7804855726962617,1.1198989214562862,0.27250660459200543,0.6674565474192301
0.28208742519444413,22.79812089253349,0.64923116006524,0.8176092086811293,1.1992463184595084,0.30027063190937037,0.6467233498891195
0.2909944069919874,22.769951807403363,0.6321159834061949,0.8180659497564243,1.1797792054780791,0.29880892237027484,0.6319425106048584
0.30188231241046753,23.52678569607811,0.6591182154169579,0.7713212043852065,1.4026903745618597,0.29380608598391217,0.6479822794596354
0.3199261819684251,23.47316089704765,0.6509686536899714,0.8038960328755126,1.5237135853095714,0.31060856084028876,0.6082374254862467
0.31865188385963794,23.34436064130413,0.6409999633507142,0.8071109498251682,1.5322829522804995,0.3132335940996806,0.6556440989176432
0.33477693477937764,23.512596831163915,0.6453000002132931,0.8115923586384058,1.6046170530412,0.30796512961387634,0.6655882994333902
0.3087202619098604,24.10004365388564,0.6414029097862812,0.812810879434188,1.6237563579153793,0.30712510148684186,0.6044739882151285
0.33627168134873103,23.940946076247798,0.6632993139904129,0.7867763445106295,1.8735005001488456,0.2975319226582845,0.6277142365773519
0.3282009990238732,23.602016705765724,0.6685991899364998,0.7737986864153718,1.9322776441484757,0.30336500207583106,0.6484308242797852
0.4714260011097031,20.32510651785918,0.6797327968606083,0.8146530926635066,2.6387397002282835,0.3185575107733408,0.6622935136159261
0.3834255072032278,20.92711321606814,0.6659480549547293,0.7972842252185731,2.2216393009469484,0.3127186596393585,0.680628220240275
0.39547428631592413,21.46389884510222,0.6799253004758176,0.8041323353293475,2.1808975154800643,0.313729777932167,0.6195580959320068
0.35209904038520673,22.082542455174806,0.6688724662742235,0.8009110542441314,2.0210629744933626,0.31435245275497437,0.6078441937764486
0.41628279463380063,20.05464357417183,0.6628879902188786,0.8077603854600349,2.343638419223247,0.31441116829713184,0.6148684024810792
0.5272773741201837,19.342060453327893,0.6852819086796197,0.7953181051770706,2.8351342552547862,0.3041858623425166,0.6392401059468588
0.40933392464245627,19.745047297420058,0.6692112416491428,0.826102107113004,2.3410886215370037,0.31904886662960047,0.6639950275421143
0.28263901525862223,20.227721750679397,0.6128933634028251,0.8002126917577397,1.625433460274909,0.3275468945503235,0.6472077369689941
0.2825281294267268,21.702768343817443,0.6590535422295898,0.8120980495372235,1.5987765613575282,0.3078872859477997,0.6573222478230795
0.2714014564698437,22.707495420149797,0.6630167905692786,0.8447583041593528,1.4917332995628632,0.29311654468377424,0.6561703681945801
0.25787975421489434,22.93949251892266,0.680142694746854,0.8120149688700239,1.412288176043045,0.26758214334646857,0.6561300754547119
0.3404676658304336,21.06597468738913,0.710886293055277,0.8245079851955728,1.9254757580555928,0.25652841726938885,0.6144686539967855
0.23119465252178031,23.112698717145047,0.6550078302856851,0.7786904469956727,1.2660448366160035,0.26151650647322333,0.6179760297139485
0.2531126048737115,25.243303905156846,0.7120647315901456,0.7906395014123002,1.4461100071748563,0.24217897653579704,0.6533660093943278
0.4170507657712091,21.105473581135,0.5459192497980615,0.9117168187687129,1.4642921636496997,0.29846073935429257,0.6571878592173258
0.219113335700162,23.02245640207525,0.5746280302216907,0.849330190382951,1.1709895422002898,0.2787780637542407,0.6442677974700929
0.16838570509808995,23.191645821693527,0.5995864808345643,0.823592601922555,1.179576029294341,0.2701060821612676,0.6662186781565348
0.16626705042240797,22.592953710390987,0.64038759255308,0.806056788433478,1.4073194556023212,0.2573649833599726,0.610579252243042
0.15976735436051445,22.31936630093885,0.6044874488004178,0.7951739200402225,1.2615159167716363,0.2784290686249733,0.633509635925293
0.16487005637191662,22.476536812797992,0.6248689113194202,0.8102426047736792,1.3912592618786237,0.269700713455677,0.6468276977539062
0.15813040566617298,22.71367200235746,0.6387251384671845,0.7885383884295297,1.309579910222898,0.26327764242887497,0.6438371340433757
0.16106043098175793,23.401880593414422,0.6574163797850113,0.7633401322125343,1.2789588843114692,0.25768146167198813,0.6318492889404297
0.17300724987737048,23.16636942662662,0.6509680086405295,0.7750508114418878,1.277643373334643,0.2656681736310323,0.6329742272694906
0.19320825622866436,22.843718446649945,0.630023641505301,0.7895415628043096,1.2345541012361891,0.27075092494487757,0.6576211452484131
0.20452101794389957,23.28445388590136,0.6430211765907724,0.7546459620477052,1.1537390572159147,0.2587351202964782,0.6431004206339518
0.24439560110156608,23.464023796043463,0.6880564696663289,0.7998688591148112,1.6381212467635198,0.2471858511368433,0.6406103769938151
0.23112876492675927,24.391235332289437,0.6739786533296129,0.7705145296360771,1.2643035029120198,0.24864319215218222,0.6329809029897054
0.28938310973552817,24.300041576472168,0.7213480230805059,0.8145926055631328,1.7250352008606142,0.2419151912132899,0.5843501091003418
0.28493187626657773,24.554343009952536,0.7138090569754301,0.7553579304725132,1.6500345093575184,0.22670564800500867,0.6541922887166342
0.2862471124671669,24.08621330469693,0.6789817217375589,0.7821364165273471,1.6227742329331445,0.25082029898961383,0.6515296300252279
0.29481513584362906,24.39012023097482,0.6910195190082495,0.7491110113859799,1.664693540644743,0.24802394211292264,0.6535525321960449
0.30304424101493566,23.011488301112205,0.6679167068464955,0.7599500415898728,1.776941256533808,0.25829466680685675,0.6304066181182861
0.24810147673646665,22.602673941368547,0.6024547541507792,0.7864772394108811,1.2306999309736912,0.2968941082557042,0.6350359916687012
0.2912397034231579,21.564995922443927,0.6573208132123755,0.7587682988472141,1.762760985038799,0.2716116334001223,0.6292705535888672
0.28878868530708596,22.304505732967737,0.6605918032266661,0.7594151454868361,1.720718561397072,0.2735139653086662,0.6405516465504965
0.25593539181271846,22.455672217558796,0.6326931777349591,0.734415817562403,1.4622103620023488,0.28835248450438183,0.6039079825083414
0.37215240210140266,19.49065370152479,0.6361052811568734,0.7975352276866481,2.1134283340202256,0.30139161646366114,0.6494228839874268
0.2567283624149313,22.751217845244906,0.6161293520847201,0.7622693726964584,1.330353967959534,0.30131279925505317,0.6435534159342448
0.3374377016152353,19.98516304453519,0.628272420603043,0.770402859747894,1.9055867884934197,0.2992132604122162,0.5825726191202799
0.4339020923974541,20.033423593155984,0.66874145376493,0.800128740296932,2.399535570911196,0.29509172836939496,0.6548858483632406
0.2945461200999565,20.45509762324176,0.6169110633938081,0.7786720098753707,1.7339728358646227,0.31968435645103455,0.654149055480957
0.28253778323373213,19.978856770463466,0.5920337099899097,0.7949080037290986,1.5634258107940047,0.34554816285769147,0.6463605562845866
0.3048374863602393,19.242191715895522,0.606578736588545,0.7815608896682282,1.7450070029666402,0.3392809331417084,0.6536584695180258
0.34707953531663654,18.767918749898904,0.6449806833796412,0.7718319947359659,2.134603930102583,0.32174096008141834,0.6520338853200277
0.3064038102808622,18.359406407150605,0.6119570421782832,0.7936617296658524,1.8961650693120848,0.3397422979275386,0.6604657967885336
0.24204306801165212,20.152356792570146,0.6122806486170823,0.7626276469340184,1.5217119429697414,0.3118172983328501,0.6834658781687418
0.28180988448698807,18.790574409154562,0.6110943592892584,0.8301437982518195,1.7686284951999625,0.3323535869518916,0.6639839808146158
0.7793659046366049,14.309828458260972,0.3177768279010467,1.1500334189177348,1.620058085975592,0.44279131293296814,0.6618309815724691
3.050051286469056,17.78476524405808,0.4264856156544103,1.1046857987417875,1.968244645115421,0.41331540793180466,0.6616338094075521
1.400406642031663,19.633575881405935,0.47238436087157737,0.974304387458223,1.336411779714626,0.37245366722345347,0.6504151821136475
0.8973571562704388,21.645546259958447,0.5080365765948947,0.9018364042677497,1.1220496891617402,0.3191439211368561,0.6016212304433187
0.9251024545274683,22.75096706661621,0.5339304932896928,0.8984750347842573,1.171194144924917,0.2967560067772865,0.6518839995066324
0.5234182034662281,24.07289628042925,0.5767557062366666,0.8549000381753409,1.2296103776220664,0.2661871562401454,0.6615649859110513
0.35534678201675307,24.76963123237986,0.6122615300374671,0.8030479378822603,1.267873931022926,0.24583517014980313,0.64491868019104
0.18612844413338572,25.823007736056763,0.6620949036968041,0.785845186022649,1.1603271465737075,0.2242737809816996,0.6600986321767172
0.12222541985515005,25.876976573378688,0.6922079018411385,0.7823269239056684,1.1062910911271233,0.21830878903468445,0.6491674582163492
0.09706493295123887,25.776336865940124,0.7062299926270926,0.8107853482132281,1.0854407890540252,0.21962419152259824,0.6720391114552816
0.09806368737994457,25.29366285363489,0.7360763775470232,0.8078645949001384,1.2071787217145713,0.21387508759895957,0.6586937109629313
0.10681256831798026,24.58822123975304,0.7039772659529362,0.8104164603622587,1.1382146185579762,0.22519250214099876,0.6541428565979004
0.12537949309755134,24.86652682345213,0.6981326842720447,0.8068220761143156,1.0835640003503466,0.23293264706929517,0.6845614115397135
0.15924903430567963,24.19489299543395,0.6629773397024267,0.8566259446323125,1.0607491060871301,0.2651585092147191,0.6653913656870524
0.17928233342351174,24.297063545993783,0.679521343144382,0.7945186207574126,0.9947256095096563,0.2413665850957234,0.6609492301940918
0.20618908579237652,23.816472507058595,0.6641869012175423,0.8285886488670645,1.1318568154158601,0.26448012391726167,0.6439890066782633
0.21747182845633764,23.862649662300424,0.6677762032236553,0.7983896023455705,1.1455794087559508,0.25863253076871234,0.64735213915507
0.23040311531992563,23.414363139450085,0.6461659287324985,0.814688066441947,1.1736656941470558,0.27466229101022077,0.6416530609130859
0.2305891577910718,23.73546621885801,0.6471204198330183,0.8102515995996132,1.0349354920754734,0.2769403308629989,0.6569758256276447
0.23459591275009709,23.445914669437332,0.6255417436532049,0.8119614658662581,0.9708648897944182,0.2900523394346237,0.6522583166758219
0.24218728665691724,23.62513550435418,0.6268783672864778,0.8092254008890173,1.035990593977352,0.2834995239973068,0.6511712869008383
0.23570944726582418,23.5826196605371,0.621011548152968,0.8257670229020434,0.9882697793619263,0.2917884786923726,0.64178466796875
0.23724617446441507,23.47855368994573,0.6011156056387754,0.8274365282930578,0.9770945950558673,0.2953825543324153,0.6395835081736246
0.24615434238203746,23.81314716016729,0.6315212202012177,0.8270266868929044,1.1423214966014743,0.29979930818080897,0.6441807746887207
0.2602715234280914,23.47790462449768,0.657031995058266,0.7942846267994824,1.3196147398310203,0.3002350827058156,0.6848254998524984
0.24889239292357987,23.540501442959293,0.6318567588532326,0.8164332091505379,1.1909860651783,0.32700307170550025,0.6559879779815674
0.2779503707916508,22.732942253592185,0.6526925943127007,0.7897639011028228,1.5270286850889938,0.32266009350617725,0.6240144570668539
0.29484249355968006,21.661302187866884,0.6576199571658431,0.7796609810540706,1.6754148655316943,0.3232005536556244,0.6474753220876058
0.39358809548602114,19.918270125779127,0.6481525223417962,0.8109433941878622,2.126098679126505,0.3316442022720973,0.6720251242319742
0.4163824694235811,19.94214023435205,0.649001505729084,0.7901453346835959,2.25493203235384,0.31239412724971766,0.6619045734405518
0.3459254044123252,20.066105856827246,0.6306264116689303,0.7858849440057432,1.9783187641304985,0.3077468921740849,0.6502490043640138
0.35589886106781526,19.528903226790842,0.6276771921864431,0.7820403849747914,1.9947448419443583,0.31487511595090223,0.6651745637257894
0.3636447661040032,18.99922131753014,0.6265195682975865,0.7934234199914515,1.99722364329123,0.31111735105514526,0.6679874261220297
0.6365879018695773,17.880903908166005,0.6318722046516476,0.8120005537048103,2.9303317405411895,0.3062390188376109,0.6680296262105306
0.3503854436280924,19.926964031388895,0.6212628444777702,0.8184408464970915,1.9219905122506589,0.2924848397572835,0.6761353015899658
0.3481015083231768,21.103588482445605,0.6609958266695348,0.8131550926941838,1.9164835753390177,0.26731253166993457,0.6537410418192545
0.29028832884181693,21.407543978697394,0.646693383232358,0.8032218257657355,1.6074478792688796,0.269802118341128,0.6511825720469157
0.32249529266994764,21.976477052089887,0.677828218351275,0.8169631300703882,1.812073756621596,0.25090506176153815,0.6545795599619547
0.2725120179072455,23.68933792841274,0.6869840903236722,0.7990645968409565,1.558828912167921,0.24064941207567844,0.6480512619018555
0.5138695305438239,21.996342826464087,0.7373335403039946,0.8332272967952369,2.5264612888212996,0.21927504241466514,0.662632942199707
0.42581834452652095,22.430678615746036,0.7401295619799523,0.8305458645241376,2.2057884958528042,0.21764609714349112,0.6274068355560303
0.12778055604016456,16.600629973967422,0.3194913989189696,1.274806758369454,1.268244480310923,0.47454752524693805,0.654242992401123
0.861410686104862,14.112039297724742,0.33329581811940573,1.1372232373416857,1.748481671763966,0.43893926093975705,0.655062198638916
2.018314469313521,15.886608881071753,0.3818724611684839,1.229153865608547,2.488956579673997,0.4376116171479225,0.6645755767822266
1.6874902834994383,15.453727004807,0.3660947189886916,1.153676889684094,2.1477119339390485,0.44653019805749256,0.6348098119099935
1.360418891576115,15.266082809415856,0.3690177720292458,1.110174278927029,2.034254054704204,0.4512260978420575,0.6536509990692139
1.6473082376513446,16.693591107238486,0.42376209035277806,1.1194362089283654,2.783905835637642,0.4228753596544265,0.6508023738861084
1.0455651665375971,15.959188122964003,0.3896612922353396,1.0150518618619169,2.084544184848444,0.44096277654170973,0.6790688037872314
0.9411154377292004,16.73296663632033,0.40895587116973225,0.96913795053666,1.8544850139572786,0.42590580383936555,0.6566305955251056
0.5574191195467564,18.296643906260282,0.4555297452643487,0.9008832991019764,1.3216583940069908,0.3900559619069099,0.6799219449361166
0.6214058354615027,18.037935440744686,0.4421286311718677,0.942523436633242,1.2945448692858033,0.41226715842882794,0.6413376331329346
0.19971070880544864,23.488840590375634,0.6028949843849807,0.8564142769999945,1.5936168079028352,0.29809607068697613,0.6636971632639567
0.163354374102218,28.797191102042955,0.7057390523609431,0.8088051665371108,1.2121874875653655,0.20637115339438114,0.6256932417551676
0.32446470726473636,29.962844403135918,0.848880043790499,0.9279489895851244,3.216586233637574,0.13352654874324793,0.6350180308024088
0.1555462668309264,30.588173609857815,0.7815665483669632,0.7793216594345909,1.6312848829677244,0.15726824104785916,0.629798412322998
0.20256855791224362,29.810887368264147,0.8109845456472647,0.7958792813228485,2.2698640809648674,0.14940516402324036,0.6391735871632894
0.17294352751761644,29.88871520955955,0.7813229524791954,0.7544003144517916,1.612407561114168,0.16507215177019433,0.6482525666554769
0.2584741728713857,28.52908778843293,0.7830104114884243,0.793196711287627,2.2384854559238696,0.17755240326126412,0.6827736695607504
0.19344391001173125,31.945902740775654,0.841533471705207,0.7617006853760208,1.909495259533004,0.13207887113094327,0.6694644292195638
0.261335758162379,30.223561970472286,0.8270002029251478,0.8036581733725597,2.3026850141562085,0.15995457023382179,0.6693647702534994
0.30545341382661634,30.284515939389006,0.7856751640423694,0.7164072762970587,1.9352557991503332,0.1675780477623144,0.6345116297403971
0.42383114399343036,26.023109156391865,0.7251114493957957,0.786650351666626,2.627701253275623,0.24398228774468103,0.650731086730957
0.2107436066538109,21.074249205682918,0.5848037904644773,0.7899975741943202,1.8651727595251468,0.3280038014054298,0.680499792098999
0.2167975474152867,21.799432379744122,0.5884671592102055,0.7768880552993691,1.7156895591683314,0.3302148729562759,0.6504148642222086
0.3934889952121436,19.537586668153878,0.630888894761806,0.8931920205276956,3.365522836500326,0.3156472792228063,0.6710432370503744
0.23191688860059015,21.198464256120996,0.5813078975776659,0.8038662514645459,1.9767430294316577,0.3381059467792511,0.6402051448822021
0.4557087814396578,18.717691048922315,0.6025572717071682,0.8693861339391183,3.4784455952860966,0.3398653169473012,0.6466943422953287
0.3965216309146647,19.64103314096829,0.6197522877504249,0.8571154502579187,3.1110442303271486,0.33166342973709106,0.6919548511505127
0.312169551940188,20.068477962006636,0.6190024835975453,0.8151631238623024,2.4776701293380388,0.3090588798125585,0.6695658365885416
0.3670170713575523,17.4428581174152,0.5489444988987613,0.8560598082805054,2.6066344040468317,0.3429783880710602,0.6958765188852946
0.24614131593591557,19.53079561977552,0.5079440440591227,0.7842005705948809,1.3900026747988405,0.3397523711125056,0.6607271830240885
2.8088534520299615,24.328946554051175,0.5623066786629681,0.9364726856555179,2.4713663858214345,0.22735012198487917,0.6460928916931152
0.3077361530360321,28.505319926791973,0.6364140280103548,0.8160188941672789,1.2949794635992953,0.13250742107629773,0.6442840894063314
0.14318075302071312,29.483153240521776,0.6723814035283452,0.7997530302474312,1.1979780833647917,0.12218706185619033,0.6376915772755939
0.19680657111010533,27.866747579249022,0.6500829020291264,0.7779403542170454,1.3022898992663539,0.1363052477439244,0.6599677403767904
0.12812873209968845,28.552882567383705,0.7116540011683535,0.7616372790677369,1.3127471738357044,0.1281383397678534,0.6643292109171549
0.10102780675718441,28.266616660349353,0.7241455244950447,0.7852679810968425,1.2379494417984112,0.12969655295213064,0.6442202726999918
0.11047200869109068,28.409640524702624,0.7334998748202209,0.7893158948281208,1.0885912035236183,0.13316475848356876,0.6598429679870605
0.1304302333067806,29.08235079752537,0.7636478566374946,0.7915347250288763,1.0288687477281686,0.13368167976538337,0.6355249881744385
0.15133627386365192,29.515200033703596,0.7873779007465659,0.7847078396152257,0.9612535925100939,0.13350133101145423,0.6692591508229574
0.16902990073158805,29.20222375392363,0.7950894964843017,0.7951936565199639,1.0609768483868594,0.1499541377027829,0.6539378960927328
0.17181916579398146,28.56837490833932,0.760182541668936,0.7999813757736951,0.9830392327900525,0.18089489638805387,0.6544777552286783
0.17598951636562454,28.084037399248544,0.7474505992711157,0.7870120346733519,0.9345820609568604,0.1986589084068934,0.660051186879476
0.18202133455727607,27.301180412784632,0.7195728164180722,0.8070119241341662,0.8944687824078731,0.226364920536677,0.6547900835673014
0.18794047119912205,26.682971672904557,0.7100713375231401,0.8011316304151263,0.8675553044981857,0.22831272085507706,0.6489204565684
0.20050763194202645,26.53478611161159,0.7214388837468243,0.802095096226855,0.9574357832016532,0.23212614158789313,0.6654165585835775
0.2132879389912811,26.054640549327463,0.7348443077964767,0.7820862934769667,0.9942531130088564,0.2335878213246663,0.665757179260254
0.22911115763026624,25.779221554973784,0.7434563397556584,0.8050286995245405,1.0301917890095684,0.24151575565338135,0.6906154155731201
0.23949792440078077,25.53343398297216,0.7459381882740496,0.8182682820406352,1.0129872764357113,0.2506544788678487,0.6841983795166016
0.254786931650307,25.392815764874566,0.7602883494936176,0.7953081036615801,1.0607846350080659,0.24474168817202244,0.6532203356424967
0.3046875727592058,23.104285195504804,0.7635593230801879,0.7902733414772066,1.2947966712911707,0.24356686820586523,0.6601977348327637
0.31602976724599774,22.72838990034043,0.7498198704177649,0.8413270032322829,1.26870059936349,0.26181145012378687,0.6453434626261393
0.27478636238123316,24.56466114319177,0.741489401781308,0.8163300317019248,1.0210424656814787,0.26195095976193744,0.6955346266428629
0.2764296184562615,23.97337646682452,0.7297934455387659,0.8506688063428373,1.02979515271572,0.29123400648434955,0.6554360389709473
0.27294510023888907,23.891817825018617,0.7208276689881004,0.8352728514174164,1.0080612851617778,0.28501395384470624,0.6190880139668783
0.2644675240444327,24.03434726183185,0.7077647157755794,0.8429603988309129,0.9488890043035391,0.30246315399805707,0.6507030328114828
0.25829061415726234,24.693841449472483,0.7189090798346923,0.7987362471159113,0.90561257836037,0.2848016421000163,0.6380122502644857
0.259829463350506,24.67915026643644,0.7196631920406089,0.8134713173437079,0.9263914018865749,0.2766229212284088,0.67327880859375
0.2739733036033734,24.78308382120439,0.7399043754610314,0.8609050983973289,1.0302873835597186,0.29165566464265186,0.6796960830688477
0.28629233291030975,25.066277024478726,0.7662381991289928,0.829217424082699,1.085529639559976,0.27377147972583765,0.6545998255411783
0.27408297910149054,26.335159275086102,0.7667284951166224,0.8446699048454113,0.9791620758007161,0.2750565807024637,0.6530086199442545
0.2751615049593998,27.442561526772156,0.7779154350134619,0.8327276512081935,0.8840476558478348,0.25914853314558656,0.6626773675282797
0.2862216155611455,26.699463763507385,0.7877384219061409,0.851918017021224,0.9735282333433032,0.2527442624171575,0.6827698548634847
0.27447733956810005,28.133459502972812,0.7844551580437226,0.8550467679782173,0.838590691306352,0.23788384596506748,0.6812457243601481
0.2581601262120205,29.0045200134126,0.8047417148252699,0.8365617487614081,0.8650127625133625,0.23271559178829193,0.6720693906148275
0.25946457750356283,28.9147254687213,0.8203060885480279,0.8266020031547633,0.979721066973463,0.2253812154134114,0.6640206178029379
0.2349576739543887,29.398929994073256,0.8289814678428158,0.8352194677205276,0.996211395080581,0.22622909148534132,0.6285485426584879
0.2056946005389538,28.770381074753953,0.826841920508426,0.8315803997157211,0.980124094452167,0.21562761068344116,0.6826157569885254
0.19582665598904556,27.249813372223883,0.8045741320579577,0.8136932864907042,0.9053935563477564,0.1835937872529029,0.6556252638498942
1.491057377211835,25.9831639866679,0.5244796346559929,0.9016218060558737,1.0630199378752236,0.2191147580742836,0.6420048872629801
0.31964319002750835,26.849605479114857,0.5572136396362387,0.8180390348745,0.8431899872042248,0.17665852109591162,0.6486682891845703
0.19248751323093424,27.297129758945943,0.6521436696091228,0.7673853117868141,0.8685938577303923,0.14343417808413503,0.6687501271565756
0.17881157559978664,26.909023803976936,0.6793221031525877,0.7987595623721052,0.8314868116274007,0.14199023197094596,0.6670402685801188
0.17115734809517022,26.525812248942156,0.6853759066030412,0.8077567503400269,0.834341885868742,0.14923517157634095,0.6695451736450195
0.1605556715762457,26.661323011073847,0.7071492801606304,0.795047783961031,0.8384540196856057,0.15676452716191605,0.6813847223917643
0.15846705672114866,26.783067303616065,0.7005162576392833,0.7736502359861319,0.8362776425409714,0.16468449930349985,0.6616013050079346
0.15930267083623792,26.294541371796438,0.7039490646081793,0.8444748743180481,0.8463463658733605,0.17427751670281091,0.689148743947347
0.17052116906178846,25.7725192133682,0.6922933687074034,0.832861962515003,0.8242330398003647,0.1801511372129122,0.6334985891977946
0.16731521581970968,26.53054961939566,0.7407649313733152,0.7740904830678003,0.8836862271477633,0.17132490376631412,0.6753021081288656
0.1712181725099854,26.55614496684433,0.7528090654738232,0.7822440758691198,0.9566664703716024,0.17983160416285193,0.64252241452535
0.17451539840301536,26.18253400461214,0.7498247982117449,0.790666414496232,1.0747813088649136,0.18371898432572678,0.6612977186838785
0.16637200248280157,26.59644226593905,0.7257978343974664,0.7934332291679856,0.8965671341449228,0.1935529659191767,0.6255175272623698
0.17571688305998678,25.540327423928417,0.6975756297153567,0.8268309236694186,0.8650515677210238,0.21560513973236084,0.6409381230672201
0.1801324356067037,25.721820405872318,0.7261811970882741,0.7756042227808614,0.9395372717063983,0.21061842640240983,0.6336961587270101
0.18636232967224176,25.593583823220555,0.7058728971464863,0.7794857295961668,0.948776654700747,0.2220367987950643,0.6757111549377441
0.1926254320168943,24.81110053772126,0.6739178124226487,0.8071094201204554,0.8320046008231853,0.2403960675001144,0.6670752366383871
0.19464300918869185,24.74077015794065,0.6628559949675806,0.8095297864515212,0.8448352724816095,0.24767411251862836,0.6497167746225992
0.19204909683667637,24.982998732675114,0.6760628097690562,0.7986066672167907,0.8763523621872622,0.2513489002982775,0.6523931821187338
0.19227019232039752,24.88068151676913,0.6674326641103455,0.800985401591677,0.8676504407612416,0.2597302546103795,0.6130088170369467
0.1888864170415503,25.039039461716836,0.6656051661357062,0.8029515537724387,0.8746613767271695,0.2641427343090375,0.6248017152150471
0.1930255498450907,24.70865435058218,0.6603728812782416,0.8089190513743381,0.862408733987262,0.2723587999741236,0.6728394031524658
0.20761613715712626,24.435813493132,0.6549571688928009,0.8135291898218756,0.8474710259546496,0.29405665397644043,0.666758139928182
0.21972177190768602,23.88115667970283,0.6476238075056686,0.8434467615940076,0.8482317233391957,0.3085366090138753,0.6659488677978516
0.22293114265183936,24.261514825637267,0.6587637923329305,0.7947296456897007,0.8437926662950508,0.28602534035841615,0.6381313800811768
0.2552551600582404,21.986444358208043,0.6882872182968226,0.8383031766312086,1.1704237713110286,0.2945026805003484,0.6224732398986816
0.23189266933710115,23.577967227085917,0.6565205372509063,0.8204998098893528,0.8433228968884556,0.3054851740598678,0.678532600402832
0.23513055568328653,23.785421943834407,0.6621013514001404,0.8308507214010131,0.7803416064655156,0.29843400915463764,0.609937826792399
0.2374134071120654,23.79713457187167,0.6478039356029084,0.8551548202478808,0.8295754728720426,0.31771044929822284,0.660911480585734
0.2314625024898087,24.426778244158086,0.6646940760747896,0.8151077268133659,0.86039164899608,0.2886244555314381,0.6329050064086914
0.23992902214591363,23.482673389968614,0.673694548157127,0.815283886687599,0.9748524666246384,0.2781674663225809,0.6516289710998535
0.23440276881667377,24.834802702244158,0.6465813306104746,0.8236372477531327,0.7830695100009885,0.27219901482264197,0.6401763757069906
0.23599115625795508,25.22918939706564,0.668882946771777,0.8311778454527335,0.8822951354619684,0.2550362050533294,0.6554882526397705
0.23945688653073705,25.249755704632054,0.6495962716261211,0.8705349704617847,0.8090239373254914,0.26514368255933124,0.6750529607137045
0.23838972631150204,26.317753971634847,0.6549443988008944,0.8392559061569528,0.7835617290893248,0.23679218689600623,0.644415537516276
0.08775935613997914,18.310750308642632,0.30961644021094603,1.2529038127866907,0.9539852008224644,0.4542275592684746,0.6540471712748209
0.80047511636802,14.587228420484308,0.34265696382319993,1.1203030508430734,1.6186958871466641,0.43561122566461563,0.6399735609690348
5.408990088312579,19.248617251559555,0.43764489685778557,1.2520885767148016,2.5362568779892145,0.38110344608624774,0.6336323420206705
4.071776463530457,19.46993148858305,0.4453881365135408,1.1537300975923725,1.9891124873569552,0.3728350947300592,0.6468575795491537
2.887290821442607,20.468117823920732,0.467332041832265,0.979060754378502,1.6609734718159948,0.3440165047844251,0.6471164226531982
1.5671383844550146,21.967299530573495,0.5076170128912679,0.8254486750312408,1.3255424548620296,0.2912824600934982,0.653927723566691
1.3366576100396157,22.85950318523537,0.536011082241572,0.8446187828843339,1.5614769370452006,0.2715397402644157,0.6333746115366617
1.5411347329461276,23.041264454632284,0.5335198923039038,0.8655938954596619,1.7616132699517113,0.26938915004332853,0.6423680782318115
0.9543165504029562,23.533624413657765,0.5576317520096173,0.8262176603277435,1.778080509757985,0.2580798789858818,0.637372891108195
0.1700766916942431,24.668137817973346,0.6673070185091725,0.7576004811525662,1.2492149956986562,0.22754865388075507,0.6705241203308105
0.166219217439021,24.641334854620485,0.6592553723359983,0.7468299583259156,0.9846160849592539,0.2349047760168711,0.6393470764160156
0.16821049482596032,24.059205887960005,0.6440044142284885,0.7660870390231583,0.9430038670993972,0.24868767956892646,0.6409649054209391
0.1675205505514904,23.692059662336735,0.6824273019346808,0.7578244493175009,1.3553930393685014,0.2488357424736022,0.6502462228139242
0.16703541695407753,23.993779657080864,0.6477772293294554,0.7789589536479582,1.161911128910991,0.2675585448741913,0.649417002995809
0.18206584260580105,23.643255265893867,0.6220675094513654,0.7814657579906638,1.1437305236617012,0.26509313782056165,0.6270014444986979
0.21664158734747044,22.182139044246743,0.6339729318396347,0.787553015622834,1.5100454802241527,0.26670349140961963,0.6340574423472086
0.21186565838643845,23.734780219850368,0.6736426074385665,0.7598361362457794,1.5413889012213655,0.24285613993803656,0.6414400736490885
0.20536472491489222,23.17362173311244,0.5920060959985082,0.769098536351155,1.1734491976702517,0.27807032565275824,0.6001009941101074
0.21119512559259832,24.09567647903629,0.6355278645765214,0.7475627099883791,1.3228621270720786,0.25954128801822657,0.6396234035491943
0.21241551058492367,23.752428701445183,0.6232150616132257,0.7610733517858778,1.3212351644366063,0.2704655701915423,0.6125980218251547
0.212147051329675,23.669491035408186,0.6162148845187679,0.7622295847627406,1.2421540138345524,0.27355686326821643,0.6389801502227783
0.22659816258541188,22.602497898587675,0.6070736734230017,0.7430566241517976,1.3848361523847552,0.2651271124680837,0.6319633324941
0.21878496370383219,22.818932996616237,0.5718249178661884,0.7729080623395376,1.0681403450966496,0.2990758667389552,0.6412981351216634
0.2225710970793503,22.278416725786567,0.5776492806734473,0.7728738175534278,1.1731343914648065,0.3107081800699234,0.6734668413798014
0.22324153842337305,22.53318784806034,0.6303078279913562,0.7353984115010709,1.3880277083367598,0.2775008976459503,0.6374180316925049
0.2828163860724013,20.831905022052457,0.6441231503083135,0.7430133233441515,1.8215413702703682,0.28563154488801956,0.6234633922576904
0.2432832768041848,21.895662413011625,0.6306229337931232,0.7679009449842784,1.6131268983712383,0.29840031266212463,0.6353054046630859
0.2573337224321059,21.71520498662936,0.6490034576153234,0.7543929502986874,1.7456204899648828,0.2865925828615824,0.669215202331543
0.4572626539432589,17.796969797575468,0.6112935621857044,0.7873369204768276,2.4962092436633756,0.31526827315489453,0.6009279092152914
0.3787736435696134,19.199151942256247,0.6363648165995995,0.792853252707823,2.219147909473427,0.3053872088591258,0.6370729605356852
0.26187984555564153,21.391199023585525,0.6317891031402892,0.7755457732985956,1.6410461413787185,0.29030838112036383,0.6324052015940348
0.34523848594039513,20.168846379351766,0.6557031287106879,0.7759596424710145,2.062313643222302,0.26574091364940006,0.623375654220581
0.34089767392642517,19.25606243755864,0.638543363038579,0.7683012905818997,2.0204937577738797,0.2731461326281229,0.5900709629058838
0.32213812132622194,18.950670976915436,0.6300336948718445,0.7852607090467193,1.9023558256259347,0.27680766085783637,0.6508272488911947
0.9157626800034127,17.169223147180816,0.6811236511648667,0.8322159774009631,3.95165797175121,0.25980836153030396,0.6485509872436523
1.586003042311275,15.681683300896834,0.3693209989527429,1.1375754051458202,2.278981495622253,0.4301667312781016,0.6909937858581543
3.0733192611131575,20.569756572706837,0.5007531280865523,0.9248667863840098,2.0478185962530326,0.34207939356565475,0.6588210264841715
2.914729968129636,20.647325716380102,0.48506708711649865,0.9629887584240427,1.8360699224998502,0.3401929959654808,0.6640930970509847
1.8459381736165839,22.859641765703103,0.5647507506757684,0.8861674587154701,1.8524021964461042,0.2659231474002202,0.6438383261362711
1.2590074814465508,21.93124431123867,0.5720335874164988,0.8823203500346114,1.9124541956079077,0.2677541300654411,0.6470242341359457
0.3706272572679061,22.382853071705842,0.5718237681302557,0.8057709943323469,1.1454597237008874,0.2848322664697965,0.6488866011301676
0.3008608914450173,22.42669279976468,0.570050648150697,0.8097422321902306,1.3066848792790084,0.29587921003500617,0.6401213010152181
0.41348016410373695,20.841561011840504,0.5419942740651346,0.8161252263193814,1.5491956122907942,0.32184696197509766,0.7030082543691
0.18926454511069035,22.853423555213098,0.6036107361540742,0.8037124186935031,1.2805802593356386,0.29788396507501597,0.651964028676351
0.15270762696188164,23.56059950204107,0.6093800241612364,0.7912079979113784,1.0541682106488712,0.2943016688028971,0.6779194672902426
0.16427571449062597,22.844065583303507,0.617735090420113,0.7945243854226568,0.8953519357644247,0.2815463095903396,0.6560341517130533
0.16468152772124026,22.9752017443118,0.6283612166907315,0.7761558444620015,0.9281871249453967,0.28557106355826056,0.6342928409576416
0.18057789901059565,23.30025248005462,0.6359610040525124,0.7763064318562473,1.0501022600013472,0.2733800287048022,0.6737549304962158
0.21009188374222357,21.99037950426282,0.5740542092885007,0.8009039814785922,0.9058653960672215,0.309433047970136,0.63455597559611
0.2173188903806749,23.37493815702904,0.6198039857340842,0.7767115292769557,1.0582378492657194,0.27260154982407886,0.6714363892873129
0.24125965009640823,23.417888796903366,0.6301165740561614,0.7676195372971973,1.3455192251677965,0.2626260270675023,0.6283400058746338
0.2506259886849358,21.938841974905728,0.5497058527188621,0.7885337469843209,1.017258399322263,0.2974307090044021,0.6584118207295736
0.2590489621379452,21.519426870510177,0.532626636154213,0.7827172554751797,0.9165330092201343,0.3026830504337947,0.6960118611653646
0.2528411583135109,22.29569473916754,0.5653949282569687,0.7864323441992306,1.2943159246595837,0.2976271361112594,0.6319773197174072
0.2794608076843022,21.81736312553707,0.5858661871528216,0.805145826569874,1.7553632309418423,0.29886455337206524,0.6567113399505614
0.2613068854073077,22.25856515544668,0.5690743205480017,0.7678661260139957,1.453118806334443,0.29408372441927594,0.7248870531717936
0.2747241347928766,23.082958033536794,0.6112360054947867,0.7805589331104695,1.7016245586301493,0.28216162323951716,0.6551946004231771
0.27938021954248465,22.48452340906753,0.6034582928567997,0.7730067980869347,1.6310606638865475,0.27875690658887226,0.6458280086517334
0.29304008451739083,22.67869648244196,0.6091682307403786,0.7797040226353928,1.6865161484162827,0.2801581223805745,0.6563925743103027
0.2666181085767199,23.382561389606366,0.5955859539580407,0.8115462471861976,1.3932581766976064,0.2980831315120061,0.6707843939463297
0.27545087385317807,22.927829121042805,0.6114625290199142,0.792959303696362,1.5170847039641107,0.30533657968044275,0.6513613859812418
0.2649980849786692,22.686587248462548,0.5908283262109226,0.764330090534405,1.302058570385204,0.3034557501475016,0.6513384183247884
0.26443200478504986,23.041692893447664,0.5810647929032312,0.7946022331589346,1.1682761083523756,0.31417285402615863,0.6563478310902914
0.29649991660814506,24.23949463484259,0.6549056765486416,0.7905486817369329,1.6317707888284172,0.2800153717398643,0.6541404724121094
0.29302041498990666,23.974190682458755,0.6580445593805236,0.7602589004676261,1.5831313223224381,0.2753288721044858,0.6492841243743896
0.35482195762646834,23.34701882877577,0.6847032848798378,0.7797483925673422,2.037971621207715,0.27624546488126117,0.6470779577891032
0.3699697266690634,23.730432719824734,0.7003822781338455,0.7965518100002376,2.094503355193184,0.277080533405145,0.6579014460245768
0.2900245427865824,25.155785251306096,0.6795148765543667,0.7913722959409571,1.4628725481039249,0.2805462181568145,0.6524336338043213
0.32905578828700127,25.997727813944053,0.6961080066191038,0.7947931702203448,1.7468455529788154,0.2682895362377166,0.6367515722910563
0.37312316511034643,26.23154084381981,0.7098387606440072,0.842686354066576,1.824353863717299,0.25732563932736713,0.6489568551381429
0.4664035636054704,22.157458111158757,0.7034305127692523,0.8146111470677372,2.252346860661913,0.26650480926036835,0.6561466852823893
0.2718466292162412,24.67483052244187,0.6555162492455502,0.8297443343508674,1.3813119755410554,0.30222736299037933,0.6515249411265055
0.30196910676303246,21.169235219591943,0.6377417006158214,0.7924988871347246,1.6739260165693255,0.2912475913763046,0.6620035966237386
0.35898334406064025,21.12683607691034,0.6745965060500837,0.7948687096945352,1.9026081442790161,0.26652776201566053,0.6446015040079752
0.25268382939228834,23.51724744668285,0.6307973137686717,0.79457579022512,1.2070879538282218,0.2769482384125391,0.6442141532897949
0.24670568356451164,24.232385267492646,0.5824964533268812,0.785304678261519,0.85593270939354,0.2822742164134979,0.648159106572469
0.2489460117938008,24.26313966879974,0.571246509367109,0.7973831617448127,0.8453282997691091,0.2761479963858922,0.6301585038503011
0.25423615831477236,23.223843479886884,0.6925088324136853,0.7742011650071596,1.3531562208944161,0.23753907283147177,0.6614332993825277
0.2556189438067296,23.223683032755883,0.7619308793261445,0.7752392628055943,1.5941540707438806,0.2288404405117035,0.6637148857116699
0.16350999190847762,25.75184823754471,0.7095680749813469,0.7943935112722958,1.0350606561095497,0.23771184186140693,0.6631141503651937
0.19614895399908572,14.58199884963876,0.30002560248782445,1.113779037351206,0.8832573496728964,0.4722430184483528,0.6344979604085287
2.3354643734188416,18.836202004955002,0.46240563288801567,1.086732760568678,2.7295029557377313,0.3707270522912343,0.6462045510609945
2.3467016307366158,18.73574722901097,0.45560078151989064,1.0118889335132735,2.027490717373786,0.3827191864450772,0.6785552501678467
2.123631419401566,19.407227607824673,0.4902281362750329,0.9938980206281096,1.9055234897973115,0.37227918455998105,0.6409351825714111
1.756066379366475,18.99436775870372,0.46700248605989975,1.002446569927138,1.6885918980445398,0.3921005229155223,0.6362044811248779
1.3550732840811646,19.579722400144707,0.4784997992337346,0.985474098079235,1.5133249019391037,0.38404882699251175,0.6655016740163168
0.896000238173316,19.15876886982753,0.502538342170831,0.8995572261026111,1.7061056238344907,0.37187545001506805,0.6462108294169109
0.7777995785644336,19.45668109981082,0.5796570240717484,0.9000851835178795,2.155786088960939,0.3353798687458038,0.6560307343800863
0.5559729827853527,19.794514828317457,0.49901228253161417,0.8772218235821914,1.370450356432472,0.3921578327814738,0.6578932603200277
0.18634772116755607,21.49468466783465,0.5654159992234854,0.8078209312952808,1.0860024910575365,0.34256164729595184,0.6579411824544271
0.17507059404428257,20.889569928777345,0.5721387506430747,0.8081938722305316,0.9917004898727609,0.33797726531823474,0.6396174430847168
0.20015250602412124,20.37066940474806,0.5681108725721481,0.8119105126796361,1.1248542430652122,0.3409311423699061,0.6601733366648356
0.22205205911883788,20.32993287341952,0.547976235412203,0.8071460693829854,1.109346555794753,0.3530186166365941,0.6446940898895264
0.2334372895756005,20.436100217572374,0.5441971463888504,0.784962064919562,1.0834562677613788,0.33160196741422016,0.6531785329182943
0.23926807638169278,20.456065789912557,0.539084019552496,0.795796443148253,1.177100807480146,0.33977900942166644,0.640953540802002
0.25355768037147536,21.76585124512445,0.6201771984935879,0.777130160428167,1.6627065299715038,0.3033287127812703,0.6216007868448893
0.24511772967537324,21.26206827714403,0.5477263589293694,0.783345905947117,1.2102335636792596,0.32955976327260333,0.6721831957499186
0.2553536458082099,21.266046206339052,0.5575953730544173,0.7675004921735171,1.4633636397633476,0.32225798567136127,0.6442288557688395
0.2904535221827887,20.177700881565688,0.5654545709569493,0.8257477429341845,1.8987754752542925,0.32070042689641315,0.6545303662618002
0.27531855826148405,21.048629607469138,0.5991904398754994,0.7995012898864743,1.9913115830906067,0.3082900544007619,0.6506160895029703
0.291467744623551,21.696008373429162,0.6284029855092609,0.7789467631782557,2.1135409189093397,0.28285570939381915,0.6699481805165607
0.39510672325413704,21.302378371760607,0.6495211530636761,0.7881198985001272,2.7287688689533014,0.2717639431357383,0.6703876654307047
0.5139309871630258,21.094553558993073,0.677581817995612,0.8097160604802519,3.3166177750345063,0.2674570878346761,0.6501777172088623
0.6139042317692719,21.00859831383219,0.6896877300637465,0.8247263853141665,3.7967370730314354,0.26171796023845667,0.6408491134643555
0.6692780208805988,20.863289144176353,0.689497096334882,0.8251315742215345,3.969712065757561,0.25889632602532703,0.6628208955128988
0.4698207659496773,22.335768736917817,0.7022338679245697,0.7945591634188048,3.1308488391439346,0.25474735846122104,0.6504929860432943
0.5903757023017167,21.001812118610317,0.6972556192821373,0.8137575153108961,3.7225330091526625,0.2582375208536783,0.6346009572347006
0.4367997288525616,20.6283720332093,0.6628224076347914,0.8115820928400588,2.869532855744964,0.29096880555152893,0.5975861549377441
0.35448469266162635,20.85475037029148,0.6190134190386719,0.8040284202471731,2.3906627248379437,0.29705298940340674,0.6358005205790201
0.2829079768220109,20.866404598478933,0.600257926131228,0.7708256084165709,1.9043992026192063,0.29851776361465454,0.6473495960235595
0.24400894000649168,22.31790477747333,0.6002464924600515,0.7836587909857918,1.7159521920327776,0.31094184517860407,0.646275520324707
0.2846894904245744,22.400919697375276,0.6472166352877692,0.7802313632967328,2.0549372962049453,0.2688304086526235,0.5953170458475748
0.25367262478739266,23.712849749220158,0.6537370695870471,0.7760856590934994,1.8225886338028106,0.26786114772160846,0.6581564744313558
0.22051136269091867,25.00537212912396,0.6224399763756182,0.8238841390578685,1.3864666246931676,0.28650806347529095,0.6438741683959961
0.27644540110931964,24.24862982130537,0.6672620834981138,0.7951127295243147,1.95743221549633,0.24781795839468637,0.6229627132415771
0.22392771742393017,26.36228544742662,0.6899453395357447,0.7858530622111638,1.682858838201841,0.22694452355305353,0.6294990380605062
0.23096293547083238,26.06091755368053,0.6853849666688218,0.8191975325131405,1.702378759883316,0.2313089221715927,0.6575562159220377
1.6920694190017276,22.560840813319516,0.6017181201832199,0.9774377719442736,2.21070965858491,0.2310286983847618,0.6483895778656006
0.5981589924305802,21.755566318783565,0.5900152267388256,0.921603353878982,1.6475202148172718,0.2769877488414446,0.6540277004241943
0.2601852665282091,21.203276103769937,0.5818455080232362,0.9031973372582444,1.5263378937131327,0.3012659152348836,0.669155995051066
0.20465041097421502,21.201369006169553,0.625354737204677,0.8537960498696661,1.6417921210331234,0.28595447043577826,0.6548158327738444
0.417338035561808,21.229399699972088,0.6693386025244141,0.9036643571160102,2.437166362347018,0.25649373978376383,0.6203026771545409
0.3152904806730224,23.23092463791063,0.6778024918685923,0.865154072646372,1.9744965074551295,0.2486303672194481,0.6793216864267985
0.33344437070424265,22.31611307455215,0.6941123343667669,0.8410405346141672,2.3281536833028533,0.24584234257539114,0.631434440612793
0.2814526403681565,26.16264882411801,0.6965740101440939,0.8068095272479501,1.7090549503235322,0.23100307335456213,0.651745875676473
0.19264417062286832,25.510562884216966,0.6908431388763353,0.8173149717792217,1.4967689504983455,0.2622361083825429,0.6707965532938639
0.163627642175185,22.69699511824641,0.6255681992439194,0.8046834324952595,1.1813925047125051,0.31218451261520386,0.6505607763926188
0.23959803930781423,20.709991645273032,0.6746302513370858,0.8171216179804408,1.8845375214816362,0.293376882870992,0.6395537058512369
0.22285141023439592,22.16885659269074,0.6876327671282537,0.7810393417018968,1.7173369270141425,0.28541689614454907,0.6979509989420573
0.22906926430639818,24.403004461910456,0.6768829622949211,0.7662843455264983,1.4421482569274477,0.2967249304056167,0.5985997517903646
0.2263218864113901,24.10165745750645,0.6745853953271386,0.7563482942245973,1.341784431542851,0.2984692802031835,0.6791320641835531
0.3179034043387709,21.508946213567686,0.7115404690976646,0.7676090942940929,2.1640424334654824,0.2799530774354934,0.6355101267496744
0.289019704028897,22.89490524892734,0.6931772813966052,0.7635253804520632,1.8824842681284333,0.2865997652212778,0.6407332420349121
0.27388610875264424,23.12432766923831,0.6833699234354653,0.7641240969976485,1.7779833289797653,0.2908059408267339,0.6775868733723959
0.2730382320971602,23.335612781070356,0.6723441031963876,0.7678859780600975,1.7349710264050884,0.30233922352393466,0.6460212071736654
0.3767460004944943,21.206704879214314,0.7095684834426601,0.8048754200069244,2.446006598012141,0.2914115190505981,0.6390225092569987
0.3128660726345134,21.11571911586537,0.6777584456811891,0.7780799988852265,2.0276170449047206,0.3072912395000457,0.650825023651123
0.286762100377822,22.024638347783704,0.6687315679362538,0.7708628645375267,1.7793560637236536,0.3141568899154663,0.665003220240275
0.2778481639532861,23.79962502136151,0.6649366251022518,0.7571531425990661,1.5419852461257,0.3059953798850377,0.6577710310618082
0.2689859692590915,22.201969805529583,0.6345690446321983,0.7534079023477579,1.4937274843144392,0.33516883353392285,0.6646686395009359
0.3562395264699189,18.16623952464416,0.6298381894849865,0.7780584786655274,2.110924406132229,0.3316037903229395,0.6551322142283121
0.34851662512501996,17.882246701423522,0.6140453726768246,0.7847933003723409,2.0667488551955957,0.34221019347508747,0.6031036376953125
0.2936992467718211,19.967784682532713,0.6248704478727826,0.7787881241615272,1.808583418008969,0.34978385269641876,0.6556296348571777
0.43624605694455854,16.957255483821104,0.6228412805079396,0.8237960032509112,2.4986662303503584,0.3555150330066681,0.6689953804016113
0.6509050692063033,17.19361993928989,0.674178924593845,0.8208137330727588,3.353969432172118,0.31438074509302777,0.6473138332366943
0.412704335899215,16.49755914441026,0.6113413393023244,0.814137863653993,2.3019652953865055,0.35650379955768585,0.6811386744181315
0.3079279168634882,17.58124499289421,0.5834338895067094,0.826137006554887,1.776146813553116,0.3855644663174947,0.6273992856343588
0.3720435356573378,16.946777842700527,0.6113335467724799,0.8173524862182511,2.1050723010487054,0.34897751609484357,0.6475392977396647
0.6975364240470184,15.127260904122858,0.6258448797294539,0.8700116384504204,3.290465242832767,0.349263072013855,0.6403810183207194
0.32467974791285753,17.134229255064497,0.6143871212298117,0.7726737800898915,1.8267966707142584,0.339492733279864,0.6407357056935629
0.14259579939316888,15.858482395820277,0.30872356094063963,1.1997424747183565,1.0583533096650986,0.46868497133255005,0.6463177998860677
0.31216174449662326,14.390514273509012,0.3017737612882084,1.110521993329319,1.1637795567924651,0.4620371038715045,0.6081443627675375
0.4615616327518976,14.435299028852555,0.33923038949829715,1.0898081760224219,1.5163766725678325,0.45113078753153485,0.6617635091145834
0.6051506639363863,15.43441660144896,0.3743929181216992,1.0992847079463468,1.914279222424738,0.44210487107435864,0.6516911188761393
0.6249673760369753,16.14304349572261,0.40790023343792586,1.1321895961339339,2.287661375674326,0.43716305245955783,0.676934003829956
0.5756958477392181,15.954145317459757,0.3935232002215985,1.0631500920863688,1.9540624391059669,0.446626936395963,0.6129408677419027
0.3401766910865122,16.701676482324192,0.4042981744650381,0.9963250000755298,1.584497758963729,0.4373768965403239,0.6572448412577311
0.1977095286448717,18.53502097559958,0.44061651338987895,0.9555316309224504,1.6104890533814995,0.3921404580275217,0.5939342180887858
0.18331449146033094,21.22309218267966,0.5058245554892794,0.8632243755807224,0.9449321789468117,0.35715556641419727,0.691105842590332
0.16559628923508476,21.487628994341055,0.5320448647361425,0.8328896269104908,1.1434766939313359,0.34986700117588043,0.7071066697438558
0.18969673040751722,20.40548433625055,0.5072118793949068,0.8536870469399439,1.0532425945467863,0.37089064220587414,0.6881302992502848
0.20409398142476862,19.94834314932008,0.5098422368592997,0.8380945942058426,1.2376254475708504,0.3624513695637385,0.6106760501861572
0.22307991027157884,20.185431575596116,0.5172909075152895,0.8045023217230831,1.3079072807313277,0.34642915924390155,0.6404618422190348
0.21206020361665423,19.97689086246626,0.5126412335282787,0.8183848833421704,1.3038863230236235,0.3505327304204305,0.6598564783732096
0.22250527876442397,20.903238099828926,0.5384925862562772,0.8054493077400697,1.6084243675383447,0.33520522713661194,0.6548562844594318
0.22983762946921915,20.710264099162615,0.5289994410298838,0.7728251381958208,1.4744180084248448,0.33364978432655334,0.6659286816914877
0.2361131994949609,20.96409159897512,0.5321288754477762,0.7882077647028832,1.529944281768004,0.34032613039016724,0.6536798477172852
0.2467320574911336,21.031787121883408,0.5669062008966769,0.8066581094998156,2.115670785130608,0.3270426169037819,0.6486225128173828
0.27973502521490273,19.762710602626527,0.549464823426974,0.8239904791264491,2.3717635588425456,0.33319197098414105,0.6925239562988281
0.4562374930602453,20.29260094328963,0.663649379394352,0.9001517525726671,3.8655821213813844,0.2900771250327428,0.6481151580810547
0.354230182213738,20.99674198221406,0.6405108346677716,0.8521282865348813,3.0268718034020154,0.30139946937561035,0.6759058634440104
0.4224994581871382,21.492435999742526,0.6750950646157676,0.8824304588306897,3.5016890714565583,0.27717748532692593,0.6492806275685626
0.4600838098589928,21.320973421135992,0.6755868838710191,0.8904617438661578,3.6831860080572194,0.28295630216598505,0.6348682244618734
0.2494424909990444,21.02078621133698,0.5817987689134984,0.7847323129443883,1.9364674178822856,0.32928004860877985,0.649972915649414
0.24941519915893007,20.29148833032714,0.5451994207966261,0.8067045968192046,1.7563037360290468,0.36162639657656354,0.6839678287506104
0.23691810004202393,20.780411313469937,0.5311652923415736,0.7951401988055062,1.5170250663425418,0.3582952866951625,0.632553497950236
0.2725335405248464,19.1977561743502,0.5412176409559187,0.8048017676730842,1.9492738878195945,0.3587460219860077,0.6563079357147217
0.24657274098023596,20.49823172670281,0.5504372177410777,0.7829854026287748,1.7785179882691498,0.3338508605957031,0.6490313212076823
0.22431456684800732,21.442268546101104,0.5273683457244316,0.7907893367003762,1.2618519834607722,0.32553873459498084,0.6831910610198975
0.2212716222052552,21.701989291510348,0.5313187526428399,0.8223328697929694,1.4005141921151198,0.34212491909662884,0.6857078870137533
8.069022805875205,20.970862529995884,0.5084535246461507,1.3247778878819068,7.141040086334207,0.34129026470084983,0.6307984193166097
0.7918536458956105,28.702278901254306,0.5844806487996975,0.9139603534150003,1.2621406281784282,0.12106943503022187,0.6613736152648925
0.6927813387672249,28.03746196791953,0.5620720931551605,0.8584770586656777,1.0456453904128244,0.1603066946069399,0.6426965395609537
0.795892495132054,25.995878899809735,0.557630829249214,0.8376452876913736,1.1433880764603261,0.2016184876362482,0.6475293636322021
0.7016405269903639,24.74521908111618,0.5148354803732438,0.8428008410532293,1.01915535226192,0.23808449258406952,0.607909361521403
0.6017369192489089,23.463849582904675,0.5512149484192329,0.838688673935463,1.2059695295236312,0.24925053368012107,0.6542590459187826
0.49561005727564833,21.9140939439345,0.5920958613649859,0.8066050931405669,1.4543640347787121,0.23563413321971893,0.6475928624471029
0.3117703542632853,24.594096978814832,0.578595293896054,0.7928198626773476,1.085282570862189,0.23958269755045572,0.6107347011566162
0.2859168108494387,24.04253039881196,0.6247012766097604,0.8064950504344508,1.312286370273031,0.22984866301218665,0.6318918069203695
0.17313332108422974,24.403165902038467,0.6582663988220055,0.8067535777006997,1.175344386870744,0.23325869441032407,0.6322471300760905
0.1802468287093625,23.390067772011022,0.687581789703897,0.7957976926288085,1.3394421509590915,0.23277948051691047,0.6060845851898193
0.20952838362584011,22.412113960189178,0.7131735736832665,0.8161955587801222,1.3121936513718488,0.2474438200394312,0.6262030601501465
0.2087763513153648,23.81062796814821,0.7179594733508794,0.7582018031269998,1.1853461248944384,0.23108027627070746,0.6433378855387369
0.21778050115270045,23.568081456389535,0.6674127164856225,0.7954982143983944,1.0422923764162373,0.2578762769699096,0.6153562863667805
0.22489161000025862,23.73354937740733,0.6352195072682474,0.7745390635601764,0.8169687596277647,0.2651649316151936,0.6426424980163574
0.2364153181835635,23.93881444728657,0.6440589990959406,0.7809036739127025,1.011996918195278,0.2719263384739558,0.630319356918335
0.24217344421463663,24.3063294131171,0.6149630397355073,0.8068479421758493,0.8897784051435118,0.280782883365949,0.6328100363413492
0.24879455480535465,25.337891864408572,0.6401056899861842,0.7930738452252677,0.9507016963919592,0.27033151686191553,0.6637643973032633
0.2643708443661539,25.899179287464506,0.6854706696728957,0.7880331231714465,1.0516822006983177,0.25300395985444385,0.6529255708058676
0.30170852341321985,26.150435010501948,0.7289038890150957,0.7787382012762335,1.1856692228713228,0.2342193772395452,0.6541860103607177
0.334679054991666,26.364141886790645,0.7543391420390199,0.789553120310071,1.2460155432194668,0.22484236707290006,0.6601323286692301
0.35296220419494034,26.43006671856139,0.7649147802993587,0.8041475824667881,1.2462478233811398,0.21434669196605674,0.6448241869608561
0.44095034001344896,25.200337597424763,0.7836727437642775,0.8313243174660191,1.554812791277019,0.2123714039723078,0.6355970700581869
0.5065889537468936,24.230934151787483,0.7893670405906955,0.8606920242752897,1.7996235863467984,0.2157419845461845,0.6341313521067301
0.4023068503125919,24.060463437215216,0.7522412822940905,0.830703710951536,1.5445752140965745,0.23206024368604017,0.6303435961405436
0.3467019986798048,23.494448403021313,0.7239177742294416,0.7944118367844663,1.3970091265107356,0.23878282805283857,0.6456281344095866
0.3007581428047195,23.84854821492716,0.6766327565890083,0.8001461223513582,1.165443665238447,0.2639633814493814,0.6290651162465414
0.27825416316657375,24.519526006379937,0.6467790157569422,0.8397976418918708,0.9268739044724125,0.296767661968867,0.6562056541442871
0.29243919819003555,23.530823281442196,0.6673337538056451,0.8088383425183583,1.0856904593857417,0.28182347615559894,0.6418944994608561
0.32100466357768515,23.607603320010245,0.6978827719364092,0.8293688572468277,1.1995734687748887,0.274888793627421,0.6577401161193848
0.33033159698369013,23.759183728962046,0.7175493949386009,0.8388193010943938,1.2194771772413289,0.2730124642451604,0.6500129699707031
0.3272420588299337,24.410292763557262,0.7302276745302899,0.8319619539449962,1.1821841403825235,0.24933641652266184,0.6410330931345621
0.32865225039923834,25.196040467442703,0.7457568930315118,0.8056838309045151,1.1877115983829551,0.2305117795864741,0.6608988444010416
0.3532145681922662,24.13120436463576,0.7305692762475093,0.845891130710695,1.3120181480413555,0.2467754979928334,0.6301796436309814
0.3063401040927672,26.017118735330428,0.7251337163018463,0.8278688001840607,1.0925637723083594,0.24746083219846085,0.6536334355672201
0.29563620063561796,25.510623665321145,0.7131671590467005,0.8153583296464445,1.1233135712015263,0.24928485850493107,0.6691505908966064
0.26614455649619956,25.750826614943062,0.6819727383966979,0.8380326162397048,0.9867703273370177,0.270314335823059,0.6512301762898763
7.045842371408997,18.211766450631462,0.4267738299720989,1.2944766162290324,4.79633319965563,0.4014855846762657,0.648894468943278
2.475488974068914,22.394458664807342,0.4898399677275296,1.0176924528677405,1.4283616473918181,0.2865364191432794,0.6497681935628256
1.535794812022564,23.41472237338428,0.503220456304433,0.9588799746240534,1.195953020820577,0.26361597081025434,0.651800791422526
2.370809363479268,22.84348647954239,0.4872230074379522,0.9679695205283328,1.3199506496127276,0.28521148115396494,0.6488564014434813
1.2966444681504514,23.357678794598115,0.5136117315751411,0.9067886649672058,1.1239276257524697,0.27549167970816296,0.6587545077006022
0.3616574066585039,24.391962373322343,0.56083562104216,0.8143659299020385,0.9029965931382601,0.2509474878509839,0.6202853520711263
0.1921651827681862,24.676104882295977,0.6236296864010873,0.7930821089171568,0.9083075687081879,0.22597958892583844,0.6445555686950684
0.16155398862684434,24.633034212336344,0.6482731766649861,0.7864077709020876,0.9208386989783856,0.23013525207837418,0.6433636347452799
0.1534123506379591,23.81037733560061,0.6314855825614066,0.81980304080886,0.9203883537507114,0.24375349531571067,0.6148521900177002
0.15588897025725887,23.7172118695748,0.6292340457001941,0.8102557627746118,1.022084049089086,0.2507394477725029,0.649939219156901
0.16766754351193222,23.732347655413573,0.6865784451465128,0.8013963444466398,1.0573219030392242,0.23937296619017914,0.6527984937032063
0.22903332078010263,22.767259907508656,0.6849389350892122,0.7922088761413869,1.1333872123166335,0.23164166758457816,0.6634602546691895
0.237239213358399,22.36960334598219,0.6314147898320694,0.7904547612878067,1.0891651542461775,0.2551039258639017,0.6505540211995443
0.2583270113734953,21.886324970584052,0.5723902060004911,0.8206071580392423,1.0622134010444886,0.27543480694293976,0.6450537840525309
0.25846956701912543,21.81824728302911,0.5707284203089635,0.7824134160291306,0.9961758717134224,0.2689750790596008,0.6530017058054606
0.2579296330875216,21.884788169557513,0.5633523592785284,0.7665347926132854,1.021901255065717,0.27367829283078504,0.6543292999267578
0.2534369162537337,22.020530222956225,0.5656901277098557,0.7666727190192928,0.9982494757565988,0.2815753271182378,0.6605660120646158
0.25180093096704703,22.323574578102352,0.5606524283899219,0.7436614987735884,0.9594349516102034,0.27841731160879135,0.6438314119974772
0.2530759000763042,21.962297323469233,0.5713360933164945,0.7781525732964178,1.043784171162,0.2896641542514165,0.6262482007344564
0.25346517770621296,22.427757661284733,0.5906152868605324,0.7740153588052753,1.0844897827824014,0.2886543373266856,0.671239455540975
0.2682939450734081,22.000740274864526,0.6092481861282597,0.786897405831179,1.2326016508567865,0.2890542149543762,0.6534632841746012
0.24582447183616044,23.715748145219678,0.6113126584938234,0.775789653926482,0.9460777243329505,0.27985107402006787,0.6690967877705892
0.2672626383436108,22.914163947445044,0.633614428662587,0.7728839037174936,1.1830864194090396,0.27525249620278675,0.6519389152526855
0.2664585098638581,23.400844279355145,0.6325094015203295,0.7978684463477222,1.078279957018078,0.28985493381818134,0.6035896142323812
0.26985136799881954,23.389976705679413,0.6255824618515023,0.8047983593149932,1.0643284088887752,0.28328595558802283,0.6735668977101644
0.2803598549328616,22.533712472463975,0.624805019099325,0.7853847822977817,1.1618744140337056,0.2813200801610946,0.6373349030812581
0.2715658032882014,22.90987555949312,0.625926370981107,0.8006081352106262,1.109060368018563,0.2873584926128387,0.6646541754404703
0.2681058383578185,23.228608779294035,0.6215614129106561,0.7896618765586605,1.099771236049362,0.28097595274448395,0.6907467842102051
0.29835078104640694,22.115815993833124,0.6469922540188243,0.779785206519784,1.3403003643983966,0.27868465582529706,0.6614197889963785
0.2634895298720938,23.67623261692869,0.6273243381419439,0.7962407362183707,1.0259275364895215,0.29515276352564496,0.6732141176859537
0.26715470866255686,23.952021230193164,0.6365302057434489,0.8057471664348345,1.0235200054235043,0.28393636147181184,0.6130661964416504
0.27700041169760253,23.387970480786176,0.635387796370565,0.8039294456874254,1.0951474009539008,0.2886528919140497,0.6589163939158121
0.25864390049701474,24.570081810936042,0.6512997037425973,0.8030514786019934,0.9685906097601616,0.27389158805211383,0.655932346979777
0.11808179063509676,16.332486470966167,0.29180454367809244,1.2892618508756915,1.1313640030088268,0.4757492740948995,0.6380424499511719
0.3397640808146134,13.522072306928642,0.2868363705689683,1.106849774643026,0.9948833423862372,0.45904652774333954,0.6058722337086996
0.34032898157691466,20.438322528361123,0.4872197525582671,0.9994759682109337,1.1111180167528216,0.3198560973008473,0.6417419910430908
0.1985255102887653,24.825542280592014,0.586984016388866,0.9250086464478637,1.1428136557498725,0.2629650856057803,0.6522407531738281
0.18674680575711808,24.89843087043136,0.5843981227211542,0.9130522334058178,1.2848849189656526,0.25508642445007956,0.6270232200622559
0.19585121008394624,22.152868661215454,0.5310696824765323,0.8827830640077193,1.0718433119265525,0.2878036672870318,0.6344472567240397
0.1783219961013112,22.874400528579148,0.550241173210913,0.8705381460700655,1.3051401503401994,0.27696102609237033,0.6636052131652832
0.19964305047566266,23.72770649465693,0.6514052422645076,0.8896229292362027,2.2468605457766517,0.24178234736124674,0.6632401943206787
0.24733580925807788,23.37600166864426,0.6579137512322122,0.8717699524711979,2.323036237763469,0.24511410047610602,0.641122023264567
0.2443883432183506,24.391056225689493,0.6979995927232977,0.8489146639563244,2.279709764992466,0.22099352876345313,0.6505300998687744
0.16919251341889283,25.253007610094944,0.6591723722640376,0.8092199317944376,1.4324827672576408,0.21148800601561857,0.6762218475341797
0.1649699851531858,25.229778332858427,0.6104295163557008,0.7956376401367473,1.0506433551991587,0.20328698803981138,0.656354824701945
0.17208976371755122,25.346661767940343,0.6031689249777913,0.7748248146979173,1.0919968049969857,0.1940046250820159,0.6741906007130941
0.1894812929227331,24.754474193889408,0.5818961138047861,0.8135871519438213,1.0488339926654615,0.21726306279500326,0.6105961799621582
0.19923426212887027,24.45773536855863,0.564825483127979,0.8003797227494749,1.0077130342078349,0.2280221581459045,0.6574170589447021
0.20209485986091358,24.867248092612357,0.5893127139534274,0.7775281466880583,0.9968795562411992,0.22172972311576203,0.644603967666626
0.2164363091617624,24.637444853484713,0.5669741159569287,0.7822401391862256,0.9944439296686602,0.23411619663238523,0.639071544011434
0.20560836551337835,25.23595064849906,0.6037674211531888,0.7632122752581595,1.0579705592431854,0.23135217030843094,0.6436914602915446
0.21962539782663879,24.754590227152615,0.5681180670217528,0.8032663852778774,0.9699893508058537,0.24522773921489716,0.6408335367838541
0.22167447902815615,24.58648339864044,0.5820448341497865,0.7645811446451806,1.0140772413207264,0.25990775227546686,0.6509099006652832
0.24449867355615704,24.713221265510498,0.6393573487576512,0.7506381720530212,1.275008020703398,0.2653039495150248,0.6056559880574545
0.263452418860729,24.515539314827077,0.6483510366578259,0.7949295762637248,1.4458741092784464,0.27327893674373627,0.6390678882598876
0.2849753985525823,23.123667688938696,0.651636459639242,0.8026833769552777,1.8599812251238796,0.2869885017474492,0.6104589303334554
0.29591970232867526,23.08434583889191,0.6686846882513774,0.7591273085824749,1.8462695736764008,0.27737687528133387,0.6463168462117513
0.5753423388798502,20.651436938912056,0.7143739570130473,0.8267994473420893,3.230865346630901,0.268712043762207,0.6390346686045328
0.2909139049459555,21.963922159890956,0.6482150421093058,0.7823160851210194,1.824312823342961,0.3034994900226593,0.6792708237965902
0.280495199503473,22.796158466842197,0.6581683968170138,0.7760369123041228,1.7718162283470378,0.29699989159901935,0.662477970123291
0.31262483753862463,21.240407656333776,0.6597412637419766,0.7889392528414332,1.8790023726845435,0.3038586179415384,0.6716573238372802
0.24619289788429807,23.337171989665634,0.591399032832541,0.8144157272722214,1.0892184115650425,0.3193965752919515,0.6008756955464681
0.24712651184421622,23.612469980005386,0.6328133568770307,0.7816941812763245,1.3035183199048423,0.3015464295943578,0.6527311007181803
0.2622519633112326,24.080827788065296,0.6373633011878687,0.8106174706842358,1.1322138892173763,0.315933217604955,0.5940246582031249
0.23708563634349666,21.300287468211405,0.5793691924266332,0.8190477867193984,1.190991470112588,0.34973177313804626,0.6059245268503824
0.26845952012381696,19.901531112034817,0.633348556391805,0.8113486174146356,1.4949863496693758,0.3149824390808741,0.6372558275858561
0.2481421069252999,21.63148857753798,0.6629659011457077,0.7834632974852077,1.3367809396813355,0.28679654002189636,0.6389400164286295
0.32410521784075974,19.982671543645957,0.6993408158851212,0.8235081758217708,1.822943390291296,0.2702625940243403,0.6520707607269287
0.22999193317486508,23.578607804809966,0.6842177081529021,0.834282258283556,1.2011089742334244,0.26966830094655353,0.6584340731302897
0.23621976753711582,23.80173501047179,0.7335978234944767,0.8287218761491536,1.3221289316051161,0.24898413817087803,0.6479667822519938
0.24723289560709158,24.69985758277907,0.7626212503966584,0.8392081265537286,1.4449374939439839,0.24248353143533066,0.6371795336405436
0.2424479732385193,25.43042307480182,0.762787509763665,0.8800487360725263,1.442849529302719,0.24743905663490295,0.6457763512929281
0.2920476713775858,24.23742943156427,0.777341611321952,0.8559527493432483,1.7303082684276927,0.23091104129950205,0.6711946328481039
0.5464111374691039,23.742872475298196,0.536425120096402,0.8958420153018434,0.9517773097745135,0.2625518441200256,0.6563007831573486
0.39145571331780477,23.15009440543039,0.5405861894821294,0.865751818859844,0.8992866508813221,0.2660779158274333,0.6232755978902181
0.47899861100180136,22.27817015612142,0.5104480929799929,0.8674938611731399,0.916445810362221,0.29858995725711185,0.6441508928934733
0.18718714648608384,23.440658008774005,0.5933809524646965,0.8086505844136139,0.8575129572279777,0.25782075524330134,0.631873607635498
0.1581705391340635,24.0922337855437,0.6524202259746822,0.7649462902084787,0.9625347284322627,0.22549614806969956,0.639312744140625
0.16049237630299842,23.9048784131096,0.6582512791425121,0.7847179378218639,0.9729905766645004,0.227014551560084,0.6471081574757894
0.15792975703919143,23.95430615887088,0.6587473076232576,0.7921600081518744,0.9692316845773137,0.23430877178907392,0.6610519091288248
0.1521457741490752,24.696264994042753,0.6865759527007343,0.7682252228390004,0.9925978459580737,0.22114943961302433,0.6293917496999105
0.1600604884643935,24.51814443176669,0.6836427569857992,0.8037928825047124,1.0345566133422444,0.23606484383344647,0.6068124771118164
0.1627449598643769,24.529923310896166,0.6779458401861952,0.7991517425812384,1.1672629333676168,0.2510719150304794,0.6329164505004882
0.16846859080863053,24.70473066837918,0.6749240903075858,0.8012201649518875,1.051945065357957,0.2501059373219808,0.6597374280293783
0.18144872579201624,25.64723920986712,0.7176080467006672,0.780921327357554,1.0621306574453144,0.22266478091478345,0.6427535216013589
0.19825563548052946,25.407055071692024,0.6829332858361469,0.8019250330168886,1.0537434552981317,0.23691288630167637,0.6509875456492106
0.2101301393476173,25.38721037506038,0.675504943217482,0.8047596380351196,1.0364873265274,0.24329385409752521,0.6586817900339762
0.21594803011256802,25.40282785512269,0.6648438625381833,0.7882135943267117,0.9756337783787562,0.24350974957148228,0.6671760082244873
0.2203832481069585,25.156153317664785,0.6696662934861916,0.8056478074222104,1.026862992901733,0.2515910988052686,0.680472215016683
0.22310085648618108,24.855264334985957,0.6617465494038243,0.8076636345723872,1.055810228383885,0.25538917879263556,0.6505231857299805
0.225643547625633,24.7022964770907,0.6555781342263233,0.7918166600093329,1.1040095238733032,0.25706978638966876,0.6803879737854004
0.22346791856512827,24.533933255496596,0.6342461213522196,0.8030461217536068,1.0174281353627015,0.2688277860482533,0.6104036172231039
0.22856941133306533,24.1264996814284,0.6254373467825168,0.8124931713689109,0.9613302798239031,0.2753713776667912,0.7104081312815348
0.23309695416334897,23.96970571089203,0.616296305185965,0.7907339589634521,0.9790302629254612,0.2803585082292556,0.6100240548451742
0.24666415292889307,22.94102797558592,0.6009768487006865,0.812408921134864,1.0398442542964499,0.29300036032994586,0.622614860534668
0.25196036987123366,22.295407206990234,0.5630597602972961,0.808231394554912,0.8612375182575471,0.30446284512678773,0.6559826532999674
0.25230182951199964,22.391229004120223,0.5607970454286023,0.798849196821184,0.8158309019608679,0.3139225194851557,0.6459891796112059
0.2574594908330573,22.662562092030726,0.5614573679354615,0.8023071481576264,0.8872213733649886,0.3073212454716364,0.6735676129659017
0.2584709826395682,22.812552331318283,0.5628270453766033,0.7994654414976733,0.855651208128471,0.3007098784049352,0.648780345916748
0.2646940878478516,22.49656171942469,0.5463964034834069,0.8290019196979861,0.7764611717030107,0.31808555622895557,0.640540599822998
0.27002647747166725,22.479378834691484,0.5377098401007482,0.8502543607192409,0.8056388753283624,0.31797441840171814,0.6411964893341064
0.26516162324055664,23.61605295099856,0.5682844690012913,0.8079824976414182,0.8272067841981662,0.28705118596553797,0.6345807711283366
0.14313914184169807,16.31575861728668,0.30987204380687555,1.2134880329791844,1.0652121604431162,0.4715319549043973,0.6054033438364665
0.8477219776695885,13.724852096982817,0.3192567391359617,1.1228911616869375,1.6958341123726122,0.45223084340492886,0.6755804220835367
1.1799868187618336,16.202616553318823,0.3858742281277781,1.2027623793287798,2.2648577478095926,0.42323782046635955,0.6350235144297282
1.696450400238995,17.232915368285216,0.42896632104955756,1.2426134614362807,3.2410670535796178,0.4189617857336998,0.6295239925384521
1.6879999966429784,16.70491699965248,0.43543720652165213,1.2191494766035669,3.390041205338049,0.4172951231400172,0.6470580895741781
1.9500639701780458,16.394093370401663,0.4399269415835561,1.2330026907761127,3.608542972983558,0.42575575908025104,0.639305035273234
2.5864637115899654,17.017934908546504,0.46658272562377184,1.1994274851147375,3.9646491487227835,0.4118920986851056,0.5955915451049805
1.4182682574756,19.067005729543226,0.4799464903669606,0.98606397126763,2.18908749076351,0.38931773602962494,0.6364124615987142
0.2958857572997388,22.068266093973545,0.565632094749733,0.8562897507176269,1.3853580890096289,0.31735357642173767,0.6450517177581788
0.2041540763634149,21.338334046846995,0.5395319945671257,0.8346830426078871,1.2260584540150792,0.32858288784821826,0.6649438540140787
0.23465226719284024,21.69035426405348,0.5986718284715512,0.8928601226022742,2.5495624850315504,0.31455882638692856,0.6127963066101075
0.214314771983554,20.957134334194762,0.5501889253860249,0.8403938755969435,2.0467457096649784,0.3305969710151354,0.6456011136372884
0.24217645974969612,21.11858730460126,0.5875042990526081,0.8680581529954369,2.594159098250803,0.31467736264069873,0.6485123634338379
0.26542174965628185,23.086447701087184,0.6191994295135477,0.7845330924319166,2.1102509718994926,0.29204933345317835,0.6413749853769938
0.62571913505351,24.15139240661334,0.767935366817912,0.8750874912760143,4.888892701954419,0.21350664893786106,0.645646890004476
0.25224385343761946,22.975553136564844,0.6114361352418105,0.7633634836474573,1.9035699505654318,0.29255740841229755,0.6477520465850829
0.290603063454545,23.31084058296588,0.6250290297181752,0.780168435932791,2.090736034245724,0.29160842547814053,0.6834854284922282
0.2693070720332387,22.836515076480023,0.6077084512265581,0.7695562352709002,2.1202129907894145,0.29091360171635944,0.653410275777181
0.25784899096726005,21.66949491323581,0.5850395142284547,0.8035298178061631,2.1666056855598246,0.3106398681799571,0.6592101256052653
0.31631990991165526,21.17765273333952,0.6132300225771543,0.8344647068739376,2.7427378898253445,0.30509746074676514,0.6510246594746908
0.27321901489102124,21.818639990844208,0.6030026736181565,0.7952123836101365,2.187974913622828,0.3116435756285985,0.6691574255625407
0.38579150343747676,21.62970113569308,0.6724072656178889,0.8174466731178671,3.073506613736363,0.27511276304721827,0.6285690466562907
0.26989625064054446,22.773277990228724,0.612395399385593,0.7821881195601762,1.9795017011592817,0.2955895066261291,0.6459447542826334
0.3259414773139851,22.274969270372498,0.6521477153654972,0.8004017919926714,2.6210608131384814,0.2809016505877176,0.6109493573506674
0.24209793786699185,22.36625871758302,0.5712164758806787,0.8031464660671549,1.6543105668525329,0.31980059047540027,0.6379481951395671
0.2335921917180949,21.36485781376541,0.5406106965704948,0.8255188757105038,1.3511005237861855,0.33654024203618366,0.6700077056884766
0.23286512641541768,20.835108917303522,0.5191662064751532,0.8203918644531969,1.3167465400563518,0.3358873824278514,0.6327709356943766
0.22992216963974352,20.36388320699984,0.49701637027258894,0.8405671544921388,1.3644002271671523,0.35203782717386883,0.6400419076283773
0.22233636754807332,20.464036115473842,0.5196500040941933,0.8329379446432142,1.5466244888669207,0.3423779805501302,0.657374143600464
0.2212713369522482,20.303140726776427,0.5534884492388271,0.8363573384298558,1.6903201464390178,0.3330388814210891,0.6366494496663412
0.22219685411304235,23.705029434526733,0.5039355932022982,0.972962530478358,0.7590563770871936,0.2740955849488576,0.6559946537017822
0.2759501028276607,21.852397915061307,0.4644253928388466,0.8886305251379768,1.112390583857617,0.273023563126723,0.6458280086517334
0.23935872344612785,23.544384449182115,0.5491130360167693,0.849703329600276,1.348633364985468,0.21894904474417362,0.6526670455932617
0.22685673541424678,23.21062397441237,0.5257549488878422,0.8206313620227292,1.4136435674036811,0.21555895606676734,0.6208741664886475
0.1778565022427762,23.848572933073587,0.5522441820522278,0.7716918511110414,1.1064443223065255,0.2021472478906313,0.6583156585693359
0.19164057874194637,22.799462336226508,0.5089527934985335,0.8061792876410822,1.0358441591769394,0.21623016645510987,0.6632838249206543
0.18373160949024067,23.040266050394894,0.5490452336861733,0.7714806965073056,1.201327726209688,0.21145830055077866,0.6412983735402426
0.19158472822648132,23.009853941460758,0.5447105325544209,0.7946784297349536,1.3430664514453614,0.21434894452492392,0.6463438669840494
0.18670484269392218,22.560313656972923,0.5300001710854734,0.7886446708947624,1.3157585277247605,0.23432481537262592,0.6208308537801107
0.16849358399037204,23.2558636821511,0.5378886714913166,0.7953850080172552,1.1110844948361833,0.2398364370067914,0.6586269537607828
0.1788600291184023,21.985857900296832,0.5062627269343795,0.8040014454248031,1.133443307048013,0.26729977130889887,0.6658327579498291
0.17101041688686103,21.982371746300796,0.5181849652810796,0.821803563251549,1.134399362313584,0.2826637675364812,0.6269894440968832
0.1578592507329417,22.698161150980173,0.541604589933644,0.7856079633613381,1.1034029065285755,0.275099515914917,0.650350014368693
0.16165032199996743,22.168455986296674,0.5769181049150632,0.7713935000888622,1.3699506080735075,0.2685324350992838,0.6271231969197592
0.15680890702449116,21.751024574677867,0.5708789283993828,0.7841569088560071,1.382559029034347,0.2845986038446426,0.6269042491912842
0.15198776370009748,21.648892618456212,0.5420090036470739,0.8029683287744663,1.2721301375781724,0.3078221728404363,0.5986658732096354
0.1867589513880239,20.099213303345945,0.5744935237519192,0.7761147094304524,1.6497279166157652,0.2983232041200002,0.6543043454488119
0.14634599183034006,21.68099025907286,0.5387272466685039,0.7929731201641713,1.2874763973236971,0.32263027131557465,0.6097320715586344
0.13940205557438315,22.162696329480863,0.5367357689466935,0.7887435135747198,1.089345989651204,0.3254276265700658,0.6644551753997803
0.14071047476508527,22.246084717230218,0.5755385176483411,0.7909418982536396,1.2580157860860302,0.31099704404671985,0.6483997503916422
0.14292410796483865,22.368920995250594,0.5525318107989734,0.8018514334435349,1.1488800357354072,0.32215517759323115,0.6101672649383545
0.1337638779948225,23.272196656927452,0.573901649599217,0.7897790844511373,1.1416801009494346,0.30769453446070355,0.6382742722829183
0.1338135223592886,23.67871223656068,0.6092144920122821,0.8127955371540256,1.268432764427678,0.28578908741474146,0.6380589803059896
0.15232182533512625,23.445361929685088,0.6552381486972596,0.8186685077311386,1.5175349835534113,0.28008208672205603,0.6750055948893229
0.14171994402903768,24.418859024986887,0.6886224424073598,0.7648296035392871,1.476517475065318,0.2443676715095838,0.6429684162139893
0.11860869900911446,26.01367869923784,0.6563114806146785,0.818099668382728,1.1948063931697008,0.2665367424488067,0.669343630472819
0.1259043920922559,25.038971163257916,0.6610947788329565,0.7914367914175817,1.2561896741763363,0.2663825501998265,0.6608912150065104
0.13038785224349544,25.120127789434893,0.6280839679449515,0.7850009607418295,1.039089152755555,0.2808435956637064,0.603045384089152
0.14098979231673373,24.578724597796423,0.6257407722050615,0.8226692333517432,1.0129843166596644,0.30501193801561993,0.6351987520853678
0.1382256994849261,24.636829885987563,0.6237521298264562,0.8108608982330056,1.024859462165043,0.3026087482770284,0.645219882329305
0.14361243265919357,24.809217060730884,0.6191237553518328,0.8418354472634478,0.9631112777745955,0.31386767824490863,0.6456827322642008
0.14586270682786023,24.090266043662584,0.6219173272095323,0.8187671257565784,0.9365597520424647,0.31131675839424133,0.6343769232432047
0.14515421298150952,24.77122256392347,0.63997457040673,0.8352882416256114,0.9928900414938419,0.29235226909319556,0.6451889673868814
0.14846265202915776,24.590118540679168,0.728615925888727,0.7833171745093224,1.305459839417651,0.24614273260037103,0.6677168210347494
0.14894454000405719,24.95051897392109,0.7662368392451807,0.8082183971603709,1.3411945182926939,0.24000065525372818,0.6316894690195719
16.64296503616887,20.248231117762522,0.45349611429843323,1.3929504397033279,7.445126448866209,0.3757857543726762,0.6654691696166992
12.827736468246748,23.835374055283157,0.4589024141009446,1.1435687999181157,2.256395357785009,0.2938285308579604,0.6068576176961263
7.331239888614409,24.837434416603628,0.4758696682885475,1.047529952166902,1.6502752467756956,0.2716672668854395,0.6166587670644125
1.0940100065229899,25.980839116378252,0.5105122310697765,0.8247951410401075,0.9805207188302956,0.20330018177628517,0.6713411808013916
0.43496361788163346,25.77448675200692,0.5745603476312882,0.7983118433606217,1.0483952765879825,0.17321648945411042,0.641417662302653
0.4741612471799528,24.840618422569914,0.6100543113324285,0.800882270509835,1.3584669410780974,0.15743763744831082,0.6297780672709147
0.3324966252321584,27.195584133026937,0.6090672614708025,0.8003362274044207,1.0915579195634757,0.15738132347663245,0.6826833883921305
0.29971313339781497,28.064098299032256,0.6215488843177964,0.8197105713514086,1.022196078083587,0.15743116537729893,0.6534659067789713
0.2696793829285439,28.353856837447996,0.6497530041583796,0.8000796687806954,1.0425461463294654,0.15220344314972553,0.671639601389567
0.2642739052307486,28.358174529957775,0.6430988145814786,0.8306944809927401,1.0382841704321282,0.15914939343929288,0.6557732423146566
0.21548111493373953,27.824584426368947,0.6702268585953237,0.8217241075255565,0.9711996347976033,0.17306340734163916,0.6189011732737222
0.18731638711915313,26.968290246291033,0.6942950903692439,0.8216469499045154,0.8628412172568058,0.18246966352065397,0.6728010972340902
0.1730621666962433,26.156297624778066,0.7127177010839256,0.8173935193037069,0.8311222884507842,0.19831881672143933,0.6568421522776285
0.16884421568637087,25.746821830597266,0.7270045750736976,0.7965700667413315,0.8199125554689647,0.20567282289266586,0.6672159830729166
0.17485440305589237,24.91526391253934,0.7222038156330722,0.8129139480837247,0.9639196177027823,0.23209012051423383,0.6254421869913737
0.22889817069596693,21.708367760312058,0.7378136969802537,0.8271460889928202,1.2763447160311765,0.2321631064017613,0.6695148944854736
0.19579744196032856,23.058236188680812,0.7259144946886925,0.8185674750554853,1.0576604831658063,0.24258988847335172,0.6217203934987386
0.21284496417072263,22.300832526973295,0.7258106714246174,0.7917483780774587,1.1200512572464294,0.251967375477155,0.6130483945210775
0.24519740909348356,20.91259879145232,0.7055334570795964,0.8027388383396151,1.2346752007328157,0.27289995054403937,0.6405225594838461
0.2880122226732454,20.538320659964366,0.7292485300075877,0.7829811900152751,1.4517598147393336,0.26319577544927597,0.6605966885884603
0.24287890134245407,21.42351783783587,0.7033264370182956,0.7888193575547328,1.157211923728821,0.27792438864707947,0.6320833365122477
0.23910882585543844,22.278354757751334,0.7044327982112558,0.8186125290387024,1.1522074690687119,0.27533148725827533,0.6629841327667236
0.23718007850143583,22.38295318100866,0.6745780141429351,0.8480298833013681,1.0343234645853918,0.2921462555726369,0.6465143362681071
0.2469764455276899,22.88208890272524,0.6941502451411371,0.8204921200169233,1.0447134123741237,0.2773551642894745,0.6435331503550211
0.289016366562779,22.088637027834263,0.6955634752555878,0.8205448203083687,1.1966041725236483,0.27661260962486267,0.6559205055236816
0.33632640467833014,21.895525710284744,0.7109738801564737,0.8217482772002799,1.349659945429125,0.26246830821037287,0.6398502190907797
0.4087962575818514,21.497806321944044,0.7259123215515578,0.7935839477797041,1.6138392988648758,0.24605491757392875,0.638145367304484
0.3380475527567161,23.395472344532923,0.7348999718149046,0.8277620021242847,1.3653502758907894,0.2563929557800293,0.6621894836425781
0.339589323524357,23.960515293029932,0.7385974152185689,0.7957872670739677,1.3623296236883764,0.24445065855979917,0.6744023164113363
0.35652142355056,24.178472017412826,0.7388486049207375,0.7961758580208689,1.401901784033935,0.24011714259783426,0.6225741704305013
0.3018340076059282,26.344675424558137,0.745376087173851,0.8179798152247696,1.1501563539251578,0.23884193102518714,0.6441114743550619
0.28964451684663917,27.208629840062866,0.7371827191169856,0.8422114356611129,1.045155776054998,0.24118473132451368,0.6550703843434652
0.2769466640818427,27.252539051461365,0.7391474212608621,0.8159944693210064,1.00315033925186,0.22375903030236555,0.6397202809651693
0.2648385194170009,27.51724060910253,0.7315572458431324,0.8437082745289747,0.9482771296860314,0.2398322472969691,0.5987247625986735
0.5830322700881801,14.523250530190978,0.3432110613798965,1.1201659808861946,1.469084170328995,0.4282631849249204,0.6059063275655111
3.4431990574550144,18.829866925802378,0.45127143933072417,1.1299925620523275,3.0666933814421484,0.37406416485706956,0.6654689311981201
3.9040102239703587,19.334252054101214,0.47815961738547924,1.1129033686555012,3.049344689749001,0.36943943550189334,0.673638661702474
2.310097988229772,19.621487418147435,0.48260045896181564,0.9767355073352505,2.1536983310147737,0.3540779004494348,0.6524417400360107
1.014017691327675,19.99758663122697,0.49206457547805543,0.8811803685946987,1.3979353459049537,0.3422257800896962,0.6506624221801758
0.8676407762561151,20.309844668840213,0.49170233795010715,0.8564852992543516,1.2709787661047656,0.33937784284353256,0.6670855681101481
0.6052945587479307,20.119645483771933,0.4922950653382265,0.8400078896766311,1.1679144001569355,0.35110097626845044,0.6348850727081298
0.4584673332586666,20.983318253087187,0.5304746034269138,0.8180011050442069,1.2451224593812789,0.3364325364430745,0.6630838712056478
0.22601794828380042,21.32920360164052,0.5309553469059191,0.8048399600702977,1.0421897194798848,0.3368137131134669,0.6569070816040039
0.21248698297386504,21.81181694831616,0.5590843375212569,0.8030980480508224,0.966470873185747,0.33721909672021866,0.6625401973724366
0.1545761929266184,22.75479421874813,0.6022912238598148,0.7927545058367563,0.9861366876792138,0.3267588317394256,0.6620439688364664
0.14864221486751003,22.832442704014408,0.607077162946477,0.8047815010917794,1.231541461588422,0.33402590453624725,0.6139132976531981
0.171196989821099,22.833746264494675,0.6248617192932308,0.8054025032388227,1.6268931495222336,0.32791081567605335,0.6219604015350342
0.1645682669010343,23.00857196275095,0.6496360250734838,0.7805282878163511,1.5430812461210037,0.3121843064824739,0.6611539522806803
0.21159646182940506,23.821701070935372,0.6869352328814932,0.7708331099129188,1.81415382048656,0.2897241214911143,0.6626520156860352
0.33295633348044545,22.628602315664327,0.7147754821073008,0.8075469671985512,2.5953595069632747,0.2890915870666504,0.643697182337443
0.3651692205557642,21.181245511127646,0.7075480787008562,0.8146791554874993,2.883641853246413,0.29257782797018683,0.6644822756449381
0.37631942360405013,21.104037087406336,0.6975231716238287,0.7927686707151888,2.8666545478089294,0.29491398980220157,0.6654141743977865
0.30780707903326604,22.12909394681948,0.6950996391530119,0.7874679004118513,2.485468489224751,0.289835458000501,0.6434137026468914
0.24553025140016937,23.432928166683624,0.6586561815675793,0.7337154230541053,1.6657217842076057,0.2964572285612424,0.6411430835723877
0.255211837845068,22.36780799894989,0.6426474250619406,0.7692465655958141,1.9068101694413973,0.2997191945711771,0.6307539145151774
0.27431930439328683,21.18731242364419,0.6055591119149927,0.7905643577263558,2.0293095062427207,0.3026309808095296,0.6466565132141113
0.2531462691166022,21.820633902179495,0.6179671163067159,0.7719044061766601,1.8858821123397533,0.29733163863420486,0.577437957127889
0.3886512296825055,20.448641834648225,0.6488866084578649,0.8460124801889369,2.9789007159538414,0.3133545170227687,0.6328186194101969
0.49626795896854353,20.790422889748555,0.688461058414468,0.82699218050097,3.530756085171888,0.29704191784063977,0.6049784024556478
0.4393876347874072,20.221205388059516,0.653389779730718,0.8044851191622735,3.034020228607595,0.3129090443253517,0.6490712960561117
0.8314257149253885,18.56451438855139,0.660253723612294,0.8951996955815824,4.774908173645591,0.3132595817248026,0.6019664605458578
0.8828001374721438,20.08719119794526,0.704363227470976,0.8623825078641634,4.787491358699288,0.2850341598192851,0.6503597100575765
0.6944047352812254,19.09306921780725,0.6589564000628969,0.829832932272034,3.9156440936467702,0.3030491123596827,0.6503903071085612
0.4014259202234139,20.932732677787687,0.6490505493597313,0.7920389352882932,2.456206890295022,0.29653779168923694,0.6695856253306071
0.4820858305096907,21.039772787947925,0.6681642913344644,0.7830352216273978,2.8821340416576873,0.270336111386617,0.6593421300252279
0.4622969753585003,20.648914811284932,0.6497587720022932,0.7999660126751977,2.7347710470225164,0.2824579526980718,0.6438140869140625
0.2923038025984312,22.63560226550524,0.6416064422912322,0.7736917241893021,2.0045451579580367,0.27279725174109143,0.6543097496032715
0.22420364890615951,24.674353972562795,0.5929198942576446,0.7870523652168496,1.1998871077544835,0.2851208597421646,0.6456154982248943
0.22704520543645038,24.12329939768208,0.5826860635152109,0.8278895368677405,1.235722026132011,0.3023620049158732,0.6524655818939209
0.2190335305107264,25.013714564207195,0.6019149292817403,0.8248946318304228,1.2506876162586495,0.28416926662127173,0.6473335425059
0.30655577672305184,22.46684508255755,0.6601517514164134,0.7974932981704379,2.172519464310502,0.24708670874436692,0.5924309094746908
0.21219423677214652,24.314347310341418,0.6130903078196993,0.8016176696469223,1.381136842045865,0.2786332418521245,0.6358105341593424
0.23846931060022034,23.778518614351157,0.6392347706054565,0.8102512565097798,1.6739429525910843,0.25826406975587207,0.676201581954956
0.3051738533746973,23.001148611445092,0.6563109620532989,0.808633686675147,2.0098946811157306,0.23390921453634894,0.6564632256825765
0.2883619433145631,23.273017491666845,0.6835092756769899,0.8034665936881563,1.9464460289333134,0.2264316032330195,0.6543075243631998
1.0314873664406017,19.204290755003633,0.47451445794858954,0.906793233598294,1.802596473749808,0.35012002537647885,0.6537096500396729
0.705996334194158,21.676688335785613,0.591275105426396,0.8572149334656695,1.8792040411362871,0.2688908576965332,0.6649717489878336
0.4829190188013397,22.82453635460295,0.6358588313953148,0.8500472809638717,1.8421993893013073,0.23462275167306265,0.6773560047149658
0.7179429427725896,22.51229294592548,0.5921251165808564,0.8510200290678714,1.7530403387603837,0.2653008550405502,0.6390230655670165
0.5949318787950874,21.812978721187733,0.5818969765669538,0.8324537171090194,1.6674378323155672,0.2793480729063352,0.6674408117930094
0.6165964823855975,21.880328352721516,0.5878629903881384,0.8360594755199248,1.6039055601799783,0.2884214123090108,0.652275800704956
0.47233115747590176,22.213765659180627,0.613534225579053,0.7935227558117486,1.6284472887433932,0.276698259015878,0.6468626658121744
0.3391478475481147,21.63448328978575,0.6051318903040134,0.8141251331774585,1.5983311029789118,0.2886899759372075,0.6365563074747721
0.29264590183584227,24.314846166336363,0.59005388462406,0.8271063969778693,1.1105438540546388,0.2986978143453598,0.6436913808186849
0.17399824533265631,25.250882144906015,0.627971633862886,0.7974971153967205,1.06498303096964,0.27888227502504986,0.6500892639160156
0.13946281577630318,25.096452745182493,0.6474173789795818,0.8106207123255159,1.0355239722770662,0.2931131174166997,0.6532964706420898
0.13459148601289317,25.275759041540663,0.6739820214037039,0.8009180643492039,1.164611845009295,0.2867793689171473,0.6537555058797201
0.12645044997994953,25.334270060797888,0.6851732523801917,0.7796834038775827,1.1321680889510815,0.2794178326924642,0.6296348571777344
0.13275765929933206,25.176946514925422,0.6795174233561112,0.7906967422729995,0.9907339427268959,0.2951407134532928,0.6366942723592123
0.15401227823253075,23.920915603746124,0.6500192678699254,0.8250528630119595,0.8625361411512361,0.31203103562196094,0.6615847746531168
0.15540443724113773,25.135144155135666,0.6898580897260174,0.7853926756442903,1.0259124940188913,0.28769744435946143,0.6483583450317382
0.16415830667942893,25.152506131186698,0.6976098797619402,0.7533957350367163,0.9854306206183222,0.2779306372006734,0.6538631916046143
0.1923065382268991,24.116981840303954,0.6829055061369825,0.7786807221933282,1.0678736346538036,0.2903523047765096,0.6473189989725748
0.18813558461780788,24.032109007035203,0.671162138374061,0.7893010605349854,0.9669675262343681,0.29191773136456806,0.6552950541178385
0.20109018320586713,23.337771389939377,0.6577740868417546,0.8049388375050737,0.989134326597024,0.3002258588870366,0.6312796274820963
0.20289604781213844,23.996586198263845,0.6606221088507168,0.7862234795848343,1.1547218716361174,0.3016879558563232,0.6437640190124512
0.21068720381935846,24.046316201272294,0.6952645960090189,0.7576162568858535,1.4397004735803247,0.2833097254236539,0.6276537577311198
0.2207186504713813,22.81244893069702,0.6742537176678581,0.7523227835501732,1.6085443154085908,0.2898385946949323,0.6186802387237549
0.21387262797442005,22.93274191027521,0.660040602852574,0.7768606635763541,1.455743257169184,0.2953168004751205,0.659176747004191
0.4283903774674536,21.407496636250144,0.7239153784526359,0.800922786329964,2.7329296595643497,0.26248330374558765,0.648698647816976
0.4868266385239761,21.312272168907054,0.7343816469858506,0.8044619064783435,3.013853091443836,0.2593134293953578,0.6203457514444987
0.3215100149311693,21.915341670851216,0.7044848216593039,0.7555539508915975,2.1817788134341463,0.26633187631766003,0.6133634249369304
0.3797855818409981,21.312906380751897,0.701424608006754,0.7924274643357871,2.4234917800896087,0.27856977283954615,0.6344711780548096
0.5319329715153593,20.367670158626726,0.6986284915364674,0.834133750669952,2.9555125477720705,0.27979818483193714,0.6210567156473795
0.5658141883734359,20.390853841902494,0.7131557199615002,0.8196291838545172,3.184458635175396,0.2799717982610066,0.641594886779785
0.3525914845793303,21.159299967761832,0.6828545312367661,0.7808232207740096,2.3492948740633586,0.2960474143425624,0.6401644547780355
0.2736738771299744,22.045137900193463,0.6650315443095719,0.7588211317605685,1.9838338441427406,0.30800177156925196,0.6545001665751139
0.8249543137762138,17.888140142910924,0.6801964957914458,0.8851164223520862,4.257817883457734,0.30790516237417853,0.6455468336741129
0.6841876787504657,18.783634765676496,0.7091782662060923,0.8380347970634249,3.8171882614059136,0.2850817441940307,0.623639186223348
0.7023607159886424,17.670374754588046,0.6856289752787682,0.8536251221652306,3.800496372005458,0.31366569797197974,0.6372281710306803
0.5547205245169494,17.24524793129088,0.6490760200222904,0.8410611227906696,3.1167230313765586,0.330756813287735,0.6158161958058676
0.5813413875631919,16.805059147443806,0.6327898100363586,0.8672581126154196,3.0838455730692282,0.31689372162024176,0.5883115927378336
0.4395680872792546,19.015786232116355,0.6532311546772426,0.855325223077628,2.57589756059639,0.2962673058112462,0.6267732779184977
0.4182144467849593,18.28394550532393,0.6322319069878007,0.8483544868041104,2.356371052505347,0.30568041404088336,0.6433531443277993
0.2437558981749052,15.114002857412688,0.30918930940415584,1.1416081869937609,1.0555737933981006,0.4578181927402814,0.6210554440816244
1.5422486685507983,15.737835245878607,0.38103575528253925,1.1371127822330582,2.300056130139857,0.42652000238498045,0.6463045279184977
2.9955527342991757,18.39273341680038,0.4620960738047511,1.1394320903839328,2.9619654842712784,0.3917972420652707,0.6483743985493978
1.1599301420547778,16.797260714317627,0.4201518370040112,1.036823135316965,1.891290694214564,0.4095194165905316,0.6401865482330322
1.5614937680824736,17.709565103867067,0.44162650398621167,1.0536147306060928,2.2781518427169067,0.4075702056288719,0.6000133355458578
1.5716938866829935,17.672333697883808,0.4372534092061516,1.0092786309774386,2.0435082604691197,0.41663048168023425,0.6278857390085856
0.9928772928923738,17.66505738142969,0.45080373908510274,0.9389463431595737,1.8389976765886036,0.4123858908812205,0.6483500003814697
0.4397636565060507,18.841012186948543,0.4762559114479939,0.8628037709280916,1.3292125072098542,0.37649449706077576,0.6384561856587728
0.37979278791384535,20.23954555930546,0.5265212534064375,0.8467201018439038,1.4395150391056857,0.34761902193228406,0.6060547828674316
0.2202653994048014,21.987361543841462,0.5688904325979779,0.8283905281816928,1.0543343252519544,0.3277447422345479,0.6338535149892169
0.24982451068130285,23.04085786028503,0.6439790392182644,0.8310956966984784,1.764253525807268,0.28510843714078266,0.609140952428182
0.22263477302720888,22.30747859641753,0.6074960832634632,0.7963905240999267,1.4237028346661376,0.2990577220916748,0.6612033049265543
0.2374044009616584,22.40799184643322,0.5877898421448985,0.8077164696920223,1.343165210391038,0.30437838534514106,0.5831797122955322
0.24863119023081345,22.569635432113213,0.589868872612028,0.7913923419868208,1.431684175329142,0.28503328065077466,0.6652220884958903
0.2558039526368826,22.4675449864118,0.5797631276984977,0.7966589073513205,1.3693952865134342,0.28676608204841614,0.6051850318908691
0.25640792309013744,22.550447114677212,0.5870531321306927,0.7961035098935306,1.3960258740244669,0.29000999281803763,0.6603701114654541
0.26684946281674643,22.862712095507888,0.5901988856846414,0.7761731961431323,1.5372776663824528,0.278914046784242,0.6000506083170573
0.2636954446681436,23.21882412519558,0.5857367664461818,0.7806640194980186,1.5453250389969808,0.27482891082763666,0.6451857884724935
0.3230935577796595,21.3444076771561,0.6098770436192406,0.8144806270820935,2.527093864320119,0.2853118057052294,0.6001068751017252
0.31997831413383043,22.076263879194652,0.6404219452920635,0.8016538321623643,2.693716911854827,0.2701149980227152,0.6683118343353271
0.25684732777152036,21.694723068348917,0.5641178594522903,0.7817871377467968,1.861445474474391,0.306639256576697,0.6498285929361979
0.3257003349009453,19.844225576580744,0.5653739061500861,0.799047997280704,2.4988652928326585,0.31069499750932056,0.6173578103383383
0.2981895519368582,21.04108628105301,0.6116794976406955,0.7652119464755188,2.4172787075883417,0.2931834434469541,0.6599316596984863
0.3218312788534524,21.34026204157085,0.6244631836406036,0.8055566851894905,2.595146017220601,0.304964708785216,0.5964670181274414
0.29057465557713585,21.939904224323488,0.6298775168086475,0.8008118768718085,2.3156192220271663,0.3156515707572301,0.6580217679341634
0.2432796605530152,22.241579814615147,0.5803189259330346,0.760151742315904,1.609005277285771,0.3179418196280797,0.652881383895874
0.2675028777211908,21.863307811888873,0.6054125697384628,0.7814491909710012,1.9455166104314763,0.31792645156383514,0.6626776059468588
0.29728235131722486,20.443014194700343,0.5822839290570913,0.8169962472169127,2.178353697255169,0.3386317938566208,0.6706372102101644
0.6479742377201189,18.02913792951344,0.6319609007803064,0.8680431631795642,4.0270701474609885,0.3213590979576111,0.6583847204844157
0.361262667464245,18.939024072520223,0.6183584491781837,0.8005824797502697,2.5918816499096327,0.31953490277131397,0.665890614191691
0.24271944882093824,21.513687139295104,0.5810107766679506,0.8118636914225249,1.695222678146089,0.3408971130847931,0.6441611448923746
0.2266234471212261,22.38730229107971,0.5874592235078794,0.7997503461870338,1.4390946420834165,0.32656098902225494,0.6630456447601318
0.22866152090075875,23.09515523648504,0.5952620541834029,0.7889810566572283,1.3629868936828906,0.3159960558017095,0.6727268695831299
0.2350416158329586,23.618865901336594,0.6175725075657131,0.8136293878949346,1.5082093372429632,0.3112418552239736,0.673741579055786
0.2408240461981718,24.622583662739785,0.651688551143513,0.7945439281441163,1.5141083164528162,0.2616700107852617,0.6551571687062581
0.8011218547654867,14.00722463644923,0.32397682613643886,1.1348049533520224,1.619955434673991,0.43526214361190796,0.6623508930206299
3.8929990060550215,17.869970165537833,0.4179997950001144,1.135513504016303,2.4054360008474567,0.40575238565603894,0.6562953790028888
2.358890434557902,18.85079495468897,0.4552228680784849,1.0222620009170154,1.6386187170335982,0.37734015037616087,0.6612370014190674
1.6981944156504845,18.68956377132974,0.4466125669671214,0.9760968767892194,1.6025528925195818,0.3697630514701207,0.6590431531270344
1.5034127931539336,19.478452032612502,0.48856102002170987,0.9197897964273053,1.7872643265100852,0.34883881360292435,0.6534192562103271
0.9358796428846379,19.725024598993787,0.5293672535917674,0.8763300033301151,1.9389149512372015,0.32271032780408854,0.6235705216725668
1.0538545835930377,19.087073652863758,0.5420378993460256,0.8836576292339084,2.3091531722608116,0.31666602691014606,0.6514182885487875
0.4148735236325238,20.756194742470342,0.5418511658582371,0.8288895136148512,1.5152928130462249,0.3215936372677485,0.6652704874674479
0.21413916457327387,23.073510912861934,0.586324464939033,0.7902968215729306,1.1568634845899075,0.29506339877843857,0.6627589066823324
0.22590778919069746,24.439384592763588,0.6165323378684764,0.7939373473548116,1.1281707056786427,0.26828845838705695,0.6827750205993652
0.2496113250739647,23.41031618844204,0.623311070422549,0.8042141243040691,1.5313373941233126,0.27223264425992966,0.688870906829834
0.1825352430413437,24.727145756155455,0.6844703598202188,0.7858751268306241,1.4626000007974242,0.23916850984096524,0.6467195351918539
0.1897813995600174,24.905604467041275,0.6909343355713459,0.7893878408255031,1.6235179452561912,0.23934524009625113,0.6729144255320231
0.17279059332449606,25.050230977281245,0.7018456204076916,0.8036721603815621,1.679412963347329,0.24917558083931604,0.6684292157491049
0.16913562133468305,25.135922763185466,0.7177791482279176,0.7849829654954892,1.69903562263593,0.24670478204886112,0.6217977205912272
0.15555466714594832,25.30651957840441,0.688594648431617,0.7801210904266563,1.3866845365724954,0.26392681896686554,0.6629241307576498
0.15751169025028294,25.632951121819488,0.68206678692615,0.7805875320888314,1.1820829980582659,0.2569005514184633,0.652979294459025
0.1713927719039474,25.059066482378864,0.6648098437515523,0.7717494746726409,1.2113697392856502,0.2744188010692596,0.6546637217203777
0.174920018998468,25.286824284529548,0.6820840222064044,0.7488888284314043,1.2441390853552705,0.2625731329123178,0.6586677233378092
0.1785973960404481,25.173091004786144,0.6654862440280508,0.7486865367386173,1.2006512522619162,0.2680969412128131,0.6715404987335205
0.1774848567642906,23.582776294498263,0.6338674303212118,0.7585136848073225,1.1854779074446335,0.2949700007836024,0.6244260470072428
0.23861194150164614,21.704323499204303,0.6690362456693739,0.7689370910599784,1.9549473986774595,0.2823437949021657,0.6589962641398112
0.23658852331351019,22.303107341885504,0.6605117539151842,0.7644295325854505,1.6934050507305451,0.2708488404750824,0.6463143825531006
0.23898663568003067,22.378897351642138,0.6579173601398197,0.7914513756793392,1.634514089991744,0.28204974035422,0.6579833825429281
0.26204952203398685,21.44992280942748,0.6630228040321814,0.7689860559882215,1.808364014844357,0.29238530993461603,0.612992525100708
0.2249431545665903,23.289123571209814,0.6709663087967425,0.7486091564702706,1.521976076625909,0.2888785203297933,0.6459252834320067
0.2615030118511013,22.711647516258925,0.6884534045779502,0.7379163334573012,1.6816484721267344,0.27781014641125995,0.6900532245635986
0.2840079874548526,22.108598859857967,0.6810120704777746,0.7625180497144344,1.8283899741103113,0.2941947678724925,0.6509835720062256
0.694921230474602,18.773866372165337,0.705708480191133,0.8377029198995055,3.502454702130526,0.28188178439935047,0.6110436121622721
0.4476833479136175,20.060437737836,0.6897861458919782,0.7952290885431399,2.6558706747186474,0.29115508993466693,0.6676058769226074
0.4281167107771087,19.887292528113854,0.7009890281060738,0.7640792825875901,2.5052074147297163,0.28597487509250635,0.6051883697509766
0.5681694411701623,17.967756152829377,0.6698915556727968,0.8105301481579086,2.942621166870238,0.30200256903966266,0.6624894936879476
0.4623741088402908,18.801168491147227,0.6622277474517567,0.7966027531481948,2.5208008706372547,0.3090009291966756,0.6433263619740804
0.3321550976536807,21.09080825601171,0.6635499951353868,0.8113607055090353,2.0052023974287763,0.31518885989983875,0.643669843673706
0.3440749000428333,19.68554062917925,0.6577390685153434,0.8115363381070534,2.040751021973193,0.30359531442324317,0.6634233792622884
0.26265036692557714,21.777072180551542,0.6622174995083504,0.7633539852549949,1.5743359182519263,0.2773197740316391,0.6591993967692057
0.16514991277434066,16.268910972046328,0.32590382155138364,1.2479164729553724,1.2290297976694295,0.46989568571249635,0.5689566135406494
0.39727403048105,14.634102459283282,0.3193046657495098,1.1372727851458972,1.2785975426121758,0.44447206705808634,0.5912222067515055
0.841383608036096,15.249287147159654,0.36230522144373295,1.1375506395904018,1.8218044121477759,0.43245966484149295,0.5656323432922363
0.8871374827865998,15.731247202277396,0.396977205063358,1.1124599097445893,2.0743595557707857,0.428813969095548,0.5839559237162272
0.5949427945336107,14.934383110154107,0.35557891961124494,1.0710075206514806,1.5666338186297715,0.4527090514699619,0.5310630003611246
0.6939618848088921,15.15044880514307,0.3788399128154498,1.0805441584158264,1.9550179963528966,0.4557983900109927,0.5730605920155843
0.44211125356703307,15.303279235299845,0.3703833289170529,1.027546759394674,1.6695797387857771,0.46220201005538303,0.5602563222249349
0.5658704725964171,15.982059597480164,0.40489981166594874,1.0081826477060167,1.9479576136383168,0.4544297580917676,0.5352472464243571
0.2036795394784866,18.389865597381718,0.44013566127967724,0.9337236639693641,1.5972615682577882,0.4083394904931386,0.5872196356455485
0.15315519791361695,19.663811698720156,0.48138421936607084,0.8538661890123551,1.2286122448370553,0.36890871326128644,0.5662968158721924
0.19453676725101576,18.294008969294435,0.4615114335929175,0.8404831616797067,1.019415476843213,0.38156452278296155,0.5619270801544188
0.19253155252567908,19.059393796502754,0.5227924515032045,0.8563756011989302,1.7065238286770628,0.36370014150937396,0.5821706453959147
0.20986002634963138,19.288064406734375,0.5047898978302474,0.8427498186214727,1.673099177828935,0.36728298167387646,0.5743215084075928
0.23416120178704994,19.169274213973246,0.5276962275920878,0.8616855304255928,1.9731375009214087,0.3581688006718953,0.5811238288879395
0.21709310880611954,20.876595009195196,0.5273247147569912,0.8128264398368762,1.3776232020389394,0.35109608868757886,0.5709818998972574
0.21894567742431714,20.63931614041925,0.5233349266553056,0.7947633713067964,1.422791997737342,0.3636450966199239,0.5512723128000895
0.23231930398998682,20.717380274220066,0.5147701124679074,0.8059634080096011,1.3878402915263042,0.37084515889485675,0.5530029932657877
0.23170323099194876,20.703345111020024,0.5645319714592224,0.7878769968979685,1.8557513024749934,0.34313735365867615,0.576377789179484
0.2833889388074206,19.503110426561403,0.5665774213279833,0.8168417638483572,2.374592892894323,0.3424928237994512,0.5697474479675293
0.24010229491833238,20.056126661848033,0.5309793997894727,0.8040502005348366,1.726627420292952,0.35553312798341113,0.5277264912923177
0.3133117562182747,19.31112231770567,0.5684208602386766,0.8456110778116779,2.556532772149679,0.344669630130132,0.5814198652903239
0.2616219868461081,19.282415295690612,0.5273364225020049,0.8078930131653369,1.986849494327447,0.3610374530156453,0.5221740404764811
0.26299103307709654,19.684170426049615,0.55203977960216,0.7970765462137916,1.975191794713271,0.3355827232201894,0.575273593266805
0.27400107063405615,19.50416414232669,0.5667389463650357,0.7966065242306696,2.0713660652560333,0.33681782086690265,0.5644639333089193
0.28843642016012827,19.088031338915325,0.5510947898113744,0.8127674761520547,2.057988732222476,0.3589399705330531,0.5829184055328369
0.26040480773752117,20.283656160697316,0.5614202890602688,0.8203846532027477,1.8288341477670886,0.3652876019477844,0.5728231271107992
0.4507273907901678,17.04659758732719,0.5730214044803694,0.8754838982157205,3.014451578844323,0.3531185934940974,0.5653877258300781
0.2335353905863032,19.66059790860136,0.4945402457178824,0.8117314629490427,1.3280844873805198,0.3873462378978729,0.5362767378489176
0.23608744441495264,20.012554711102627,0.5358771701518293,0.8161030480991581,1.6751277993180522,0.3600977857907613,0.558855136235555
0.22297471079676498,20.15321973149702,0.5056074582665955,0.7981107896496266,1.3175005007605833,0.36684709787368774,0.5720413525899252
0.2728541718960052,19.679000360150923,0.591813105835327,0.8198143037053948,2.198292644974114,0.3306870758533478,0.566927989323934
0.2216956821840709,20.47237224708435,0.5218671007079974,0.8398677846464765,1.4493340614083907,0.37227385739485425,0.5215181509653727
0.20791851999431266,21.05989063162654,0.5637319482783014,0.8179466134211225,1.4055464625084928,0.3430728167295456,0.5706499417622884
0.6584887540899057,28.510395794798644,0.563348230944933,0.8871211261535329,0.9836178678827153,0.1347317186494668,0.6525972684224447
0.5508999112475444,26.345098468115,0.5404798123676763,0.9093784536881001,0.9936049631019633,0.19371222083767248,0.6440834999084473
0.5019880476432065,25.03253179735255,0.5232495641272064,0.8735427598457294,0.9379650599171376,0.22910394767920175,0.676844040552775
0.5624289433277941,23.588558839897114,0.5156047908955051,0.8627987616163774,0.9732388947155726,0.27449100961287815,0.6367610295613607
0.3577002779119082,23.423713590192282,0.5234986698146572,0.833096645604117,0.9032608677561945,0.2806648512681325,0.6440801620483398
0.24823601052504332,23.032355693414164,0.5503274340462606,0.8251177170726406,0.9847870200154322,0.2769068206350009,0.6222045421600342
0.17277519298633626,23.350472082377692,0.5660963272676421,0.8020800196989213,0.8511634665711577,0.27641162276268005,0.6459877490997314
0.14737836929906703,23.432870180156982,0.594465177502276,0.8144635596184283,0.8093221887182186,0.2777582705020904,0.6475443045298258
0.14103944020087733,23.965215691506113,0.6210235817211993,0.7839420170546232,0.8711945543787772,0.26729292919238407,0.6535564263661703
0.14969458206830116,24.060211259069607,0.6654876034618064,0.8111445518172481,0.9803893793846385,0.2545155684153239,0.6558518409729003
0.17109272539514384,23.48111615649684,0.658539948003512,0.8408098427645009,0.8399192624671471,0.26515355706214905,0.6634171803792318
0.18408692466951773,23.79276160447147,0.6556871690930001,0.8315422572941912,0.8779486724676534,0.2707650611797969,0.6491384506225586
0.19148141467121027,24.362937422265812,0.6791005195090546,0.7836348557636558,0.8994067717911841,0.252187376221021,0.6475736300150553
0.20572230052195048,24.490261812804444,0.6747389053232339,0.763591130102142,0.9242755860053724,0.2554999490578969,0.6423637866973877
0.21788494747628517,24.811531376910168,0.6721139797258232,0.7890121275418055,0.9477404162515684,0.2557806024948755,0.6367271741231283
0.22801573984876747,25.259933968256135,0.6772930270346739,0.7832802343410847,0.9788265474800443,0.2511396408081054,0.6127363840738932
0.2368369459260088,25.89612529630206,0.7045659468580142,0.764569358606845,1.0469478513871378,0.24044910073280326,0.6606865723927816
0.25554629335779494,25.619968140453818,0.7296801165505373,0.7719962220105941,1.1665779856027296,0.23172661910454426,0.6423100630442301
0.2552804374614072,26.0479922217073,0.7057315511922359,0.7706136340648305,1.0635912900197553,0.23143131782611204,0.6566782792409261
0.2574331861284498,25.617677407822708,0.6791608922614226,0.8357881889748667,1.044204749004104,0.26255356023708976,0.6560521920522054
0.2555631594163188,25.114417089480174,0.671535844789919,0.7972415343211653,1.0424389467772914,0.2550546849767367,0.6331534385681152
0.24936419925287678,24.901412818820262,0.6481497220394599,0.7963042805135689,0.9668981401336559,0.2645495161414146,0.635423501332601
0.2547810615888035,23.86190012215232,0.6176497931871785,0.8026757676072521,0.9186816758228623,0.2889432708422343,0.6425977547963461
0.25765444406493615,23.605095844035343,0.6104993302085302,0.7953206136903281,0.9020934145206593,0.28788260122140247,0.6058085759480795
0.2665306476276836,23.23374292101819,0.6177109865795191,0.8163560092745591,1.012128535644963,0.29138253132502234,0.6572682857513428
0.2725971843288908,23.183437078919795,0.6302592788414447,0.8135485141888391,1.0660382583904255,0.28963312506675715,0.6782781283060709
0.2652236315518233,24.217832250276995,0.6269335924584688,0.8392887784007875,0.9342028698213602,0.30118207633495325,0.6440927982330322
0.2698292429415237,24.09934477147125,0.6514985246832682,0.8050274066844364,1.0551399687381735,0.27667592465877533,0.6556317011515299
0.334396496289616,20.668539706829765,0.6494734523340493,0.8393889916819242,1.4018863925586345,0.28565846880276996,0.6369634469350179
0.274444545128606,24.11905919846401,0.624733978654097,0.7987303541431628,0.8928246115741812,0.2814379930496216,0.6572484175364176
0.27122634282622077,23.41381663515861,0.5953902080991881,0.8117534015681821,0.824493695307109,0.29629584650198615,0.6312020619710287
0.2731877834169059,22.714791352748236,0.612826735455514,0.8037540164242906,1.0306180479044056,0.28624930481115973,0.6439087390899658
0.21440203353084494,14.479922011720888,0.30391990442939765,1.1193614999707562,0.9448553381651467,0.4640529006719589,0.7264675299326578
0.7849431479286769,17.04472233850287,0.4118004140824363,1.0272065723093162,1.5943985398057328,0.3885075325767198,0.6513736248016357
0.5351756161172883,19.056453417756945,0.4686631823469134,1.0148469389249029,1.8875795388357341,0.349325696627299,0.6230438550313314
0.34091545318641425,21.396490921520144,0.5349709513423155,0.9298062565845887,1.7150659227649447,0.31072540581226343,0.6148823897043864
0.24544204774312797,22.369271658443434,0.597000893498921,0.8912792573266005,2.1051700519501857,0.2850202545523643,0.6899254322052002
0.23371484279653143,22.300700252861294,0.6147171524323097,0.8792053128137333,2.3436752847670497,0.2812154690424601,0.6495272318522135
0.17705280749802502,23.709863951045566,0.6383372148497983,0.8326796038531388,1.8700548276136268,0.2501962631940841,0.6676715215047201
0.17877240228979233,22.998517946688562,0.5932669923631891,0.8307932345926178,1.5749160130635218,0.27761360257864,0.6477795441945394
0.1847867602594404,23.139002136729527,0.6386408605683918,0.8138252765494638,2.02287127035088,0.2615018859505653,0.6732385953267416
0.2538245332991937,21.71422445053209,0.6523440486260088,0.8431279077197118,2.6571365360085495,0.25316330293814343,0.6787870724995931
0.17996086440646566,25.344036978261396,0.6374588107436603,0.7795872478308957,1.3297149696910566,0.2058272485931714,0.628591775894165
0.20027150102826904,24.00090951271132,0.5874861534713379,0.823536788170416,1.1797259755770297,0.2564193209012349,0.618416945139567
0.5222861134510851,20.055186479180097,0.6888489388951674,0.8826896305171851,3.9156281852477037,0.23887630800406137,0.6472458044687907
0.5504089032885189,19.48890801083045,0.6704229323995264,0.8691752312565603,4.085728277211054,0.26689555744330085,0.659717877705892
0.4018841502148269,20.846680748767664,0.6539074233786746,0.8173800576082523,3.226588740596069,0.2567013179262479,0.6150280634562174
0.4704799371971932,20.94394718130562,0.6768297128821384,0.8589882939110863,3.5613442802145108,0.25410362333059305,0.6099164485931396
0.3661798926434701,22.467704218323274,0.6823126511733851,0.822660300637549,2.897715331599358,0.24602761367956794,0.6500374476114908
0.2983075500999815,24.58435364071575,0.6755767810422139,0.7821808068194694,2.0936302250786682,0.2373732949296633,0.6281765302022299
0.2533735299422522,24.71729865134056,0.661806842286427,0.7847090496158077,1.6257196399720513,0.2526561841368675,0.6305203437805176
0.2417118785815525,24.69828237224976,0.6434981031836574,0.7468244440896509,1.469503170657654,0.2508237262566884,0.6188415686289469
0.2516615631449746,24.997498826744344,0.6413426421673435,0.7641676156321774,1.6364304793119178,0.250261145333449,0.6204121112823486
0.24356686371318068,24.781907637031093,0.6373528798098875,0.7877260605494748,1.558551220974662,0.26187960803508753,0.6416836579640707
0.28709526095118537,23.698770487149062,0.6675249945513687,0.7713058587199372,2.1235963328816267,0.24145169059435523,0.6054138342539469
0.3259743364416765,22.7925920870879,0.6662660801392378,0.7803798198856504,2.3255474341033087,0.25385937094688416,0.5964201291402181
0.3513224702042638,22.350129091540918,0.6833477642353475,0.774260368715078,2.477283112326081,0.2517425790429115,0.611124277114868
0.2658591530277476,24.01170334537207,0.6536637677585807,0.7758844575044265,1.779789854152944,0.278762437403202,0.6722775300343832
0.23917297057781936,23.71658285297705,0.6230671289295255,0.7633879860786248,1.5519687045509756,0.285343050956726,0.6594008604685465
0.32242791816250077,24.0921959222906,0.683633984583285,0.7698420283654412,2.2030371893715244,0.27819088598092395,0.6119941075642904
0.31247022730989576,24.027133024096926,0.6630830111337523,0.7963239797134118,2.1260499510305717,0.2825010965267817,0.6373634338378906
0.3565240193075189,22.603410192202023,0.6790707445662624,0.777718444889374,2.410765658631915,0.28490458428859705,0.6471246083577474
0.46815728496365433,19.32577173093162,0.6613692782428872,0.8091813515211598,2.79753179003821,0.2896072218815485,0.612058957417806
0.23290295553441284,23.288082992967805,0.6261341361827901,0.783048905174839,1.4509731939389539,0.3047730475664138,0.6426359017690022
0.27641402968203116,21.164910803883117,0.6251983407436632,0.817758813082969,1.8395387399237808,0.3240369111299514,0.6687601407368978
0.4076879980530499,17.822632704724853,0.6397915005174909,0.8295077288987359,2.378137438207986,0.32385346790154773,0.6624706586201986
0.2823316692348752,19.031557291377,0.6183056934623202,0.8305053818923782,1.7154575576460147,0.3169667373100917,0.668100118637085
0.22734009218788143,20.837844993906632,0.5733339675605906,0.861563243927491,1.1371792271530534,0.33529259264469147,0.68313995997111
0.2297867605204101,21.173265942269158,0.5852782138831233,0.814543107582359,1.0975289182845682,0.30906518300374347,0.63423752784729
0.4233104875568485,17.80247197671569,0.704753176486598,0.8177450715283733,2.222116023272056,0.2710351248582204,0.6092177232106527
0.5071901767419015,17.272381829260897,0.7220833360444652,0.832247678652564,2.553253804953201,0.2668512264887492,0.655594031016032
0.45170411824912254,17.83851096371636,0.7364217444898218,0.8296391748899898,2.2528671977334844,0.2504437019427617,0.6571324666341146
0.10910368719901543,16.504392015815146,0.2949051096468355,1.269339203481923,1.1050595020684446,0.4748931849996249,0.5658508141835531
4.209294539136574,18.61382473728446,0.43708599829554967,1.055260042693152,3.8216518099005996,0.38130780806144077,0.5500486691792806
0.6223393855254113,26.042760568141887,0.5920809350236752,0.8462641697072703,1.2598924063484227,0.16330212603012717,0.5647857983907064
0.3187382222157618,28.111382923352753,0.5883383378217725,0.8117365755874024,1.0147663834883707,0.14152072121699652,0.527192751566569
0.24713396185035483,28.16311643169188,0.6135674768945886,0.7985090024863415,0.9890499048557345,0.13934551924467084,0.5268660386403401
0.18902328964802695,28.36047038900833,0.6627686643587256,0.7510873841093434,0.9122839045496661,0.13686323662598923,0.5194458961486816
0.17690754535446188,25.636235038171566,0.6965443277527189,0.788428571463969,1.0569558324271007,0.15132868289947507,0.5760492483774821
0.2255872052228457,22.22299412064402,0.7297348261168715,0.778562180363722,1.3112865948658154,0.1607832759618759,0.5181152025858561
0.19979098266461612,22.84533923927755,0.719303282415617,0.7775846738493617,1.0834133732390014,0.17951300491889313,0.5689024130503336
0.18303499413327753,24.68747078367654,0.727752364807896,0.7766182379825645,1.0011764060670976,0.19289935876925782,0.5560048421223959
0.18441910637765022,25.14819585049628,0.7309786040424552,0.8034239664185646,1.0318770857393915,0.20124664902687073,0.5729814370473226
0.17733211694758025,25.89404390724557,0.7256490365916016,0.8094739642056039,0.9168875621268038,0.22202518582344052,0.5159226258595785
0.18924841099406384,25.327663685498674,0.7248492224110451,0.8301031475263131,0.8609202902075968,0.2432634433110555,0.5690118471781412
0.193606414427126,24.875032141387198,0.7309813882476609,0.8180658256011317,1.0038982838011379,0.25712944567203516,0.5285688241322836
0.18867113520221654,25.076614469382815,0.7329575710938832,0.8210798370758469,0.9619773714218115,0.2621871531009674,0.5495598316192627
0.20098099642384235,24.86128038502982,0.7238318782917214,0.8308275922955829,1.0169869425386402,0.27286496261755616,0.5399090449015299
0.21743880714036226,23.742846189448375,0.7279108703381613,0.8392932453889287,1.1052567151338375,0.27956755459308624,0.5448253949483236
0.23609877903025875,23.31965725373591,0.7319395553714282,0.816980949950767,1.175692115532932,0.28636921942234034,0.5666481653849283
0.25843500929447116,22.671556986914116,0.7358979251771468,0.7934339672138964,1.281564115854067,0.28441601991653437,0.5627893606821696
0.24289084788163381,23.478059142602486,0.7188806210730067,0.8340889752171193,1.1530763885300914,0.30614947775999707,0.5598486264546713
0.27066995093064566,22.207193511346627,0.706614567071114,0.8142608537361791,1.3101642117813441,0.3072522133588791,0.5272339185078939
0.28732241781278717,21.329818321409736,0.7064008311970925,0.7947861806570394,1.3959955966970732,0.3015132546424866,0.5605247815450033
0.2982780825611823,20.180577070901975,0.6821517249807535,0.8143145706113462,1.4274107325963812,0.3165468672911326,0.5422090689341227
0.2903258559886288,20.0626834593163,0.6707886751257508,0.8018717155180571,1.3991397521645534,0.31669444839159644,0.5545820395151774
0.2993292610914734,18.886684712487362,0.6422659737152746,0.8001574610955006,1.3629208757729507,0.3274130225181579,0.5614713827768961
0.2626981416592987,19.74946181498341,0.6286460185266661,0.8121657114730803,1.1018081009686977,0.33883262674013775,0.5502968629201254
0.27892995410898974,19.233974430177497,0.640511898786218,0.8208849363698416,1.1921937313630788,0.346429983774821,0.5641786257425944
0.2661664678365523,19.818830498664877,0.6255472425776275,0.8344233480668759,1.0512064928996379,0.3480277458826701,0.5501343409220377
0.2738975559359361,19.479235677393014,0.6259338021956974,0.8111467394913799,1.0770141050507234,0.33842802544434863,0.5794847011566162
0.27457931203337715,20.00679335850913,0.6323922482070081,0.8283772132536183,1.087000814525778,0.3531436671813329,0.524285078048706
0.27683695208839637,20.767057131532123,0.6407619125007171,0.8133845111873099,1.0786371181051277,0.3469391067822774,0.5822421709696451
0.25841477911073113,22.478160922390206,0.6563208638167705,0.8042772974645745,0.9944432086420251,0.33389854431152344,0.5462702910105387
0.250520403584141,23.153028438000693,0.64550253639173,0.8329509227818314,0.899445080027207,0.3390115797519684,0.5514562924702963
0.25034991873453544,23.154056650002897,0.6489487809141194,0.8166602818068635,0.9363878377891481,0.32980605959892273,0.5696441332499186
0.2756738876665835,21.12237244537204,0.640069265891806,0.836408634469283,1.0717848999904112,0.3261681497097015,0.5146681467692057
0.2518677469081302,22.455638814933323,0.6524089764568904,0.7789469695566957,0.9379191175733963,0.3045857350031535,0.5688430468241372
0.09915960434232134,16.969311541546528,0.31164725422276335,1.2393643670088135,1.0815187894419285,0.4638887420296669,0.6457224686940511
14.751847923370358,25.116801973254862,0.5033053604784318,1.1636430516225593,2.8802376700358483,0.250797185425957,0.6305251916249593
1.219782587456541,29.412659704252764,0.558408748700235,0.9164438082116559,1.0737091311292224,0.13270418221751842,0.6406434377034506
0.582915226503923,29.645516817523415,0.556415639288515,0.8575404625515214,0.9065495358841252,0.13928591459989545,0.5914936860402426
0.5385156835480869,27.807405434276333,0.5687209488329552,0.8501734151096367,1.0815737205791154,0.14758639285961783,0.6686244010925293
0.2441782120129585,28.26206259045813,0.597735220738263,0.8430039888156543,0.8942720515220209,0.14417918523152662,0.6431267261505127
0.20071212236457503,27.63626375937534,0.6539072776565776,0.7856028037869418,0.8768238756210666,0.14495078474283213,0.6382478872934977
0.18107864652746897,27.05724317911275,0.6815818437792364,0.7775220665984003,0.8962612965845244,0.1602676386634508,0.6169110933939616
0.16864714343290688,27.361842078898928,0.690040427580648,0.7879244461909302,0.9305650963484821,0.17352046320835743,0.6150515079498291
0.17016407977188663,27.270544963678713,0.7078985675107866,0.8045837995711045,1.032331030361903,0.18629765510559082,0.6327510674794515
0.16514053620258548,27.551577562455677,0.7248985441724991,0.800115848011235,0.998589610200276,0.1914628446102142,0.6711954275767008
0.17551495151288476,27.432911710315352,0.7491711545544896,0.7865324463248099,1.1413363356239348,0.19377146661281586,0.6477421919504801
0.18838711383016257,26.662516909397322,0.7666648423063182,0.7892582686628248,1.1594333127851566,0.20997961362202963,0.6858152548472086
0.18771180409992264,26.640064867771144,0.7537492240697402,0.8044295762476578,1.0287955222103593,0.23132857183615363,0.6392134030659994
0.20095062374433229,26.26453380077812,0.7551631000995269,0.8226223862315565,1.0589910669705727,0.23534816006819406,0.6037231286366781
0.1990128279971003,26.176419937393575,0.7248178945980198,0.8133734252873029,0.8905326152480638,0.25286419192949927,0.6798853874206543
0.21373440358120202,25.114998153989035,0.7275643495045282,0.8428310708092782,1.0749914683896364,0.2581971685091654,0.647319475809733
0.21833927299756387,25.38721046981814,0.7287026533333852,0.8395045708131059,1.1135243289730201,0.2544711530208587,0.6806166172027587
0.22231619313779535,25.89508940199471,0.7412316582211376,0.8178284524164807,1.1367591850334393,0.24987206359704328,0.6564338207244872
0.22914177565014673,26.18147606234893,0.7458908630096972,0.8191031280164013,1.1816663756113177,0.24359319607416782,0.679174025853475
0.23205438264762143,25.61060138081217,0.7379679698633369,0.8099702755014384,1.1715499055919205,0.23662208517392477,0.6610985596974691
0.2387724178908189,26.17244334369723,0.7488066160769232,0.7702273282499247,1.197662797302067,0.23831351349751148,0.6145689487457274
0.2247304921792916,26.954594267355418,0.7210289249389529,0.8302951985190776,1.0256229029758825,0.2560502191384633,0.620235761006673
0.22901816913462691,27.13251091037921,0.7267025148350093,0.8320498182112462,1.010725906484474,0.25944898029168445,0.5960622628529867
0.23387484147370197,26.871415094900055,0.7304904552371801,0.8263204042744219,1.052169218671667,0.2554387003183365,0.6506473223368326
0.2393945023995836,26.726945749871362,0.7316782510644657,0.8318545339458124,1.0702333283564893,0.25816733141740156,0.6073640187581381
0.2331458454054184,26.295435321013542,0.7209727750712777,0.8251513649094638,1.0483069301004106,0.2536710053682327,0.6510117848714193
0.2352382776845725,25.38986169992619,0.7007809722317021,0.845274381708459,1.047667049102248,0.27949133515357966,0.6712230841318766
0.24223665542533893,24.148578045450886,0.6874786457449326,0.8444618271684853,1.04493776996956,0.2949650684992472,0.6722373962402344
0.24819409345329424,23.352385044214873,0.6553146829947454,0.8310466836006315,0.9508636073442154,0.31231030821800226,0.6441507339477539
0.248097143030525,23.07211340321841,0.6388398477470035,0.8344314288137203,0.9137619949653265,0.30792316794395447,0.6430467764536539
0.24461594876375406,23.57673913463036,0.6440448387774793,0.8248580295202746,0.8803887355960854,0.3089636415243148,0.645231564839681
0.24228320051229593,23.81750592092837,0.6523471062095604,0.8463522676944658,0.8658046246244081,0.32031067212422687,0.6377511819203695
0.2562877132983401,23.00525767264827,0.6582062836959551,0.8501642921190099,1.004145919728208,0.3292394876480102,0.6444738705952963
0.24602414628600897,24.270935683616006,0.6770930263355406,0.8361898838080518,0.9548033238187901,0.2975519746541977,0.6401169300079346
0.2527475359548355,24.461247648925767,0.6967543956004363,0.8211929864630507,1.0036077904350638,0.2820580303668975,0.6623547871907552
0.25422617559995925,24.8608897321467,0.700666953111324,0.8403041533180424,1.004244594400857,0.2815774977207184,0.6297782262166342
0.25125224843133903,24.85584540822072,0.6942036708603195,0.8474483402485626,0.9567463444665588,0.2875900814930598,0.6634237766265869
0.24855948614579226,24.897969426321,0.7063080190843399,0.8499245048706996,0.9761944709435403,0.2691097458203633,0.6440549691518146
11.2597473796041,22.389093183796238,0.473693071705066,1.2680454827583334,3.9042541767382395,0.3034102333088715,0.6877830028533936
2.151408841168592,27.58391894863976,0.5252758016705185,0.9595679747118977,1.3373033396118414,0.1750564227501551,0.611471970876058
0.5069766157731769,28.532296117291107,0.5570718508491607,0.8376531922334106,0.9654735226930731,0.1427740231156349,0.6700113614400228
0.22895303163724742,28.98799962370397,0.6359742515381419,0.823397768494932,0.9104827331933435,0.12331093599398928,0.6597766081492106
0.18946952409349027,28.92496100957978,0.6744941032466342,0.7830180875656604,0.8611012319134659,0.12109461178382235,0.6717122395833334
0.17716793522661076,28.48070775651752,0.6839401414325087,0.8046657799185599,0.8821205138991822,0.13814879208803174,0.5928937594095866
0.1763555942626062,27.917808340288627,0.6958997572057674,0.8169028481679335,0.9201472271231009,0.1496356775363286,0.6786151727040609
0.17808847774339187,28.06973484564499,0.7171394433304666,0.8004362122801911,0.9411745755724472,0.164599930246671,0.664549986521403
0.22069901223003016,28.102995886649907,0.7320888069463009,0.8101992837912989,1.0168014287484397,0.18621677408615744,0.6473432381947836
0.22438441461058603,28.225685254910033,0.7672910810080641,0.8107552200989453,0.9853115182386092,0.2030834356943766,0.6896111170450846
0.22666081306229155,28.214535794483393,0.768984537390827,0.7980899999769382,0.9265744454999757,0.2035450488328933,0.6664366722106934
0.24191732829329923,27.821324202137703,0.769342151113885,0.8294244950738733,0.934869966597668,0.2206757664680481,0.6218725045522054
0.25207893358835326,27.648803100205786,0.7678110240731874,0.829198318798532,0.947940050964953,0.21700498958428696,0.6608257293701171
0.245392267129413,28.557364992393758,0.7789318368148755,0.8046631291168679,0.9823627017671405,0.2074357519547144,0.6270175774892172
0.24680300571613112,27.065313633502893,0.7625444874929853,0.8312875702674875,0.870421367376473,0.223674401640892,0.6263212362925211
0.24626615701714805,28.147176196663548,0.7712751863027494,0.8269537495079664,0.9485074094875903,0.2156366904576619,0.7044766743977865
0.2589985072710295,27.94608321763653,0.7804795713092273,0.834485986828191,1.010007461319246,0.22462846090396238,0.6801854769388834
0.289160350775565,27.254352663292213,0.7949173840723912,0.8167380037253354,1.2397166393785906,0.21090449641148246,0.6666185855865479
0.2842145327495989,26.837353114984534,0.7847645623761749,0.8306506072602483,1.2373843792333987,0.22034119317928946,0.6640079021453857
0.24444733419989664,26.46693283559733,0.7652351154147344,0.8120873309015701,1.1274327435485751,0.22711082547903058,0.6809350649515787
0.2367077352613165,25.01945863527789,0.745868820994219,0.7956042978672114,1.1797132622730104,0.24037245909372962,0.6604657967885336
0.21992222615062887,25.235136228915366,0.7278510867533886,0.7928143542854568,1.083848382020265,0.25623951852321625,0.6713907718658447
0.21546772200598796,24.928650413392493,0.7030019926947371,0.8315201194002814,0.9957800496092392,0.2813430279493332,0.6472592353820801
0.22360277699070122,24.25578391961045,0.7147252482678207,0.8287209648886353,1.1028106889313565,0.28660184144973755,0.662299633026123
0.22472119655361952,24.572535340983396,0.716394274685022,0.8158166834994415,1.0662527180821313,0.2816204180320104,0.6327695846557617
0.22424513589078723,25.000813080934392,0.7137669819876096,0.8368985761158235,1.0061525200039863,0.285041148463885,0.6359204451243082
0.23088530400849305,25.105670377610725,0.7194615648141777,0.8123994262774129,1.025383899747129,0.27513450880845386,0.6017613410949706
0.23883772080523072,25.284061890603933,0.7255369675614011,0.7947302202648872,1.0561392325931067,0.2700462440649668,0.6353913942972819
0.2446131961789565,25.828403198383185,0.7369509184913596,0.808581202521335,1.0814000506112602,0.25017814834912616,0.6390597820281981
0.23912536943155452,25.57189735885039,0.72791211534502,0.8489733788868786,1.032984580995669,0.26847760876019794,0.6088073253631592
0.25852682811781763,24.056278403083653,0.7270254830040997,0.8460018644161272,1.197000846354095,0.25437830388545984,0.647497812906901
0.23285963032984439,25.57935655725754,0.722700496101896,0.829898188495735,1.050140441930718,0.2393913914759954,0.6330648263295492
0.2283502089118148,25.63050311319887,0.718911796667252,0.8396498169387067,1.0505504333981397,0.238518625497818,0.6279864311218262
0.22038992754616119,25.983183052442474,0.7126623008209004,0.8237942926277579,0.9785454387807367,0.23339311281840006,0.6545004844665527
0.21547608914827146,27.393085765871835,0.6988529231376016,0.8173495787665912,0.8273593671406942,0.23651674389839172,0.6312792301177979
0.2178026258541239,27.38325425521538,0.6935499891555396,0.8193557480212533,0.8482568608065367,0.23052766919136047,0.6320436795552572
0.22518870755281725,26.05904865914172,0.7111216528670822,0.8077643541468005,0.9587735490500942,0.21008018155892683,0.6557223796844482
0.21616238365012666,28.29254395195908,0.7014038157748375,0.791027435116312,0.7838791942581557,0.1994350800911585,0.6334492365519205
0.18769492858951317,28.745095407906792,0.7333438289134149,0.7890063186948807,0.8548869148049727,0.17004573841889695,0.6690794626871744
0.1053836320547542,16.680332073636453,0.3042260084272543,1.2229192952819057,1.0309618293617486,0.4676119287808736,0.6616690953572592
0.3178541624244296,15.644092528307334,0.32396309385994115,1.2015599334144726,1.3030713106114724,0.4471978892882665,0.6417953173319498
7.696190722415701,23.473798030551972,0.49040159869930977,1.0441150952835125,2.194429702915562,0.2716081415613492,0.643204927444458
6.366267515717133,25.478683733804072,0.4902429265391384,1.0638052946874637,1.7008615807314247,0.2380344023307164,0.6635124683380127
1.8546651713670539,27.134368821030808,0.5250222319216834,0.8968094823610322,1.1032434116796421,0.18768574173251784,0.647460142771403
0.5277301738561551,27.4022155089589,0.5500696073661757,0.8426060195424654,0.9077373269081042,0.16290988276402155,0.6770807107289633
0.24723423096368083,26.411350549630725,0.6215756523278263,0.8094025193572997,0.9904490802719089,0.15673447027802465,0.6229748725891113
0.2113852647740164,25.67647031815143,0.645564019314615,0.8278847443573084,1.0323589368854842,0.1619015683730443,0.6047192414601644
0.18527378075616963,25.362558835639618,0.6611889511302804,0.8245117294041927,0.9554678011277944,0.17832099646329877,0.6497846444447836
0.1657166745354405,25.401907498984453,0.7051286394455959,0.7969834429080792,0.9780682508618139,0.17533329874277112,0.643397331237793
0.16552962784086941,25.059458868760856,0.7179642505185978,0.8218826571765779,0.9742923548350086,0.19084120293458298,0.6569275856018066
0.18870437450450264,24.513456012001303,0.7197245199109878,0.7966269995077457,0.9359346244921443,0.19640213747819266,0.6377137502034506
0.2116211180231767,24.003538967386365,0.7063072441871016,0.7708101303366659,0.9141983636898856,0.1996691524982452,0.6321755250295004
0.2267951935185407,22.62802747544062,0.6691253127321014,0.8033268907340382,1.0037817029122509,0.21785797675450638,0.6515567302703857
0.2202462656484019,22.709373859416345,0.6636725330677381,0.8084381622286244,1.0091053134779868,0.2237766906619072,0.6332225799560547
0.2200491891067613,22.98628950545982,0.653450908512823,0.7895990231006101,0.9613666170977639,0.2321966141462326,0.6435898145039877
0.22812127029337678,22.174130582850623,0.6441657073761361,0.8253937361747482,0.9879876953005299,0.25300887227058405,0.6334322293599447
0.21588083252873938,23.4921647515061,0.6441420127923628,0.8021973807305606,0.8939430092589212,0.2607992440462112,0.6657042503356934
0.21988942439880468,23.60834452701124,0.6372533179876649,0.8029157415916708,0.8850726751452535,0.2584590862194697,0.6355697313944498
0.22208581475758035,24.022877489672023,0.6423028559615624,0.8275157755168534,0.8026823979302208,0.2694593916336695,0.6388452847798666
0.2215575513326998,24.426740969108604,0.6563360803063581,0.8054169292779433,0.8239433271421168,0.26023820539315534,0.6448836326599121
0.22388976632183621,24.65011847030057,0.6735790167713875,0.8019483355966058,0.8769716712819641,0.26464776198069256,0.6068150997161865
0.22964789692546558,24.30805538239576,0.6703722963172426,0.8075908096989544,0.8430815942819659,0.26897808909416193,0.5772763093312582
0.2293210496973713,24.847087010844444,0.6761570750320093,0.809597086175034,0.9236485449315822,0.27671938637892407,0.6308703422546387
0.23872331536926716,24.564753688027626,0.6842558765169576,0.8109335268460472,0.9604125913911258,0.27865769962469733,0.6477941672007242
0.24601280122493152,24.401052094715126,0.6824657949230559,0.8279094160102701,0.8991443528618147,0.28156365950902296,0.6355674266815184
0.25292362325283774,23.87700605504139,0.6541514445158282,0.8385193751715411,0.8020130874391885,0.292875329653422,0.6342608133951823
0.25910544116847034,23.290203202696784,0.6580472391415372,0.826646245850124,0.8552942843241143,0.2975748578707376,0.6105510393778483
0.25827243241357695,23.131861718700566,0.6482288402056566,0.8146052516493217,0.8135717430662105,0.3047156979640325,0.6443922519683838
0.2540650419830856,23.183657880432403,0.6383037598272773,0.8422883691567646,0.8302707127482206,0.3200059235095977,0.6269660790761312
0.25090490820113637,23.34920754396315,0.6416948283474669,0.8370770680617214,0.8009934148098821,0.3218619724114736,0.6019639174143473
0.25605861987082523,23.88631959172859,0.6574013662068514,0.8264937197955279,0.8514747121092602,0.29690330227216083,0.6290787855784098
0.2786215648555096,23.10412443833901,0.6585717090235669,0.8556530275816533,0.8966911273065133,0.3130609144767125,0.5871066252390543
0.26367152932811994,25.051140660651587,0.6781352475173655,0.8298802577990531,0.8145354472387781,0.2884530226389566,0.6539217631022135
0.2633676970507498,24.587480825754117,0.6671541544064593,0.8501415883623054,0.7739456180822626,0.2877561350663503,0.6692699591318766
0.2595850202900748,24.31807671434682,0.6593275981821848,0.8654707574225841,0.758918358228084,0.2868008663256963,0.6615229447682699
0.33432469019034877,13.498894182040567,0.28908177887673897,1.1142581493797186,1.0282783712293813,0.45720209181308746,0.6526497999827067
5.461998487239202,17.584138357710913,0.41119744498086536,1.3358864887272202,3.76048827401288,0.42190585285425186,0.6423956553141276
3.516241247318954,19.943106989695405,0.48059442784378864,1.1395977969980706,2.341561556473581,0.35080616921186447,0.6595094998677572
2.6041977622274826,21.019888551124982,0.5023928561109017,1.0985439007328524,2.0325795871127075,0.32286695390939707,0.6057618459065756
1.667966792928329,21.312696123810934,0.5338646746532884,1.0356056785637058,2.017601008453669,0.3089604601264,0.6476563612620035
0.5083741043281694,20.892880463301438,0.5209688722427925,0.8945777135399151,1.401559291343102,0.31715369969606394,0.6533870697021484
0.26574018957971696,22.107587301816636,0.5547795355468046,0.8491444823417632,1.14538139381135,0.30168065925439197,0.6513198216756185
0.302692155231131,23.485242636391167,0.61985005540225,0.8607443613587485,1.6306065485108139,0.262937049070994,0.6389050483703613
0.3286057246680102,24.152511591966086,0.6281907230037982,0.8277578748728643,1.5137339417199964,0.2577091778318087,0.6720720132191974
0.2369476649164917,23.671039921546328,0.619642722608814,0.832445671114979,1.3543791647804644,0.2724978228410085,0.6329654852549235
0.18084768867021073,24.559901811098097,0.6486229950062055,0.78916024203003,0.9265486434030281,0.2527113631367683,0.6605745156606039
0.20146656971066165,23.426104290087896,0.6295955333284545,0.8215112728736198,0.8960970810377833,0.27650053799152374,0.6064724127451578
0.2012474133341996,23.574204924653277,0.6534805933440677,0.801851526352548,0.921218214407077,0.27197308341662085,0.6553096771240234
0.20566965672778806,23.360454801780808,0.6451995964597109,0.7995677934484755,0.8449083232309857,0.2758183976014455,0.6398465633392334
0.21056559398002297,23.846331667608933,0.6563613303861695,0.7760964308842985,0.8865428565051677,0.2646878063678741,0.6155702273050944
0.22900969183470496,23.32693694810277,0.6403881460105073,0.8003368095596777,0.928817214626383,0.2774707973003387,0.6222135225931803
0.23057215050485372,23.764974568777887,0.6488540294772283,0.7889164900369781,1.0086436351154946,0.2727964570124944,0.6413353284200033
0.23445184778725447,23.75541305941611,0.6496549287155174,0.8067909495538609,1.0335379630980377,0.2861178716023763,0.6570211251576742
0.24232839581220486,23.136395740247725,0.6234820533382969,0.817078231539691,1.0596866829820861,0.30988967418670654,0.6469407081604004
0.2495834906404644,24.100648027144626,0.6475379709323131,0.7508360085339444,1.2066414320317589,0.2807090034087499,0.6470151742299396
0.24083095440884514,23.12205851179335,0.6193071513467819,0.7914622179092108,1.2435133013389212,0.3075656493504842,0.6636155446370443
0.24666399910463851,21.594254189153464,0.5726413492251431,0.7839497378543164,1.300965073092961,0.32652919987837475,0.6508677005767822
0.2454899953470029,21.96716671142306,0.5808207171622756,0.7416623173557221,1.2704661584655583,0.3068721791108449,0.6491940021514893
0.2722989137814098,20.96424179704894,0.5840595414101158,0.7855101594698221,1.5286887997171403,0.31621182958285016,0.6506172021230062
0.29536412157086456,20.907498704783,0.6188685770339036,0.7656955983769249,1.7212055369905075,0.30146512885888416,0.6394494374593099
0.2977281689489879,20.627073767582488,0.6328923329148416,0.7773937904949175,1.903454987283685,0.30875725547472627,0.640940268834432
0.3927261139578236,19.51999192140303,0.6466982255268953,0.7863077124220688,2.4097050870869228,0.2996180107196172,0.6761025587717692
0.4322081495513192,19.23460411787185,0.6214533968070163,0.8199681175469425,2.471270715025133,0.3110390901565551,0.6370710531870524
0.4954045874486525,19.691288788814994,0.6428683422547888,0.8301613034105615,2.7073506584085663,0.29675453901290894,0.6522830327351888
0.4195458586622552,19.704529682240533,0.6310213488110198,0.8312477193946428,2.358690676197266,0.3033304214477539,0.6437026659647623
0.2686185962628185,21.59057747276613,0.625456174365139,0.8007561327154628,1.6474961756381614,0.3033186197280883,0.6393004258473715
0.25505182675363586,22.945136164498507,0.6510329649277725,0.8044844746918818,1.6061498443620215,0.28253261248270667,0.6296056111653646
0.22828496069963267,23.93431807297471,0.6358077170338063,0.8131236094964337,1.3578347958219288,0.2854892909526825,0.6450567245483397
0.21713464988658712,24.857029850547658,0.6522713558845844,0.8295713327594619,1.3159110304982962,0.2791600475708643,0.6543910503387451
0.3057195626364847,22.069863777154115,0.6874463429286727,0.8137672167393616,1.8873207370250087,0.24541297554969785,0.6474120616912842
30.02353348865419,22.8014740190121,0.4787229079399174,1.3499762674571336,6.515762427744391,0.32285821562012035,0.6012530326843262
2.9361021388906483,28.621011456381193,0.5252760773885711,0.9707776612270775,1.1904895968464186,0.1786226027955611,0.6361477375030518
0.77651748652624,28.488854874691015,0.5317262387924685,0.8859959229917158,0.8622217226219618,0.1639549459020296,0.5985348224639893
0.5580175896713471,27.59350139332653,0.5352473592995718,0.8754164554497953,0.90415486452534,0.1953429703911145,0.6648784478505453
0.4468892977248877,26.077679528949375,0.5267310380437618,0.829843134924861,0.8371194350952521,0.2215827442705631,0.6229239304860433
0.20478325292146074,26.390017192630022,0.5558206035354155,0.8180396369507598,0.7545727072037645,0.20208951085805885,0.6426206429799398
0.1551363437782428,26.91169756295479,0.6076391078488114,0.7996798958992605,0.8141640994016837,0.1799982637166977,0.6368676821390787
0.15712870596743445,26.432733001170064,0.6194372677160951,0.8198260641873955,0.8183485823358346,0.19586279988288877,0.6490280628204346
0.18782189478232245,26.374807457200315,0.7068473020466133,0.8092797459041113,0.8922367954483983,0.2065377483765284,0.6600871880849203
0.1734036160708233,26.295789130468794,0.7332698208451268,0.8135438759222096,0.8770488349085125,0.22775290409723917,0.6552973588307699
0.17841585869818274,26.218553255384297,0.722740923247107,0.8068724991437689,0.8438155345127379,0.25149758656819654,0.6518356005350748
0.18913695433289635,25.47470446719719,0.7181586797212228,0.8158498401413349,0.7745399199821783,0.2692481180032094,0.6402756373087565
0.20128853295760532,26.027140943522948,0.7109897906431026,0.7952260014800093,0.8055533749083853,0.28187943001588184,0.6429537137349447
0.20817483688728464,26.633319185925625,0.7203248002336192,0.7964263032848727,0.8158679210913983,0.27278053263823193,0.6321099599202474
0.21588561241747195,26.248314580692014,0.7169776050596481,0.809514697799894,0.8163876475892672,0.2740406841039657,0.6413257122039795
0.22039347833278858,26.46566593280779,0.7164673281371304,0.7845185982325455,0.7917169282035026,0.2710295816262563,0.6278013388315836
0.2239872468783408,25.649715041730545,0.7083275464029338,0.8158541542427088,0.761528833849722,0.28380647301673884,0.6651856899261475
0.22194500274162718,25.867490202889233,0.7106953245120158,0.8038222863423496,0.784965786872435,0.272169162829717,0.6652508576711019
0.21871185138953764,27.004862303460424,0.7312931480401167,0.8141469104483633,0.8809153217416478,0.2646349916855494,0.6173005104064941
0.22602883976512675,26.749659717284857,0.7442492971630678,0.8387004010221034,1.0215323480357987,0.26988052825132997,0.6324403285980225
0.23012338456690287,26.479421159104035,0.7500581573756748,0.8166183174772191,1.0750673318348227,0.2664607216914494,0.6358981927235922
0.22733969777227567,25.799753890642936,0.7371034767083273,0.7954044135163207,1.1007560185399285,0.2623412360747655,0.6200129191080729
0.2205444046271882,25.65655802427042,0.7177192237182289,0.7827934129484603,1.0462355570491109,0.2750205298264821,0.6722640991210938
0.22241640068032867,24.445139446898875,0.7025147606810731,0.8011005393339979,1.041829392693173,0.2846599618593851,0.641380230585734
0.22702245788845868,23.50397679675977,0.6811390745236706,0.8035208335546374,1.0448726676085667,0.3018741408983866,0.6667245229085287
0.24968460663501335,22.100648861331365,0.6850793524172608,0.8095858274583182,1.1837082120641973,0.31459110478560126,0.6727309226989746
0.2486690063836937,22.563852755208956,0.6986135840691438,0.7806188187400643,1.164603439154613,0.28647232552369434,0.665104071299235
0.25836560308490614,22.48055946746885,0.7058425670590719,0.8099346870303484,1.180750297537797,0.2864652375380198,0.6322984695434569
0.265481077247354,22.439206989040727,0.703367904311003,0.7962298319829694,1.2011629066946987,0.2843640794356664,0.6469084421793619
0.26177972935306926,23.341953277900952,0.7056203954300361,0.806049912711034,1.1445612016070434,0.2832360764344533,0.5887880325317383
0.2588624786545685,23.2152131514776,0.691401665014539,0.8271490024253474,1.0810519504679543,0.3123708367347717,0.6536249319712321
0.2553374530565307,23.837154214288002,0.714156291899633,0.81960262700771,1.107088047665024,0.2876594016949336,0.6479247411092123
0.2525731967581516,23.94666105960299,0.7046154992397561,0.8137712813935519,1.0958490028219887,0.2912253638108571,0.6303536097208658
0.14991363555654083,16.01706520409037,0.29852705804131047,1.2308068977907538,1.0391681710536596,0.47493068873882294,0.6596608956654866
3.6254845602551495,21.26046995393379,0.4923350179122173,1.1595488209040303,2.368621078416288,0.304607563962539,0.6191196441650391
1.6015136825089205,24.419788492747625,0.5209930284400622,0.9591620792110543,1.1220621867877425,0.23784321422378218,0.6359198888142904
0.9832265785954534,23.55027650828571,0.5095367707584915,0.9171989447915131,1.0374713976970755,0.269584946334362,0.6466754277547201
0.859216106764273,23.30187576042961,0.5083530431347648,0.8903035520106956,1.0962815294587667,0.27368428806463874,0.6538193225860596
0.4337745358016994,23.63870042578347,0.5503547739437598,0.8174591659665307,0.999986436362331,0.26382494717836374,0.6317373911539713
0.25500798783289286,23.627107635439046,0.5535057148834369,0.8111009823514922,0.8848445379699369,0.27394363035758335,0.6734650135040283
0.19314212735956493,23.04111263691156,0.5588694104961549,0.8262894151733509,0.8416217864911627,0.27866302678982413,0.6772274971008301
0.18019310071190484,23.670386034757417,0.5966162078939136,0.8110530581438887,1.000674076852176,0.26441685607035953,0.5886255105336508
0.15268410521755577,24.202059972143513,0.6800230536771673,0.7804969289783431,0.8960990411037049,0.22663480291763935,0.6684168179829916
0.18624489262773494,24.00372783192587,0.6811474755576997,0.7753029016029597,0.9427933357395388,0.22263965507348374,0.6641954580942788
0.2016078555168753,23.607712888108267,0.6628116944407844,0.7968807016238166,1.011949225988516,0.237599732975165,0.6496975421905518
0.21254200359427747,23.601074477383346,0.6341171191564654,0.7794368019810637,1.0041549625897226,0.2361363048354784,0.6176642576853434
0.21506161978195884,23.761903028882106,0.6424091096780425,0.8037195182776348,1.0151550492340806,0.24678326646486917,0.6305782000223795
0.22444815535944487,23.591844890713176,0.6179820553530443,0.7759093488284599,1.0036567328886952,0.2444528589646021,0.6332362492879232
0.23297547869383584,22.866210143149612,0.6021480640660752,0.7899978367012327,1.0492467957177574,0.2518152520060539,0.6857662995656332
0.23605643043736477,22.505766489705852,0.5588486828042494,0.7974515205747911,0.9225464945126184,0.2724236200253169,0.6114540100097656
0.24201793918578507,22.11767018969344,0.5406113452143245,0.7947945870090587,0.8297511175966812,0.2825005402167638,0.652768055597941
0.24137868991451975,22.448356967659468,0.5582399871658988,0.8008616413797501,0.931783122583003,0.2804312060276667,0.6355992158253988
0.24953652508785862,21.749048380893814,0.5218608462624937,0.819384284942402,0.8260226843373695,0.30031976103782654,0.6303355693817139
0.24348094578607607,22.63169892771225,0.5687948888641622,0.7704986597206919,0.9098935728252711,0.27999237676461536,0.6445004940032959
0.24934202268585937,22.139937910611938,0.5543957138975434,0.8249779859019671,0.8906099460040938,0.30463026960690814,0.6680263678232828
0.2531794820694775,22.495804263862357,0.5554017128919096,0.8067022341849309,0.850451511350446,0.3012597858905792,0.6765000820159912
0.25683784295785494,22.24438572579497,0.5466472501111571,0.79968418436827,0.8560632846799768,0.2995764166116714,0.6336281299591064
0.2577695426541891,22.265688838088696,0.5708244521133901,0.816524731369825,0.9717384483148704,0.30601786573727924,0.6528739929199218
0.2589705854454127,22.223513290637168,0.5692110636864839,0.8159571469257879,0.972560034789519,0.29757536451021827,0.6917842229207357
0.26561604724354143,22.079516769167242,0.5461692926223961,0.8265685607161917,0.8465758541248088,0.30914009114106494,0.6362020174662272
0.2696771483199388,22.01989631638401,0.5484831882709272,0.8413891125148272,0.8180103093141889,0.3139283309380213,0.6597232818603516
0.2706037438713767,22.20382276136849,0.5505578060399624,0.838586321334934,0.8248380377402981,0.3094169994195302,0.6055038770039877
0.2712185987053773,22.366143120814446,0.5661326360505864,0.8390227681498589,0.8315443630201912,0.3025752653678258,0.6637117862701416
0.26512003530085254,22.812681143827348,0.5791826063191169,0.8141415588790114,0.8737158570874849,0.2866936326026916,0.6609028975168864
0.2643506684736087,22.341722836075984,0.5488779099044164,0.8247050688770874,0.7542840363032964,0.29079567889372504,0.6818448702494303
0.2526368455164199,23.574381898279047,0.5852709755195395,0.7966280812377963,0.8703628721939136,0.26465710004170734,0.6464628378550211
0.24788101360237025,23.526273525706983,0.5820160557202679,0.8329963584614988,0.8828442542450233,0.27408298850059504,0.5834650993347168
18.420888320225576,20.500576600948865,0.4333466278204606,1.4312340962201862,7.326395945329073,0.36732928082346916,0.6668814023335775
11.738916827799867,25.456798880772883,0.46479292998325583,1.2313054851636933,2.0250761901187926,0.2572673093527555,0.6657342910766602
1.559663791233051,26.03691323512875,0.4953978371168742,0.940088552297627,1.0014952494849292,0.2148795401056607,0.6473111311594645
0.31329813877981666,27.462124173894836,0.587996135886046,0.7944574237494931,0.8278603574938721,0.16544913003842035,0.6478371620178223
0.20452716632038603,25.94552934527732,0.629269805240361,0.8041970131828435,0.9780234200789186,0.16069674740235007,0.6615457534790039
0.17411851594258052,25.821581951176885,0.6589562646148315,0.7922029971887561,0.9198150861457125,0.17092498888572052,0.6635031700134277
0.1576653160439884,25.70206866342208,0.6811093170822131,0.7852235861982656,0.8420136314776556,0.17559347053368882,0.6472886403401693
0.15055034245057208,25.882484638001554,0.7124729715551612,0.8048176947015376,0.8192347479731955,0.18259189774592713,0.6563462416330973
0.16416522085598648,25.55176450050892,0.718536951170687,0.8173149920206312,0.8521071029395101,0.19708667695522308,0.646669069925944
0.19881230899946048,24.980300306535963,0.7081213193065251,0.7937362137433638,0.7771684154318185,0.20796084652344385,0.628610372543335
0.2114024102124795,24.688457945496435,0.6818168554500597,0.8203808834789438,0.7855933801311847,0.23865522940953568,0.6336079438527426
0.22016979146622018,25.35615711809451,0.7239719332781869,0.7844166734752321,0.9364705282259611,0.2255651354789734,0.6700967152913412
0.2399394425953977,26.658789009609634,0.7637856020434358,0.8159516259779962,1.0325883991775313,0.2262849509716033,0.6701172987620035
0.2581219385297195,28.419883502386075,0.7718601894043999,0.8058320294806262,0.9722991830299609,0.219236691792806,0.6680245399475098
0.27454752385325437,28.29126056051523,0.7893781380992188,0.823434089755978,1.05005015955704,0.21352621416250858,0.6436358292897543
0.2662308934739906,28.423197001289008,0.7846087011392844,0.8072996980804504,0.9833554583146437,0.2212173516551653,0.6618481477101644
0.25994155806233354,27.343481192097528,0.7726447726190483,0.8075221527332093,0.9989358890783002,0.2334177941083908,0.6699300607045492
0.25579118793965133,25.748205748053,0.7473194736004057,0.7895262530743112,1.0360557522909855,0.25195810695489246,0.6512231032053629
0.24679530771410307,25.024559665684745,0.7256049256046321,0.8001711794363336,0.9769159105449791,0.2708672334750493,0.6007370154062907
0.25032643972373136,24.321619574950674,0.7075453664927598,0.7978925611242088,0.944887675961092,0.27605114877223963,0.6053316593170167
0.2612682786148525,23.309355597896566,0.7123364389783898,0.7951104158464201,1.0334400202769707,0.2822731435298919,0.6370412508646647
0.26195845144711466,23.46646291784648,0.7099167004805662,0.811319134807159,1.0130737623209352,0.2814419021209081,0.648374080657959
0.2844154165697667,22.684306410124147,0.7251292113309828,0.8225631170104917,1.1438844637287442,0.2833749552567799,0.6165633201599121
0.32040536157493804,20.562435013358257,0.7031974024948662,0.8384210157913042,1.2842013794544371,0.3014510869979858,0.6072324911753336
0.33750752564712716,20.16033055943658,0.697301505931249,0.8210966910200551,1.3673448012256177,0.31037471195062,0.6165021260579427
0.4585257009755222,20.13181443564913,0.7240886543202397,0.798188563369707,1.8225609292831466,0.28331168989340455,0.6499842007954916
0.31300994905043783,22.15186434228775,0.7211388258787658,0.8032529430696919,1.3005777602054083,0.302173246939977,0.6585229237874349
0.25485753152215224,23.93483226972856,0.6815699544779958,0.8553883980374529,0.9260616629437001,0.3561665614446004,0.6447679201761881
0.24752374158980736,24.287719926464977,0.6639414147836874,0.856878910929943,0.8327610719205673,0.36082614461580914,0.6366686026255289
0.2454118113572943,24.02435423062094,0.6681074502165552,0.8568096211141132,0.8802595288709534,0.3382946054140727,0.6668713887532552
0.24211766927966516,23.855474063079154,0.6754385162361988,0.8358957036447453,0.9393202458788683,0.32530617217222846,0.6537040869394938
0.23342007271585338,24.633833888354825,0.6712355935528403,0.8393920414334044,0.8578409521084019,0.3037716249624887,0.6444304784138998
0.2352395214542471,23.715010086243794,0.6497435632473122,0.8472696569439613,0.8319417480675462,0.31593802571296686,0.6490498383839923
0.24434072787248318,24.491255641969843,0.6588103432898124,0.8415094562204107,0.8032572625545988,0.30658536156018573,0.6605414549509684
0.24408378330136415,24.998782050832276,0.6754417974492816,0.8492102390314026,0.844486199103221,0.296259194612503,0.6101578871409099
0.23842337304065767,25.5207270804073,0.6691747643522327,0.857890079025663,0.750234804052928,0.29297743240992224,0.6522989273071289
0.22780164835333228,27.391278239672385,0.7194719953881803,0.7928365927240798,0.8258915526493515,0.24192052086194352,0.6487850348154703
0.9731981374855803,13.595962655884422,0.3120916108349428,1.1363557234121797,1.7424297110106213,0.4578253974517186,0.6533045768737793
1.4520079258816276,16.421858254699263,0.3942779505301414,1.1056200585410862,1.673016513933429,0.42597363392512005,0.6359949906667074
1.23980760157497,17.867337048914216,0.43206442262709577,1.0048188377907288,1.5534405433749061,0.3926290472348531,0.6896977424621582
0.8836821006094983,18.070756296065937,0.4592320921546538,0.9431960947394087,1.7132278397557676,0.38776078820228577,0.6575219631195068
0.5797563931829274,19.22740960463388,0.5130347126910441,0.9286911187292531,2.0620034320593468,0.3505811070402463,0.6484505335489908
0.5143850018442876,19.458648340143988,0.4915275114694388,0.9154074587855027,1.4640165142756392,0.3652973175048828,0.6319746971130371
0.29671224250907174,20.203670909167993,0.5070814999670201,0.8378888866556448,1.0315617795239562,0.3580313523610433,0.6516158580780028
0.24425202253161737,20.45628126919433,0.5033563070480238,0.8516188874983808,0.897294474395652,0.3572390576203664,0.6472745736440023
0.31600158137600365,21.640800731955547,0.5529380137069421,0.8365599026358987,1.1594444540500592,0.34363419314225513,0.6118666330973307
0.25171061847593834,21.979935083579363,0.5756692960572695,0.8117084175998217,1.1558807373234847,0.33014856278896326,0.6645563443501791
0.22062170059018507,22.00252586206362,0.6091343156056489,0.8023158378600476,1.610257130266513,0.32420023282368976,0.6505591869354248
0.1991939996480668,22.268934614159424,0.6124760569435785,0.7811496941071162,1.4852585290504958,0.32240778207778925,0.6727870305379232
0.2851205004878401,21.287656132280166,0.6635669505315981,0.8145538946262385,2.2683441708160186,0.3011244585116704,0.6392901738484701
0.5127135824383963,21.10583297984372,0.7235838147694899,0.8009452206568949,3.2923976823247507,0.27158451825380325,0.6515870094299316
0.8067657899817346,20.019888015682138,0.710094873088385,0.8618241140817225,4.271892446623686,0.273295059800148,0.6428500811258951
0.6637290323728501,21.514327230958003,0.7390647535056226,0.7991189531920707,3.6815212901723284,0.2562709103027979,0.6762944857279459
0.6602495662038467,21.198025572116205,0.7424317172588323,0.7886391102508181,3.7385096356900025,0.2622561951478322,0.6419223944346111
0.40878462505194085,22.065389036644927,0.713341967219432,0.7574147656414144,2.7826324307118764,0.2617938344677289,0.6340604623158773
0.3200368427375691,21.0807743842987,0.6483065669168169,0.770903207195096,2.246182921004608,0.29119787365198135,0.6287360986073812
0.29826700746541424,22.016652234230747,0.6626713368586611,0.7684029045118997,2.0720429974896426,0.2872279832760492,0.6574722131093343
0.2900553621461515,22.26680151516202,0.6479179396463343,0.7937125422705785,1.9448629957470835,0.30276736865441,0.6604939301808676
0.2656242802425502,22.011048697057507,0.6225711171089281,0.7599399149420331,1.7272443560384072,0.2981912096341451,0.6333519617716471
0.34946982896424866,20.80431137260503,0.6627613766251437,0.7733861834043544,2.3495234354882393,0.2855711082617442,0.6387841701507568
0.2507003889514497,21.95399928619774,0.5628939580925715,0.8001164500297779,1.0832448193128286,0.32602982223033905,0.6423088709513346
0.2561754344881337,21.7953869661464,0.5360128085760199,0.789565238671177,1.04380388637394,0.31589750448862713,0.6451006730397543
0.2410302896039157,22.53992129228226,0.5564945172185986,0.8036911392087003,1.170576834654249,0.30087219675381977,0.6557989915211996
0.2699200094508343,21.06898811099199,0.5930484765868863,0.7964630008519684,1.9725637293731062,0.29492077728112537,0.6303045749664307
0.2693427514725409,21.09234437088423,0.6111471350794925,0.7934068025859592,2.0538364038529187,0.2782330761353175,0.6602692604064941
0.23429802176204773,22.076640225383205,0.5843854565393136,0.8092281474859065,1.7582132769026977,0.29354254901409144,0.661413828531901
0.3502525440963802,20.543372278719016,0.6774512421576097,0.7942830165639482,2.6764987209788527,0.2395628417531649,0.6388446489969889
0.5382410835183374,15.727754413665258,0.3699875512027177,1.1656853146863628,1.5438507089957472,0.42509566247463226,0.6559042930603027
2.219930997612236,17.30077078745575,0.42253720941192796,1.1447087404256187,1.8866427157089942,0.41357282797495526,0.6644659042358398
1.1183756677815457,18.915008975824136,0.4792311975064858,1.010617411880652,1.7030016150931946,0.3622530276576678,0.6389992237091064
0.5443020105721673,20.13923579152284,0.5135333181729534,0.9325118912706339,1.5184634999268214,0.3222463031609853,0.6462162335713705
0.39849761112852006,20.942652561085946,0.5703548422839666,0.8674891531697785,1.5548715191087321,0.2924661537011464,0.6498722235361735
0.2346186270861926,21.36442599449568,0.601019296398481,0.8427146211202396,1.721109102854552,0.27703232566515607,0.6310249169667561
0.28931805005760847,21.870312137208572,0.5924537717361468,0.8275223320891284,1.5281795178796644,0.28496459126472473,0.6593600114186605
0.3090860351686744,23.879831371844972,0.6188029216658832,0.79851255781794,1.3387967627303092,0.25825116038322443,0.652215003967285
0.27463819484115576,24.16331011235486,0.5920008932601516,0.8317973708059142,1.07765457112061,0.2728223204612732,0.6446724732716879
0.2316946688065533,24.155370898436047,0.6315041130969554,0.8140596871076218,1.38765172857042,0.2617772792776425,0.6506841977437338
0.2298514946621578,21.908712155078035,0.6743139453270733,0.7841508593057829,1.9073262293574735,0.2777135074138641,0.6476582686106364
0.15452565442569233,22.938614682215213,0.6278468288146862,0.7911949584833528,1.1914361259419974,0.3009362916151682,0.6411577860514323
0.2822346304955999,20.542130890165673,0.6916926583938919,0.7952803843615402,2.0854744184734053,0.2724316368500392,0.6542006333669027
0.23613935530108457,21.562182745115525,0.6690540206406649,0.765541793905904,1.6087184545200737,0.27587984253962833,0.6486557324727377
0.21625472858461192,22.519741988897266,0.6762044202528957,0.7429748347825802,1.4525601770324947,0.2704413384199142,0.6180944442749025
0.2367868747209191,21.117059063587664,0.6431531618026628,0.764539559767984,1.520216937434854,0.29728030661741894,0.6456710497538248
0.21381396051149246,22.45703283890317,0.643783792222733,0.7760026450885045,1.327987557148624,0.2979108840227127,0.6085351308186849
0.2058911691054087,23.22539968305344,0.6071829041483586,0.7743370744508976,1.0486976111246953,0.3267988115549087,0.6426517963409424
0.21207469039285043,23.06832519732247,0.626053546047765,0.7590451387526733,1.2178250433690698,0.31515593826770777,0.6675597826639811
0.359069332667282,20.58358991111112,0.6978228387857398,0.8120356391800098,2.2588661736270397,0.2885691945751508,0.6352798938751221
0.41136973393840787,19.35534840583962,0.6826312540394368,0.7854549241787067,2.4450704708489206,0.29552327096462244,0.653579314549764
0.23724212424650884,21.869578227297918,0.6234031441402667,0.7521667564366336,1.369055086222307,0.3152173509200414,0.6434640884399414
0.4207276170323711,20.051380748310176,0.7016204139135489,0.7670246821760909,2.4618812183911287,0.2888438006242116,0.6714058717091879
0.4725577632772911,19.33573664953113,0.6788767990606172,0.7920095501653872,2.634234867177689,0.30171080927054084,0.6592864195505778
0.32310106017522905,19.976099231525357,0.6392051882914261,0.7791277552872881,1.9736128342616253,0.34061814347902936,0.6474364598592123
0.33969138348356304,19.04983014960927,0.6338831056448467,0.7684476582411982,2.0732360256601177,0.3300844728946686,0.608781099319458
0.22993155171667654,21.868893342386006,0.6091655655966813,0.7481625154562727,1.351859887900239,0.3400031228860219,0.6444180011749268
0.22881379725437045,21.578476696995182,0.5894944795297469,0.7647841791509432,1.3400569688754613,0.3488170305887858,0.6296544075012207
0.25058803892184844,20.331067103682788,0.5849787320788452,0.7793509050489204,1.5651990716097106,0.3625660091638565,0.6404213905334473
0.2701901162375995,20.34559166788311,0.6130740748482729,0.7828631579372783,1.727674335176985,0.34747012456258136,0.6447590986887614
0.3798575146598311,19.833079686612752,0.6560684080002949,0.8009039879765192,2.331978235181586,0.3189663936694463,0.6569235324859618
0.30746412777327375,19.22073594431625,0.6297305289069797,0.7891004915639731,1.9265070873555474,0.3272043118874232,0.6302592754364014
0.2619190142006564,20.420984225758477,0.617382063046363,0.7924596855425242,1.6719645297206227,0.32693322499593097,0.6204810937245687
0.2800775361189311,20.062975693502594,0.6296227724133973,0.7815013073257351,1.7869915603655813,0.31446900963783264,0.6445724169413248
0.2378719617089848,22.218898260569475,0.6088558790703578,0.7803239603745519,1.3304470809204256,0.29402105013529456,0.6490925153096517
0.28284251634450464,19.157130152256418,0.6027167922488602,0.8210818142671058,1.726196982462005,0.3263938228289286,0.6610023180643717
7.668301380852576,20.64524471035281,0.46945028476846984,1.5575950771676492,3.6302574422118585,0.3694234527647495,0.7136181195576986
5.444996216566772,23.107105402367097,0.5236134686395233,1.1770867127669267,1.92628566619661,0.28850787878036493,0.7465899785359701
1.6140774736326613,22.486982509642743,0.5664662396709309,0.9750880519675723,1.718798941875544,0.25354667752981186,0.7652904987335205
0.4838267552745319,24.506254031199457,0.5921508678784112,0.8313961398100552,1.2935201699935905,0.23932551095883048,0.7543769677480062
0.31671928655964693,23.478390003844073,0.6119125469938234,0.8126983947802163,1.3497892689590145,0.24480076134204862,0.7032229900360107
0.3454223292308951,24.10443897174581,0.6083440947075563,0.8199076877090863,1.3286829023649347,0.2521212448676427,0.7773051261901855
0.2826913227314088,25.99012818937645,0.6287937348097039,0.8084473356845824,1.2078000885204776,0.2528058936198552,0.7533361117045084
0.15979410148113002,26.339397989796698,0.6580856172028428,0.7900319458456472,0.9871495875704288,0.2546057850122451,0.7322149276733398
0.21343951952320983,24.893551221281857,0.6748959433379694,0.807930464317676,1.2985639568609386,0.27292095124721527,0.7786567211151123
0.3278300539295678,22.415191647786894,0.7018124285645744,0.7925491655663114,1.7608112125499211,0.2531991973519325,0.7595988114674886
0.21053865130911112,23.65616045639169,0.7227373277626331,0.7833278298415726,1.3735816532521623,0.2621468206246694,0.7446823120117188
0.2532212995549376,22.856218334966414,0.7267438157356348,0.7921139777820949,1.5421424370470547,0.27021004259586334,0.7520288626352946
0.25817887580628923,23.01066643877473,0.7368406487217666,0.8368080194085149,1.5229519146271924,0.2785201668739319,0.7185672124226888
0.2371990783384608,24.080710444163913,0.751304845107636,0.7781433634808367,1.355385007560713,0.2663963933785756,0.7847655614217123
0.3223119746976826,22.34686211157877,0.747414023976627,0.7845146835396029,1.6570502186632703,0.2772869020700454,0.7196480433146158
0.3944667035523561,21.958337314242797,0.7627249301566611,0.7769693337561557,1.8699557384702352,0.2698186114430427,0.8032489617665609
0.5957295178404297,20.88247235355115,0.7585977428418927,0.7864843777000031,2.4162855603190607,0.2678368687629699,0.7983342806498209
0.5918939275769787,22.765924493892516,0.7771239711272399,0.8023296829112742,2.304104827347097,0.2539010172088941,0.7888502279917399
0.4066454960080423,24.705361551376686,0.774404075199933,0.8186075386799004,1.7094479731517562,0.2589064389467239,0.7740378379821777
0.34577003797649253,25.243709888031873,0.7657689947970706,0.7718622252091126,1.485155157215176,0.25269212077061326,0.7543030579884847
0.316856889257964,25.12214234053009,0.7373065239478049,0.80533677980632,1.3303447988948853,0.264173150062561,0.7663139502207438
0.4784895433344524,22.521121806936545,0.7615319483295476,0.798421569107294,2.083112833550804,0.2646635472774505,0.7844491004943848
0.28853651272684033,24.846979383682292,0.7068586791309078,0.816815276912695,1.210234158022665,0.2898343602816264,0.7796005407969157
0.3260126861016284,25.0095972215661,0.7226826943772452,0.803166274835457,1.4134508317031853,0.2873765031496684,0.7584720452626547
0.45034246230683644,23.592636115148096,0.750523136635267,0.8021798001442719,2.0636149774182613,0.2745522360006967,0.76093856493632
0.3897383954640606,24.856934449745335,0.740086233579684,0.8186370318928547,1.8062956385495033,0.28981311619281763,0.7249770959218343
0.46598665603729694,25.12513138740377,0.7422095327862648,0.8035375955496029,2.0403237450980076,0.2919278144836426,0.7172443072001139
0.3305330159871521,26.136484894267962,0.7093320537504667,0.8338301814571784,1.4602869718898421,0.32006728649139404,0.7688611348470052
0.3837038271626389,25.912705701359084,0.7422436123053778,0.7965946505900886,1.8830410800696542,0.3090975483258565,0.7417593002319336
0.40727250827014677,24.439344527303543,0.7381924625280353,0.8133441893654134,2.059726151780303,0.3107085923353831,0.761438767115275
0.38512103224909855,24.754902123060916,0.7475964019235186,0.7933799235883074,1.9836717275553444,0.28764145572980243,0.7793177763621012
0.40979234590868613,24.253607833291085,0.7365543132318838,0.7903797132729178,2.063255615837784,0.27738420665264124,0.763505776723226
0.3583981104394949,22.832795381226273,0.7047787443296492,0.8206459953810329,1.7980316488688015,0.3057124118010203,0.7544415791829427
0.3594955561126245,22.259527741963016,0.6897669149840886,0.804178352742761,1.7380155801675148,0.2991813321908315,0.752544641494751
0.3558771180086022,22.002595061745026,0.7018559195901513,0.7847177662643724,1.8053099569509026,0.291527325908343,0.7493735154469808
0.30135168861871553,24.49240942484715,0.7092017240446801,0.8010048024136456,1.5259188622233275,0.2818890114625295,0.7711235682169596
0.32472724873930064,24.70289825014463,0.7214414490307957,0.8076665881192682,1.635427608485017,0.27219381928443903,0.77640167872111
0.26885203578501077,25.83840979696616,0.6990653196089341,0.8013344972557449,1.3145075859553383,0.2745391577482223,0.7625134785970052
0.314382037021026,22.239585886653135,0.6935406473351797,0.7947026637109262,1.6427186000179406,0.28313694397608435,0.7618999481201172
0.263538069813738,23.512206592551166,0.6693409263348159,0.7908700910186556,1.3075697125140613,0.2737830281257629,0.7330005963643392
0.25689814535544236,23.336041864098117,0.6705088232678481,0.7831938475447412,1.3118672931377284,0.28286980589230853,0.765071153640747
0.3054174529932699,21.10699412668121,0.6855721916467794,0.7892298929310179,1.6779160989154251,0.279579738775889,0.7733276685078939
0.3557911968464978,21.49307623538972,0.707628975484842,0.794860764188161,1.9309293083071257,0.2646337399880091,0.7691522439320883
0.3218860509167489,22.651664877678357,0.703926915663089,0.8004407234402958,1.7713864308360616,0.2494935641686121,0.7551537354787191
2.561051590910218,16.827238630549193,0.4033244337938362,1.271920167518924,3.3447540185483677,0.418304979801178,0.607109546661377
4.4083318909086815,18.070844439600922,0.43381098482580543,1.239533910965494,2.8151028470776467,0.4102214202284813,0.6228833993275961
3.716105646814429,18.510352880954528,0.4677923926640484,1.1575395968880353,3.1053173761376875,0.3808073848485946,0.6323369344075521
3.231659326988337,17.524300272840403,0.4550832745637941,1.1287406476533706,3.1435211045107345,0.4136885528763136,0.5981264114379883
2.914455725331877,17.407334379729217,0.4308610257683703,1.0228555927527259,2.5629700413390375,0.4230661566058795,0.6598445574442545
1.920138821587141,17.666498063769847,0.4468059045919248,0.9713190431607518,2.3676247045463445,0.41185835500558216,0.6399558385213217
2.408070395909629,17.750280861238302,0.4316490753049879,0.9550083021014713,1.8070208369180734,0.4272348433732987,0.6188283761342367
1.853626349072597,18.555797036038168,0.455067149183755,0.9458401330537413,1.651928522440464,0.40860969324906665,0.6632898648579916
1.8685891431937085,17.391074469494676,0.41800315952189715,0.934279110744637,1.4928684929193465,0.44208302597204846,0.6673902670542399
0.7061870171780947,18.24822566083626,0.4476715624216174,0.9023823948854043,1.3432278252178131,0.40972352027893066,0.6474612553914388
0.22743086637702317,21.44394350420862,0.5423594363957444,0.8453266055549203,1.541067479468296,0.3449228083093961,0.6719230016072592
0.16614648726346257,21.948742335989817,0.5534890164489018,0.8124065953615123,1.1154823267553655,0.33484004189570743,0.6605463822682699
0.19469078293537323,21.828317425901037,0.5610539287147684,0.814115841830275,1.2201754618097334,0.3280477027098338,0.6578172842661539
0.2242143821607565,21.600755657181466,0.555914633443145,0.7940543503059398,1.3487635957051385,0.3074402660131454,0.6231261889139811
0.22603373698025597,21.623216890901634,0.5543026953113764,0.7746637178110113,1.3456872525027055,0.3079083959261576,0.6406829357147217
0.24018834183008417,20.821484719261125,0.5203251177421553,0.7903739372941319,1.3320999960254651,0.32444701343774796,0.6727760632832845
0.24270882323616058,21.384165765874076,0.5362706774127277,0.7785549931013671,1.4272896027570379,0.3109254042307536,0.6605257193247477
0.2537578486905447,20.99410916046561,0.569678358460958,0.8280593946061471,2.178637268963452,0.313464269042015,0.6548933982849121
0.25645989994612456,20.512388279519843,0.5364761194799543,0.8244201900873112,1.8838434213703845,0.3315509309371312,0.6587020556131998
0.2458093251648161,19.883652473060096,0.507731831699726,0.7885543843908801,1.7189051724882487,0.35002676645914715,0.6661774317423502
0.2560323042136732,20.371118852125644,0.513647260454224,0.7890334686883591,1.5634275856145285,0.34932126104831696,0.662199338277181
0.32102149525329243,19.800316822877868,0.5791286412199467,0.8588701207577802,2.8327832380868165,0.32827685773372645,0.6621697743733724
0.5014289779560533,19.924758288149917,0.6512823568597085,0.9234296631340008,4.051651567866301,0.2955105155706405,0.6242104371388754
0.49902249409229826,19.68742877554955,0.6279378208725355,0.9257399474594626,3.76972978681845,0.31180246174335474,0.6171114444732666
0.5900654052967278,20.317774439493665,0.6803386341802792,0.9134056406483154,4.369329967565257,0.2876186842719714,0.6702983379364014
0.6480459551808032,19.871593953312665,0.6710309919522871,0.9102512955525973,4.51171323478591,0.30116309225559235,0.6778542200724283
0.7233799835236715,18.744813418280962,0.6492317944101109,0.9109152379151976,4.807368656298398,0.3104013999303182,0.6736711661020914
0.5457916993033053,18.50746576330645,0.6295647826311558,0.8554951569638467,3.711530711227539,0.32370234529177344,0.6797176202138265
0.31359578153165585,20.822711340348068,0.6243826796151744,0.7949557910474612,2.394903808152551,0.3035140434900919,0.6241560777028402
0.2850682478323481,21.293057408690782,0.6132304535624478,0.8036102489679662,2.2299633881472745,0.3078500727812449,0.6150018374125162
0.34849400057854285,21.34665908750382,0.6580413503222152,0.8240142220167911,2.6855556606020614,0.28255780041217804,0.6651348272959391
0.2748175453455874,22.47966085464293,0.6393521619823163,0.814210798653208,2.010077398755758,0.2928211018443107,0.6260715325673422
0.13393196480614553,15.654239936079316,0.30549780898099743,1.2156072384063286,1.051015419129145,0.4819807708263397,0.6307717164357504
2.7614947092921205,22.76765032201949,0.5230074801017541,1.0239899427261658,1.7547285226862428,0.27264990533391636,0.6579685211181641
2.234573570801478,24.520716077307956,0.5100011772586849,1.0014827725310145,1.2816003359493455,0.23853758101662,0.6125960350036621
1.7021505314023988,23.498598664681044,0.49647022092620957,0.9271485475402482,1.1254940377223852,0.2687935878833134,0.6454634666442872
1.3584105499744152,22.541363489849775,0.5175844631094967,0.8630168926886043,1.2275680460244476,0.2853976115584373,0.6594682534535726
0.5921637410818242,22.41622992220702,0.525370057694852,0.8660598833500126,1.1016738186406563,0.28781940042972565,0.680316686630249
0.37780228364337226,22.628076186418046,0.530014058604766,0.8200756643232125,0.9534656331473587,0.295661819477876,0.6077382564544677
0.36598847019388536,22.014756857873593,0.5516724156775421,0.8148850371712748,1.1611199009524273,0.29177031914393103,0.6667982737223307
0.2366322694945898,22.334286415033713,0.5551704717584309,0.8502778966898868,0.9480414403692334,0.304816613594691,0.670147975285848
0.1664250734550665,22.876765367347588,0.6490385743610355,0.8111765634427271,0.9710769681177746,0.2540327509244283,0.607933521270752
0.21325624261800846,22.44814351965061,0.6773060104996323,0.8326630131155902,1.1867520289912765,0.23155693709850303,0.6547947724660238
0.2297451951031834,22.014428057789303,0.6546832470058507,0.8040453870070441,1.1797031937815825,0.23814500619967774,0.6256484190622965
0.22576780850017034,22.16495801922005,0.6194404861817869,0.7983150846415646,1.0257740515667895,0.2579603940248489,0.630685567855835
0.23211890041843997,23.16970359883541,0.6171027919191595,0.7672711186058497,1.0347695314662726,0.24455952644348145,0.6741548379262289
0.2579584959959283,21.71469980831481,0.6375983835653046,0.7829160952168124,1.2411103992527295,0.23846573134263352,0.6727619171142578
0.2553559313425851,22.219686403483596,0.6303036523752845,0.7792889262544712,1.1884209162190533,0.24102663497130072,0.639362653096517
0.25033608341975633,23.086759215748188,0.604623837417203,0.7962550756114801,1.0846044604115275,0.2576527322332064,0.6687314510345459
0.24766863834727995,23.48360192453548,0.6192952937010454,0.8144626801267281,1.1306654981244577,0.25504640489816666,0.6529606978098551
0.2447278243226295,24.26963402958999,0.6166992263321378,0.8048933802999882,1.013501830511298,0.24947943786780039,0.6488049030303955
0.23911613175188876,25.105380968037295,0.6501953134849522,0.7618377925308337,1.006274475347331,0.2411503195762634,0.6492843627929688
0.24909452868089224,24.266040665672858,0.6269101332462431,0.7954430377835008,0.955939614620449,0.2616480638583501,0.6480018297831217
0.2537938288701681,24.27622224423114,0.6174339782457593,0.8099007580802992,0.9498662384264374,0.2671491578221321,0.6426673730214437
0.2562553465095884,24.046709740367117,0.6401154368725247,0.7586665244680298,0.9832235755041708,0.25525592267513275,0.6049419244130453
0.2680016675309543,22.884386204870566,0.5889735720947372,0.8246402772140531,0.8929456177118708,0.28932911654313404,0.6720485687255859
0.26777352690410733,22.821746657987756,0.584902797215119,0.7991458789918596,0.8901302941796269,0.2890715698401133,0.6571563084920248
0.2667003054636086,22.51754280785515,0.5816999159166163,0.8213082191380526,0.8583983329192172,0.3031324694554011,0.656603177388509
0.26277551121593185,22.91132821369673,0.584475824783513,0.809788971995427,0.8978941180637009,0.2872219234704971,0.6242464383443197
0.27113940988120716,22.42830195384421,0.5795022946125516,0.8477636133400136,0.8807538432990075,0.3045340925455093,0.5995190938313802
0.2671105530410955,23.542608593800583,0.6106885452768114,0.8065998253926709,0.9919203107391604,0.28048246353864664,0.6114646593729655
0.276184825645257,23.32245496341579,0.6064983960722458,0.8241231779429635,1.0407987680967168,0.2809445907672246,0.6699143250783285
0.27053042123762266,23.955298243768024,0.5934501434312648,0.8072314712821997,0.9095683864020866,0.27339633305867506,0.647844394048055
0.26779250057865406,24.20041199153596,0.5933118981167317,0.8182442092917892,0.8940879510215151,0.2610410551230113,0.6733911037445068
0.2580798562637267,24.275075053514488,0.6002872862162064,0.7999493511747593,0.9243496943986721,0.25370756040016806,0.6609195073445638
1.1514134772822924,18.170423294243815,0.44739199519054895,1.0004145043394086,1.6733928009187364,0.385753112534682,0.6597888469696045
0.5093433840702214,17.66177642836212,0.4414288107032731,0.9656715204755691,1.4419988390781047,0.39220524330933887,0.668677806854248
0.2739332739145461,18.99098047194209,0.456094988673524,0.927637129037976,1.1473373473586548,0.3746183117230733,0.6013025442759196
0.2215682471499981,20.408498955783273,0.4940193831094543,0.879934470378713,1.1145813247589755,0.35014442106088,0.6460003852844238
0.2068457637635067,22.944046008202065,0.6156684472692736,0.8626496084273622,1.9163935079771004,0.2741227323810259,0.6449426809946697
0.17893863776993799,23.4294182278034,0.648774326001873,0.8641954620550107,2.0256390817990706,0.25933978954950965,0.6679122447967529
0.13896441300790185,23.771209087513952,0.6187039290874126,0.8500429325782322,1.6857337801983814,0.26615554591019946,0.6356276671091715
0.18101733878693263,23.204322865451342,0.6857655752628314,0.8272891704192089,2.261541874963122,0.2356747364004453,0.6402597427368164
0.18430665404875812,25.16156288453261,0.7135433791905554,0.8036694323043315,2.0191190062507194,0.21388008197148636,0.6298735936482748
0.18342922899483724,25.542643946985226,0.6782255871623971,0.8044324866188366,1.7090546514172582,0.23582666863997773,0.6455468336741129
0.13713947668824403,24.765315313908385,0.6773274142916571,0.7965224499934785,1.7261264970775059,0.23662306865056357,0.6425188382466634
0.1557066192164703,24.269954476031614,0.6479277844212941,0.8035176967001934,1.7320806764596257,0.25664741297562915,0.6455268859863281
0.17464402969621817,22.279685754594592,0.6035346445092123,0.773080766074847,1.7663953891696285,0.25877871612707776,0.6482257843017578
0.20589099413823883,24.48167600803663,0.6221347775820216,0.7347958643176383,1.453319344622642,0.24860897908608112,0.6218968232472738
0.19990520059019032,24.564192548370215,0.6212788939607276,0.7420742874544923,1.4766325524553068,0.25273805856704706,0.6018070379892985
0.20315849832639898,24.41894738301112,0.6219632186603237,0.7485137499066657,1.377392323442989,0.25629119326670957,0.5911653836568197
0.2316467428280624,24.03520027794042,0.6053081831708834,0.7769857613316958,1.3779008866889164,0.2687886133790016,0.6043862501780192
0.23909166304136042,24.910496775502427,0.6435855874478738,0.7580534073354316,1.6176075728276087,0.2520096699396769,0.6504080295562744
0.2372389525115619,24.769268006589076,0.6298691584614745,0.7649884747641008,1.5279666067058812,0.24955165634552634,0.6572178999582926
0.2760362114750385,25.693258446406503,0.6688862291613145,0.7386186738741314,2.0158617689264102,0.23519978920618692,0.6699336369832357
0.3109561558359878,25.38620528427104,0.6849554897312603,0.7687501248694697,2.2910869716028572,0.23948064446449277,0.6666259765625
0.29445529527443104,24.22693230618575,0.6653034088081954,0.795770666473918,2.281407410448564,0.27200864752133685,0.621929407119751
0.24204923609798557,23.657012863475256,0.6253850816814527,0.7622174748606159,1.7920267537066632,0.2831737548112869,0.6539526780446371
0.23334010504675903,24.138455702064814,0.6247774613917989,0.7471048238172138,1.6389247264931164,0.2902330458164215,0.6458889643351237
0.22145133325259866,23.807166924445482,0.6037977552303581,0.7612360674175344,1.4047962126974387,0.2970981647570928,0.6290091673533121
0.2550814985215318,21.330385754229365,0.6039756443030962,0.7680668336472984,1.8281986571670918,0.3040569027264913,0.5928720633188883
0.23974505904739415,21.515700162968148,0.5888869015641851,0.7551534368480372,1.6508721512700986,0.30769122143586475,0.6411094665527344
0.2350148830074604,20.429916724509166,0.5687589142188103,0.7876394201666148,1.5701484539732053,0.324966291586558,0.6308262348175049
0.2296301885578422,21.2118493042457,0.586084141373721,0.7982942276258239,1.424731801679077,0.3185824006795883,0.6495097478230795
0.23064565288772135,21.114876424946008,0.5549190032263639,0.8436092513834068,1.3164984018250576,0.32862199842929835,0.6312747001647949
0.3669373863475494,18.521171384824314,0.6334572590796307,0.8162114993160877,2.212236007681281,0.28354676564534503,0.6659328937530518
0.3753426890727585,18.39779076744611,0.6325981303779281,0.8318268487393663,2.2188159899513393,0.2862127671639124,0.6463491121927896
0.34094912101913494,18.599498713961186,0.635083358019317,0.8008145894395895,2.008235560400751,0.2753523290157318,0.6657156944274902
0.2748841431493912,20.673928239693875,0.633509242503818,0.831237094863828,1.6704313386632632,0.28244275848070777,0.6695067087809243
0.22561203346919403,22.78172993314182,0.5705362903840597,0.8352407594676804,1.068457706350871,0.3006321390469869,0.663680632909139
0.2437887578898359,22.244708260638177,0.6411068548495643,0.7908823174588034,1.4125161288691404,0.2607895781596501,0.6438736120859782
0.227230660927199,22.225863739911688,0.5980714293741493,0.8255872298018635,1.2086777676204337,0.28626323739687604,0.6141844590504965
0.2248943323214093,21.500142765155562,0.5849338803804326,0.8209663923830393,1.1836296787414324,0.279250810543696,0.6570354302724203
1.7899521714069468,15.7472780912582,0.37022062735096384,1.2237109936615658,2.3484712637273053,0.43661579241355253,0.6202100912729899
0.9332121723260789,15.50153251516251,0.37408766062133125,1.0778583009654568,1.6560288189296826,0.4349872370560963,0.6458119551340739
0.7510292021546002,16.570711658102283,0.4000042135238257,1.0619959217949146,1.9470419955190221,0.4159777760505676,0.6344312826792398
1.612516735114099,16.786631692775085,0.42689286151546074,1.1315871603973544,2.842565967890458,0.4280781125028928,0.6393207708994547
0.39742178326459127,16.267049226095484,0.38825363338904123,0.9859995415556515,1.7356840859601048,0.4339379916588466,0.6357940038045248
0.7699268321160049,18.362285564261338,0.5186457229472644,1.0103218845312476,2.8395090060396178,0.36835863441228867,0.6430243651072184
0.5182235617404024,18.282247973331497,0.5139986643786486,1.01024470806606,2.7172616207177143,0.3791527996460597,0.6293977896372477
0.15965855367248624,20.440850681057075,0.49099434525941404,0.8979311838359716,1.4858947845477821,0.3643251955509186,0.6437161763509115
0.19039690916396693,21.15383926483972,0.5036000998800668,0.8874875198106983,1.2727647161420845,0.3592465966939926,0.6445737679799398
0.1843902866138932,20.33771075157387,0.5017187730767716,0.8851034929317892,1.2658041283592363,0.3538401921590169,0.6316526730855305
0.17662412509012523,20.08546941720037,0.5115566563260648,0.8961691175934492,1.6505551889504764,0.3487180670102437,0.6508715947469076
0.21323818932818703,19.625787106700457,0.4963666825841005,0.8794810755006202,1.69638550436467,0.34671245515346527,0.6442752679189047
0.2089795226116682,20.397880670571254,0.527455024889519,0.8552851064004144,1.6931144049062954,0.3326963608463605,0.6696093082427979
0.23496918916239254,18.66516427122607,0.4622831199245938,0.8445989550886616,1.6246148525104929,0.3561031421025594,0.6599798202514648
0.2361534214658393,20.226995573556422,0.5062652387120197,0.8392475041691242,1.6074024868500327,0.3276956354578336,0.6125702857971191
0.25938250734391705,18.77184590224741,0.4510567939973007,0.8480575039426754,1.566721770668461,0.359138419230779,0.6423232555389404
0.2693351074895175,19.014649727363754,0.4929865459074654,0.8567030846745652,2.013089642667148,0.3460817138353984,0.6381041208902994
0.25055879037459233,19.930991988978707,0.5228332437691107,0.8207914120990365,1.9166299307446124,0.3292015691598256,0.6630961894989014
0.2562022863068299,20.338390757446582,0.5041336894810903,0.8198933230220932,1.7872075915304737,0.33491309483846027,0.6862524350484213
0.2615277463118066,20.26346478959165,0.5182803737954101,0.7973593484679107,1.8483466818136733,0.3203008025884628,0.6419448057810465
0.2769337975408348,19.892515538534976,0.5220400118768401,0.8032670433195568,2.055148822971249,0.3202809790770213,0.650956948598226
0.29132821364090716,20.408516978696884,0.5561818542392019,0.8273140058105182,2.3569035223589485,0.31714413811763126,0.6573768456776937
0.3212355258644904,21.36972258796182,0.6033097814222292,0.8499873240608141,2.6620440480025445,0.2972240497668584,0.6388110319773356
0.3497889672069235,21.832828059386923,0.6399888951447305,0.85627039323454,2.8263184875479848,0.2712243025501569,0.6689105828603109
0.249453102996958,21.485977318487652,0.5500408155008394,0.7877118835468252,1.5932561046099352,0.32395326346158976,0.6570661862691244
0.2559206296072074,21.554647150495416,0.530571748353515,0.7689573305538024,1.3277728878813553,0.3249850422143936,0.6800374190012614
0.26853983519375163,20.498517227966214,0.5561366085326119,0.7938156652611431,1.8404607390038976,0.33154622217019397,0.6584695180257162
0.3283112461150881,19.822950440975006,0.6022482369036555,0.8151942462073357,2.4169617384860893,0.32217851281166077,0.6272539297739664
0.4032562609738473,20.06404712002885,0.6363583994276504,0.8277729732723959,2.8383345931061377,0.29326443870862323,0.6541282335917155
0.36000587903185516,20.095921617627614,0.5977808610078614,0.8348434242662442,2.391765431425061,0.3134073664744695,0.6034654776255289
0.3007258724324097,20.278199367653624,0.5994986874408131,0.8302583817986798,1.9557610001707326,0.3218450099229812,0.6250883738199869
0.2675556591926909,22.62407224900009,0.6480571724671328,0.7732856318338636,1.8428414366579051,0.2721575076381365,0.6055299441019694
0.2767961477749885,21.476386364882426,0.6419716376731447,0.8013474770555097,1.9729520361453554,0.2854208350181579,0.6468048095703125
0.25409852332606286,20.33502945731473,0.5716606581377384,0.7820879469816581,1.616684253100712,0.3209417959054311,0.6618719100952148
0.23507424363306903,20.835987497396996,0.5258739767249244,0.788799323943025,1.221948588901378,0.3394020100434621,0.6460750102996826
0.22389513131974703,20.379898067887396,0.527182598899985,0.8194095872258512,1.1942931814416085,0.3431579867998759,0.6678135395050049
0.34780169879834366,15.983719251734632,0.262654099744506,1.0577741806950038,0.8541877797528002,0.5129657735427221,0.6329371929168701
0.4644317149468604,16.317571278389718,0.2571744933577333,0.9970911511147212,0.8228884907736472,0.5033513704935709,0.6137279669443766
0.49443079116716676,15.72105556628658,0.2275429468498189,0.9968184932005326,0.7735925249829693,0.5138239065806071,0.661774476369222
0.5222922920089895,15.977228249286787,0.24030183637749272,1.003698669570512,0.9216579520797622,0.5162520110607147,0.6330966154734293
0.9078066733261627,16.606346975449473,0.2716150360366601,1.006685871984917,1.1729505142987908,0.5208770632743835,0.669904629389445
0.5782085052839127,16.494173145318992,0.27083718550838354,0.9945912560118545,1.0686625079411864,0.5274910529454548,0.6410117944081625
0.3729788677817129,17.850674213117408,0.30347093796161356,0.9697238713509204,1.0072290943189364,0.48500650624434155,0.6403040885925293
0.3662897051155536,17.616258607814025,0.280687196228305,0.9833817663204,1.105965582390687,0.5141428808371226,0.638262669245402
0.30164841442020807,18.48856264719537,0.3124590867821012,0.9798064803234521,1.0595453477648806,0.4582570244868596,0.649587074915568
0.32315684058679817,18.846792311880787,0.32769562075290837,0.9899202386557141,1.342711838887672,0.46297072370847064,0.6428858439127604
0.5950327408839143,17.750742987421688,0.3264482668325777,0.978823383742311,1.3606051890462922,0.4876774847507477,0.6395839055379232
0.21966841433345605,19.309191062156298,0.34614806926729863,0.9719633504587911,1.3787938684578498,0.45146121084690094,0.652257521947225
0.16524875415619392,20.05952702755039,0.3923040247133252,0.9192816711760367,1.201556221983685,0.43631844719250995,0.644723653793335
0.14394330815459364,19.95362521211989,0.3856324078151456,0.9304750911408558,1.1809605530576788,0.41329849263032276,0.6387633482615153
0.13918838048033608,19.588850153267575,0.3803985611542613,0.9292389168525812,1.1331240042789614,0.4362339327732722,0.6435070832570394
0.1535657650848317,19.069993470029058,0.3661087273897336,0.9307159847278129,1.1393000266102435,0.4544633130232493,0.6498229503631592
0.15530895799115718,19.075184694333156,0.3573119724983249,0.9302555685612542,1.0902765625891204,0.47510455052057904,0.6492455800374349
0.15700190975320516,19.469831521362895,0.3780892436301256,0.9241855064593926,1.1433127405037926,0.435192346572876,0.6419413089752197
0.14709124098991602,19.05802781116822,0.35832528742838693,0.9119249756336378,1.048221051948308,0.4324652502934138,0.674771229426066
0.17192140272290693,19.057926095781745,0.3774942486284854,0.9050107455220701,1.127247907660044,0.4284042914708455,0.6613382498423258
0.19133724944876462,19.05147880695996,0.36614048659466086,0.9063412367246372,1.0711707041811553,0.4555604159832001,0.6442351341247559
0.18902807457325507,20.05929974521906,0.38867727467560065,0.8927204955049904,0.9581872351696092,0.44708646337191266,0.6205399036407471
0.18779819286564195,20.239379859541362,0.4035024489462921,0.8891292564960559,0.8393097596380136,0.43822606404622394,0.6571726004282633
0.2192933607283151,20.17009002323162,0.40993622249676026,0.8797328179584136,0.8377912307553658,0.4353928466637929,0.6577298641204834
0.22617775169046495,21.09312726300737,0.44730211966233374,0.8591947923890814,0.8656741820408592,0.42440442244211835,0.6731758912404379
0.22832732366259936,20.901499305273713,0.4292577742804437,0.8742946711669896,0.9056347226042125,0.4324321299791336,0.6758473714192709
0.23936988387138794,21.62927706535893,0.47058977978718786,0.8664358338725656,1.0280549957721516,0.41627343495686847,0.6658629576365154
0.23509319568411127,21.7652517213743,0.4889857882792488,0.8622158059310984,1.0369632780403413,0.41127099593480426,0.6632855733235675
0.23806226235929162,22.699140562595957,0.5332776469591685,0.8917906572941225,1.2329122319299979,0.39344962934652966,0.6468489170074463
0.25961597073275616,22.79641935250831,0.5403311049170217,0.8968192159780872,1.3930312027114427,0.3758079558610916,0.6671151320139567
0.22444356532605458,24.23387724990754,0.5930469327196679,0.8889702263702998,1.2358259523709332,0.3535791089137395,0.6604216893513998
0.2383548415905231,24.533805147693574,0.6109459067465283,0.8615191753594394,1.2726478915846606,0.3223465581734975,0.6275420983632406
0.24444047530520704,24.738573740476127,0.611757318408501,0.8731324345458545,1.2526221905990835,0.32181002199649805,0.6586516698201498
0.2795941768594801,24.491113148911452,0.6605898604251649,0.8764765174807043,1.541189314859871,0.3080987433592478,0.6057525475819906
0.29386303791974006,24.90695612223357,0.6674992706397754,0.9232103658241521,1.6420795999145084,0.2886208444833755,0.6668512026468912
0.23542529137762588,25.539843424127394,0.6493663016664046,0.8940530075843469,1.2626074023601515,0.2984757572412491,0.6465187867482504
0.21725905981506766,23.99199188219639,0.5499932266136617,0.9121598330219647,1.0322993168560501,0.3410588651895523,0.6458447774251302
0.6659326648560197,14.247551825564656,0.24912552897202056,0.9749449619780449,0.8556481345495447,0.5587436556816101,0.6590527693430582
1.064841939785542,17.690304736048507,0.3354498404721578,0.9856187279240514,1.7534611925267807,0.4486931512753169,0.6094775994618734
0.9933822027786912,15.775592435587264,0.2619339024187006,0.9524815381959216,1.4162594226958582,0.4939547578493754,0.6434876124064127
1.8144210624933097,17.407965084880253,0.30821381200341696,0.9930383092257306,1.8853530609521896,0.4931382934252421,0.6673498153686523
1.3259071279413384,18.891857535069093,0.37884349762941305,0.9415079207948729,1.7017959784844592,0.42646998167037964,0.673677126566569
0.40658673105293786,20.098208565363297,0.4236520431328401,0.9042467992024515,1.1551699152204407,0.39436110357443493,0.6462314128875732
0.2283786233389015,21.045269235366124,0.3837782270992516,0.9152821548668667,1.0508036731675152,0.4396160840988159,0.6711069742838541
0.2134750439778108,21.350253150339142,0.4573077755934765,0.8724231360122049,0.9756981709859297,0.38389671842257184,0.6711224714914957
0.28154145656103097,21.669969609706452,0.48634452511709364,0.9034248552902738,1.6310097898743425,0.3483795126279195,0.6668312549591064
0.26612946432407986,20.62790862440394,0.4291815580829861,0.886690809357867,1.4112338253138736,0.41415704786777496,0.6495749950408936
0.22899289697204203,20.994898658696517,0.5039802785668182,0.8734061017436284,1.6067292450398962,0.3875477910041809,0.6425811449686686
0.18471906423583606,20.986379572555396,0.4804126747078576,0.8507294101871808,1.5067291838125485,0.39293073117733,0.6562348206837972
0.16302737897092848,20.312034740623222,0.422459120913083,0.8993955414866882,1.1914854129197663,0.3828447957833608,0.6526864369710287
0.15085928263835183,20.240188296664467,0.45756035868650996,0.8490088750593919,1.2085590134023725,0.37948211034138996,0.6390934785207113
0.16235480641876746,20.058530633959563,0.46605773185217797,0.8463231905679818,1.1381896628462518,0.4357014795144399,0.6441909472147623
0.17822075959027994,20.17008163246157,0.47769098116239483,0.8358482809342832,1.018291903680041,0.4029357135295868,0.6505683263142904
0.16658157897758383,20.143134821844033,0.5076881358541449,0.828932129518862,1.1092309483600131,0.4111517419417699,0.6414218743642172
0.1883030848128225,20.006504773795722,0.4632928473445359,0.8257745614972323,1.0801350285171494,0.44371765355269116,0.6664226055145264
0.17793049000568226,19.986284210242395,0.49109294651441976,0.82518742511033,1.089187683360844,0.4155237227678299,0.6237748463948568
0.19589278964444437,20.249609555666176,0.5359250701416328,0.8131592243764322,1.0831305369132112,0.3825496087471644,0.6434908707936605
0.21146867921805945,20.461942831383578,0.5086379915717952,0.8027365855342866,1.0150815410563185,0.38255361715952557,0.6560739676157633
0.2187385422829409,21.44181173500733,0.5210406519495631,0.8352641328819002,1.0145589364633587,0.3739601622025172,0.64617919921875
0.2104890998204327,21.852440723620962,0.5433661282547855,0.8113757644526439,0.8504158091744869,0.370239794254303,0.651962677637736
0.2320716613770806,21.8111684499316,0.5318853363073994,0.8352206101970037,0.8661268010760043,0.39392195145289105,0.6479494571685791
0.2193104428982525,22.027136332308498,0.5260059531507117,0.8185277135206083,0.8607762356299881,0.38410667578379315,0.6495897769927977
0.25651934022353656,21.75150454186429,0.47560052211438375,0.8477399227635551,0.8697697146867419,0.407291183869044,0.6758584181467692
0.2549283660582569,22.33278592925136,0.5483903405221906,0.8300691111301314,0.9252352901807489,0.36544698973496753,0.6235473155975341
0.28808052833540704,21.60952146571857,0.49860148224892326,0.8217919899003429,1.1639809226000601,0.36938587327798206,0.6702291170756022
0.28603649261510916,22.116399586014538,0.543267202735603,0.830553435613785,1.213637145014147,0.3754339814186096,0.6559086640675863
0.28754108069060164,23.21197537676095,0.6041325506810417,0.8207118630849256,1.2917229618885289,0.3216359118620554,0.6456252733866373
0.2635818678890726,24.65509172990384,0.6868375341832523,0.803953356957162,1.313234259225978,0.31187009811401367,0.6209346453348795
0.29719703573127204,24.294911517961406,0.6894875866962247,0.7983148127889049,1.3464670511888979,0.275761658946673,0.6527556578318278
0.28206647560689213,25.023504037094757,0.7355357345857643,0.8254645247559877,1.3170872319462623,0.2553493231534958,0.651052713394165
0.32354944785618167,24.582217613175725,0.7111802819627808,0.8690283487879394,1.5224024100658307,0.2525950521230697,0.6064457893371582
0.302034425879985,25.728293133609778,0.7290551566158449,0.8409241782588074,1.4939175720997404,0.22793137530485788,0.6747121016184489
0.25862367160993044,25.962447378302723,0.7166589654493339,0.8507841354327419,1.266105903079475,0.24433903892834982,0.673568328221639
0.24002227509393273,25.346028636934573,0.6498129646259111,0.8403088507673694,0.9616961631804873,0.2907296021779378,0.6655315558115641
0.14940222253229732,15.790281568322166,0.3079704842977378,1.1893988307711347,1.0256392142172004,0.4709351708491643,0.6564059257507324
5.98821168092707,19.386182833051176,0.4798031641317427,1.3691525004897453,5.641749423157992,0.37753279382983845,0.6664623419443766
4.358642592577822,21.5144955622829,0.49629371931253746,0.984389908520788,2.0871736457734937,0.3204646607240041,0.6459647019704183
2.653336656927058,21.49533853299954,0.4887528518013782,0.8951238639244141,1.5402614549700904,0.3140210534135501,0.6841564973195394
1.335656093229038,20.344903271248388,0.47069400979457693,0.8731586763561143,1.1726779658750008,0.35331376393636066,0.6573728720347086
1.071171287709048,21.28070483987671,0.5104062877241439,0.8376998232697273,1.234337741302529,0.3221285690863927,0.6367400487263998
0.7753694644230449,21.858629409021756,0.5350013596921388,0.8521651182267226,1.1469144378573535,0.322427953282992,0.6857403914133707
0.3152808543562153,22.34524404453632,0.5636410259729855,0.8169232221676893,1.0825796332308697,0.30258154869079584,0.6434126694997152
0.4780008455462506,23.025424931236802,0.5947470778039367,0.8044827197965799,1.3130665238805423,0.2781444763143857,0.6710418065388998
0.5352651490237331,24.009674715755086,0.6131397948163585,0.811453105729548,1.3805077896597926,0.26600752025842667,0.6606000264485677
0.7889442265391833,22.726920186530048,0.6154648689344389,0.8184843537542038,1.7085036808374439,0.2662532577912013,0.6551128228505453
0.42362730487279304,22.891588056506578,0.623849225968646,0.8361278330862794,1.5901601330635085,0.2687969555457433,0.6644023259480795
0.3548845064890045,22.75286072221519,0.6480843258007584,0.8382732074364855,1.6980836784982987,0.27351810534795123,0.6440684000651041
0.2979946396597655,21.98354694621429,0.6651878773021492,0.8015773219656087,1.7841459670194268,0.26857785135507584,0.6565798123677572
0.23806554762017088,21.6761269035166,0.6953264267441784,0.7773934812334012,1.7600431520677853,0.26872676114241284,0.636519988377889
0.20858152310281122,21.31449950023227,0.6874768217463316,0.784622147035671,1.624917293197081,0.28002534806728363,0.6769598325093588
0.18160074399317608,21.430885128710084,0.6656188683423668,0.801595350986176,1.3825049613718072,0.29504228631655377,0.6503388086954752
0.22588107783622124,20.56391490918489,0.6855418946147712,0.785127962910556,1.652847957574589,0.29023815443118406,0.6396310329437256
0.20798258363416747,21.145835965633637,0.6855869953902404,0.7978729688948718,1.4820858816811795,0.2964547822872798,0.6344777743021647
0.27958356388187516,20.06221798685976,0.6944570125435024,0.801039498942434,1.7941140096271804,0.2895189026991526,0.6520880063374838
0.24055347042473604,21.0395861649918,0.6850822451948471,0.7762393146987036,1.5102780813969219,0.2885400801897049,0.6503077348073324
0.3123732360051938,20.490754339745955,0.7266404742935267,0.7793773715738724,1.80812058292493,0.2792761251330375,0.6382615566253662
0.26250796471767107,21.46045052806822,0.7056839859809098,0.7569562762529864,1.4637065935112357,0.27438761045535404,0.6387826601664225
0.27994623761258475,21.430837815338034,0.6878515474791617,0.8127129268111494,1.457504421909008,0.2841615055998166,0.6386322975158691
0.30396746745743275,22.259726000455533,0.71280589421037,0.7918705194718759,1.5208251579648426,0.27410610516866046,0.664527416229248
0.2604175538751025,24.026388833784036,0.7061946881727522,0.7868492370613652,1.1727510964524621,0.278826172153155,0.6523404121398926
0.31644861784828127,21.781371065640855,0.7131483243651365,0.7850742875555864,1.491934693231534,0.2831460287173589,0.6214346090952555
0.28090612364336914,22.732567808950435,0.6739378108694959,0.8224968086204268,1.204101650334817,0.2985080083211263,0.6418100198109945
0.2848660413821716,22.52254885177746,0.6494909515429871,0.8225805186379627,1.155774228752436,0.3102661569913228,0.6477383772532145
0.2716602221615531,23.16162367032652,0.6494572552876965,0.800753620713175,1.0630608948233993,0.288458655277888,0.6490849653879801
0.2870933851152513,23.36806651230792,0.6466921357753947,0.8286753815081175,1.1457073154023594,0.29457455873489374,0.6549412409464518
0.275974792922734,23.796633884460277,0.6531024094984398,0.7782683538158471,1.1170517045868966,0.27434589962164563,0.6278824011484782
0.2807004365642829,23.36586997794134,0.641683377233961,0.8137733063942697,1.1354169696103005,0.277803177634875,0.6640917460123698
0.2660128862894782,25.07226918427663,0.6690255729781504,0.8165122922610065,1.106305661499702,0.253257155418396,0.6526540915171305
0.2536525481514119,25.908411972609354,0.6497491443881257,0.8283923427115888,0.9563899507745233,0.25016685823599494,0.6630289554595947
0.25263274564336957,24.939935898388544,0.6500120366997008,0.8156352427730594,1.0579001347186616,0.24411162734031677,0.6431806882222494
0.24928925212237865,24.16951914662499,0.6058171272424229,0.8251851792064574,0.9265653360251447,0.2505212326844533,0.6515998840332031
0.2538242147387687,23.61662195732137,0.5800122169292291,0.8133514297826018,0.7901529525097376,0.24190570414066312,0.6408271789550781
0.2468286510519192,24.04827692732367,0.5897830193860779,0.8346765940532838,0.839197645126811,0.23241343597571054,0.643974224726359
0.23055982314399293,24.59223239034863,0.6149079749491891,0.7862361930104589,0.884045994466789,0.20216812193393704,0.6525962352752686
0.20772711609111907,24.486922079442408,0.6282953615016041,0.8160250767619449,1.0857935920037176,0.1901727865139643,0.6312509377797445
0.2853992526351701,24.249926706871307,0.6721515226730501,0.8204307261770024,1.2435549060758977,0.18608702470858887,0.6677842934926351
0.26374728511933215,13.917545396660627,0.30848124871314914,1.1152517576027907,0.9994252612744162,0.4655521959066391,0.6478750705718994
9.547678566391395,19.007308463918115,0.4564400886031426,1.3185802958034005,5.85916565872292,0.3853589942057927,0.6417572498321533
7.823466520418582,21.13063953599608,0.5028344442173904,1.047285678108551,3.019245074609058,0.3270306140184402,0.613889217376709
1.969594458642618,21.33088933011138,0.4778513844389807,0.9632930010874637,1.3787802569551266,0.32555174827575684,0.6778427759806315
1.1162849468654341,22.176018358732193,0.5540883395656007,0.8946164234423559,1.6865736863947618,0.28130397945642466,0.6563827196756998
0.5624802421810696,22.67956427786889,0.5726947938690256,0.8537213461378776,1.508411931414724,0.27145062635342276,0.6030641396840414
0.653676649261532,22.968753532933885,0.5376403044723256,0.8429414797662051,1.231068421173763,0.29390882203976315,0.6625158786773682
0.573730111251476,21.86872358354923,0.5531091912301102,0.8467537422580279,1.5284091538709357,0.30045123895009357,0.6430378754933676
0.8126569733789267,20.980620658365066,0.652265573273306,0.8565410720082335,2.825202146693154,0.24827960381905234,0.6155785719553629
0.353765003946581,22.54021670773022,0.6536567590613549,0.804857931336476,2.0386815635568367,0.2656045729915301,0.6724656422932943
0.41957130222832767,24.910354445187426,0.6346877711256426,0.8018657165296835,1.467126468150176,0.26036956409613293,0.6640158494313558
0.34627274913586437,25.10462315760655,0.6222422731708389,0.8015948913250739,1.1164037834804579,0.26081336537996924,0.6437499523162842
0.2244439127873168,24.70981601708633,0.6652636606095705,0.7943009528281247,1.5073838158817654,0.2702879880865415,0.6529671351114908
0.24680046000748201,21.76461868858303,0.6857020633212797,0.804545270661294,2.2149492622944904,0.2878919690847397,0.6683030128479004
0.16482547622244625,23.537552492648373,0.685941719970999,0.7614449774549463,1.670096731216779,0.2850056191285451,0.6527814865112305
0.16394042316873994,24.538124530356928,0.6913843740094535,0.7975659019001026,1.5301953022723174,0.28491128981113434,0.6326521237691244
0.17305750256566022,23.034968709793304,0.6205674638317629,0.77169192960238,1.0333743643202757,0.30981722474098206,0.6833322842915853
0.17273556454247993,23.92788057792356,0.6504196321955958,0.7829505200291296,1.0932059742453826,0.2952412317196528,0.6383077303568522
0.18204451504945965,24.23054220085112,0.6556553909106001,0.7464974144287005,1.2088774451651827,0.2927124450604121,0.6568915843963624
0.20097963088621826,23.393166386620532,0.6275575872265043,0.7961358237793807,1.2817284875471506,0.30729617675145465,0.6466515858968099
0.23177885296366885,23.039313519580215,0.6716341373137432,0.7541570691495716,1.6038429744359053,0.27172253529230755,0.6413716475168864
0.31775506890862587,22.627453676704732,0.7056639513776329,0.7815393340066477,2.133157111631849,0.256814032793045,0.6557772159576416
0.2974092350866257,22.40733090551292,0.674343538202368,0.7879020683181558,1.9590595586009767,0.2650457421938578,0.6694892247517904
0.5475008529938593,22.117498642957603,0.7444751743644401,0.8418304514986331,3.2199342424443227,0.24454420308272043,0.6632463932037354
0.28451596235723536,23.945207173210843,0.7072414524573158,0.7663986628928804,1.910079147989028,0.25032045692205424,0.6457726955413818
0.39557864912430674,20.452591881776563,0.6784882203913863,0.8192600754856766,2.4402944995471487,0.2960089345773061,0.6387108961741129
0.39703656780615315,21.079277487200212,0.6940536339888128,0.7823868094146308,2.4127383757198966,0.2722451264659564,0.6494786739349365
0.5109621024253574,21.429313702359153,0.7165433385653622,0.8120570171746785,2.964505612602657,0.2703044489026069,0.6059017181396484
0.44405799505379867,21.285034272811288,0.6909387407557981,0.8022912606254881,2.704012324755995,0.28269413610299426,0.6569477717081704
0.4305450973899679,21.462912971749745,0.6880604134730689,0.8039345189240553,2.6823556247696825,0.28882699211438495,0.622770627339681
0.6237201092760642,21.246756624716294,0.6952605960455439,0.81900461250417,3.3153363998016894,0.2668831000725428,0.6703222592671713
0.4316303765389408,20.75872439913462,0.6612289473953461,0.7961802321541881,2.510435670908558,0.2959982057412465,0.6760580539703369
0.31893871030132726,20.908411425490396,0.6374255750544684,0.8007755094178982,1.9813061087158799,0.3210047682126363,0.637937068939209
0.2385396380920204,22.23085847033889,0.6332126909268303,0.7546537576833586,1.531876084697246,0.30925201376279193,0.6431801319122314
0.25347269877732814,22.290606713531123,0.6323500837329209,0.8144304362561011,1.6442060865849815,0.3257090200980504,0.6286217371622721
0.24336780876688324,23.81695462785612,0.6630863094051739,0.810491942895315,1.641480290457256,0.2980646193027496,0.6230622927347819
0.31406930003952815,21.66272640979,0.6751316749072579,0.8090887896891866,2.014407151848211,0.2882633606592814,0.6376545429229736
0.2840919474189916,21.89035240436506,0.6534006432007529,0.8093651611403289,1.7659308018093887,0.2836235016584396,0.6552562713623047
0.41230565295980587,19.829060486979028,0.6770759860758635,0.7963275810691192,2.3956284039139333,0.27485665182272595,0.6804104646046957
0.7367155455651031,18.87131646890909,0.6986355049933825,0.8708724146908896,3.477167833735255,0.28296441833178204,0.6487292448679606
1.0404705408014883,15.267617707146107,0.3619357235673882,1.0279576152341938,1.7341064205697723,0.4292171175281207,0.6590651671091715
0.6985121065170935,17.47522166969483,0.41422919039813766,0.8915264925891524,1.2340644139965586,0.39346688489119214,0.6599353949228923
0.8199375452930552,19.745337418711088,0.5140624699109047,0.9008028601931746,1.8939449456631632,0.3400433038671811,0.6310122013092041
0.88184122034952,20.355151912382073,0.5119490714929243,0.9200242963605497,1.7778081698350616,0.34244373937447864,0.6421801249186198
0.9921050336325318,21.975627765996336,0.5504442879362615,0.936806377954956,1.8161265609354185,0.3094982355833053,0.6493853727976481
0.7088856873560694,23.81645214698585,0.5872793355460815,0.9067890125222545,1.4999674996462937,0.2751365154981613,0.6469746430714926
0.254367030575585,25.332103166324625,0.6507601334366994,0.8590497977489008,1.16693855524914,0.258581501742204,0.6349494457244873
0.1951828665916482,26.476324286601265,0.6955387324377137,0.842140663241933,1.3397583548416503,0.22965523103872934,0.625589927037557
0.17501041184160096,26.55803094951749,0.7087818797254283,0.803057791985195,1.1913365809253207,0.23419549316167831,0.6285491784413656
0.18799020787615414,26.196783245282855,0.7023137092898345,0.8027895430732296,1.1357092456736733,0.24019178996483478,0.5918785730997721
0.19681645516262025,26.90085411835732,0.7172852124679882,0.8084921713555042,1.2098510773957871,0.23091536760330197,0.645676851272583
0.20573080424903753,26.994410214025105,0.7251878295712015,0.8084061409750936,1.3818155026869505,0.23159039020538327,0.63810928662618
0.21178150231906778,26.081572208592235,0.684529892726332,0.7961207706483894,1.2515876111260213,0.25417382270097727,0.6164459387461344
0.22280010754550608,25.0092464217275,0.6460873723784685,0.7848950791850361,1.3227901125241637,0.2624966204166412,0.6627225875854492
0.2594573452441346,22.666383289616977,0.6416508620108883,0.7943444029662751,2.00291551689358,0.27752561867237086,0.64788818359375
0.3651921146608073,23.8520123441541,0.727218524676438,0.8264313207777736,2.8438996152458613,0.2263475805521011,0.6443603038787842
0.5750826217222932,20.953060615601093,0.7063903696828026,0.8696707575769785,3.888979753446,0.2567559108138084,0.6655913988749186
0.4086923360468903,21.505388330688664,0.6708426343640607,0.8439364173425435,2.995832910295814,0.26815853267908096,0.6703413327534994
0.2711898848389526,22.959325960356967,0.6544853693283025,0.7364255714150767,1.9897663898524083,0.25881274541219074,0.6493028799692789
0.2582619350201675,22.018494528376863,0.5887391959392934,0.7673231308374744,1.768826976487312,0.2970414459705352,0.6468299229939779
0.2781507810330146,21.94630536432858,0.6101953903155785,0.7814781270329338,2.0877726545774875,0.29204584161440533,0.6903572877248129
0.3467110049416367,21.294097204407425,0.6299289045883097,0.7811070637217895,2.5794036495026913,0.277750181655089,0.6646300156911215
0.5045366022771564,21.049074189518695,0.6448780514525617,0.8234269777772596,3.3096817617923975,0.26026624441146845,0.6374265352884928
0.33177424282775947,21.714639042826303,0.5961133477753762,0.7745375437258097,2.175809784495471,0.28407063086827594,0.6713923613230387
0.2917698372449908,22.526090805813507,0.609423167648233,0.783840837970641,1.9504025055622094,0.27888459712266916,0.6723224322001139
0.4102547326978631,21.59679615034359,0.6188490550887504,0.8082953282934636,2.62816463029109,0.2936653941869735,0.6739590167999268
0.3391074717234248,21.443006567969093,0.6096375279226606,0.8023464275491552,2.380611287427319,0.31156894564628596,0.6439841588338217
0.32056490633885076,21.794465464596488,0.6175169430798412,0.818700179146445,2.436293207937013,0.3113163808981578,0.6735620498657227
0.26576026356808957,21.748162718850654,0.5992450153387875,0.7591556812660188,1.937970155404572,0.30426070590813953,0.6589221159617106
0.2621925951161929,21.51819400103182,0.5797809550816061,0.790817123428794,1.8803986127649555,0.32391215860843653,0.6386446158091227
0.2790417074631378,20.41540973747963,0.58773722485873,0.775092898381787,2.121940221170532,0.31174977123737335,0.6522196133931478
0.22796488820120844,22.891008887904277,0.5755804958624459,0.7825414541595928,1.4415659522556536,0.31339531640211743,0.6464511553446451
0.23155151707844288,22.834599586863444,0.5743643109273461,0.8027637219779828,1.453732449853723,0.3116714904705683,0.648913065592448
0.24509557409663704,23.712440621526,0.6216996388103176,0.8227988452053929,1.7100912958491408,0.28803537289301556,0.6536757946014404
5.224262722570443,19.501368516280262,0.4634731578052938,1.28062792589011,3.6581578250195954,0.36187702665726346,0.6625014146169026
2.5249478760712174,20.861623573603136,0.5318870205716487,1.0780327751542593,2.372727034042047,0.29791472479701037,0.6675645510355631
2.266575678554444,20.37654545168486,0.5100329451294877,1.0243188371152894,2.3147514209252,0.31186424568295473,0.6656837463378906
1.4676787176818877,19.91394725401821,0.5480413629106767,0.9155051926985801,2.0470194460614675,0.3140370522936185,0.6590561866760254
0.9494936361288149,20.62936841043012,0.5412017875941552,0.9073230852474271,1.777730049617027,0.3057856038212776,0.660942554473877
1.1259690548619465,21.076544798258666,0.5490548150167291,0.9305770172457821,1.877259842202205,0.3174433435002963,0.646536111831665
0.869912909627072,21.72483575378699,0.5445270333111024,0.8922451322160964,1.6512990410212414,0.3111925969521204,0.6346476078033446
0.5921105504226944,21.882292540302643,0.5396695668166013,0.8911601432314947,1.6682282382928537,0.3188507109880447,0.6486790974934896
0.6446478278287927,23.11826540263064,0.6126037791832825,0.8543348818981779,2.071404304326913,0.27929417292277015,0.6441898345947266
0.33580418393181904,23.13426564468146,0.6316509208207736,0.8175980583636809,1.7983879755140038,0.27727382878462475,0.6451632181803385
0.2605681349121468,24.9892143339188,0.6397833282304829,0.8404249955027109,1.4547047887962268,0.2631109803915023,0.6680456797281901
0.1330656154907621,25.8244946320893,0.6749563915510532,0.811406611068044,1.195361330744775,0.24801715215047201,0.6412505308787028
0.11023562923691532,26.547040513533545,0.6856879977287189,0.7878469728200815,0.9281964109986935,0.21830207109451286,0.6661093235015869
0.13854972049836237,26.080519389455105,0.6556519379734682,0.8155904944560799,0.8745860456621731,0.21878559887409207,0.6483332316080729
0.16049359132595473,25.59951133976878,0.6265755352879031,0.8211105468830278,0.8717906386939501,0.23557545244693753,0.6661001841227213
0.16924961742936942,25.776780008413354,0.6479001976064187,0.7876483276379211,0.9759169567228242,0.24004987378915152,0.6317922274271647
0.17978861000331348,25.713233465321593,0.6481735397246147,0.8149897554857546,1.0687194481581512,0.25638442734877265,0.6392405827840167
0.18576575416100324,25.985422543578693,0.6569194714100012,0.7791936560895701,1.170400919175808,0.25009959439436596,0.6402924855550131
0.19314250694012838,24.81631466390492,0.6101879242374333,0.8274362292531569,1.0412840003363035,0.27399591604868573,0.659720261891683
0.19518467123384362,24.270790455541547,0.5978800692377914,0.7953431771111091,0.9024599293502537,0.2700380062063535,0.6575469970703125
0.20113432514848154,24.269699011215817,0.5801595039419757,0.8051573254556766,0.8600967882692433,0.2766606360673904,0.651995817820231
0.20435604061970866,25.920809871009116,0.6412240320931256,0.7874840663825907,1.3806797811622946,0.24613596250613526,0.6412760416666666
0.1965857228627311,24.963885963878713,0.6055180675650427,0.788480817375163,1.1445752415051762,0.27478523055712384,0.6565133730570475
0.2135071998922308,24.69671656759036,0.6421959264766703,0.7768721214022637,1.6117531505423202,0.2737957686185837,0.6655071576436361
0.2943319212572355,22.689388728915258,0.6709935207777552,0.7930507501718941,2.1674560825787696,0.2699619457125664,0.6623342831929525
0.30349212659727504,21.430377796506516,0.642002116631145,0.8022053185055783,2.251767636874464,0.29810822010040283,0.6741019090016683
0.34306942845257216,20.855205753170374,0.6629787376187196,0.7630080918021794,2.528703713395139,0.29458682735761005,0.6532260576883951
0.2614470020635858,21.528812181443953,0.608874887917073,0.810626390992702,1.9707719191325357,0.32625777026017505,0.6400612990061442
0.20815609027983603,24.425846083693173,0.5955141217717596,0.7647360026430171,1.2230331970888648,0.3087140321731567,0.6500751177469889
0.2851999963902027,20.946947343345368,0.6203375951888129,0.7842455549736975,1.9613534649012843,0.3355417549610138,0.6081144014994303
0.33050505621780274,19.786989971507225,0.6174760877257207,0.7956585535781716,2.1033009631174964,0.33405331273873645,0.6459843317667643
0.5926711112385797,18.33301009770462,0.6301078899973668,0.846047881799408,2.9976695271182123,0.31957665085792536,0.6369129021962484
0.3105056675427089,20.369636567910412,0.6164451724934443,0.798955869693868,1.842186037551774,0.33119483788808185,0.6741179625193278
0.2543667351290184,21.619142183506394,0.6156685573114941,0.7828123784889138,1.6117894839325746,0.33969875673453015,0.6550900141398112
0.3127273454001523,19.00716228774522,0.596626557254338,0.7821113254609781,1.774024351437406,0.3371037592490514,0.6547083854675293
0.5105237050231008,17.5689221058688,0.6153928612298444,0.8293930070310557,2.688930414266515,0.3412821392218272,0.6204454104105631
0.3164235649177878,19.257692809130933,0.6106333858949858,0.7972217679115076,1.9238795269226772,0.33242324491341907,0.6142799059549967
0.3812059425346384,18.28969231421678,0.6155717976138357,0.8164491044738355,2.2015681889186873,0.3357984920342763,0.6591545740763346
0.5666134587642516,16.855868372124718,0.6245093647704457,0.8225315857756405,2.8168160838141616,0.321527436375618,0.6656138896942138
0.36000551159856187,19.922773027744793,0.6529906573581385,0.8200392698768848,2.081055197108026,0.2950888474782308,0.6726101239522299
2.203924297790429,17.2599946394856,0.49097047572156133,0.9765437943968681,2.71874036249041,0.40424008419116336,0.6800681749979655
2.575164760700481,18.31396067863682,0.4947240664784016,0.9469184273630438,2.496241502363913,0.4017838612198829,0.6643678347269695
0.5183577771610217,20.801599938562834,0.5272064173981753,0.8495826297113235,1.3656128440175401,0.3489655579129855,0.6549352804819742
0.40897214958941297,21.576093255658567,0.5645687391417525,0.8542073265241452,1.6233907320054453,0.3346361195047696,0.6346556345621744
0.22887213181887076,21.909773641267776,0.6206888165230633,0.8292890352712193,2.0944923571470713,0.3049842516581217,0.6526098251342773
0.30897387445569524,21.24280742498844,0.6762607381782626,0.8791002126843468,3.1024140168064345,0.29581870138645167,0.6762178738911947
0.27055219689216975,20.66367784953888,0.6365010094301184,0.8717846330094282,2.600154599616232,0.31409804522991175,0.6726630528767904
0.20124108224674306,22.528493613047242,0.6172754935183208,0.7666921327508525,1.4028231745194664,0.30631286402543384,0.6760096549987793
0.23144691729028233,21.560643373796708,0.5685837836331138,0.7957162219870452,1.2950825251446971,0.3297868271668752,0.6332308451334635
0.27336521602128055,23.383952711842735,0.6887551910102127,0.8093572555204392,2.190820490193174,0.27975303928057355,0.648558775583903
0.40700393306529176,23.854454977732292,0.7459312710679846,0.8066154955982142,3.158958761608625,0.24755793313185373,0.6618123054504395
0.5931397549649062,23.764106429431028,0.7759934921965241,0.8698612950993679,4.155978523050883,0.23757190008958176,0.6725485324859619
0.49303558258744024,23.101305402965142,0.7452643907644448,0.8211420020099193,3.5004143114844943,0.25595572590827936,0.6574010848999022
0.43457551550917467,22.57021042263388,0.7085660450266967,0.8172387591945066,3.211239147720535,0.282899667819341,0.6537896792093912
0.29106002457955427,22.229508257551306,0.6472983566152803,0.763303272161234,2.2227363931904445,0.30775027225414914,0.6799148718516032
0.7388849017232543,22.69255863403352,0.7540266321156519,0.8118170753667419,4.741257364209468,0.23925412197907758,0.6654513676961263
0.660045181719077,20.138260654518376,0.6749696405815425,0.8599298602592215,4.044220435742762,0.28934534390767414,0.6403391361236571
0.5408969549538137,20.869516509213113,0.6693467812456478,0.8229730022775957,3.454518335763702,0.2788325448830922,0.6952265103658041
0.5325831086933448,21.000265053288093,0.6674581378320726,0.8015235801874946,3.417103234449513,0.2790286540985107,0.6534020900726318
0.6179594435989019,20.692988330414607,0.692490426432203,0.8170105473254937,3.902820902310753,0.2808549876014391,0.6508727868398031
0.6394103234897551,20.41143445033781,0.6899080718624419,0.8114608248862266,3.970893128969069,0.2842438568671544,0.6681550343831381
0.7358791954531734,19.856035208926432,0.6867124604097713,0.8254343911091325,4.402051456506915,0.28666484355926514,0.6594007015228271
0.6917162477862074,20.44247061736772,0.6913046827716697,0.8019095911183035,4.018851695408665,0.29584674537181854,0.6635564963022867
0.6245906422282442,22.06182883408897,0.7311964580273438,0.7689594987380571,3.751671132527802,0.26510946700970334,0.655256191889445
0.6118404320364071,21.784489063569623,0.7313291751232853,0.8045724340180561,3.724390275739234,0.2848274310429891,0.6596465905507405
0.4681899210394754,21.250343637182098,0.6966930661355448,0.7771123741052245,2.9445898182953765,0.3009878247976303,0.6863587697347006
0.5315350661958663,21.025625017131734,0.7068692382227475,0.7961111175388581,3.265771667089022,0.2871146500110626,0.659915049870809
0.4183729719625742,21.782254935308533,0.6983414140261418,0.8069372137759868,2.8239427958575827,0.2984005163113276,0.6500882307688395
0.3106702271829918,23.299342455565164,0.6774217906476712,0.7970996427982621,2.284670966293154,0.2976348996162414,0.6419909795125325
0.3091709756607773,22.667380214246307,0.6912229042730215,0.7954963490208842,2.2149534437699567,0.29554957648118335,0.6631081104278564
0.119728103392907,16.32961970295978,0.2967060301266619,1.2257897985652628,0.9867082993680333,0.4756768097480138,0.6618936061859131
0.5884883245951701,14.808241735070956,0.35131444985694804,1.1150244679442358,1.4410820171167797,0.4246551940838496,0.6919739246368408
0.3672585136554544,20.02939992093343,0.4863995863043256,0.9639954253650594,1.3501082581014137,0.32315253714720404,0.6689218680063883
0.2659815775121285,22.87901225027566,0.5585192040868522,0.8916565591396228,1.186512962233684,0.28073763598998386,0.6450033187866211
0.27170390769608743,23.072712483884462,0.62460635305788,0.8355105814028775,1.6029185230656218,0.25710348039865494,0.6820799509684244
0.4159087556405395,22.572635083087917,0.6194145542536211,0.8364316484784388,1.870355412244674,0.24906385193268454,0.6546403566996256
0.23799024493051849,22.299385349728865,0.5629082168833343,0.8139938691074814,1.1111008493062506,0.29246344168980914,0.6482812563578287
0.24320264815005807,21.683024870905573,0.5489562073087954,0.8255124941425888,0.902588901614397,0.3072846258680026,0.6576606432596842
0.22226825651918358,22.482078992025368,0.5801843803120766,0.8377661674946021,1.2072238134591806,0.2891845951477686,0.6695801417032877
0.1683263269843918,24.726331552929462,0.6689851260316159,0.8114488560445646,1.1579582707085148,0.23162642369667683,0.6841685771942139
0.1573160608547267,25.536679740724917,0.6838540486969739,0.8039272512287657,0.8751421303451004,0.21081199248631796,0.6735870838165283
0.16370529926739727,24.96700593363263,0.696590342989349,0.7790266619971459,0.9364083438537708,0.203359454870224,0.6649180253346761
0.19300252867685272,24.726738228181066,0.6990165070993434,0.7781082367235852,0.8512906431005872,0.20850630601247147,0.6584955851236979
0.21616452824277851,24.037118098922473,0.6638671446818454,0.8330365742341073,0.7979989928853769,0.22902826468149814,0.6544315814971925
0.20612036379535661,24.654563009699952,0.6911506686032259,0.8134203125530854,0.8210909877113267,0.21596305569012952,0.6503411134084066
0.2063595121601061,24.55635875149312,0.6678016660441773,0.8034495927912962,0.8491662566844339,0.22180304427941633,0.6561095714569092
0.205659760650459,25.112748905891724,0.693965723212942,0.8141606823659776,0.9137949071306831,0.22490199903647098,0.6666808128356934
0.2132915623163061,24.65363233880855,0.6620532475080364,0.8078647801230515,0.9228321968845586,0.24294673899809519,0.6579733689626057
0.21150923462648533,24.73132206462876,0.6770066284771028,0.8032541789442863,1.0178432382510838,0.24945189555486044,0.662756601969401
0.2150482137414826,24.158533193823278,0.6606362192775647,0.7650585874243677,1.2660644104927432,0.25656259556611377,0.6443448066711426
0.214589219058638,24.780544525907363,0.676939151008185,0.7630556955371776,1.1279292841715032,0.25359563529491425,0.6785768667856852
0.22434692056303318,24.995058702087963,0.6828438788317989,0.7606853027237324,1.2909038436247042,0.2609563072522481,0.6787246863047282
0.2289798052718932,23.99998867636775,0.6899603535031482,0.7402232047195753,1.4406484928149697,0.26295934617519373,0.664930502573649
0.22356962158959368,23.79917083732289,0.6583441151270061,0.763917735563085,1.2868975395320614,0.27576202154159546,0.6794072786966959
0.26591738923441427,23.500308652444417,0.7035900483338816,0.7773024114734651,1.7582903541427573,0.256797507405281,0.6685449282328287
0.47630728214261625,20.075716169462478,0.7143001896709693,0.7976794777060077,2.8266225083478957,0.2554873476425807,0.6717931429545084
0.33631946054210365,20.473830244571417,0.6819790799446285,0.7651795446275574,2.118766883128481,0.27323689311742777,0.675239642461141
0.3671070312818836,21.067910575728494,0.7126504206388234,0.7602624267906136,2.287700237764644,0.2620268762111664,0.6540758609771729
0.32070688766687666,21.165915913504204,0.6942549402130348,0.7513647169664438,1.9754273265547164,0.2703857695062955,0.6376398404439291
0.2677435701384278,22.289932943985704,0.6796016881567177,0.7689991478811352,1.6727070842332064,0.28181331853071845,0.6572012901306152
0.2510088292057693,22.741780412000907,0.6766916287740821,0.7594101989176568,1.5387085713855206,0.27930357058842975,0.6556490262349447
0.22310167558623564,22.891860882457014,0.6311830349925925,0.7706174299842893,1.2488560323643525,0.2982023358345031,0.6654499371846517
0.2122820085823787,23.163464725218486,0.6046193809490323,0.7845278046892231,1.0336350824429503,0.3141262133916219,0.6609208583831787
0.2117000248387996,22.435403170510863,0.5776708308074358,0.8118760231192077,0.9732612409515795,0.3180381307999293,0.6497934659322103
0.21839538775528156,20.10480077032538,0.5467008425509174,0.8208339598771771,1.158636181222524,0.35605233907699585,0.6638890902201334
0.24295239026588608,18.346110505461088,0.5615131444051106,0.8133826685040882,1.4401634175314522,0.35156852503617597,0.6515318552652994
0.24203968575112922,18.810165510744174,0.5566413528083491,0.8240372698830543,1.4306778376580933,0.3404279351234436,0.6342801253000895
0.22292430677318106,20.2010727144765,0.5857500852514633,0.808038117451945,1.3384825026584384,0.32417042553424835,0.6733516057332357
0.23080894473758937,19.84157152826196,0.597096430192093,0.7779421150425373,1.3399214884636939,0.30067772169907886,0.6751518249511719
0.23571639311912004,20.36896412778567,0.6196402523529284,0.7878340601352378,1.3774780528777164,0.2845517694950104,0.655965248743693
0.25843068319293666,20.18509729124831,0.6463545276859471,0.8024953725187234,1.5433922241962643,0.2591425130764643,0.6633556683858236
0.22389973525057497,21.46142529270514,0.6289816962399395,0.8070954806062202,1.315438730282685,0.2499265025059382,0.6207447052001953
0.16861736346022202,15.742957501211995,0.3196826399650684,1.1768400224999596,1.0419990421489267,0.46313128372033435,0.6570519606272379
10.415598524651736,21.63526512218074,0.48489916048534537,1.3528305675584384,4.855834767735385,0.332637329896291,0.6484917799631754
8.967500874025205,24.302202050762123,0.49026761332458024,1.152624947804313,2.3737879440770606,0.2618018326659997,0.6528692245483397
8.690963996240814,23.673505435496974,0.49124602934592915,1.0270257631317947,2.1322034014485154,0.2760749633113543,0.6711755593617758
1.5188806260058625,26.293230744636876,0.5529804892304279,0.8364736256852995,1.2642654445501482,0.18164469550053275,0.6631491184234619
0.5320069963948116,27.01368306351095,0.5756725053692402,0.776266991691351,1.0391546517688621,0.15654313191771504,0.6594975789388019
0.26377152686872557,26.958953236585828,0.6049188787171605,0.7853450238944145,0.9296606146892888,0.14872805277506507,0.6602689425150553
0.23561621743124905,26.231020875276286,0.6226293245396332,0.7891256582125296,1.088833308782578,0.15154343222578362,0.6488717397054037
0.25997644820179683,26.017706723205222,0.628134060164081,0.7927107572917258,1.2230298127096058,0.1555542449156443,0.6693130334218343
0.27175883881917573,25.05014189360494,0.6698190371170506,0.7895433088860573,1.4486680563341,0.15369034061829243,0.6856812636057535
0.21434237492308603,25.24097465945604,0.6700503083908035,0.811395013403371,1.28477560513218,0.17575659106175104,0.648251454035441
0.20735399917954425,24.605500377905187,0.6952141684235137,0.7883343738255456,1.3583494487884966,0.18715463081995642,0.651232639948527
0.2216029097276648,23.422052599187207,0.6681927518671761,0.8315159160218224,1.3823407706922095,0.21530454109112418,0.6630650361378988
0.24058724479162352,21.92382703420701,0.700617961896337,0.8075584127485236,1.5158838376142112,0.21741473674774167,0.6997427145640055
0.2009921052675847,22.66832054049819,0.7196560398243307,0.8030747700732613,1.284812541255125,0.21983643372853592,0.6623472372690836
0.19539344818454588,21.959905208206596,0.7250881805915427,0.8221302797990399,1.2613418426414322,0.2412902365128199,0.6693289279937744
0.17726005648069776,22.554356902145145,0.7180797275658541,0.8001647445019727,1.141311465184862,0.25083234161138535,0.6708894570668539
0.27412397769084923,20.003714882960896,0.7378747243417733,0.8040412394718156,1.6612732183625933,0.25232203056414915,0.6849964459737142
0.1823590598561057,21.94495456262287,0.7097755074866577,0.8056083298516349,1.1366549373418158,0.2714417626460393,0.6602895259857178
0.22566117032156974,20.57066191534158,0.7205624006497587,0.7915848177286872,1.4081508698085516,0.26339417199293774,0.6505429744720459
0.2059440885476436,21.8422517380143,0.7122962195668553,0.792021849166726,1.2679855513739258,0.2698965469996134,0.6465622584025065
0.18871683613206144,22.587215897067335,0.6899916292515504,0.8075319485351166,1.007313618988471,0.28040516376495356,0.65583602587382
0.19863658295540662,22.690035629476593,0.6958798532714585,0.8064644522866108,1.10488679321348,0.28158010045687354,0.6680138905843099
0.19213831736442663,23.925573344774254,0.6974609985839537,0.7826873846866378,1.0361443270351436,0.267752135793368,0.6525851090749105
0.1943141015616476,24.1341199203036,0.6834401088180283,0.8227008007777101,0.9863609070769955,0.27801074584325147,0.6551359494527181
0.20198002300022444,24.137567649368837,0.7009649043373134,0.7962175864698428,1.0146984644942778,0.26717449227968854,0.6245158513387045
0.21543086229838723,23.789765919339626,0.680970372449852,0.808990266393276,0.9687970243036061,0.28645178675651545,0.6618946393330892
0.2245855758462367,23.612514763434632,0.6782456463114857,0.811579548045018,0.9342623756882277,0.29259056846300757,0.6436890761057535
0.2350021589359372,24.048979455674225,0.6616543063273326,0.8203705447367096,0.7826818014967066,0.2967808991670608,0.6553245385487875
0.23752025375310593,24.35679090928009,0.6672451057799614,0.8282257567693411,0.8159924174002242,0.29706553618113196,0.6669705708821615
0.23848757650239508,24.56716710076758,0.6674720725206117,0.8150671889691247,0.8370735710146301,0.29615921278794605,0.6493358612060547
0.24652518879581056,24.24547232578274,0.671457430098897,0.8518528448922688,0.8992231991008041,0.3111439843972524,0.6329731146494547
0.24597465962187537,24.570986357794357,0.6862975187452495,0.8342913300732397,0.9379960708355277,0.28883870442708326,0.6352421442667643
0.24992869549952576,24.359692522625306,0.6660706871930991,0.8508832981619613,0.9188331989971533,0.30127332607905066,0.64586075146993
0.24156578808688786,24.959505604457846,0.6728231387187796,0.8040685398222633,0.8968797504706713,0.2992471605539322,0.6314547856648763
0.24529608480490847,24.026599023809002,0.6464160632586483,0.8543999243743334,0.8858627863855711,0.3127601047356923,0.6647059917449952
0.2475440232417997,23.83617558055261,0.6314409189240963,0.8582982166077827,0.8334652829859909,0.31444251040617627,0.6234174569447836
0.23943475801477257,24.2808115049598,0.6386456397265151,0.8378278115787087,0.7772327263620995,0.28617668648560834,0.6131890614827474
0.25316162629820427,23.639589864483785,0.6755620326403347,0.8172703444196444,1.0675251420806708,0.25271802147229505,0.657848596572876
1.8464412118390037,20.574017245566413,0.5061868828208278,1.0302241357872786,1.8682712160795052,0.3259164243936538,0.6471736431121826
1.7778072757467343,21.881810347195067,0.5522946994363267,0.88535920243633,1.804387557296917,0.2931546221176783,0.6549438635508219
1.0912372214142796,24.864297171136702,0.552741605133776,0.8469272101043464,1.3015582532691212,0.2352717990676562,0.6157581806182861
0.551272071702877,25.767305718345018,0.6057000351147986,0.8253936500311384,1.4376062929935127,0.2185597717761993,0.6809802055358887
0.6297882849404746,23.78332346777903,0.6204054180061062,0.8198097310996028,1.7471255642531787,0.24981399377187094,0.6408174832661946
0.46451360636357775,21.89836667492035,0.6681578286390528,0.7764365477129361,2.2171321039740235,0.2515465120474497,0.6367276509602865
0.49430927687162424,21.712306487364625,0.6276099242982677,0.8390148982697179,2.2265176400637454,0.2575896332661311,0.6538105805714926
0.4408656549123368,25.015404180084772,0.6402180857009021,0.8304468061372793,1.7079604260669894,0.2352042148510615,0.6528459390004476
0.09089525473807787,29.12627096083932,0.712748280418746,0.7860866664719954,1.0508497761885502,0.18790645897388458,0.6602102120717367
0.078549431723183,28.094169567202545,0.7184842791399227,0.7808161235014692,0.8995845045904529,0.20016425848007202,0.6740424633026123
0.07337631684664353,28.25347926284655,0.7373617350906319,0.7798447554110227,1.0011870890999697,0.21679196755091343,0.6480153401692709
0.09301756760951341,28.1827960695767,0.7394397164970697,0.7800514566988043,0.873698558037782,0.21093789239724473,0.6602250734965006
0.11213668622850875,27.96335043265273,0.7134084784007443,0.7971316054740235,0.8387973035039294,0.2223324129978815,0.65252153078715
0.1259217522926771,27.463168146044552,0.7062646984611519,0.7855707628975543,0.7999807023901623,0.21977003415425614,0.6530743439992269
0.13365583117397764,27.964301608605336,0.7098718005592782,0.7758762799119121,0.8300111795530295,0.21591666589180625,0.6361165046691895
0.13735694468545526,28.501988688874746,0.7112189993102778,0.7617766015066755,0.8995448816935552,0.2195792570710182,0.6360652446746826
0.14530404305263192,28.47925382749745,0.7318254388211369,0.7545150766248595,1.0035069323406616,0.21890912453333536,0.6549403667449951
0.17796005096267678,28.200939048273217,0.7354318506198073,0.8042804093338414,1.2110898213418961,0.2437083274126052,0.664315382639567
0.3436413624034536,27.052229752869618,0.7558727744827624,0.7879250572281095,1.9370419768901959,0.2393657018740972,0.6658607323964437
0.30772908887482175,26.159948253210732,0.7285744933408225,0.7890047726154062,1.9016304270029687,0.2600321819384892,0.6406895319620768
1.3096869307664962,19.9728355759371,0.7454331586246871,0.8918313081519863,5.43709091808346,0.25145020087560016,0.6610337893168131
1.3831823074260272,23.075961884963093,0.8019851098596732,0.8209983922496025,5.343211292424044,0.21570667872826252,0.6391340096791586
0.499316767700154,24.0813895498305,0.7592191093473004,0.792410384723885,2.7499645449660104,0.24461520711580909,0.6457101504007975
0.3090458134027236,24.88867427061645,0.7278581405010239,0.7916754125574285,1.9651728012951224,0.26692248880863184,0.6419769922892252
0.6764196640175486,22.34507457983887,0.7480777457745491,0.766626958484848,3.3725119286108254,0.2306499158342679,0.6416930357615153
0.4715446993248839,22.889367932786698,0.7472693648063479,0.7418647406991576,2.621835557473396,0.24184284607569373,0.6291525363922119
0.3350659924467856,23.90073703742058,0.7129001301634591,0.8123129357774684,1.9575126123296755,0.29333849251270294,0.6357534726460775
0.41427385084713775,22.710801718034435,0.7274581955736622,0.7759811758079046,2.2876430117001783,0.26720728476842237,0.8244626522064209
0.34943316987252837,22.82630112745358,0.7097163066825655,0.7797761405802316,1.994741051403367,0.2820224910974502,0.7379505634307861
0.34342354890294785,23.28454095679386,0.7253976171000188,0.7538782258061602,1.9183313180543393,0.26040140539407725,0.711151917775472
0.4694925990706271,20.99393639524156,0.7243292772868495,0.7875151743142027,2.430069062228361,0.2689953943093617,0.7204352219899496
0.4525212050051497,20.648895885113493,0.7122670869101385,0.7939595164526702,2.3411232804439783,0.26461355388164515,0.6697268486022948
0.301104318569722,21.937174258618654,0.6777387158871878,0.7805555205222557,1.721377237019366,0.28834612170855206,0.6766268412272135
0.21816194296657718,26.899401003396918,0.648461666397038,0.8054479389216972,0.9255650158943677,0.2657516400019328,0.7013018925984701
0.20030566583885312,26.805105918189057,0.6375121083683378,0.8223608169329583,0.8869611090506407,0.27432464559872943,0.8097503980000814
0.2067131019824704,25.727612668199797,0.639236493231226,0.8371024917997358,0.9605372582969607,0.2862333953380584,0.7506976127624512
0.21398381017893453,24.94511640794177,0.625872722954511,0.8629223077462694,0.8422627014146883,0.29804111023743945,0.6625527540842692
0.19490787918770847,27.252418457203593,0.6623306538650731,0.839786907319166,0.976787337779785,0.2691919108231862,0.6726632118225098
0.20087041214258713,27.097928031935453,0.654608991112772,0.8472239095701847,0.9862940043419526,0.2705228527386983,0.7404322624206543
0.21098385006701484,27.033188968888727,0.6847069997688046,0.8296501922608585,1.1701428986920597,0.24467231333255768,0.7481973965962728
0.2880864059935739,24.280770905086584,0.7135412324817462,0.7789210249290429,1.6421456115780988,0.22949417432149244,0.7081159750620524
0.3846523608602383,22.299849576206928,0.7354061911245209,0.7971830796559362,2.0779056531441897,0.2141369928916295,0.710190216700236
0.5875947638690758,19.189106834272273,0.700822362006616,0.820219928365414,2.8807236390010957,0.21123229463895163,0.704042911529541
0.33159866266090077,22.624963082083568,0.7029526637478525,0.7744111800683499,2.0853593518230307,0.18779821197191873,0.6827337741851806
0.25578442061607976,22.65863645914254,0.6501300826604101,0.7856098780311863,1.8924389332618354,0.18421643972396848,0.7051035563151041
1.9594031470397761,17.83822290462839,0.42684167507264764,1.3566836073138806,3.5797572281788845,0.4140989457567532,0.667628288269043
9.321760682163356,24.09127948242923,0.49002176459330715,0.9502211528180107,1.9829791969206998,0.2615763445695241,0.6505224704742432
1.4753060540713356,26.648693386485927,0.516010334030087,0.8470417248855936,1.0739925777828174,0.20932283997535703,0.6632900238037109
0.6604110158795153,27.892368951406695,0.5811375562621776,0.8367797757113428,1.0915596669955507,0.1705678688983122,0.6774719556172689
0.35404136849782897,28.612071395180482,0.6275789460038667,0.7983774683222605,1.1290899387424456,0.14327895641326902,0.6744856039683024
0.2369422529441216,28.4306591126953,0.6351792320272859,0.8024160179290724,0.9472030632114333,0.1544192756215731,0.6576922734578451
0.1976438370378769,27.07247584322518,0.6362968065079551,0.8126680042764978,0.9281074251246149,0.17554532736539838,0.6603081226348877
0.1748173976017735,25.731543665090943,0.6487640428729383,0.8172731726238007,0.9401714348846165,0.2020552704731623,0.6483346621195475
0.16072532244678364,25.54642959546263,0.6483352893487951,0.8049570217773395,0.9349567363469302,0.2205510238806406,0.6493329207102457
0.16210721199566502,26.112542107007688,0.6898481322021267,0.7741423399811254,1.0413839590771914,0.21199102203051245,0.6506845156351725
0.1595878154226061,27.11481238651599,0.7074931877797384,0.7848929521685338,1.0124886329208482,0.21994597713152567,0.6724598407745361
0.18432167470250857,27.332028965842046,0.7229317228935548,0.814340327049729,1.0625878420847303,0.23333757122357687,0.6725411415100098
0.2560437290201706,27.096052931881616,0.7370831650083192,0.7967851409564712,1.315383828089703,0.24277991056442258,0.6393880844116211
0.27432525146433256,26.218363537328518,0.7418636810938378,0.8284556150893932,1.381554355793006,0.2559079180161158,0.6398124694824219
0.29619764612296634,25.458312384504854,0.7548323820831152,0.8077515702056891,1.466769990303999,0.25292143225669855,0.652668317159017
0.2506432180039302,25.212866639839575,0.7527589715217639,0.8126505111929093,1.3088994683949398,0.27035219967365265,0.6755336920420328
0.2166009910405685,25.98824786784024,0.7365242564968749,0.8417524618054935,1.0773674466253091,0.28543368478616077,0.6873226165771483
0.20019358374612287,25.725148579544904,0.7309520018224691,0.8125309102071752,0.9421459841282741,0.2862970729668935,0.6685263315836588
0.20560560250620752,25.631037920596796,0.7375760743520802,0.7846751267029551,0.9894855265498471,0.2711831529935201,0.668018102645874
0.21341013659678984,25.34313435534126,0.7100308239081355,0.7987762204199186,0.8273952463273591,0.29385148485501605,0.7002487182617188
0.2343563859657354,24.146156607449594,0.7216784589115485,0.8028159939072501,1.029680377023002,0.2826758722464244,0.6451388200124105
0.24101842143878147,24.948887648737838,0.7035378254145946,0.8439219932492358,0.9024073847427294,0.29450869560241694,0.6401553948720297
0.28063595505757033,23.15563962512095,0.7303276728523139,0.7845797247679464,1.1665956135086644,0.26392061511675513,0.6553699970245361
0.2947585892412187,22.348087829671993,0.7087742348081688,0.821327855236305,1.1389902534448886,0.29215833544731135,0.6616976261138916
0.2602831912237022,24.107135154805537,0.7025950819266956,0.8135390610256724,0.9357922962151445,0.3034769992033641,0.6537516911824545
0.2745993920804518,22.894054137459523,0.7086844411548435,0.7881320992475134,1.0881845520467677,0.2906075417995453,0.6589178244272867
0.2791283376801269,22.664370285535494,0.6944273630711838,0.8054480837925823,1.1472785457304142,0.31702764828999835,0.6544551849365234
0.32195318414636687,21.92157597014408,0.7238625834582845,0.7800044593253405,1.458796497976662,0.3006067673365275,0.6497032642364502
0.34302528146034933,21.109360755977367,0.6968488603664079,0.79746591677065,1.5388954132672978,0.3196893483400345,0.6372575759887695
0.3826578350224681,20.92754854200325,0.6947674391252602,0.820558295709681,1.6832508572994476,0.31322186688582093,0.6355925401051838
0.37552752551965324,20.954906673799076,0.7055509182046479,0.8105278632951296,1.6747169367057646,0.30218716959158576,0.6327699025472006
0.32396295506399636,21.286295059216148,0.6980200508320493,0.807350558948773,1.4721303572459368,0.31649821996688837,0.6472237904866537
0.3139182650773006,21.571437596487964,0.6996623731455989,0.8330083543733174,1.4236342285077646,0.3262542138497035,0.6272311210632324
0.23704296528907878,25.00540012448708,0.6772271146254444,0.8197961757280291,0.8758413588673591,0.3354557454586029,0.6470454533894857
0.24046693667327826,25.27100807242015,0.6858834433358659,0.8336119062731667,0.8781259683263823,0.3296161989370982,0.6524324417114258
0.25499101644506666,24.85453898989449,0.7135345220269631,0.8222853513038654,1.0432322869897128,0.31152049203713733,0.6756177743275961
0.24088735416837617,25.878751820517326,0.6957680953572752,0.8266480581727355,0.9005337900177716,0.3188030968109766,0.6406668821970621
0.2633411275971698,24.52743160138998,0.7339466615969407,0.8187006252808269,1.1825862967589058,0.28941982487837475,0.6963273684183756
0.11878651559961921,16.64821841308019,0.30713126731720963,1.246393410492752,1.0921699033020191,0.46709520866473514,0.6566397349039713
12.01672701135581,21.20102252074776,0.49505251940662137,1.0803153696745071,4.518895127340724,0.3469781366487344,0.655040423075358
3.061203630803648,24.78953295861511,0.494747751760745,0.9340234315094812,1.4815299884180515,0.23349592089653012,0.650316079457601
1.1027503796723217,26.542371309701185,0.5645657236829273,0.8250058872803135,1.25413408038571,0.1951728736360868,0.6438740889231365
0.28265107196919076,26.729801083403057,0.6211167552637157,0.8301958103761936,1.1288609540469252,0.17080293099085486,0.6679375171661377
0.1710399501182808,26.075880768532432,0.6816492249685555,0.7765911918378658,1.1522424054427782,0.16884363691012064,0.6637851397196451
0.14813171073019515,25.01518098092124,0.6905516820684389,0.7875329622740929,1.1247152930977056,0.18471162269512806,0.6335169474283854
0.1289915574444853,25.715425115730028,0.7048286566737912,0.7985763276822975,1.095759568337226,0.18904137363036466,0.6441298325856527
0.11581045629435667,26.036261757682457,0.7122039506023224,0.7822752518007515,1.0074063199000736,0.20568610727787018,0.6377719243367513
0.12141829577740804,25.35176148633205,0.7116899546045107,0.7948567317957616,1.0400982399549226,0.21797839303811392,0.690797487894694
0.15955636963365208,23.13268153288021,0.717813034799248,0.8096200742334715,1.1740171496430059,0.2344588736693064,0.659854014714559
0.16734864383154502,22.753849566563037,0.7111369810203675,0.8209378347575583,1.2297538208833882,0.25976465642452234,0.6436038812001547
0.20559563963183525,21.604087049090186,0.7452061637878774,0.7717920118969244,1.4413668376557034,0.2409387628237406,0.6419172286987305
0.22104710932151303,21.346853746813736,0.7381052542492061,0.7881844640329109,1.465765870540771,0.25185945133368176,0.6522854963938395
0.19078402945277717,22.040920851881552,0.6914293013277524,0.8122041929745348,1.1767076247748582,0.26263837019602454,0.6466912428538004
0.20108745230544167,21.698453905532563,0.6726125408866673,0.803684809161361,1.1391449123096198,0.2684650222460429,0.6426702340443929
0.20981243954648673,21.951951507425232,0.6653468458644526,0.7749891154666955,1.1569291871763763,0.2707768380641937,0.6563371817270914
0.20867203194152675,22.23943155266078,0.6565688061468644,0.8157045539999301,1.0882013098357188,0.2841253777345021,0.6411364873250326
0.20690251307991317,22.95007952235053,0.6639567595699197,0.8120138200923007,1.0259452186202938,0.28555388251940406,0.6408193906148275
0.21037714020487527,23.40007260202185,0.6660500449518435,0.8029395375336184,1.0203968133470358,0.2836189816395442,0.6441535154978434
0.20997301756641995,24.191795980074136,0.6729355625855983,0.7957326774041631,0.9581638798194788,0.2836453964312871,0.6415831247965494
0.21850899994164716,24.410957480465516,0.683621978142012,0.8181810819914853,1.0189656403364034,0.2844644784927368,0.6428293387095133
0.22697801759650782,24.34377566782638,0.6967136987168111,0.7987249489824825,1.0700877846050352,0.28465897341569263,0.6667012373606364
0.24054205944596843,23.469606817150673,0.6920531919565609,0.8127847975505169,1.1756173543197777,0.29718965788682294,0.6385621229807535
0.23226908094840978,24.08616279889166,0.6976974598526039,0.7950250137126126,1.0896672969179904,0.2883680164813995,0.6326573689778646
0.241820933473474,23.605364493040494,0.6878169634528685,0.8198886453113685,1.1018459007914225,0.3022083838780721,0.6603667736053468
0.2519293180273753,23.736174156004974,0.6879785611649903,0.8440147453386516,1.0999353462767545,0.32258083919684094,0.650108814239502
0.29078864230064666,21.91842638961819,0.6950554554541459,0.8247170068344819,1.284457676819512,0.30645983417828876,0.6612075964609782
0.28045486557262583,23.651272899534785,0.7113886306458211,0.8295276239432496,1.1833639220619319,0.3034048875172932,0.6503607432047526
0.271336238992192,23.9437038145099,0.702030959383496,0.8225805975622831,1.111139914021744,0.29733264942963916,0.6663711865743002
0.3815700543021198,20.425906676428284,0.6982094843034302,0.8028658593429032,1.600260106938357,0.30347832043965656,0.6804409027099609
0.25884561385255195,25.686532171990535,0.6983171293503232,0.826809182548987,0.936495066900663,0.3154120246569315,0.6882158120473226
0.2508553188463174,25.390168875361685,0.6879096911023009,0.8418128810156372,0.9305436123492786,0.32325489819049835,0.6519655386606852
0.2542163732746409,24.711588769779368,0.6812356126966129,0.8227078347514839,0.9714258787886966,0.31831921140352887,0.6616380214691162
0.2788828195603818,23.90470118540408,0.6858075096519215,0.8048168083558984,1.0671772351599553,0.31029826402664185,0.709060271581014
0.26346212209340286,24.34781708898421,0.6708389800394108,0.8497389374608071,0.9607385351107244,0.31468519071737916,0.6691077550252279
0.23932525789775771,25.083443414704913,0.6543695782892768,0.82574725405335,0.850799892449392,0.3110783298810323,0.6557181676228842
0.23561693919822302,24.926579682197723,0.6496491366033427,0.8496458595795725,0.827040422808655,0.30741899212201435,0.6634297370910645
0.24177270335907444,25.22067148091591,0.6932366224477079,0.8080988263119572,0.9688881354395132,0.2782453546921411,0.677959124247233
0.24260279296320905,25.102458065612865,0.7159112099595286,0.8014325227231804,1.0171257994547742,0.26401481032371515,0.6588268280029297
0.23446678390796785,25.861508067475032,0.7058493232797872,0.8230605923261723,0.9301830586267449,0.25826623539129884,0.6467809677124022
0.23897591207651303,25.388625820457836,0.720042294766459,0.8205771041305666,1.0284858496657583,0.2468192676703135,0.6665789286295573
0.23201907263227814,26.375140110701505,0.721108750113361,0.7916795023455215,0.9623296168608612,0.22115355730056763,0.6445550123850504
0.23422313780414103,27.27891570556517,0.7265817577339891,0.7935255517608727,0.8852511891539484,0.20300117135047913,0.643886963526408
0.20887284553779487,14.385538023494204,0.27223055032247967,1.1130821094320653,0.7988618431812756,0.47072168936332065,0.6543108622233073
0.214972318367768,19.836328936732,0.45503706383714043,1.004713389399077,1.3873422938371622,0.33132520566383994,0.6147301991780599
0.1927635749761183,20.248820224877214,0.4658665185905189,0.9506544412685914,1.542165856703465,0.33952097843090695,0.6664785544077555
0.16871872718759642,21.676522438065902,0.5423357662300692,0.9102264068583313,1.7199438053114886,0.2977683419982592,0.6533333460489908
0.17842490514492737,22.08479416989407,0.5748717382705054,0.8947800546354404,1.824370945098264,0.289322480559349,0.6492380301157633
0.1970307077275396,22.38305590717324,0.6023033270700817,0.8930281929459052,1.9557929764105,0.2799479787548383,0.6727348963419596
0.19941450769734792,22.222467493855643,0.6099482520966778,0.823822906048448,1.8409517129667219,0.2673384547233581,0.6703939437866211
0.1974580162119408,22.819834036178452,0.5904320457599614,0.8149456534915037,1.466273995158663,0.2540089612205823,0.667405923207601
0.23018527202653383,22.64222409200525,0.6588091319212405,0.8310274846578145,2.055532783411952,0.2454872503876686,0.680526336034139
0.24863666980888208,22.63708235478067,0.6767653949117692,0.8218839531745168,2.119471044739741,0.22421447187662122,0.6829765637715658
0.2464885254467538,23.21252039604804,0.6533270789387676,0.8082529088203856,1.867372802181645,0.2262909760077794,0.6703609625498453
0.22717150133883904,23.571713343197526,0.586382300788351,0.7980267934910549,1.2259796861846195,0.2488823185364405,0.6636234919230143
0.23203924843234316,23.580087603292213,0.587902399066928,0.7793813300960165,1.1177362726805888,0.2506105850140253,0.6610924402872721
0.37839685989790955,22.78527112381762,0.7336511604663182,0.8228905753229189,2.617259538454065,0.24195457249879837,0.6800021330515543
0.3991786585396202,21.224768708847456,0.7037026944062107,0.842763285711747,2.6752208839685303,0.27145760754744214,0.6719743410746256
0.5724594653920309,20.701454533253962,0.7383608702623162,0.8394249919369482,3.3409087602640235,0.254110686480999,0.6029709974924723
0.2766199521429538,22.506903440836734,0.6720049258405223,0.7984364070705183,1.9519127097602753,0.2704840004444122,0.6270718574523926
0.25887966076122854,22.342196015216075,0.6522411967815098,0.796660631699179,1.7800582838825358,0.2835965901613235,0.6399733225504557
0.2591161903497871,21.942574631492395,0.6318108455404314,0.7977172289686117,1.7165610094110013,0.29906211793422693,0.6057841777801514
0.4856152327334722,19.623912881394496,0.6841823920934661,0.8071933305395808,2.899856829880118,0.2922614912192026,0.6181077162424723
0.32729285036887595,19.842614729677305,0.6415236111041067,0.7999169276706035,2.0895819193116303,0.31403715908527374,0.6710033416748047
0.37392573389370426,18.59682831631952,0.6405830298165851,0.7816353235365909,2.2644879255685963,0.31385235985120136,0.6570745309193929
0.3202583082672737,21.313506422128352,0.672596109557691,0.7778400618080171,1.9583736772214102,0.2962865978479385,0.6531286239624022
0.344434777896808,20.433488109855812,0.6593126755846866,0.8006713173314314,2.0464264407625943,0.30915255347887666,0.6569547653198242
0.4756345232919894,19.466750614673792,0.693662097328882,0.8024340830832242,2.6402255322946346,0.3014516731103261,0.6450730164845784
0.2574026058986471,24.10487945163975,0.6770471788893856,0.7832260082604053,1.4937577188577145,0.3026651094357173,0.6652625401814779
0.3479111935719084,19.473342746661015,0.6644466691046559,0.8166561426286781,2.0198000629905515,0.3250449945529302,0.6437949339548746
0.28287299002292005,20.458912354286365,0.6597310461299375,0.809417887584479,1.7022286383319782,0.3187478532393773,0.6399122873942057
0.41453902565813366,17.295062666430592,0.672871327213408,0.7879775685816387,2.2255921796814495,0.30854720373948413,0.6721289952596029
0.5991997019218941,17.014999408867983,0.6986936793110078,0.821974216716872,2.8810640044167504,0.2927954196929931,0.6129984855651854
0.3164711525382943,19.325159664640886,0.707011577923497,0.7869691884924936,1.8433749713869865,0.2732304086287816,0.64585280418396
0.38402129833330606,19.279649435939348,0.7329900341097441,0.8136075256012211,2.100015742469895,0.2593840559323628,0.6526739597320557
0.3765895724835895,19.970971298414245,0.6902083203937286,0.7931876885648853,1.800116191244131,0.23585418860117588,0.6435632705688477
0.8695558572714405,26.417897433547637,0.5497591393596035,0.9168233325027995,1.2440595370218934,0.2229331781466802,0.6679094632466634
0.557170559392961,26.05300079386944,0.5644610833186693,0.8937180561575513,1.1543287054702198,0.23487005879481634,0.6488718191782632
0.4887900583984775,25.207903256167437,0.5647182669322643,0.846177582992795,1.092994643912493,0.25249486913283664,0.6308643817901611
0.34455717796242813,25.050967506821465,0.5909033649900718,0.8451957437637905,1.0958518318832595,0.2654929384589195,0.6524630387624105
0.21345275823268448,25.004024355056984,0.6091766522800072,0.8224671137760322,0.9986149489726402,0.27235771467288333,0.6327255566914877
0.2097397726259168,25.213980272084488,0.6221599789306943,0.8299334159885805,1.151487497056191,0.273420974612236,0.6533408164978027
0.15999748790277463,25.6361587440738,0.7067278299713737,0.7760971671333472,1.1079970034832796,0.24276383469502125,0.6297794183095297
0.17500074471194793,24.819354164759137,0.6854779512982296,0.7584090026732656,1.0043454764536761,0.25825547675291693,0.6511767705281576
0.19825857064816024,23.741920645091966,0.6941530878853244,0.7753052746327205,1.278873189001545,0.2558874835570653,0.6728902657826742
0.21508795495349364,23.070431332875028,0.648531219738138,0.7805477830784456,1.1656614493755344,0.2840835650761922,0.654070774714152
0.21210253567173076,24.13218680426696,0.6435635563946236,0.7820267969031875,1.048690074425276,0.28496264914671576,0.6672265529632568
0.2185925165962066,23.352062572405476,0.630040705108716,0.7990533356032872,1.110740709614644,0.30211247503757477,0.6373105049133301
0.2299005221222674,23.412343268690464,0.6505875329604903,0.7708865200224609,1.238581313408602,0.28026561935742694,0.65012526512146
0.23720127641924252,22.984513654249678,0.6386190118653882,0.7734414690923191,1.3286093279134366,0.30284812549750006,0.6568214893341064
0.22761722905662063,23.6225622856826,0.634313830381002,0.7855718566995984,1.17877693237808,0.3031725784142812,0.6600454648335775
0.2557957078638525,21.90366181455639,0.6333880352953334,0.7856544055323713,1.4100786195970547,0.303234522541364,0.6821122964223226
0.2285336380937791,23.611449055075507,0.6093202381737884,0.7769652432826936,1.0647800672592884,0.3059376080830892,0.6613131364186605
0.22045878043181558,24.47904394579641,0.629778020479563,0.7573667247488456,1.170837664453796,0.299269104997317,0.638509194056193
0.33762236539580953,22.853193513811245,0.6940636399646015,0.7821905582481087,1.9885506494738368,0.2564257731040318,0.6484630902608234
0.34276203135091365,23.715945153394927,0.7069022691114184,0.7687217974266943,2.024225128850333,0.23528784265120817,0.6403734683990479
0.22524736356591943,26.302280725279815,0.6777241899263015,0.7648919405715392,1.249077725569401,0.2611547460158666,0.6819783051808676
0.3814355986773001,23.645936877620148,0.7152038714086842,0.8026274238074707,2.169680090991345,0.2341677745183309,0.6504691441853842
0.4909759543943318,22.73305180085571,0.7188039288867848,0.8215152345085887,2.5809748709890497,0.2374650215109189,0.6489689350128174
0.2791595380994362,24.453368467955926,0.6933192081635272,0.7688123229078528,1.5941803592394181,0.2456568405032158,0.6483174959818522
0.26110190555900814,24.902039139188332,0.6587786448127328,0.7887258900568547,1.3102647146222361,0.2766924848159154,0.6360747814178467
0.3011985357931852,23.129869394871434,0.6669554695298174,0.7903688846268252,1.5446127979517286,0.2782523979743321,0.6495676040649414
0.2779295066108182,23.137110943553868,0.6604318263220562,0.7444056985928317,1.443266593852748,0.2806012729803721,0.6512905756632487
0.3915436824481296,22.89023614028711,0.7037357318900458,0.7674332623451455,2.101325188106363,0.24657131979862842,0.6522629261016846
0.24591486111062485,24.63266587076036,0.6743098673309625,0.77522638684511,1.3983444333257875,0.28620372712612147,0.6982479095458984
0.2454700478353137,25.131950568840796,0.6797167674795652,0.7982116114700556,1.4125458484126208,0.2923143953084945,0.6386706034342448
0.3422259732698428,25.061907207297583,0.7301983028728033,0.8223519717816901,1.9698978428048346,0.2703495025634765,0.6452991167704264
0.4490207040055703,26.093697856402212,0.765966265775497,0.8071049183189786,2.3182603260953765,0.24651744961738584,0.6329404513041179
0.37366219140731,26.189386449270682,0.7445492419832811,0.8294626818363128,1.961505163434116,0.2551270748178164,0.6453902721405029
0.28641476042628505,25.83172507588794,0.7212523047667542,0.822392503063701,1.5844764399634517,0.2699256241321563,0.6550774574279785
0.32366715638869015,27.071747298714342,0.7460965264069218,0.7949240237535277,1.6459656974193273,0.24487448483705518,0.6515903472900391
0.4037789060803567,26.742655284461886,0.7735719697893471,0.8059999826265707,2.02777395510051,0.23596806079149243,0.6794127623240153
0.2213373263271616,13.892319576705331,0.2802909311313292,1.1130138595117145,0.8523158817400613,0.46751666565736133,0.6582329273223877
1.709219858768739,26.061106428459322,0.5339788959273245,0.9144721201250983,1.3029638317844272,0.18657424176732698,0.6636737187703451
0.25515823260609377,29.096250660548147,0.596692123634336,0.8188878650417143,1.008963778171922,0.12783819188674292,0.6669277350107827
0.2929924772709613,26.6195953321792,0.5453228000844691,0.8721510259053472,0.9233759195343727,0.20147617409626642,0.6759443283081055
0.3968730692189784,24.97052544683859,0.527590696770484,0.8681937687030468,0.9353815195600449,0.2477220197518666,0.6504181226094564
0.24479131215410352,24.373335703396027,0.5443525256016362,0.8429411291228002,0.8907446365521087,0.258678895731767,0.6245214144388834
0.19178568559702422,24.97009081799033,0.583208914465188,0.8042462538124632,0.8866716484772792,0.2612648581465085,0.6259530385335287
0.19163851946500654,24.678054508652874,0.5655213001594938,0.8245052268750303,0.8627357393192777,0.27438223113616306,0.6733224391937256
0.11588962304321797,25.92326907558535,0.6468048194424719,0.8103756379277884,0.9027623370695492,0.24896706640720365,0.6415711243947347
0.11869730018681761,26.034684432835956,0.6734364448782504,0.7996047240468681,0.9442925688654108,0.2550667971372604,0.6346232891082764
0.13201815695985356,25.678190688007287,0.7020644501486443,0.7866106569260573,1.010233868099045,0.25265888869762415,0.6568484306335449
0.14794638041935082,25.84701412058943,0.7333889431033027,0.7825867024773085,0.9450010530273093,0.2531711806853612,0.637959877649943
0.15627260875340684,26.10395495510689,0.7555152015636876,0.7928273878103065,1.0722176129385612,0.24000974992911014,0.61204727490743
0.17533218564894773,26.00399679576537,0.7471084942457583,0.8232913337605607,1.0783703516083827,0.26036543647448224,0.6692875226338705
0.20264540940204503,26.30256526391716,0.774695468616013,0.8317701732414561,1.1551571479206222,0.24589399993419647,0.6402451992034912
0.23009419166136225,26.898453417541262,0.785416501443836,0.8191352912740913,1.1641960652038794,0.2341406991084416,0.6352593898773193
0.26013242010748233,26.34766612577131,0.7817522501404235,0.8228661085851282,1.1959993735451795,0.23708611230055485,0.6429031689961752
0.2851587164393588,26.993679437156512,0.7844956956189799,0.8312920531218099,1.2369576360987677,0.22532703975836432,0.6382207075754801
0.29737094288356186,27.45845851377291,0.7815182555736415,0.8370890782019403,1.2039553566534427,0.2245386640230814,0.6364840666453043
0.3284809865762707,25.196318326525144,0.778325080445348,0.802744280338926,1.4143639073694751,0.2279191017150878,0.6544270515441895
0.3354180051756499,24.4274326719807,0.7673404040956777,0.7685236646474811,1.469199224846549,0.22293839355309797,0.6066334247589111
0.3242510749123701,23.66637718732255,0.7316204984920841,0.7923380851108769,1.4512350463401045,0.2507121513287226,0.6391630172729492
0.2829457516610851,23.73930923167713,0.6925211517735196,0.7815349804585002,1.2612688225526651,0.2593213270107905,0.6393739382425944
0.2580473416365353,24.257230979876066,0.6653268452835766,0.793626827389834,1.0890047407966394,0.2707719355821609,0.6756343046824137
0.2532272488069581,24.428858340304174,0.6425739844468177,0.806558031728879,0.9987432446639612,0.28524209062258393,0.657216469446818
0.25413281204400934,23.977008264028417,0.6301767780793057,0.826537466896975,0.9398109291663262,0.29948014020919794,0.6539669831593832
0.27043637334274734,23.810176045904115,0.6678424563448293,0.816931582246951,1.1447983184095645,0.27805681526660914,0.64590851465861
0.28337049349163096,24.155978362054977,0.6955257132429361,0.8048372605808781,1.228801535373378,0.25071514149506885,0.618238608042399
0.3184365777986736,23.652681214830256,0.7107944097977427,0.8477519139852044,1.4115432243914074,0.2557113468647003,0.5916314125061035
0.2875547992469575,25.167927013017145,0.7108533862100715,0.8094217891089673,1.2381805297007753,0.2590408995747566,0.6479633649190267
0.27637109099841256,25.350668123349777,0.6940252357319844,0.8163610105845377,1.13244438661727,0.25703056653340656,0.6061360836029053
0.2859025718248704,24.124555630862005,0.6885087951378074,0.8190792299581524,1.2087497838934433,0.248586689432462,0.6535817782084147
0.27487024979214403,24.17201213717355,0.6699446502603904,0.8240322816187194,1.1498036145633153,0.2591996788978576,0.6691399415334066
0.25122584074888366,25.35649548476108,0.6202563822931021,0.7803861062949197,0.8864392222783631,0.26457788546880084,0.6088975270589193
0.43527982467462195,26.765691153117643,0.6502425780409333,0.8189484263650831,1.5546056687621095,0.1492336342732111,0.6654284795125326
0.1613653270543697,28.987211848052468,0.6817956836753124,0.8251377768691351,1.313680608089192,0.12029120201865827,0.6517671744028727
0.13025920036655936,29.620435829539506,0.7419632055929695,0.7873910800311835,1.399812412333719,0.1094520005087057,0.6447574297587076
0.08065978480776316,30.46433289564381,0.756851457504756,0.7916997994130529,1.2711782208932947,0.10380490248401952,0.645737886428833
0.07205402771185761,28.817946811852917,0.7291253085668535,0.8114669485507015,1.0270883837176004,0.11745833357175188,0.6519977251688639
0.1204576496981053,26.51384437417035,0.7638403448657972,0.7949413349442542,1.287299819484004,0.12306468437115348,0.6596173445383707
0.14049871155116453,26.874913440057885,0.7312439138899335,0.7788787571630147,1.1698313707111716,0.12577917426824567,0.6568971474965412
0.1614020225498405,27.25800856590405,0.6842930113882838,0.7932352336920063,1.0694566857362018,0.12851898620525992,0.6631657282511393
0.186304527348823,26.910460109215496,0.7173530006156444,0.7796310797031438,1.2511307542206733,0.12714595844348267,0.6415225664774576
0.2091333317999596,26.23339411055282,0.6990391975752307,0.7859058239162833,1.3288699407103948,0.14461556822061536,0.6377585728963217
0.2170990003671387,25.837003342313583,0.6853675935441345,0.8026266005626729,1.2640516903392405,0.1589328199625015,0.6598469416300455
0.19915718401764637,26.796733534502795,0.7254015089563809,0.7845831432428413,1.3244292578772425,0.15808322280645368,0.6308157444000244
0.23369729755628751,25.47787980907907,0.7172286114019556,0.8133589155337714,1.3934719567064457,0.16563007732232407,0.6506673494974772
0.2198587857568245,25.839113431976028,0.7411024172066213,0.7893596426313265,1.4081719749581971,0.16771973172823584,0.6552391846974691
0.21327319964264224,25.598822480190268,0.7045920053906737,0.7735298749514704,1.2457763891671594,0.18113487462202707,0.6440630753835043
0.2292817839995588,24.81617591400914,0.7132075444123277,0.7774344494656126,1.325691948950068,0.18805002917846045,0.6557869911193848
0.23455297034454747,23.57784052948473,0.6799407897303076,0.792558364783387,1.2785078207688776,0.21521404385566703,0.6363237698872884
0.2376075550769008,23.18414297830559,0.6853494880161973,0.7702690302049966,1.2903488990185799,0.2258683542410532,0.65275772412618
0.22806425833180075,23.705930395959154,0.6803048556493291,0.7982611151437226,1.2438097795573746,0.24133108059565225,0.6488750775655111
0.21509476996718666,24.246773692100106,0.6841921041222285,0.8055699976572677,1.146984696935426,0.23867079615592954,0.6344257195790609
0.19330744127141267,25.747470294661557,0.675676572118238,0.8009447316033113,0.9889900964577834,0.24455067018667856,0.643789529800415
0.1991586559703347,25.22579960556874,0.6865865154471188,0.786017620927003,1.0613522317665491,0.2388401677211125,0.6435583432515463
0.2016045412251437,25.140140624201724,0.6883361597652854,0.8451234732499732,1.1434115007081098,0.258373960852623,0.6772611935933431
0.23919273834640017,23.962353838907045,0.7094101762357395,0.8269024195870808,1.4438214342046172,0.2489110678434372,0.6715312798817953
0.19078928739850762,24.88481682635384,0.6829772404365259,0.8300841335656712,1.1045433887288183,0.2643614461024602,0.6617545286814371
0.22161365402800468,24.00719828016034,0.685100485185925,0.8176892020379922,1.2246768003984227,0.26261029640833533,0.6456488768259684
0.2604762319338705,23.076827339917255,0.6746480420709688,0.8342412609508368,1.3007728973648536,0.2733618766069412,0.6459731260935465
0.222541319646005,25.15007524687989,0.6726047900070116,0.8485587443253676,1.0008895335329313,0.2773063778877258,0.6539178689320883
0.22451012467500586,26.112611448027497,0.7040366095453253,0.8255385568789028,1.05699889777072,0.2504514803489049,0.6539661884307861
0.21872290581310885,26.548191386720827,0.7110104642134685,0.8288476958238897,1.0566500569350499,0.23288422326246896,0.6690419514973956
0.2029438869519445,26.917902399429185,0.6958976858514833,0.8657307869430295,1.0036462803296906,0.2392485638459523,0.6193087895711263
0.21809395050910516,26.304546815378146,0.7022374775815008,0.8486117405022249,1.080239109233443,0.22629359364509574,0.6617145538330078
0.27308589794388943,24.796407683296625,0.7134175085985551,0.819903839634906,1.3859543988933158,0.21570281187693277,0.651568333307902
0.30023650196784607,24.649115288437116,0.729383569012758,0.8423142560687934,1.5027285167566236,0.20294949412345883,0.6722064812978109
0.3117916511035491,24.819930462823205,0.7548975841593496,0.8590885922943478,1.591119319767909,0.1916504204273224,0.680139938990275
1.8772790398401786,23.808493518654444,0.5040566102799758,1.0606945817590598,1.2328609942938769,0.24862119182944295,0.6260237693786622
1.4701649395635454,24.216773166537248,0.5112563670969229,0.9841892575125324,1.215340632115447,0.24598008890946702,0.628935972849528
0.8930225399774736,23.38190924080013,0.5165486440452399,0.9099912595785656,1.1692810040510841,0.2596065402030944,0.6606573263804117
0.721589971967433,22.959006432334547,0.5208986030344412,0.8614985265219776,1.0638464495903373,0.2767397811015446,0.6283019383748372
0.3487394104202206,23.07642399524096,0.5209449558094453,0.844750534354549,0.931396550400517,0.2816291972994804,0.6538077195485433
0.254216222968982,22.636137435161604,0.5354500445783452,0.8356642216551919,0.8717849075809071,0.2845078855752945,0.6462839444478353
0.18930189644990433,23.257617422494146,0.5613071223265548,0.8063291384678196,0.8860927492933204,0.28311174859603244,0.6258973280588785
0.1460345748299822,23.898330327077858,0.6085768704486058,0.8305712293762495,0.8821150819760241,0.2543928648034732,0.646970272064209
0.12837455981564083,24.655258732562746,0.6601276886032307,0.7693137296089674,0.9179647828007811,0.23923753201961517,0.6378360589345297
0.13358497241647294,24.591691504618968,0.6637762495289597,0.7901565148733859,0.9943141727364719,0.23420987029870347,0.6126407782236735
0.14457231331715836,24.551274296380516,0.6910319441757702,0.7974294776832559,0.9830761969712466,0.23149152348438892,0.6292126973470052
0.16297931546262057,24.44722312854361,0.6813482233734748,0.8207532337986542,0.9833726259446417,0.2384006579717,0.604802370071411
0.1842262599641569,24.213104631157425,0.6821290150828686,0.7855296383129423,1.0429525059128417,0.2327970017989476,0.6466418902079264
0.2048064508023096,24.299465792393757,0.6670123241135575,0.7749641385232863,0.9789667538547632,0.22727844119071958,0.6577475865681967
0.22593503917388183,22.96430461557296,0.6521419881746162,0.7844344541397347,1.129624009916492,0.246380145351092,0.6345869700113932
0.23290839891674328,22.50873435785542,0.6084853909774066,0.795076845718128,1.0896975400600821,0.2721480851372083,0.6539080142974854
0.24070297122994297,21.564826335547313,0.5951248531291121,0.7649295612923946,1.1387004437898327,0.27007468541463214,0.6585415999094645
0.23975768045842602,21.636675525087895,0.5695001734180167,0.7907834495187048,1.0267741142561857,0.28966709474722546,0.6342816352844238
0.24159211508907066,21.56070650716248,0.5703802489690633,0.7568893458760901,1.0147947219625546,0.29002013802528376,0.6582852999369303
0.2442789910326831,21.283491034456173,0.553098780183503,0.7737060577016198,0.9824576931176409,0.29702627658843994,0.6554284890492755
0.25032413557626115,20.870806347685953,0.546154272295829,0.7858613100937503,1.0441105905162433,0.30986307064692176,0.6530989011128744
0.2471383488097386,21.554346932101126,0.558019113771391,0.7825759591525475,0.9676303236496026,0.3074517498413722,0.6466517448425293
0.2558475635902638,21.2963701940248,0.5259059191148246,0.8328413426524545,0.8961416529828158,0.3317951560020447,0.6563320954640707
0.263955236241421,21.349424127552997,0.5828142175745273,0.8125923251824703,1.0933595314414821,0.30640917519728345,0.6199008623758951
0.25401666848017446,21.97157672631285,0.5767621746749533,0.7913247488522562,0.9986582439659254,0.3046670854091644,0.6405941645304362
0.2574019353595558,21.69276133579271,0.5651195210455752,0.8164370069502104,0.9361637696778206,0.3237402886152267,0.6314188639322916
0.2603871705949696,22.297055274709248,0.5892897492912014,0.7881185684328029,0.9744835541467203,0.304134264588356,0.6469927628835043
0.2711022625169636,22.03342477754954,0.5885140889550421,0.8094093703718411,0.9632443992495228,0.31054052710533137,0.6506164073944092
0.2706215109814723,23.026434043188104,0.5957959668203262,0.8005568059951811,0.8482639873872343,0.29548565049966175,0.6559599240620929
0.27076141956687066,22.609260127778295,0.5842353245971089,0.8209481309483547,0.8413962416239765,0.2977436383565267,0.6509512265523275
0.2708062144215366,22.55108186683397,0.5710438159728313,0.8351606722127937,0.8368189249556991,0.2940390209356944,0.6463130315144857
0.26493772980200153,23.189581074816974,0.5694994010275161,0.8063212149377809,0.8330962484763402,0.274718110760053,0.6567351023356119
0.2572402186475317,23.571170551431326,0.5768738280214819,0.8076358636521848,0.8553263322394367,0.26928750673929847,0.6582780679066976
0.25181817849673194,24.245995313404304,0.5794754836383164,0.8147091397146357,0.8411942861457363,0.24791877468427015,0.6428154309590658
0.24347816921526722,24.194729069280317,0.5900352310340108,0.824824619401101,0.9052184022415851,0.2484902491172154,0.6636668046315511
0.23362570474149688,24.303735964124645,0.6057226329034827,0.8051264063811598,0.9141606074208903,0.2343742946783701,0.6479214827219645
0.21729555096253853,23.75585355581072,0.6217178528271855,0.8038957083981408,0.9699156026953163,0.2234405030806859,0.6568837960561117
0.19773627987658068,23.657119932970986,0.6134162498133896,0.8182336155460185,0.9007282966601854,0.21556259691715238,0.660366932551066
12.334423035820679,19.41966094360714,0.4520210015237754,1.2804107084143805,6.197626617440928,0.3805072953303654,0.664971669514974
10.6384716096249,23.649754944697435,0.49152694440271283,1.1803922673660547,2.281132037609811,0.2912482147415479,0.635638952255249
5.956702283768447,24.0852468128891,0.45579442831840583,1.1826485328593421,1.5055195907633772,0.2873774816592534,0.6093303362528483
3.3519978291432206,23.89779315729282,0.4748602172742671,0.99862934076206,1.2331681631422626,0.29029650986194605,0.6973487536112467
3.0683355322667527,23.671958562109577,0.4959086028226441,0.9585084720011876,1.1825411033951083,0.29308596874276793,0.6639500459035238
0.5015607288374961,25.594349889215533,0.5466374148076074,0.8518244740429584,0.9562074238798423,0.23418780912955597,0.6570490996042887
0.2544404718942611,25.455594524320755,0.6038066246844905,0.7832004612626341,0.9851366935369524,0.21172264715035752,0.6254014174143473
0.16930106675074216,25.790348062634383,0.6378821195450756,0.7971324793596777,0.9718633321537925,0.199572779238224,0.6489559809366862
0.15021389955856726,26.367984352843152,0.678180627336742,0.8118547345073512,0.9516720583482753,0.18454660971959433,0.6501574516296386
0.15386445441852062,26.216543440743518,0.695645559031345,0.8056932309419795,0.9734091876579266,0.1901543835798899,0.654855489730835
0.17343976800265634,25.52501709765242,0.7189929958010804,0.7999980335564706,1.062801377210304,0.2014550492167472,0.6507650216420492
0.18670653331046225,24.897789784165997,0.7423388712049194,0.8045082665817755,1.0369331168171259,0.21796272695064545,0.655824343363444
0.19507472793865435,26.03737464533876,0.742192005374799,0.7951670590034453,0.9645357998692267,0.22749932607014967,0.6797765890757242
0.20397403774326262,25.316152691058118,0.7298159350761025,0.8229793125913486,0.9739854812658267,0.2415472368399302,0.6604012648264568
0.2035292092558675,25.837910679564363,0.7269803312315175,0.8188685792262941,0.9339837972278188,0.24798190593719482,0.6401388645172118
0.20953505154388483,26.035431020304355,0.7296009264838771,0.802566067488626,0.9546500153483711,0.24756925304730729,0.6485852400461832
0.21936007210645972,25.855233582669626,0.7264252945292556,0.8058838544958543,0.9792229067487516,0.259664719303449,0.6446148554484049
0.2306828264898506,25.242723471156097,0.7210808627464744,0.8205904232055422,1.0629148405726905,0.27314073840777076,0.6570512453715006
0.2345665094021544,25.33762621725154,0.7230409644562444,0.8331356921651455,1.0429773420796877,0.2668357690175374,0.6430350144704183
0.23081973643707002,25.19110217507165,0.6995583125127091,0.8588957374303527,1.0044102268144797,0.29173484444618225,0.6696415742238363
0.22449538549070244,25.369455387424185,0.6890267863042654,0.8305148011678131,0.9777068163110662,0.287032609184583,0.6395858128865558
0.2208032054715012,24.93785180977467,0.6578317836592175,0.8508604058755392,0.8690272428473097,0.31597177187601727,0.6586728890736898
0.22345462916229775,24.300458315311772,0.6580961622330203,0.8262402151255683,0.9256219842702533,0.30720939735571545,0.642011562983195
0.23180902650313295,23.98006012866162,0.6610320134428107,0.8057092256210598,0.9138040108533664,0.30784675975640613,0.6709028879801432
0.24046983744837033,23.81276635647829,0.660485719097881,0.8194447474781574,0.9486887857432844,0.31717512011528015,0.6305448214213053
0.24486082642683096,23.681904056963344,0.6529253988719723,0.8131451569027973,0.9160252937552379,0.3201190680265426,0.6354455947875977
0.25243854548259326,23.265323655746027,0.6475074593093242,0.8224610334685162,0.9030213138395026,0.3316946675380071,0.6617109775543213
0.27048331810811505,22.661465123826627,0.6657401999982778,0.86104884203295,1.0193566551992623,0.3217992136875788,0.6626799901326498
0.26806914650112734,23.332784343157716,0.678684016592204,0.8296056458985129,1.019171145588728,0.31870181858539576,0.5982503096262614
0.2769302699113581,23.226232677514798,0.6901840903188813,0.8458917831715725,1.1471317717099432,0.314009149869283,0.6348942120869955
0.3315725208249813,22.24805143461579,0.7140140835928336,0.838283465693403,1.465927334454353,0.28936450183391565,0.661916176478068
0.2478010425013152,24.12986559447189,0.6791225326622671,0.8392938451170776,1.0146551419149523,0.3034378737211227,0.6384143034617105
0.2505468576781969,23.573087591260645,0.6722355993741603,0.8512752157070892,1.0487930029152344,0.3155156423648198,0.6079279581705729
0.24484755292815627,24.502061395631078,0.6846531623164699,0.8269211570343274,1.0256660855600217,0.28944691518942506,0.6904950936635336
0.23591978840549635,25.240951321314295,0.6854375592273826,0.841577168750157,0.9768567741376627,0.2960299650828043,0.6211876869201659
0.23497186852467863,25.03877462162188,0.6720008404694923,0.8316116957120799,0.913646596825889,0.2978765567143758,0.6661662260691324
0.23404072107666893,25.01201306665412,0.6736482581351328,0.8421009513584039,0.8880083064748657,0.29304090142250055,0.591054360071818
0.1176743992739321,16.57977685178831,0.3128919200405688,1.2345411056658404,1.0842079804525209,0.4698316554228465,0.8446331818898519
1.3421244645343295,15.523483479404073,0.36551250026865184,1.2015256486154808,2.2970289385366693,0.4230978985627492,0.8255388736724854
1.0878856716466836,22.476741256914025,0.5445306335501768,1.02289878843144,1.5506254021272117,0.26953294004003203,0.8187922636667887
0.3297003019341999,23.655740824209786,0.569578486686867,0.9273224040515488,1.237289851783961,0.25441675633192057,0.8272032737731932
0.2661076951818242,25.415040871316688,0.6404155026537367,0.8750657608377098,1.3038871760510518,0.21379331996043519,0.8265373706817627
0.1959227483421678,25.674011462593725,0.6561538146719986,0.8382106285059083,1.3586860319999747,0.2072483027974764,0.8019473552703857
0.1596138720993398,26.1024144557117,0.6770920865256143,0.8169220169472675,1.3845910364861265,0.20513920982678727,0.8041382630666097
0.1782247298355318,26.25964091232146,0.7045353615532671,0.8100141890319702,1.6231755840819841,0.1880026261011759,0.8388209342956542
0.16981950906065288,26.064447728000925,0.7244461190293014,0.8215116550702457,1.6172622379656254,0.1819948504368464,0.8240525722503662
0.24154979050953487,25.768475681236733,0.7658126699650945,0.8041085886137816,2.217282323204557,0.15967435017228124,0.825171947479248
0.17760369015570743,27.990919115406722,0.7414740093782299,0.7883248130526738,1.5498729278337622,0.15767779697974518,0.7814803918202718
0.1791350763048666,27.81030255376633,0.6940326856502761,0.804386473123365,1.1487924464487085,0.1722257236639658,0.8508691787719727
0.15385844217688519,27.86700671114677,0.6752585011941394,0.7789899225679792,1.056560757439293,0.16096305847167966,0.8322053750356039
0.16109897307064722,26.375073994795923,0.6528068337730774,0.7776605948400542,1.2647299499738123,0.18255030860503507,0.8009044329325358
0.2166799610250478,25.395281161940762,0.6497437480779439,0.8176973736759249,1.4215335453906093,0.21391488611698142,0.7614567279815674
0.5092178481340911,22.323691617508597,0.7561403038374137,0.7985570789862381,3.1761387773694163,0.17801479498545322,0.7603632609049479
0.39104067067182596,24.371311422574156,0.7384798674012236,0.7980100333370576,2.595436779078101,0.16911346216996506,0.8205923239390055
0.2762341466390536,25.845239112601906,0.7146664037866516,0.7688344010165103,1.8772631496193384,0.16384645551443097,0.815050999323527
0.2374590224739316,26.671834458463152,0.6809081774508319,0.7496708270064945,1.448967109325903,0.16833038131395975,0.7514502207438151
0.22885436416207297,27.16238775444995,0.6339464940524632,0.7747272494883193,1.1136331571013245,0.17185305555661515,0.8164637883504232
0.230609576545419,27.22096321219745,0.6109676356182151,0.779145372113486,0.984699534709308,0.17847248911857605,0.8325353463490804
0.23029522002937566,27.258467426021877,0.611267370431212,0.7896401110130866,0.9174482839968024,0.18508617083231607,0.8083681265513102
0.240327902981738,26.371538040801415,0.6430531190259249,0.787550040476971,1.1849306911668125,0.19280308485031125,0.7984718481699625
0.27103851105940324,26.28339341476006,0.6971924750014763,0.763318922956585,1.5299237139695947,0.18573940048615137,0.8136908213297526
0.3040280284367411,25.92248195877947,0.7095242983224934,0.7616346201122889,1.6757400400627898,0.1918916155894597,0.8132871786753336
0.31596401431154186,25.480320418032367,0.7073553135730952,0.7487012863008801,1.6548691971034426,0.19088595857222876,0.8008300463358561
0.34541032160148305,25.379242341209522,0.7098860644472955,0.7764941058266338,1.734703597376275,0.1963808933893839,0.8110705216725668
0.5424506915138886,22.720501012187594,0.7512477725123269,0.7908652424352148,2.572872065244002,0.20133831848700842,0.8135573863983154
0.4351590411114639,23.100281526677303,0.7349154728361498,0.7644485969086748,2.181602451170702,0.20345921814441678,0.7899394830067953
0.3281002481866449,23.667999182820797,0.6892644479321389,0.779357685884142,1.691241175001374,0.2248849819103876,0.7922921180725098
0.39028083949554987,21.044492486726877,0.6757140386655262,0.7657999147931399,1.9389824103088484,0.2357502381006876,0.7699308395385742
0.49803338849217066,19.91500040072961,0.6773377464929163,0.8098582837017912,2.377010802709326,0.24903469781080878,0.7794879277547201
0.5365593703797549,20.86157485397605,0.7180133356462246,0.8105699502314828,2.531696549156321,0.2310608228047689,0.7948516209920248
0.4329774819022507,18.454367376069943,0.624876757011784,0.8369209623491601,2.0901260513205493,0.2786895384391148,0.7721164226531982
0.3215755762536026,20.300254184757772,0.6499557103498023,0.7836364759961884,1.6360209471007083,0.2530939877033233,0.7983980178833008
0.5488578763566417,18.255701522522543,0.6907124886112106,0.8063132637317688,2.4749863350468924,0.2475604712963104,0.7660417556762695
0.6882618391799182,18.125975927369385,0.7110284373989094,0.8021028184958503,2.850910413994448,0.22138294080893195,0.7935388088226318
0.2810740270842578,21.321233489773135,0.6662072490422573,0.8221136009551051,1.400529282938445,0.22566825399796162,0.770052989323934
0.30810282820885276,21.57390685241329,0.7130333932853303,0.8216215761902174,1.5812254312188394,0.20849144707123438,0.800692081451416
0.26668053190135116,23.45416964472045,0.7155689890099105,0.8339629519534126,1.3558367771602544,0.19982722153266266,0.788454532623291
0.3269398259586142,23.213352727575998,0.7698441913337958,0.8181664268794485,1.7216499515225425,0.172517051299413,0.8164639472961426
0.3580335444407881,23.65689701230312,0.8004931931179415,0.8210761613238514,1.8582936336201061,0.15719560782114658,0.7705019315083822
0.30188346041947994,22.699465690354796,0.7815819246408177,0.8231679932769609,1.6273719944679843,0.17114164680242538,0.8060353597005209
0.24229386076714113,23.281773287580958,0.7457116226849294,0.8275253115225314,1.3457989365325969,0.1748587588469187,0.8307269414265951
0.2527389905207609,21.73622121553036,0.756798452371389,0.7982922466641206,1.427849954948435,0.16743631412585572,0.8196163177490234
0.20649587875391448,24.09050115188859,0.76779915319083,0.7967575169235946,1.271847869467022,0.15847795705000556,0.7636334101359049
0.15826541448011058,26.371855165618438,0.734010713179322,0.815810754806965,1.0711863029677382,0.15686456610759095,0.7933488686879476
0.1699057789443638,26.76454764890021,0.7693217639486815,0.8031968391773541,1.5749087584791475,0.12874159216880793,0.7477486928304037
0.2656740627517457,14.236361352150803,0.30491773964870084,1.1088342319341582,0.9839421913776372,0.4559863954782486,0.657743771870931
0.44792084046244507,16.072701027337846,0.3604983817183017,1.0675646015637055,1.340563521859769,0.4036041523019472,0.6560337543487549
0.41898484707555966,18.695250733772955,0.4495347089076926,1.0409751605822422,1.626876950712231,0.360760840276877,0.6558740139007568
0.1964987837592235,20.02295209049284,0.4417764635818244,0.9778195419318066,1.5300149744412213,0.3553732807437578,0.6398028532663981
0.17212979889781455,20.06014372184579,0.4394239741345176,0.9529210935697311,1.7573240271201058,0.35712173332770664,0.6436984539031982
0.15760333155787173,21.41611906613343,0.5104521142368024,0.8922189117406057,1.7421696616732412,0.32400721808274585,0.6580642064412435
0.1600134985877502,22.532503413837706,0.5815823085426368,0.8514851455277005,1.8022193456529945,0.2962736338376999,0.65168563524882
0.2271222553360939,23.525869392548202,0.6639328426019796,0.8429299402275641,2.3025705136381274,0.2517244095603625,0.6520712375640869
0.22217994143298925,23.578240825198947,0.6564013058681236,0.8230766456424439,1.9232148967237486,0.2622794359922409,0.6533155441284179
0.1950019230624592,23.547336508450417,0.6384329661950162,0.8371250840522414,1.7855505609401512,0.27417585750420886,0.6525712013244629
0.2867196394288894,20.56462644644456,0.6448305038037888,0.8525911382247383,2.948928797714805,0.2697947522004445,0.6510676542917887
0.22607867715884958,20.887401711589956,0.5825626315927271,0.8329208387325986,2.213668118865939,0.3018870825568835,0.6592270533243815
0.3610233894256516,20.732828994936277,0.6617095573765357,0.833600583549401,3.290982616988964,0.26148654023806256,0.6449845631917318
0.45926945099403493,20.461867412858634,0.6815245555696801,0.8397610710324832,3.824456424504295,0.2631203110019366,0.6056405703226725
0.5786476027008947,19.442072844949273,0.6568167514208444,0.8726658129780412,4.159772630025375,0.2625894596179326,0.6274942557017008
0.42405385612410135,21.090978385242565,0.6742217143964595,0.8069671107248234,3.325270860240204,0.25542365014553065,0.6396485964457194
0.286043488923428,22.760590338943164,0.636637642817433,0.7988208805969143,2.230192647289734,0.25767849137385684,0.6521710554758707
0.2810780983510864,23.92668461853636,0.6400186308652769,0.782398134772876,2.0277134772735264,0.26967134823401767,0.5926211675008137
0.2997836528975833,24.65098401699723,0.6552431005846285,0.772148983891611,2.0855606750329425,0.2482996334632237,0.6508892377217611
0.3504201609426552,23.905025778454405,0.6837806205972651,0.7547691761293382,2.465756461765923,0.2505802636345227,0.645329475402832
0.3099178400045579,23.64377002145227,0.6533899182079823,0.804225555994456,2.208738361353952,0.26256113499402994,0.6493114630381266
0.29956120315437906,23.553276449090763,0.6621380746935009,0.781504113975792,2.1695515679000845,0.25655479232470185,0.6244588692982992
0.2266139407196206,23.94467113327705,0.6122181861088711,0.7637827398441992,1.5733659686743924,0.28771111617485684,0.6447084744771322
0.257935314799176,22.955713980147213,0.6356930855546943,0.7606164404805537,1.8608558778542654,0.27874550223350525,0.6229662100474038
0.2454436037392758,22.231489245375553,0.5944847213010648,0.7845849590980326,1.6432839207077763,0.314609815677007,0.6686615149180094
0.31097565293598944,20.505389930514273,0.6043390578414737,0.8202722130282533,1.9291651773322906,0.31934607028961176,0.6670691172281901
0.2742074759940852,20.67215145494809,0.5728217181603895,0.8093535552611542,1.6240540538858665,0.33447347084681195,0.6442681153615316
0.29864664059145635,20.629955656657344,0.6071039388679721,0.8013135314364206,1.83984832688838,0.3128710587819417,0.6084487438201904
0.2664598542483119,20.741489475067684,0.5937534893787326,0.7977951523500654,1.5470319471459784,0.3267267197370529,0.6123001575469971
0.2562384391362118,21.437078742114952,0.6100579532077554,0.8014480637702581,1.5748801742223417,0.32114558915297187,0.6338915824890137
0.29953804419573576,18.8637689055044,0.6124447200090699,0.8070992365696722,1.6719500041566713,0.31631511449813837,0.6610215504964193
0.27267832999441455,19.339623231391858,0.5989048733462187,0.7994866557119948,1.5398340595523508,0.3110812604427337,0.6576917171478273
0.3171873844699962,17.734486855927962,0.5996916125234185,0.8210517901698932,1.7393882502204576,0.3127146462599436,0.6378494103749593
0.32252982110936085,18.0337561069181,0.616574048883003,0.8192816491566145,1.8005595232991842,0.300521453221639,0.5996538003285726
0.24728530566151,20.71374946665994,0.6190192323491841,0.817411296711164,1.387041384225138,0.28081854184468585,0.654207706451416
0.15372116936912225,15.988772830708603,0.3013793106208005,1.2152950682041908,1.0729232904093138,0.47204230229059857,0.6483584245045978
0.3798570429419795,13.867042075245594,0.3030222750006841,1.0876996943784982,1.0904941066717901,0.46074886123339337,0.6286867459615072
0.865986349998949,14.241523192899864,0.3328694594712413,1.112623426906589,1.7750512213010436,0.4503205865621567,0.6731241544087728
0.38659429159865316,15.732956030241013,0.3630449558822669,1.0271359021040711,1.3772330557908268,0.426276129980882,0.6431244214375814
1.2931890877575207,16.6436895482301,0.3995155001647936,1.1192574594589078,2.3076879031470976,0.4216698209444682,0.6525820096333822
1.0152003340202278,17.430962740557735,0.4253195645339494,1.026005032562568,2.0782722098555597,0.40338211754957837,0.6482119560241699
0.5051572453751382,17.313960584383487,0.41179362753769705,0.970684777251699,1.5770157424889695,0.4091188386082649,0.6645921866099039
0.2311354117990293,19.09854011256265,0.4460897911117467,0.9300144888104641,1.4768387851849776,0.37407824397087097,0.6217046578725177
0.26028470798833503,20.276776099976534,0.4945962145370572,0.8742276984692484,1.1153026150712357,0.3640525788068771,0.6393953959147136
0.20297292916542453,20.37870642610707,0.5112848179816547,0.873699876201005,1.2777386032301685,0.3692757785320282,0.6608364582061768
0.22306577657701102,17.97109619259783,0.44921823381886355,0.8285509960993721,1.1642680212437417,0.36065836747487384,0.6415104071299235
0.22971750903830654,18.106708297236494,0.45636049485490043,0.8322898514117654,1.415381000073393,0.35900496939818066,0.6576806704203287
0.2416456468181034,18.291084291806467,0.4532032505835179,0.823263781427818,1.5824019237956957,0.36831577122211456,0.6501900355021158
0.23859536235270107,18.801533443836096,0.48988973362352595,0.851436775502853,1.8990281991767333,0.36018167932828266,0.6765254338582357
0.24145483045777094,19.468938501494822,0.48703804428210445,0.7972880504955716,1.610565253685122,0.35026011367638904,0.6583912372589111
0.23809552143117196,20.140584660897797,0.517688419831573,0.8029052969885916,1.7285910887987452,0.3378881787260373,0.6727027098337809
0.2592591569799148,19.362109962661826,0.4768767544230536,0.7950743363070578,1.253225456353657,0.36172054211298627,0.6419986089070638
0.2524920410184719,21.152104319259028,0.5282333580074831,0.7616860929523729,1.4985068964382708,0.3267002403736114,0.6467587947845459
0.23791931824896995,20.233699090006372,0.5039529797246479,0.7701578374799268,1.4488214029429727,0.3435016522804896,0.6259117126464844
0.2495144188527267,19.679331502833765,0.5052727573768965,0.7973787648798251,1.7980105085392193,0.36458471417427063,0.650793711344401
0.25673381497036224,19.372608048037932,0.5051414617191946,0.7928426105901837,1.8776874484375201,0.3680533568064372,0.6476824283599854
0.23696965527828762,20.293590081854305,0.5258598244774183,0.7928530551904363,1.6810773872166251,0.366350789864858,0.6479041576385498
0.2932103954741019,19.426559936032245,0.5653810262183341,0.8091935786811102,2.2807967842189,0.34540703892707825,0.613501787185669
0.34311854717254614,19.66681428083804,0.6009666561134646,0.8200203769650463,2.6358422459271025,0.3215982069571813,0.6153093179066976
0.3838388967174562,21.243959739535793,0.6611951173489449,0.8208913483406063,2.9086291131272564,0.2952288016676903,0.6437106927235922
0.2527175013944167,20.307899190648694,0.5780514143031887,0.8094050201829298,1.9846589988575098,0.3322236239910126,0.6350494225819906
0.22304314618001583,20.371067247423742,0.5327192718176884,0.8030485207546585,1.6221218018199641,0.36203666031360626,0.604442278544108
0.3197453121821953,18.82570215192551,0.5830042756363479,0.8508552158777037,2.643809868621246,0.3448411722977956,0.6598950227101644
0.31381016888469576,19.56386338339639,0.6175323095078006,0.8211722517008359,2.5898587482902866,0.3235498368740082,0.6450644334157308
0.2101524038473588,21.69153364336931,0.5939942112300779,0.7989648199180245,1.7148041895935242,0.3266789416472117,0.6442221800486247
0.4045999832839114,18.563261022993277,0.628280430121357,0.8696613060562045,3.20513643187286,0.33148521681626636,0.606246550877889
0.27149514713237083,19.711955307462258,0.6325926007323325,0.8356161610012599,2.4115110441255543,0.3119577765464782,0.6460544268290203
0.2237756964905989,20.17265950236943,0.5967438097455815,0.8024282404393634,2.0022481281586995,0.318151369690895,0.6454139550526937
0.1893339803292736,14.752231751681828,0.2964795232232319,1.1528093242071824,0.9570452752068811,0.46783962349096936,0.6461992263793945
2.4253568315311544,17.612766109062616,0.4223575162498591,1.034529230657169,2.0517661720721407,0.401230089366436,0.6569533348083496
0.7584496820724199,20.682374778007,0.5115270251041625,0.8786161391806285,1.2930161728997935,0.3251078749696414,0.6463669935862223
0.18078920652682595,23.5133311596783,0.5995290574577296,0.8033882249113807,1.0806589059439042,0.26601218183835346,0.6662412484486898
0.1761706339945568,23.35166204400643,0.6514121346270035,0.8050164498466247,1.0463902929577216,0.23559843252102533,0.6798662344614664
0.1859560360132356,22.665113888787165,0.6438010238135433,0.7832031945888561,1.0130208603237423,0.23877313236395517,0.6456050872802735
0.18623508081568643,22.87798491831694,0.6582619851995674,0.8083685460026145,1.1662001838845237,0.2358248680830001,0.6720852057139078
0.18958819179567446,23.59233795422689,0.6382178405598494,0.7931835809429924,1.0559031892439241,0.239421139160792,0.6148761908213297
0.1958043948963141,23.985613750989273,0.6558974689240583,0.793852733792361,1.271016713869951,0.24560771385828647,0.5912838776906332
0.2015198753528883,23.81171249656589,0.6274474566616544,0.8132303623410432,1.1099741228944318,0.25993513067563373,0.6818233331044515
0.2144303246622301,22.521483591369844,0.5716317958791305,0.8059348315037603,0.9504096809938837,0.28534973164399463,0.607024908065796
0.23690256228739037,20.899108922925528,0.5525854457751896,0.8100860000085796,1.150472787661302,0.28753922382990516,0.5828576087951659
0.2669396233066086,19.464786045909758,0.5982118494765585,0.8015696801527122,1.4643737952147893,0.27967000007629395,0.5753137270609537
0.2516229013469849,20.36382804597842,0.589962226100805,0.7887900158296807,1.2821574563061107,0.28328420718510944,0.5371001561482747
0.23787626563774755,21.294961528060785,0.5530810963859238,0.7829555740126587,0.9948105137951487,0.29606078068415326,0.5429179668426514
0.23749108488457893,21.708194466768138,0.5868767401127102,0.7794976431950152,1.0710810536786999,0.2920919507741928,0.5569736957550049
0.2445171211940461,23.03056373731189,0.6361085403083931,0.7779252012479425,1.18963479740667,0.27832832435766847,0.5681285858154297
0.24106034299334989,23.364082734895703,0.6009330309829045,0.8165402864995382,0.9878511604469725,0.2993350625038147,0.5523864428202311
0.24655906322423338,23.240835500087144,0.6079673038833874,0.7891024171743058,1.004498087016665,0.2913705557584762,0.5588115056355795
0.2586051523938829,23.276189709659146,0.6421686837634565,0.7883894902031292,1.1291916379674947,0.2755924314260482,0.5542370478312174
0.26363346126470816,24.271651685649164,0.6470250016201261,0.7762742429102075,1.1198394498469941,0.2690517703692118,0.60206405321757
0.2909669607654171,22.93651859066996,0.6476706213362,0.8058604961170905,1.2395527504410422,0.2642063448826472,0.6715768973032633
0.2891387820515623,23.597162898131916,0.6571573093396572,0.7861555124944264,1.2263703515779194,0.25872375071048737,0.6629421710968018
0.3102385672551988,22.35632174353003,0.6550525925058889,0.7690368093614324,1.317369849722525,0.2589385410149892,0.6390531857808431
0.2832220536495796,22.831845645902884,0.6360788360540125,0.7948369779071521,1.1878163958418102,0.2742104828357696,0.6532587210337321
0.3107033120814338,21.932500824546562,0.6518502999581285,0.7968605405812252,1.360204093222541,0.2663101653258006,0.6667285760243734
0.2966713971154394,22.357166055156814,0.6648217385540547,0.8057661796721406,1.330888827186822,0.2756815751393636,0.6673132578531901
0.27037303390297757,24.01828580505361,0.6605014339180973,0.7842207700811628,1.1539986824496542,0.2538347641626994,0.6524495283762615
0.3057113077742103,22.06814747826128,0.6743664400699639,0.8249794649005713,1.350549741003473,0.26329576472441346,0.6671900749206543
0.2585181065730806,25.665285222344764,0.6591655701741471,0.8329433327783189,0.9926383878569855,0.27021093169848115,0.6560792922973633
0.2593071332400994,25.599154723795767,0.6928142973150315,0.8194866231973505,1.0475516157163867,0.2544427265723546,0.6308085918426514
0.25073407782258306,25.286646648613537,0.6909493856683654,0.8531492913306029,1.0396823289282178,0.2657876014709472,0.6648295720418295
0.22684891641674265,25.25805647134835,0.7086612132090134,0.816661888412605,0.9980643128844489,0.24977956215540567,0.6738535563151041
0.8791571770212933,13.859642716221467,0.3135073689133386,1.1342601381810669,1.6863242606052455,0.4464827924966812,0.6796947320302328
2.2780422664048037,19.78187775453591,0.4743430766331959,1.1168605233818958,2.3240109699161136,0.35202302287022263,0.5954177379608154
1.236457181021094,20.658661088483033,0.5043462171798382,0.9227954609766694,1.8290414561941908,0.32276563843091327,0.6864562034606934
0.44010969258392113,21.037709314517773,0.5400678006335274,0.8943942147952787,1.781486553091497,0.30857131878534955,0.6316323280334473
0.39990400189765846,22.34800366195648,0.5926215716724066,0.8467140960362988,1.7233417896689505,0.2774239455660184,0.6722197532653809
0.1783414588199961,23.63471429102462,0.6102109994437557,0.8097813283549757,1.4859219608410592,0.27772272129853565,0.6317364374796549
0.18706845206591194,23.527803025705225,0.5842514602917611,0.8076401000521786,1.191957153815522,0.2938336580991745,0.6516251564025879
0.14112855249641787,23.077882785126423,0.6191000779960849,0.8062390280054985,1.1187657459032556,0.2810684988896052,0.6362630526224772
0.14527728800672599,22.701598424256904,0.6315505257393009,0.7909477792947966,1.153686522875677,0.28998963783184684,0.6074903011322021
0.25286834738815206,21.427211067981478,0.6797000920649444,0.790855979486004,2.109635885787734,0.27008510132630664,0.65475861231486
0.2888186337665643,23.191599215741338,0.7422812540357686,0.8072281716238455,2.284663555915601,0.23678974807262418,0.6131184101104736
0.4542325154877757,22.582853467518436,0.7417832743716678,0.8088405626517731,3.111382659745177,0.2470174555977185,0.6580610275268555
0.5790430797332392,24.06656380010773,0.7878518590501254,0.7812412457831819,3.541127508273785,0.20938766499360398,0.6686176458994547
0.4285925666704,22.819214678000915,0.7171382349499306,0.7834311745678307,2.732757619215303,0.24713258941968283,0.6413451830546061
0.35193217664236237,22.729480604497255,0.6774505124588511,0.7755632338842923,2.171407185672535,0.2633636345465978,0.6266169548034668
0.3879649390060154,22.592480483792883,0.7041930746688236,0.7726756674920227,2.5660543771626627,0.27756264309088385,0.6165681680043539
0.4966634875852621,23.52658958357902,0.7491220786978398,0.7730775377752316,3.0969379075275207,0.25634083896875376,0.6510496139526367
0.3179489217103489,21.557128703882842,0.6597463697916449,0.7354869700469547,2.419497176786292,0.28848568101723987,0.6628548304239908
0.2535658105688878,21.37143249676636,0.591325012074504,0.7359320750515476,1.7899970244379748,0.31997102499008173,0.657193104426066
0.27566377281105975,20.2333201255873,0.571017004896601,0.7751835896264309,2.023055477068011,0.34102001786231995,0.6376288731892904
0.33721198099523225,19.94079606658465,0.5868704191799873,0.7810721237864525,2.3966385342197194,0.3207908670107523,0.6240842342376709
0.26955322747665206,20.50480575584034,0.5708854464620087,0.766691869882186,1.8400268230568024,0.33349723120530445,0.6431917349497477
0.41803150184699334,19.858142502746432,0.6388671500254421,0.783467637630619,2.9021950816904156,0.3043356637159983,0.6397120157877604
0.4770162634085704,19.782708036434855,0.6466156624324332,0.8002815363534795,3.1096881826042577,0.29610903561115265,0.6679405371348063
0.4638959162795509,20.24676187964309,0.6593429518352263,0.7720286853464507,3.0992856201532337,0.28937078018983203,0.6479502518971761
0.25073536561510223,22.068689204209438,0.6154235641104066,0.7599903472948784,1.8749645146473446,0.30918521434068674,0.6000746885935465
0.24574712951833036,21.491268796540734,0.5992533645909688,0.7573843916101985,1.8104855735506493,0.31746920943260193,0.6620009740193685
0.332021432099266,21.311669336024522,0.6543364464108689,0.7724510632665588,2.538021313143337,0.30253160496552783,0.6382798353830973
0.29881965743106936,19.522906628359962,0.6138867851777465,0.7793815368936157,2.328401239355432,0.32563081383705134,0.5899863243103027
0.2513727867370766,20.89396998206742,0.6006165176429895,0.7622992877606878,1.8298268777099524,0.3138973812262217,0.6403764883677164
0.28681343692504785,23.155632946585513,0.6605481093576072,0.762281497606979,2.109217639960276,0.29002419610818225,0.6401560306549072
0.24692896763973252,22.74674937580669,0.6193451136548983,0.7788862929742338,1.8169025599958744,0.3168012797832489,0.6454524199167887
0.284870632150535,20.373279081004736,0.6120172123571089,0.7805578518836654,2.1432343655131696,0.3167746911446253,0.6276367505391439
0.2812391948784533,20.126714942439516,0.5846747780457645,0.8205555320617615,2.078816034532557,0.33850035071372986,0.6597825686136881
0.3092324482245254,19.817252976541877,0.6186457009006896,0.7663661642200829,2.321071499545764,0.3050986205538114,0.64951491355896
0.21427271582143378,21.86421425999613,0.5712399533695697,0.7801302054775935,1.4914139849700383,0.31492095688978833,0.6515819231669108
0.20581537853213938,23.19115671308587,0.5993777340518573,0.7818634965355695,1.1688145407504693,0.2936170722047487,0.6489815711975098
0.1808650633208122,25.17513999572563,0.6751088867630165,0.7944600765994728,1.2279993303714212,0.2534358526269595,0.6805420716603597
0.13617508160567812,16.117733161382795,0.30176202255971946,1.187120373709055,1.0370351477098507,0.4661967158317566,0.6643408139546713
0.23286221221227965,14.19421794166076,0.29730411659204714,1.0999458067669419,0.9316492526728751,0.46833468228578573,0.6550729274749756
0.41936307718392,13.573114911548053,0.3040492755097515,1.0712547939126835,1.246101752796646,0.4595181221763293,0.6305432319641113
0.5890055196524837,15.454879242523143,0.3622659789544113,1.0887053406766218,1.690996191035777,0.4379305541515351,0.6825846831003824
0.5678549279438556,16.36728520157749,0.3677615318161968,1.0396050734728968,1.318791763839714,0.4331844349702199,0.6540427207946776
0.7417764671369532,21.029430921131816,0.5215195609757796,0.9958045391727172,1.6640757758920148,0.3189620648821194,0.653323252995809
0.3379165007572544,21.72566836695624,0.5486956442115695,0.9049821236423142,1.1709183967029515,0.31978235393762583,0.6760592460632324
0.24055400142047545,22.074269103158425,0.5548880176652103,0.8974526713987006,1.1343424857241677,0.31416788697242737,0.6701428095499674
0.2054140169690225,21.295358953558054,0.5348166531806967,0.8767366157399472,1.0937285323625565,0.32440191010634106,0.659151554107666
0.21033973708705936,20.477179145614844,0.5247765519078099,0.8465596700417599,1.038092875375356,0.3290088971455892,0.6486892700195312
0.2152432018674363,19.962440464719965,0.51089024552255,0.8521069082463987,1.125424331605728,0.35000364979108173,0.6907889048258463
0.21797224965636217,20.167669459979027,0.5214769184652103,0.8440205228175763,1.3156093603706445,0.3449861059586207,0.6733357906341553
0.21973225178525904,20.065389636644667,0.5304877268193163,0.8402062297481508,1.1742026330430744,0.34432997306187946,0.6668124993642172
0.2203499507922785,21.581478965138388,0.582904839903064,0.8268189752170434,1.4045893608995677,0.31828490396340686,0.6727541287740072
0.23788536104940508,21.924175831883407,0.5823230359549393,0.8302370446339142,1.4768111665979695,0.3138449216882388,0.6672847270965576
0.2517394542501665,22.06891824016417,0.6471836115249837,0.8195015528846974,2.0324015718690727,0.3008336424827575,0.6619524161020914
0.2451271017104315,21.94269205462216,0.6210326751742398,0.779325842840897,1.8322780213598062,0.29719194521506626,0.6411089102427164
0.2955224487183309,22.367616049850813,0.6583929221722922,0.8095741895727421,2.2974287009183363,0.28513556967178977,0.658371607462565
0.3446412771565523,22.946342402742005,0.6951299780395573,0.7922776923648378,2.6467661751119422,0.2632213234901428,0.6528793970743815
0.2888797707734272,20.623283195030055,0.5890101459084175,0.8018712410896581,2.160824747105812,0.314327672123909,0.6784694194793701
0.2647912763632101,20.267420100565705,0.528112269142626,0.8041844635561338,1.7092410912510523,0.34516844153404236,0.6436266899108888
0.2516005840698193,20.319072153480572,0.5204677891185155,0.7684318242159596,1.500695211671487,0.3384728928407033,0.6385742028554281
0.26293281782689554,20.423409399700517,0.5407195921075386,0.7931806390429789,1.7742197407484255,0.34061575432618457,0.6503169536590576
0.276281946268557,20.413981903951584,0.5753927533496258,0.7536794551195797,1.954497861944347,0.3219742973645528,0.6667184829711914
0.2679469570769008,20.094779318708476,0.5395030484105325,0.8005588032584199,1.7774641244437772,0.34161795179049176,0.6325437227884928
0.2451664363497784,20.5749161835885,0.5056722687337596,0.7916508612976177,1.3074985937822499,0.35454926391442615,0.6482915083567301
0.24443379227157466,20.135528750226865,0.5051416969622733,0.8066769194911667,1.3481579427042758,0.3594156851371129,0.6654289563496908
0.2554831282943697,20.185364327819453,0.5470912281378795,0.8158586898896208,1.6790099984980904,0.3218794067700704,0.6500568389892578
0.26274205137214895,20.502016438903304,0.5512340673276044,0.8270027241198875,1.7704335939606175,0.3153221656878789,0.6479299863179525
0.23384062441590933,21.16323886374545,0.5169467322990683,0.8033462474935634,1.161268322299077,0.3198472609122594,0.6571853160858154
0.2302117467693908,21.399760952493136,0.5234370352378562,0.8082356654677927,1.209768649420136,0.3153619716564814,0.6537714799245199
0.22872423249326804,21.746470518946627,0.5295470070541287,0.8327763601128225,1.290210196353588,0.3075796713431676,0.6456006368001302
0.3831544630433718,20.646985129891558,0.6836257593406412,0.8317391630764673,2.682621934760786,0.2264115363359451,0.6516639391581216
1.2068086192769563,15.289435786549257,0.36436028639673707,1.2037841776221407,2.3282109037188476,0.42504114160935086,0.634948968887329
4.628540293730812,22.453075682600787,0.48706442534533134,1.0639618008157397,1.946547495291469,0.28868841131528217,0.6433809598286947
2.3800463450921443,26.302857020807792,0.5072919008446495,0.9533271794079967,1.2583104772072915,0.20387064789732298,0.6842965284983317
0.6841228259406832,27.43619209807601,0.5448077078121231,0.8578398595585544,0.9802399490866263,0.16759849588076267,0.6472930113474528
0.22744856049486065,28.092061905498564,0.6192694149262948,0.7950686993780641,0.8448616155539693,0.14261956140398974,0.6358144283294679
0.19599247861349903,27.561352240018085,0.6597559841963115,0.7940577084215933,0.9106188540526624,0.14565179745356238,0.6746532122294108
0.18656490165325645,26.761997752561996,0.6725764484140794,0.8132663100210067,0.8511216113755463,0.15155166139205292,0.6748692194620768
0.18515066685066825,25.68060330268212,0.6835758539304789,0.8298463087391502,0.783859357372036,0.16484020650386808,0.6510015328725179
0.18707562627738872,25.274608007848645,0.6966091041379753,0.8209364593064435,0.7829029600960732,0.17475148042043046,0.6531251271565756
0.19151348219044415,25.154389158588575,0.7097817817982027,0.8081639574507095,0.8142965308547897,0.18014033635457352,0.6663893063863119
0.19836875667832313,24.60658630362255,0.7020899019203662,0.8226924096853611,0.8153591050880755,0.19999351600805917,0.6370762983957926
0.22263245234470755,24.37192884337909,0.6639523382466651,0.8014178850076128,0.8443426958587384,0.20358870178461067,0.6456673940022787
0.2368651259654996,22.89121554447155,0.6666304277931214,0.7874379749277386,1.0478348310078291,0.21388423939545945,0.6675628026326498
0.25099580129026255,21.838072471641766,0.6710913169674012,0.8121022629542142,1.1354213208447164,0.22062333921591437,0.6587682565053304
0.2488406270472363,21.897079774985073,0.6457404128978498,0.814072957320736,1.0620661217684886,0.23772903283437086,0.6461251576741537
0.23368919565282642,22.52323274508304,0.6544422217697156,0.8173180650530519,0.9807298965637331,0.24809251228968301,0.61543869972229
0.23571237913283402,22.65281298336909,0.6608347950926534,0.7583538905311357,1.0078498672833938,0.2388497292995453,0.6487162907918295
0.23248165808504218,23.023150073577295,0.649533630145657,0.7878428900038651,0.9365614773442009,0.2583560695250829,0.6567259629567465
0.23763793952132597,23.243060778641762,0.6308860948234144,0.8176309358082287,0.8707719948064637,0.28167518973350525,0.6549398104349772
0.23940622036502543,23.115673219291043,0.6648776707600857,0.771082706068125,0.968512598874903,0.2657812138398488,0.6481271584828695
0.2360490815035492,24.005837562412868,0.6553177179158688,0.8087979944349509,0.8969661564222712,0.27520952125390363,0.6355601151784261
0.2402425987310327,24.0254980324283,0.643253936227621,0.8045244070287216,0.8442245886711808,0.2873635590076446,0.6550031503041586
0.24245964121419783,24.294465526598856,0.6517197604300443,0.8109912909370127,0.8533728684089389,0.2919353594382604,0.6730162302652994
0.25057091069252047,24.445077948795625,0.6666126323559688,0.8119678646444771,0.8861840935297921,0.2851195285717646,0.6453879674275717
0.26395265384380534,23.96180562752096,0.6736164777564229,0.8303848314180747,0.9538954002142964,0.3031137436628341,0.6540281772613525
0.26656993274233276,23.978542664456395,0.685087517000717,0.817433674782661,0.9504224959176337,0.29830571512381227,0.6563927332560221
0.27117720467156176,23.759538172736452,0.7019448375833267,0.8158670828903863,1.011643190499912,0.29883650441964466,0.6377289295196533
0.2636797941117934,24.121947742563265,0.6623377859187058,0.8529475132345036,0.814601881344334,0.30765464901924133,0.6466110547383627
0.2644462609132498,23.92621604768757,0.6628989450303809,0.8190717466272718,0.8521404311048048,0.29338565468788147,0.6611080169677735
0.25815269504753674,24.86451212138499,0.6583067945862789,0.818603370755695,0.7501588439959282,0.2952718784411748,0.6634489695231119
0.2496579431986116,24.631285329527135,0.656861849648006,0.834660303581431,0.7180379102727003,0.29173019528388977,0.6499024232228597
0.24356064266957977,25.158930411594806,0.673174000688082,0.8378849400269016,0.7993735575246596,0.27140264213085175,0.6383419036865234
0.23817362895266334,25.025272761864812,0.6663143505080559,0.8444629211819193,0.7879063630203126,0.2754132052262624,0.5905652046203613
0.2379776604751507,23.87398917947816,0.6724653077241367,0.8372166122232191,0.9282405115946878,0.26260918378829956,0.6514806747436523
0.22876602656413458,23.87242506465708,0.6966625315749094,0.7980315981191969,0.9347814137155975,0.24133606751759842,0.6571272214253744
0.213969230139572,25.76251134620358,0.6901164550378468,0.7883607589387012,0.7935521352051552,0.2217190985878308,0.6700521310170492
0.19414106620723678,26.12427242666108,0.7140702145573036,0.8104467532304671,0.834142545521099,0.21822744607925415,0.6582884788513184
0.05494967349851653,30.36779660959647,0.7028240648305273,0.7994856869196062,0.9764874449306796,0.10013350844383236,0.7012101809183756
0.055429943722507265,29.198121841287406,0.6990400999039542,0.7977219197944804,0.9985505111697474,0.10924970606962832,0.6412075360616049
0.07351762760986603,27.679543228022528,0.7668681705918452,0.7310051331274302,1.2521953534170887,0.10118076453606284,0.6409582297007242
0.077958520266453,27.70950550005494,0.7483560999983125,0.749726154361367,1.0287133048788937,0.12127699951330817,0.6413479646046957
0.09081212153201772,27.786358916993535,0.7601334981449748,0.7471861799517514,1.064686581227457,0.12992040564616517,0.7013248602549235
0.11553529679520692,26.36557894842259,0.7217606416800882,0.7958128514963692,0.9371949925834043,0.15310228864351902,0.6644346714019775
0.1413736285108176,25.783478733338058,0.6810309019700668,0.7901412009121457,0.8965399461466553,0.1708166872461636,0.6416548093159994
0.16327012307907257,25.162480027095096,0.6504774470839738,0.7927299726929836,0.8407370181473045,0.1907248571515083,0.6650183995564779
0.18487908972314374,24.489198465027993,0.6499547265005786,0.794214162188283,0.9146830420555436,0.2076309223969777,0.6719630559285482
0.19716311341231552,24.49400540849518,0.6196329216565735,0.8076939282644737,0.8409456073306928,0.21755079428354898,0.6140751043955485
0.20174210908578047,24.258859538844135,0.6559119411994295,0.7909980658900441,0.9244680351870608,0.2337016016244888,0.6735742092132568
0.2002224844812639,24.061601325882304,0.6320515017473748,0.8195172379648724,0.9026081860012685,0.2521372586488723,0.6465945243835449
0.20651449674025144,23.458002243809386,0.6382791382645491,0.7996352452656201,0.9368412063892563,0.26569418112436927,0.6611205736796061
0.21845105959028996,22.440796649706204,0.6524747450312625,0.804495148410428,1.044117393647522,0.2583850373824437,0.6864967346191406
0.21548714590207638,22.976545385161568,0.6341523032604122,0.7968453645045653,0.9307540637549092,0.2679093480110168,0.6559514204661051
0.21862141653848702,22.499657981634886,0.6099759340894326,0.8286568627570737,0.8763302686824664,0.29346639414628345,0.6499274571736654
0.22158701518081916,22.25059177135397,0.6236998545367901,0.8092926539673838,0.8947138966351301,0.29296293854713434,0.6497532526652018
0.23536600011294487,21.558801254855847,0.6470853580538597,0.8303822634161225,1.0087199145128343,0.3072595546642939,0.6772713661193848
0.23649564783428723,21.893583531119166,0.630549045579157,0.8290887401075344,0.9413540704926998,0.3094829320907593,0.6648348967234293
0.23773576720809209,22.33045401032273,0.6335972661776791,0.8171678032327733,0.9020759973481866,0.31364876031875605,0.6553075313568114
0.23755917358460354,22.94172964239388,0.6322505821991337,0.8275026245391607,0.7949966903920612,0.3178979158401489,0.6453572114308676
0.2432500265215698,23.08679928122284,0.6653558025025185,0.8209137476225563,0.9199697514091983,0.3048242628574371,0.6567758719126383
0.2588181229532937,22.89652007878564,0.6814828814699877,0.8336903291188372,0.9827280709776899,0.30967724323272705,0.6470963954925537
0.26567809636702994,22.88653925388181,0.7005664654412381,0.810487718677526,1.0400142927865763,0.2991473625103632,0.6420100529988607
0.2691626642852895,22.97490581698928,0.7105822740912303,0.8050112947407534,1.0514516218924304,0.2995880991220474,0.6563402811686198
0.2837837303510904,23.2538531067749,0.7233753285586692,0.832614651559307,1.1238988166175021,0.3081096013387044,0.657214085261027
0.27087453422563057,23.59753618867119,0.7072595724312841,0.8419594441568407,0.9922123644409929,0.31362708409627277,0.6495420138041178
0.2642381367443896,23.47030782695772,0.6989340770464713,0.8210215254479581,0.9650486515960347,0.3066454976797104,0.6538705825805664
0.3061039246018679,20.251848102980905,0.681635117083433,0.8269857261812934,1.1965997811660851,0.3073748101790746,0.6733914216359457
0.31235875548649233,19.334313856529757,0.6590189936295313,0.8452127950476482,1.2172075616054687,0.32759993771711987,0.6589429378509521
0.24891831014448662,23.371329490618166,0.6668115412788421,0.8425987914301113,0.8383899374209657,0.3156320999066034,0.6669264634450275
0.2429041303049636,24.09685344223983,0.672281206208619,0.8329949576834589,0.7799169994754256,0.2919653505086898,0.6774099667867025
0.24026512947370704,24.01166088066829,0.6673572783043554,0.863993048773717,0.7542750828555237,0.3025183478991191,0.6863277753194174
0.23696244340719763,24.526733875896884,0.6817051923583342,0.827505064476064,0.7190743183223476,0.2858301252126693,0.6693719228108724
0.23506699830059605,24.618343541171868,0.687757825764443,0.8378234129047007,0.7598255207020076,0.28520001967748004,0.6536215146382648
0.23597777578296306,25.11585528724271,0.7063039859627845,0.8243644300202941,0.7792099350402902,0.2681177904208501,0.6758759816487631
0.23154358749042436,26.827608179221116,0.7327410852309604,0.8224706711225741,0.7472804971243826,0.25579709311326343,0.6659471193949381
0.22743651271585422,28.215556198024384,0.7630855857412807,0.8190677521738721,0.7388041942209292,0.23970474302768704,0.6780210336049398
0.17270512995581822,14.68614333573199,0.30709284532455244,1.1217372059959343,0.868590224678394,0.4822121237715085,0.551564296086629
2.482458339690996,15.988768908584744,0.38063245149384484,1.2916073887931725,2.5599301653991566,0.4369055206576982,0.5781255563100179
1.0401783222438992,17.011283882587684,0.4142658948807693,1.130055968197891,1.5355237114320595,0.4131587694088618,0.5638671716054281
0.46222091428086626,19.204379693445226,0.5050041866759348,0.9870718720019734,1.5567700090517531,0.3466469272971153,0.5722830295562744
0.2562563795572346,19.451841957852267,0.4731905225064538,0.9274684892411473,1.2726313261891946,0.3640556385119756,0.5554393132527669
0.23271589508811488,19.538782712407354,0.4968368120717172,0.8842131817448443,1.5598478090189103,0.35043466091156006,0.5538588364919027
0.19450554007725904,20.846811788682206,0.573818390720222,0.8224612318988287,1.6545154080359215,0.3133003463347752,0.5625684261322021
0.16592599202949862,21.50356922902675,0.582187288004082,0.84109329288993,1.5067855609255691,0.3126153325041135,0.5556303660074869
0.2729778841406371,24.107686719887173,0.6585246612698611,0.8598003298925351,1.74202285691735,0.26517630865176517,0.564573844273885
0.2923655345116612,24.382071359654656,0.6290844282968929,0.8305306599724132,1.33396262145318,0.27453799049059546,0.5645307699839275
0.19328022830845323,22.12560397762179,0.6647656363051166,0.8030795346801183,1.8645110692267266,0.28553329408168787,0.5816802183787028
0.21074710946023403,21.496253192446474,0.674770274676173,0.8102365801803705,1.942445754471794,0.2869166334470113,0.5746981302897135
0.23366835112485237,22.214016490885303,0.6966489067958412,0.8000418898832894,2.038758338780258,0.27095044155915576,0.5796323617299398
0.18686341845520804,23.118882597378825,0.6723410205066344,0.7485575476007492,1.5465573212846966,0.27703973402579624,0.5717243353525797
0.1966509668924724,22.91098800938536,0.6141942785486944,0.7600924318792845,1.00635158371953,0.3026767671108246,0.5515312353769938
0.188570100877001,24.663237860697905,0.6686957328230653,0.733541194142722,1.3192771934510759,0.2742166022459666,0.5645500818888346
0.20040891666918773,24.579987741066436,0.6710923133714309,0.7037081439344987,1.4144182895241169,0.25776666899522144,0.571411927541097
0.20638324940494857,24.683086099575892,0.659846010430452,0.7401746763279159,1.4494553074526406,0.2772030134995778,0.5609375635782877
0.3393753461610202,22.368273446130658,0.703726735942419,0.7915328551689299,2.4632903069343404,0.26295222590367,0.5592136383056641
0.3975256144027306,20.487479734860326,0.6844986593129763,0.8035228455553615,2.6455316274333724,0.2737957909703254,0.5673727989196777
0.4400331387474387,19.289232873957896,0.653161832174912,0.822726742206644,2.808071957175567,0.2935830354690552,0.5687300364176432
0.34601556994662813,18.812520750485543,0.6141028751247002,0.7909951782532625,2.25959399670615,0.31589875866969425,0.5581698417663574
0.24050832019086146,20.612295198193088,0.5996000967917952,0.7574657562845166,1.6509849283493292,0.32212681074937183,0.5639040470123291
0.31306896856843164,18.950681860347395,0.6075289230944394,0.7840279767732232,2.110696011872832,0.3256575216849645,0.5643304189046224
0.23699619953182624,20.53879962542676,0.5870204175292236,0.7571533824720843,1.6193904260012923,0.3256186197201411,0.5576628049214681
0.21270190598275915,22.381453143767796,0.574022820041426,0.798057084425419,1.393603636687913,0.3584993580977122,0.5450210571289062
0.2808555256556951,20.016606084104627,0.6130134239614541,0.792909128484386,1.955393716161013,0.31852342188358307,0.5479945341746012
0.3765378954247751,17.866962142553458,0.6148005830777458,0.8045391788492333,2.3450922849906317,0.3282537460327148,0.5574284394582113
0.22506507651220722,19.626636702042568,0.5702138465707196,0.8058563350712927,1.4680641412427449,0.3624865810076396,0.5726872285207113
0.24508611889426093,19.005532962669474,0.5807467101123263,0.8002507286186189,1.5720448723418485,0.3413543750842412,0.5831622282663981
0.21783496811997752,20.103289140894265,0.5490917010289685,0.8015114763911613,1.228260873731117,0.36474065979321796,0.5622789859771729
0.22245063039901283,19.74889031571108,0.5767933598170268,0.778309998777189,1.3277226408316094,0.33754928410053253,0.5828179518381754
0.31656837464944987,17.189243673228273,0.6091163319706939,0.8173649451670432,1.969425180634247,0.32687169313430786,0.589480479558309
4.636082711124036,18.764518953866116,0.45656845424015285,1.3887022440497823,4.902420118382694,0.38412709285815555,0.7375615437825521
1.5631128866265875,26.41631502747646,0.561948524693901,0.8408576643027676,1.3487922165028163,0.18340229739745453,0.6456876595815023
0.8923667114648298,26.98956188083315,0.5803863674090944,0.8332514699364099,1.24088844388964,0.1710026810566584,0.667888323465983
1.3560227833785834,26.05136017374323,0.5524638087931657,0.8472217395170167,1.2902208512544917,0.20969216401378313,0.6658075650533041
1.1383202378794535,25.232438514913238,0.5462037685899529,0.845935836794823,1.2159025620821338,0.22710498670736948,0.6395986080169678
0.41927213371810296,25.32814984948439,0.5717538971069468,0.820645957359543,1.0604447771497585,0.21895946313937506,0.6567169825236002
0.19989257762022902,25.347951942275518,0.60878819731017,0.8233595300709814,0.9337780006771483,0.23261029024918875,0.6778098742167155
0.1652503263475212,24.852088487188087,0.6260669913841044,0.7951128853693508,1.009152390799325,0.24180482327938077,0.651823361714681
0.14480302122886826,24.992444935977527,0.6480932295317215,0.8134005912268775,1.0191874975528399,0.24178420255581534,0.6528858343760172
0.21582454486288905,22.493862597634166,0.6746889732305986,0.817115579226952,1.593353550173336,0.2322638233502706,0.6439752578735352
0.16744000782703816,24.179005006124722,0.7267400694921079,0.7991363802869328,1.3776906629213717,0.222607913116614,0.6417407989501952
0.17051477263337078,24.64185473301463,0.7154396449537991,0.7989071961857794,1.067389258565001,0.2342014809449513,0.6543140411376952
0.19678265913676177,24.547945646395053,0.7178671885033984,0.801554257571258,1.11751682174613,0.23512825866540268,0.6733576456705729
0.22318314401961836,24.16713734346648,0.7125385790667593,0.7718049210094314,1.1655156150161692,0.22886920471986136,0.6354435284932455
0.27183747115947005,22.110210829519094,0.6954473775176379,0.7759268635135547,1.4297304300090286,0.24454219639301297,0.6673518021901449
0.2574880847372733,22.09890149962349,0.6300338878794834,0.7714249151013176,1.2308676494691089,0.262124016880989,0.6587259769439697
0.2975616452431581,19.99752933904642,0.6127504589857556,0.7739811835061211,1.4187928393246982,0.26624249418576557,0.6263256072998047
0.26552598662674204,20.89372434784033,0.5953565535829891,0.8015063471957236,1.2495971103311938,0.2944162935018539,0.672844648361206
0.2578713684710257,21.051840590833717,0.5750493079567657,0.7663059983549093,1.1125502539505956,0.298630545536677,0.6883629957834879
0.2473923458249571,21.92301422533328,0.5744082826874602,0.7840992393283016,1.0482264306597056,0.3019276012976964,0.6945235729217529
0.2645172597121352,21.419645451764023,0.6011859690660217,0.7659948316424631,1.2605856356606415,0.29105448722839355,0.7015534241994222
0.28490586447093164,21.368384410443934,0.6298149743871684,0.7618379093107032,1.4319252855987197,0.28068834046522767,0.7132473786671957
0.2492063981795429,22.414545275004105,0.5846119668041078,0.7981635506969947,1.0945918459738397,0.3121750007073084,0.7193779945373535
0.26201123811805876,21.657412786731626,0.6079665170055993,0.7850289274593137,1.2450513681227242,0.300446942448616,0.676102081934611
0.25123654513406435,22.603362824107823,0.5967377121473807,0.7985170594191628,1.1370754323304653,0.30309905608495075,0.694006601969401
0.2528350140898254,22.657186263856858,0.6155719939646396,0.8028985236086189,1.2058178945907132,0.299624299009641,0.670943021774292
0.24951782549202975,23.440521427654645,0.627224981616062,0.7902963611820205,1.1338499303376097,0.2845987776915232,0.7140123049418131
0.26343814695154083,23.24004078250299,0.6466696358299747,0.7807366733673925,1.1684671587741668,0.2857331683238347,0.7296407222747803
0.27692927922937494,22.860215272598897,0.6397614518737503,0.8187145252952317,1.2128239321680507,0.29686867694060004,0.7231261730194092
0.28724879341046766,22.56198159720776,0.6562530252821971,0.8058493934143862,1.2606389901654564,0.2946275720993677,0.6918417612711588
0.32250258084336697,22.420485990144567,0.6716198699711967,0.8448322188605676,1.3976112686838675,0.2892054220040639,0.6623984972635905
0.2826799001090303,24.80128814049222,0.6561425484760571,0.8404954386315256,1.0294605723744341,0.301043689250946,0.7146371205647787
0.32670588896671277,23.692185402526984,0.6979160093733539,0.8280110794707953,1.3212380477223924,0.2822664926449458,0.673685630162557
0.33775925260964507,25.402976011238426,0.7321176763941729,0.8398095470737279,1.36417347162128,0.2564293295145034,0.6831495761871338
0.3306848719663767,23.48932866241306,0.6936653405050964,0.8268362348365107,1.336038572225134,0.26979518433411914,0.693702777226766
0.27406112349708694,24.133584183730388,0.6407807753809149,0.8395754905815928,0.9818648215548119,0.2857884615659714,0.6969741185506185
0.28749104776970874,22.364715801890355,0.6380604973318592,0.838911674502936,1.1681697705755785,0.293827732404073,0.6681462128957113
0.2696740057617602,23.740635013761267,0.6585736072673432,0.8071376299709027,1.1295378919899053,0.27398637433846784,0.6859714190165201
0.25792944407684,24.551851380382022,0.6546243874696912,0.8386347541558461,1.1183007117165356,0.2794214487075805,0.676781972249349
0.24940253569689308,25.577488890085704,0.6657608160085735,0.7852373324181573,1.0434524812727475,0.25646330912907916,0.6807156403859457
0.2593702546616125,23.98835061152403,0.6360882142103506,0.8181506279558913,1.0250525913813509,0.2797323067982991,0.6755722363789877
0.25898383031591116,24.51856329159672,0.6279265154523167,0.8169061660381942,0.9035298354139959,0.2771138499180476,0.6931507587432861
0.2511066269046625,24.173848767525147,0.6859776249801056,0.822879445656964,0.9797094141865021,0.26518171528975165,0.6738871733347574
0.23278543443504518,23.690921303796273,0.7414718139089785,0.8007067698819523,1.0842204638782962,0.24927510817845663,0.6837678750356039
0.18643700993071885,26.621286339143932,0.7493345475810328,0.7811502417053516,0.919011667571759,0.22974235812822974,0.6698005199432373
0.14844572813563273,16.20170478613942,0.3138957284528155,1.2865364148325482,1.2605251514750455,0.4726007953286171,0.6375712553660074
0.8501521895630666,18.57037389469598,0.4402858214364111,1.113057452027543,1.890935173626281,0.3641781955957412,0.649645407994588
1.0561989712354838,22.984451305739174,0.5464560835598964,0.8991486278486107,1.6884159727404817,0.26048536101977027,0.6641308466593423
0.8718646053933115,24.882213213538222,0.5580868857282614,0.9081794781057083,1.3890719312707718,0.21861762056748069,0.6475591659545898
0.1605293552941324,27.8055094738684,0.6644914255326132,0.8070825444356801,1.0709831923010025,0.1606703127423922,0.6608607769012451
0.1211720803245579,27.049500709601393,0.6995822768443114,0.7769917135021712,1.1005975637262833,0.1563671727975209,0.6638391812642416
0.13073565538577722,26.10763095569837,0.7186902881477041,0.7853261002633184,1.1004351027064272,0.15061051150163013,0.6655815442403158
0.14779290062334619,25.148560471756923,0.7306043037866631,0.7751016272232897,1.149998108888474,0.1567125668128331,0.6951051553090412
0.1594227584013418,24.98860710901593,0.7132658653962033,0.7685636767566649,1.1427097847568772,0.17232558876276013,0.6452425320943197
0.15370205532416034,25.575785076521544,0.7109969079960109,0.7588561391462378,1.004485352147419,0.1750410472353299,0.6673112710316976
0.1527504090931332,25.346917673557083,0.6906760841278742,0.8124052354369967,1.0400456855944453,0.19235938787460324,0.652423620223999
0.14996140358519344,24.68490829418054,0.6987720452778968,0.8036174930758825,1.1419725841240218,0.2092645242810249,0.635270357131958
0.157941782119153,24.224349892232805,0.715665451352137,0.776062853754874,1.2422504894189241,0.20899665355682373,0.6314772764841715
0.19212858026250912,22.791993838234657,0.7235693682302521,0.7561150619107498,1.4249667956644618,0.21264538665612534,0.6368664900461832
0.28875496285066077,20.63788025471043,0.7285128211504034,0.7603380893286374,1.9013675001859147,0.22353382408618924,0.6515694459279379
0.38333550519209775,19.566023975681933,0.7187964863854579,0.8483963010151107,2.2185602842240706,0.23058673491080603,0.6654345989227295
0.31817697034998665,20.409366483045755,0.7222495815127322,0.7786784583614859,1.9893465925796583,0.22557208438714346,0.6639713446299235
0.3900259150755314,19.84324260416935,0.7150433949541558,0.8152070480320487,2.2094048126168726,0.2330267454187075,0.655282735824585
0.5032502427320026,18.442326078638683,0.7145998151207493,0.8385996271697378,2.517191803055482,0.24425631264845526,0.6362037658691406
0.28583851855609615,19.709912896119107,0.6677640739491116,0.7936626453585071,1.6994683302752234,0.2707483818133672,0.6386221249898273
0.29545093617045387,20.089497046364745,0.6806384470031183,0.8009654136154563,1.726900251701717,0.2685402234395345,0.6570621331532797
0.3174008569048154,20.042565283321807,0.6723066838660662,0.7790661068488856,1.7784829780846583,0.27240349352359766,0.6624733606974283
0.351662552300585,19.550807075154037,0.6658917356725719,0.7979289787038867,1.8501834199183247,0.2761377046505609,0.6506345272064209
0.24019379951935835,21.83302461783511,0.6629184031477626,0.7813444721172361,1.3977589538907802,0.257416824499766,0.6452675660451254
0.22916381480898054,22.666417208734142,0.6738998745573537,0.8074609754610309,1.3668252783337005,0.26475754380226135,0.654796838760376
0.21991619030894083,23.50679793923861,0.6681084260290807,0.8054958276190599,1.1800980437161226,0.26105969647566474,0.6633028984069824
0.21780695118486046,24.42454367111128,0.637078915517841,0.8154171048088964,0.8884673972472727,0.2750871032476425,0.6448160807291666
0.2218748254467571,24.49647669445984,0.6384818921851257,0.8170483560459335,0.8162138706774789,0.283210610349973,0.6788793404897054
0.23019388197434706,24.27790606431277,0.6524282868384488,0.8405683658228492,0.8938888279330944,0.29399845004081726,0.6953510443369547
0.23458191872387416,25.043035120009836,0.664500250034738,0.8048111142381567,0.8377190227171502,0.28680791954199475,0.6654787063598633
0.25065741570755007,24.773205977157033,0.661701601895237,0.815217398726508,0.815748124871639,0.2860456009705861,0.6677908102671304
0.25630975137017886,24.816233408316624,0.671535282008588,0.845627117723904,0.8241228707532252,0.29488469163576764,0.6604150931040446
0.30216994120702406,23.90275605919653,0.6941220089328062,0.8442749688252831,1.1832605370984686,0.28595079481601715,0.7489743232727051
0.281316380069533,26.32454624256574,0.7225808352929848,0.8321805633577307,1.0742047829200339,0.2674180070559183,0.6838603019714355
0.2771698131706639,26.364174587024745,0.7352666850076228,0.8359941480151507,1.1434695647693254,0.2567561119794845,0.6705895264943441
0.5472864928254771,14.340173654861127,0.3253383709474458,1.1423181636928468,1.406019975209383,0.4364840512474377,0.6743019421895345
10.839178038461059,19.95454234009922,0.4664191765403694,1.3220162628376066,4.683377585412508,0.37121883903940506,0.6702675024668375
5.679255949650151,22.527682822996457,0.49584052016479374,1.1410397987051002,2.1595505731402924,0.2869056810935338,0.6566150983174642
3.2394759228371974,23.913379335119686,0.4817738413272885,1.0883972745199746,1.4073478533308375,0.2594205612937609,0.6732227007548014
2.744906487341373,23.09969707429116,0.4779717602285591,1.075026269690275,1.431947512784521,0.28681958218415576,0.6496080557505288
2.4966876500710407,22.38851699929153,0.49406163346165144,1.0218170011157417,1.6581586375412325,0.3037453566988309,0.6809789339701334
1.8057305464399036,22.78404898093649,0.5486091194088539,0.9080537195437262,1.7211752023240532,0.28429832806189853,0.6652640501658121
1.0188311059270794,21.473829143249734,0.597255813074824,0.8267918429636953,2.0972266205740158,0.2684144253532092,0.6626904010772706
0.5227621555568585,21.779943215343735,0.5869800577855944,0.8338967662633495,1.766702907617093,0.2890189935763677,0.6454523404439291
0.443584466168176,22.309920884963258,0.5898894707079259,0.8546790973395719,1.7445207959191862,0.2952208692828814,0.6533971627553304
0.29759260116619884,23.74821005579423,0.6252587133244826,0.8220890962446189,1.445727685137518,0.28072870771090186,0.7050289312998453
0.30857735293196675,25.54673899416098,0.648126670310006,0.8257197087310688,1.2464638738356706,0.2536548376083374,0.6672107378641764
0.20286560013608265,24.290121022230597,0.6442380862154669,0.7973786984468808,1.057424261037514,0.28063425918420154,0.6590895652770996
0.2820777267688816,23.3266878783342,0.7026549489423838,0.7972216316578331,1.8869775627346064,0.26035045584042865,0.6510819594065348
0.23103252240722086,22.960595575867483,0.6765480809843959,0.782922467234117,1.6591692340945918,0.28002562622229255,0.6109700202941895
0.23057540594157488,24.668878918924918,0.6689934798546157,0.7780325304509562,1.3500914631580105,0.28411306440830225,0.6588382720947266
0.23623694347652271,24.181784334681396,0.6810022545463891,0.7423181612717072,1.5791197062665236,0.263885423541069,0.6549890041351318
0.3776372304827859,23.433679600945045,0.746774448359159,0.7600246497422626,2.470377812974073,0.23406047870715455,0.6718221505482992
0.40666399291954,23.06971023370366,0.7559215556869664,0.7633953919687362,2.6219588237988947,0.2322199369470278,0.6408620675404867
0.38624688933475637,24.150357250774224,0.7528740971488733,0.754183841986981,2.438256839949556,0.23017058521509168,0.6487940152486166
0.5577562882360038,23.278753581949776,0.7603263146772523,0.7967982260967288,3.137367130945659,0.2282079309225082,0.6616515318552653
0.39894535084637184,23.169435941371944,0.7134906349080943,0.8040539089327311,2.4800774389848463,0.26126974076032633,0.6593473752339681
0.37472722891630267,22.429684751070393,0.7036705110371786,0.7744112587089406,2.4394017625235507,0.26047336061795545,0.6561678250630697
0.42522165425631253,21.32484174277593,0.6981350183412544,0.7870003312598524,2.6785060819817517,0.26983792583147687,0.6538186073303223
0.3864622039348889,21.365998467786767,0.6884259159101087,0.7838893937882164,2.4993513331348565,0.2788622453808784,0.65150252978007
0.5756232188916875,19.723152495384657,0.7024671840231735,0.8190004142589246,3.3746110321691116,0.2776116083065669,0.6600377559661864
0.56287518245421,19.17885107573098,0.6699974374125203,0.8413248968588739,3.190724383016873,0.30208176374435425,0.6439962387084961
0.4769613649035535,19.80427140421858,0.6871757291429897,0.7892194228140713,2.8429310688234586,0.28628480186065036,0.6431589921315511
0.37836985425236164,20.278245077061552,0.6715335588537777,0.7960489814019086,2.417600964044914,0.3013442009687423,0.6763015588124593
0.22594724206639802,23.71438243983559,0.6196989589383566,0.784363431035492,1.3263309116859814,0.3249124735593796,0.6553703943888347
0.2219640364240585,23.82635061109777,0.6194020143902721,0.7876920367968814,1.2841016214265772,0.3183928976456324,0.6696421305338541
0.3234763430952739,20.285104973091226,0.6619925225309621,0.8056778905166294,2.1681065998926656,0.2934339344501495,0.6746208667755127
0.2547601200763698,22.08372132200992,0.6674221722983128,0.7844455778832607,1.8339970624390307,0.29113054772218067,0.6619551181793213
0.32807512482185275,19.989059014654302,0.676852256574121,0.7882463577402521,2.2353749337058866,0.2855917563041051,0.662805954615275
0.2847106068643426,20.966385161217847,0.6816592225739796,0.8138525113716044,2.01325165587529,0.2882339557011922,0.6662286122639974
0.25468044882757523,21.762995583079373,0.6730038092609972,0.7750162587444948,1.7961523878972192,0.27297338594992954,0.6667412122090658
0.22340484718636058,23.22532350743113,0.6744760392925061,0.7953793409252325,1.5068299116381014,0.2884360278646151,0.6538898150126139
0.28051856817893434,14.06274904607279,0.2999662252069346,1.0998198332187243,1.0006384130088046,0.45785163094600034,0.6759262879689535
0.8261663704982644,14.366504135925275,0.33249891319623964,1.1206128834065312,1.7059744276663888,0.44479204465945554,0.6816043853759766
0.6629414080552349,15.38204161974233,0.3679874849764939,1.1217396189324365,1.8653413471244145,0.4403229951858519,0.6722018718719482
0.9448218951367408,14.997153102181779,0.3494155068440752,1.0657465784673466,1.9550784380817303,0.4511249413092931,0.6331968307495117
1.2808989873431438,16.44422959683173,0.4074267285011813,1.1188826705956096,2.6984169158445304,0.43345128496487934,0.6599769592285156
1.187009003452541,16.3320439524722,0.4104955730272095,1.031569105826648,2.318126838579369,0.4315663253267606,0.6757092475891113
0.9048302688895437,16.887322100837313,0.4293553300460591,1.009859326930275,2.262391296276439,0.42384149382511777,0.6802242596944174
1.3565726656696586,16.287879042865544,0.4153823599033459,0.9806670626236569,1.7089081884122599,0.4529611170291901,0.6962556838989258
0.5214020370653422,19.58754300678666,0.4904234140409179,0.8964378665233169,1.3585823357055873,0.3785507082939148,0.7250222365061442
0.4891555053937946,18.867309766098515,0.5152647404262755,0.9353551346319987,2.2646733969847714,0.3806546280781428,0.6660403410593668
0.4264253212209073,19.883541194997303,0.529182227469064,0.906347551534946,2.125815338776689,0.3711414908369382,0.6613670190175375
0.29363026813436116,20.50439498956869,0.5399133623817478,0.9174134352076301,2.053397416930682,0.36183709154526394,0.6790533860524496
0.17547095116202593,21.84880672868123,0.5858697102239177,0.8799800560054124,2.097503539956405,0.334219828248024,0.668134848276774
0.17129804164521423,21.784018145341772,0.5970941785632021,0.9041916708795718,2.216102396001856,0.3353882630666097,0.6922774314880371
0.16350639280552184,22.19115636130793,0.5773207036886809,0.7839472916813023,1.1873821852385091,0.319636769592762,0.6645436286926271
0.1944439248597589,22.15474796989572,0.5826119133200881,0.7912359204980263,1.3014682216272544,0.3259467631578445,0.6809500058492025
0.21260000246505403,22.81033980828677,0.6092688650338456,0.8091591843018339,1.5001338789107208,0.3005448405941327,0.6826579570770264
0.24551703356793822,21.824955614933717,0.5917780406482763,0.8186043127774117,1.741649095813728,0.30664236346880597,0.7192580699920654
0.28722074320883667,21.246952028744946,0.6144019999904898,0.7962811741670338,2.1887203495286593,0.30156972755988437,0.6831706364949545
0.3419253513923082,22.477076133241244,0.6896447347044127,0.8176111982989088,2.8725732048211654,0.26957242190837855,0.6338032086690267
0.280643915584028,21.276998881103264,0.5951162603637828,0.8065152724390113,2.0830879086771428,0.3141035586595535,0.7178952693939209
0.36052384872261695,20.64466376551888,0.6356051288631624,0.8366530478217111,2.8418801197209613,0.3085069507360458,0.646700382232666
0.4347255525778566,21.92346528450861,0.6982564216819934,0.8268939511280701,3.3283228547057813,0.26245385408401484,0.6543152332305908
0.25502058820202694,22.909581138035566,0.6296132424537217,0.7829630008110314,1.9222582154882106,0.2963468531767527,0.6411268711090087
0.24497773822777236,21.54793631981708,0.5462731375505969,0.8003462440601009,1.572861874966278,0.33004705111185706,0.6491010983784994
0.2492411481870013,19.662707975997748,0.473489667736259,0.817800910667463,1.1546450326955446,0.3628956923882167,0.6297491391499838
0.2716834959235843,18.88233959800352,0.5414903309379836,0.7852806632503869,1.816978123917072,0.31641510625680286,0.6376305421193441
0.2730514018312948,19.022507077194998,0.5280498584932741,0.8047894218367061,1.7549702659765718,0.31030131876468653,0.6542481581370035
0.2612673214264491,19.514216074969692,0.5251917803190045,0.8288366808686572,1.6416832945167552,0.30340688923994696,0.6369555791219075
0.2655068235279062,20.53452597015899,0.5765427788674435,0.8257367395418692,1.8437876531150916,0.2818507179617882,0.6351797580718994
0.12042561681418129,16.591701059366304,0.30876929244418144,1.2604302986732225,1.140909409589449,0.4649236624439557,0.5728622277577718
2.436934850752887,16.138312647315125,0.38971728887840945,1.2179426461887843,3.205049737879436,0.4246823365489642,0.5718921025594076
2.0314614886325875,19.552649476253034,0.46698479789727415,1.0537999083964462,1.664652428474182,0.3643564035495122,0.5708000659942627
0.7349571423866053,20.946982406289894,0.5299807017969189,0.8644901077837913,1.18167625901053,0.33283556997776026,0.5707134405771891
0.2614815677685326,21.982349202207477,0.5709813052645228,0.8353732841882667,1.18180068989668,0.30208611488342285,0.5588494141896566
0.15871570936975063,21.881872403630467,0.6042374826522773,0.8146275729143349,0.9490829894764797,0.2914058566093444,0.5503347714742025
0.16077914342338676,22.3427701935838,0.628020675250419,0.8198411692341477,1.0247993642432307,0.28993017474810284,0.5821068286895752
0.16512407460594017,22.881745286254517,0.6430690947089687,0.7894442782550497,1.06985944640672,0.2836975902318954,0.5736107031504313
0.1939645984651558,22.12610128292828,0.5912474918134251,0.8090602907487942,0.8810086634724558,0.303894301255544,0.5653979778289794
0.21067017185548798,22.1869470333406,0.5804602414054713,0.7956325268104006,0.9007283999907937,0.30507106582323706,0.5786983966827393
0.2124323808203491,22.134118253299835,0.5875833831921136,0.8114441437311104,0.8670533486646269,0.3159579485654831,0.5643854935963949
0.22191116382549472,22.81394564893002,0.6282889991569117,0.7981510363744206,1.1619704837898965,0.30196906129519147,0.5595664183298746
0.22659406754744094,22.801614088963106,0.5900845095297483,0.7869904693781179,0.9361535922189832,0.3143632858991623,0.5656340916951498
0.23090690998142008,23.42166356423419,0.6071556939761501,0.7986692435621098,0.9968569364853538,0.3077883124351501,0.5571490128835043
0.23521699812860428,23.776799949514935,0.6155731541341382,0.7929558054695519,0.9668834945631092,0.3004540006319682,0.5496546427408854
0.2447875411706285,23.625427332145772,0.6342290950405339,0.7894807193115244,1.044425733706897,0.2994772990544637,0.5076169967651367
0.26902796416321495,23.500803066520472,0.6686727668961586,0.8065717642446373,1.232414585302226,0.27952347199122113,0.4627690315246582
0.26085479667813055,23.897921139156967,0.6390911439513033,0.8126316083076172,1.0684820932162074,0.2925610194603602,0.47628959019978834
0.2907373447998492,22.468280551783067,0.6735264941010229,0.7892825768540455,1.323988853462247,0.2750177433093388,0.47649240493774414
0.25978413750064006,23.538865821454447,0.6201432798220506,0.7909943971539507,0.9239588039020532,0.30140705903371173,0.4681524435679118
0.27922319197197154,22.296297745513357,0.6280293144030064,0.8002102461286217,1.1560031658444239,0.3028012712796529,0.4798829555511474
0.2637392604603251,23.25003064900702,0.6058764308061524,0.8105249207841015,0.9211325268228904,0.32282546659310657,0.4784783522288003
0.2646436120344548,23.39154272640246,0.6290203570187302,0.8127832521660641,0.9888851579858969,0.30857959886391956,0.4811984697977702
0.26900714579699864,23.75373432995012,0.6514848255710869,0.7751984830914621,1.0315322693728801,0.2900131493806839,0.48850933710734035
0.26653253534576066,24.198185777553494,0.6534991397658316,0.8029850286902462,1.0065844629719005,0.29515450199445087,0.4810036023457845
0.2622151922007294,24.20839795151376,0.6379626575134121,0.8294921587401024,0.923980327753345,0.2973854690790176,0.48909910519917804
0.2625184476627533,23.90861338693639,0.6329746946130318,0.8251186616782884,1.0225373420323633,0.29187294840812683,0.49425339698791504
0.2534417972111274,23.030560701143276,0.6032331244511645,0.8095248407200136,0.9687929646452962,0.29799290994803107,0.46857396761576336
2.7097785896069073,16.984014133383727,0.4226838653711385,1.2292884156034338,3.5771468643098814,0.4140340164303778,0.5491884549458821
1.8657862517883188,24.88999589724429,0.5283550716472533,0.9065019847005117,1.3508607444802099,0.20313407977422074,0.5266147454579672
0.6879205942827499,28.622437227799292,0.5667554756633604,0.8686021304812996,1.070807241005053,0.18078624084591866,0.5303025245666503
0.29390186713752164,28.539506306917065,0.5922943200959455,0.8609404577164878,1.0092472020159142,0.16973832001288733,0.5577998956044515
0.15276777067502784,27.971310584456273,0.6501566931373802,0.7871392658992602,0.9349793574319502,0.16309766471385953,0.5449719429016113
0.15317649344399356,27.159163734243123,0.6599690888639123,0.7960592908349735,0.8257769111128702,0.1821092267831166,0.5729901790618896
0.15945322801390768,26.31510754404839,0.6807676619546715,0.7980035105865607,0.9015755448838957,0.19295072555541984,0.5502747694651285
0.15683559146778267,27.026040124494756,0.703466964646998,0.788048942811197,0.8998584249935245,0.20161487162113187,0.5579831600189209
0.1540465341225243,27.92112599255759,0.692099179585314,0.8101249301918095,0.9135965367059121,0.20898549258708954,0.5526947975158691
0.16145689860812643,28.29160512993755,0.7277449922055763,0.7899388701386069,1.0616152208952458,0.1936901286244392,0.5272847016652426
0.16242950738918352,28.191462690700376,0.7379926886175561,0.7937145555746424,1.0836795334663958,0.2021701087554295,0.546769380569458
0.17565778358852027,27.91212057619728,0.7439132916267107,0.7854011096588703,1.1227256042829052,0.2148508081833521,0.5463035106658934
0.17400725059221156,26.915468794507103,0.7393523612822938,0.8320473060378357,1.0340060878453634,0.23621213932832083,0.5537792841593424
0.19588674524454244,25.13759922409827,0.7665957121599932,0.8210883612060252,1.144838071495495,0.23755263785521183,0.5370996793111166
0.21862135666621074,24.031663971023846,0.769605758395076,0.846961871076338,1.2365517283313097,0.2627603908379872,0.5491633415222168
0.21573359773210585,24.162362346443928,0.7691645599113941,0.8330103102715185,1.2037265954916618,0.2592209974924723,0.5416890780131022
0.2009722171441091,25.316279261582565,0.7689693972672774,0.80864782436488,1.0429295908273704,0.2528538306554158,0.5583354632059733
0.20673195787081422,24.832774250373607,0.7574802022122106,0.8276024830255276,1.0463122480501985,0.2727808952331543,0.538379430770874
0.21101386039494527,24.96582545375571,0.7552642596764936,0.8266386194684544,1.049372887721386,0.2633294214804967,0.5665249029795328
0.21348156795349046,25.24140493480965,0.7627891655138072,0.8269730286611039,1.0650085985379452,0.2509976476430893,0.5489364465077718
0.21882728111243824,25.54852012316486,0.7625937263481046,0.8297602633723541,1.0941437103026812,0.2598893592755,0.5564282735188802
0.23082665253134416,25.375906589345224,0.7627086288475254,0.8429043925017737,1.1424347303750226,0.2588562270005544,0.5522889296213785
0.2286832734000481,25.67672062221621,0.7572462776202536,0.8308534538636533,1.09928646130479,0.2582005709409713,0.5413788159688314
0.24114007438120813,25.435461706348303,0.7692439531141287,0.8043399658746596,1.1907391965163905,0.2508269548416137,0.5347978274027506
0.23674614798047053,26.308925871985235,0.764332757165286,0.826121267234632,1.1192928720064586,0.2545916785796483,0.5377468268076578
0.2775692463729184,25.123629694533705,0.7812048934407786,0.8390260650981908,1.338876190587971,0.2446386665105819,0.5333932240804037
0.2741064135475572,25.225968603969946,0.7825624312929139,0.8160091246539984,1.3538727680103886,0.24478915333747864,0.5726075967152914
0.25015578385637677,23.853089286760337,0.7431409274957765,0.8315085724916541,1.2587255201609433,0.2760408769051234,0.5423346360524496
0.22488308803934906,24.081360596346276,0.7157760049476914,0.8251699911455758,1.0896951775820336,0.2917862683534622,0.5332294305165609
0.22735898727608697,23.414519598787038,0.7072213126757587,0.7790004857046665,1.0977764969031574,0.28881274163722986,0.5470675627390543
0.23761079227798895,22.746511058563755,0.6919531122662544,0.8525862978551809,1.140309407877622,0.31918035447597504,0.5525085131327311
0.2341913807908028,22.723324640311915,0.6862998863481354,0.8420339055126901,1.100386728123744,0.3249471386273702,0.5402680238087972
0.2253606255247981,23.53806359212628,0.6892991655263079,0.8213190800265154,1.046497776948516,0.3182653983434041,0.5575033028920492
0.22096900190060167,23.892161657818892,0.693690165830525,0.8107917045565637,0.9902934218633345,0.3027690599362055,0.5625462532043457
0.22095568123524637,24.59987387938609,0.6971149710240127,0.8240346407332346,0.9699030223259304,0.30912108222643525,0.5680936177571615
0.22195097953411289,24.3337457906589,0.6975482668912506,0.8439788401613363,0.9825433428956302,0.3217141032218933,0.669241746266683
0.23394530752920364,23.614633959379034,0.7083972279530074,0.8266734687232629,1.1096240113112052,0.30912236372629803,0.6740032831827799
0.21919679021822916,24.65208563089526,0.695408675692102,0.8262991624669852,0.9578385000415058,0.3088814715544383,0.6444825331370035
0.22656324252044321,23.54207759949475,0.6951521870308062,0.8269178080855712,1.0373451288239748,0.30069093406200403,0.6618033250172931
0.22606450025488542,23.27297207609657,0.6837268853366001,0.8714536334384467,1.0283879114529135,0.32714097698529554,0.6343636512756348
5.612954317790965,18.50847658065581,0.4385704106389376,1.2237037034735623,3.61525742185437,0.3986759682496388,0.7019632657368978
3.8322845519589332,19.03022745709743,0.4580399469805028,1.1209907541786175,2.4974589554953597,0.3766874472300212,0.6818396250406901
3.446920891781336,18.50422058711619,0.4508899370045414,1.0270534550825754,2.095924397316143,0.3984430854519208,0.6902327537536621
3.4303080013682585,18.320683925564296,0.5076100928582641,0.9933853626231276,3.044663574660684,0.3752012836436431,0.6579922835032146
1.7944099092677643,19.465155480217394,0.5387989854771904,0.9195231343323682,2.5709257428776104,0.3262288632492224,0.6516489187876383
1.8814179647090905,19.402953211853838,0.46450267641292603,0.9251967247153706,1.7118979886234216,0.3841048926115036,0.6685510476430258
1.365893404272847,20.96669531519704,0.5124317479687793,0.9005338911811013,1.6165459154163377,0.3492216318845749,0.6625330448150635
0.32983876079301705,20.22076703165667,0.495620541786492,0.8688863917834523,1.1501090890736667,0.3734177052974701,0.6756145159403483
0.18859310489442435,20.36801879571006,0.5633557393950248,0.812570421155527,1.482032135866233,0.32103686531384784,0.6385727723439535
0.1887774154452424,20.773894626406346,0.5384915136914591,0.8031310641081305,1.1733463954942887,0.34256233274936676,0.6550588607788086
0.2023382657974572,22.73564308814406,0.6204316124161771,0.7868594093534789,1.5967848951277686,0.30449149012565613,0.6632481416066488
0.25987236237777145,21.378746076859255,0.6069084956681662,0.8048207768097383,1.9261643188223652,0.3103904475768407,0.6626558303833008
0.2757942211615843,20.24480872517214,0.5568076763776477,0.8062515863636301,1.8652787109444728,0.3336428056160609,0.6618177890777588
0.23883240897708913,22.317191303943506,0.5906271692911086,0.7657506865723155,1.5946207213950039,0.31555826465288794,0.6501726309458413
0.2954472303550672,21.95745792318238,0.6296781505369821,0.7999559523470902,2.111309952329163,0.30835368235905963,0.674699624379476
0.7045896263170861,19.83334830349048,0.6795176463842721,0.9035928714288272,4.187205744883024,0.2939879546562831,0.6341288884480795
0.7597859268185657,21.318940304578962,0.7210900292709045,0.8780507928366171,4.54693191448134,0.2646040419737498,0.658948024113973
0.8712931502358963,21.99279328271113,0.7467704517737328,0.8867935468446356,5.0327858116413005,0.24305133521556846,0.6663324038187662
1.1084405769257348,20.348322843956947,0.701814895755594,0.9814557753545025,5.46510756847865,0.2845000326633453,0.6636111736297607
0.30795778493923337,24.76552425719505,0.6745898115342777,0.7896790896798302,1.9575142909053722,0.26986573139826453,0.6301415761311849
0.3066785395244995,26.958188912478846,0.6936184202303001,0.7914795150907606,1.6992896945537659,0.259596474468708,0.670165220896403
0.41279542109710526,26.656877245706024,0.7405412898101756,0.8364021346430265,2.3913068761516434,0.22271883239348725,0.6676575342814127
0.7266953865215484,23.484140130209955,0.7539879099672367,0.8646824319368137,3.74114654480568,0.23625689744949332,0.6315245628356934
0.65464315097939,27.388420360240406,0.8029964733278336,0.8116575468574382,3.272238578665975,0.21068111807107925,0.6395517985026041
0.6203680563309559,25.378547602065936,0.7880084280920423,0.8208098929256531,3.4675221389085884,0.21369836231072745,0.6863389015197753
0.3079097842631136,25.868593063586598,0.7043411062470133,0.803902586596493,1.9770681798884808,0.2725767518083254,0.6354257265726724
0.29824186226134347,24.50059592495045,0.6888811702621446,0.76571267016618,1.9206643637196024,0.28020234902699787,0.6168192227681478
0.30804158592990355,24.603193956808212,0.6832536852148064,0.786108320730273,2.0265973123049466,0.28843656182289124,0.5918958187103271
0.3072652141564555,24.623904560832354,0.693140060546054,0.7733349310179344,2.092714989435328,0.26458541552225745,0.6647068659464518
0.31486283674441534,23.136685241804187,0.6713565496793308,0.8111912755371179,2.156000411794002,0.28270294268925983,0.6495907306671143
0.25718409051817864,24.38909316652411,0.6525980429517296,0.7837941469662374,1.5991410010692493,0.2953404088815053,0.6398894786834717
0.3688740603727439,22.058743141199717,0.6848117245978029,0.8055427015399,2.326241181084527,0.27497929831345874,0.6788818836212158
1.5176813985828108,15.651476976103117,0.35297659462791414,1.2767338660563567,2.6053669038619476,0.43325400600830705,0.5473810831705729
8.385914871684726,21.687115538048932,0.4864281545394145,1.174663144307673,2.6521008480754014,0.32387215892473853,0.5367391109466553
7.713236466139297,21.860194386517296,0.49062997435933814,1.1864139419620334,2.230598522889758,0.31674595052997273,0.5813434918721517
4.382477814185127,21.260639344960993,0.49836185836904257,1.0415342232419793,1.8491081550395645,0.32299672563870746,0.5443023045857748
2.801137922909371,21.141399438498183,0.5546975324245024,0.9485138797525027,2.0963682332248563,0.28157764300703997,0.5452426274617513
0.6253551501304003,22.49047040884985,0.5675392026113952,0.818274922398681,1.3785388245053285,0.2660629798968633,0.5309054851531982
0.39544605845908826,22.82778654973025,0.5791649505026447,0.8192263394274248,1.2978161437302735,0.2675145516792932,0.5319951375325519
0.35401511092203114,22.46087687143185,0.6115323998277167,0.8129122980940379,1.5877631339599187,0.2571336006124814,0.5551814238230387
0.39811603782458027,22.811915515984754,0.5876370953322684,0.8306749460568262,1.4867592565026824,0.271813357869784,0.5345340569814047
0.2858273262271939,23.699131230429643,0.6132276274932947,0.7733962682257282,1.3014437814852797,0.26006042212247843,0.5733831723531088
0.21883905461655048,24.758880322794994,0.6176885425288104,0.7850465448321206,1.1194269405544353,0.24662757168213523,0.5478552182515463
0.18380353028285193,24.36388717473564,0.6397758719025955,0.7697364839259612,1.0447560449023483,0.24599235008160272,0.5434276262919108
0.25109310289011005,23.221430884989605,0.6794926005266722,0.8031763165613882,1.6392445458123552,0.23938999821742377,0.5545185407002767
0.24025194219312904,22.648934741866203,0.6906873413727412,0.8154525488572366,1.6936074284458227,0.2527187690138817,0.5745979944864908
0.2625226386658644,22.631215113679332,0.6960917099654481,0.7993307019801209,1.8328076907904567,0.24397979180018103,0.5295290946960449
0.2226225868969731,24.083737390548652,0.7055230991831003,0.7838059711455388,1.4923392278439531,0.2423093616962433,0.5561278661092123
0.2699968635939214,24.66726288201809,0.6980812476323903,0.7865818016301231,1.5744175405635292,0.2576099584499994,0.5583562850952148
0.42027703540537537,23.301591149933955,0.7351823640818869,0.7745913365501527,2.3731413041097285,0.23826569815476728,0.5568449497222899
0.6923693689864342,22.96623508813642,0.7744021962080773,0.8025212367901329,3.3497471192720254,0.21350112309058508,0.5345139503479004
0.4146465022230766,24.82917831311575,0.7448813122385655,0.7710168099644523,2.2367799341320325,0.22653327882289884,0.5435267289479574
0.36470544230874385,22.904323177707,0.7038741442420741,0.7647848148092454,2.1013915133479717,0.2536877418557802,0.5592172940572103
0.4269785378252739,23.918509246680582,0.7419587599588083,0.7699083478381566,2.226840522959298,0.22635255008935926,0.5235745906829834
0.5777146984326075,25.869343129157723,0.7582116218627782,0.7720784261780688,2.569570786528177,0.22552362581094101,0.5354581673940023
0.8373524822901567,24.212679113012868,0.785633435699897,0.8100380350175006,3.4673237242961084,0.2086277430256208,0.540480375289917
1.2854324706241973,23.480810926174925,0.8018250723168251,0.8079116881555501,4.6862572246039855,0.19011236230532322,0.5764690240224203
0.7593434218613085,22.033142542993144,0.7582055404881203,0.7878750737230815,3.442048547190444,0.22346524397532144,0.5317045052846273
0.4704110302256557,22.20328966117817,0.7085258536710665,0.7994069659192866,2.4748809169078023,0.2612180709838867,0.5358562469482422
0.4259238784217412,22.80535005117279,0.7091198570487309,0.7567328158333141,2.3377138632419334,0.2631011630098024,0.5464107990264893
0.36055485503349677,22.08822737968524,0.673405923079946,0.7671327196456783,2.0121666837975263,0.28798461457093555,0.5382867654164633
0.5293121154115349,19.211668465074837,0.677256868830825,0.7994049994651572,2.754567128315451,0.2933887789646784,0.542496919631958
0.5215006907252216,20.893226995376526,0.6870762406841883,0.7956381047528547,2.5752023068045533,0.2792927424112955,0.5525554021199545
0.5231264417809243,20.228740581968918,0.684547651608492,0.769555505145287,2.5940239353688868,0.2684210042158763,0.5560348033905029
0.3769220734255884,20.94480108003754,0.6636270551770919,0.7985780522074005,2.013090148550554,0.29168789585431415,0.5329763094584147
0.3483436002511504,21.616218422392276,0.6815007436625319,0.7645219512852602,1.88765120685234,0.2838743478059768,0.5285841623942057
0.3660353084493743,21.15057432966861,0.6778666486690749,0.7939375979049791,1.9718210796168771,0.3066401332616806,0.5552347501118978
0.32925806410115627,21.31707580425671,0.6640872218643813,0.7788509378634513,1.8153031545003004,0.2981987545887629,0.5563123226165771
0.2799522724769486,21.441615248579012,0.6471337591268628,0.7611684480558217,1.6074861015464716,0.30595949292182917,0.5369977156321207
0.24375606336443736,22.431646139094312,0.6195578678049437,0.8427813563602747,1.3913092916367873,0.3329947392145793,0.536959727605184
0.2476263052762897,23.421354855771416,0.6618417925353656,0.7937514837577747,1.481813139181898,0.2869541545708974,0.5432516733805338
0.26022592796727156,22.049261143489478,0.6630382284862953,0.8044222803613773,1.5935668020525104,0.28423412144184107,0.540587584177653
0.31929429823412275,23.415433759131872,0.7316515363873425,0.7986466059007503,1.959474983616002,0.23796203732490537,0.5312933127085367
0.3240553878270387,20.838645262106688,0.6996185458038194,0.8255937937506431,1.946573033674764,0.2703052163124084,0.5524924596150717
0.14603055743928106,16.173605458072057,0.31550579324439526,1.2534854842270047,1.1779364818961795,0.46607041110595065,0.5760595798492432
0.5444467390725793,14.399619457386393,0.3399669002191498,1.1179496786228775,1.4743516363694675,0.4464309314886729,0.5677169958750408
1.0145063911394792,14.366940888265056,0.3275393291878707,1.1135884893360306,1.777097823391457,0.4598983551065127,0.5557141304016114
0.9694629784474009,15.681545122744808,0.37715760028658823,1.0802853856047039,1.8204566937762152,0.4366967131694158,0.5440289974212646
0.8758878331313382,15.36662171761092,0.3710425369536279,1.0694920143576745,1.877735562203607,0.4450448627273242,0.5484996636708578
0.9673513597994168,16.121362687626632,0.40750090600705624,0.9907243319557185,1.613610203356589,0.43764953315258026,0.5333902041117349
0.8662467091489344,15.993056493813649,0.39703659953462783,0.9914628466963835,1.7364892923234059,0.44310861080884933,0.5529356797536215
0.7200805627558763,17.515882031753716,0.4611906954658102,0.9947402646312259,2.078317637966854,0.40457603087027866,0.5346428553263346
0.7968291421814726,18.613836747950543,0.4788410337574403,0.9712527078738159,1.5581453036304849,0.3960582638780275,0.5356205304463705
0.5897477962408885,18.757538600485148,0.5593235040337055,0.9868925296102106,2.8917877054099037,0.3455381741126378,0.5346369743347168
0.308167886219525,20.212036338605174,0.5383915121465438,0.8769697119249259,2.035144639359441,0.3636082758506139,0.5377372900644938
0.23376867457526826,21.059190768301608,0.593744380647424,0.9080594842522048,2.500745195593594,0.3283347537120183,0.5433624585469564
0.24617697552985673,20.9402190469883,0.6251238971175245,0.9210925496308479,2.845654739776567,0.333472415804863,0.5533114274342855
0.4735847185807025,19.78217518985153,0.6359326717879684,0.9985833414263742,3.9502014491986475,0.3247860173384348,0.5416259765625
0.2705133431839439,20.91931429592721,0.6471531279626098,0.8570911094072834,2.691864654996474,0.31645415226618445,0.5437049070994059
0.2282882510212986,22.478742484283956,0.6445611038026361,0.8135414211399522,1.9907313937173636,0.30261822541554767,0.5475366115570068
0.2714560571325488,22.744688969608248,0.670983591612576,0.8156712700782384,2.2065202244143256,0.2924930329124133,0.5389031569163004
0.3011423876389367,26.347838415551934,0.7310277032338003,0.7796819649299461,1.8399599204519987,0.2376071860392888,0.5516769091288248
0.31886117517440676,26.24668253103759,0.746738831276213,0.7984190551976033,2.0899140173327493,0.23633379489183426,0.5322422981262206
0.2638823386784122,24.75196188802506,0.669783400760105,0.8141955468003136,1.540959639608433,0.28411373247702915,0.5369382699330648
0.2908633616028259,24.91342657181883,0.6892504741715669,0.7575614897975739,1.8748339136781205,0.25352740784486133,0.5381587346394855
0.2767447524831719,25.559292313965447,0.6811161447357396,0.773241585976692,1.8305694796725576,0.2582792689402898,0.5321127573649088
0.30219267745474215,24.842238731296845,0.687791844986012,0.7968655014566646,2.193478103044499,0.25783564398686093,0.530799627304077
0.2995924249747358,23.76574587751394,0.6502173066548544,0.7871871782906812,2.092759641613829,0.27778324981530506,0.5405264695485433
0.3183221088851025,24.82453231554675,0.6985565925457194,0.8133106948085755,2.184195131904468,0.2530471881230672,0.5474328994750977
0.4092686341623593,25.12846184557806,0.7376985729108642,0.7954599099833913,2.7141325850647076,0.23521025230487183,0.5347161293029784
0.304123730706021,27.16953480573329,0.7200155935772967,0.7575721447545121,1.9553491772505807,0.2384373570481936,0.578192392985026
0.3818873476706928,23.13148823637469,0.7025506353475576,0.8115644244571493,2.536986489483016,0.25171880920728046,0.5451632340749105
0.2401511679602368,25.684879110939992,0.6555570119040007,0.7736016125574438,1.4643544312002994,0.26127886772155756,0.5505849520365397
0.24196317022588373,23.387649129142464,0.5676850365845566,0.7801740500361859,1.0140524565177906,0.3014061748981475,0.5355252424875895
0.23196931781649135,22.690536168886112,0.5516987591915173,0.7639912164851271,1.0689428096780078,0.2926838994026184,0.5331555207570394
0.22953902120670167,21.94479954958648,0.5445503619731412,0.802093711670623,1.2647586347783557,0.30318410197893775,0.5643072128295898
0.23911104835309524,21.311088214082172,0.5907958138832784,0.8031831823497058,1.6835467739814043,0.2811374192436536,0.5561449527740479
0.4705450162646654,25.142846883903047,0.6037902243255222,0.8990816431114945,1.2557604403833496,0.20856543630361554,0.5575175285339355
0.10348171451634573,29.875874244402365,0.697747196809061,0.8138492159893863,1.0054984634871365,0.12663534656167028,0.54639999071757
0.08208906436670867,28.895258993459596,0.6994245468995121,0.8207518202566731,0.9823648732704345,0.13079208632310227,0.5173571109771729
0.0793288279233545,28.45779204350391,0.7176111329146386,0.8071534530113519,0.9573170551982879,0.12664749224980668,0.5617077350616455
0.0929574342442452,27.2948667934686,0.7359859134487037,0.8265479859539006,1.0845960780580024,0.13605881234010056,0.5436767737070719
0.10662534898880847,26.665745372553683,0.7307955971942249,0.7755623163720741,1.0721302263524854,0.15449598431587216,0.5250415802001953
0.13185302538856825,26.370177043774376,0.7115199287378586,0.7768545526718963,0.9256528501616902,0.17526737848917637,0.5270985762278239
0.16710707052616833,25.732330125557066,0.6959946787407341,0.8015319937050442,0.9113116906669926,0.20220901568730665,0.5386672814687092
0.18945364497736586,25.301422238083546,0.6697562024147451,0.8174513213292806,0.8313367485205413,0.23092154661814365,0.557923634847005
0.19685609911784588,25.218422663403462,0.6747177795000131,0.8153256013626561,0.9115464735199176,0.24327288568019864,0.5649345715840658
0.19554363556888987,24.932532314740047,0.6860258301042869,0.8256558237297168,0.9345180012896299,0.26130750775337214,0.5427509943644205
0.19927798292461432,25.33355537969643,0.685609183099542,0.7942711553637184,0.9101107630471423,0.2682176083326339,0.5424197514851887
0.21089226801851113,24.464171066936387,0.6756264458492437,0.8128048069865574,0.9547158515735771,0.2766576906045278,0.5181087652842203
0.21653825802894602,24.31911913563943,0.6943239028015661,0.7949411222336703,0.9810106449535639,0.2716839512189229,0.5618038972218832
0.22178187762644852,24.421229399382526,0.7005185601204179,0.7854134890714602,0.9782809979551771,0.2729100088278452,0.5553698539733887
0.22588707969295915,23.865089328684842,0.6522488196354755,0.8380658962540973,0.8559825720179614,0.30983158946037287,0.5469958782196045
0.23467104816785347,22.97406867714072,0.6514613152496386,0.8482895752248253,0.9311577124605149,0.31384070714314777,0.523040533065796
0.2439503083062288,22.559867735056155,0.6584782231322528,0.8351261561537306,0.9727169732172002,0.3124836484591165,0.54084579149882
0.25235240428484756,22.238592375372388,0.6689090329841852,0.8495878546063681,1.0123917090374548,0.31379668911298114,0.5344211260477701
0.24972082721678823,22.90731283092464,0.6635704495088075,0.851141269156769,0.9077695215427825,0.3141892552375793,0.5414237181345621
0.26098651130657585,22.85339535168519,0.6761370158331287,0.8143117324109141,0.9443765023467607,0.30407079060872394,0.5438172817230225
0.2750135575523694,22.757023262334286,0.6961595940807334,0.8064759045927462,1.0352131836843317,0.29630422095457715,0.5640179316202799
0.2853529531659555,21.916281234026115,0.6872043755393907,0.8497831902933674,1.066564263866133,0.3174755076567332,0.5584805806477865
0.28575865458580374,22.049886101570063,0.6942311656633297,0.8378015329776428,1.1039836494271962,0.3192488104104995,0.5208694934844971
0.27049694209780145,22.46421464352341,0.6920290394137206,0.8223388070670138,1.0423498113697314,0.3122837593158086,0.5468087196350098
0.26344443737558065,23.306170063703792,0.683182801450177,0.8224419447693713,0.9596770250795061,0.31288559734821314,0.5543998082478842
0.2556819414475163,23.85592728926292,0.6703867746690366,0.8532641899094663,0.8363204449407395,0.32904992997646326,0.5607999960581461
0.2718415663340488,21.828317216729744,0.6702187455117752,0.8319354846163222,0.9953484674515036,0.3106327205896377,0.5657053788503011
0.26241951549102593,23.71736498356138,0.6845559066937478,0.8445786043787541,0.8629334264351133,0.3028118958075841,0.5345303217569987
0.2621019233589925,23.687838098754643,0.6900803897706952,0.8471465650266715,0.9185120747672334,0.30423258244991297,0.5452123483022053
0.26530188100275454,23.55866969316638,0.7076577444234796,0.8425205575168854,0.9815683220458374,0.2796674619118372,0.53242293993632
0.26136484132212584,24.95197281410051,0.7298283277298229,0.8385228502302406,0.9373542917014627,0.26231985290845233,0.5596270561218262
0.2602612617753064,24.89703874029446,0.7366791678861976,0.8490800891026197,0.9737137520220966,0.25875573853651673,0.5267863273620605
0.2510884421018383,24.829094417130147,0.7291914038064186,0.828919866596347,0.9391833076053615,0.2541588296492894,0.5281750361124675
0.25701024924836835,22.866661552970417,0.7437784319338498,0.8296251370904644,1.055785118555978,0.24431919554869333,0.5317672888437907
0.2269193782057378,13.649593114353088,0.2757899154503935,1.0937969717822609,0.7842229333626337,0.4786847432454426,0.5650318463643391
2.6130473930727542,21.763894828214717,0.4949337251052592,1.0498881635455286,1.8029142133082872,0.29125761240720743,0.5614581902821859
3.339996510519859,22.100839047966954,0.5367295842587468,0.9921508990692036,1.994705703928478,0.27549976731340087,0.529986302057902
2.605683316509283,20.17855159457046,0.4632471035659491,0.9841492249887818,1.4980557342222525,0.37431440005699784,0.5523892243703207
2.3769520209625488,19.872825446480068,0.4692781672512503,0.947495425044135,1.5760733719525952,0.3776032825311025,0.5244256655375162
1.944500955601286,19.54466007941959,0.4731885370763773,0.9091082261092284,1.5017255909866292,0.3821314871311188,0.5406788190205892
1.937589720870406,18.918287658387143,0.4692297745362893,0.8871549006113172,1.6874842796799838,0.40594958513975143,0.5616165002187093
1.813003230267458,19.32275718190122,0.48827672545139206,0.8842858189388599,1.8159819921472256,0.40154147893190384,0.5492488543192545
0.8125085062838465,19.933003647879328,0.5365749816974318,0.8508338484050592,1.9759638810801123,0.35723087936639786,0.5443268616994222
0.3165322130717652,21.915022112597793,0.6075747579231727,0.7973638005515283,1.8091647385761604,0.31868988027175266,0.5323155721028646
0.14128777268975387,22.307606949997478,0.5908981532546306,0.7844390228544688,1.2425941411227954,0.33600326379140216,0.5458831787109375
0.13588168981272672,22.323106404406712,0.6073443920955061,0.7800247716097942,1.445339954929694,0.33791664242744446,0.5282852649688721
0.1329561983977717,21.828644962666903,0.5933415449136072,0.7593011100198647,1.3472138957452093,0.34844409426053363,0.5262031555175781
0.201908695365887,21.149777496183845,0.6511161506894844,0.7858274414110592,2.075620685858805,0.3363153586784999,0.5637233257293701
0.31271409121710997,21.165438276167393,0.6810979236095897,0.8293198329083203,2.6934330474215664,0.32450910905996955,0.5439395109812418
0.6329574698695172,22.2692490056417,0.7494091692299097,0.8743826726724494,4.162369872857126,0.2730175579587618,0.5470890204111735
0.39169957598127847,23.944296984890176,0.7504717436470257,0.7931938021657059,2.959507561828542,0.2647042473157247,0.5731098651885986
0.23993456137547856,24.4403466626933,0.6969186637141908,0.7524943946117298,1.9114241100531195,0.2907803033788999,0.5340200265248617
0.5630436888335667,21.686363636890594,0.7082557095095096,0.8337071099018831,3.7053522613143266,0.2704197814067204,0.5552573998769125
0.6661573107136721,20.889167854302872,0.70815609382863,0.8286062989634292,4.139334582558469,0.2791067610184351,0.5648649533589681
0.5133850823279452,22.21768757713865,0.7210108988727632,0.794530901335198,3.444789567138032,0.2656818727652232,0.5524475574493408
0.44735683198910453,21.266752062426978,0.6743056037553995,0.7715873670245893,3.0138367640150405,0.2912341058254242,0.5460092226664225
0.4359299479837184,21.09767198899448,0.662932045614891,0.7987891306490177,3.0127823798586166,0.3015964205066363,0.5725342432657877
0.3824967589257871,21.771993130569395,0.6795062870984826,0.7597614491515139,2.6880935842137466,0.28614066541194916,0.5568737983703613
0.4008778451100475,22.20183385061979,0.6791980466298435,0.7689294831574234,2.7980383431001083,0.29361693064371747,0.5471149285634359
0.36459154980675706,21.98578560413525,0.6674025131019241,0.7883827142972284,2.6174604562714667,0.30996636549631756,0.5331581433614095
0.3800446385276259,20.02032476944192,0.6153570433051715,0.7789859895435264,2.550663291425194,0.3287569383780162,0.5493119557698568
0.294428197421597,22.767220190519357,0.6521963880242003,0.7548949175996631,2.1859788793953054,0.30924950043360383,0.5532231330871582
0.49107479899523937,19.588671582333067,0.6330100136961666,0.7727626645912039,3.154751418833792,0.31174986561139423,0.5569031238555908
0.698710688103035,20.41736156081222,0.6888572196086674,0.7668394041757031,4.180652801450157,0.2799232279260953,0.5551832516988118
0.5364457456591852,19.782362497008545,0.6594999502475961,0.7711566605971457,3.5642832239792512,0.3019765565792719,0.5380213260650634
0.5546969836667067,19.89761747840419,0.6738279549539122,0.7901254411885151,3.671965131683823,0.2896975775559743,0.5377395947774252
0.3928428904081794,21.04948639131822,0.6628365498807126,0.7463160814844741,2.8054057455498786,0.2961969822645187,0.569658358891805
7.867331605196988,20.36263446101434,0.501801560603997,1.2395274855817708,5.888246772285128,0.3556199073791504,0.5399597485860189
6.285486114380508,25.055631988712307,0.5320754778199347,0.9637006623789093,1.9241350443610628,0.230879350254933,0.5439792474110922
3.6986925999572247,26.11837936863898,0.5184754696723504,0.8856900339555686,1.531830251988407,0.20063844944039977,0.5490520795186361
2.2072845977799425,25.663850764275534,0.5477254523144444,0.8537749801340561,1.2902035073856828,0.201152678579092,0.558692216873169
1.2214377996598464,25.835201887206708,0.5191877819091533,0.8392581341035518,1.0211742484536852,0.20764819656809166,0.5514686107635498
0.9302004348513929,24.475915962808127,0.5239732071662387,0.8501938132856371,1.01818129888228,0.23422495524088538,0.5466460386912028
0.5055629992522491,24.420287737776423,0.5504913934191652,0.8469379678689807,1.0244042927102808,0.2155982591211795,0.5477542877197265
0.37450995711865764,24.764595549717644,0.5784070914759871,0.7996305392699563,0.9975623504956285,0.21231476465861,0.5548738638559977
0.26582602888671497,24.59245332612188,0.5731269421469016,0.8267110630136428,0.8689520996229093,0.21893390268087384,0.546578566233317
0.23270304732247157,24.82761755802701,0.599698209568582,0.8225065659399083,0.9195167675748098,0.21718514213959375,0.5613664786020913
0.20200119806516378,23.352101024001303,0.6562557574344833,0.7855016811983222,1.1108150511091732,0.21705118566751477,0.5521109898885092
0.21977005054354684,21.926708325367684,0.6751911813928543,0.8073831012019554,1.2677892270357465,0.21282136688629782,0.5495781898498535
0.23387164404960717,21.685064618548676,0.6843793994330437,0.8102142905772229,1.295599758023881,0.22361727058887482,0.5559428532918295
0.2675825374198229,20.934701905048836,0.7095234233245118,0.7914663431255593,1.4715655592281351,0.22018994390964505,0.5737408796946207
0.23291405895925332,21.335330043218807,0.7265235176777126,0.8005641989470295,1.3616119006892686,0.22786786903937653,0.5330564181009929
0.27315234881391187,20.099977320222063,0.7299581706265793,0.8029838034328506,1.5526390051316372,0.2314326390624046,0.5337196191151937
0.3098949648710961,19.33153982031713,0.7313857971399299,0.7933510265151665,1.6875895977240714,0.2469492654005686,0.5466655890146891
0.3141515887060134,19.421839117303758,0.734676533280105,0.7804342007902401,1.6920560124992259,0.24969705442587534,0.5469482739766439
0.2650786284658401,19.93506627299277,0.7229980588268469,0.8099846142878486,1.4799719321745213,0.26638526221116376,0.550684372584025
0.2845400536832246,19.342076923680438,0.7115263056070208,0.8222890377231346,1.538851201443787,0.2763310720523198,0.5453639030456543
0.3804334650306487,18.459512089928182,0.7283967335776023,0.8187907545376638,1.9055030443599457,0.2667446533838907,0.5456270376841227
0.29516421349168925,19.234824130803673,0.7105351700134888,0.7998864647810181,1.5787793005408117,0.2814024090766907,0.5482230186462402
0.2625016527646508,19.555536208395186,0.6748836095178624,0.7987772209199878,1.3164955490420482,0.29135474562644953,0.5777858098347982
0.25601697825061814,20.06560190230931,0.6618299105731991,0.7891121386024004,1.220105797222063,0.28241292138894397,0.5351723829905192
0.27630350088502004,19.817655796766374,0.655621720125781,0.7696145626563163,1.2422461883764568,0.271772821744283,0.5499664942423502
0.2933162021195875,19.938672260543004,0.6766364210144342,0.8038265670436641,1.3437029010898864,0.2839966466029485,0.5309356848398844
0.3172899911037945,20.40029123616752,0.6606921694770005,0.7689358305592465,1.3028428527747298,0.2794918517271678,0.5329267183939616
0.29063237709462775,21.071734873228465,0.658905230252549,0.8095696749872493,1.1505694378539884,0.28925224641958874,0.5408857663472494
0.35987791326755697,20.227571098076506,0.6833982838464179,0.7900117270759845,1.5020223942136004,0.2958095620075862,0.5463401476542155
0.46509386413010506,19.746273713740674,0.675182295250774,0.810210183108658,1.8640774513926281,0.29317477345466614,0.5279645919799805
0.5008620137972696,19.741190692399922,0.6758807762995094,0.8078228236055534,1.9725829524155143,0.2958325942357381,0.5352616310119628
0.49096486996860483,20.4031115416082,0.6780595236377294,0.7804721684411929,1.9453787423627285,0.28227225939432776,0.5188342730204264
0.5697461330846455,19.876502605631416,0.6748073254334322,0.7984746028879571,2.17950685592655,0.28537523746490473,0.5406087239583334
0.42522021622800965,20.975426876900965,0.6799891034569927,0.8042701221686609,1.7639738578829658,0.2745221604903539,0.5580557187398275
0.3118658495959361,21.98026927322128,0.6619408126110944,0.8034490671149365,1.3607247714493467,0.27410148084163666,0.5698942343393961
8.843253200333768,25.048204600442745,0.4727649415230773,1.1293417920965612,2.0075902641534595,0.2437534692386786,0.5514662265777587
2.3206668306848663,27.291378797204246,0.5049583827273694,0.9431356381539274,1.0984304817068216,0.18582789351542792,0.561394214630127
2.0688983157937044,26.68161447970043,0.5100112615078983,0.9207033755925084,1.0731268549435986,0.20574708158771193,0.5436426798502604
0.6057113357149035,26.91762073472469,0.5222806043042761,0.8546145354926017,0.8533398451742684,0.18010056763887403,0.5204795201619467
0.30703483244029534,26.637086604890616,0.5554457711138266,0.8382188371411677,0.8480714630092758,0.18127450346946714,0.5307528177897135
0.2281985480889118,25.566217408829413,0.6250573627017011,0.7945516242508305,0.9965185723081111,0.16834719851613042,0.5358168284098307
0.195971269197999,25.8132216152199,0.6299747162731403,0.7867750529165799,0.9286829025934328,0.1776547382275263,0.5419739087422689
0.18478582114221584,25.971851548151744,0.6563296523521144,0.8063168136668603,0.995086276773005,0.1832469503084818,0.56438676516215
0.1676672664133466,25.6809385230934,0.6759124320739652,0.804517122928018,0.9888779902789283,0.19203080485264457,0.5403768221537272
0.1810728522269678,24.343274181958723,0.7208288406538051,0.7738410008416565,1.1391350870530397,0.20014410714308417,0.5705420176188151
0.19163512023626175,24.034875249652004,0.7209409480338241,0.808581544569201,1.0257421717051327,0.21880808969338736,0.5568230152130127
0.20414768329621283,23.89238262844484,0.7083766149310918,0.7894113853604998,1.0071711264174739,0.22191278636455536,0.5307203133900961
0.20588172825237852,24.00524937769464,0.704453076709683,0.8101177676605115,1.0125054230228538,0.23990313708782193,0.5739065011342367
0.20138522723376062,25.21245577170809,0.6935818273187201,0.8133730314892947,0.896880637392946,0.24435349305470785,0.5325899124145508
0.20803896161354743,24.997409780933214,0.692595564133437,0.7901497616921972,0.9380457007519717,0.25180051724116,0.5310840606689453
0.2088327287316342,25.923913158273155,0.7079827732568704,0.8054574450576615,0.9180851197020603,0.2400069683790207,0.5589699745178223
0.2226544338749021,25.39937942380723,0.7035360789896097,0.8186042505338421,0.9732063835236039,0.24426302313804626,0.5590057373046875
0.22425085010584012,25.85427156331352,0.7102523677848271,0.815296240200535,0.9407173115460415,0.24480578303337097,0.5289362271626791
0.2250955206830769,26.23824267197409,0.7094598723231406,0.7983970470538039,0.8855937806980165,0.2527988453706105,0.5503416856129965
0.2334309674423192,25.300328217865342,0.6946828352868067,0.8289524450194238,0.8595175141031363,0.2701876362164815,0.5410676002502441
0.23643426233599718,25.027830239334236,0.6909033063813341,0.8167897077320309,0.875604313242626,0.2777274002631505,0.5444909731547037
0.23977812112525745,24.416742546928514,0.6764214739882038,0.8397285000978897,0.8383047608045618,0.29137276113033295,0.5426124731699625
0.24021021708903714,24.646884664731743,0.689935438635791,0.7990733448842585,0.8683739053239834,0.2810581674178441,0.5350767771402996
0.2492786372821012,23.825960555842872,0.6750068957669484,0.8386255136381316,0.8036511868313307,0.3007169763247172,0.5247324307759603
0.28636710265827925,21.2888077599864,0.6754186812801062,0.8077984715279193,1.0971510958543995,0.3104011168082555,0.5376607577006022
0.2712572989817806,22.80672232203375,0.6802907767028475,0.8146236360639244,0.9542362849208427,0.31204209725062054,0.5506656169891359
0.26992183237310885,22.92749155404039,0.6647872706991415,0.8500779743171337,0.8925819482160376,0.32952645421028137,0.5228288173675537
0.2744648262323401,22.58162340106296,0.6541802884304936,0.8228123912931745,0.8876187373567426,0.3296700865030288,0.5567721525828043
0.2803616151491831,22.702178414726756,0.6595684687570474,0.8219881235424499,0.8776421542376517,0.32944068312644953,0.5274865627288818
0.2753325105533903,23.69262080576367,0.660234692535818,0.8321402506608893,0.7961305007289617,0.3273083418607712,0.527681032816569
0.2754331148410013,22.9235288458234,0.6384465147444465,0.8249809707039569,0.8014805345811952,0.321771373351415,0.5430949529012045
0.3020723346236133,21.670912996025674,0.6668237668086682,0.8543878387168972,1.1099212739231628,0.32667725284894306,0.5718131065368652
0.3104571431990147,21.209372372720523,0.6871178345453307,0.8006211981147772,1.2346818509479716,0.30512013037999464,0.5531322956085205
0.2593346668056508,24.0046734344732,0.649242918324898,0.8495113722099146,0.7970097487426074,0.31870345274607337,0.5455346902211508
0.2510071232637944,24.59337031851409,0.6501350369675002,0.8460773261323387,0.7707584900836576,0.29855472842852276,0.525670051574707
0.2532953792490487,24.23239971926583,0.6358679203827476,0.825703308781668,0.7161192411729873,0.2833718508481979,0.5650691986083983
0.2549196958560381,24.4755402275338,0.6576572741780778,0.8399058642581217,0.698331499199096,0.2733562936385472,0.5547890663146973
0.24770047439295947,26.138812026896876,0.679872725820648,0.8360885327482593,0.7554638915354778,0.24975262085596714,0.531781276067098
0.14185345502556657,16.264422997470554,0.3200607775045609,1.2304598217322493,1.1290016388843924,0.4720960706472397,0.5691970189412435
0.8578829033002965,15.331296206444437,0.35546125760218367,1.148257781027512,1.909737538759426,0.43356091529130936,0.5421324570973715
0.9505684313678455,16.657770610048402,0.41402829706088834,1.0954506079439272,2.1996748315656904,0.42236382017532975,0.5766565799713135
1.2931473995147913,15.558511851971348,0.37524940797493755,1.04088332349773,2.152781546381869,0.4382830113172531,0.5328283309936523
1.4234107638033933,15.793238398600081,0.3902964434834035,1.0317491832209356,2.3606500186255803,0.44127241025368374,0.5470609664916991
3.9331856679884205,18.17808033293056,0.4686229306690198,1.1050964092628115,4.125411101008979,0.4048055286208789,0.536847988764445
2.5840409167467016,19.14271165389305,0.471996103641307,1.0091401028597557,2.6715485767920497,0.39455155034859973,0.5460630257924398
1.583430820535764,18.694322133168434,0.45361749695564374,0.9341629399390068,1.6416391553620404,0.4044681837161382,0.5603121916453043
0.3923334340222438,20.19517473585462,0.513186250723456,0.8320055455097588,0.9431104102053345,0.3524213582277298,0.5491731961568197
0.19237635277908707,21.362635109113153,0.5551475414329134,0.835235282238514,0.9340410851606515,0.33514340221881866,0.5473382472991943
0.15656884532920415,21.02416851407223,0.5880440075643522,0.793925951092386,0.892857202622082,0.32311592996120453,0.5629235108693441
0.16819484386899855,20.709006889923142,0.5733845652103524,0.830608648439731,0.89838673402505,0.3294409563144048,0.5320794582366943
0.17231777202120271,21.52553318672692,0.5983516066076842,0.7935500452103841,0.896605465126814,0.30762778222560877,0.5747333367665609
0.2019318090944088,21.164604601866753,0.5665631765725578,0.7753239233857471,0.8608490168742486,0.3015640079975128,0.548810879389445
0.21601675062897296,21.150591076116395,0.5622374779058684,0.7707167104391299,0.8734514296761983,0.2990499685208003,0.5422545274098713
0.20687251292241693,22.629662611702724,0.6014926838470065,0.7870535470124992,1.114897756563855,0.2849448472261429,0.5451929569244385
0.2122766365517954,23.815689885175686,0.6584170363026268,0.7827057191340314,1.5534789337267272,0.2620560303330421,0.5451353391011556
0.21430526631797184,23.747250295239866,0.6240908952831726,0.7661800191428023,1.3335966961749657,0.2681630303462346,0.5680443445841471
0.23674600029290502,21.371806231708963,0.5399141077270161,0.7667119030948158,1.0634242551991917,0.32104316353797907,0.5500414371490479
0.21855027989149242,22.5101766682826,0.5996660994797046,0.7627125715730942,1.3215198154073988,0.3017902597784996,0.5459918181101481
0.23450338670050008,22.77960778448502,0.623087283370578,0.7706831664333359,1.6537393908033344,0.29775998989741004,0.5336692333221436
0.2220762197613033,22.924599137909723,0.6062687996275993,0.7747759541084464,1.3854835787149244,0.3016970033446948,0.5674863656361898
0.2386698491420051,21.437788467041525,0.5577408588253933,0.7692222835829532,1.2545391207753778,0.3270024955272674,0.5380175908406576
0.27813856619398464,20.565890998148458,0.5907000300289437,0.7830253308132319,2.2073002553534775,0.3125495041410128,0.5796128114064535
0.2300263405862624,22.134222239648512,0.6157876651856914,0.7634275283634399,1.8833141207881454,0.3069113045930862,0.554939031600952
0.26205435762021395,20.096493038836098,0.5752571581779133,0.7949288474940795,2.1551671653232707,0.3373311062653859,0.5859847068786621
0.23895301451032067,20.10209091902642,0.559221190858126,0.7617700244141984,1.7362657615042896,0.3251403371493022,0.5577530860900879
0.21933956244174993,21.619964759616973,0.5387528585782219,0.7889949714925418,1.3375412014168153,0.3300744990507762,0.545466423034668
0.22231751555149917,21.7302729888093,0.5720199212756071,0.805301450296211,1.6170234304998525,0.33944809933503467,0.5638597011566162
0.22306250768597793,19.981910458225276,0.5028975126447544,0.7950766479517054,1.2798146364899348,0.3647800882657369,0.5362706184387206
0.2265258874276379,19.16654252683024,0.4835860723493142,0.7750530693708934,1.2160440625640432,0.36595525840918225,0.5364317099253336
0.23456952063284342,18.712614693500132,0.49437498203798036,0.8187506907581268,1.5899774734525967,0.35512861609458923,0.569999615351359
0.2779993801424062,18.61355230967193,0.5362762006842221,0.8201288655197345,2.0561380991076086,0.32567210992177326,0.5375396410624186
0.20138188608845975,14.708374261806048,0.3054386338231538,1.1752792270720507,1.0277353966572147,0.4745800097783406,0.5539565881093343
2.165069333027905,23.52299089112515,0.5200046797538467,0.9645870823965651,1.4298391378208961,0.2573127696911494,0.5573438803354899
0.7213775308739764,27.308490134320753,0.5742241026866978,0.8585424430043697,1.1051682361108839,0.1702502941091855,0.550688584645589
0.5607481920990852,27.91744895955847,0.5654115911731569,0.8396185080032824,1.0647510510462428,0.16988440603017804,0.5395795504252116
0.4476680803258621,26.85721862071981,0.5642363228847325,0.8557401662475873,1.1298808984984179,0.18469837928811705,0.5467514197031657
0.45765871671118563,25.283214758155026,0.5585867569884284,0.8215529343676319,1.1496043408947276,0.20980267723401383,0.5625068346659341
0.2412676362617948,24.886693819151137,0.6038598554963571,0.8083173214363573,1.0183034666075,0.22211773196856177,0.540623664855957
0.22460740703496115,23.766080058251195,0.6260651152739826,0.830614656466806,1.1691348605915663,0.22728141893943146,0.548393964767456
0.22628644177206492,23.51450327250089,0.6180593574941764,0.8078437424779636,1.1175136177819738,0.24175888299942017,0.5479395389556885
0.1711516653114873,23.147898330250985,0.6741596850563013,0.8004683038258804,1.0612334174580427,0.23685362686713532,0.5574565728505453
0.22417844198627543,21.72654778443342,0.6816377606588023,0.8078690235472724,1.134071895270166,0.22815903524557749,0.5591398874918619
0.2521477386354223,21.414913765051878,0.6752895633159693,0.7581551431253045,1.2031912015149009,0.22925218194723126,0.5675468444824219
0.23479281510828934,22.40755414124128,0.6092346117406878,0.7962924826763368,0.9372978569690295,0.2556146557132402,0.5460099379221598
0.25522075829715335,21.686278552141108,0.5917868691298289,0.8078754208170983,1.1204818222378325,0.26292201379934943,0.5629572073618571
0.2843822096055059,20.385003194606746,0.5925545360562317,0.782967842621772,1.317388172563749,0.24845813959836957,0.5516584714253743
0.2988236536264658,19.89220463038271,0.5881283441933596,0.7861623262459853,1.3824037331413226,0.2598392764727274,0.542219320933024
0.2867129717464519,20.120985216194807,0.5850926481353029,0.7443840289892251,1.2678759829197517,0.251822071770827,0.5510120391845704
0.3312931560222209,18.742680918973814,0.591360389825137,0.7979601777118784,1.5497269924600021,0.27449253946542734,0.5605863730112711
0.3056567108057208,19.107869791635746,0.5755930112781414,0.7804939618017404,1.3542589041448443,0.28773251175880427,0.5563445885976156
0.25528762401095856,21.409111172354642,0.5800322093344974,0.7879774534664369,1.0742133464163017,0.28001296520233154,0.569727897644043
0.24309112519302525,22.461029814312127,0.5758435516496142,0.8071669590203813,0.9602797733244176,0.2917149563630422,0.5576951503753662
0.2461942677871021,23.01431273856906,0.6079259187319331,0.7916975820965199,0.9974190809922668,0.272692526380221,0.5601126352945963
0.25176730942675724,23.28182438716328,0.6115673221732537,0.7942388896568245,1.0021820879357524,0.2734487056732178,0.5554188887278239
0.257878071043767,23.59211853417114,0.6378247653699337,0.7947388971760212,1.0582631071639068,0.26877812544504803,0.5544733206431071
0.30187010188471214,22.464601098885726,0.6541532614051667,0.7917142160829962,1.3503217042308613,0.27151231467723846,0.5772591431935629
0.31200569654308613,22.4816432184485,0.6672381193384539,0.7977016257534074,1.4136775874062277,0.27113566299279523,0.5501946608225504
0.357634464674701,21.978096711718823,0.6955693795301796,0.7806289832915686,1.6419074764292934,0.25662195682525635,0.5509418646494547
0.36306136773291153,21.705750857849253,0.6933923240175495,0.797250610514226,1.662519534284965,0.26778010278940195,0.5462380250295004
0.28533894097259943,22.73258921491333,0.6468916982925991,0.799280847237263,1.2493087914159449,0.2745819886525472,0.5679379304250082
0.2700848050028075,22.448594835649757,0.6102697890322686,0.8028213789195541,1.1019934752613925,0.2991357992092768,0.563274065653483
0.27536425356441646,22.90944138706401,0.5834123477777117,0.8167002376806116,0.8751939666180327,0.30269434054692584,0.5627749760945638
0.27784652759769235,22.853293373740517,0.588880526465037,0.8242785150423709,0.9631465958220559,0.30039867758750916,0.5530354181925455
0.2931270836198136,22.45501038224809,0.6218467043126933,0.8182894850511621,1.1697918991063745,0.27776129543781275,0.5871637662251791
0.2707737320292479,23.295367109919088,0.5934539725992846,0.8240119629515689,0.9330850612764107,0.28537330528100324,0.5460925102233887
0.2592628525392219,23.882412291199017,0.6090940895569537,0.7947505748141498,0.8895422030992742,0.2655769437551498,0.5313718318939209
0.14519268514317474,18.918510706261632,0.3416344894612496,1.1279897861564165,0.7502756794942508,0.390247883896033,0.5521601835886637
0.3240336824705977,20.05910957788473,0.39679238647263104,0.9468052189353774,1.2034013265842556,0.28860665112733835,0.540127674738566
0.2758838304882981,23.557343826282846,0.5334104666883709,0.8809205237821173,1.980608389995855,0.21177290380001065,0.5420114199320475
0.2907434371404081,25.94993452648983,0.6381252763737572,0.8487837035615057,2.3474228087410745,0.16718370715777076,0.5425349871317545
0.2966264019689943,25.125705919809192,0.6173043671108224,0.8799506899410853,2.3697940145762937,0.18586433927218116,0.5406459967295328
0.31162147912756044,25.734162466735324,0.662722658264204,0.874386120015064,2.6490671743610785,0.15750691046317414,0.540160338083903
0.3642640759301799,25.723062802090556,0.7026359188611654,0.8741503267121159,3.0718311762699972,0.15696796774864194,0.5448308785756429
0.3233418197686684,26.228923145190738,0.6855267253267784,0.8436627139258316,2.7248704174341456,0.15776789188385007,0.5514017740885416
0.2341139380690975,26.677651572877284,0.6223210204828855,0.7992286012402131,1.7483858261979985,0.1841393411159515,0.5531900723775228
0.24004579146513919,25.678687622000425,0.596589894187432,0.8193553981320342,1.7737463462825918,0.21075372894605002,0.5584323406219482
0.1957215505223747,26.19364357581719,0.6188567912730031,0.8073434509027159,1.7284316531968795,0.19565943380196882,0.5497821172078451
0.213544430730478,25.53992544610718,0.6384010224621174,0.793256513644489,1.920912002596604,0.21479526162147514,0.5653022130330403
0.3876019072278791,25.485361788482795,0.723636051199373,0.7962112458136011,2.8347297287881914,0.20027374724547062,0.5323739051818847
0.34020863416563457,26.106950581559506,0.7105834914673205,0.8196283806667615,2.554333425183376,0.2139769370357195,0.5526657104492188
0.3084590688205324,26.217072811659488,0.7149556314396578,0.8094140122438148,2.372124206487674,0.21731238067150116,0.5474735895792643
0.43167899183266706,25.405902776186,0.744466363779345,0.8228667153983271,2.965452010790024,0.21780249724785483,0.578761100769043
0.38845546786345775,25.664612664781128,0.7412150409669405,0.8016098732059094,2.706741575461845,0.22153644263744351,0.5413690408070883
0.30472990469298583,26.18642737651133,0.7475291206862354,0.8156236847961589,2.4025304348995036,0.2055009404818217,0.5274606545766195
0.36619235280977386,23.822202867746096,0.7207826134981284,0.8375881476732597,2.7180207891544756,0.23181933661301926,0.5365811983744303
0.27811377530770026,23.578912915850733,0.6697626766035968,0.7981312067966925,2.0499188859591646,0.24506793667872742,0.5467010339101156
0.3624906335290073,22.401314604484384,0.6933799913201227,0.8336208616249016,2.700944978974355,0.2548117712140083,0.5304008324941
0.21052024467127314,25.03594058072801,0.6752161820920929,0.8095403100003095,1.7569959897689695,0.26660294085741043,0.5551811854044596
0.19432413733297627,25.518031149888543,0.6786116765356663,0.7726646418922357,1.6497859050119315,0.25478888551394135,0.542292594909668
0.17822363728467364,24.961485686043265,0.6453698377505318,0.7987869430782405,1.483402808997484,0.27929684023062384,0.5521172682444253
0.18162447501481646,24.395262916220645,0.6758694944830167,0.7844214603723586,1.7151723849056166,0.2917124753197034,0.5482866764068604
0.14806497210889147,24.729576608161597,0.6360325295595969,0.7714013123411028,1.3686250021014736,0.31642873088518775,0.5515774091084799
0.2865984932785806,23.218641910385372,0.7243716821858412,0.805458598871172,2.376216339196392,0.2806957811117172,0.5508453845977782
0.2000060943810061,24.171913996901896,0.7134632146456542,0.7832349334342329,1.9751290573413962,0.2942730834086736,0.5375720659891764
0.2002274796415442,24.093487926657374,0.7080203698020627,0.8007526360240105,1.9425119563046653,0.28794879217942554,0.5454102357228597
0.19686713130386715,22.633519837016166,0.6659525460925563,0.8018879925111175,1.9019843308300475,0.3147516796986261,0.5584158897399902
0.16469762515362432,23.878542188976386,0.6922683137136656,0.8175320993382881,1.7619695225050658,0.31912270685036975,0.5534745852152506
0.12058259970452463,25.202908300744852,0.682239388014445,0.8148463625845886,1.4583251352511315,0.3221250474452972,0.5434648990631104
0.18552601062320595,25.073533157607432,0.706718303725926,0.8199033852996189,1.7451516107271825,0.3107072214285532,0.5718602339426676
0.12365137065305087,24.62792766906267,0.6655233872638161,0.8325783316908724,1.4410598225468443,0.34175275762875873,0.5625575383504232
0.10075568710267269,24.511517520141837,0.6706898361883175,0.8361503559360705,1.3781914668834778,0.3514758348464966,0.5451966126759847
0.0920220454026109,25.465074684198143,0.7062588068037483,0.8260353261380596,1.3817202466616152,0.3162802408138911,0.5422379970550537
0.07553289302386207,25.806364296233813,0.6919711984235414,0.8418172991504668,1.1829947925829842,0.3114104568958282,0.5589420000712076
0.1037082458903247,24.73334645256281,0.7172500129191074,0.8355315875420848,1.448003075228333,0.2982320388158162,0.5401732126871744
0.07433076734932877,25.79339114806731,0.7207290550264086,0.8020102676496593,1.4056890575442427,0.2851327459017436,0.5391956170399984
0.1347158744565585,21.82217557627631,0.7045861446665906,0.8190585806681888,1.8049168698633133,0.3031739642222722,0.548295815785726
0.10538797568007503,21.301166646240212,0.6707883377075582,0.8638833430327422,1.631307125442306,0.33241299788157147,0.5589497884114584
0.15026361031705213,21.91992633873504,0.6757271595687504,0.8558571191747055,1.7041252888893332,0.3079227159420649,0.5383763313293457
0.1305894571906522,16.41958389842469,0.29880389318451417,1.1694908265310568,0.9318105484228353,0.46616899718840926,0.5423765182495117
2.001074603644969,16.986352823051828,0.4128400463309416,1.2033736088948355,2.795516415207143,0.4149291291832924,0.556068499883016
1.5395257831543532,18.65378526346135,0.4590925380068604,1.0433792221575438,1.817824255022563,0.36884972949822736,0.5546559492746989
1.2181675194636503,20.0105782247279,0.49340384771727996,0.9966948298862505,1.786026806962062,0.33765668670336396,0.5598463217417399
1.3303926559261647,21.07665855173669,0.5122794541106578,0.9269880868453247,1.672088103105387,0.31501665463050205,0.540921131769816
0.7839414266024626,21.54714185811795,0.5144314174297557,0.8849914048306707,1.2686855945996223,0.32099943856398266,0.5688461462656657
0.47817615823426535,22.607565571794055,0.5848294303243066,0.8514915639176928,1.6049843402506905,0.27930145959059394,0.5619080861409506
0.2635845593414195,22.79290373490666,0.5978004081658025,0.8345119214535615,1.4977872286923966,0.2917972927292188,0.5736647446950277
0.30215060141581485,22.780843733467304,0.602513283124579,0.8258567940748686,1.619934361819124,0.2875617071986198,0.5739875634511312
0.2417096783058504,23.0991817099884,0.6299920585276402,0.8122947085284068,1.6309068143858994,0.2792095293601354,0.5701204140981039
0.1862806850596588,24.303494618288862,0.6161931793628468,0.8041503358542559,1.0860408950805027,0.2803799609343211,0.5521429379781088
0.15847568557988184,24.463295176087694,0.6561926600019478,0.7872389721102393,1.106391108868518,0.2798162450393041,0.5381480852762858
0.16445288202340447,24.253508282349795,0.6849413956487522,0.7858041970543624,1.1744219336865038,0.25625936438639957,0.5854410330454508
0.17422921411031264,24.777897904203027,0.6630038335585201,0.7748822581654159,0.966840022951842,0.25954402238130564,0.5645912488301595
0.17818772436429672,24.474011935153303,0.6587733518789401,0.7630809341683479,0.8534104331612938,0.26475436985492706,0.5457897981007894
0.17509092735072476,24.267941571134216,0.6637760125993054,0.7979213635651693,0.9590942492003632,0.2764387826124827,0.5640270709991455
0.18705271065488174,24.266939839288046,0.6657485548940486,0.8034844490495355,1.074243862575304,0.2875320067008336,0.5263514518737793
0.20700873003741052,23.874362065511246,0.6365585099151279,0.7853314271188584,1.0246484314172,0.285899152358373,0.5428438981374105
0.2106117630781442,24.814657859885184,0.6568914759183228,0.7523565261104018,1.0913782268338574,0.26636240382989246,0.5505941708882649
0.21786455142384495,24.498354977225038,0.6396216905381843,0.8050896063851191,1.0786056460964673,0.29064697027206415,0.5347376664479573
0.23572735690411672,24.537877608372337,0.6810902578209834,0.7783399970765267,1.3894152796930728,0.2681438674529393,0.5512363115946451
0.2336889700596557,24.919713498452854,0.6225597967863145,0.7866449210887257,1.0433865070664206,0.2876776456832885,0.5467020670572916
0.28628308835425753,22.59155138063609,0.6673575690448209,0.7632278257867932,1.6514066014190165,0.27388378729422885,0.5354146162668864
0.39241181973550754,22.28859928794247,0.6782221416169154,0.8120593827112929,2.124082349243629,0.264950821797053,0.5505851109822592
0.4855542639007755,21.992110117651276,0.6888886024461529,0.7871107037567647,2.4259858124266658,0.24423033744096748,0.5406163533528646
0.2780628228334428,24.907521784953108,0.6730622990267427,0.7666245449496588,1.4515233919902804,0.2663370718558629,0.5502000649770101
0.27562101906049324,24.798904926184786,0.6614908492836836,0.7431220849095146,1.3282669473487994,0.26067716379960376,0.5513798395792643
0.3197864420208146,22.23157524707278,0.6471887171816493,0.7690724545861213,1.6258205221694089,0.28361815710862476,0.5373956362406412
0.41178371321879387,20.52984824298116,0.6566600549213442,0.8089638372898396,2.1079402856373926,0.29854017496109003,0.548210064570109
0.3251666452383571,21.72139671130783,0.6311312685032412,0.792528520887573,1.6926801268849747,0.3076358238855998,0.5476051171620687
0.2678565871395411,22.819970206427456,0.6588244650905056,0.7562311411178338,1.5570825166803914,0.2984340886274973,0.5484573046366373
0.3466800830512355,19.855520914252562,0.6321269771614348,0.7765492312467434,1.9300008903456878,0.3170911173025766,0.5535990397135416
0.42431040480063165,20.47629209810771,0.6523232929163415,0.7978135650918419,2.237830752244878,0.2954887747764587,0.5494563579559326
0.5202322606603712,20.449966394263985,0.672735343599462,0.8264555344361856,2.689426093928789,0.2878466844558715,0.5750015576680502
0.38118983768394266,21.632354359694364,0.6944910562362409,0.7835357222105251,2.2412322252912977,0.2758069584767023,0.5447126229604086
0.38953603454121194,20.655259335465306,0.6783332306170049,0.8150133673183309,2.1845019207314484,0.30082988242308295,0.5245535373687744
0.3782555689737539,19.158923219800588,0.635394501015378,0.8091632390894593,2.0183361979974705,0.3158529152472814,0.5976165930430094
0.5084209993243154,18.005310131324865,0.6417418058450896,0.8179473233284665,2.4608149840561055,0.29605104525883985,0.5514535903930664
0.9003002321079573,14.352190740742328,0.33435324926842047,1.1468671512958972,1.8216435244101297,0.44248457749684644,0.5417478879292806
2.0583989752125955,17.022342260903454,0.42130584398095333,1.2861701837896449,2.947764957059192,0.4070768430829048,0.5611740748087565
1.2286643683942362,15.720995320802437,0.381336681737225,1.1684862686799997,2.2007099817058053,0.4375413507223129,0.5886301199595133
0.9724023094249051,16.039176167191318,0.38430699085689396,1.124339672714692,2.276108791598077,0.43680709848801297,0.5561084747314453
0.8054092451411727,16.090816584423425,0.4089248576080758,1.0452065116722922,2.286282869407637,0.4295601298411687,0.5580112934112549
0.6326196131985694,16.413822381406796,0.42393978030542234,1.0194851687379851,2.0938799429922956,0.42594042172034574,0.5514008204142252
1.070784285586534,17.61065793992445,0.4852148522367073,1.0805065126484,2.734129501544764,0.3984172840913136,0.5390547116597494
0.26044447762081274,18.900555144366983,0.46208901989652573,0.9129173518389432,1.2257431990469412,0.38186311225096387,0.5416197776794432
0.25312076216906176,18.473968731351544,0.4383779606238041,0.9145357953438079,1.1308556397281169,0.40439226229985553,0.5795252323150635
0.16071152132759994,20.294545456071067,0.4831973407761842,0.8890243690863061,1.5206884973515742,0.3682848662137985,0.5761462847391764
0.1566496666364466,20.15817490810229,0.4758674834319709,0.862957691924156,1.1328436304054783,0.3839575896660487,0.5624749660491943
0.173245978396658,19.725078536170273,0.5025710001006588,0.8161637470068648,1.0632514108630922,0.3523337592681249,0.5520049730936686
0.17592508056137293,20.252400851093515,0.514745038999496,0.8254304582733815,1.2642528306830854,0.3641964594523112,0.5458069642384847
0.1843102762625526,20.61777862687737,0.5384175013871723,0.8155978153073602,1.463633652380458,0.34877599279085797,0.5612637201944987
0.20940035171372284,20.577954999957125,0.524314360479091,0.8279812373165466,1.3129927023704602,0.3491021891434987,0.5783829689025879
0.20575977101347623,21.101315931238833,0.5672826581009072,0.8135455044761031,1.635051036251595,0.3316846837600072,0.56446639696757
0.42448024977410564,20.334779169112846,0.6627749467271979,0.9312662149535612,3.663148680715914,0.3076389580965042,0.5717025597890218
0.6063443050057326,20.617263083572357,0.6983578782911986,0.9157333566262373,4.512176541039209,0.2892124851544698,0.5734864075978597
0.392867501505391,21.430552545385282,0.6760266604136622,0.8397698126336021,3.3836480537016165,0.29348141451676685,0.5624552567799886
0.4253653624665823,20.728347456838378,0.6568347213557016,0.8474433958141326,3.520951653327945,0.30287202696005505,0.5654224554697672
0.23489596703683935,21.086562492302324,0.5699809079914847,0.7815100932997102,1.7701032941543138,0.3391651138663292,0.5495316982269287
0.2439844973033548,20.54024798562915,0.5596160565275586,0.7929375188516469,1.8994194021511224,0.3415309538443883,0.5613365968068441
0.3231738583800445,19.941422633227138,0.6023825845452103,0.8231958469708017,2.5753092996128064,0.3271263639132182,0.5584774017333984
0.5123915121902192,20.942312233987206,0.6848052488408284,0.8611721619393439,3.750452919992579,0.27571481962998706,0.5462252298990885
0.6330149543892158,21.1577107837538,0.7101773646160917,0.8853237178839555,4.536456037842586,0.26308869818846375,0.5597232182820638
0.4575073323172833,20.14709753415786,0.6339613838089283,0.8460081099266672,3.2907877640797842,0.3014466464519501,0.5587482452392578
0.24814848587079721,21.841241123486707,0.5523425364652454,0.8127557191579239,1.5440399314650437,0.3411765744288762,0.5481328964233398
0.23783329366631925,21.09278627005624,0.5279741285860061,0.815276197629733,1.3528395046134538,0.35351378719011944,0.5397761662801107
0.25761595082427724,20.871596797841924,0.5830020457393134,0.8020285310246891,2.0040175124610067,0.3309613317251205,0.5417083104451498
5.274956066077518,19.696667431095303,0.4406408148766629,1.113813502654194,2.057392716845533,0.3712978735566139,0.5377584298451742
1.0408879586175077,22.034178146460434,0.5041895852456616,0.8400868043165661,1.2247962083059765,0.28899051000674564,0.544950008392334
0.23493494933291872,22.999437184035898,0.5751266697551686,0.8142044553043064,1.0573641928970168,0.2696640764673551,0.5329527060190836
0.22194404541521343,22.67986831589695,0.6235674184919984,0.7906152591665049,1.3992896671898276,0.25682547688484186,0.5595173835754395
0.1840332652578862,23.50686853803911,0.6063669960915491,0.8040807877631465,1.1742487564797888,0.26556091258923215,0.5435192584991455
0.23559935553493405,21.11207132921405,0.6376786899724523,0.7933218713181859,1.8284346888328828,0.2578219970067342,0.5553164482116699
0.17782242507059579,21.938889639086156,0.6362384960323814,0.8126318979505053,1.5990853831383742,0.267216682434082,0.5754930178324381
0.14755057883085312,25.928712707815368,0.6828360845207645,0.7892886035685418,1.0668657048811265,0.22865670422712958,0.5681491692860922
0.19327393861990064,24.069994825506466,0.6290397268359684,0.7637535911801798,0.9331959307471277,0.23522618909676865,0.5405499140421549
0.22396360527401615,22.53140460154992,0.6098403134829693,0.7652109343465495,1.3012433315737064,0.24204281965891516,0.556398868560791
0.22082362406158598,22.186413884402203,0.5874169565230324,0.7679512528957183,1.1892677449543496,0.26761151850223536,0.5681985219319662
0.1919921042762487,24.66292680992534,0.6690072767753866,0.7686331479314501,1.312595466473219,0.24660028268893555,0.5380118687947592
0.21738374490900447,23.4681405279495,0.6635526707423275,0.7774967574309279,1.578434582769184,0.2534162849187851,0.551163673400879
0.33372014252165183,22.596846707259186,0.7199837544408205,0.8079123549807633,2.3181169479760726,0.237240195274353,0.5322986443837483
0.2418059636199353,24.305748543052186,0.7150065998625456,0.7578067217311754,1.7688387669511243,0.24157112340132395,0.5669244130452474
0.2649611210091974,22.51285079001234,0.6857981777644375,0.7791319541007171,1.8837473561636606,0.2675735304752985,0.534489631652832
0.22070443979675428,22.602259391673865,0.6350277898155816,0.7639659027564661,1.4852877429919318,0.30037252356608707,0.5596710046132406
0.23196602066711422,21.893709811882005,0.6210111270870083,0.7647243620188698,1.5267886846765677,0.30660398304462433,0.5612490971883138
0.22431694001172886,22.938907410552904,0.6292721890865376,0.7377977566806709,1.4034444841677791,0.29831961790720624,0.5544264316558838
0.24276064633934957,22.034021453740603,0.6279212062261416,0.7449076577828765,1.5618785229299512,0.2945499171813329,0.5339961051940918
0.27137803126669136,20.75251080412251,0.6313236300449704,0.7215672021898931,1.7653201025307377,0.294094406068325,0.5616728464762369
0.5119513437062667,19.685892234649955,0.6719062475667839,0.7777216923504672,2.8888683533038013,0.27769392480452854,0.5394206841786703
0.37366623841762747,19.724479098666418,0.6432273919590227,0.7364441892444084,2.2446218082367184,0.29220229883988696,0.5460390249888102
0.4364037950089961,19.809772437896374,0.6449821846043021,0.7790045246447037,2.4979930262269976,0.30276266237099964,0.5633826255798339
0.29164978876768594,20.520863784560344,0.6042709858582078,0.7680357490456853,1.711340827032988,0.3185057242711385,0.5521239439646403
0.32505634011135454,19.284128832556508,0.6025186496394169,0.7727226293029105,1.9156414524037473,0.33347755173842114,0.5395806630452474
0.342029583703707,19.10007091173431,0.6211556094666478,0.7615074032986859,2.017393504903292,0.31879237294197077,0.5291725794474283
0.40086177127226447,18.223888732054714,0.6164687230799438,0.7793637965393635,2.2942351890562303,0.32768830657005305,0.5397616227467855
0.4385012221082116,18.03603262873961,0.6354312955621069,0.7655295132955192,2.4502141499139074,0.3249446203311284,0.5474063555399576
0.2583281098113526,19.183009876295156,0.5887938554949742,0.7791509697451785,1.5510206297203961,0.3542291621367137,0.5419963995615641
0.3075222547812296,19.53299712607892,0.6354867361549466,0.7928878177832365,1.9667391292119758,0.3269427716732025,0.5344082514444987
0.2822800148629289,18.449536973626707,0.615870760534735,0.7750184452587044,1.7435172001376185,0.32944710055987037,0.5820247332255045
0.34692658654334907,21.096762646242105,0.7014774469675134,0.7917857208736283,2.2005947394455405,0.2602142840623855,0.562257687250773
0.25599319504559687,19.396972720086087,0.6060382907901137,0.791663251364223,1.5899124697453413,0.3153750300407409,0.5403807957967123
0.38202634315051637,18.18966816210199,0.6552442186537729,0.7827046856010186,2.189960021784229,0.2812950387597084,0.548867384592692
9.558299092839759,19.21753137872089,0.4542076374209337,1.4245707573617874,4.577277651543292,0.38501970966657,0.5528934001922609
1.9900730566197253,21.63855074418431,0.4980412082991215,0.9847336130045603,1.3851054899061515,0.30397438506285346,0.522233247756958
5.834799742787157,20.76353840456245,0.4559468854405606,1.1024040033225944,1.9110630108153341,0.36162468542655307,0.5540380477905273
3.9239308618123965,20.810904082155876,0.48007182493017825,0.9825240363535773,1.672495037038333,0.3460465843478839,0.569483200709025
1.459243417475687,21.243481138933408,0.4940337824476289,0.8678369092717398,1.205836307209292,0.3271876250704129,0.5360502401987711
1.0201901465612193,21.849684429162284,0.52859290460954,0.8382308703785238,1.2494843378952305,0.29755070805549616,0.5476508140563965
0.6559430266292687,22.017776343105783,0.5429512522906891,0.818377253908175,1.1537289481448505,0.29848103970289225,0.5524172782897948
0.46736061786691424,21.74813748734216,0.5255122749142801,0.8392979108821782,1.0178230865753795,0.31460151573022205,0.5365858872731527
0.3875906176293205,21.355912473589097,0.5613627503056483,0.8056574688666253,1.1679863262826682,0.3008833974599838,0.5385729471842448
0.23220907653593556,21.596309743683364,0.5838607511153351,0.7941246485008396,1.184911953519444,0.2909639626741409,0.5466803709665934
0.18988996862963645,21.91439749088977,0.6034372261557807,0.8009308465173769,1.1958108134385383,0.2900466620922088,0.5668072700500488
0.15741844025610055,22.53983882120329,0.6283795381681349,0.7940156602200131,1.150790605726835,0.29232416301965714,0.5371248722076415
0.17003718228660988,21.60198929792944,0.6541687863598177,0.8347381692119171,1.257397492475478,0.2933451731999715,0.5453041394551595
0.20367627292763527,20.78804050165184,0.6862882313195687,0.7775814572302208,1.5083408998339471,0.26939503848552704,0.5412797133127848
0.22617475532633838,20.390658905121608,0.6851020798873342,0.8038770032829451,1.5397049118435433,0.28166746596495307,0.5406240622202554
0.228873727278356,20.610006717856542,0.6928739855657441,0.774274249312878,1.5638228065550341,0.275624580681324,0.5594073931376139
0.23805266841389913,19.83516067869282,0.6917457556769628,0.7869161672384574,1.5040092064996502,0.27953511228164035,0.5363358656565348
0.20929724621904908,20.910709084837357,0.6673316139126992,0.7797315077654888,1.2774317593828652,0.2898189077774683,0.5503321488698322
0.22384152339992358,20.948332745536586,0.6870615720675359,0.7595074199597719,1.3204802917195957,0.28104978799819946,0.5538322925567627
0.26076423553574385,20.758722880471755,0.6935803938973848,0.7975112507682179,1.4975196827432644,0.2763037433226903,0.5290636221567789
0.24153695381906978,21.59049987894107,0.6746216702919305,0.7905505602655861,1.2785687041232465,0.2840329607327779,0.5358366966247559
0.266138298519703,21.177015467338947,0.6762144126987444,0.8401937769312041,1.3214172789688903,0.29577046632766724,0.5467296441396078
0.30301924112749434,20.616506194588798,0.6882711368828597,0.816694580454806,1.43480598166757,0.2869041512409846,0.5579631328582764
0.3838172279039706,19.83278581626244,0.6820364995885972,0.8142202490334217,1.6948305562134893,0.28778780996799463,0.5424833297729492
0.4815581382777223,19.53117263383822,0.702101674404689,0.7983607533524077,1.995762279213034,0.2755828897158304,0.5676725705464681
0.3619939063534405,21.79891134622079,0.7108839756998458,0.7863832675017827,1.5741961285897998,0.2622821082671483,0.5347281297047933
0.3832504099678559,23.000618956600842,0.7347785995936157,0.8192355831318001,1.673342957511734,0.2540303369363149,0.5612514019012451
0.31973723330690923,24.175486860641467,0.7106287326691129,0.7841406648308048,1.4267822261162557,0.24934751292069754,0.5573534965515137
0.2869204398878394,25.325772452928096,0.6964429111015199,0.8256516482716512,1.2030228220543941,0.25293297072251636,0.5567490259806315
0.2665813649515509,24.70196171627369,0.6338005771681832,0.8384605363795528,0.9000359277876075,0.2712103525797525,0.5490230719248453
0.2608123508970474,24.730488000535093,0.6448758466602454,0.7882309724073865,0.9748646353713702,0.25886341929435724,0.540420134862264
0.25815960417353073,24.667393520368062,0.6285547164105698,0.8213406565568849,0.8713076969548167,0.26603393505016965,0.5457021395365396
0.33935099061163476,25.212260050923856,0.6012585695727104,0.7634246169826643,1.2121489374452086,0.21716865152120582,0.5660625298817953
0.1567281984808666,26.030089552627725,0.6516438236686909,0.7598373959547032,1.201711361338136,0.21779497961203254,0.5618855158487954
0.16089196133017106,25.14843407869969,0.6724519423691423,0.8023432880687134,1.5069302953293808,0.2300096824765205,0.539910872777303
0.32416019835315907,23.970411917056406,0.7083263956420685,0.835242981656419,2.6469289466835253,0.20486016571521756,0.5278457800547282
0.23568711685577312,24.313587852369015,0.7219227499618462,0.7971581957037449,2.1293329119866145,0.20664728432893745,0.5369212627410889
0.21599311096551166,21.95595102473371,0.5830266193559308,0.7940114912228187,1.4807501408149362,0.2789544289310773,0.5549000104268392
0.22096710457621938,22.074911184036946,0.6026732877800495,0.7613406636795655,1.5798700953334637,0.2579617351293564,0.5415686766306559
0.19964261567930175,23.81268102542357,0.6015674222273623,0.7705506664149363,1.2248808297721048,0.2554490367571512,0.5260923703511556
0.19936177016722903,23.30211312344853,0.5989277337815796,0.7789884218480645,1.2847361040010232,0.27352579931418103,0.5322531064351398
0.2336846664087607,24.74258696594836,0.6496811899417996,0.8031992771227533,1.203636396532297,0.2574896961450577,0.5353438854217528
0.2509343156006962,24.38959907189,0.634252363070498,0.8128364059336626,1.036340814682356,0.25655523439248396,0.5294562180836996
0.26809953375026624,24.609567640248276,0.6545510601940804,0.8059383129033133,1.1227505482076872,0.25645708044370014,0.5297167301177977
0.28601473605367855,24.489997125404575,0.6505648963025925,0.8229539941583482,1.132780625628222,0.2533895919720332,0.5417072772979736
0.2580477542986704,24.7920495581676,0.6456470793197036,0.8042920112852947,1.042502945720104,0.25303807606299716,0.5400441487630208
0.2691000803169777,25.015504309973775,0.6593807926421871,0.8143893809059529,1.0526950475006966,0.24859120945135751,0.5404765605926514
0.2692272460388351,25.623246468278936,0.6600765670107467,0.7782979620739154,1.1723785342389166,0.24103170136610663,0.5417136351267496
0.2627669851222706,24.678072826296596,0.6449642144921914,0.7595654751323462,1.5270479048696792,0.2527520979444185,0.5339864095052084
0.5240297645958942,19.667842386653813,0.6306436638523755,0.8142043610416051,2.9453647954502586,0.27839790532986314,0.5247828165690104
0.3521043011759602,19.747016962218485,0.599021642279501,0.7754340960118871,2.133295339828594,0.29159267743428546,0.5497638384501139
0.41271804256394923,18.762922723164056,0.5975216908016074,0.7737808249551265,2.439181210456621,0.3037309497594833,0.5725812911987305
0.3599658257414089,20.283505946977726,0.6131508719506251,0.7862033615747975,2.214433430876927,0.31128023564815516,0.5534218152364095
0.27972378495681904,22.446967344295828,0.6148427921356684,0.7409719652063139,1.6614220734589837,0.29254243771235144,0.5477866331736246
0.24166131460507687,24.64926338536564,0.6394007618782988,0.7366405711598918,1.4535242464044835,0.28482316931088764,0.5461535453796387
0.2759661951239581,22.67478910040089,0.6172417390177382,0.7598498628422248,1.5485134074976532,0.28256648282210034,0.531397263209025
0.3652992892838327,21.505130968070002,0.6444971695248448,0.7765774066916494,2.0527500616642707,0.2744167645772298,0.5274193286895752
0.2957251333223399,22.561885156947397,0.6374129293374063,0.7582290015186836,1.6490786083797744,0.26905524482329685,0.5434866746266683
0.31227321256348045,22.51537327718641,0.646530963173685,0.7886897249531742,1.782572413765726,0.26440196732679994,0.5327877203623453
0.2710803412252147,21.85145818233544,0.6165815584749069,0.7845267441026685,1.5052527541328626,0.2961323757966359,0.5555505752563477
0.2285270938202749,23.088189783121113,0.6060542591528305,0.7966966755000423,1.2958596022135687,0.3051925053199132,0.5598684151967367
0.2092222861835161,24.713240558148716,0.636853254691543,0.7888187197925735,1.3319027049519,0.2788518766562143,0.5501312414805094
0.20844164775126425,24.20296982635064,0.6405425447454812,0.7924177839379882,1.3808390731390634,0.2673493325710296,0.5517165660858154
0.20401915249694177,23.822287268568726,0.5972207268988502,0.795863791071861,1.1298241255571682,0.28677651782830554,0.5715069770812988
0.21545753252645541,22.968117460759306,0.6201746089783546,0.8105179507085194,1.225805656791303,0.2790086021025975,0.5435154438018799
0.1028440140219382,16.66319212779157,0.3063839381433387,1.2829429331800963,1.180080674093973,0.47058650354544324,0.5790614287058512
14.697455812926131,21.327141605120868,0.4518174585474677,1.3261637733274334,4.018916178254707,0.3407698894540469,0.5224045912424723
3.2299063277850038,26.579539378312962,0.5098259839022554,0.9645767689624768,1.2916376982175375,0.1969175264239311,0.5320709546407064
0.9847767113778308,27.898675709907735,0.5296562619922333,0.8726877978332555,0.9548560464042376,0.1722483324507872,0.5530365308125814
0.3209142941083599,28.250025070283524,0.5794483706781424,0.8250221399098866,0.8527881749690406,0.14438457787036887,0.5642440319061279
0.21820742319384404,26.903350776726057,0.6205721674737427,0.8068320655390089,0.8490081344671423,0.1485878340899944,0.5438624223073324
0.1908533381397289,26.585163328963404,0.6290794624438226,0.8058294321189944,0.8561837780147097,0.15857039391994474,0.5482988357543946
0.16790814055745784,26.53713980598638,0.6712828565606633,0.8147873868205213,0.9260329850751039,0.16360987474521,0.5577839215596517
0.16729528463825016,26.185234881943313,0.6776993001922201,0.8251635923915034,0.9488184509529732,0.17452507466077796,0.552899440129598
0.1882312818754187,25.56744930834924,0.7344351752214441,0.8008814917788337,0.9578645697327454,0.1770437409480413,0.5418269634246826
0.20512206271235292,25.261048618852545,0.6835905457929762,0.7988704965051955,0.9045953554968769,0.1987899293502171,0.5408011277516683
0.2273695064648699,24.684435430832647,0.6803790636911722,0.7872670393410445,0.9633453365273937,0.21364707748095194,0.55045747756958
0.2335360012490196,24.569427246605642,0.6598291102568231,0.7868363121377526,0.8875634137820897,0.2283803274234136,0.5352582136789957
0.2346155126394369,24.769780414710795,0.6363399382459906,0.7830949753723081,0.7858516367596287,0.24232079585393265,0.5280928611755371
0.23403033925289396,23.69558947079241,0.6556698373788444,0.780026996938488,0.9174136564856563,0.250321552157402,0.543546199798584
0.2391189567969115,23.094886501071937,0.6503911395269856,0.7930428104932018,0.9533963152986854,0.26798904438813526,0.5498287677764893
0.24674291198724788,22.724291536399317,0.6609967730925957,0.7918302333713,1.0052528399633736,0.26103982329368586,0.5310049057006836
0.2368572347279054,23.639119808079318,0.6432471736994722,0.8208007265024725,0.8787018048874486,0.2775789598623912,0.5563039779663086
0.23249615182172442,24.487291091751633,0.6642880437378721,0.7920060213337737,0.8227293320168663,0.27208012342453,0.5307947794596354
0.238989913806447,24.39222057368238,0.6560581968702434,0.8053450783420786,0.8186951313956595,0.27623383700847626,0.5577177206675211
0.24541663862158603,24.45795531491366,0.6661493669331565,0.8147432397799111,0.8667456663719347,0.28813996911048884,0.5502490202585856
0.2516659057824911,24.49289870836223,0.6654675756197593,0.8208898751594988,0.8243252900144867,0.28100001811981196,0.5296541849772135
0.2528925464972723,24.290194050766654,0.6654094001154333,0.829324786559254,0.8675782879043273,0.29760110378265375,0.584994395573934
0.25669944103540043,24.306021754855053,0.6657997856925635,0.8269787239232583,0.8891305966054138,0.30744198958079016,0.5490238666534424
0.25756132889628375,23.841463368796695,0.6579441352504429,0.8456875030747106,0.8477829316545399,0.3234088023503621,0.5355661710103353
0.26305189178278715,23.664206943747626,0.6573945249902412,0.850424382468783,0.8285464655649339,0.3234447389841079,0.5682795842488607
0.2692154259447788,23.392803081110443,0.6601645044493448,0.8490637933763855,0.8855106937689111,0.3154793580373128,0.5609609285990398
0.2737093876768529,23.409163599355836,0.6464107070288309,0.8521327170022975,0.7977545105401879,0.32480956117312115,0.5261569023132323
0.2736233658452704,23.357865690661338,0.640823685754958,0.8638198794130011,0.7452291627066617,0.33039030432701105,0.539704163869222
0.2696759347086009,23.429988505340333,0.6505136481964006,0.848761896810354,0.7376721395918047,0.32094936072826385,0.5651055971781412
0.2684006878500205,23.185812994935688,0.643525072854966,0.8542822809276075,0.7569152506866246,0.3232918580373128,0.5532855987548828
0.2637887788507375,23.80137011909686,0.6614557003632787,0.8228183553742311,0.7678375792544677,0.30140684048334754,0.5405502319335938
0.26126106776629376,23.840788031127506,0.6531694033290286,0.8554591195989137,0.7559894746522562,0.3038376967112223,0.5703454812367758
0.2567837930995614,24.017377866539544,0.6485861990836744,0.8447319893581641,0.7050447466617499,0.30184627572695405,0.5530346234639486
5.810596435538045,24.54900755528048,0.48968709802513294,1.0191024982872596,1.7969798996151678,0.2630617978672186,0.5510671138763428
1.2037488005778914,27.207570783722815,0.5982472926818657,0.8310093089717997,1.3510081248568007,0.1671307931343714,0.549281120300293
0.48470097019549496,27.67930488378664,0.6061682844548323,0.8276542716909532,1.2144453287131511,0.1619171140094598,0.5327254931131998
0.18430757391917352,26.068430616936713,0.6278770902995383,0.8382121448657278,0.9241995172388674,0.1848898778359095,0.5379557609558105
0.16116566285165923,25.498896605979784,0.6758483582425528,0.8303538147222814,0.9547760247222747,0.1807735860347747,0.5330190658569335
0.15221094891283315,25.38901456876756,0.7221276136846834,0.7857599746196021,0.9814473544054737,0.1779907395442326,0.5480250517527262
0.14468478137401816,25.08364618558186,0.7082998697021529,0.8206519766216053,0.9764437064799204,0.19148801018794379,0.5456708272298177
0.14800207135938828,25.04175392875017,0.7246155366456143,0.7946536948000836,1.0353661744153169,0.18923717737197868,0.5388047695159912
0.19199366391873549,23.030524352950707,0.7438633201788042,0.8127689772838624,1.2909678379796719,0.192982109884421,0.5444464683532715
0.17994343481063024,24.68361505683447,0.7066946998962287,0.8315332783300794,0.9491552017568144,0.21768584847450248,0.5364563465118408
0.21178060089715225,22.58964082499871,0.7137156923293452,0.7921099081363354,1.1510087126068034,0.2129581496119499,0.5377777417500813
0.22558406447581736,21.62480291829331,0.6924368054860711,0.8037458705975474,1.227520804528193,0.2278561443090438,0.5374618371327718
0.2328146097667744,20.94236927271956,0.6795125674635131,0.7876009540656966,1.327992995556403,0.22619536022345219,0.5204028288523356
0.25849083933390654,19.68621931017894,0.6603422472604396,0.7921357415689964,1.4056110006879317,0.2346162175138791,0.5626458326975504
0.2716734660606073,18.889622603749757,0.6539690379536862,0.7981874175500464,1.4755841770062894,0.25155918300151825,0.5506943066914877
0.26904060400321245,18.87668665308991,0.6409715008953702,0.8056707929167374,1.4084053209548841,0.24709039926528928,0.5695812702178955
0.2768268148082104,18.298686510862954,0.6383864785524324,0.8083001392009638,1.440909043812194,0.2605536530415216,0.5391731262207031
0.2675359480687772,18.75971671835789,0.6373872778136991,0.8021632184367707,1.4089293258179474,0.26054784655570984,0.5480160713195801
0.2538470669929945,19.029808259885332,0.6139174503221971,0.8115498976365262,1.3242062631388583,0.25886432329813636,0.5497363408406576
0.23675624878771698,20.093234514272037,0.6266452795362024,0.7811346533086801,1.2152863522979553,0.2584549089272817,0.54904834429423
0.21818057072869934,22.622402053931154,0.6007302119796922,0.8432349966893757,1.0090891391422874,0.28341035048166907,0.5511055787404379
0.22273268193780205,23.806772497887437,0.6175042969920422,0.8149527899196781,0.8912602393858924,0.2708367904027303,0.5477027893066406
0.22418049117029837,25.34134599222898,0.6420115184484522,0.7949506722627723,0.8612752429816909,0.26279408236344654,0.546604077021281
0.2390098264274012,24.502638716963464,0.6399679176954723,0.8104773409310564,0.9367572218647761,0.2787941098213195,0.5427422523498534
0.2449120912849996,24.76820382456383,0.6340057729803327,0.8112827738744234,0.8645213389999326,0.28172386686007184,0.5781388282775879
0.2467841455796743,25.28146981743232,0.6525608856814854,0.8103961788951598,0.866827298159412,0.2696114728848139,0.5794049898783366
0.2475481357934968,24.947708121465045,0.6453986311427807,0.8180409717098099,0.8459067525512891,0.28534072140852607,0.5530498027801514
0.2654004254232488,24.653742469963376,0.6881915305845738,0.8345814017870626,1.129061906976846,0.26557000974814093,0.5293842156728109
0.3214722303012269,23.29104758183506,0.6977979932340816,0.842739370925981,1.428344867819784,0.2630826830863952,0.5721190770467123
0.27884389942397614,23.957773585968948,0.6807395713617336,0.8546427780832525,1.2180373238602178,0.24836877485116318,0.5509504477183024
0.3214468187581288,22.597212203351727,0.6736463848990705,0.8570955592667868,1.4243545753509539,0.24719015260537458,0.547921895980835
0.2820957553482651,22.96246439054754,0.664509153917158,0.8262913431157788,1.293403667103193,0.24759135146935776,0.550294001897176
0.23421677104999702,25.05987927845044,0.6552960495142149,0.8200751431037235,1.0088976155503724,0.24295985201994572,0.5413642724355061
0.21941905676963538,25.939119171621943,0.6499865238110705,0.8516256429623126,0.9394920974485439,0.24218126138051352,0.548257033030192
0.22797077471333385,25.960790624596218,0.66407659580441,0.8719247987768032,0.9592620998317236,0.23961323499679563,0.5332359472910563
1.4724019663239964,16.419662665080725,0.39645925653374325,1.1803088505274455,2.2403591644420273,0.4201594864328702,0.5297073523203532
0.8490769592053798,18.604899053823853,0.4687568735258229,1.0783482937365887,1.7433842184364423,0.3555769448479016,0.5557041962941488
0.5581164656173322,18.93765778999121,0.467058228711244,1.030455547215186,1.4787810813821747,0.3511054664850235,0.5450592041015624
0.29417439237058557,19.556366501187384,0.46449934883815613,0.9411382881043685,1.1696549676703365,0.3566762755314509,0.5499860445658366
0.2750196130308297,21.27250412588064,0.5459155778073526,0.8712140291238842,1.629199249727596,0.3083288172880808,0.5427930355072021
0.24457751083758172,22.59163522993929,0.5988796281318262,0.8581702455772587,1.723187406975353,0.269843856493632,0.5809037685394287
0.17691536885213713,22.47132067373587,0.5840969473980597,0.8318310817831599,1.2400804401431398,0.29101265221834177,0.5354520479838053
0.20839177808043363,23.873773017054493,0.6261987219039719,0.8270135442716077,1.1368652362446487,0.2614000663161277,0.5517726739247639
0.21053814046410277,23.654363594950194,0.6276255951612281,0.8312198092534029,1.0447148689940045,0.265211135149002,0.5438642501831054
0.2118035498346206,23.694050888708784,0.6378579931197269,0.8098910826734679,1.2123932786410083,0.25910989195108414,0.5247993469238281
0.2249567513800335,23.016237012312917,0.652116527427801,0.809706001201478,1.7149755823251087,0.251535897453626,0.5604862372080485
0.29191462532911266,20.157888966715376,0.6381175480602466,0.8163637770469795,2.2698064355045524,0.27020152906576783,0.558814287185669
0.2819123711616418,20.84366080403731,0.6502905227933865,0.7901729959025552,2.2232004835946753,0.2654209112127622,0.5469257831573486
2.426061557713652,19.256333049498338,0.7396603820517712,1.182411350405382,9.204759381546726,0.21686944613854084,0.5455585320790609
2.560617528411173,18.946293585903092,0.7443746861192352,1.2391260211895971,9.769193657581011,0.21492638190587363,0.5285511016845703
0.4876537320439252,21.769288862144013,0.7363876028079726,0.8320081116158212,3.20259572838772,0.22261659552653626,0.5162885189056396
0.36404472140791855,22.00407007938101,0.6860803519865769,0.7842293447921485,2.559043647264724,0.23003862798213956,0.5520193576812744
0.24883413894692122,21.125188754847034,0.569031601917622,0.7530452795470229,1.6276517211114274,0.27418319632609683,0.5381449858347574
0.3348729193175541,20.088421567820813,0.632790341527352,0.7576087271522635,2.306492365007623,0.26043138404687244,0.5313090483347574
0.2621694815872923,20.606696947354706,0.5828251854397034,0.7588938339722645,1.7676712833034696,0.27513550470272696,0.569115956624349
0.24260445386367202,22.316897979279315,0.6019385943441321,0.7454506622978307,1.6372702887635766,0.2693999111652374,0.5481917858123779
0.23276844133223226,22.635503593703067,0.601219072571827,0.7254139432533648,1.489958640297074,0.25921530028184253,0.5351322491963705
0.24826334300597933,21.18571260743057,0.59547615600473,0.7440026042343666,1.617653969348263,0.275709256529808,0.553144613901774
0.21659875203260145,23.27793959901787,0.5761747619205587,0.7483525746610399,1.117599791175371,0.28059600790341693,0.5387794176737467
0.21601034831662658,24.196471263814658,0.6109699571335968,0.7563499760196656,1.1696254978374272,0.26043998698393506,0.5774243672688802
1.0406770165850483,17.52819619278898,0.6607925398730369,0.9500974234814833,4.351213555591443,0.2658059895038605,0.5336125691731771
1.3887983873313299,17.049599780406,0.6840396478085028,0.968051860487383,5.201725044962131,0.26784309248129523,0.5719577471415201
1.044114272138693,16.523621922254982,0.6467062847605058,0.9252306339691431,4.340652140414095,0.29550126194953913,0.5561185677846273
1.3665120467963752,17.230137011994213,0.7079112066141771,0.9108855205621748,5.236243072138509,0.26074065764745075,0.5214805603027344
1.5160215294397574,16.869031521402054,0.7152354209226636,0.8762046281879375,5.4732981043018905,0.25099241733551025,0.5379111766815187
0.6529506228588761,17.993597436567978,0.7206739128378276,0.7871495163233497,3.1197276387630115,0.24107265969117478,0.5701016585032145
0.12386322494494213,15.8832265774754,0.2906156346351651,1.2235847146422032,1.0221952501475204,0.47638768206040066,0.5643476645151774
1.8463313639794376,23.886038258417727,0.5346328509733025,0.922384816245954,1.4000327858258885,0.24653927609324452,0.5554386774698894
0.19328465760639066,30.494150682182124,0.6253463154136507,0.8301208665428201,0.9515717561728417,0.11569862564404802,0.5526615778605142
0.13114100678271443,29.050393544301,0.6101852382610206,0.8231314063327478,0.8893881468909391,0.1526504208644231,0.539056380589803
0.13253157912875338,27.539726826253897,0.6082563024829343,0.8191771001837093,0.9630377618987453,0.18122457464536026,0.5501759052276611
0.16650302974105397,26.844179443783826,0.5765670834583382,0.8533590419675217,0.9422721157018836,0.23458563536405555,0.5675493876139323
0.17296882127215,25.89156700622236,0.5644204475058605,0.8315853337170594,0.8850976202214733,0.26788735886414844,0.5598546663920084
0.19114527081432942,25.259973463069603,0.5822595374457739,0.8456047215394329,1.0050374286518717,0.27706054349740344,0.5435442129770914
0.14130123483629664,25.570180899347005,0.6353371074944958,0.8244019331454187,1.0429491036022656,0.2756841133038203,0.5427993933359782
0.14571240938755772,26.153499968249324,0.6482972799606133,0.8340781729268792,0.9995144646487327,0.286488393942515,0.5628437995910645
0.16318596256664927,26.476114865945856,0.697771295909002,0.8163337408737869,1.0625592890856304,0.2855428258577983,0.5353555679321289
0.2188600965194675,23.581625763627116,0.7345893164593772,0.8274557820860188,1.350187690471647,0.2745988965034485,0.551142692565918
0.21615283316847975,24.320178219526085,0.7602066062170293,0.8066958066374564,1.22099785902124,0.27172067761421204,0.5245409806569418
0.2371353488534159,24.61189035352712,0.7801191682858342,0.8255885012229051,1.1853658288159412,0.2618463387091954,0.543989102045695
0.2553005008082595,25.009765510372038,0.7936245801055101,0.7918015421361838,1.1823076635817982,0.24932525555292764,0.5637687842051188
0.2673675028954538,24.82063634649161,0.7804131770424497,0.821493730373757,1.1552441631112627,0.25547236700852705,0.5556658109029134
0.32164098807595326,23.195551731523626,0.7850860944077586,0.8466978461588633,1.4161993611123114,0.2416427085796992,0.534986654917399
0.29688737562432915,23.249262385099243,0.7494315064085937,0.8394192915656151,1.2843706375569355,0.24952961007754004,0.5421601931254069
0.2691710477287355,22.981267765755828,0.6897898337144223,0.8095103279725849,1.1008868948449102,0.264652023712794,0.5761042435963949
0.2565559711549524,22.83028932533667,0.6452562662460973,0.8234906925297776,0.9728251667062588,0.2858625650405884,0.5498549938201904
0.2528831760792538,23.36019507961961,0.6762566402105726,0.7692427434302346,1.055305328456037,0.26337591558694834,0.5333809852600097
0.2650452791110259,21.961434238535034,0.6733856977940942,0.7846955611884566,1.1820920215757496,0.26439609626928956,0.5458365281422933
0.3017483102244578,21.208327049796537,0.6924690926306946,0.8356395139265359,1.4027158365872519,0.25550445417563117,0.5383289655049642
0.29878141452173473,22.0565346780194,0.7045108015640024,0.8165062461953614,1.3622252785915672,0.25898172209660214,0.534657875696818
0.31131345657081183,22.753772020259277,0.7319969226421134,0.7939622380229935,1.3867602328448374,0.23467250168323514,0.5626309712727865
0.36595500202496334,22.84182517205244,0.7602027036867685,0.7731494786826394,1.573773057240708,0.227620467543602,0.5595275561014811
0.3556892961372288,23.27259986132199,0.7474800170445538,0.8445157478134121,1.442099161397441,0.24439525107542673,0.5758202870686847
0.3879656867784025,22.387038493054302,0.7445259953830589,0.7927973373990392,1.5528961120943514,0.23677056034406022,0.5413849353790283
0.4064521097732856,22.053914883335256,0.7360779369790648,0.8246925882155359,1.6026461851067089,0.24751684566338852,0.533594528834025
0.36794699870909753,22.405459930935592,0.7252774303949847,0.8280890396876043,1.4634178791291423,0.266363908847173,0.5505250295003256
0.3370129317388674,22.67359884957064,0.7165603711415708,0.8419747344862997,1.3818764915002042,0.27068625390529627,0.5655799706776937
0.29829239388546713,23.041200084844785,0.6946138770526131,0.8243172784822187,1.227013168552278,0.28208109239737184,0.5358399550120035
0.30390577178170486,22.49094940865295,0.6805136665875282,0.8635481453968934,1.3032193297876515,0.309655874967575,0.5326966444651285
0.2708481120835287,23.44030069328136,0.6574513463440453,0.8251292129106643,1.0955820181953835,0.2936034202575683,0.5555864175160726
0.2705733958207848,22.936361960071213,0.6743253983572517,0.8114402906330512,1.123388916785932,0.28080125649770094,0.5603921413421631
0.17549348021547337,15.767986540435933,0.3042337733079821,1.197658927530725,1.0807993636338629,0.4724089925487836,0.5669517517089844
1.3634406644654125,16.23696081619658,0.3944010106646662,1.163563616418258,2.499675398594713,0.4246964404980342,0.5426213741302489
2.3187293951171024,17.606325088467916,0.4359582665754553,1.2078385286165787,3.5165378805405196,0.4137306685249011,0.5576587518056234
1.7291338692741869,16.387656192121955,0.38803562032330113,1.178287018030517,2.9627545630140766,0.42464155207077664,0.5433188279469808
0.8886634392520122,14.78483878692353,0.3539277194141257,1.031010100471755,1.6650962074216487,0.44582955290873844,0.5605675379435221
2.0321425334658754,16.971566814529726,0.4182478128431617,1.1128269641607833,3.0832041750970127,0.4215403695901235,0.54881485303243
1.129015337772528,16.913566883854312,0.41802601228862774,1.0423315902636625,2.186500883768297,0.42330386986335106,0.5461355050404867
1.4129662357199957,16.128815584855403,0.3881121477481792,1.067219426591252,2.450430949878739,0.43983106811841327,0.5248595078786213
2.387934240437558,16.87246387138128,0.4072820316766774,1.0599243911498002,2.136625877583734,0.43869586040576297,0.5307076772054036
1.8453074399692373,16.60895429013514,0.39491104408461464,1.0088389650916738,1.8196744240570843,0.4510452648003896,0.5594727198282877
1.1827126050292258,18.128121147112534,0.4654782895690517,0.9567568984586464,2.101351214448741,0.41035570700963336,0.5447206497192383
0.4991948157533517,18.24360038889107,0.45181522161372584,0.8858094806712237,1.264609357722423,0.41292068858941394,0.5481705665588379
1.5367561143126076,18.617044926594243,0.5056607613073888,1.012693607998754,3.1006461882076835,0.3902728234728177,0.5308775901794432
0.8959862723090479,19.29858150686761,0.5113397364727118,0.9494941412740482,2.448629308264438,0.3878154158592224,0.5421458880106608
0.6241396260326314,19.823580095305896,0.563417262055979,0.9433426193285177,2.7289560303262483,0.3583310892184575,0.5586010615030924
0.4158836407740419,20.17506768853381,0.5688577038022058,0.9094279256336982,2.416273258971517,0.35316354284683865,0.5580734411875407
0.28311920983954275,21.314429010241312,0.5564150800977318,0.8299749269270699,1.699439042102594,0.3511976848045985,0.5470612049102782
0.24286517722706316,22.333423647666184,0.5868413123271778,0.8151355270251684,1.2822733235750894,0.32979799558719,0.5466984113057455
0.4615963049816627,21.997477903378442,0.5859438629470625,0.8126599379622373,1.6869759189845321,0.3228314965963363,0.5459527174631754
0.26906337335167047,23.874388220014556,0.6505583506795548,0.79134396013312,1.5297914952015461,0.2902615964412689,0.5439159075419108
0.30882940620893656,24.32471856109434,0.6717332870889393,0.7882680947846206,1.8577801726971128,0.2771230265498161,0.5606482823689779
0.326070410223912,23.60048589595875,0.6847245808885134,0.823327967605093,2.446697320310697,0.2712080776691437,0.5569823582967123
0.35297904232006155,23.141154954237294,0.7193527087039726,0.8204985897668043,2.8237365636677136,0.26909536123275757,0.545880397160848
0.35471719964724535,21.810924731267104,0.6953700976624954,0.8436408478880107,2.9646989876996614,0.2869303151965141,0.5534500281016032
0.45236263359964646,20.225015630330805,0.6683018692658912,0.8972337038587929,3.5522980234976202,0.298601026336352,0.5538614590962728
0.3160516909333995,20.11151650976666,0.6020107185499503,0.856631576750225,2.5737061125825043,0.3293256610631943,0.5493564605712891
0.2511916388875632,20.256453324196286,0.5430121412789463,0.804054939329676,1.6923348397782974,0.3447287082672119,0.5621419747670492
0.6659321268056873,17.59423689313278,0.6014625467223095,0.9814732294984548,4.291286685843922,0.32568653921286267,0.5727175871531168
0.23620551908309373,20.69986684537899,0.515625993924589,0.7812122816745752,1.3089904606499616,0.3443499952554703,0.5789292653401693
0.31120001557078875,19.10233403703622,0.5455537431677728,0.8393891846201025,2.2281099523303065,0.3342866897583008,0.5843540827433268
0.27558323164806925,20.513254562417988,0.5436217506757736,0.832942930368457,1.8489157076589295,0.3286337256431579,0.5771528085072836
0.25804703623232067,20.222234073297713,0.5239833818383679,0.8066979510107348,1.5878532461120098,0.31264210244019824,0.558379332224528
0.2565198836955976,19.663193313545786,0.4984272786751162,0.8197033857643713,1.5002302185048977,0.33065967261791224,0.5451026757558187
0.2477819668700004,19.247056276964344,0.45830753180829104,0.8130806583966276,1.21739194867383,0.34506841003894806,0.5636023680369059
0.25999071837968274,18.94546004763082,0.5013977043925127,0.8136131337225881,1.6653945238554202,0.3188813179731369,0.5549029509226481
0.2743459370460242,19.958167845886422,0.5733350520855419,0.8011857394000536,1.9975321308965486,0.2749015167355537,0.5683401425679525
1.0801631987850093,15.009478334238807,0.3606642136379472,1.1680679870415054,1.960743671603641,0.43238670627276093,0.5487533410390218
7.595764819686835,19.235873631021523,0.4109757283320313,1.5882297052128262,2.6355626818842377,0.3973253816366195,0.5592428048451741
5.469215957382667,20.736499494441485,0.4313637692252972,1.2220902322664273,1.795521192215414,0.36180561284224194,0.5371926625569662
2.6938726282007543,23.340302403774164,0.4858744513908276,0.8241861031171857,1.2611087744804932,0.2731789375344912,0.5431733926137289
1.6394444754326187,24.166214354150366,0.527068462669903,0.8045823029878892,1.2493306880637514,0.25119527429342264,0.5328657627105713
0.9045731127507731,24.037608748089273,0.542923588170453,0.8217467888051995,1.140740025836385,0.2580087333917617,0.5195244948069254
0.6173014539362301,23.436804674447274,0.5427495612572308,0.8302069040960193,1.1147554466650174,0.27412482351064676,0.545821746190389
0.5797222686822168,22.74730739148877,0.6417450387286364,0.8015687615374674,1.8843504469660999,0.23645894353588418,0.5499176979064941
0.2524573420438368,24.980159541892462,0.6163511198833141,0.7648886728670684,1.0128624772278139,0.24458711842695868,0.5325804551442465
0.1841154944264208,24.723675029041686,0.6083293312357908,0.7826469164151616,0.8347928180186295,0.24644210686286286,0.5381994247436523
0.18584363614039368,24.732692556161748,0.608832697469905,0.8020782565858843,0.8758208976906038,0.2494188447793325,0.5359133084615072
0.1697191262493727,24.97305424923587,0.6458719015261023,0.8053133523898991,0.8139808295687682,0.24448841065168378,0.5410908063252767
0.1736533714277785,25.563916067994388,0.658450779870479,0.8265718964794647,0.9232836758669981,0.24450872341791785,0.5386691093444823
0.18211751653679162,25.208726761866405,0.6628593806974744,0.8258042799893319,0.9934655273155868,0.25636053582032514,0.551440954208374
0.18759435683558787,25.177257781726023,0.6871877825695072,0.8165198559800765,0.9667026299062303,0.25274772445360816,0.5403292179107666
0.19234251321981996,25.619923001426077,0.6956831561654945,0.7968788418736422,1.0671178110742245,0.2490604072809219,0.5434664090474447
0.1991105127098679,25.78993434401237,0.7024539649262896,0.7873513725019899,1.0682743161383113,0.2497098743915558,0.5588095982869467
0.20591046768687962,24.981947175280595,0.702231057960987,0.7934229332812666,1.3171841303632743,0.26004870732625324,0.5471293926239014
0.19813516873879244,25.265818344639985,0.6749455577486422,0.7445538179393795,1.1156375002916372,0.255569947262605,0.5354735056559244
0.2215923860792366,23.68852054002822,0.6664687584374372,0.7563635809314722,1.4420578072295147,0.266684186955293,0.543270985285441
0.23264207558754083,22.043239274782916,0.6521516632901946,0.7447598346000083,1.4326705492436007,0.27970513453086215,0.5372114976247151
0.22381777574302197,22.37548978441116,0.5934174214016426,0.7581293770662317,1.163038258333155,0.30302366117636365,0.5422394275665283
0.3298194085603228,20.824141527824725,0.6827830588259021,0.7976690990329787,2.0855944465132974,0.2812493989864985,0.5492378075917562
0.283840274111488,21.903629777821305,0.6982246365070414,0.7475240143775365,1.9485287625479557,0.2848372782270114,0.5513843695322672
0.23044595494660158,22.892095628252406,0.6307272501459759,0.7570719651108299,1.4137979329631143,0.31556833287080127,0.5413200855255127
0.22477938736184178,23.24442873013533,0.6090177398318861,0.7510166943390897,1.2011970302369772,0.3100553055604299,0.5539792378743489
0.22545897327540912,23.4026952847908,0.6176720362445908,0.7445689253512695,1.2770875243983448,0.3138085156679153,0.5602100690205892
0.48497976947763083,19.796944955781992,0.6869511685206943,0.7941069896551359,2.873743760363562,0.2999426523844401,0.5506856441497803
0.6313014756286347,18.304835540735645,0.6676958195326508,0.8200019953343386,3.3584036228627316,0.29935018718242645,0.5375082492828369
0.23718051794116304,20.899177226032673,0.5947524320154317,0.7663309444711043,1.5431022867264996,0.34088048338890076,0.5513186454772949
0.3791009092524049,19.560161623536796,0.6489840269610512,0.7923599303726655,2.4186061744538248,0.31940302252769465,0.5533459186553955
0.30766956974464954,19.50633480819791,0.6172478931086441,0.773626903723526,1.9851987440233563,0.3272994458675384,0.5447778701782227
0.25946881245516407,19.83628217148487,0.6011560712525601,0.7783266873966027,1.621496741737639,0.34473174810409546,0.5305902957916261
0.2514330848945417,21.248169904374407,0.6177653862791648,0.808832992429628,1.6128665548160388,0.3334729274113973,0.5392514069875082
0.23628613052900338,22.614643558336937,0.6346963383617322,0.7802210854586816,1.521614140274293,0.31205745041370386,0.5546232064565023
0.21978762744948374,24.452830256783205,0.6393945448335929,0.7961046800095137,1.2321630321178583,0.31500843664010364,0.5463941891988119
0.12331773140430576,16.46413005787376,0.3106037712858066,1.2688048851575762,1.1476113835686401,0.47247303773959476,0.5636613368988036
2.0862205997669636,16.786414582033284,0.41526686246451017,1.2038175851487438,2.9211578823759936,0.4159966856241226,0.5612834294637045
1.8753524716473464,20.70965606478569,0.5053262331816264,0.9812026708710807,1.7967123845928823,0.3281192382176717,0.5464927355448405
1.091698272824994,20.836979861333106,0.5270157356039694,0.9189757610824435,1.5145996094902492,0.3239402150114377,0.5505062739054362
0.8379655232800061,21.389910512072372,0.536526816829206,0.8928522134977848,1.3340092237973595,0.3101400062441826,0.5716520945231119
1.5714842045624822,22.36028232513043,0.5359479204345498,0.9817374782814117,1.6720904072836642,0.31013265003760654,0.5410784085591634
0.8372348490386562,20.911214975876987,0.5044038974677136,0.9056689976132494,1.1405485925410634,0.3425985972086589,0.5660097599029541
0.8589477790967454,19.72136957696002,0.4959694642632737,0.9061105477130081,1.2505464417755265,0.3719667543967564,0.5689187049865723
0.6866772277730956,20.2333474112332,0.5229266761416868,0.8630065669305417,1.242158319239883,0.3561712975303332,0.5627928574879965
0.3248961036751979,21.063388477246686,0.5325423369460365,0.8396538900558627,1.0613919583235403,0.35685951511065167,0.5523480574289957
0.2070348174854435,21.089383899787915,0.5580904598962766,0.8380105011169418,0.9828690963270365,0.3462698807319005,0.5533707936604818
0.20471189178168023,22.24484565776126,0.6225440297261128,0.8003349610198628,1.3354103877720946,0.3185865630706151,0.5514962673187256
0.21712850722018706,22.849442834131793,0.6653905317780496,0.7930720380245894,1.538474184373162,0.2980325371026993,0.540157159169515
0.22834069434797252,22.532245859652132,0.6256553799728407,0.7911608161478374,1.4245590703139988,0.31425254543622333,0.5636391639709473
0.24817203127971102,22.70469499704673,0.6294778580568693,0.7894683775935256,1.6068613940344305,0.29690050582091015,0.5613458156585693
0.24101368679105165,22.812695000284965,0.604921738190317,0.7592913704849674,1.3409155047350323,0.29098622004191077,0.5502975781758627
0.24558849553787085,22.86959708766308,0.6260206092229366,0.8086497408524086,1.560900677770934,0.30368057886759436,0.5443128744761149
0.24190475457546948,21.799629407492613,0.5783534259759022,0.781683852617753,1.241063329995232,0.3276909217238426,0.5548178354899088
0.2581726317082806,21.486795689999685,0.5512097714801377,0.7844677504549371,1.2879714774492033,0.32545461754004157,0.5549683570861816
0.2528345537406143,22.014584591982697,0.5589568794852467,0.7568972743519534,1.2283659234788988,0.30298810700575507,0.5532382329305013
0.2739580655736367,22.25515923274672,0.5699961629067422,0.7777351488524218,1.5252818474934247,0.28797927995522815,0.5634058316548666
0.269882738924946,24.59629665249693,0.6307086231024113,0.7549309141957276,1.621237169120649,0.2314837723970413,0.5333257516225179
0.3175473569257305,25.297480118449652,0.6896310089102385,0.7936863754117803,2.181518226277855,0.21170758455991745,0.5523719787597656
0.354815200064031,25.28195803282141,0.7153197509215964,0.8028739847439125,2.5029607698680123,0.20759900907675424,0.5466651121775309
0.4280974169599933,24.794330581981956,0.7379064059050181,0.7831705579508736,2.798193467200347,0.19385527819395057,0.538229783376058
0.3594851494220072,24.911639439461368,0.7075786689985261,0.7957838836950035,2.270181715635528,0.21251297990481058,0.5475892225901285
0.2984102650384118,25.236499095963335,0.6815143178629789,0.771831878993917,1.8748892263307428,0.23366514841715494,0.5542733669281006
0.27965544653193786,23.07431476625908,0.6235874902611859,0.7690400807063562,1.743039304619456,0.2726295491059621,0.5459397633870443
0.31736947826090794,22.009843964265155,0.6368291322898257,0.7766166647397985,2.093104190312477,0.2754276941219966,0.5387920538584391
0.2796430624718654,21.19378822917419,0.5973404689372085,0.7515552117620556,1.7751531156920677,0.29784302661816275,0.5435965061187744
0.3039809884160234,20.537551062697876,0.5883125466895734,0.8095332860529895,2.011891612068738,0.30453552305698395,0.5519146919250488
0.245323279563172,21.116750009727856,0.5420567073378376,0.807484557303594,1.5215985762056625,0.34895553688208264,0.5546887715657552
0.27736165269487034,20.710877205075555,0.5838881459809951,0.8148014602268958,1.9758887261766118,0.3178929537534713,0.5213774840037028
0.26988560561194114,21.51441389884505,0.6012949931195876,0.8318297931946391,1.9961766281154094,0.3039522220691045,0.548836867014567
0.5024276520861192,20.50425248178823,0.6557883775842649,0.8538445090475758,3.1956102011792513,0.2462923278411229,0.5380982557932535
0.21252715962189447,24.739077403206668,0.6318899155452264,0.7754806672548598,1.4672778890046672,0.25191169977188105,0.5616653760274252
0.21544606548136072,25.172465441986915,0.6215726434712825,0.8021213296816908,1.3609491312602906,0.2440008843938509,0.5450285275777181
0.21132992971091077,25.6916654086363,0.6533935586979515,0.8186802020630345,1.483090428196028,0.24268895636002222,0.5314022699991862
0.10579848004731711,16.648298313260778,0.306018383186111,1.2636443236756927,1.1481782841875015,0.4680266206463178,0.5459981759389242
7.644902784511736,19.753358488077534,0.48032370283910725,1.3195387427517988,6.8318650094382996,0.3700462467968464,0.5690964857737224
2.6312072398549406,27.295142115734816,0.5312999427646579,0.8972567586562706,1.4131150132622186,0.16406932349006334,0.5339697996775309
0.8966820579241483,28.066942319571595,0.5493982019209599,0.8190688433733496,1.184815414878562,0.1516347788274288,0.5437720616658529
0.718652545716906,26.90256728747488,0.5411440360230929,0.8500500152014542,1.116455033859335,0.19200328613320983,0.5502225557963054
0.5155751895601698,26.103390569722176,0.5611767865197453,0.8360431901683482,1.3040932265346143,0.2002917056282361,0.5824079513549805
0.21710139407288198,27.36602558640909,0.5838955225658404,0.8333883571120491,0.8940414353029974,0.196224662164847,0.5622256596883138
0.16267736104956046,27.20231910689854,0.6372583867113036,0.8032426673869081,0.9266277166874993,0.1812080989281336,0.5466585159301758
0.14281565614726607,27.27016536588098,0.6798085203791085,0.8045904543245191,0.9473681380282853,0.17783412585655844,0.5362974007924398
0.13776390564374738,27.00858504755955,0.7001709131484839,0.8224356713560933,0.9005173608133336,0.18127407381931937,0.5368186632792155
0.14007086587387343,26.973578654226927,0.719109114310385,0.780376451766187,1.0161429270116658,0.1789274960756301,0.5529276529947916
0.15683262473142412,26.577724144652354,0.7313833812552293,0.7931084840864749,1.116824442376508,0.1862186913688977,0.5691471099853517
0.1620099581924383,25.94234105253759,0.7276235714588694,0.8255102020108757,1.0319443732658111,0.20499355097611746,0.5411299069722494
0.16540662357880595,26.324015849702306,0.7414822154901626,0.7996541704768414,1.0135439384099727,0.20146206766366956,0.560216506322225
0.18411726286372054,25.097874665075476,0.7313576647213393,0.8220849020511314,1.1095976641770104,0.21711058417956028,0.5580603281656902
0.19547907774621923,25.266067198056046,0.7410526633342168,0.7974086844456316,1.0905862624008194,0.21416784574588132,0.5347758134206136
0.23344901255872205,23.70297585369006,0.738393209650004,0.8208002476395809,1.2673140616474996,0.2262283836801846,0.5697324275970459
0.281458323668696,22.708822681889973,0.7272852536386499,0.8168006319145017,1.4545257241621805,0.2324815193812052,0.5446417331695557
0.29298541874759176,23.625554911821514,0.7505722173250021,0.7896482767180665,1.4735284141228844,0.22442582994699478,0.5655784606933594
0.28865107232350246,24.642944215990507,0.7562017320915526,0.8137427781189829,1.4186967826015995,0.22560252994298935,0.5353175004323324
0.2790382566937773,25.68252173101142,0.7559224097337234,0.7911717400260664,1.326394375345342,0.21401867270469657,0.5417691071828207
0.27484651008479444,26.6486388396382,0.7364830614709733,0.8007799216722032,1.1874158849344274,0.23403928180535627,0.5648832321166993
0.2473810493597828,26.20983684586693,0.7238369451459755,0.8479446362144102,1.012578331233997,0.2456590930620829,0.5525548458099365
0.2721851964594473,25.837296564973045,0.7268455721555999,0.8266482728039657,1.1712414561245206,0.24925906459490457,0.5746539433797199
0.26663956973424774,24.854191281543084,0.7175670719719175,0.8217625700055565,1.1510668807007178,0.2655054032802582,0.539361317952474
0.2680564194101675,23.83968708138167,0.7047705377006516,0.8156503625621744,1.1635372178607974,0.2793079713980357,0.5569406350453695
0.24955351484650243,24.27744638829503,0.698077558856164,0.824469435337906,0.9752632066312149,0.2837406694889068,0.5342849095662435
0.2650198418656666,23.61531289847756,0.6843956705832097,0.8589299669464054,1.0045882739325893,0.2960182825724283,0.5563674767812093
0.2821163203053867,24.09116824323355,0.7010611896190376,0.8601038062774039,1.0284184812265464,0.2819817562898,0.5409415562947592
0.286307363234519,24.768301413168306,0.7100191163448376,0.8222784770830556,0.9608156954736417,0.27564729253451026,0.524443785349528
0.2967243366068971,25.30929790691165,0.7304981667086783,0.8145213589075602,0.9987455994824073,0.2658865799506505,0.5179973443349203
0.2929609896491962,25.734641137564797,0.7190102360123722,0.8125053942695555,0.9130649183165911,0.2792154550552368,0.5405567487080892
0.2914694893549473,25.410233671556796,0.7058629179442453,0.8431912114193706,0.9013412156397257,0.30278627077738435,0.5594739119211832
0.31018284349315284,23.826647655739077,0.7021770804661448,0.8327210455737416,1.0908449434983984,0.2962745229403177,0.5536572933197021
0.3034115224976306,23.94686686028884,0.6957780746426323,0.8349873914114833,1.063656779731656,0.2931287040313085,0.5604567527770996
0.2799090946234084,25.014098245422108,0.6865009347774462,0.8316555371252069,0.8948023242587224,0.29075743257999415,0.5318577289581298
0.28665216032028246,24.869248173515956,0.6821667587629695,0.8415201026872791,0.8243734617181504,0.3022726724545161,0.5269929567972819
0.2984550085487686,24.534613392639557,0.6952430433600969,0.8290471104887462,0.9185751367456715,0.282220830519994,0.5430832703908285
0.2972116962507631,24.544513455995823,0.6948085354162269,0.8214589905157016,0.9077117567640092,0.2669926434755325,0.553624709447225
0.3356130163112339,23.125310171772984,0.7199052435105916,0.8440057522153609,1.1913168920102992,0.2584458192189534,0.5401253700256348
0.33445364433476077,22.79775226532425,0.7288449104027581,0.8045594530398289,1.2089508782365221,0.23260092238585148,0.5358726978302002
0.32850915633462735,23.296055105831453,0.742381019098941,0.8149340378575562,1.216291041809792,0.22124466300010678,0.5565546353658039
0.27491477281505655,26.494001512612556,0.7404570884553028,0.8240362667665009,0.9150912693251883,0.21926606694857279,0.5242929458618163
0.11301794021976659,16.239320800788107,0.3003235335327678,1.2305731499681636,0.9729273208627788,0.47459182639916736,0.5380675792694092
1.2600539960579396,15.057637268808179,0.35724601690189006,1.170107865680519,2.1234085119212,0.439913143714269,0.5562167962392172
1.3697794588481835,20.050023913977522,0.4922838492357557,1.1063364881627875,2.0955417947609014,0.3294115637739499,0.5584489504496256
0.37763479645039055,20.91233260695833,0.525712533912238,0.9473642585556837,1.2374171834238208,0.3182511106133461,0.5286337534586588
0.4121736930044879,22.676185816894503,0.6255804814335933,0.9259676290263891,1.949251398870917,0.24498827010393143,0.5507316589355469
0.18082469992068725,24.120059926403865,0.6299586864359678,0.8240513729725517,1.2050302523403762,0.2479499628146489,0.5413226286570231
0.2542987028329526,22.121954623891366,0.6282754849912052,0.8523984743010941,1.8252749304984606,0.24985098093748093,0.5565242767333984
0.16958514273740136,22.382116803148687,0.619497864639686,0.827376623297897,1.3460508425111888,0.26522096991539,0.5564420223236084
0.20602185427376715,24.116917861364882,0.6953509430973616,0.8273520536059923,1.6677939212085018,0.21568525334199265,0.5610260168711344
0.15518225124846086,25.447544877989483,0.6683870115142964,0.8195255738371067,1.0543725523783054,0.223841701944669,0.5579426288604735
0.158722183206245,23.72051788279849,0.6411259418184524,0.8253854049712057,1.1464780935724883,0.2601777762174606,0.5480249722798666
0.19429285682170516,20.866425681750105,0.6216356871888379,0.8186799185905874,1.454325235701263,0.2759012629588445,0.57430100440979
0.20004903917157338,21.388065284242234,0.6631044030015318,0.809566719666341,1.5678213062907858,0.26220159232616425,0.5394519964853922
0.20204300208521853,21.55562696644815,0.6518833891752567,0.7787422062121555,1.5252562413345714,0.26280888915061945,0.5370999972025553
0.2125492142781086,21.81710504842165,0.6395762953063568,0.7793334295252512,1.4084958091402566,0.2599826455116272,0.5539212226867676
0.23013636128635395,21.797163136880254,0.6541531793247614,0.7773342113977968,1.5915500481646463,0.2539920608202616,0.5617473125457763
0.22967765896329215,21.723566065355342,0.6367215189469547,0.7496539904182221,1.5328438529943849,0.26459387441476184,0.5385074615478516
0.23007591539591074,22.17672546397139,0.6090452536063874,0.7754009326945623,1.3920786448979865,0.2695620457331339,0.5411152839660645
0.21686897124941004,23.205972337929406,0.6137866654677292,0.7625353484891723,1.186914897061385,0.27311327308416367,0.5316611925760905
0.23210077078090174,21.30629529655695,0.5840304221945024,0.7771023879609222,1.4413344114889164,0.29326881468296045,0.5668396949768066
0.24857941880383674,21.112300126484172,0.6044367274385348,0.776160876853785,1.6285896750750217,0.28789134075244266,0.5637489954630533
0.2542258441387986,20.76195374028089,0.5973391080369768,0.7701838559417161,1.6252181291851249,0.2901348421971003,0.5602889060974121
0.2825095272989733,20.150120052274442,0.6011454288613409,0.7660711698718492,1.7693116656382777,0.2814244379599889,0.5475530624389648
0.30053358165149263,21.65077134324191,0.6463879223652278,0.77568410534464,1.9380393635602893,0.26314020156860346,0.5443982283274332
0.2506283971665605,23.343763730458278,0.6320497654930396,0.7593267589994911,1.57477757287816,0.2713551148772239,0.5564273993174235
0.23371102371577582,23.096067798367343,0.5914769866108702,0.7430004684196744,1.3522169322740025,0.2874681105216344,0.549215793609619
0.2345350339939641,20.764773448700954,0.5507682399073413,0.7849268492118728,1.2941098101977544,0.31763880948225653,0.554617722829183
0.22889480043378904,21.235632463339957,0.5389119914812922,0.7778883232821365,1.2156452284981911,0.32211295763651526,0.5305061340332031
0.22058825377720034,22.013701908676165,0.5413378210470553,0.7863470090533825,0.9977332790612775,0.3329322536786397,0.52944548924764
0.2485124369355537,20.16109860364217,0.567045633177445,0.7940803822541582,1.4452380070499713,0.32586205005645746,0.5385345617930094
0.355809497648184,18.86409441673931,0.6216359205971965,0.8059074903904673,2.1900163344002648,0.2919439772764842,0.5353317260742188
0.23696491720962146,20.879594198968178,0.5790876171153735,0.8147112830790465,1.485133696389761,0.30887838701407117,0.5667190551757812
0.21534349768766234,21.684822189042265,0.5556401383996876,0.7703507147317193,1.1784821083417982,0.306759978334109,0.562809149424235
0.22453739813915863,21.106741293058477,0.5952563276533914,0.7808600743274442,1.4277002269106884,0.2867448727289835,0.5379465421040852
0.21773048510570978,21.246068106120763,0.6071372070373211,0.8026082365168189,1.4011508509846309,0.27902075151602423,0.5650076866149902
0.1961355096071127,23.181754186889737,0.5949601011384038,0.8076803177031898,1.1768380748411564,0.2719864249229431,0.5551487604777018
0.2101306122329719,21.488341803190497,0.615378602083631,0.8172913639476667,1.3786547310242323,0.2622291942437489,0.5322180589040121
0.2000785369442277,21.728892936603824,0.6141875745184322,0.8145006477230354,1.2689726919684314,0.2604726552963257,0.5409085750579834
1.2779407033099135,15.423567863191025,0.37205824319663483,1.1319067181740194,2.2273589335723916,0.43087281286716456,0.5577702522277831
1.6590885743116404,16.975445833785084,0.4122475440839061,1.082486915359357,1.8288886113745644,0.42989647388458246,0.5627698103586832
1.5841856416710753,17.143091409434913,0.4107173193904796,1.0879151227006385,1.5484654236414528,0.43605473389228183,0.5497033596038818
1.0115829194187853,17.98367446105916,0.43680575073797256,0.9997278158554347,1.3570019645843063,0.40921032925446826,0.5517700513203939
1.0509766594203898,18.194206364936786,0.44806189096553783,0.9724574618055136,1.4797222841112612,0.4150834009051323,0.5442272027333578
0.49274186456142893,17.769765815049734,0.4375363172649784,0.9171738875477301,1.2165516073316436,0.42336623370647425,0.5701394081115723
0.5837156490268134,18.450837256268326,0.4850137724425186,0.8865216771030594,1.5734692581518293,0.3950802634159724,0.5710500876108805
0.35337120077241807,19.3577520786741,0.4781478771077934,0.879089924277026,1.1117787891573527,0.39982930819193524,0.5604337851206461
0.29896865135839124,20.142090410719153,0.5019504256656168,0.8916463323833348,0.9954208590038087,0.3964337259531021,0.5596106052398682
0.22995282075395682,20.905718274579872,0.5260057107799452,0.8586204595635606,1.0620935401601808,0.38533206780751544,0.552115281422933
0.16969068298257728,22.059457494489493,0.5677160957497525,0.8081116588217845,1.0195992693384568,0.35457634429136914,0.5543358325958252
0.13629137515177367,23.01019587936543,0.6044740536502075,0.7813854898066771,1.13450852427077,0.3258551557858785,0.5654029051462809
0.14251454898430313,22.78164334669047,0.5920628289180488,0.8104388556959549,1.24027288424517,0.33580263952414197,0.5762384732564291
0.15647804808459995,22.361926832164073,0.5855492922694953,0.7815106685224156,1.0638222373524315,0.3362316737572352,0.5380646387736002
0.15105929246696978,23.614569611105868,0.639369578922837,0.774570846253833,1.2901499001906573,0.3035893440246582,0.547644297281901
0.16252368390653524,22.702174985128213,0.6160644057591211,0.7868666612348746,1.4572201832438256,0.3205479010939598,0.5429660479227701
0.1807098065963947,22.42616908820662,0.6296673673781367,0.8073593766756723,1.6088240246347725,0.3117271214723587,0.5555222034454346
0.19361626063255755,22.984187454960917,0.613639857414944,0.7798559850456308,1.3902447197110746,0.31976070751746494,0.5607330004374186
0.19615340158039693,23.19400397570241,0.6265901198726989,0.7922501637812426,1.3581933249205311,0.3117537473638852,0.5616215864817301
0.2253324693278004,22.610380273675393,0.6363764838923117,0.8086069391360594,1.7749161799296689,0.2910609543323517,0.5458473364512125
0.27481127813540257,22.084583956542517,0.6409220570795275,0.8443247947430592,2.2463653881118035,0.312647024790446,0.5450584888458251
0.31599205748158365,21.56341016824989,0.6753004151888851,0.8278496067994011,2.768309853322046,0.3068531105915705,0.5598894755045573
0.2724279120676247,21.42168036456422,0.635265019136466,0.8036407466585108,2.171775554563057,0.3112956111629804,0.5487417380015055
0.3435692517839904,20.225768722795607,0.6135621969737648,0.8317442861444269,2.4881528063096137,0.31626264750957483,0.553012688954671
0.2977809543831465,20.763673075369585,0.6126575316792408,0.8034179358536956,2.1016804879234914,0.3122023344039917,0.5471973419189453
0.2589547839643513,21.11792954729484,0.6090045852367088,0.8033900467356089,2.1135328277416163,0.32563293476899463,0.5535900592803955
0.2687579499165445,20.607256665705936,0.5941718941990625,0.8254200841959772,2.15678582388274,0.3443881223599116,0.5506153106689453
0.2561941798346135,19.56469642154886,0.5535938123536824,0.8099404081876264,1.8864858166420617,0.3591561069091161,0.5458972454071045
0.25496311949252504,18.173663661589472,0.49855654965751245,0.8256050233568756,1.7482477400894287,0.39142074684302014,0.5640736420949298
0.2673419991216153,17.738811343389543,0.4909436246479466,0.8232484970680966,1.7699783478285658,0.36836161216100055,0.5584202607472738
0.3571658246165967,17.964804579398443,0.5738795137355056,0.8519155548546103,2.6607893180983777,0.3216452250878015,0.5442938009897867
0.3463474389077546,18.0325491703471,0.5757140735181002,0.8100735660144739,2.549530126640815,0.303132305542628,0.5351304213205973
0.13684345652619687,15.989410013362464,0.28257301491118475,1.2893323221255835,1.1292929414141064,0.47864612936973566,0.5405115286509196
1.1713002279154907,14.918108905989106,0.3548804735366446,1.1493513897853702,1.9497172598364163,0.43916059533754986,0.5376231670379639
1.2149713812106995,17.795704425815345,0.4209966074338947,1.0741720728613284,1.6472706475183152,0.3963983431458473,0.5623917579650879
0.36954581337654907,22.02327390285748,0.5389946243803795,0.889418915169534,1.0988190504242488,0.29203620801369345,0.5410356521606445
0.26637297389076137,24.644740003285886,0.6008485154001969,0.7933847127358734,1.011406270488867,0.2483483180403709,0.5597051779429117
0.2616554712941222,25.079136943150164,0.5911591410319218,0.7614432386147941,0.8815360183508468,0.234887458384037,0.5599861145019531
0.20633494714751646,26.69964098001769,0.6240881264920897,0.7407857813998134,0.8901759845542173,0.2062910969058672,0.5551057656606039
0.17911871067578936,27.602986008816696,0.6479336445631478,0.7252521265875278,0.8935025451613433,0.1945439353585243,0.5543392499287924
0.15966270270993457,28.930085607319395,0.6854594384210642,0.7153959704180322,0.9589210190117532,0.1745649153987566,0.5491413275400797
0.17567191895876189,28.07268602108898,0.670077421565582,0.7459724259135458,0.9437909216245318,0.18793618927399314,0.5601441065470377
0.15377689279031867,28.091717104706387,0.6860220981024853,0.7585956878761703,0.87971374931819,0.19349851459264755,0.5628771781921387
0.14601784015133545,28.278571983828073,0.714647124975809,0.7669229185386978,0.9548729861785848,0.19569497307141617,0.5592924753824869
0.15889589917507688,28.442867425507412,0.7282041102436102,0.7405925605760074,1.2115613016430045,0.19825638333956397,0.5485767523447672
0.1693096497703687,27.424500358816392,0.7023506118314282,0.8018084820869196,1.2118056058752105,0.23346050083637235,0.555189291636149
0.18732346070677605,27.008484033681054,0.7212697241279503,0.7851208706776848,1.5474492415730356,0.23664280772209167,0.562683900197347
0.2550423693976011,25.799384917462138,0.7306439718522975,0.7827059471306216,2.0387189302641757,0.24205821007490155,0.5400698184967041
0.2545199227260813,25.57361869293172,0.7151667459613319,0.7783004707907543,1.9468510680063504,0.259727547566096,0.5465645790100098
0.22422689092253392,24.8135936135604,0.6868649334836618,0.7714375051840738,1.7152195033048698,0.2778053656220436,0.5676039059956869
0.1934459257970831,24.24592060794558,0.6621256021064521,0.7600607630420623,1.5235224132436527,0.29321405291557306,0.5446064472198486
0.20028481215592986,21.33623874382235,0.61761129809477,0.7858049498458753,1.633972270830565,0.32690330843130744,0.5389254887898763
0.25184882338785447,20.947809797897005,0.6342761706884827,0.7958450560841589,1.9593329354559916,0.3138881921768188,0.5510074297587076
0.20756696598534444,22.425705801250775,0.6375809716468513,0.7423029440331302,1.5875512348474257,0.298603410522143,0.5591913064320883
0.2048750929207771,22.302809276408553,0.6135375539830096,0.7646548573997033,1.383570823810467,0.31377491106589633,0.5723491509755453
0.26006191157899233,20.966395833173948,0.6346826041119975,0.7819173503619411,1.8653456002771396,0.3109566817680995,0.5553975900014242
0.26238124457458184,20.5733755870848,0.6193316832064327,0.7896151007674269,1.864141887780667,0.3265451192855835,0.5653759638468424
0.22017153312946067,22.559459502720937,0.6276100379083149,0.7636232323508647,1.5121148115192,0.3200158228476842,0.533471425374349
0.21375215337842293,24.562887972279835,0.621196838624241,0.7833651467689711,1.1699674525008448,0.32054055730501807,0.5353477001190184
0.2109894183929197,23.53246675090477,0.6019196910742208,0.7559868183666191,1.199462276216434,0.32326332728068036,0.5554471810658773
0.3112906839503708,19.117481391864633,0.6136869789901113,0.7924276647584735,2.0063842226445545,0.33432568113009137,0.5758135318756104
0.294575599527831,20.281784566999665,0.6300989486140391,0.7897388924225505,1.9285626395166895,0.32594187060991925,0.5584611097971598
0.22318021675073854,22.3432609236478,0.6102581159231971,0.8036057767666914,1.4163204211279936,0.3370788147052129,0.5445679823557535
0.22685062983323534,21.681962387350186,0.6230128731842556,0.7694382003871469,1.4773308176298776,0.31080374121665955,0.5287906328837076
0.23929097376813924,20.81877899172399,0.6281363105042503,0.7970821678876474,1.5886574749971496,0.3169353852669398,0.5508282979329427
0.26623766764450046,20.383676938644474,0.6463809834947124,0.8133552388449049,1.8112985727384379,0.2999524027109146,0.5493249098459879
0.31664030828391637,18.68137144031216,0.6204793507147764,0.7929148247295773,1.994969708474325,0.3000793606042862,0.5779443581899008
0.28645134589181453,19.540619567195133,0.6447308599783326,0.7736856831894293,1.8672596198275884,0.2637424046794573,0.5723105271657307
0.25139826594694886,20.3671858808594,0.6167461394812083,0.8037771324874131,1.627527402134935,0.28148508071899414,0.560876448949178
0.24738984029381775,22.033634812826715,0.6831252838438399,0.7695361176386154,1.7417268198100515,0.2397805005311965,0.5636376539866129
0.2206848213590342,23.037997544724494,0.6490532456561322,0.8010201258828943,1.4977810018849549,0.2495733598868052,0.5424644947052002
0.2660110387726549,21.426597113032432,0.6620565407010296,0.785808520040554,1.7471592539721206,0.2336742207407951,0.5424413681030275
0.30628526154415486,27.683124714422437,0.5661119646621103,0.8627882028404744,0.9699507314358349,0.1675208409627278,0.664500872294108
0.39857533512965887,25.41795676170985,0.5337952979083771,0.8561747933872649,0.9319216694093142,0.2297994494438171,0.6739570299784342
0.28877420021626493,25.05458908720122,0.5676340407341844,0.815260578226438,0.8606077338879561,0.23674219101667396,0.6491572856903076
0.2519703006915293,25.010437029336913,0.5668703932615636,0.8256842730452147,0.8411555382622771,0.24176418036222458,0.6728914578755697
0.22828635126854804,24.458178601927457,0.5518621787324355,0.8604489125566204,0.8484706731055082,0.28480900327364606,0.6644325256347656
0.11447992323783433,25.24578210670173,0.6055546030575547,0.8077818755337965,0.9145961083242219,0.27487946053345996,0.6586287021636963
0.11275517621805291,24.921877462936223,0.6393983227982236,0.7931262907640256,0.9688929952457045,0.2724383920431137,0.6790724595387777
0.13728406790822437,24.087114929284382,0.6885098468730121,0.8115463391189,1.0201191292407845,0.2771797180175781,0.6906134287516276
0.16690613429500348,24.96887180589097,0.7132071320642451,0.8175387018328605,0.8745763654205541,0.2832484642664591,0.664527972539266
0.18627378941573847,25.4242559016914,0.7138008756438289,0.8216394077477706,0.8572119235157367,0.2873720079660415,0.6810552279154459
0.20746356555342702,25.50591143445134,0.751333001935397,0.7481347135171018,0.9447308576468724,0.2557017058134079,0.6627114613850912
0.2412526723837035,23.957450570140708,0.7504515558751335,0.8141132747131783,1.0702451148970542,0.2604611217975616,0.679917573928833
0.2620969980401472,24.610719491196964,0.7596953142209598,0.7943903069620415,1.0818190080276122,0.24118459721406293,0.6683293183644613
0.2824669740895306,23.9440844671693,0.752498351415396,0.8073243601722243,1.13467380798194,0.23662983377774557,0.6489983399709066
0.28630166145384456,23.668165573390297,0.7286642297240205,0.8349796600472635,1.0888260732977002,0.24872976541519162,0.6639125347137451
0.29260839671211475,23.319358027401616,0.7272114120819536,0.8296785171063868,1.1502410617326422,0.24387835462888077,0.6741971174875895
0.2992701141996958,22.742373738437653,0.726588426197659,0.78856900760468,1.2253181867787724,0.23563399662574133,0.6435242493947347
0.28148383903393337,23.12093732389975,0.7095819809249515,0.8445045801108725,1.1602941421426096,0.25739016135533643,0.6708482106526693
0.2974079198648438,22.874153804983834,0.7268294371280538,0.822466362242919,1.3072857015690813,0.2366333703200022,0.6504504680633545
0.27257572814911873,23.589868965760022,0.7087684536982968,0.8269088032298972,1.1698311922717102,0.25781350334485365,0.6543726921081543
0.2820563112064864,22.322985634438613,0.7035748691902342,0.7755402989156525,1.2263935351759303,0.2550820559263229,0.6557321548461914
0.2709519955183249,22.379195564734342,0.6863704878752452,0.8125815998036328,1.1031508906147967,0.2759895275036493,0.6643035411834717
0.28819088296394363,22.31663508998878,0.7010895312162294,0.8243048913194556,1.207294311917974,0.2746604184309641,0.6629931131998698
0.29244835520343687,22.919090403095918,0.7197301318670299,0.7778132289994009,1.2100325824231801,0.26021886865297955,0.6483469009399414
0.29457755943591546,23.163519257001585,0.712803522034963,0.8252706144023284,1.1685869143632026,0.27000017464160914,0.6709847450256348
0.31621263294869384,23.238250890003417,0.7344559043338137,0.8251350297945419,1.2866557843150277,0.2577081769704818,0.6804877916971842
0.3470796531998961,23.241084433955084,0.7461516425436964,0.8170678871075151,1.4175355821513762,0.24927134811878196,0.64021897315979
0.31745301059084646,23.493569602039376,0.736767457630862,0.803758535963707,1.2618680236616038,0.25115059316158295,0.665306011835734
0.33544185795428544,23.4327364792339,0.7484560799921138,0.7874910018495984,1.3497838500914892,0.24490590890248617,0.6750902334849039
0.29799726544911975,24.288500147521003,0.7249016652903996,0.8382224688594423,1.1379778002862386,0.26162442564964294,0.6511735916137695
0.28792907384587896,24.269741750890635,0.7070181049643344,0.8227756360947481,1.0950939564049504,0.26704969008763624,0.6682615280151367
0.2702381817871471,24.336338285235342,0.6786328398693463,0.8235164436450774,0.9950791120248037,0.2871746122837066,0.6803890864054362
0.7041238385311755,14.867850771687058,0.3468556125141926,1.154109912542829,1.7350399638109224,0.4433260013659795,0.5626668135325114
3.312311880211246,18.753278278194554,0.4648499092654876,1.0231720322299396,2.40066080103654,0.3903667281071345,0.559440533320109
3.0267042807466678,19.022534574599153,0.5045727557225331,0.98414416554102,2.130489546487279,0.36864595611890155,0.5408443609873453
2.5092333412884105,20.704858982808744,0.5318597235487246,0.9620065118374104,2.0908423702487897,0.3258827229340871,0.5709184010823568
1.1770805089247445,21.2894559633388,0.5448216131555633,0.9021247036766571,1.6962086922182669,0.32434557129939395,0.5564517180124918
0.5400181446947648,20.05270349355331,0.5526072272618159,0.8726610700912948,1.6990387514352523,0.33031625548998517,0.6206650733947754
0.23540122189133603,22.923529175155753,0.59307405313218,0.8192939662591399,1.2767688483061272,0.28732890635728836,0.5432674090067545
0.42523230847994514,22.493495480514,0.6258522682155082,0.8310673096468891,1.648455644298035,0.2828871036569277,0.5389129320780436
0.25518089294777796,23.443436608718343,0.5833808102992052,0.829582044055436,1.1386581536005884,0.2953959504763285,0.5610277652740477
0.21716694870907252,23.685993740320754,0.5782330773460431,0.821828870422161,0.9534621289598325,0.3046378990014394,0.5582891305287678
0.1631755010795203,23.656242178075896,0.5992763443754002,0.8206761235768489,0.8054216182479905,0.2995741864045461,0.5517011483510335
0.15245975680339666,23.8062527771789,0.6334624610286047,0.7967744455460947,0.8132373202638749,0.2899275124073028,0.5438431898752848
0.15496244926717884,24.06282234765523,0.6687659198727388,0.7741777374314074,0.8116056115770278,0.26770199090242386,0.5368209679921468
0.15363864648703257,24.517629716984498,0.6906883373441876,0.8057167275502385,1.0320572925431941,0.2760725120703379,0.5526828765869141
0.17571771346094858,24.268580798269735,0.7342873202745163,0.7781612171321157,1.2414312453509118,0.2568229039510091,0.5591782728830973
0.178775233478252,24.702142022050307,0.7214802409636404,0.8063725906590751,1.1816454735369035,0.2649281322956085,0.5388368765513102
0.19417325664370444,24.641626241025293,0.7235184895987986,0.8106754006571375,1.232776204844434,0.26747412979602814,0.5630906422932943
0.19111299088939923,24.24306937751975,0.7282842636780367,0.8109399142076757,1.1949703316577713,0.27562733987967175,0.553059975306193
0.2253489799325381,23.923744465104495,0.7235409410796514,0.8305536206236243,1.4282625867178969,0.288257231314977,0.5500539938608805
0.2334632359817409,24.515338144534155,0.7363205734513628,0.7888291936532239,1.4980112258251472,0.27156664679447806,0.53333846728007
0.3145577825720521,23.180239933194617,0.7511719643179072,0.8044073835642752,1.983362330361433,0.2610841790835063,0.536573568979899
0.46210388822565257,21.89734087570019,0.7618885607012066,0.8139776175809667,2.7032881864169673,0.2574191515644391,0.5571180979410807
0.6078488871262534,21.602223649182775,0.772777008978886,0.816797083518699,3.346285846410566,0.2483608971039454,0.5571842988332112
0.7705443542775358,21.296590687575932,0.767206521012154,0.8509512165654738,4.044533976671745,0.24950780471165976,0.5598003069559733
0.8426809581988737,22.271572578991282,0.7842391845603308,0.8287323871911072,4.336859944622062,0.23775873581568396,0.5629294713338217
0.9328274714620535,22.10025651686666,0.7795831125431533,0.8519152405187617,4.594100257245086,0.2365010281403859,0.5601129531860352
0.8042475867048989,21.02245746984831,0.755616642718533,0.8597397372701936,4.081049794306758,0.26730292042096454,0.5295139948527018
0.7431559027539403,21.575177299521357,0.7607719200441792,0.8147893946214491,3.946768575129832,0.2465748190879821,0.587781031926473
0.5639037054218029,22.00295570477466,0.7464733578179716,0.8052476779550606,3.22434356898534,0.25548579792181647,0.5371130307515463
0.523554439290546,22.315864090569715,0.7467939728490904,0.8042533886595024,3.1326025049319313,0.24435513218243912,0.537035862604777
0.5180309055583391,22.51780785996142,0.7446288748516595,0.785166562532423,3.1808333499412775,0.2373385056853294,0.54991348584493
0.47925407551189864,22.846674148318588,0.7435008529931036,0.7920359778406597,3.0363948428384195,0.2379302854339281,0.5355695883433024
0.3826299078504887,19.062918510384765,0.6337434907333731,0.7790387213216503,2.4227171778721925,0.32596599062283826,0.5396300156911215
0.3124351659688927,18.945885263301026,0.6012733971848397,0.8098195428333606,1.990281676061911,0.35771970450878143,0.5255260467529296
0.27530534525331557,19.565141650932286,0.6078952120008225,0.7756438312136277,1.7891297635653565,0.33827297389507294,0.5469501813252767
0.23979713757755775,20.687126043565783,0.6039298066837694,0.7781975031230174,1.5929787324357294,0.3318518201510111,0.5570029417673746
0.2377994363774734,20.482683806344877,0.5922512752232961,0.7866004996635351,1.4969398830468814,0.33736444513003033,0.5669579505920409
0.23736570401835844,20.76679706755067,0.5856917582128812,0.8132109836410032,1.4500128433745216,0.34355554978052777,0.5280171235402426
0.25347089532453526,20.293636574028707,0.6001889731642316,0.8185391799004781,1.6405011062129358,0.3492110421260198,0.5465006828308104
0.2932717552786485,19.057944468513067,0.6094421357542963,0.803382288434065,1.8536980158785286,0.3279318362474441,0.552232027053833
5.855178770347074,20.419554921634713,0.47653854514512406,1.0987462558940806,3.6041059927761574,0.3525483161211014,0.5644825299580892
0.6682693569304261,25.710909264429958,0.5469303868684889,0.8181994335118469,1.0700301207099936,0.20391120637456572,0.5604318777720133
0.4094708298586854,25.046912013151182,0.5431636857064404,0.8348692313377096,0.9723429946086642,0.23242206623156866,0.5461383660634359
0.3241846763690022,23.87474394168319,0.5637227334712175,0.835595317304154,1.1145403198363308,0.2409120301405588,0.5613449414571127
0.15732204034591246,24.33604183859255,0.5883562667323745,0.789078241120445,0.8741270397297193,0.24710559099912643,0.5670361518859862
0.13962283771188108,23.719773975303923,0.6104799426203252,0.8122458240564598,0.906103214842589,0.2641140321890513,0.5548583666483561
0.14623750588838497,23.515375416787762,0.6703477443796535,0.7784941001832166,0.9600774469015679,0.23834016919136045,0.5595641136169434
0.16770540461882313,23.337863056193175,0.6979203378748702,0.7881575568522491,1.0239072311704724,0.24030755211909613,0.5595402717590332
0.19326218285499783,22.39517183735084,0.6910625717059281,0.8016518196548607,1.0985020449239797,0.25037726263205207,0.5407213370005289
0.2008158556880407,23.033874147899954,0.6360115017347384,0.7820996872933631,0.8455044292165405,0.26385326683521265,0.5398890177408854
0.22300060891716078,22.261510072286153,0.6228887082568216,0.7719123533846508,0.9939996386382736,0.27525245149930316,0.5489812692006429
0.23065297608468227,22.527052440785052,0.6185947782714802,0.7989744955034376,0.9933669895591243,0.2835586965084076,0.5422243277231852
0.24958254539680477,21.437877981461956,0.6183692570986391,0.7856182212509252,1.123579838444223,0.27437937259674067,0.5286571979522704
0.23801360372129118,22.86126299304728,0.6050110717154433,0.7794922761235963,0.934308166349943,0.29055815438429516,0.5402321815490723
0.2390081434313435,23.141660405290395,0.5922753395275246,0.8097435702546436,0.8462506660004286,0.3106575111548106,0.546176036198934
0.23922083447018172,24.209331442085244,0.6356844991459495,0.7750625508547833,0.9230351439974566,0.28294948736826575,0.5430114269256592
0.2526702460506672,24.52108502269,0.6830607024690561,0.7680304998495558,1.1310311532597896,0.2584173580010732,0.5439112981160482
0.25831442582029046,25.183668851196312,0.6687442294288481,0.8156881728666159,1.0525117225655247,0.28649903337160737,0.5718376636505126
0.27634768699900525,24.518242796827753,0.6930986734807326,0.7908861841758275,1.2023332779668392,0.2665130545695622,0.5619146823883057
0.2713034612907934,24.564664585909686,0.6786936359539276,0.8122932950296073,1.1354142014650728,0.276611308256785,0.5494128863016764
0.25818450043070196,24.740253932668264,0.6541124935365825,0.7925711276744848,0.9944532648956121,0.2840726574261983,0.5820878346761068
0.27141085859704067,22.14328019163948,0.6389320332198506,0.8099595345057712,1.118163308664758,0.28918266793092084,0.5386701424916586
0.25555463686205687,23.5079078889124,0.6198907868388522,0.8137662830663034,0.9149083063623218,0.3027901401122411,0.5388940970102946
0.2690832326129941,23.054149820539028,0.6582094212646171,0.8199250195051455,1.102871242941245,0.27700737615426374,0.5547490119934082
0.26662350671197205,23.55233954714944,0.655979375552659,0.8164983084961025,1.0449028437497674,0.29034945865472156,0.5531477928161621
0.27345270342009426,24.116839754954793,0.6810693017443409,0.8158045975409599,1.111173442799944,0.2789801359176635,0.5579044818878174
0.2847734725666146,24.306545002012854,0.6854280898313275,0.8322934945116858,1.1387325951979992,0.28541802366574603,0.5651490688323975
0.2927179582506056,25.160811573571934,0.7090525603882618,0.8335717529420518,1.1749011468254513,0.2769018113613128,0.5475173791249593
0.2850950901628261,25.571773415945255,0.7096071236266036,0.8250698571383897,1.1610294416955944,0.2672792673110962,0.5526862144470215
0.2692520619751276,25.444543122200034,0.6981323918506083,0.7995082431751213,1.1364727517483109,0.27212546269098914,0.5465239683787028
1.891483317942378,15.567733170425306,0.36882253578205654,1.2155146662564016,2.637983155029159,0.43484357247749966,0.5398296515146891
5.785069428108713,19.89742714839793,0.44897044076330656,1.2700463974481904,2.5000532583059845,0.3745044345657031,0.5375893115997314
4.812396315795028,20.185836854599987,0.5320041384187009,1.152657611436221,2.1895844129576343,0.3298887225488822,0.5455471674601237
2.5775369335215035,22.057168525474342,0.49387740168768796,1.0100897583288508,1.4506068531341143,0.33074455459912616,0.5662338733673097
0.7716846403064074,23.061321564314323,0.5551785402186425,0.8992656765300747,1.2977551057406174,0.27404668430487317,0.544110377629598
0.429836159784246,23.983149890215117,0.5845507101695429,0.8634347135071332,1.3079033164945006,0.26512281348307926,0.5515711307525635
0.4196965715858744,21.972503915367557,0.6171330211760021,0.8379259750437843,1.667145603362135,0.2603154480457306,0.5259973208109537
0.23807067643649846,22.04388009970063,0.5962931959400161,0.8452590248692489,1.3006199420657818,0.30559919277826947,0.5513281027475992
0.3103878611460902,21.18049755049842,0.6202345404730754,0.8509850967266034,1.6869815003931121,0.29850892722606653,0.5544049739837646
0.20288079388823135,22.649088317570556,0.6134532901333821,0.7913234732333977,1.2936402882626925,0.317136637866497,0.5537556807200114
0.20626658674685958,23.449246138332768,0.7076890940639543,0.7682684764828522,1.5079475139681673,0.2656005968650182,0.5431598822275797
0.21862998245590234,24.82821968309285,0.6764119187155512,0.7964209829787431,0.9466199399770653,0.28782852490743,0.5502179463704426
0.22607806236738962,25.018311857893977,0.6646763425614514,0.7566069277157358,0.8876604153071469,0.27398245533307386,0.5518147150675456
0.22911999819165918,24.513527144328958,0.6437701310056636,0.7915652921079209,0.9780850788875353,0.30214565992355347,0.520188808441162
0.22764156263483673,24.502978140372516,0.6493588694156268,0.7980627283893943,0.9163147665803316,0.29120887319246924,0.5454297065734864
0.23097261013389025,24.266831972301144,0.6391465505746767,0.7861911970525045,0.9924295901900778,0.298488845427831,0.5316108862559
0.23891688916708267,23.831819300560017,0.6535217136598807,0.7994521488282801,1.1839208722226433,0.30842480560143787,0.5431954860687256
0.254134714398575,23.54446621470177,0.677892750036595,0.7755360137356494,1.3656797119130097,0.2938041587670644,0.5228052934010823
0.2786769788834564,22.980106699592103,0.6929520352037407,0.767273607021362,1.6192046125805204,0.2772597968578338,0.5711484750111898
0.37908471424975065,21.498865943654152,0.7074768830439279,0.7938668667509239,2.1650270706629002,0.2712109635273615,0.5274733702341715
0.3452367238544774,21.356677284877026,0.6867413234778482,0.7971661072283683,2.016801763742246,0.29518617192904145,0.530949831008911
0.4640822945407554,20.0456504785942,0.7002053674581958,0.788152543024854,2.5061003775743305,0.28548607726891834,0.555197556813558
0.3440115917577187,23.253649567322427,0.7049810513925444,0.7613907349309087,1.9381348449602698,0.2803271760543187,0.5518584251403809
0.6256672756079894,19.60466101733368,0.7034452947253501,0.7959151464013483,3.0967235619038624,0.2766054073969522,0.5569947560628256
0.5165113984746108,20.875275676474715,0.7116997289329593,0.7889656741048459,2.701164798884762,0.27213510870933527,0.5623310407002767
0.5016450582205745,21.301126334557217,0.7199094869889869,0.8019884559799467,2.6454728110082324,0.27031442026297253,0.5499966144561768
0.31683467909132046,21.641461347821092,0.6703005373906669,0.7738725223712125,1.810441538858737,0.29447907706101734,0.5390009085337321
0.33426182530827037,20.075900274004585,0.6421215786499607,0.7961498886437135,1.8540249594850975,0.3241714189449946,0.5447872479756674
0.5832218269610011,18.303351140692858,0.6352733850062517,0.8450118320284039,2.7469839427511054,0.31892533600330353,0.5521020889282227
0.2829525106361603,24.347599465969086,0.6859105191516766,0.7745904433447744,1.5901335232371727,0.2750042080879211,0.5443604787190756
0.5597832985515824,21.01051597787553,0.6999640049326096,0.8044953876539956,2.8374315069626888,0.2759457925955454,0.5378922621409098
0.4426581054887828,21.53116679256284,0.7144273446778923,0.7891274714348935,2.4948475862691204,0.2613460520903269,0.5371408462524414
0.3782142840336206,22.501205004632066,0.7116843693060532,0.7776844977078244,2.3111495213029447,0.26064218580722803,0.5553109645843506
0.4334341713014638,20.031965283334827,0.6758156975493286,0.8077985394285855,2.4065957495339885,0.27821515997250873,0.5450592041015625
0.3545855157836262,20.40830481220958,0.6709808599680501,0.7824818469085285,2.0715754921369363,0.2829814304908116,0.5565251509348551
0.2729177060422794,24.817183355466977,0.7112945282269232,0.7848888983795894,1.8102511167535582,0.2703400005896886,0.5514497756958008
0.2677912940499443,22.087744358860146,0.6763266750793481,0.7763385333976354,1.7759624392837792,0.3066077331701914,0.560315211613973
0.24577950418520944,22.04503068152265,0.6625931190226146,0.7704478618850263,1.5508602834930427,0.3067162781953811,0.6050859292348226
0.22681417053832462,24.36035982464206,0.6682501313580883,0.7967924365862945,1.4390444304523484,0.2993027667204539,0.5533545017242432
0.5427149328799673,19.444082012122387,0.699422790522423,0.7979109152669324,2.746498647797308,0.26432444155216217,0.538802703221639
0.12388268283372254,16.319179586408193,0.30338621131030724,1.207832193622889,1.0485917689777364,0.4748369554678599,0.5408560434977213
0.7942767041069163,15.08319322471813,0.36494029465535954,1.0949925472737905,1.6997607020156236,0.4348695675532024,0.5704449812571207
2.1025370005489252,18.112743675827158,0.43248517115511637,1.1399422865789455,2.418140589468762,0.3967844496170679,0.5622568130493164
1.6313525942720493,17.392999995894666,0.42994943111030404,1.0543285736979988,2.2060766400931433,0.4149598653117816,0.58974822362264
3.9920079089774316,17.892816169948443,0.47113567546426566,1.0698932879924226,3.0465767455185984,0.41219748308261234,0.5355614026387533
4.364842198691839,20.398848387044737,0.5033753181110759,1.134023799040955,2.474371447254092,0.37307902922232944,0.5769320329030355
1.827312884278972,19.346898101099733,0.4838802403394036,0.9886009538504057,1.6725540482108923,0.38839884847402567,0.5441288153330485
0.8332028561185334,19.106028189907143,0.5199185143637853,0.916643171060331,1.8095023204328886,0.36963111658891035,0.5837662220001221
0.40832344127591,19.873867144661713,0.545462468797822,0.8846435406458308,1.6923546812487558,0.3519648090004921,0.5639361540476481
0.22532714517212674,21.70994318733278,0.5882967066375413,0.8621509357501081,1.5364465824632594,0.328947181502978,0.5564046700795492
0.17854520666240906,21.877404945953028,0.5833336964173018,0.8117435060523226,1.0636669986751848,0.3212194244066874,0.5519086519877116
0.19378827324334824,23.101005464214627,0.6360910757308794,0.7998652565273833,1.2925032112046067,0.2960181285937627,0.559967041015625
0.21399552691567858,23.226371592738513,0.6424467556080135,0.8135950896738032,1.4908084347536052,0.29842566947142285,0.5496743520100912
0.23415827623051025,23.158576546306623,0.6352663373459353,0.8131959545576729,1.544632490776505,0.29537471135457355,0.5380891958872477
0.2741490728621118,22.765923820323465,0.6621581599218637,0.8148534305359899,2.0525593610113257,0.2820055211583773,0.558631976445516
0.25305842314525134,22.378883482612597,0.6390586887600092,0.7845475682300611,1.8689888116586202,0.275967851281166,0.5332239468892416
0.25649777029621906,21.866744159963073,0.6258960183174208,0.7875144950358673,1.9891349202826258,0.2972632547219594,0.5420707861582439
0.2506045587946815,22.25399618887528,0.6150613620312763,0.7877979113442737,1.8724549004882902,0.3005764459570249,0.537096579869588
0.32978004299831465,20.95689302908063,0.6227083633841908,0.8327655034746485,2.6268239964057805,0.30789563059806824,0.5608928998311361
0.42614827747830947,20.90818022985945,0.6690472988737294,0.8497066997726871,3.2607868086440805,0.2832921246687571,0.5336469809214274
0.5107941219526424,21.521854755639087,0.6845970464366348,0.8874439599011925,3.759947609135068,0.27475718408823013,0.5734521547953287
0.44895945521332736,22.375042799830215,0.6997859120464845,0.8191183588983618,3.4552641369160817,0.25637149810791016,0.5701646010080973
0.5617319198747746,22.966861625516007,0.7323607516029789,0.8324979228571291,4.126296292706983,0.2528970415393511,0.5594483216603597
0.4826757231613581,23.720661219076394,0.7277900758707677,0.8426691107150681,3.6948191048258328,0.24287339051564535,0.5639407634735107
0.4521656990044782,24.156679093447025,0.7357730147409894,0.8456864808189558,3.4180803341014596,0.2408348048726717,0.549487829208374
0.4592822531766287,24.38966734975777,0.7436539563431088,0.8373212108689602,3.48352001416664,0.22742146253585815,0.7620081901550293
0.41705422120353025,23.66904523010145,0.7286955392662317,0.8540240379083618,3.2867189208570124,0.24533102413018537,0.5429195562998453
0.5206498736820171,23.51112907073939,0.7462173365184932,0.8505443920051085,3.87808183607266,0.24948788930972418,0.5523538589477539
0.42008197178285833,22.915697214067354,0.712285728967838,0.8527842874146869,3.270848805563462,0.2692375058929125,0.5679413477579752
0.4152403145648134,21.33054563224955,0.6846751697815566,0.8553344795279033,3.255672624795394,0.28577383359273273,0.5462214152018229
0.3881454772666477,20.886457879502064,0.6544360359689491,0.8283447241564813,3.0034806286888567,0.2888983935117721,0.5374762217203776
0.267754728864182,21.948261404304642,0.612837101333792,0.8184253205513446,2.198868419060433,0.3021020839611689,0.5567688147226969
0.2558508754926762,21.724375834403293,0.6142607908566081,0.8158460462757287,2.091119317692734,0.29878328243891394,0.6012255350748698
0.26627030596943807,22.795292340837268,0.6590514457587427,0.8071877080352681,2.214265296265804,0.2789474427700043,0.5661075115203856
0.25492636280443104,20.632931795722655,0.6075234723308732,0.7988344346881989,2.025971931440164,0.30102026959260303,0.5486022631327311
0.2136858938189035,20.995144571765408,0.5353013546981161,0.8245489478944439,1.35260823688576,0.3446474423011144,0.5519394079844157
0.1315118371185333,16.270443963421616,0.29816158738165366,1.2615964298144344,1.1529404820502431,0.4711357305447261,0.5527339776357015
6.902833848822016,19.767724414585818,0.4765071194905308,1.1507489978876215,3.790172462400143,0.3649368000527223,0.5534239610036215
3.2914041119815516,22.134736857713204,0.5092888000418981,0.9655041907413718,1.7048188268079043,0.30788227294882137,0.5681401093800863
2.6676256969032206,21.603098814845918,0.5041112251665822,0.8978502100515797,1.5767088614043627,0.31681794176499045,0.5477093060811361
1.2528714132003824,21.78847644302557,0.4885970890351951,0.8928283633884244,1.1572334437273462,0.32870410382747645,0.5626532236735026
0.29892424731744144,23.28356552777699,0.5539645197528538,0.839575320238824,0.9729245897455697,0.26881396770477295,0.5942220687866211
0.18313875953058653,23.61754172237717,0.5925974143100862,0.8240693820136599,0.959950713685278,0.26046601931254065,0.5652019182840983
0.15084525466685514,23.90415727929287,0.6584645546119785,0.8032971803527191,0.9305861424973937,0.24449594815572104,0.5556027889251709
0.16006402543509593,23.63430088375253,0.6804436737479183,0.8083329618290639,1.0584231948105793,0.23718837151924763,0.612195094426473
0.19006549070596238,22.709486263762795,0.6736366777429431,0.788334088210429,1.111833189644469,0.23311285177866614,0.53377366065979
0.21410599707003583,22.752803461167932,0.6010644851890627,0.7798883484694682,0.9195078429393382,0.24612744152545926,0.5799070994059244
0.2200115617318288,22.784130995737367,0.5924993381602305,0.7738575296664436,0.9640815650206404,0.2562968855102857,0.5668272177378336
0.22785589784999463,22.688189627527873,0.5763300046949641,0.7812634145247608,0.934002862075849,0.2626420060793559,0.5387847423553468
0.23389248907538943,22.236121128500987,0.5555951950970338,0.7518715426573475,0.9102237014894362,0.2693275014559428,0.5715898672739664
0.2534885020264071,21.06323606641182,0.5740858549689368,0.7905474617250133,1.2065243356450928,0.26746031393607456,0.5523648262023926
0.24507985241429367,21.38963474230286,0.5639984647497304,0.7826811999852255,1.1271224945850034,0.2748911728461583,0.5451132456461588
0.24779863215134199,21.117733614644006,0.5642280421690552,0.7973664429260338,1.1526463992463574,0.2793376048405965,0.5413920879364014
0.2380110495658652,21.718145932229266,0.5415824492389545,0.7788559124174393,0.952643754103117,0.29078347980976105,0.5547275543212891
0.23760373650742048,21.91433207681916,0.5461603449393976,0.7980479059946184,0.93167716048282,0.29910251498222346,0.5477136770884196
0.23676992458079438,22.49213844385368,0.5608077374821695,0.8165438191590622,0.943433278780408,0.29444200793902076,0.5706435839335123
0.2415528223169062,22.238669914565875,0.5603853133617103,0.8095301973298255,0.8821053114487633,0.29998852312564844,0.546905517578125
0.2469363186524424,22.515351974588892,0.5609873990130045,0.7980846574146603,0.8515054783850439,0.3032089074452718,0.5635704199473063
0.2539782167824253,23.09386817169094,0.5890741235401665,0.8229646302144511,1.00825664096266,0.292763610680898,0.5711771647135416
0.2584107031071147,23.115061321930682,0.5854314067602256,0.7975658341063955,0.9165172326546345,0.30409784615039825,0.5458159446716309
0.27355778879210085,22.485051420447178,0.5937314759632125,0.7950427140292736,1.0743085263980554,0.2839381645123164,0.567939281463623
0.2675105502373663,22.523970603514684,0.5608333909025847,0.8106372189224064,0.9192050123197787,0.2970760613679886,0.5718223253885905
0.26989978734978787,22.667948799246002,0.5884354954471912,0.8064266447421881,1.0177287049004586,0.2870781471331914,0.562538226445516
0.33741988522285365,20.49075605485601,0.6008273878523845,0.8300356884694932,1.4261237932975945,0.28397925694783527,0.541922410329183
0.2735904823259446,22.606743714530666,0.5934343893208852,0.8177971026780518,1.035003625472893,0.28415820995966595,0.5576090812683105
0.2562569599632812,23.758289010751923,0.5867696961504557,0.786636601809264,0.9228588754154442,0.27147462467352546,0.5682694911956787
0.24767431155502115,24.650019982388688,0.5994607910257417,0.7950194867188007,0.9887249477742919,0.2634901876250903,0.5345932642618815
0.24239386151470255,24.907700134726554,0.5827931633783566,0.7986246799600057,0.8600229134324975,0.25675284862518305,0.5652599334716796
0.24589352855214974,24.432186376682836,0.5799655088809593,0.8089926141523298,0.9131158691634171,0.2635927498340606,0.5565947691599528
0.2403538386668481,25.20183162170989,0.6009148663402256,0.8403852502108756,0.9274938755696032,0.25185858209927875,0.5702009995778402
0.11392500333721083,16.949754826924806,0.31507338772155763,1.2460135806917043,1.0644612031571008,0.46750163783629733,0.5698872407277426
0.5054996056718181,14.258416004562953,0.325044537144274,1.1085620171111525,1.3887636586392924,0.44698256502548855,0.5669723351796468
0.4540587416868688,17.69543731866821,0.42356703577723165,1.0073804486874904,1.4608129783186765,0.37780658652385074,0.5357348918914795
0.34948050498332667,18.449903104673286,0.44529797862051707,0.9651392002244297,1.414948866334477,0.3685409873723984,0.5243156750996908
0.3937475026144605,18.599772513039852,0.45015453832082203,0.9503248081215888,1.62423066948135,0.35913847883542377,0.5449987252553304
0.2149928182578892,19.994365768783492,0.47618790378621867,0.8683195991003473,1.3658300464164261,0.3382545957962672,0.528971513112386
0.19335690148682705,21.688348852381182,0.5318440515274117,0.8538024273654007,1.2990784064362895,0.31818054616451263,0.5739409128824869
0.34168046363167703,20.7555732547396,0.5912797695500195,0.8953280845228813,2.3939318956265816,0.2958409438530603,0.5452600320180258
0.29151202412293836,23.361174867453713,0.6224973687829812,0.8677124673051614,1.94900652784366,0.26866988589366275,0.56174898147583
0.1717732317417537,24.413126294393223,0.6223286176742718,0.8311991761741812,1.1833930154514414,0.27332459390163416,0.5460639794667562
0.1551813321926031,23.403737303506617,0.6242156788513119,0.8234166673723452,0.9559302961558754,0.27819495896498364,0.5444202423095703
0.154793864219108,23.3276022444981,0.6491131006666923,0.7949594466496638,1.0481436837974927,0.2748658979932467,0.5554305712381997
0.16720777832865444,23.333683480132112,0.6391018705432202,0.7581680879452161,0.9939693649426081,0.2628161013126373,0.553569475809733
0.18718058344744107,23.240809733914137,0.6212574383478827,0.7929352093449075,0.9364430823612949,0.2657424608866374,0.5414743423461914
0.21134266538314897,22.757213456690646,0.5893860746224079,0.7860138054677371,0.8670066885156876,0.2663315733273824,0.5538606643676758
0.19909044336476436,22.675350621556163,0.6060905249257114,0.7809887319590777,0.8804596352928158,0.27680814762910205,0.5357294877370199
0.19381545270048103,23.245631993201986,0.6287875952102927,0.7877660667821588,0.9917726619805279,0.273965743680795,0.5279858112335205
0.20304617740767386,23.12246344731425,0.6152640950704487,0.7679937527066308,0.9735230304793627,0.2776924073696136,0.5250600179036459
0.21505662943692094,22.830964205418056,0.5859975069446084,0.7648345987895269,0.8815592528786061,0.281996801495552,0.5234796206156412
0.2052762814625226,23.700665739660597,0.6286116173336395,0.7465435273447536,1.154267426215299,0.2675665244460106,0.5705262025197347
0.2619321620798141,21.477663013997745,0.6480720740504787,0.7784573049419513,1.8926922296881852,0.2881990273793538,0.5454067389170328
0.26112318771342197,21.948059692360175,0.6594339570088302,0.7640301088861836,1.8801354206516663,0.2898300612966219,0.5354367891947427
0.24481503620016606,21.517125018331896,0.6361183978074948,0.7642565963261211,1.721014529840887,0.2961829329530398,0.5720038414001464
0.29376801360004756,22.349919004508124,0.690526033629537,0.7837132123096661,2.0176703277803356,0.2709407359361648,0.5281814734141032
0.29686450517898616,22.598363879515958,0.6782054110644268,0.8047541105428438,1.9684028040832688,0.2863946408033371,0.5797092119852701
0.33180514584191567,21.662641039480672,0.6920635225779551,0.7984802197922041,2.1471226960944603,0.2829048410058021,0.5328756968180338
0.40290555840541686,20.901837987223395,0.7021624854279161,0.7942707629096173,2.451649098527122,0.2902121543884277,0.5471901893615723
0.2880565896372349,20.895089399837683,0.6647504201360431,0.7658304651675453,1.8756445773260004,0.2988553941249847,0.5488834381103516
0.38018117224937903,19.33039686330195,0.6640695508323146,0.7933008455320483,2.3705303366866475,0.3062782982985178,0.5556752681732178
0.6887640919617608,18.96676707210672,0.7103931457549745,0.8542306826102015,3.594013054589309,0.2779089460770289,0.5305217107137045
0.3866002281900127,19.804693648926456,0.6747680056609937,0.7922244437788,2.3578560115030576,0.288923313220342,0.543302853902181
0.2589452871404018,21.201565220863923,0.6412137524741901,0.8179162052213019,1.6289016670273184,0.30751131474971766,0.5665789445241293
0.22889119974081348,22.15772059740934,0.6213683874110681,0.7899403647648019,1.3109957074324805,0.2984745999177297,0.5554157098134359
0.21703134011501654,22.57569739492638,0.5928582830630295,0.8366254906715991,1.1638790075295424,0.33514487246672314,0.5734805266062418
0.21462044326109342,23.082768722424277,0.5970030172358191,0.8199859399490274,1.0769997081732419,0.311793049176534,0.5561324755350747
0.21179020630228215,24.043815701250708,0.6066175512964052,0.8096673890557305,0.9634325753794645,0.2951997568209966,0.5466647942860922
0.20952087844426126,24.272939785971065,0.6179256561126083,0.812249764725329,1.0153030893057169,0.28162293632825214,0.5468583106994629
1.6497059730250303,15.114143672106897,0.35758090897029304,1.2084475663080683,2.464266419919713,0.4440896312395732,0.5528272787729899
4.312291234248204,19.48336564635739,0.45704896606050366,1.0834384065558662,2.6792232214222147,0.36827379465103144,0.5578867594401041
1.990226875606437,17.931527601273086,0.4308282693207426,1.0300876020510488,1.982243079374122,0.39722979565461475,0.5546802679697672
1.5365234943447348,17.89004815535554,0.4475960522450157,0.9721189963908596,1.7666891716081732,0.40209537247816723,0.5631189346313477
1.2816386857850859,18.99525053277373,0.4678758823214057,0.9204997640259197,1.7028404612429113,0.37878935784101486,0.5448950926462809
1.25680069468404,19.42089303773786,0.4878661975678915,0.8840466910186242,1.6853539389536023,0.37455590317646664,0.5603506565093994
1.095373712533815,20.04505160961114,0.5118776919061282,0.8712797646527282,1.6390049192640124,0.361967774728934,0.5318271319071451
0.9422714146325054,19.55284758486363,0.5004999924417106,0.8904700305504526,1.4853491725861234,0.38626559575398756,0.5508796374003092
0.26426468662023794,20.347013117573088,0.5089579000063358,0.8388372435600825,1.009633854958823,0.3732547437151273,0.5619963804880778
0.20110929331211672,20.555879783068324,0.5171970081462427,0.8220700222529046,0.8787927047156036,0.37065952519575757,0.5549917221069336
0.16780968826795828,21.410303316113147,0.554112467076937,0.812780683217364,0.9144509315081996,0.35523855189482373,0.5350489616394043
0.15351582414173873,21.835649982302357,0.5937193792030424,0.7831474549569414,0.9304091475734855,0.3362564990917842,0.5638606548309326
0.16118767883977828,22.74276035185099,0.6314323479820426,0.7690958950677028,1.0575257336727188,0.31225355466206867,0.5516841411590576
0.18730990701101016,21.870888110612537,0.6025573087506036,0.7946555499092218,0.9866813348316787,0.3308968643347422,0.5485468705495199
0.2072276953607032,21.72342296274932,0.604464786664885,0.794671636589837,0.974907075432568,0.3217007865508397,0.6085216204325358
0.2332617285773213,22.052270809670983,0.5993610532710166,0.7983821867196363,1.167552420401191,0.31569355726242065,0.5543711185455322
0.24482291320733227,21.551937539994373,0.5772177842944431,0.7988604268973631,1.0847147907444972,0.3209171245495478,0.5546413262685139
0.2569747371363284,20.821220317950253,0.5356813665940702,0.795937495410525,1.0413766634645238,0.32949958244959515,0.5416516462961832
0.23764839066653462,21.351090723574803,0.5591084384939388,0.7919049503168107,1.308301726236874,0.3271191169818242,0.5479485193888346
0.23432289912877158,22.29939499992858,0.5906695841795254,0.7440094304341877,1.4729089989307649,0.3035697589317957,0.5604323546091714
0.24586081193618092,22.434700910635314,0.5697141762779526,0.761707654561695,1.4499769961578057,0.31202835341294605,0.5504953066507975
0.2545432425980652,21.627153596084227,0.5717761168527393,0.7969300646780493,1.7073630560534372,0.32733528812726337,0.5584796269734701
0.2704915560466161,22.940653061659066,0.6204364068260297,0.800723085695002,1.9464246420995206,0.3068351075053215,0.5636128584543864
0.38531950956748434,19.805884824543764,0.6138531009634814,0.8347593991460046,2.7862839187980186,0.3168368687232335,0.5514846642812093
0.3649430906209678,20.7757282123571,0.6254812219715343,0.8086546053378254,2.487951706859602,0.29985239605108893,0.5718035697937013
0.35822324152197155,22.130886872440502,0.6601535912381956,0.8044805773676474,2.5246775983892236,0.28731085360050196,0.5530950228373209
0.4675481289140686,22.25710874824551,0.6967115875554617,0.8370401518741998,3.1089509409154186,0.25963676969210303,0.5360867182413737
0.4489364099388946,23.82175309154108,0.7404747830543276,0.8183503463932013,3.0887207094934226,0.24213498334089908,0.5397671063741049
0.5665573485121457,24.217865665574863,0.7496231110185447,0.8153191545971699,3.506906583969567,0.23635258028904593,0.5563378334045409
0.5541182492285306,23.38564797091654,0.7478047073039963,0.8302161475358244,3.64633102480022,0.23587299138307571,0.5364564259847006
0.34985837390984037,21.488449300354365,0.6518482438408515,0.8276017466749858,2.6127970964927356,0.29066805541515345,0.542784849802653
0.2595398267777575,24.211366600194577,0.6400815587604881,0.8046005342749712,1.8018363484465967,0.2916780213514964,0.5545305411020914
3.7188491922301226,17.56753756865349,0.4325003018998452,1.2344577400291703,2.4377648726207863,0.4092480738957723,0.5821048418680826
2.9253436791763225,17.337402422519222,0.40292189127634387,1.2629343325972706,1.7675865572061265,0.4311015456914902,0.55085555712382
1.3742357507208045,19.15912557749108,0.46838175003733445,1.0521116017753025,1.53532445665485,0.37194980432589847,0.5368393262227377
0.7015711579090942,19.7425293413434,0.47856575360358594,0.9630960824249962,1.2920057855866836,0.36125842233498884,0.559571107228597
0.36176876329322766,20.515781908303023,0.5188271738114953,0.9190346886177817,1.287622738147742,0.3409227381149928,0.5311772028605143
0.426838585369873,19.062368166307028,0.5357601409256285,0.8906168624624108,1.7623907297370789,0.3380843947331111,0.5391358534495037
0.4634796830394845,18.954068941146655,0.5678404914605234,0.8747611249934976,2.0050518129164776,0.3217856784661611,0.548544724782308
0.28134833596019754,22.278265106018992,0.5477704966670081,0.8409280900833028,1.0047547104372234,0.32864735027154285,0.5396103064219157
0.39294013239615966,22.842170153075262,0.5528306346749493,0.9033573476814758,1.1635830253853918,0.33986325065294903,0.5355777740478516
0.2439184265754445,23.732349260599836,0.5950276720678644,0.8806635535864729,1.234201737652107,0.3207099785407384,0.5631120204925536
0.14611972032195067,24.395105321573453,0.6278520381913572,0.8551492502772549,1.2163990834119878,0.3087017834186554,0.5491102536519369
0.12150530108176127,25.341446309905624,0.6481045500427092,0.8128911064581805,1.0535488171709424,0.29283790787061054,0.52978515625
0.13904629464058918,23.42451817563787,0.6830757134551534,0.7826001399411616,1.5162371594234472,0.28141194581985474,0.5471509297688801
0.1293258089373204,23.402491141417798,0.6911150072065926,0.7517736093323535,1.353823707056346,0.2888109038273493,0.5467042922973632
0.2586963056754324,21.938163338243797,0.7224128098023206,0.798784584850381,2.094963443703996,0.2717566788196563,0.5553256670633951
0.1396741334481042,25.131408735168822,0.7021509435765062,0.7416275936819545,1.1735833639765663,0.2743048047025998,0.5454190572102864
0.1412443115903116,25.50492672467689,0.7157067341705371,0.7337411511085907,1.2287311666320857,0.2659042626619339,0.549253781636556
0.25425236399440887,24.0483209463832,0.7695841527716801,0.7759910539249626,2.04506341830303,0.24350429823001218,0.5574593544006348
0.23317135291154487,24.683794156854304,0.7619308737592471,0.773989889850147,1.8796150340849145,0.2427438646554947,0.5686350663503011
0.26552590692735856,23.823575173657446,0.7580319000164298,0.7756281395013538,1.970849262669008,0.2563404565056165,0.5397043228149414
0.5954935013981552,20.909871202164634,0.7496597725330059,0.8757408514226851,3.206259164887815,0.2629281431436538,0.5530611673990885
0.5270587543231653,20.416198223320322,0.7134051334111757,0.8402248450552788,2.830104731155038,0.2724053661028544,0.5410548051198324
0.5018236420025394,20.858480401727668,0.7244632198073452,0.8372546830048707,2.775526793390076,0.26701632390419633,0.5294089317321777
0.27889816905682924,21.398546499506864,0.6542363475788119,0.7788784175559917,1.6833994748198489,0.2901320233941078,0.5394899050394694
0.3367610893341011,20.268535845365296,0.6480744306612498,0.7997409297119287,1.9888782811087145,0.3075897892316182,0.5536786715189616
0.26815452607277135,20.53980026495634,0.619023503325048,0.781098533674515,1.5987675050871102,0.3039775590101878,0.5449271202087402
0.34153811756714775,19.819127856737968,0.6216315661266116,0.8110826193231085,1.9926415518664689,0.3207398355007171,0.533954938252767
0.2592627236728689,21.289969897812313,0.6283793703325545,0.7644810057389222,1.5394198802108594,0.30071736375490826,0.5469416777292887
0.2730421019732543,20.294283995996384,0.6255024118282401,0.8114374699891491,1.677899726503467,0.3218261748552322,0.5322004159291586
0.27447425509826473,19.34774355257659,0.6053776060726926,0.7900675184572385,1.6370641334338627,0.31299938261508936,0.5304117997487386
0.41847686896489095,17.95574133494962,0.6314954134351204,0.7723866691462197,2.2743280984986236,0.2970211257537206,0.5523622035980225
0.3156581285574865,19.31907787870158,0.6121926917886463,0.7791619458498443,1.8118545322992785,0.30397488673528034,0.540357748667399
0.33475627079248627,18.72009471188495,0.6181873080122448,0.776502772092814,1.8566601665255362,0.30520576735337573,0.5516447226206461
0.7060538161513482,16.206693097779816,0.3483372818247714,1.265008510861782,1.871260698442134,0.433802788456281,0.5452905495961508
3.356476509430331,24.740685909336538,0.5611857594813211,0.8604671178050122,1.8330392118917687,0.21884847929080323,0.5252045790354409
0.37866548080830675,30.312259169233368,0.6284088447454967,0.8185668668567391,1.1280627770333818,0.1186954416334629,0.5624318917592367
0.13653579984785277,29.777053856346452,0.6766827677685211,0.7962087821738892,1.1202094898373403,0.11469179143508273,0.5503490765889486
0.08656861224867413,29.42841300781721,0.680349774444852,0.8117906307396922,1.0559001336624878,0.13833603014548615,0.5423558553059896
0.06999897593637745,29.325415050438185,0.6695746534913107,0.8261499869083634,0.9865958848205078,0.15293256193399427,0.526195764541626
0.06995837811398296,28.651105547750003,0.6590940915406432,0.7981894904907488,0.9087210429537657,0.1684087390700976,0.5526258150736492
0.07089484304027097,28.15643724774478,0.6655687949963442,0.8090619312636713,0.9428119926692351,0.17069247116645173,0.5440831979115804
0.06529940528185774,28.719949825392266,0.7080001601481568,0.7816568699181681,1.0059495153412186,0.1754445632298787,0.5543445746103922
0.06972456543706113,28.79374074655982,0.720800212698124,0.8025628476576582,1.0173227430067298,0.1816565146048863,0.5441880226135254
0.07096293217730228,28.473319734256933,0.7603955178613848,0.7703456826291809,1.0839713916154965,0.16926305492719007,0.5463298956553141
0.0729263714022738,27.99953442595576,0.7544469370695742,0.809529738138164,0.9875252143913639,0.19436652958393094,0.5523947874704996
0.09096154365202896,26.848519120747827,0.7690696475392516,0.8189900246260371,1.1194822471965407,0.20950133105119065,0.5487577120463053
0.10695977376999403,26.337943496439397,0.7693510750528393,0.8366152140415558,1.0805578277687407,0.23617682357629136,0.5545961062113444
0.11635219212186122,26.26258521678282,0.758206465508398,0.8352285807703708,1.0229174463244743,0.24658932288487748,0.5562454064687093
0.12769710251211625,25.99854149829727,0.7521679934810716,0.8370148314533035,0.9913936366262073,0.2630387842655182,0.5656107266743978
0.13797624826258817,26.04234907974463,0.742921099469292,0.8047828367763158,0.9623537341707246,0.2564782400925954,0.5434351762135824
0.1505272709967952,25.34331921330106,0.7120541269488608,0.8189482901585131,0.908171743586499,0.2797138939301173,0.5434431234995524
0.16167199728918719,24.878621561661998,0.690993370273675,0.8291637554086971,0.886801019340468,0.2800348500410715,0.577441136042277
0.17681217875462316,24.434909220436424,0.6761796906248684,0.8447113945985146,0.915242358332948,0.28814208507537836,0.5547316074371338
0.19047110025571926,23.45845086832612,0.6948574272992759,0.8024104318388199,1.058497726148908,0.27690871059894556,0.552977720896403
0.18466475652309963,24.18533054525382,0.6683693278122651,0.8334419047327909,0.9522467470543083,0.29765895009040827,0.5533735752105713
0.1789182940436624,24.915817226480197,0.6940195233930276,0.7847313959188406,0.9926507162230895,0.2731733570496241,0.5466261704762777
0.17339292744571658,24.788161092609112,0.6918218299580626,0.8198207752888843,0.9735103827088135,0.2863794167836507,0.5637936592102051
0.16396283782699397,25.839007336225688,0.6803066284895259,0.8538621386291121,0.8265807288421229,0.31505706409613293,0.5472844441731771
0.15816744777843214,26.079861307152957,0.6891957493179751,0.8123062013743217,0.8542619629296765,0.2966562211513519,0.5303393205006918
0.15243764663198836,26.12830918756386,0.7162319944561211,0.7933883744847273,0.9778016858918136,0.2907211383183797,0.5317028363545736
0.15305382575737558,26.00058125989996,0.705571313048038,0.8431829277469424,0.9224293095882539,0.3159114122390747,0.544347365697225
0.16976177613770363,24.963991851830865,0.717231707931699,0.8285062253178869,1.1067727637917164,0.30651964743932086,0.5430832703908285
0.18686166154005426,24.51985622276862,0.7238272479581543,0.8196550954987257,1.1756559114895655,0.2947032004594803,0.5543442567189535
0.20641091474955128,23.65479599995122,0.7078101991355014,0.8464627422489629,1.2188207040374497,0.3117722272872925,0.5397663116455078
0.2081129852966761,23.50340708481616,0.6956734899077355,0.8376995342218795,1.1225939742724227,0.3179305096467336,0.552177667617798
0.19683448250406776,24.94187575973325,0.6944698805022105,0.8197104000449631,0.9808102020570288,0.3096805661916733,0.555972655614217
0.19809392864666409,24.714397002378615,0.6794606765157254,0.8536994737426052,0.9451298945468608,0.33190758029619855,0.5550190607706705
0.2059488165184955,23.823910160692417,0.6922093317491983,0.8082686456149003,1.040155364520411,0.30903875827789307,0.5570814609527588
0.20783355820564298,24.354340788807715,0.7009241543530358,0.8319813131438137,1.0125535123717482,0.3121472547451654,0.5550971031188965
0.20875930560783595,24.64177040508817,0.7002240547758133,0.851101277184469,0.9951856111402471,0.3245685299237569,0.533307154973348
0.21145331078550922,24.663944524455797,0.722244872029559,0.8165543755932081,1.1096982586483513,0.3030993491411209,0.5296469529469808
0.10392896863713878,16.765324320907634,0.29941961905517706,1.2674412563679454,1.114120251033416,0.47650224218765896,0.5474383036295573
6.7593513942377745,25.062803279186326,0.5303687502292891,1.0284880659836624,2.673847331422081,0.22178175424536065,0.5576809247334799
0.5414732615011152,29.62099812558255,0.5835092737925803,0.8498236785499745,1.0666296070707943,0.13190971066554383,0.5226088364919027
0.36127177053666,28.319455967030564,0.5753458507399557,0.8352381844142346,1.1139640940317668,0.15573272854089734,0.5275847911834717
0.23411488927266155,29.585825763053492,0.5992386122245811,0.8089116202943784,0.9943786670820073,0.14816317831476525,0.5412921905517577
0.18107577462575075,29.47013310486675,0.6645550958819024,0.8085894737079403,0.9249876408182821,0.12865183502435681,0.5483291943868002
0.20314970793791795,26.59303552830043,0.7123347293023649,0.8032146736779552,1.0738012647684914,0.13099555422862366,0.52830704053243
0.19403965555093283,27.301939554649053,0.7274972973605577,0.8195478305833886,0.9394760634166155,0.1484993423024813,0.5381193161010741
0.18717927162253734,28.272307323692534,0.7606274365097506,0.7803478573388256,0.9115419514280022,0.15662427494923267,0.5695277055104574
0.19337713340003573,27.75196034831045,0.7617313384848625,0.7954424168516128,0.961819845882793,0.17513458430767057,0.5555166403452555
0.20501989849482424,27.001893008426617,0.7412752605343252,0.8166191747972511,0.9045726193822005,0.20538701117038727,0.5320596694946289
0.21156510868156184,26.392311152037383,0.7076603602727364,0.8133880412943498,0.8388262575264034,0.22090000907580057,0.5301745732625326
0.22371637618623574,26.037849961774057,0.6895738631279018,0.8010831880867709,0.8541417465944452,0.23059368133544922,0.56277068456014
0.23380450696686217,25.62702743040173,0.6795239935741987,0.814357191187341,0.8656870639988433,0.2500075449546178,0.5565959612528483
0.24060671730707672,24.652105448611067,0.6946119100770561,0.7808036307961063,0.9587594645078679,0.24785540501276646,0.5697545210520426
0.24033740012936997,25.161005723045093,0.6706069305543457,0.8149413316726762,0.8515112553865162,0.26390979687372845,0.5570568243662516
0.24998762706943198,24.249481386515658,0.6848418448975325,0.8011748786049716,0.9413080316754767,0.2568935950597127,0.5308589140574137
0.25226290679637803,24.461169414401443,0.6863285951859103,0.7971849849910108,0.9245705374685573,0.2532243529955546,0.5384279092152914
0.2667758192461989,23.24133799098746,0.692759210305444,0.8112861329371701,1.0306374610426994,0.258595178524653,0.534233013788859
0.2672493550181922,23.647762871768062,0.6968324776433348,0.79969022276293,1.0170234128870776,0.26099085311094916,0.5587345759073893
0.2550067470245076,25.20738133326451,0.6872801739859148,0.7987881239478187,0.8615279848787312,0.26098509629567457,0.5392642021179199
0.2641293223181913,24.51535281159484,0.6881438070545438,0.8305043913756288,0.9309496715191282,0.275759662191073,0.5440645217895508
0.26429575680368167,25.0584346975711,0.7151786283098721,0.8056675782927293,0.9557466489056369,0.253712331255277,0.5560077826182047
0.27233708589606526,25.218181596725444,0.7124980071730874,0.834155101593636,0.9445737338236048,0.26704716682434076,0.5510133107503254
0.3143974009630074,24.358100404726226,0.7492805968188572,0.8474172555799987,1.1659111183718658,0.26001824935277296,0.5388194719950358
0.32391200979923324,24.787598135580037,0.7639969769047577,0.8593631872370092,1.1489907342358257,0.2548768222332,0.5401463508605957
0.33419509195736735,24.909272643740934,0.7686542405576736,0.8464581047788577,1.1529475277683272,0.2598300476868947,0.5417974789937338
0.31609090785756006,25.716885353134455,0.770489254759786,0.8624805150930105,1.0260034854990667,0.26192716757456463,0.5520306428273519
0.3157163806230485,25.945958342351208,0.7794358173200379,0.8534765286243488,1.0095016536614798,0.2581260402997334,0.5448175271352133
0.31168351949440043,25.861942574908714,0.7806283062077454,0.8590735592107336,1.0305694442167936,0.2563796391089757,0.5406748453776041
0.3138854922962102,25.581594063637272,0.7802767099472199,0.8255304314251507,1.0975939270597215,0.25311985611915583,0.5617140928904215
0.3151909170594669,24.650781408735455,0.7689619033557409,0.8467273528711888,1.1435460451947916,0.27024942139784486,0.5413478215535482
0.29615225432107956,24.718735146827033,0.7678943722905714,0.8312809332696324,1.1373961776503387,0.264358992377917,0.5515790780385336
0.27231761491175815,24.34390914604208,0.7418779371079456,0.7936311172748098,1.0200897425314233,0.27359853188196814,0.5645824273427328
0.2641151410816474,23.880537350753006,0.7280332954938554,0.8676653548690676,1.003964797230149,0.29776326815287274,0.5398526986440023
0.24857076010372492,25.408527762747454,0.7138806043173389,0.789903170620641,0.813749248731159,0.2722519983847936,0.5709729989369711
0.12332615094229749,16.62490290752783,0.3141257411632988,1.2629072813552271,1.1469124900857917,0.46965650965770084,0.5572528839111327
1.8462788062661983,15.420090306426447,0.3714619148698481,1.213069107864831,2.300763640218637,0.4375379631916682,0.5685747464497884
3.8501561544409424,16.661741882226604,0.3951142561630417,1.3428628343095879,2.682827535644069,0.4278157353401184,0.5411001841227213
1.8186433131660138,16.34471898767063,0.4050837630546205,1.1860117188252213,2.0221466834491526,0.44005877524614334,0.535249392191569
0.9799167101446837,16.622309794640255,0.3981968134845432,1.061789999274281,1.3977777352499186,0.4489738990863164,0.542694091796875
1.0019676868225387,17.877822919100947,0.4532733194922711,1.0526785416882694,1.5529923237794236,0.42558174828688305,0.5551439921061198
0.46047011847147673,18.12015232510793,0.4532395732872237,0.9478515592927534,1.2270947792362181,0.4180176258087158,0.5601841608683268
0.2961185977214191,18.721684605922253,0.47749819726392584,0.8813230069315233,1.184298772340653,0.40158150096734363,0.5528896649678549
0.1343896050126038,21.678005223212164,0.5563429781161888,0.8382574700664667,1.206971433381142,0.3484039604663849,0.5515322685241699
0.1540639994433526,21.183578483928148,0.5857941844908217,0.8253056713101999,1.5438215755722993,0.33508557081222534,0.5726904074350992
0.163161376699988,21.2953055160021,0.595494722338938,0.8123242008477721,1.439904589569486,0.3378795087337494,0.5543575286865234
0.19393424105382007,20.90336064865376,0.5630661750542287,0.7905137783153243,1.3640618751970874,0.34645303587118786,0.5380942821502686
0.1978578048199939,23.160806905352803,0.6436290942593929,0.7887895218801284,1.5079919215056388,0.3103142480055491,0.544605016708374
0.21995091414116152,24.136475914406613,0.6559923414702898,0.791047686372305,1.4577485180642291,0.29908128331104916,0.5598532358805338
0.27261908389578055,25.580539265988364,0.7296836140615636,0.7698620647346225,1.958167810495647,0.25547624379396433,0.5393756230672201
0.3125525475056801,25.80042419823576,0.7076264706891191,0.8002544831193269,1.968605650268661,0.2550699934363365,0.5378129482269287
0.24335009229769175,25.14040812645749,0.6888660882195564,0.7761410419757108,1.7586578374445931,0.2616240456700325,0.556983470916748
0.22579563137434452,21.164003255674743,0.5460675458967407,0.7906946999100937,1.4025535381698642,0.34654851257801056,0.5562450091044108
0.291660993146019,20.658277858097133,0.6127895505368365,0.8282426734015931,2.408793883968237,0.30983813355366385,0.5684980551401774
0.308602498180011,20.67162483940771,0.616540577717566,0.8270039622914401,2.5435734836682893,0.30779652794202167,0.5480164686838785
0.24470286006181283,21.334870762718054,0.5846549500876717,0.8023313211052558,1.954044190856882,0.3203745086987813,0.5618721644083658
0.2376281327794605,23.394433404187257,0.6352989265108201,0.785736025878836,1.9012324747392757,0.28811027109622955,0.5477761427561442
0.3430433607862838,22.090849836019572,0.6562430711235722,0.8105925403360841,2.683865802638742,0.2896240726113319,0.5551935036977133
0.4114977523295001,21.467906360095295,0.6515814414775355,0.8468831646744603,2.9918271758591306,0.27758034567038214,0.5482707818349203
0.30451817082214244,22.24142471380701,0.6272413538297809,0.7797021817047755,2.2412953776369426,0.2930816709995269,0.5631322860717773
0.302376593407689,21.592516446336855,0.6336942400712605,0.7883165120607017,2.457163351370468,0.29568881293137866,0.5455073515574137
0.21282181311972648,23.72694255890336,0.5633568811767559,0.7834126056304577,1.2111574830032492,0.3141867121060689,0.5405878225962321
0.20361699037951028,24.154136308591884,0.5722331225584187,0.7980777646920316,1.2971613339746042,0.308868740995725,0.554786443710327
0.19826145787692828,24.325262949006405,0.5960411872529708,0.7464638928527924,1.3730798279039291,0.2775737022360166,0.5530093510945638
0.22524967814098681,21.630514603455367,0.5753597538940974,0.8049418744599549,1.9729040292481592,0.3166508028904597,0.5564401944478353
0.21010306920453156,21.760803227973025,0.545624985741798,0.8052200332068352,1.528151182095684,0.3148541301488876,0.5725063482920328
0.21735027486215028,21.480400732314635,0.5404031653689995,0.7976441285297144,1.4800496412076198,0.31416066487630206,0.5699107646942139
0.21093957219294854,21.055370390220464,0.5403613173725125,0.8184816582244032,1.5642502389796917,0.3355274697144826,0.5858821868896484
0.3874447907684548,18.193828299663192,0.5952943682641401,0.8638221872238562,3.0394597764707867,0.304160217444102,0.5523178577423096
2.2044287642938687,16.27222815852754,0.39962678575894933,1.1321618692359505,2.931278554739406,0.42134238034486765,0.5528802871704102
3.087888823133788,16.553043690041115,0.4071875885127958,0.9694789423394571,2.5399791852378653,0.42525140444437654,0.5505288441975912
1.8089796766661213,19.125402676739956,0.4712472582763391,0.9133868722376581,1.7959332127212597,0.36586493253707886,0.5546990235646566
1.2039547199505392,19.509415726246015,0.4687220761686432,0.8747568545870267,1.4161558045695297,0.3495363766948382,0.5550203323364258
0.33786562386759816,21.105494301334847,0.5178808910444761,0.8072173511407996,0.9754690469178705,0.3209631890058517,0.5617258548736572
0.21394922883804593,21.869320282028927,0.5679996901020569,0.8021965161286193,1.0435013214466153,0.297620341181755,0.5424948533376058
0.16987962653091335,21.787298469523957,0.5433710563865205,0.8019237083181951,0.9051773855402141,0.3196451763312022,0.5693976879119873
0.1373118649299936,22.468099990926106,0.6011218083740236,0.7986646563991027,0.9807218825723517,0.29066975663105643,0.5661188761393229
0.1336702277781398,22.882653243432216,0.6190694942394129,0.7910878983613524,0.9297873712548016,0.28288978586594266,0.561573346455892
0.14608574101144947,22.62407598841806,0.6372082285504459,0.8106510429185638,1.1458553345363727,0.2842558175325393,0.5571928024291992
0.16663056905928683,21.999922499294616,0.6444066027085508,0.8032028201699214,1.1538923205402647,0.28566360970338184,0.5710853735605875
0.17956214152225095,21.879061833170713,0.6557098093166246,0.7786963511854297,1.1726307985004791,0.28185490270455676,0.5606645743052164
0.19461004513204774,21.629905924749323,0.6512756123256284,0.7670079276792774,1.210829879973365,0.2697675774494807,0.537989616394043
0.20645711081674198,20.943268416991643,0.6078648675785371,0.76100828596772,1.1200065355742463,0.2814687639474869,0.5488762855529785
0.21110021569779194,20.680433630488494,0.5884650084321406,0.799758829740811,1.0572968701303573,0.3086906472841899,0.5573737621307373
0.21458951442779442,21.250172104940184,0.6165916182537997,0.8031117783997891,1.1150247433045446,0.2909776916106542,0.5582259496053059
0.2170757230853624,21.927652069499427,0.6032954950684633,0.7876138728310865,1.022607645225351,0.2979498654603958,0.5413383642832437
0.22400740787091314,21.938835511700173,0.5817237994823538,0.8306420637598441,0.8893365476858298,0.30306307971477503,0.5715923309326172
0.2300305570280924,22.258608050886874,0.5972418880874741,0.8199834991300768,0.9374602683481902,0.3027925541003545,0.5437554518381754
0.2282757770688628,22.472094332416276,0.6076078182677319,0.7826199102469329,0.9017892026886073,0.29442826906840003,0.5381069183349608
0.23756592795564654,22.329649005131163,0.5945039166658616,0.7762778136553944,0.9233432687471735,0.2979786843061447,0.5418357054392496
0.2380110974959063,22.502361492154666,0.5925384983834654,0.7995053565699756,0.878146145251541,0.30411334832509357,0.5669765472412108
0.2440175169802451,22.962335671460945,0.6038081321248071,0.8033159605678616,0.9044782868191662,0.29797810316085815,0.5547684828440348
0.25619345156008355,22.158450075689746,0.6163589590974604,0.802080420030495,1.033460137401933,0.29957308371861774,0.5549638271331787
0.26229984067613055,22.245759998640832,0.6233422554224085,0.7924906439973007,1.018824363063625,0.2995614806811015,0.5406647523244222
0.2795934494196181,21.64312764825551,0.6165782255910487,0.8325980905303711,1.1048766599749422,0.3101759552955627,0.5267318884531657
0.2774780573748669,22.35177595907815,0.6256153947710397,0.7970628165146442,1.0677961771977045,0.2970970446864764,0.5490820407867432
0.27859845576138226,23.08450085540675,0.6479222393622412,0.8265977402480577,1.1212957184646892,0.29625194768110913,0.5351791381835938
0.2792087810245669,23.684363444100175,0.6542523549322584,0.8181959690151235,1.1710177119936223,0.2858931422233581,0.5654423236846924
0.2781444587246695,23.72625675548063,0.6580963307288353,0.8151011896361514,1.1840985194734461,0.2723062485456466,0.5526125431060791
0.27722691143417205,24.236494769775366,0.6615974081727922,0.797524555478693,1.2240359306152329,0.2671803385019302,0.5530566374460856
0.2718817128651581,25.08618556253506,0.6715563497587392,0.8072005756274742,1.1720489468111837,0.25883262356122333,0.5571432113647461
0.25475546738063876,25.550944315920233,0.6548165845605972,0.8047919533613827,1.012951521680924,0.24851234257221214,0.5379815896352133
0.24947638457803553,25.402676079412583,0.6526384570656018,0.8230484321568173,1.0435750163170858,0.2489524036645889,0.543515682220459
11.696672937858184,27.0968787552313,0.5562373905799338,1.0112099866145856,2.7382824211349175,0.17427231961240372,0.5355219841003418
1.748947551687477,28.479327703010014,0.5516708084116554,0.8644808756122311,1.225812374276383,0.14202936366200444,0.5348327954610189
1.5905775080210631,27.638193154329986,0.5344486604563476,0.8651130767726535,1.1110895320075684,0.17369452863931648,0.5339248180389404
1.4445411539358919,27.184595348276194,0.5314808608306688,0.8550573242724372,1.1318592926018602,0.20049180338780082,0.5363410313924154
0.5675735402588035,26.570573693642576,0.5710946609831098,0.8033324695535096,1.0705313356852542,0.18892846504847202,0.5880043506622314
0.2163226514390392,25.58963453202635,0.6302475236914776,0.8053814632010582,1.0709055828286131,0.16931340843439094,0.5496969223022461
0.16709768516121196,25.692871751368997,0.6577967344680126,0.7972883966148201,0.9955122443751695,0.18687073141336438,0.5542048613230387
0.15458556718019031,25.10134352098807,0.6953284081125846,0.7773045726664849,1.089296485255856,0.19138113657633463,0.5743481318155924
0.15325531625915564,24.659230819510512,0.7199190337316876,0.7895286313043427,1.1776095223409613,0.20180473725001016,0.5532739162445068
0.17853803645410823,23.000686068175366,0.7292342068185613,0.7969026242887898,1.3444950359718704,0.209408422311147,0.5703115463256835
0.17812283299961765,23.47068243680542,0.733688528333067,0.7679507464805022,1.3586263396021516,0.21575522422790525,0.5468925635019938
0.1969031313288637,22.257399205215872,0.7318894047383339,0.7800768693379592,1.3886596089090828,0.23492717742919914,0.5561644236246744
0.3182218564656567,20.088565461843146,0.7264823035153404,0.7918685878654067,1.8652049566787436,0.24866457283496854,0.5622859795888265
0.2492907880384013,20.963754029657725,0.7396070040885596,0.8044981845084643,1.5703407420284974,0.25708197553952533,0.5331061681111654
0.2320470328707637,21.770894280962676,0.7496369556068041,0.7979426708696321,1.4637296891454696,0.2505961308876673,0.5703673362731932
0.22574340307387883,21.703862933231083,0.7541716888672091,0.7696851115552973,1.3782892511403968,0.24558933575948075,0.5277345180511475
0.1998045082062987,23.41536472253883,0.7196957731955452,0.7824612590031466,1.158224907379662,0.2650417337814967,0.545212984085083
0.22802795103939702,22.19671178346773,0.7242865835184196,0.7952194563867558,1.3095666030021993,0.2661271343628565,0.5430370966593424
0.23446305178011573,22.04681754010042,0.7190808505012374,0.7612800439145123,1.2943970774069324,0.2619115437070528,0.5323939323425292
0.2457728363256482,22.01241978198915,0.7069606298795579,0.8122636416013961,1.3424467368711523,0.2821644296248753,0.5425460338592529
0.3160738296338148,20.960806024791736,0.7140882270159649,0.8156196928062919,1.647739692299582,0.2828810065984726,0.5500717957814535
0.2819207086686946,21.857572214156832,0.7136137424501992,0.8161695249741089,1.4969668378882284,0.2777012934287389,0.5609904925028483
0.22649516956163465,23.48531241884332,0.6976146011813403,0.8147053779107104,1.2293188580538448,0.27787429591019946,0.5315187772115072
0.20376974119166333,24.782056938991076,0.6802622669282566,0.8106712643309412,1.0202073542498062,0.28731909394264216,0.522810141245524
0.22349790725220517,24.411461533728204,0.6624279378752687,0.818859063519961,1.0072056075984195,0.29033033053080237,0.5547420978546143
0.24385589541749422,23.39215682125835,0.682415420762012,0.7757445604257271,1.1019566313214513,0.27818987270196277,0.559782346089681
0.238888121973539,23.597726152519414,0.6343746478634033,0.8150971037530566,0.855289618715639,0.31536055107911426,0.5668494701385498
0.2520781963738984,22.936314096200856,0.6594150794038433,0.812653783078805,1.021108914001185,0.31056807438532513,0.5675548712412516
0.24911302297823545,23.23526845153664,0.6405873170195967,0.8009683031053055,0.855304416508771,0.3175931572914123,0.5491480827331543
0.2519738664349227,23.80513012697799,0.6445542224529891,0.8035256243541234,0.855736250281466,0.32522155344486237,0.5168712933858236
0.26388706055541983,23.75507680626866,0.6736915601206057,0.8087142759934219,0.9691677578538145,0.31904649734497065,0.5638075669606527
0.2686979579273719,24.08263334753097,0.6865800417219289,0.8104065220230616,0.9362758072479912,0.30230445663134253,0.5421832402547201
0.27205047428167445,24.042045323905608,0.6850682750446424,0.8253448014329737,1.046532478112089,0.2965047508478164,0.5693396727244059
0.2693196354377674,23.870305828927254,0.6821762889519668,0.8151802151019387,1.0807216390414616,0.29591217637062067,0.555181900660197
0.27407184077526914,24.117189626708708,0.683549502556393,0.8464837079751529,1.0870948081861525,0.28153547644615173,0.5561282634735107
0.26559749206434974,24.700557211200362,0.7013293725318935,0.8121336274799366,1.0894610729672127,0.25456306835015613,0.5358258088429769
0.2565260931045384,25.23000677411208,0.6933683773816958,0.8355015727072418,1.0042035439837986,0.26691880822181696,0.5302426815032959
0.2476013737989432,25.71207128299501,0.6814912131568445,0.838515720152175,0.9217720961727185,0.27253836890061695,0.524879535039266
0.24946887728070988,25.686936931801664,0.6538771211663624,0.8505130918077225,0.8310541297322857,0.2647155821323395,0.5273427168528239
0.24294460020761677,25.444052138102858,0.6687444981513778,0.8278617674531227,0.8333966179757845,0.2516817897558212,0.5794817606608073
0.24697249188977285,24.79091280150939,0.6698320609180165,0.7908987861679991,0.932814356570677,0.23910088340441385,0.5585403442382812
0.24002674804500843,26.291345819822272,0.6618813350474555,0.819732530643146,0.8452217595182079,0.2289719333251317,0.5722827116648356
0.23436336406329575,27.116647797203232,0.6757471874722804,0.8353157263598878,0.8710250004172608,0.2088562796513239,0.5481035709381104
0.22320837011332473,27.404476708329298,0.6979106824605346,0.8260847388786859,0.8996438814238285,0.18027157336473465,0.5423666636149088
0.18762010880372695,27.046234063446047,0.6692604952298463,0.7979189074472769,0.981809635689093,0.16425969948371252,0.5636633237202963
0.12423129135030865,16.407334939887466,0.30630023144893376,1.2438678086828907,1.0984350131820417,0.4718040774265925,0.5687925815582275
1.252978452171147,15.753168585012581,0.3789036911942405,1.1927810876729128,2.369596198001633,0.4227501153945923,0.5677932898203532
10.441434077067962,22.171204276769448,0.48261903893099367,1.0915391802211165,2.7962231511862616,0.31033079698681826,0.5505680243174235
3.430874044447007,24.681428367406948,0.4874085755019779,0.9386959206308317,1.2828340948979349,0.25072677681843436,0.6147061189015707
1.1651384317457543,25.71758608788677,0.5143969638402556,0.838115440385779,1.0315710272061094,0.2183452372749646,0.5683050950368246
0.7232509594679918,25.45731633502,0.5264762445230334,0.8508066464201942,1.0312930181932825,0.21711658065517744,0.5581658681233724
0.22574200124412647,25.99890823643739,0.6059927590432469,0.8259822809966865,1.0668502146111916,0.17383927603562668,0.5420808792114258
0.18023254637472066,26.213184931461896,0.6577943875136479,0.796293012586513,0.9248477950417087,0.15773348758618033,0.5328048865000407
0.17517596405109584,26.3867541679417,0.6911255035053205,0.8047556513964317,1.047324112617538,0.15319407731294626,0.5588064988454183
0.21455193607725667,25.343466998793783,0.7114013398203521,0.7818332956646966,1.3912204798282717,0.15670679137110707,0.5544851620992025
0.18969836373676915,25.17365830738501,0.7245822751318434,0.7773630880487703,1.2155141335704946,0.1551237006982167,0.5479876995086669
0.18678085937898126,25.027086320660235,0.7210152337495979,0.7939642536345911,1.2198101731630226,0.1675250207384427,0.5455602010091144
0.173807498188888,25.82974741242923,0.7180870889062999,0.8150486099935453,1.0316268356739224,0.17499071607987082,0.5537745952606201
0.2408118881735131,23.97237037211417,0.7344943553398305,0.7958202416975141,1.0908005476946483,0.19945483903090158,0.5690241654713949
0.24436899458515393,23.213419637555067,0.6373452746186281,0.8182204578797223,0.9854589125396616,0.21684528390566501,0.5342802206675211
0.2399391435066978,23.60642241807166,0.6014876699437458,0.8080015433736835,0.8060517147678095,0.23283797502517697,0.5490636825561523
0.2343540081708174,24.37736464682301,0.6234502330578646,0.7967001367080516,0.8208105202695144,0.22981435557206464,0.5429790019989014
0.2275144379907111,24.585464620794138,0.631158799177042,0.7805723380775594,0.8234876321471697,0.23644848167896268,0.5418280760447184
0.22335347379463077,24.36082109678034,0.6352612295407094,0.7953649517966866,0.8308343214380841,0.25290044148763013,0.5312774181365967
0.2206232774709579,24.622506497543224,0.6470585295629262,0.7963443583476524,0.8490991760162611,0.2513183703025182,0.5602806409200033
0.2185906541994872,24.473910371907678,0.6441952803537357,0.808186920569567,0.8646604793326697,0.26382949451605475,0.573713223139445
0.22089206152076124,23.860423770280573,0.6520307389618504,0.8043717190533001,0.9792533656151243,0.2705466051896413,0.5727460384368896
0.22906547743511227,23.524657277653095,0.6617081240121506,0.8053205155261717,1.02095900558092,0.2774839351574579,0.5593217213948568
0.22581894204500644,24.065535868759497,0.6615586498979155,0.8191498694939598,0.9546296024323229,0.2939110944668451,0.539777676264445
0.2545466973509625,22.937147364522897,0.6760050373421834,0.8322317993074435,1.1472200205581267,0.2894755701224009,0.5763054688771566
0.2392070498845917,24.66084076228449,0.6780234588541133,0.812711738201474,0.9869076466038864,0.28199157615502674,0.5757834116617838
0.2675282407767433,23.674721176294653,0.7041260522340004,0.789316181829321,1.2265162729332497,0.26777575413386023,0.544880469640096
0.2456393256571259,24.389105230078368,0.6927018460772455,0.8165035523491482,1.1026514158045357,0.288908764719963,0.5424644947052002
0.23966586320701988,24.34797836566825,0.6978985692914016,0.8007433875767859,1.0998443577866635,0.27971694866816194,0.5505666732788086
0.23410804502281837,24.45527114251853,0.6830264276935748,0.8154461444912576,1.0256108863014497,0.2948742459217707,0.5656367937723795
0.28054157055138146,23.084015856084438,0.6854739418531447,0.8328650842532462,1.2195577654252603,0.3013683656851451,0.5673687458038331
0.25298081450805326,24.43520633284973,0.6843461525354426,0.8425568459369823,1.0266486401631714,0.2875265727440516,0.5613324642181396
0.241084064104641,25.453690510130027,0.6995228983237914,0.8147669875814031,0.999732027162007,0.26654134194056184,0.5733210245768229
0.22712035895597624,26.414079620978,0.6972086824179754,0.8372151325075685,0.8973665007662336,0.2714065462350845,0.5422888596852621
0.21539384783156515,28.09805588363866,0.7298372950656847,0.8254332722022953,0.9079617590177151,0.24738518893718717,0.5344187418619791
0.2628883617580091,25.966589200167927,0.7794210352946815,0.81682581495014,1.3343164165542605,0.21684251725673667,0.541633129119873
18.281765871101957,21.393218076256517,0.48153793805210365,1.3941905350306818,7.7070647586675065,0.3509646393358707,0.5594610373179117
8.698706659173213,25.014195519347368,0.4766294161932945,1.1572149046488687,1.8423314627830543,0.2524695297082265,0.566413402557373
4.414971432732016,26.293540327724614,0.513257379387931,1.028107502120446,1.4925616380287716,0.21314966306090355,0.5631451606750488
0.8199192913930116,27.639340865284556,0.5720156837903464,0.8278983219588184,1.0835126520139775,0.1556158438324928,0.5665148893992106
0.3980759543674939,27.052167239051993,0.5913963583489652,0.7912722590853773,1.0447705444975761,0.151991327603658,0.546092669169108
0.2152941810115984,26.431020844331318,0.6459561664927124,0.7891008012119984,1.0006298490747427,0.14793012167016661,0.5502956708272297
0.1964450692008554,25.351111858344524,0.6625680757681273,0.8135952105467634,1.1329614815370455,0.15701710432767865,0.5350596110026041
0.16206853104207922,25.849526963756134,0.6825281664630004,0.7824030609217006,1.037634378972772,0.1711120431621869,0.5382769902547201
0.14409929142163433,25.474169532124563,0.6993562723920963,0.7761130207593193,1.0691916684039044,0.19201495995124176,0.5374445120493571
0.12948249692278144,25.69514712909994,0.7078871625138401,0.8180327575490973,0.9522130049965565,0.19814694921175635,0.5443825721740723
0.15995680354597788,23.020676367810907,0.71334910930585,0.8216718040185237,1.1561867098674505,0.21408671140670774,0.5505685011545817
0.1841757033324403,21.647595461003466,0.7243097489594391,0.8012719632905364,1.2268274632543967,0.22564059744278583,0.5565699736277262
0.19296482733570497,21.840535007845798,0.7195442551459218,0.8509148861606666,1.2626003096439942,0.25041348735491437,0.5637501875559489
0.17786731990668314,22.88922006466015,0.7345833038751532,0.7986554188393878,1.1427949540404296,0.24916851520538322,0.5606088638305664
0.17563203915684208,23.807338600439426,0.7319906972538056,0.7821993263678876,1.0645684739001946,0.24645564456780744,0.5578359762827555
0.19423556689680674,22.876568973331118,0.7310355729704691,0.7841402184763052,1.1365310603716205,0.2581233779589335,0.5357539653778076
0.23721997061369837,21.477197435630583,0.7301307110738234,0.8048497460193075,1.3136936293528465,0.26184206704298657,0.5454451243082682
0.23689782359063072,21.456986886841943,0.7288370484700156,0.808059988346637,1.2849822616665927,0.26013950506846106,0.5514946778615316
0.21906590118056865,21.569943636321003,0.6982385919096327,0.7972677836416927,1.1169125374128546,0.2730736533800761,0.5514977773030599
0.234650079741235,21.02722887839413,0.6723906956184319,0.8358756769665758,1.1407643053800713,0.29535787800947827,0.546148935953776
0.21032922074487836,23.470076587827254,0.6822444725069928,0.8130811632747644,0.9384702567046667,0.27757858733336127,0.5471736590067545
0.21207681659288544,23.965995880528208,0.6749180478834935,0.8260742769618904,0.8768075078817376,0.28971043229103083,0.5291988849639891
0.2150766546074331,24.324256154865623,0.6756548762786809,0.7934471609896957,0.8645866726883572,0.2768593380848567,0.5527676741282145
0.22302829347369535,24.296825736430538,0.6866277870770167,0.8124866643702151,0.967582594842784,0.2808471173048019,0.5630358060201008
0.22870028604013712,24.581205499603072,0.6844151061521767,0.8156834076951495,0.9144337109308166,0.2886946896711985,0.5604087511698405
0.23981547375880705,24.091321441799064,0.6789196906733733,0.8059256250452935,0.905765689064003,0.2922054181496302,0.5316503842671711
0.24805837771087316,23.53660321939276,0.6769952284660148,0.8101557100519686,0.8947113071331283,0.30409670372804004,0.5351516405741373
0.2506554522025513,23.59688560717559,0.6651251004381362,0.8028794989837854,0.8460964635641591,0.3184237430493037,0.555403709411621
0.25401389146020764,22.99157391969536,0.642547084078329,0.8439885289871624,0.7958003782576585,0.3376237253348033,0.5622154871622721
0.261158972767777,22.389302539409815,0.6251154522476483,0.8419017542543566,0.7517153097053076,0.34609025716781616,0.5400843620300293
0.26858101206812784,21.516002557752785,0.6445598805710949,0.8266640325583533,0.9953806124974003,0.32192686200141907,0.5582928657531738
0.3251789392191387,20.74205388782165,0.6812448391515306,0.8118851764137173,1.327003966056804,0.3023088177045186,0.5504331588745117
0.3023441639805371,21.76845652174147,0.6717703650875321,0.8502390015639296,1.2082714095525127,0.33018347620964045,0.531917969385783
0.2613132268342361,23.742080863466683,0.6717705313204315,0.8221532605591154,0.9785269186264237,0.3105918963750203,0.537751833597819
0.25786164235427617,24.096504613389214,0.6623125872409317,0.8518716770491951,0.9425584730751432,0.32313590248425794,0.5338877042134601
0.2523320118994396,23.848405630497904,0.6739402744530872,0.8190884956153911,0.9476846247226263,0.2933102349440257,0.5518531799316406
1.2785625890508359,14.532716802576303,0.34247529786868985,1.1883469286263804,2.068347043926701,0.4475342308481534,0.5788071155548096
7.64517354589379,19.247371458693834,0.47956864249046777,1.4368576339327026,3.2619292138458627,0.37914572035272914,0.5323646863301595
6.03232637081605,19.25403288711211,0.44904872195998674,1.2577714551708825,2.4054561037854953,0.3896935582160949,0.5507100423177084
4.513313939775689,19.39680615371325,0.5128119048745517,1.1686498765230087,2.7081399828454935,0.34600220372279483,0.5519408384958903
3.588154571064768,20.48527092316342,0.4730068623334596,1.0236634577338863,1.9906139580658386,0.3599978933731715,0.5679221947987875
2.4770919002956346,19.6469601226716,0.49453545185334574,0.9306741049983391,2.0364183848522437,0.3581119899948438,0.5969131787618002
1.426456986123888,20.177703617199338,0.5445834414974554,0.8597629712826508,1.9971893723106178,0.31006256490945816,0.5389441649119059
1.1635269969383115,23.722559552687688,0.536815160325966,0.8737402981377591,1.3196689135001727,0.2809629241625468,0.5622584025065104
0.7610275726696388,23.569067819078075,0.5406421212695204,0.8091214662501693,1.1066260519250803,0.28377342720826465,0.5747316678365072
0.45419087196874347,24.100350991836553,0.5919102778780078,0.8268738670179338,1.224665165855474,0.2667829965551694,0.577722152074178
0.26657426701829784,25.02427713902037,0.6560629152262564,0.8212597123857995,1.2403771723756545,0.24976656585931778,0.547132651011149
0.228090721025919,25.494318010192583,0.6994661834472723,0.7750029263843636,1.1502727051230044,0.23404134809970856,0.5640130837758383
0.21941658914609863,25.59481061676131,0.7128244457605662,0.7561278264393324,1.1659594025536884,0.23696285982926682,0.5596522490183512
0.2569669160888431,24.60577940136926,0.7300907595997828,0.7829067139402693,1.5395109227099713,0.2453808238108952,0.5789899826049805
0.25668967257403075,25.11269751329968,0.7044503291941696,0.7621580316411153,1.3934924622548557,0.2604448969165484,0.5532103379567463
0.2503256721008473,25.576781823858948,0.7215477944094136,0.725750320135802,1.5577010555159545,0.24466623117526368,0.5489916006724039
0.3794087557959886,24.126109125509558,0.7511894584599185,0.7524907050746243,2.3652050118324053,0.24411462495724354,0.5344538688659668
0.30979047499590096,24.829128146011186,0.735058818266095,0.7605828911236608,2.007771750973036,0.25377089778582246,0.5449042320251465
0.3829721246839713,23.574015586029407,0.7462357668287171,0.7518401762448336,2.4802998699499264,0.24878558516502372,0.577806313832601
0.4823904985042584,21.6165391643605,0.7274579264991582,0.8093173586201337,2.9390602498602063,0.25785819192727405,0.5744953950246176
0.5420542779205276,21.968820004100653,0.7433303623650089,0.7962767203117153,3.0739215603556627,0.24288515746593475,0.548378864924113
0.6340202911476639,22.591884050910807,0.7613989762063572,0.783754816354647,3.44523219293596,0.24373366932074228,0.5466588338216145
0.6191813449852854,21.67603635564143,0.7370238674393876,0.8087548179186039,3.467419968776113,0.2611392562588056,0.5481878916422526
0.9269469479350146,20.099324795045426,0.7292719892404609,0.8536499531183477,4.527180030824192,0.2542023062705993,0.5369784037272135
0.4552087523004418,19.818491203764196,0.6739065035995088,0.7955877008216907,2.7873208824882583,0.2994774381319682,0.5538880825042725
0.2803518526518653,21.949018951618843,0.6415099582708463,0.7819143551029389,1.8458206805587238,0.3156414031982422,0.5666242440541586
0.23428441382375542,22.692110065029553,0.6027907157595533,0.7958130165842171,1.438957083484562,0.3471256097157796,0.5493608315785726
0.22644064117373555,23.376702214758268,0.6037078014132157,0.7931905594005967,1.4191198630444068,0.3249038606882095,0.5466570854187012
0.25216160469782933,20.295058320539116,0.5859485770738412,0.7967254025940864,1.564027864406458,0.3386634389559428,0.5675809383392334
0.371107193238434,18.71167850755676,0.6385003429797974,0.8027528337308539,2.427376334755316,0.2991887380679448,0.5430230299631754
0.31386964722017385,18.92656905507669,0.6033300168552627,0.8069371605317319,2.0594595715777597,0.3217816601196925,0.5612138112386068
0.2622378092260279,19.2976916782458,0.5924798528762684,0.7983837019041454,1.739149054231002,0.3223130057255427,0.5609169006347656
0.3087312250456609,18.71885521154916,0.6189762103079501,0.7976773491671091,2.0984116950698732,0.30085871120293933,0.5706566174825032
0.24927577607323717,19.918124157002403,0.5911467737625998,0.8325717901409679,1.7217372817970371,0.31538325051466626,0.5671629905700684
0.3926146210007044,19.09338562589195,0.6601716374041313,0.8045099001607365,2.4447204787178576,0.25573698182900745,0.5352177619934082
0.8423453606069956,15.3470382943463,0.3642541612686839,1.1227346977640509,1.703940125148445,0.42032605161269515,0.5406396389007568
3.0355138665175425,17.50820076872596,0.41280135727366596,1.1287092018612697,2.6382768280630673,0.4209371233979861,0.5711981455485026
2.268351653928226,17.46508661808102,0.4302538416841992,1.0328043628048202,2.3718286088404885,0.41494860996802646,0.5444428126017252
2.266862283895487,17.646134307397563,0.4485472594125457,1.0407455647171335,2.4917792415395645,0.4088558728496234,0.5482766628265381
3.027391122413428,19.516355943426547,0.49899347776918707,1.0102667867398671,2.709761215330866,0.3686374028523763,0.5490907033284506
0.7035627759336799,18.817626963274694,0.4708516896307308,0.9011787951410826,1.4834447223116431,0.3842273031671842,0.554696242014567
0.32029029840011214,19.910517184527155,0.4954504932136142,0.8564368830727006,1.3581519807250426,0.3733316982785861,0.5496903260548909
0.3130806279102705,20.4161809207145,0.5133454895181114,0.8312065739981757,1.320452212567206,0.3509191299478213,0.5418252944946289
0.16985009728212522,21.524972838838213,0.5399707315101154,0.8233251938607141,1.0741189494852137,0.3531615138053894,0.5436614354451498
0.14001079048090667,21.18027153781655,0.5502551932436556,0.7910492138585287,1.0913628513689992,0.36461497843265533,0.5794782638549804
0.15375079309170284,20.894369492074627,0.5536520191790198,0.8113813768333911,1.062345828937082,0.38147150973478955,0.5434919198354086
0.16207857472734577,21.753211902598366,0.590559708578838,0.7951944285434704,1.1975812676828588,0.3623823821544647,0.5481733481089274
0.20676312591318113,22.271586015522484,0.6312584938622781,0.7983989465574225,1.462642441449434,0.33978451291720074,0.5397241910298666
0.2610016922583435,22.04785687693398,0.6723978057000274,0.7716701343485669,1.807393132525017,0.32372824350992835,0.5349493821461996
0.3776176992476404,22.045573468829815,0.7245159490147577,0.806204885712782,2.510386627700894,0.2884100576241811,0.530882994333903
0.3078676420981365,23.074125189072603,0.686322618117419,0.7902609208610528,1.9921723963081945,0.3082431256771087,0.5514161586761475
0.32710767194255025,22.815668226305093,0.7022536032656213,0.7885454806201415,2.283611584875985,0.29638878752787906,0.5474919478098551
0.3048012776989385,21.995986519218253,0.6647560916927842,0.8008804129579353,2.104991120382774,0.3249914348125458,0.5873034795125326
0.2650700859228488,21.646360605259627,0.6219826076553657,0.7612959243580676,1.8143254578854997,0.32077691952387494,0.5434923966725667
0.3736408167190304,21.659304594973634,0.667018349207234,0.8013453880604947,2.544573364870548,0.30006928245226544,0.5448785622914633
0.31027159165964463,21.5647331079154,0.646238333156069,0.7719659828921605,2.2331024427498316,0.30276766171058017,0.5584603150685629
0.4746187169178011,19.397925940487085,0.6190392058865121,0.8185597447697607,2.8666989862182013,0.327418565750122,0.5618267854054769
0.3402405089841804,20.84826325932382,0.6340716489937916,0.7562591950775358,2.230473923979621,0.306753767033418,0.5813008944193522
0.37855653158281566,19.598181844479964,0.6152843283212922,0.7951313981019023,2.421084298884754,0.3326992839574814,0.5619352658589681
0.2592159803987077,21.48298680773542,0.5985972860808836,0.7471271407998804,1.6757091345383455,0.3282588720321655,0.5461827119191488
0.24946744223014858,22.019223121372846,0.584921110624407,0.7591128790401575,1.5244317268839118,0.33780649801095325,0.5551598866780599
0.5010655200718414,17.629351424136306,0.5982713360464239,0.7954416354733994,2.9007709298574933,0.3238384922345479,0.5492319266001383
0.33196948265717147,18.864716586975565,0.5790838127875525,0.7943206073183564,2.122936638331824,0.3497655043999354,0.5524295171101888
0.3987279016170648,18.86347141318222,0.6112117441176255,0.8221202252787515,2.5479000407355046,0.3351649542649587,0.5620357195536295
0.3376586218518582,18.814820710680255,0.5875576321561105,0.7912848598964977,2.124315360878589,0.33068810900052387,0.6095514297485352
0.2973909616468842,20.028868705516917,0.6031780995424035,0.7932885994257471,1.9146641431296565,0.30641084412733705,0.5722694396972656
0.2642695162603731,19.925388506507336,0.555285783712228,0.7997927577695828,1.6019213209886436,0.3278516431649526,0.5561312834421793
0.261157436550642,20.744526670184783,0.5672968301202227,0.8177725976682391,1.6026351078840593,0.32646029194196063,0.535019318262736
6.990120290092734,20.350413459483715,0.4381912960349225,1.4925915670474812,2.45425424566005,0.3640102967619896,0.5350074768066406
3.7737739537072184,19.018081367194046,0.4233958581581254,1.3851044004752902,1.5844371312448111,0.4056747605403264,0.5503286520640055
2.4756531120199,18.74378875244766,0.46253892273671054,1.258843110739477,1.577415472680456,0.39724935839573544,0.554718017578125
2.192149461195782,17.78364114996247,0.4574127905913133,1.1529401981116667,1.7942021518316824,0.41029635071754456,0.5349520047505697
1.8806505356172867,18.03118314045987,0.5097735757549097,1.0812501842123412,2.195322755230762,0.37352018555005384,0.5333413283030192
0.7381264228887326,19.805226404225383,0.5232917929659269,0.9264398147894534,1.5391094465220145,0.3478663389881452,0.5596576531728107
0.5992609062006821,20.625403270293358,0.5145018363859487,0.9029938625862126,1.3369479621871265,0.3427046090364456,0.5551087856292725
0.8293751329013149,20.22924423548015,0.578055233807737,0.923329657655387,2.1359301561455575,0.30747750649849576,0.5279583930969238
0.4089548554814968,21.83423476855812,0.5697884875442415,0.8823209954807787,1.5280317155630818,0.31825445095698035,0.5369067986806234
0.2858678017299476,23.771330474328476,0.6064072381200232,0.8702945237429365,1.2772788429595983,0.29182884593804675,0.5780985355377197
0.32718701733851774,25.10424611076633,0.6739935647122685,0.8384613359770666,1.603291932152201,0.2540674457947413,0.5515779654184977
0.3049245746810679,20.80858334340724,0.7013876054844245,0.84875849462506,2.3261213851724016,0.27314218382040656,0.5583353042602538
0.2443922100195518,20.65195037376328,0.6688043579572237,0.8103462524334138,1.9475971768797546,0.29068685571352637,0.5650821526845297
0.2088301585186838,21.148148308047585,0.6114949763502777,0.7951229993317502,1.5090986175766092,0.3095770378907521,0.5476904710133871
0.27872320237819886,20.512297581761146,0.6542646404494152,0.809367721193971,2.085620892424735,0.28375358879566187,0.5594798723856608
0.2312334849895886,20.96438296691696,0.5938843355031823,0.7836151894631668,1.5496630399370435,0.308758278687795,0.5390199820200601
0.23570567466871864,21.136497179023788,0.6095038491804382,0.7542087033641343,1.577353598434051,0.29391757647196454,0.5341045061747233
0.2712650138073884,20.213094080777527,0.6062693653252488,0.7765417917905842,1.7864663801195693,0.30756938457489014,0.5235815842946371
0.28225200565450265,20.35308532287721,0.6380543793631414,0.7691389987024287,1.9021326139049102,0.2976495201388995,0.5398799578348795
0.22378162069867305,23.670186814707193,0.6280989240412497,0.7901302038743565,1.2694205402816012,0.29255308707555133,0.5627950032552084
0.2377185068134462,23.083356623094108,0.6343924061273162,0.7739009520076361,1.4911709927766663,0.2874017084638278,0.5643288294474283
0.22388824085580694,24.086682672546075,0.6117327609394275,0.7564205094791667,1.1584250705284678,0.29884139200051624,0.544148842493693
0.21744728253189036,24.656078260506785,0.6419773532675839,0.7436538268296106,1.3835668618873989,0.2850419531265894,0.5561663309733073
0.23054479797915295,23.091794087335927,0.5941997706371008,0.7286267148814382,1.3443419663587555,0.30306813120841974,0.5505445798238119
0.2797255412668325,20.806912044893533,0.6135402388170842,0.7885318366393291,2.0189023581180483,0.3120673894882202,0.547958771387736
0.25879795212651313,19.22452446152161,0.5699429243411365,0.7643177134433573,1.7573640031908988,0.3325673888127008,0.5445866584777832
0.2594619937584257,19.624456846471578,0.5886087048869344,0.740117685508865,1.8189381063827714,0.3187694052855174,0.5475358168284098
0.2337544037341902,21.642740863882697,0.593772630189573,0.7743512159660911,1.6247509060956105,0.3243280698855718,0.5603353182474772
0.22225007956452103,23.211649704878027,0.5754391342916955,0.7876502716771849,1.343145032529357,0.3255640814701716,0.5416048367818197
0.2620167918107663,24.67492789150761,0.6681425214160678,0.7964848224465845,1.8192087141145237,0.2865561222036679,0.566317319869995
0.2972194392579151,25.33990489856359,0.6980828332316661,0.8069190652446071,2.0132139157969795,0.272121250629425,0.545495351155599
0.3235212598893969,25.85486871597227,0.7174386795705606,0.8163123627214813,2.146529372074341,0.246532862385114,0.5412092208862305
0.3261970943219808,25.635982945839192,0.7260721680007092,0.8364664169749352,2.156728379904909,0.24948803583780924,0.5479017098744711
0.323915142499892,24.922078624613217,0.7405806269266724,0.8115786676312239,2.1967131344527018,0.229989118874073,0.5373262564341227
0.2531366360164809,24.95771256858657,0.7097007036639255,0.8181521615288627,1.7580520699130784,0.2543112710118293,0.5541860262552897
0.21878508702534813,24.672726366133556,0.661431231716492,0.8066840470579222,1.5129168562879147,0.2714888006448745,0.5336887836456299
0.20117648772034843,24.978161614491444,0.6514838145846501,0.7977408991291043,1.2744742451112492,0.27255462606747943,0.5480004946390786
0.19896184040980172,24.310738435871134,0.6326963713176857,0.8074775653032501,1.1856429396668389,0.2730048696200053,0.5621631145477295
0.22622533832564976,22.762802039290474,0.6511121078797238,0.8046097169921546,1.4906582045025802,0.24789122243722275,0.56187637646993
0.2702920510590585,21.86026366417914,0.6630113624672771,0.8124748843402351,1.769504535310273,0.23840819795926413,0.5429771741231283
0.1148642069954781,16.47622196420807,0.30474546800507024,1.2187948716014265,1.0484859834736246,0.47732678055763245,0.4753897984822591
0.2940591325886622,14.383721024655268,0.3082919819449996,1.1000101083196296,1.082333950074404,0.4610036015510559,0.4552493095397949
0.5787302444481831,14.681677448873705,0.3309541624912817,1.090058085890128,1.5033790054128044,0.44576336940129596,0.47494331995646144
0.994480524676272,16.09401257902485,0.3832487324772466,1.155306891712448,2.2152758169209212,0.4379638011256854,0.4575750827789306
1.0344155965038302,16.340125411925065,0.40236922190575286,1.0837463443443953,2.1822462689838407,0.425832266608874,0.46638592084248853
0.5827191671610614,17.499573876274983,0.4161722762449047,1.0246659256118722,1.9050897151208215,0.4062051624059677,0.47164471944173175
0.267108182858917,18.74925490573148,0.4400518894148588,0.921191786903934,1.3489393262969707,0.3840023602048555,0.45108946164449054
0.16782012849177408,20.005817025995984,0.45014606332026325,0.9082223852336299,1.4767331968706745,0.3611533045768738,0.4541824658711751
0.1976946510214639,21.2514171224618,0.5114939335940772,0.8729564673325697,1.1636880376517749,0.3491247942050298,0.4798577626546224
0.1865028261021248,20.361147400533923,0.5003551096082309,0.846180340959593,1.070166777780128,0.3497795909643173,0.4625823497772217
0.18909352850010216,19.847179688189083,0.5274538557762077,0.8763840407979301,2.0893796753100413,0.34645559390385944,0.490752379099528
0.19117001116440757,18.616111200645708,0.48291368421516395,0.8878521149335592,2.0727445917461353,0.3666387622555097,0.475810686747233
0.2534411632384311,18.51153036839533,0.524575942411442,0.9308375169056836,2.9201996587769217,0.36098892986774445,0.4730888207753499
0.23729081047692177,19.446414294974886,0.5408809944441847,0.9035376633381728,2.631276740138472,0.34476713836193085,0.4854935010274251
0.2483684340394583,18.079487661198204,0.47274595121271257,0.8677199402128165,2.140513507088945,0.3720224400361378,0.47859899202982586
0.22830625542582414,19.390819406259947,0.4870450377776732,0.8477982218625963,2.013377254392117,0.36524875462055206,0.4735516707102458
0.2284001509147425,19.354639993498612,0.4777981001825984,0.8113869629515887,1.6912370422344012,0.359380046526591,0.47321780522664386
0.28844438999586436,19.335944324263917,0.5402386219401183,0.8788699897753597,2.7553653133870952,0.33654812971750897,0.4629790782928466
0.23687569100106867,19.547119310567997,0.5154147972630151,0.8494445422463222,2.233258896170109,0.36588316907485324,0.4854188760121663
0.3331433527832563,18.729572527124553,0.529696376547864,0.9039420244800284,2.8856357948360234,0.3451155424118042,0.4691421190897624
0.2787877639909844,19.380004112505066,0.49919866259384554,0.8461194621223189,2.1805493132635534,0.3474293102820714,0.4671181837717692
0.2976582749557748,18.910622463474308,0.5125860331869293,0.8734459744131059,2.4730890895240143,0.3436403622229894,0.47026650110880536
0.3204193542357316,18.739551024616087,0.5337825760057708,0.8917649347252219,2.731396600717467,0.35996556282043457,0.46929121017456055
0.38286123947067113,19.891393746835675,0.5915807126963879,0.9153054312607486,3.309381026918277,0.3280302087465922,0.4748291969299316
0.4405229788943193,19.05668562361458,0.5750954513949655,0.9404882488102745,3.417919973709575,0.3386427213748296,0.4823564688364665
0.41266571985767736,19.42580512046233,0.5862488613288183,0.9079145544732992,3.104719700692337,0.3230288922786712,0.4837694962819417
0.2386894772087466,20.11081404839363,0.533158114593104,0.830247111444947,1.8553097963644856,0.34282275040944415,0.4762383302052815
0.23632932148196287,18.528115964560754,0.48384745978294535,0.829214805253693,1.634478802726103,0.38083947201569873,0.46338987350463867
0.3520250070555652,17.380239501892458,0.5402580998781513,0.8897566310247459,2.8887690670791226,0.3520467032988866,0.4664326508839925
0.3198365811523014,17.758736172024403,0.5409259375738305,0.8610507840024368,2.6772723939671432,0.34345898032188416,0.4905687173207601
0.24623215839151638,18.49351568131333,0.5174208420708291,0.837918080048842,2.025717709654008,0.35228336850802106,0.48987698554992676
0.23041874548569938,18.729976576048674,0.49414890266051353,0.8296995648663777,1.7377703635366084,0.37224093576272327,0.48407212893168133
6.6444357314336555,20.35007806298018,0.47824171850250713,1.074683950441813,4.4105848875216624,0.3492050568262735,0.5730330149332682
2.044307166957075,25.61324021987308,0.5592319195016363,0.8323362953948589,1.6739024669924714,0.20675686995188391,0.5445958773295084
0.8735461071777313,25.618202154017848,0.5691424044334935,0.8018928328009824,1.3750368054679338,0.1998166963458061,0.5646999677022297
0.3161332115337699,26.832222639931516,0.5799225355220249,0.7767331243224125,1.0686741663886123,0.19568470368782676,0.5450690587361654
0.12756692850537474,27.095121156381737,0.6352208602667809,0.7584898939473096,0.9519196699828969,0.17246496429045996,0.5496655305226644
0.11117538635703167,26.90548149608881,0.6585815765511864,0.7764019016396663,1.029177503876612,0.17488772918780646,0.5590678850809733
0.12411734143324744,26.217836282818585,0.7426056295926555,0.7628773872981087,1.1806709496468548,0.1506330072879791,0.5494488080342611
0.12972638627216074,25.782426000178422,0.7513148697409485,0.7647744492463174,1.1999188528493234,0.15653522560993824,0.5618542830149332
0.10791495824017162,27.479347514657434,0.7234308501337066,0.7829872307888843,0.989526689621373,0.16743609557549158,0.556624174118042
0.13553609613141304,26.282145355661402,0.7592240206149757,0.8105419451302965,1.1887176000251167,0.17311322192351022,0.5375583171844482
0.1878571556150919,23.86578304444676,0.7529798857701099,0.8104716217079213,1.4196766521193902,0.19302072127660116,0.5409980614980062
0.2205878243933579,22.55865109719309,0.7438330743029122,0.8145469315651175,1.5028402048698541,0.21586215992768598,0.5548555056254069
0.43511965605676023,19.944832351746527,0.757957257513795,0.8087161072524035,2.1706503068375462,0.22367119292418156,0.5605037212371826
0.2523348161806398,20.775092023823643,0.646465132036071,0.8003711174184884,1.2287825142079492,0.24890055755774176,0.5401023228963217
0.2202625054975866,21.920254391114515,0.6162750508713392,0.7962988580863238,0.99459165976649,0.26556858917077375,0.5460167725880941
0.2508279896888239,19.89056229791579,0.6298239326957201,0.7876967354307746,1.1678307758975517,0.2594571908315022,0.5454111893971761
0.24980174345025427,20.0269454135507,0.6191633033381072,0.7779673258625598,1.1291156000130906,0.2738067507743835,0.5502177079518636
0.29413010851404375,18.777038471867645,0.6415906071620079,0.8146316405457235,1.3872465315775866,0.2843888153632481,0.549606720606486
0.32512423689081366,18.868700519554043,0.6579536485843511,0.7762325483805496,1.5010344114098164,0.28384410838286084,0.5650100708007811
0.35884018112256005,18.76969319875505,0.645974424480093,0.8121586977550858,1.551489333832546,0.28613612055778503,0.5512500603993734
0.2923856326496746,19.701015954214085,0.6539064153927713,0.766640969042803,1.2993863309551348,0.28212134043375653,0.5458912054697672
0.32215751168086243,19.597103025906176,0.6479325737687185,0.8038860671245819,1.3905379608788033,0.28837183117866516,0.5392948786417643
0.4094780903917594,18.712069713272772,0.6532347414320391,0.7970310318395125,1.6402792684749332,0.2927750845750173,0.5539349714914957
0.34603527916785876,19.490325003579915,0.6474058634946,0.8103582469742202,1.3604971494128613,0.2964051415522893,0.5456651846567789
0.42611423760079264,19.185764946573194,0.6619325514648019,0.7875870775131356,1.6161078219023206,0.28605673213799787,0.5762457052866617
0.369237205178754,20.04048520619767,0.6661631148249615,0.8001978773561275,1.3890139300209805,0.2909640769163767,0.5365723768870035
0.3485236659423956,20.608627924722168,0.6689846566919021,0.8276919057042509,1.3053343636011503,0.30287433167298633,0.5502429803212484
0.3830667567497423,20.645477168439243,0.6764364386959726,0.8066331256364316,1.4474985795683244,0.29316991567611694,0.5411632061004638
0.3773696647583242,20.30420209303431,0.6722951326960646,0.8259710140544669,1.453794448718092,0.3056499759356181,0.5359197457631429
0.31743510022910276,21.616562033702127,0.6827265752208228,0.7986149218728767,1.2662486755231894,0.2855113347371419,0.562585194905599
0.3247332464074933,21.483726027383415,0.6803416058071475,0.801601294721546,1.3241301093694673,0.29367652038733155,0.583444356918335
0.3531729611558134,21.183926051888072,0.6782735880664634,0.8160943362297131,1.4398354437549579,0.2973821461200714,0.5585706233978271
0.5265972856066011,20.010959585542256,0.6923769987695865,0.8158116985595112,1.9880703208659138,0.2822091281414032,0.5463833808898926
0.4672085900822966,20.46375043668154,0.6783298536599484,0.8126131746700763,1.7448680940083567,0.2794383217891057,0.5500044822692871
0.3800727478939437,22.072983187615048,0.7007733361915814,0.8079441740495025,1.5384062341095592,0.2634460578362146,0.5357089837392169
0.29914371615196145,23.805235579753695,0.7126853725069401,0.8187164420407824,1.2342530081491203,0.2598349849383036,0.5636838277180989
0.2884159563506618,23.960644784441318,0.7207125319671945,0.816930306986961,1.2389121190036252,0.2501413176457087,0.5658907890319824
0.2703621053885306,25.02953612311157,0.7241991200739527,0.8500511016713165,1.1228472062129689,0.2551444371541341,0.5744233926137289
0.25885421355919896,26.01628587840834,0.747752661449122,0.8047191190680776,1.0631848137779067,0.21603791415691367,0.5454286734263102
0.2584139593396542,25.49397779627253,0.7238435866857088,0.8008870059911836,0.9811453313280931,0.21833595633506767,0.5479852358500162
0.8242342034930523,28.554072145937283,0.522479230607814,0.9375009553891251,0.9050540995380644,0.1593606080859899,0.5803541342417399
0.3326631572958079,28.358071308897156,0.5455122678011931,0.858069210710727,0.852205741363376,0.15574011827508602,0.5507860978444418
0.19396398621625946,28.330001730975606,0.58150378320689,0.8199954686726333,0.7951129823585825,0.13787859057386712,0.5329707463582357
0.162596942865624,27.365682881156896,0.6352051738466132,0.8119354901850255,0.848896436270004,0.13796568661928174,0.5674842993418375
0.15430615583297883,27.61435869555079,0.6675655150036905,0.7883676839231463,0.8279537957311601,0.14311881611744556,0.5475675264994303
0.15979305806766766,26.908948617809084,0.6875797963221096,0.8096898518349848,0.9730989240445439,0.14970909804105756,0.5503515402475992
0.16138238404542618,27.463857133349453,0.7079591541699647,0.7880310768813099,0.9995915636640763,0.15050738304853434,0.530802329381307
0.163312540432378,28.089365565571825,0.7148151471090044,0.8137576819581817,0.9989428622495069,0.1686938256025314,0.5345036188761393
0.16364412184207486,28.08848889754424,0.7335402215113707,0.7987134281719847,1.055553347972634,0.17449625333150223,0.5454875628153483
0.15138724359664876,27.8731959620083,0.7469927309525372,0.8038862774999774,1.0078766609862757,0.199057454864184,0.5484375158945719
0.15435792338547416,27.37264451683551,0.7522746136840949,0.819718436619067,1.029992379135044,0.20930699010690054,0.5460051695505778
0.14234939598431637,26.562564272555836,0.7545267575475201,0.8372779016960855,0.9309932732669458,0.2384401261806488,0.5470239321390787
0.14366007805549563,25.595258873077203,0.7523970561064317,0.8486633467608127,0.876465285111621,0.25053343673547107,0.5596843560536703
0.1501292147859107,24.747996923146705,0.7591468159322373,0.8291344108799378,0.928408758383234,0.2450950741767883,0.5589550336201986
0.1606091392374319,23.524155303763106,0.7433067998381683,0.8064604132643463,0.948533136038126,0.2516668339570363,0.5323186715443929
0.17588015009644586,22.700341244723788,0.7396620662002215,0.8321217363457198,1.020092885067196,0.2710760086774826,0.5538825194040934
0.17976955105870462,23.454776502209086,0.7458834948136909,0.7959393170145151,1.004085540239816,0.2566714584827423,0.5461916923522949
0.2085391873035709,22.515058955664514,0.7555001363857695,0.8279574652889495,1.176606190798064,0.26314176122347505,0.542708953221639
0.1950672605029231,24.416735819542126,0.7497748269036143,0.8171314483472,1.0017150157765033,0.2645478049914041,0.5360531012217203
0.20807931301004853,24.51598322365994,0.7588845326815664,0.7985733467758531,1.0648394480334884,0.2554035186767578,0.5774486064910889
0.21637685094762218,24.76923600334315,0.7515149350678952,0.8451175270234574,1.02416923793701,0.2827544510364532,0.5707573890686035
0.2243373604713582,25.060797632520487,0.753477885803758,0.8293577090940726,1.0024546141418482,0.27951579789320624,0.5323148568471273
0.24122959820342504,24.408268667562524,0.7548315880946151,0.8384067553110445,1.0764770839985174,0.28842901686827344,0.5444124539693197
0.24389447108973242,24.911180605921313,0.7481207432224072,0.8679566843962574,1.0149522933007094,0.29301904638608295,0.5585610866546631
0.25300995352356587,24.316248677675674,0.7502577755710932,0.8231498107540268,1.0665856973073455,0.28732522328694654,0.5197869936625162
0.25834288098934716,23.98656948716933,0.7434800017528103,0.7976555911217128,1.076717802471765,0.2766967366139094,0.562748114267985
0.24691019098728198,24.440451075026086,0.7239993546764555,0.8147403307669651,0.9723470214405311,0.2973322918017705,0.5634934902191162
0.24018517650911822,24.276514346965502,0.6842409047928363,0.8639923977607848,0.8189476550251337,0.32676871617635084,0.5376272201538086
0.24280908567272183,23.165241938298877,0.668592231025012,0.8362551058728878,0.884820311882263,0.3189169863859812,0.5368862946828207
0.24399761327455097,23.161071178525745,0.6636706018532822,0.8187542576831297,0.831955370626206,0.28959545493125916,0.5393942197163899
0.24445891112967136,22.92587371025468,0.65092712509414,0.8380973292440211,0.8193552478878967,0.3020913203557332,0.537772019704183
0.2417665929535188,23.34562049950533,0.6475110766391482,0.8594298774425398,0.8215908222049251,0.3091794004042943,0.5472675164540609
0.2458361963604283,23.083969745384167,0.6709439334079804,0.828815107874397,0.8762184158977373,0.28451753656069434,0.5530845324198406
1.1927668766751964,15.455700926671517,0.3564425524716099,1.1918192229204243,2.279192904664688,0.4274531702200571,0.5629050731658936
2.472371511381113,19.534962297487144,0.4574218627375113,1.0916894648755848,2.30748125888596,0.35730476677417755,0.5639003912607828
0.5628584402814262,21.432313486237025,0.530137950498347,0.9051856393910009,1.190172906258633,0.3043446987867355,0.5466219584147135
0.9767287174893952,20.65402355248098,0.49161769884508444,0.9274027231130089,1.3751366631585025,0.33542485038439424,0.5261792341868082
0.697508863196478,20.96464488679776,0.5360815163550615,0.8730692893627744,1.7383181652524258,0.31615285823742545,0.5482025146484374
1.2612786493387633,19.925510514327698,0.5198769263910972,0.9284585484053293,2.1534260423425584,0.35075146208206814,0.5423595110575358
0.7959632129436222,20.60201207321362,0.5413646626921326,0.8489474884672585,1.8344548387804835,0.3185357724626859,0.5387209256490072
0.8763934660431908,20.85104104761084,0.5592582420099997,0.8624251429764597,2.0438578357004835,0.3215961928168932,0.5583144028981527
0.198579894993313,23.38096611775555,0.6057519447055165,0.799127475740017,1.1533452274790628,0.29146243383487064,0.5351935227711996
0.19431000249200328,22.330159242272554,0.5692325484855555,0.8221634916133528,1.0675532883288648,0.3205773333708445,0.541675885518392
0.1951864505359544,22.619278359676887,0.594119263253012,0.8171106173664097,1.0621987088922455,0.3144454235831896,0.5308372179667155
0.19474806256096944,23.125237120462742,0.6194053173290177,0.7897029712536338,1.1247165870389215,0.2954468031724294,0.5438516934712728
0.22718920346430418,24.119384159498747,0.6706501656043088,0.7819437480500762,1.517605524324445,0.2606918265422185,0.5430480639139811
0.24654562941674693,23.74322576190744,0.6440502099871126,0.8096452198818552,1.4642667312590276,0.27468220889568323,0.5748795668284098
0.24215722880559276,22.854870324914618,0.620988900925132,0.769191954219108,1.6200323376172623,0.28110986202955246,0.5653834342956542
0.2494088748722413,22.75084593656941,0.6038576632184215,0.7833335092155483,1.8047149416836659,0.27832455933094025,0.5342050393422445
0.25128121614099813,22.48652905104898,0.5648018707170436,0.7932912810136958,1.51277729239941,0.29065688451131183,0.5489542484283447
0.2688095616279698,21.120699045423617,0.5860253024412492,0.7935845944698259,2.1325652755186644,0.29291040201981855,0.5640553633371989
0.2657972664563961,20.969787334460325,0.5668394667990718,0.787216392747038,2.0504329465156563,0.31131590654452634,0.586694081624349
0.3044450603724096,20.648606822175974,0.5812154177283675,0.8147335281420154,2.4981127899370583,0.3054441461960475,0.5424795150756836
0.25650134916439254,20.762688047942124,0.5246200587745043,0.7711994672919982,1.6765092464052405,0.3174080351988474,0.5425602595011393
0.26867579831048194,21.247704321171124,0.5546375135982329,0.7858352186096887,2.007984163562345,0.2941892718275388,0.5719218254089355
0.505981754828361,20.800924119266394,0.6425565787025591,0.894644934578158,3.867462497687541,0.27984207868576044,0.5272502104441324
0.30499847085587845,20.700219046474842,0.5765947507759922,0.7958496687350234,2.3288847036736717,0.29398182282845176,0.5864712397257487
0.4694220812580085,20.023806472932076,0.6252301747476597,0.8748661231937181,3.5526414453733444,0.2851614753405253,0.5561026732126872
0.5047229777572191,20.422537275590468,0.6479572506413486,0.8825456054597157,3.7192666043895835,0.27945305903752643,0.5385649998982748
0.32170131679571917,21.613695994216844,0.6163842983853002,0.813599550139808,2.546817683254258,0.2901338090499242,0.5391784509023031
0.23120504527150368,22.937312942879473,0.598578514182689,0.765677215249489,1.6767083124720858,0.30109174797932303,0.5574419498443604
0.23812298930415907,22.556742485608268,0.5616298652640119,0.8111698876436794,1.6486529358500006,0.33172938227653503,0.5560472011566162
0.2842611972285478,20.20126116496764,0.5530469001251829,0.8228918999520941,2.2098526454115732,0.3381737967332204,0.6095942656199137
0.22645531135900407,20.716083116563897,0.5352174839875248,0.7803741073312161,1.6470434383729728,0.3217018023133278,0.5563697020212809
0.21575639667759772,20.716473814131906,0.4998425968269506,0.8129856538156304,1.3862723270848794,0.3336693197488785,0.5362692674001058
0.23107716721474844,20.415892352094236,0.5594984660704067,0.8164553368256593,1.8873041359653717,0.3143532450000445,0.5461564064025879
0.16004623848033306,16.01465358501957,0.3081515849560704,1.2671490735528481,1.2180654395987143,0.47383682429790497,0.5622727076212565
0.6331121396202811,13.98382602830955,0.3160318807760993,1.1374399676200404,1.474195696157021,0.44713518768548965,0.5633269151051838
0.8726465729584755,14.519616254342539,0.3359185271552703,1.1110120990853642,1.6529897813556547,0.4399328082799911,0.5559410254160563
0.6853968602951088,15.154317668378214,0.3645065258842273,1.0829283282088609,1.5931801783268476,0.43448520203431445,0.5511142412821451
0.7059344673483858,14.662028796115196,0.343936820672198,1.0704101562132868,1.6195120505570584,0.44666262716054916,0.548794666926066
7.0919132959681646,18.772083930595105,0.48160967291658335,1.2983329313566545,6.385632883681974,0.39442750066518784,0.5667788187662759
7.076622231017968,19.132743636413977,0.4743961034699496,1.1901286014612724,5.119776110936655,0.3968875147402286,0.5513637860616049
5.476339402255956,18.40897526513035,0.44205455316477654,1.170310542772397,3.5836572212567206,0.41360651701688766,0.5682528813680013
3.8796150891490746,18.07613663213907,0.43223478327201387,1.061363714951917,2.1797040737482214,0.42041394114494324,0.5712264378865559
1.263344236248196,19.618189824042933,0.4793680896542604,1.0014484462220155,1.2922750121240116,0.3811365788181622,0.5644321441650392
0.603560791838288,20.809705235384545,0.5277123151425608,0.8914183240050481,1.1716487997957994,0.348493089278539,0.5741426944732666
0.3263131483892381,21.806535194609925,0.5606559491780869,0.8432428734619629,1.095253243863714,0.3322132776180903,0.5545372168223063
0.2760935304358598,22.300568270888572,0.592863435311516,0.820843358536726,1.160036151425503,0.31508201857407886,0.561051607131958
0.31416549087173273,21.98374845335025,0.6038280126128275,0.8049764730321166,1.3876892721244642,0.3204201261202494,0.5518360137939453
0.26591388703567587,22.48991009647482,0.6255949091414208,0.7708168680279712,1.3345374973833433,0.29863419135411573,0.5581638018290201
0.24967698599200908,22.76642871102432,0.6221416638774082,0.7895355484425769,1.5103719781504232,0.2953438113133112,0.5421387354532877
0.2519265358585913,22.758001004058855,0.5960868851728702,0.7996082594541459,1.6695883681580899,0.30200531333684916,0.5436844031016032
0.2520061986753236,22.873522814126705,0.6146339365510287,0.7842984927045652,1.8171022708578672,0.2909542073806127,0.5416586399078369
0.2588651680152652,23.096699898193915,0.5860896299139002,0.7956615725268511,1.4879832267447937,0.29204486310482025,0.533462921778361
0.270841367245989,22.585861068157556,0.6149724804946574,0.7955482207561874,2.113192576627726,0.28278917074203486,0.5605591138203939
0.2670031117870247,21.381389671758825,0.5768452526767468,0.8119014789881381,2.0289014185591228,0.2998812521497409,0.5443477630615234
0.24947199748562474,22.67684696482715,0.5643116790710296,0.7965410195336385,1.6324319326228112,0.30565316975116724,0.5683480103810629
0.24280939969902215,21.992351041682124,0.5468116296940457,0.7679646251674782,1.422746927095038,0.3106648723284403,0.5301640033721924
0.2522217793850142,20.704606328040352,0.4871485477244197,0.7904317653296572,1.1535876573646242,0.35573403040568036,0.5431129137674967
0.24810407382208965,22.012551350809645,0.5234049659739229,0.7881624859218458,1.241303201476042,0.32285744945208233,0.5519059499104818
0.2984481848557996,20.711955896839026,0.5843009886713105,0.7847125746967528,2.000329621012611,0.29086373746395106,0.5326098601023356
0.24075434109255386,22.064606121279823,0.537991097683229,0.8074935317747082,1.3737411020539447,0.32635637124379474,0.5437428951263428
0.23837048795992047,22.228540050534196,0.5296918772759657,0.8140366775297023,1.1926052772410582,0.3230681320031484,0.5568539301554362
0.23798777578817645,21.812196328583827,0.5117606324419705,0.8346078965578622,1.2063030948856517,0.33035506804784137,0.5560456116994222
0.23857544265713482,21.44788628575598,0.5068066930518028,0.8232903878329934,1.082237382462135,0.3199727435906728,0.5565377871195475
0.24150513778193364,21.28102625762386,0.5000057532107626,0.8192010250002347,1.0707383489034592,0.31584621965885157,0.5409032503763834
0.24941805839907807,20.811853555997182,0.4795226699340828,0.8257920012435029,1.002487301269878,0.3243842621644338,0.5579874515533447
0.23311226299345253,22.080225152844225,0.5267287494929981,0.828138135256736,1.132342270796335,0.2947713434696197,0.5591824054718016
1.8771208162803887,15.02356390327027,0.3520423018852123,1.2282445163803664,2.153426570456069,0.45273198435703915,0.5632626215616862
4.055199803156965,18.8091230103473,0.4450530989186987,1.4454081514694266,1.934426920642431,0.4006623427073161,0.5507384141286215
2.943619427389176,18.447808481333656,0.4503272037185135,1.3502622038983547,1.7334098627711658,0.40666132668654126,0.5501634279886881
1.1583410782364092,18.974863986056786,0.4900122752523142,1.1031358086540515,1.5513690218441332,0.36966058611869806,0.5368445714314779
0.5466888159565907,19.39444506853508,0.5233676688138499,0.9534529870768136,1.5088450507512112,0.3452376847465833,0.5514628092447916
0.47371669467647654,19.27691012712205,0.5481859294021562,0.9258238112044143,1.6501512907431344,0.331106036901474,0.5354341665903727
0.36096144687688536,20.128516187769097,0.5472150905776209,0.9010713641818562,1.514943500805158,0.3323873455325762,0.5551924705505371
0.7295291403222399,21.535358835229584,0.5923792039975213,0.9562405628005709,1.9399684807070336,0.30237178007761634,0.5349787076314291
0.5690323343770626,24.07051666677287,0.5738480017284778,0.9038304582672567,1.199524463435953,0.2969942515095075,0.5452798207600912
0.26995162879521556,23.746464108863716,0.6151060929261777,0.8297111800377094,1.257836577778675,0.30049739032983774,0.5591484705607096
0.18826263006651203,21.660899946891515,0.6351015705200884,0.8230776563722095,1.6265832454736409,0.2976518869400024,0.5528620084126791
0.17115153945295222,21.770629727582286,0.6522367545898841,0.780445615992846,1.4899155741675492,0.2911384751399358,0.5227320194244385
0.1845790872895742,23.365717398806293,0.6504091739443149,0.7753408152999475,1.2303341628340028,0.28852226336797077,0.5384762287139893
0.27095635895438647,24.76556058751585,0.6988292322045623,0.7589920771765136,1.579004438807561,0.2669426103432973,0.526198943456014
0.2581665739704149,24.22745955269129,0.7018548472432221,0.7787651749128094,1.5343734886741025,0.27002872029940284,0.5501172542572021
0.23356946413710836,24.67802629565144,0.6866694511396453,0.8067828202005495,1.261152868245156,0.2931059698263804,0.5326248009999593
0.24969352092865602,23.51606173755313,0.6860705386592506,0.7691546524342737,1.4663443369298257,0.2748922308286031,0.5716625849405924
0.251652275889596,23.528157178016812,0.6617180361912445,0.7688995782436879,1.3866756703602976,0.2803543483217557,0.5576066970825195
0.27292906300909103,22.350526296175698,0.6548814271176381,0.7787894511652823,1.5561350965548593,0.2947869673371315,0.5396226247151693
0.25208839032809754,23.37009386670954,0.6396055346765446,0.7682040635868536,1.3649396306757486,0.29445960621039075,0.5402702490488688
0.24934203643082087,23.036858440730445,0.6377456680142851,0.7764300291794409,1.388951432971803,0.2983572607239087,0.5637373924255371
0.2862839363209733,21.759500629576277,0.6329434872619224,0.7434875271932512,1.745267251743096,0.2855386510491371,0.5627106030782064
0.2433149892413323,22.64541761371558,0.5830374046242245,0.7287793359765616,1.2078872428296066,0.3074098775784175,0.5673840840657552
0.23908893132143258,23.431508655727722,0.6041131686329363,0.7522560944874126,1.2555848321547596,0.3011502573887507,0.5348684787750244
0.415302459528412,20.66104138177563,0.6590505858357459,0.764339394502684,2.368145051225126,0.25663409878810245,0.5467553933461508
0.23209383683798843,23.250606266525953,0.6098854501904659,0.7494663113115517,1.2527571575058378,0.30787963668505347,0.5510874589284261
0.2275047919761378,22.782368095663514,0.5510664790914847,0.8022848274734913,0.9957912814332027,0.3599846363067627,0.5255979696909586
0.29125498058017363,22.026873700765304,0.6528859702640651,0.7912848105786008,1.809963112517359,0.29513310392697645,0.5462239583333334
0.22521889887502491,23.631874289542225,0.5575934782283306,0.8199728213106408,0.9079755898922882,0.3404303044080734,0.578637440999349
0.22060379609061095,24.26787197960275,0.5748745351797694,0.8311898931075871,0.9927764094842916,0.3295866747697194,0.5664269924163818
0.21613320020570678,25.01851006787109,0.5904380222754079,0.8035466790798971,0.9929223785681037,0.29949964086214703,0.557931105295817
0.20793475068869297,25.45564665499805,0.6096998247878459,0.8228443669415592,1.0950210786477637,0.2936353037754695,0.5581755638122559
0.20297509134931271,25.310563886431066,0.6010897045463651,0.8206859924573323,1.039521813993326,0.29070911308129627,0.5516839822133383
0.20637329844868346,25.016357886377705,0.6383617217178776,0.8106785747645929,1.2756910366995233,0.26609198749065394,0.5620909531911215
0.18584807978419213,25.908294449392866,0.6651869967490556,0.8072371054578595,1.1969831597372533,0.25841351846853894,0.527829090754191
0.22645449147336372,24.83944027798647,0.694815230140683,0.8201317098569069,1.4807761239126478,0.23094646632671353,0.5393112500508627
0.17743567330760734,26.60115729665195,0.6557214886721136,0.823557197636026,1.142104072200149,0.2507318407297134,0.5496545632680258
0.18831947727777254,26.20227494110711,0.7026021261409251,0.826782891504107,1.2899693540609887,0.2294911593198776,0.537134567896525
1.8986207144445515,23.64385264782526,0.5898052539347735,0.8764908751509709,2.1221828734876884,0.2234527344504992,0.5526139736175537
0.11899369075920053,28.671685013168133,0.6901085314826619,0.8238220096478942,1.2062554592173977,0.13134309649467468,0.5448555946350098
0.09148784291018004,29.17623282683952,0.704611693543439,0.8050306342978573,0.925651151719455,0.14688238253196076,0.5467407703399658
0.10778367695861395,28.15608430384812,0.718525599447783,0.7925160141122715,1.0114462219840359,0.1523093258341153,0.5749338467915853
0.1270851451677363,27.029531746852825,0.7503858649554814,0.7957253877726895,1.080335114984231,0.15178520977497095,0.5612742900848389
0.14197029588840018,25.38580337444159,0.7561198592834281,0.809151397255757,1.208302277907882,0.15699468801418934,0.539777914683024
0.15339023596530324,25.7571794666143,0.7014032392582532,0.8039305312713182,0.9644543445412331,0.16745673368374503,0.5586899916330973
0.18665690758708275,25.332453928542407,0.6854303570438889,0.827580866698108,0.8930027805747116,0.17884998271862662,0.5785834789276122
0.21286057378758527,24.831316139660828,0.656274206907772,0.7818643356810958,0.8312843496076973,0.17765267938375465,0.5560135841369629
0.21865602585759233,24.575713657192974,0.63013786183873,0.7886643165384754,0.7771057902986521,0.1905923237403233,0.5516953468322754
0.2008198576617534,25.352246538095958,0.6400314369274224,0.8078165919125828,0.8144638459120784,0.2079023942351341,0.5645211537679037
0.19025503881146802,24.960710432353338,0.626490309433171,0.8219563651949914,0.8885211563591632,0.23222813506921133,0.5381956100463866
0.18782387792757918,23.62539948692886,0.6456779481670653,0.8123708602511304,1.0261411937211669,0.24215620756149284,0.5709598859151203
0.18853638413718413,24.9713632545196,0.6355516609596178,0.8042752644798306,0.8885033384527703,0.2546104590098063,0.5680157343546549
0.19133245370196986,25.10089370406403,0.6355540009121744,0.814770657023228,0.8896763999433848,0.2603396574656169,0.541122833887736
0.2045316872933924,24.264676443941493,0.6150347145922098,0.8264570548704101,0.8621313810701211,0.2763091524442037,0.5368386109670004
0.2081401015432355,24.356670523306718,0.6376147639927291,0.7989571935009728,0.8272377332997363,0.2595561693112055,0.5651561419169108
0.21226078352760783,24.147366345836463,0.6303916103584225,0.8292214247468589,0.8423863919516466,0.28105320036411285,0.5678180058797201
0.21800853339361004,24.660490227245436,0.6674628170591248,0.8021226720759445,0.923466201645482,0.2598898063103358,0.5540138880411783
0.22434973658793267,25.49549784304311,0.6871673306613378,0.7929972368556898,0.8822212314155934,0.25289623936017347,0.5711669127146403
0.23494075011305013,25.50635262223182,0.7060537097986407,0.834942598987042,0.9630937874682323,0.24942281842231748,0.5678432782491049
0.24592494854981903,25.856074001766455,0.7290585333390549,0.8202222174198622,0.9965475411608709,0.2458427598079045,0.574410597483317
0.2898128059099591,25.36771957676294,0.7572946116959148,0.8488959639498876,1.2094902818721456,0.24822801848252607,0.5567251046498617
0.2784066928410109,25.903851188363465,0.7557438599205678,0.828562384971104,1.0946604816088692,0.24084615210692084,0.5545952320098877
0.2908225315087958,25.739283126633964,0.7495535334834256,0.8677378623891405,1.0922395762896913,0.25623568395773566,0.5486958821614584
0.31068504314326695,25.766830802823524,0.7707703995047018,0.8486965323800236,1.2030182646533547,0.25013068815072376,0.5205996831258138
0.34232690083040324,25.33317479228729,0.7765352799139912,0.8208502226334922,1.374271395314638,0.2426844239234924,0.5527485211690267
0.31395204531711873,24.05417534543305,0.746425215079558,0.8367117089889904,1.414534469884245,0.2513935963312785,0.5417789618174235
0.2502002788547253,24.275325625920217,0.7066662779968884,0.854146812749843,1.1023482111935934,0.28462721407413477,0.5559422175089518
0.23726081742781177,23.91549807431552,0.6747596800663427,0.841517317866925,0.9405587840033016,0.30990724265575403,0.5607100327809652
0.24415447506373292,23.440386259502976,0.6519330532701524,0.8283500307299034,0.8991369744849207,0.3143880913654963,0.562957763671875
0.24714175886027134,23.142417742081108,0.6251142009311191,0.8423671556935827,0.7838565480131496,0.3351846734682719,0.5477288564046224
0.24458594413558563,23.472851105631104,0.6493826007482311,0.8292531479586795,0.8444324132607295,0.31866543491681415,0.55367644627889
0.24723630778949093,23.493355162771195,0.6391580864874405,0.8466938144670676,0.8077178169284762,0.3263744413852691,0.5632848739624023
0.25272236651456825,23.081812896695222,0.640306818634042,0.8318089925477711,0.8802384183075084,0.3125974535942077,0.5640659332275391
0.28911707381667345,20.34544219608401,0.6494888116883264,0.8526364451656727,1.1826944362936416,0.3132461309432983,0.551613966623942
0.25228536677087726,21.91133309136214,0.6630772497614414,0.825272294106823,1.002001994065477,0.2959518879652023,0.5443352063496908
0.2758912747208402,22.12682671622139,0.6997023882747962,0.8493269614277179,1.2238417789680114,0.29942827423413587,0.5590407053629556
0.24614915851834632,23.854602388475197,0.7310676109075915,0.795697093264057,1.1118250446135067,0.26990393797556556,0.5530426502227782
0.24070070475357264,23.285997027320445,0.7163980273634184,0.8063438037793361,1.0831938454938193,0.2651702711979548,0.5525195598602294
0.2056401289494333,24.245063996505934,0.707891966469904,0.8469384873655352,0.9493407490253093,0.27732071280479426,0.5622076193491616
5.821006397531825,16.9478256432605,0.39595074492248067,1.3060594893650315,4.2416174245060105,0.42574599385261536,0.5814165274302163
1.9157837113585108,21.112904399710576,0.4666458696541626,0.991932752420554,1.1831597899917963,0.3220115924874941,0.5679146448771158
0.8151207879933718,21.770720459067054,0.4948721876331332,0.9681722606113509,1.0836362309070906,0.3105953286091486,0.5384999116261798
0.4571190818682429,21.86118490256159,0.5087436423651577,0.8719460926647072,0.9315337544725234,0.3141574015220006,0.5467115243275961
0.15653453852829757,23.377956899474594,0.6299480552416532,0.8060809142600736,0.9090830679659391,0.2490374346574147,0.5376624266306559
0.17807643829127717,22.49133884670427,0.6388200716972315,0.7910749318479714,0.8187247077989678,0.24286882082621253,0.5561940670013428
0.17487536331900255,23.056559095849536,0.6589769597341619,0.7763218235726272,0.8903160906556115,0.23325105011463163,0.5514176686604818
0.1767739700810617,23.420823750264415,0.663286390587384,0.7930962841218588,0.9312098136382514,0.2563551937540372,0.5690832932790121
0.2109471155924537,23.535705340713005,0.6237020262674813,0.7926114704293549,0.9572770002985784,0.2472418571511904,0.5684923330942789
0.22121548287330872,23.330160489430416,0.5694217473351425,0.7976142044063529,0.8714689185425469,0.2672679523626963,0.5208916664123535
0.22443658580229994,23.370999237584556,0.571605393219876,0.7832165070931237,0.8986426982302684,0.25959014892578125,0.5382503668467203
0.23176226904682337,22.88678998008719,0.5743651486770968,0.7886339433504066,0.8964471630635306,0.2765444715817769,0.5492444833119711
0.23636558890057957,22.291171667599087,0.5430729243687291,0.799986866237369,0.8597778856778454,0.3017746160427729,0.5354642868041992
0.23955133084412114,21.87698319101496,0.5461442327653164,0.79754412729721,0.8364998884896407,0.3136180986960729,0.5312655766805013
0.24060936330523697,21.162838161340037,0.5336764537927757,0.8317003643255809,0.8049359934761503,0.32643763224283856,0.5398039023081461
0.24138221164216844,21.403638816294585,0.5605780088447568,0.777446254069272,0.9813932043024508,0.31452676653861994,0.5360990365346273
0.2429534534847225,21.36203029493863,0.5612144649657195,0.7983167876197187,0.9834687917778245,0.3150173674027125,0.5433185895284017
0.244172844868814,21.344645034430215,0.561007739319033,0.8121151904829048,1.0055292069575323,0.32438457508881885,0.5477305253346761
0.24376168287841285,22.066950927064102,0.5651587601695521,0.8215578216177134,0.9157280118278179,0.32372915744781494,0.5347007115681967
0.2468950222692113,22.028279042537672,0.5852973114741867,0.7985758406767663,1.0034828628720909,0.30129204690456385,0.5385907491048177
0.2534657521266281,21.607374055119593,0.5828198479454615,0.817124791432395,1.02105173764729,0.31803018848101294,0.5444808006286621
0.2549443816632891,22.076707303397725,0.6009875693695105,0.7961904710346879,1.0563601370528586,0.30451702574888867,0.5615988572438558
0.25683712928808144,22.411044639181444,0.5927759210090069,0.810734740265236,0.9398623209149518,0.31143283347288764,0.5674510796864828
0.2565213074637397,22.757028385280822,0.5841334640455632,0.8223664130203473,0.871062397151353,0.3103502442439397,0.5678544044494629
0.2541636465667226,23.662158516214962,0.6070003963409922,0.8168476739250264,0.8627363861234459,0.29977502425511676,0.5469406445821127
0.2571295124066216,23.80773966453467,0.6082992354797137,0.847932403441633,0.8951167503612307,0.3094338575998942,0.5458432833353678
0.2547372176349178,24.198568880655674,0.622941597084513,0.8237793796981553,0.8449613409074944,0.2915675441424051,0.5410112539927164
0.26078784814661793,22.844477368837193,0.602459123071741,0.8099929546766229,0.9416876682555517,0.28229403495788574,0.5503966013590493
0.2565105372859621,23.406744840645604,0.5944754638730316,0.806865902517106,0.9004923751913642,0.28233528633912397,0.5493497848510742
0.2518379204898507,23.29812365330433,0.6205196778395053,0.8033268072057435,0.9761562574765867,0.26909781992435455,0.5643290678660074
8.398367924409802,18.838633047539115,0.44803787940431455,1.3484534053656303,5.704454253026976,0.3850137268503507,0.5309573809305826
14.091148936080502,20.947577343456892,0.4711679140604062,1.1296856123735244,2.9795859261151225,0.3462572147448857,0.5452665487925211
5.0593620020579575,23.448515766412,0.4848934679999078,0.978804093062399,1.5429551377123918,0.2918261575202147,0.548926591873169
2.0245401995845236,24.57705634157861,0.49946478096476415,0.8616946934167874,1.1477031954073083,0.2520703797539075,0.5669172604878744
0.6473160648001911,25.288655647378082,0.5575194543807203,0.8426619935438117,1.1194713251017505,0.22446771462758378,0.5560002326965332
0.22717481309897894,26.96881982361174,0.6253303143172279,0.793347536683978,0.9331692333706942,0.18557826926310858,0.5419300397237142
0.16755754355076166,25.7141283181617,0.6522978097781923,0.8102759499671629,0.9832996256452912,0.1992160851756731,0.5494372049967448
0.16023158796820103,25.550315663220303,0.677569447348227,0.7911426854169039,0.951798931560066,0.1917587021986643,0.531039317448934
0.18371742947772787,24.333150937033377,0.7114473035203019,0.7981005957035544,1.2025711889829866,0.18239037195841465,0.561686118443807
0.2095739674067768,23.08409593115215,0.7389243859220863,0.7798009312566362,1.329453564144662,0.17735324551661805,0.5411284764607747
0.27992329234181873,21.436094152794983,0.7292246199115628,0.8293415637274549,1.6567518508168753,0.19182696690162018,0.5435793399810791
0.3428598142308304,20.42074212013682,0.7530037006188186,0.8068555304705544,1.8865121151643491,0.18960534036159515,0.5396934350331625
0.3843878535809377,20.057728392555294,0.7521734200425972,0.8099031359008899,2.000710513590351,0.20626161744197205,0.533108631769816
0.3572394627220334,21.218902699068114,0.7622741077057268,0.7985208192285344,1.9029352346551105,0.20831334590911865,0.5580637454986571
0.3843953611649555,21.201887751914366,0.7608241768654563,0.7868374772486094,1.900288225417207,0.2178546686967214,0.5365713437398275
0.3054001122340538,22.456143143491403,0.7593987813460843,0.7889465682771436,1.6536856632538184,0.2250154837965965,0.547920306523641
0.2816146701381123,22.633010895842293,0.7643173713989464,0.7707580807712463,1.5855534218601928,0.22516904522975287,0.5437551339467367
0.3011904134947018,22.21765683159813,0.7443125890201246,0.7928801140403685,1.6453925451272253,0.23004220922787977,0.5350123246510824
0.23654598469858415,23.51459067647266,0.7483520613989058,0.7501102084919217,1.3271771390517262,0.23406125605106345,0.5484925905863445
0.20566466586610843,24.592107608898388,0.7019433270352052,0.8180020090330132,1.0377607544400311,0.2620792090892792,0.5601680278778076
0.19897539941169903,24.788448880697405,0.688199326397739,0.7547288968843809,0.9425030032333721,0.25334404408931727,0.5452148119608561
0.21305188148203605,24.055610673281336,0.6708630715375801,0.8232437418753572,0.9860195584538847,0.2840271890163421,0.5579791069030761
0.21684174567194403,24.10204979871907,0.6599944203630395,0.806688363271014,0.8912525951557578,0.2904522716999054,0.5437365372975668
0.22671819044391106,23.291871464661302,0.6265193558423044,0.8319947656523254,0.810005570090075,0.3089658667643865,0.5410644213358561
0.22887832057876292,23.642363971526795,0.6338977863039761,0.8044224731431768,0.7911645419489263,0.289222111304601,0.5398863951365153
0.2362636606881764,23.696583898702922,0.6479626166754211,0.8048296481090823,0.8368702501489093,0.2868853211402893,0.5681249300638834
0.26256202222630726,23.019590440544388,0.6246606376344456,0.83777949916615,0.792031580972813,0.30822850763797754,0.5504316488901774
0.2964919765862313,21.33959913664454,0.6412505935460007,0.806249542405849,1.0692917662260273,0.30921950439612067,0.5570042133331298
0.364381436374305,20.340845319372722,0.6500595935270136,0.8111521052936559,1.366197081828794,0.3217633167902629,0.5473414262135824
0.2833641156499656,22.581190194014596,0.6413701940351201,0.8256003306105203,0.9771033293952511,0.32865360379219055,0.5557284355163574
0.2694674157700862,23.865299701741264,0.6497436942709068,0.7939480323056559,0.8732643334062494,0.3035345872243245,0.5675067106882731
0.2848673897648663,23.156395497127885,0.6474946963355888,0.8654470781727497,0.928731526156942,0.32408104340235394,0.546302080154419
0.267545066777566,24.028667830853312,0.6809745262791974,0.8180898406700093,0.8674315011723636,0.29958688219388324,0.550106922785441
0.26390243683519665,24.372407791703896,0.6636208390895734,0.834084047429405,0.797486575779072,0.3092221766710281,0.552862803141276
0.2655422559417062,24.190110595063747,0.6681064326200795,0.8394588274458195,0.9111639204680785,0.31533666451772047,0.5411807696024576
0.2623340291880021,24.43547481769627,0.6691617326476388,0.8112499901056434,0.9198029430818031,0.2843769490718841,0.556898276011149
0.26570546224837266,24.114205275089418,0.6825301268220331,0.8056457587447868,1.031954889553514,0.27298883100350696,0.541007916132609
0.26476400202201883,24.538114177919084,0.6927188829228873,0.8230405048396933,1.0723765599531598,0.25768271585305524,0.5369211037953695
0.2550106479678735,25.10949982854177,0.7042920154217024,0.826193650237931,1.0881105471453132,0.247156615058581,0.5652430852254232
1.4903823720946454,15.821431966004978,0.3628120353658921,1.2012828171000143,2.6051507541555057,0.4265532046556473,0.5705357392628988
1.579171866202633,15.802724775484007,0.3860061387676656,1.1650833188269714,2.4036380370052877,0.427243376771609,0.5533107121785482
1.3170780361863503,14.71770206434671,0.34151995009697106,1.1276558924465332,2.0155319091883994,0.44920259714126587,0.5722922484079996
0.6541637841502946,14.91829375902534,0.3604214385677608,1.0624991630543894,1.7354090355792675,0.4501239309708278,0.5575706958770752
1.586977745732095,16.283284694085157,0.43729444531689854,1.2291460471718128,3.5132971766618932,0.4308353662490845,0.5596912701924642
1.6512392746560218,15.43664028164667,0.43289124814155544,1.2224706303446067,3.7788723377522495,0.4453456203142802,0.5510648886362711
1.2465299223617001,17.284580476197355,0.45005845239852177,1.058605827808554,2.6389617373190646,0.4264827271302541,0.5689237117767334
0.637515354261983,17.14138542675249,0.4236386188896862,0.9708295709765653,1.326969358679192,0.42773439486821485,0.5637013912200928
0.7959079107113255,18.578591015403514,0.46760630087683014,1.0085016812571732,1.8062666260519158,0.40637427816788346,0.5356879234313965
0.1895557430089396,18.6316189561405,0.4512817730048026,0.9087775939524292,1.216000916812327,0.4019686405857404,0.5465299288431803
0.16815056526011993,19.023467939479136,0.4454558180196069,0.8731380473757712,1.154727786624242,0.40248869359493256,0.5597012837727865
0.1573241337411689,19.590060370921787,0.484143068985811,0.8708844951690328,1.490617571906623,0.376650666197141,0.5603613058725992
0.17380508458484692,21.143516788288267,0.5546221890970967,0.852104953269358,1.7907257494554025,0.33312523116668064,0.5766952037811279
0.19505043345823925,21.33441202406433,0.5604869586586217,0.8466966400008896,1.8038697602291967,0.331427459915479,0.5474348862965902
0.2155430410697495,19.21515067842129,0.48472122453277394,0.8112839162189092,1.4127842352049715,0.35434645414352417,0.562220811843872
0.22388345533994655,19.909142432113242,0.5076543907512993,0.7877825794636023,1.4254144690632655,0.3280243575572967,0.535545825958252
0.23331144320762257,21.19454997307961,0.5489412133687602,0.804853394208946,1.840733761170111,0.3167274643977483,0.5518328348795573
0.23886274191599852,20.945911558455233,0.5443056427296824,0.8062661215627337,1.962971107861782,0.31851910054683685,0.5562903086344402
0.26173461600842457,20.665520389064287,0.5265381140213848,0.7772382455827801,1.419099838697908,0.32032974312702817,0.5499978065490723
0.2457393578866355,20.992271318882757,0.5461225822212186,0.7917789714454538,1.9655703546320835,0.32291099925835925,0.5709478855133057
0.2674522101394722,20.751218301444826,0.5557777567047802,0.7901803734637024,2.1222580139752076,0.316082052886486,0.5557177066802979
0.2762829824177682,19.373001142472425,0.5289116102186756,0.8289009503731481,2.1194202387465437,0.33664282659689587,0.5602579116821289
0.2500921855624391,21.184472977726426,0.52882285759531,0.813329472375956,1.455173779744497,0.33099987109502155,0.5373454888661703
0.2973694179488295,23.84581932892,0.6212948832355497,0.8069409716560626,1.563662359842028,0.2796824226776759,0.555866559346517
0.31863336841095774,23.848420092214113,0.6236826120500187,0.7972853504428595,1.5595087905234024,0.2766707688570022,0.5559410254160563
0.29286011989613064,23.794950359495164,0.6259270505462982,0.8377579271863254,1.4546575340774346,0.28431015213330585,0.5594456195831299
0.3015864839959988,24.846217585977488,0.6555641082047017,0.8184042966464921,1.6071719672954314,0.2555736203988393,0.5338746706644694
0.2928247031237727,24.378988095017586,0.6524486328581257,0.8102931065109645,1.5335735290239512,0.2618970399101575,0.539740800857544
0.2863271528370581,23.303692302408038,0.6201072328952731,0.8421417473409797,1.4356667854096077,0.28122279544671375,0.5501388708750407
0.2559217707436407,22.368378687266443,0.5740585056664088,0.8229461760414472,1.4109455499524348,0.2986817359924316,0.5580143133799235
0.2270039928411708,21.231974938614638,0.5529737029703498,0.8157131146530793,1.5814628780484592,0.31342832744121546,0.5541551113128661
0.22013405288455545,22.941503489008294,0.599706267638841,0.8347340194281679,1.5347720666809177,0.28455386559168494,0.5497213999430338
0.18498867285944462,29.95988438016903,0.5937126367322119,0.8831004247303548,0.941663732652481,0.12617990498741463,0.5374840100606283
0.24455938128834565,28.16047336824275,0.5573349982695434,0.8679672918682311,0.9010150103692643,0.17435653259356812,0.5455085436503092
0.22170249624914448,26.867989776418664,0.5482888506208132,0.8372015316927618,0.8898805948788643,0.1964635637899239,0.5653876463572184
0.16999534137048503,27.003565293333622,0.5913937947420237,0.8033130395001904,0.8312038491994073,0.1839626580476761,0.5447669823964436
0.1609850037975558,26.225532258490755,0.6198134329777553,0.7884732221230846,0.8444150249620709,0.18103625873724613,0.5642915566762289
0.16647729275006998,25.878309086704675,0.6321481279152484,0.8251367470770467,0.8735650756186346,0.1919192274411519,0.5399432977040609
0.18365590095023845,25.453918004932476,0.6754260781491924,0.7947242969010672,0.9044187147692684,0.18371737003326413,0.544230063756307
0.1846224163549304,25.149747444480962,0.6914966743074912,0.8026894075818016,0.9262870949187422,0.19494286427895222,0.540838877360026
0.19127762819270297,25.031478256467796,0.736490705339444,0.7766488360215552,0.9752916122943186,0.1926258305708567,0.5200591882069906
0.19841243980252243,26.128773728925193,0.7343805587762019,0.8104589797584079,0.8678860219554315,0.22436786691347757,0.5523703098297119
0.2007601928384385,25.875163568556655,0.7369894719827207,0.8070000940844225,0.9217567431503633,0.2327529340982437,0.5464247862497965
0.21320947317473782,25.473013956877136,0.7563595259907546,0.8052912149551567,1.0321123638604581,0.23895868659019467,0.5396573543548585
0.2212623209969811,25.48508937929779,0.7477303222504957,0.8222594207185169,1.0217994061655418,0.2634061276912689,0.538495937983195
0.2364112066203479,25.73627729505517,0.7752294723980371,0.7753313952142027,1.1097546456799148,0.24433673421541846,0.566082239151001
0.2832008954533992,23.976629365644968,0.7752631266501854,0.7831053599389605,1.3364608577576798,0.23751289149125412,0.5472004413604736
0.24449509353801094,24.95396408999385,0.7547889719451781,0.8094809597096795,1.1300359388678758,0.249253178636233,0.5569492975870768
0.22905955463554517,25.90833436452557,0.7387403952422623,0.7873220094091976,1.0172203854415007,0.2615247021118799,0.5213003953297931
0.23925718822762423,23.81284414535963,0.7332838099331552,0.793101181905692,1.1250060425861885,0.2663540591796239,0.5370898246765137
0.2512126351020567,22.81066907260437,0.7237248102564617,0.8065858228555545,1.2037050386094597,0.2723144342501958,0.5392638842264811
0.2464254504781035,23.288892236221443,0.713192799020388,0.816689660634248,1.1437214354158527,0.2817600866158803,0.5407334963480631
0.26647413287507526,21.77807482661728,0.7053880676026116,0.816519502843997,1.2359805407506852,0.2823302497466405,0.5375355879465739
0.3019978421041545,21.346560166882526,0.7211333938923938,0.7879126732635963,1.4123981347403427,0.2575301826000213,0.5392107168833414
0.31736532375077003,21.251742607859196,0.7183779341075279,0.8039144695117805,1.4731706920689902,0.27223462363084155,0.5429464975992838
0.27693191153981783,22.702374207608955,0.7176530218709877,0.8323027750526971,1.2588874001073906,0.2939017117023468,0.5576899846394857
0.2729009741048149,23.39271195859868,0.7304770185430395,0.8150144036350279,1.216964629470253,0.28715188801288605,0.5421139399210612
0.30954453976896157,22.899660600411636,0.7354683320901226,0.8181274368225785,1.3784002752762718,0.2812288850545883,0.5382536252339681
0.2755741964435127,23.80065478854169,0.7121644032546294,0.8434593970729782,1.155980703853665,0.3247354328632354,0.5326495965321859
0.267707908591301,23.540892015149222,0.7073107926900623,0.823109410978033,1.1309253233898415,0.3197826445102691,0.5358974933624268
0.2577764619259223,23.884163762645287,0.6924137544552401,0.8290847443760755,1.041619485591489,0.3173507899045944,0.5419586499532064
0.2861356889659935,21.861635107138202,0.6915523683359482,0.814547127269638,1.2259341791426341,0.30821098883946735,0.5763610204060873
0.25870136951217393,23.409096160515876,0.6838496877195683,0.8237590599037108,1.0295367765916985,0.31439413130283356,0.5336456298828125
0.2545522940493681,23.695644157507076,0.6833871244672781,0.833781296208768,1.0168351025960352,0.3254021207491557,0.5584699312845866
0.2574326631152057,22.393470748662256,0.6685293246699252,0.8451639783164225,1.0443149147789164,0.3354705621798833,0.5467429955800375
0.24204725010609765,23.920550045800237,0.6633158693959095,0.8271775391826609,0.8896611558527048,0.31697378555933636,0.5527144273122152
0.23159939377128277,25.72899816695018,0.6853714784740378,0.8033235859338705,0.8401970405803659,0.28819587826728815,0.5456562836964926
0.2308890067896794,25.175240467419382,0.7053602452428476,0.8492072652089161,0.950865392643527,0.2900003790855407,0.5405704180399576
0.22789083948801758,25.749094215097937,0.7275087963926458,0.7979291214277939,0.9684684880088635,0.2690865596135457,0.5320913791656494
0.2663606994726887,22.892412093592892,0.7484944130061627,0.7923300435539344,1.203460318252014,0.2612419625123341,0.568098783493042
8.489077116584365,20.41355149141803,0.4939911851374666,1.1998747100133467,6.026502073132036,0.3590283220012982,0.5699725151062012
0.501445490397221,30.25792058835047,0.6042878295274579,0.8848195153871264,1.2182818935427735,0.0929977049430211,0.5673167705535889
0.16890087241102705,31.25742697277831,0.6376638441621517,0.8340963489560526,1.0696534298743217,0.09654621655742324,0.5395055611928304
0.1706232001458302,30.546490732634,0.6610747483193599,0.830818773154137,1.0735730751466181,0.11103154718875881,0.5343135992685953
0.15228941523369685,28.93498289242179,0.683039818446565,0.8004739536999111,1.0016427586811225,0.12115983664989467,0.5365687211354573
0.15134504869935786,27.76107472478318,0.6713603931707817,0.8086316580628355,0.8514386096883833,0.1459935257832209,0.5371375878651937
0.15280622511246592,26.422198285846225,0.6749528282250826,0.8079869996907686,0.8038224027473534,0.17108682543039314,0.5426527659098307
0.14924313033580827,25.71550516526085,0.678548744275865,0.8218130181686312,0.8912300378841791,0.19234135001897804,0.5380407969156901
0.14900945863630463,25.504468924755724,0.7224526822424736,0.7908948191148578,0.9733052253662554,0.1873291507363319,0.5243874390920004
0.1468810655726277,26.064419772348714,0.7261545516663137,0.7961826780195076,0.9020147464079851,0.1990178475777308,0.561147928237915
0.1580673278404703,25.791559098294684,0.7568632960438831,0.8011288920650182,0.9724522430776757,0.2119150459766388,0.5340283711751301
0.17861062956410437,25.008083716548597,0.7398757064828928,0.8041760273748902,0.9311874943464807,0.23491151134173072,0.5473148028055826
0.19766659922791238,24.47094089133675,0.7469499019445989,0.8048704987449539,0.9727531608077794,0.24588727951049796,0.5512131849924724
0.20917468158705133,25.024794866239642,0.714939777411075,0.7915144101300094,0.8718402352579101,0.25809932748476655,0.5382270018259684
0.2172774613634201,24.972448931680404,0.7153874307203457,0.7818112687505644,0.8862374277480353,0.26004353165626526,0.5378785133361816
0.2291716844022295,24.772584446439396,0.6937344137491431,0.8351503819656424,0.8802504709326859,0.2762549469868342,0.5379692713419596
0.23510864323361125,25.619608330054405,0.7215007201817588,0.7853533536710482,0.8668255423034937,0.2540113131205241,0.555933396021525
0.24537632066430573,25.197518549383062,0.7077097896485568,0.837009316059378,0.8771848433084773,0.2812001357475917,0.5688196023305258
0.2510614740373999,26.255525284212506,0.7315977542257036,0.791152623278823,0.8900325200729902,0.2511989374955495,0.5309675534566244
0.2607763593711801,26.228385098434387,0.7313108289061866,0.8198201497925792,0.8905543471299883,0.26219097773234046,0.5594299634297689
0.27709964077730015,26.95085510249648,0.7609189765757357,0.8046362313094164,0.9462688176754201,0.25139245390892023,0.5333210627237955
0.2815591279001258,27.352915347101128,0.7639250362520759,0.8118271634540846,0.9529622626460897,0.259808545311292,0.5371836821238198
0.2820372036465382,27.139622248665756,0.760530341917751,0.8153701004509051,0.9127919241512679,0.2632558544476827,0.5586414337158203
0.28302505923496146,26.31662916427116,0.737029651331978,0.8673601785704784,0.7929787371779722,0.29306148489316297,0.5584754149119059
0.28831838371164686,26.852174960196177,0.75873288877659,0.8246986131168302,0.8821785689508691,0.2728042751550674,0.5573380788167318
0.29474487084493045,26.528438054919352,0.7612049071329287,0.8258739481975454,0.9226485573237618,0.26809448003768915,0.5660315354665121
0.29730395556089984,25.744711952727013,0.7532285442110336,0.8295497071694564,0.9561289062760537,0.28394672274589533,0.554055372873942
0.3085654504410154,24.025010466778113,0.7429823309109929,0.8272059120315056,1.0651235898050213,0.29140971104304,0.5540216763814291
0.29999261242777125,23.558919745548447,0.737387186928745,0.8480820082856807,1.0574631081563826,0.2984798302253087,0.5529391765594482
0.28450750814346837,24.15413328347934,0.7043023786857644,0.8668893538691549,0.9127569941182566,0.33625271916389465,0.5388244787851969
0.27971182408062634,24.680889445763214,0.7135502790559861,0.8448382041598852,0.8777781321574185,0.3169979006052017,0.5603423913319906
0.29680327469039053,23.864284707623806,0.7207274042069839,0.8495027737250114,0.9797994170612573,0.3097171833117803,0.5314483642578125
0.31307688646674264,23.408128809850695,0.7458158050464432,0.8048495381147233,1.1302156699047756,0.294422780474027,0.5371046066284181
0.30198083091029954,23.998613290503997,0.7434729001504623,0.8270096508476968,1.0342852701298944,0.29272288084030146,0.54421599706014
0.29760152474583423,24.36050379062831,0.7536248187213195,0.8194575851067056,1.0120840637078103,0.28342208762963605,0.5486497084299723
0.29660101154260504,23.963179896641567,0.7529993589468188,0.8134231633994328,1.024800371871421,0.26818147798379255,0.561412493387858
0.22686721149862368,27.325342128634713,0.6115716185995933,0.7804086863559793,0.8250921726893061,0.13273648669322327,0.552356719970703
0.20716275660397276,26.4688153667898,0.6576138484890288,0.784034924450502,0.882111478355217,0.14246034125487003,0.5432910919189453
0.19511573647708794,26.824078325214785,0.6898479757757633,0.7768359845087516,0.9179575604872751,0.1367472037672996,0.5443755785624186
0.18838784153493218,27.44896923223628,0.7115047320364045,0.7463013983892713,0.8550556053724955,0.13923776398102436,0.5466920534769694
0.19796512722421508,27.443854909864214,0.7365714671700415,0.7542991965282514,0.9440936858572669,0.15678897996743515,0.5646844704945883
0.21197325387155755,27.637708653342305,0.7694580145441984,0.7484200178109681,1.0500476019985023,0.17373681316773093,0.5651791095733643
0.22689357569644164,25.865108644047552,0.7920035842571574,0.7633418971507805,1.2620448679695728,0.19234881301720938,0.5353452364603678
0.23074094710678358,24.806617011848953,0.7865094484549952,0.8015643583543685,1.3061716638592402,0.21228515108426407,0.555038054784139
0.22535895422924698,24.266695904684838,0.7851772562185819,0.8132130653557205,1.257228558445938,0.21714806059996283,0.5404418309529623
0.22140342309552066,24.413152412453815,0.7713994903882392,0.7806505250628248,1.1844859384264286,0.2340228160222371,0.5654435157775879
0.23186056650613607,22.973480634699033,0.745237652659731,0.8232227998326053,1.2306070759776107,0.2526873052120209,0.5407329400380453
0.22534661318588553,22.795365337936687,0.7377876894531289,0.8040980243876404,1.1701739792609882,0.2555150240659713,0.5606021086374918
0.2207606175873598,23.16711764214489,0.7123705177180583,0.8179481723106382,1.0946538482082087,0.27121867736180616,0.5584317843119303
0.21129320985594188,24.62344065493483,0.6942826233054179,0.8217481665295715,0.8851114482145528,0.2825741370519002,0.5351166725158691
0.22081722380440869,24.263050292516937,0.7141858456331404,0.8466266227241198,1.0304391574065686,0.28346892694632214,0.5363806088765463
0.22239986938570108,25.039969151282747,0.7295725159012584,0.8013052273374702,1.0138264292121155,0.27018026014169055,0.5456453164418539
0.24658619586047345,23.420478602020097,0.7276949830735914,0.827063086456791,1.16819092092667,0.27984011173248285,0.556717316309611
0.24753891232946734,24.457985177088833,0.7326472018063807,0.8361495661320829,1.1275144682155527,0.27779102325439453,0.5315136909484863
0.2511204215198099,24.823148444694294,0.7410164824206379,0.8143795468398057,1.1108211143053122,0.2677491456270218,0.5454412301381428
0.2613546054628106,24.215992537727388,0.7388750828973905,0.8218219035241319,1.1405333688413481,0.2769440164168675,0.571265697479248
0.2520292905815958,24.34704447276597,0.7158774666094501,0.8327728010117589,1.021292841295349,0.2976020971934001,0.568382740020752
0.25543822812882494,23.341582944055048,0.7010647743491646,0.8144999765061685,1.022677793938666,0.29731125632921857,0.5401332378387451
0.25678675531050105,22.964415794598725,0.6897235215092686,0.8330882579460078,1.0040773361000959,0.2975679586331049,0.5387144883473715
0.255875363042204,23.250819380536345,0.6838737270046683,0.8338983047031573,0.9560804582458218,0.299861803650856,0.5346032778422037
0.25143657053178,24.15791938539692,0.6742176759907715,0.8404000520286932,0.8363243615927173,0.3026684174935023,0.5217748483022054
0.25095934257921315,24.70657405755936,0.6884339607529814,0.8269224363738322,0.8744155111504784,0.2957346538702647,0.5524715582529703
0.2509884485477771,24.891698750081805,0.7046970092993855,0.8160978689941863,0.9097747240939708,0.2847306281328201,0.5434888203938802
0.2529787446973562,25.109534851088984,0.7159283899362311,0.8104559227079481,0.9599709832324069,0.27571096519629157,0.5485045115152994
0.26826756715333994,23.717026011632715,0.7207248455667757,0.8202514244847959,1.0988284746223351,0.2632070034742355,0.5672941207885742
0.2908160243456583,22.93495379877275,0.7330104970044425,0.8389800718096373,1.2205695685376465,0.24864991505940748,0.5600357055664061
0.25186456680861014,25.09484356424379,0.7185310577352461,0.8375597800559657,0.9616397361062566,0.2580761065085729,0.5619750817616781
0.2449200720839212,25.417759763471455,0.6894988865025512,0.8523474016287959,0.8398497435960289,0.27920262515544886,0.556575616200765
0.2409491636749598,24.48683240542259,0.6797722382130943,0.8397426375100491,0.8846457836405642,0.26121486723423,0.5455447832743326
0.2277152003553102,26.248331030478695,0.692778249863558,0.792801787256876,0.8421713491670512,0.23833869894345602,0.5594075520833334
0.21823065332921102,26.045878639432626,0.7145137357263797,0.8002033978670561,0.9173405829668836,0.23263366520404816,0.5384219487508138
0.20989094119180907,27.607878485123052,0.7260619628744029,0.7782797695773093,0.8856306507673309,0.20524533589680982,0.5415041446685791
0.21558293041711427,27.2910447041582,0.7412332704347026,0.783335505923015,0.9017006911588639,0.18689321974913276,0.5446544488271078
2.5368019777969986,28.493058684109798,0.6419996851545778,0.9233024633325927,2.3085696834191545,0.12962327152490613,0.555448055267334
0.6258481447658341,33.367576549769446,0.7210537030315312,0.8251752175989747,1.6767788728311832,0.0324933066343267,0.5501686731974283
0.271621002887716,36.11830490596777,0.778170975218902,0.7647402413739853,1.1559357291715144,0.0344899129122495,0.5553201834360758
0.23858535484274979,33.41006559313869,0.7851708540681009,0.7785713243005355,1.1326730205409985,0.044453061496218,0.5320902665456136
0.20521796253828836,32.6314042917495,0.8030705196010488,0.8012119073510791,0.9918872997157543,0.05046526839335754,0.5384300549825033
0.19721407901734747,30.380593767246825,0.8086135459270514,0.8098485055838713,0.9249310708936799,0.0609669163823127,0.5656440258026122
0.22552463661803737,28.3432265880205,0.8235412772347956,0.7809241331323662,1.1454835344199459,0.06742232789595916,0.5391845703125
0.270086843892305,27.06113983336208,0.819461647121371,0.822786966630867,1.2877096369913914,0.07708257685105004,0.5202937920888265
0.29042861912410745,26.424502838895915,0.8413095782002281,0.7863206272514844,1.3595711140661917,0.07936910664041834,0.5533810456593832
0.2909612212295096,26.60458784860008,0.8627260511834373,0.8035310008217662,1.3886291983564678,0.0822976852456728,0.5515248775482178
0.35148157306195493,25.41304035087266,0.8616025835284594,0.8250815448592745,1.603444126541502,0.09205331280827517,0.5560983022054036
0.32020245919394474,25.338799209298415,0.8656155140662184,0.8048140740366602,1.446018029053217,0.10028965522845579,0.5410077571868896
0.3043328427969218,25.03955975729009,0.8552101782623849,0.8009625247873674,1.334756064650562,0.10812425613403313,0.5441222190856934
0.34794530476760327,24.509135626559843,0.8624511660050227,0.8225808935790768,1.4735296572370145,0.10771342366933817,0.548600991566976
0.3327459615935584,24.6938373372066,0.854003711843799,0.8203328738932294,1.3858445507804629,0.11562078446149822,0.5444935957590739
0.3308786508709925,25.139937522414794,0.8427195940525852,0.8703961724190875,1.29975983266324,0.11774239689111705,0.5602196057637533
0.3258016221777,25.825670397396966,0.840849822421324,0.8145856295742161,1.2698895555161378,0.11872726927200945,0.5301486651102701
0.3867682787260926,25.746479657556677,0.8455600495855582,0.83209737971483,1.4568141475856518,0.11909083276987074,0.5292529265085856
0.34602878053736735,27.05678623328241,0.8413527601155207,0.8434552288368873,1.259427274277736,0.11963122586409251,0.5411698818206787
0.3472206859080309,27.4419953909741,0.8474948648251607,0.8059236611796928,1.248692654009359,0.11326544731855388,0.5426141421000162
0.41169104733320117,27.869324016810754,0.8587405508929784,0.8143150936479883,1.4186047041151728,0.11319278428951894,0.5601275761922201
0.4053880821376287,28.119115215210925,0.8508484928271569,0.8435263794282584,1.3611495464169001,0.12047118941942843,0.5715833504994711
0.38846707620477455,28.589442092154954,0.8563239634388249,0.8388844003547721,1.307301333513036,0.11789871131380396,0.5312543710072836
0.45210773918224084,28.2546899330421,0.8557920155506445,0.8348558700439135,1.4152659274004546,0.11860191573699314,0.5350380738576253
0.37765812494586504,27.99040750182957,0.8473071466333741,0.816657178993155,1.249507418182546,0.12410437067349749,0.5795629024505615
0.3245316062810657,27.383355702395264,0.8324907353494049,0.8490621648775417,1.0419661412485097,0.13639546930789945,0.5810733636220297
0.34290878231326655,26.25580797760824,0.8305695231760927,0.8356068586685884,1.1816676453234671,0.1383965412775675,0.5219557285308837
0.31248980493045386,26.27966867286085,0.8156488404547374,0.8365293746934849,1.0679163754835002,0.14236039171616233,0.5578308900197346
0.32839069174776386,24.96699618987991,0.8058288083297702,0.8218709174762608,1.138171610278219,0.148824135462443,0.54022216796875
0.33233607645949353,25.255532077533974,0.802244396418303,0.8064305573627711,1.1731517802131648,0.1516936769088109,0.5624706745147705
0.3282766033995559,26.368249466500583,0.8090646826541087,0.8484971643483098,1.1093398538008183,0.1557297805945078,0.5306237538655599
0.34047273597171324,26.35938475740234,0.8150949347236796,0.8429806855324026,1.164902087839707,0.15064300596714017,0.5506000518798828
0.31825326324734143,26.55266670570481,0.8133585736840537,0.8083394483730458,1.1098019392755734,0.15158709386984506,0.551374594370524
0.31792834540246195,26.891021045801562,0.8192718069330929,0.8435400091700113,1.100319416713473,0.14682140449682868,0.5662094751993815
0.34170957530992024,26.042869739725916,0.8206004590827364,0.8154194930292779,1.2015074839845126,0.13749071707328156,0.5613990624745687
0.32982627626083727,26.5595749973432,0.8205659461371081,0.8516828262287589,1.1315659521518546,0.13769411295652387,0.5502417087554932
0.2969044614468237,26.99325102038695,0.8107558245925004,0.8295072712872011,1.0011575515490754,0.1345088606079419,0.5327930450439453
0.2804433079401723,27.328568639995506,0.7991844146143797,0.865291156165077,0.9170662698808784,0.13554761807123814,0.5379186471303304
0.2580242367431996,28.658948314072962,0.8047616916362141,0.8436100122943836,0.7756887661472965,0.12327895313501354,0.5571360588073732
0.253367365809722,28.121028785781334,0.7903418865978615,0.8096604658004275,0.8234457626802137,0.11715737730264657,0.5372488498687744
0.2476546070100649,27.897351680252367,0.7881983154414542,0.8352687353653184,0.8008611174154083,0.12266502032677329,0.5286525885264078
0.24259595415437504,28.41103171842498,0.8167787087336423,0.8159585312747047,0.8591262587712292,0.11198637386163068,0.5521233081817627
0.4864758278466257,31.572420669095944,0.5884827804961837,0.8849690189419817,0.9659785020595318,0.09300709143280976,0.5447653134663899
0.22261953771907547,31.213054041268936,0.6286311830630169,0.8064407795835917,0.8469921041965641,0.09018615260720249,0.5573906898498535
0.21359623025939103,29.50432764817317,0.666674156014465,0.7939888613745069,0.8621576967886289,0.10832806924978888,0.5502637227376302
0.21879718898836323,28.28127886988221,0.6832887889649335,0.8115003352355071,0.8424972814300419,0.1255671083927154,0.5742478370666504
0.21191298046247453,27.60622627873822,0.7116507583379806,0.8041000625534688,0.8291769577312111,0.1354862973093986,0.5522599220275879
0.19687498161262965,26.5079477236411,0.7139417947051321,0.7994909728717948,0.7700754077364461,0.16247649242480597,0.5589942932128906
0.18768764029900975,25.70343360029342,0.7216389036285901,0.7992597695729606,0.7561937107439501,0.17571717749039328,0.5487507979075114
0.1783845805321719,26.00980704896068,0.743451736522427,0.7747311889002715,0.801222162703583,0.17765177041292188,0.550479014714559
0.17551699280761016,25.140867669318727,0.73961020950087,0.8164240908657544,0.8650152050687558,0.1881097505489985,0.5409302711486816
0.16830607030562864,25.113661618116158,0.7418063150888411,0.7987753243239762,0.8830106733256087,0.2016864617665608,0.5541357199350992
0.1674814998509395,25.406201098873677,0.7488939844165912,0.8142232212312606,0.9003792143838165,0.2121345524986585,0.5682158470153809
0.1699744324041422,25.590789251593534,0.7593527001809449,0.8051802825882106,0.9509292927596068,0.2135363618532816,0.5629849433898926
0.18943011951667485,24.865550072109425,0.7712542047239322,0.8340945340842748,1.127722924419305,0.22138438622156775,0.5581738154093424
0.1962349418520631,24.925697106323543,0.7793976849292715,0.8180954906214183,1.1324236468820532,0.2314030329386393,0.5449941158294678
0.19586518344110293,25.283097332059565,0.7738549546316872,0.8389161408314921,1.0778090231724562,0.23566640416781104,0.5614041487375895
0.2011931153445361,25.142053174707886,0.7669340684688727,0.7913901981788002,1.108080190335936,0.23509924610455826,0.571767250696818
0.20252555236540312,25.118334311817566,0.7604626226555822,0.8114378653854635,1.0635771747935217,0.2455018411080042,0.5401311715443929
0.2215665877649052,23.330372432826625,0.7513076330357507,0.7955154066226554,1.2025413222999226,0.25349569320678705,0.5623706976572672
0.2123950640968941,23.540435842881266,0.7171143872104198,0.8222884772994831,1.0611971091405688,0.270387570063273,0.5626827081044515
0.20690708449758574,23.80334171469403,0.6976623503970365,0.7963303821628275,0.9584247741373376,0.27642774085203803,0.552302360534668
0.20922822259664955,23.73022995498047,0.6715656773430903,0.8122941424192271,0.865092569583772,0.2827120323975881,0.5434263547261556
0.22344313701631316,21.803598729957752,0.6779749266821113,0.7991115650170925,1.0832681551768444,0.2853240321079889,0.5628295739491781
0.21938545194090212,22.62607564234908,0.6616976041473764,0.8158877493650998,0.9636178041275748,0.2859702905019124,0.5672274430592855
0.2165855894833685,22.953121740170385,0.6499280689148063,0.81824752947737,0.9256371502123178,0.3070511817932129,0.5471333662668864
0.2274020138294781,22.40617845561789,0.6387373096773613,0.8236064905381486,0.8932263260827082,0.315083975593249,0.5544325510660807
0.23505908176130838,22.307729753582734,0.6363283433485665,0.8050216639836814,0.8745718850435166,0.30429592231909436,0.5556043783823649
0.24071225599463894,22.121891337377466,0.6247988870852099,0.8506148005062507,0.8265468743565293,0.33418309688568115,0.5427946249643961
0.24849889939515643,21.10371833982404,0.6539340066863866,0.7980258298950136,0.9989301776883289,0.3022989829381307,0.5757643381754557
0.2517911156272065,21.11146660041186,0.6484190323503505,0.8313765977412421,0.9919032526475772,0.31522695223490393,0.541499376296997
0.24541069193702295,22.767305530282883,0.6324658203602208,0.8472334523018127,0.8238514883005948,0.3346632570028305,0.5523678461710612
0.24516366134930037,23.207325188355494,0.6574363675887397,0.8343208086089641,0.9052529687205467,0.3256503492593765,0.5356899897257487
0.24426820414618378,23.60096329666059,0.6685869842795739,0.8354800036661706,0.9279826753616014,0.3204646309216817,0.5228142738342285
0.24315694203123517,23.817262645563915,0.6733539673588321,0.8466475055409025,0.9101086394150654,0.30319313704967493,0.5422674814860026
0.24854349918801025,23.54455687502849,0.6773795673182517,0.8352951481661232,0.9536827280272947,0.29351175824801123,0.5424352486928304
0.35077844936184904,18.94631773476337,0.6804701202770908,0.7970193311957986,1.4453315129804958,0.2797108590602874,0.5335369904836019
0.23994036533019633,24.28524268970894,0.672562655223247,0.833576333586962,0.8851665732540849,0.2800739854574203,0.5499671300252279
0.13134315251492948,16.32456116381962,0.3184751512811957,1.2641220699919338,1.2267327175318758,0.4751379092534383,0.5428871313730876
0.3798856961744031,12.792368587655139,0.2821099641714504,1.078515477445346,1.0226262586567778,0.46886739134788513,0.5458269913991293
0.9511785300967062,14.875558841106608,0.36000134980505377,1.1415661965398873,1.8088795362643486,0.43213083346684783,0.5728620688120524
0.5308507019901091,14.893444002144411,0.36408616175633113,1.0889696857904632,1.640809402348099,0.4433489541212718,0.5514077345530192
0.553028985251021,14.54164240482474,0.33429541159162374,1.0830694795133426,1.5817608513453105,0.4525352691610654,0.5582551956176758
0.5643366344432323,14.99395385971089,0.36335302605621617,1.052776199501641,1.5824230049644836,0.45283109943072003,0.5579268932342529
0.7566692580279684,15.117289786860304,0.36499424660374474,1.0676960165153004,1.7080273040133778,0.4621340110898018,0.5273645718892416
0.8700990258844977,16.394218400493198,0.41278768832930623,1.0487612620837108,1.8606612136637415,0.4401675909757614,0.5495520432790119
2.255480464476307,17.818072905473713,0.451489334425846,1.0841986544010107,2.605474971023332,0.4211183140675227,0.5718626976013184
0.32500348513663696,17.711962000042657,0.4242434217593239,0.9257720621362742,1.0830044070658065,0.4172580689191818,0.5652429262797037
0.2276578167610528,20.342619377270026,0.5136613482786693,0.9459001997875746,1.8941691114535957,0.3660174409548442,0.5712536176045736
0.1978052347193504,20.43425694227346,0.5213135673886117,0.9838848488120338,2.5709718202448033,0.3662179112434387,0.5492183367411295
0.231541218039245,20.511214181481765,0.5734689187493779,0.9585072599946862,2.8896543683020446,0.3439740538597107,0.5446859995524088
0.21297898192456532,20.223919289865464,0.5657532076582433,0.952375376854523,2.78981220666599,0.337370365858078,0.5557779471079508
0.2071533750289526,20.94346138612388,0.5743361199217594,0.8771779201533491,2.3948248882675154,0.33097222944100696,0.5462388197580972
0.22671962248197128,20.97594178349265,0.5464402333045942,0.8313298452759771,1.6365489759876712,0.3401386539141337,0.5534094174702963
0.23657838685584184,21.523858965583234,0.5676651649430177,0.7856351593602483,1.7980924751324299,0.3239588091770808,0.5584171613057455
0.23497694712523462,21.152797994047432,0.54526592677983,0.799041395000807,1.6759695843668425,0.32908523579438526,0.5631409486134847
0.2424338978777445,20.70734423332192,0.5440802796769327,0.8117553484226324,2.0860074769965506,0.3260398904482524,0.546369473139445
0.2403562461331462,20.254555287044436,0.5251565715939196,0.8159621324255282,2.03136958103318,0.3374158094326655,0.5395338535308838
0.24896866122402062,20.30062978141316,0.5209411580815012,0.8140356956651962,1.966345364669424,0.3442507137854894,0.5618979930877686
0.24522059481390512,20.726557794837827,0.5214638824493261,0.7851288301157128,1.5492840540666737,0.34023698916037876,0.5659879048665365
0.24306677381746633,20.38878888736315,0.5382543554967931,0.7935373208627938,1.8458524521200153,0.34470509986082715,0.5784865220387777
0.24112318553635395,20.038861933977316,0.4995972558650103,0.7914849258990877,1.4016353411377207,0.37626250088214874,0.5637157758076986
0.25861562914944064,19.180104552363346,0.5117111618725505,0.8225742506131151,1.8199666335531883,0.36452438433965045,0.5337076981862386
0.2877063140095264,19.46279328560473,0.5439205369246005,0.8422769062766303,2.30722693285827,0.35214439034461975,0.548380454381307
0.23002702780737694,19.505275663960298,0.4951678015250049,0.8150222772323681,1.4548335108451127,0.3693060874938965,0.5820049444834391
0.24333500205867553,21.53272694933693,0.5849887509697267,0.8211901120955555,2.068043402821836,0.32597798605759937,0.5558481216430664
0.3133039170000318,19.715569946973257,0.5892053926241627,0.8446279817299848,2.68278287014727,0.32509656250476837,0.5293928782145182
0.31663589005273646,20.484644200256742,0.6338833788254843,0.8277749029784109,2.6949672784692402,0.2947403714060783,0.5581618944803873
0.10442407224509442,16.85944337879324,0.3058071202306089,1.2299585974861793,1.05203593231794,0.4661867916584015,0.5382342338562012
19.75392663990205,20.491433977010644,0.4439027577478367,1.3375258647032178,5.539265244973607,0.3589993305504322,0.5329778989156086
12.232079264141886,23.103727403607866,0.46399424443751,1.1573946281377636,2.482361034553676,0.3062744289636612,0.5371503829956055
4.45770362752869,24.629755631933843,0.48720995513354803,0.9738191528855644,1.3935825738448135,0.2506375908851623,0.5404793421427408
0.6603868467825683,26.019492197710047,0.5397325324888638,0.8532478892310772,0.8909323658461274,0.1908544264733791,0.529149055480957
0.36324974697017726,26.078191235456597,0.5715824061496281,0.8260941502601482,0.9331758146393218,0.18486074109872178,0.568368673324585
0.23460746673628372,25.61375224343507,0.6308248734564695,0.8055092851080611,1.0006005452906355,0.16658089061578113,0.5800223350524902
0.20419200834718,24.304708705462208,0.6950387666750878,0.7856540806195795,1.14786112597213,0.15873454014460245,0.5532670815785726
0.16647135569075766,24.998112645782015,0.6997435214522157,0.7867108079611476,1.0762307066494772,0.16669156650702155,0.5546700954437256
0.15208621505573697,25.329294419778606,0.7249226176587622,0.7966176762944143,1.0273406456279501,0.1627234816551208,0.5404917399088541
0.1667016414747632,24.256797190426596,0.7355834544019125,0.7967931742971982,1.0456807587753216,0.1719895352919896,0.5362294514973959
0.17423691799864346,23.87967967179398,0.7242995883655446,0.8035896848631268,1.0083804664606875,0.18355681250492728,0.5436092217763263
0.2028912580742512,22.20697494262784,0.7143876482226269,0.8035776147334156,1.2189972135407334,0.19753460586071014,0.5315198103586832
0.21816040675193601,22.151726192424245,0.7363386150724548,0.7866599026282105,1.3115107037928528,0.2063680936892827,0.5518743197123208
0.25921166713929694,20.537740853797875,0.7299007431355552,0.7846764827100431,1.5442154527936387,0.2167451009154319,0.5341947873433431
0.24808390685419787,20.317136631019764,0.6858038173702367,0.8146447938338907,1.3687820716164796,0.23176627357800803,0.5546806653340657
0.267391101447162,19.54975217571409,0.6824048809099246,0.7897115320549055,1.3929182671911529,0.22933844228585556,0.5494633515675863
0.2656782864661112,19.698654380541587,0.641164036779001,0.8137381099556807,1.3062504265533534,0.25159688790639234,0.558860699335734
0.2991658794393757,19.33299579567273,0.6755684273860533,0.7799940179213438,1.4675568534207155,0.23659184326728178,0.5538426240285238
0.288450803587258,19.5647971543718,0.663596029778923,0.7890573835864174,1.4140779650778903,0.25007212162017817,0.5332662264506022
0.34246893117470295,19.003327214892536,0.6691807955296122,0.77056162643688,1.5601738234905547,0.25466095904509223,0.5315523147583008
0.2392469555439062,21.729271206831772,0.6566374626711209,0.8047156167840241,1.0799991258999597,0.26047603785991663,0.551830530166626
0.2367635950642697,22.42206654141577,0.6576966175431652,0.8039586903558549,1.0140157648125312,0.2619116157293319,0.5387504895528158
0.23549555261142105,23.180945322098264,0.6505936997486458,0.8255072283680676,0.9084131531230569,0.2678556591272354,0.551034132639567
0.24047989286077986,23.302231216712283,0.6270481401069127,0.827812760900137,0.8243777945155973,0.2829067260026931,0.5316264629364013
0.2564933403167464,23.25824554031098,0.640394320654336,0.822172168886984,0.8013089263348215,0.2800402790307998,0.5376160144805908
0.26550106132070095,23.51495542275636,0.665323847522568,0.7959723883701444,0.8335620041619607,0.2580561538537343,0.5637223720550537
0.271269372100762,23.364490267181225,0.6727040158516031,0.8431499043742606,0.844513420935446,0.2784326920906702,0.5639261404673258
0.28419304473111495,23.19538960903279,0.6927953131889092,0.826720092375969,1.0227790337042293,0.2727561593055725,0.5378815333048502
0.28477601661389373,23.180207575311858,0.6905233920655428,0.8161644467499755,1.0168158881629534,0.26655306418736774,0.5421422322591146
0.27755528775591304,23.65381015771187,0.6771024566971159,0.8576767301912701,0.9530895004420109,0.294454867641131,0.5470938682556152
0.27171497133835,24.579271865738164,0.6768987177191201,0.8478447098464752,0.8138821126614818,0.27339151004950196,0.5402738253275554
0.2743936265922943,24.70170656399664,0.6802235859879954,0.843106728250019,0.773858647448793,0.2633120169242223,0.5391512711842855
0.2734445623725457,25.2370263883035,0.6811941113557007,0.8305681252833494,0.7596915845837008,0.2572169999281565,0.5432704289754232
0.275035232642153,25.295943833216146,0.670684837297495,0.8560752916544451,0.7308918439958787,0.26249956091245014,0.5690862337748209
0.2702415368437621,25.497247033500546,0.6688014077551135,0.8321123922011417,0.725255391109223,0.25093269348144526,0.5595922470092773
0.2713480298533379,24.92936798359928,0.6641656581527949,0.8385402639578882,0.6510470026365343,0.2462052106857299,0.5545218785603842
0.2566194942352609,26.17017028407237,0.6851209847255021,0.831296727398661,0.7612232581148084,0.22909754017988837,0.5653765201568604
1.248376456565676,15.400162737050266,0.359410977417341,1.136389025210746,1.9837634930055532,0.43545082956552505,0.5570211410522461
0.7024592216945513,19.098610572880016,0.4709465972278514,1.0316137549885853,1.4505582869673936,0.35623463491598767,0.5580597718556722
0.3916276529625373,19.81203132445302,0.4798690939369871,0.9411869660521722,1.1867328230819458,0.33743736147880554,0.5534602801005045
0.5105911113343995,20.131847792963857,0.5015485806130562,0.9077416659012526,1.2633592344024527,0.33958976964155835,0.5466084480285645
0.3012522468376783,20.892337420456688,0.5089295518417644,0.8575139298886724,1.2074406535300037,0.33540911475817364,0.5509999593098958
0.19476571134609025,23.394794774200573,0.5915772594667517,0.8121683552864923,1.358476935313657,0.28334402789672214,0.5503798325856527
0.1488576579383107,23.388972055709218,0.5973271991018029,0.7828424339922982,1.3073686661434472,0.2910338938236236,0.5730752150217692
0.13460580616482964,24.80909840722597,0.6283750846395565,0.7591211436677718,1.2100614516408787,0.27330012867848075,0.5510396162668864
0.1099406634939281,24.863466717149894,0.6373112520284788,0.7818728226721205,1.0749584128018868,0.2768116469184557,0.5548555056254068
0.10420385056843394,24.392978996602167,0.6508271542205134,0.7801694847218048,1.0299065006679509,0.27999239166577655,0.5372942288716634
0.115241121049079,24.218949792001236,0.6473392031853827,0.8124127561577007,0.981934825809469,0.2785050372282664,0.5489219029744467
0.14180269480495822,23.7633476935702,0.6320467747856865,0.8031147072983189,0.8863988090364899,0.27906376123428345,0.5591437021891276
0.1479974259406954,24.17694862168746,0.6576225568597573,0.7753724832048613,0.8661420701435295,0.25742051502068836,0.5587890942891438
0.15312252006774393,24.139513194853745,0.6435612665222331,0.7772960475698127,0.8919881572961911,0.2636831104755401,0.5567674636840819
0.16840704512389715,23.534860298664952,0.6271845198863478,0.7928790356275807,0.8160818227647736,0.28123561044534046,0.5572249094645182
0.17099856615405498,22.99323713821663,0.6210536702175832,0.7989370451173698,0.8158283896567008,0.2921471347411473,0.5605470339457194
0.17513878813726402,23.252590820389916,0.6370419600556821,0.7818502978793137,0.9730819221977048,0.29071669280529017,0.5476013819376627
0.19937397281569158,23.871705350030936,0.6669423127059074,0.7922872105287958,1.395941235724085,0.30858163535594935,0.5479632218678793
0.19729208910589358,23.874842551854428,0.6662261773104151,0.7723800135296357,1.4330196818944663,0.30085286001364386,0.5583281517028809
0.2249640567439962,23.60205453958641,0.6891366621282472,0.7288341863766288,1.5895900106211096,0.28026874860127765,0.557121992111206
0.21938771762001183,22.488890407015855,0.6723759046460408,0.7381986658184184,1.611441903292062,0.2956349675854047,0.5615795453389485
0.2160740753535271,22.047023851061073,0.6144334571939409,0.7824136774002924,1.418373376886566,0.32471626996994013,0.5583736896514893
0.2220382402642559,22.05119167827823,0.624616768205278,0.771430925558953,1.4156762463535604,0.31451249619325,0.5691057840983073
0.21596572519201582,23.005843770708903,0.6200665584081404,0.7721212329970469,1.3615885496646223,0.32191165288289386,0.5442478656768799
0.2133410511730864,22.490291480021153,0.5718600344089434,0.7431887881161976,1.0441373539229752,0.3310215224822362,0.5450468063354492
0.24966592272962987,20.359687721278934,0.6038486638451094,0.7675694911504256,1.6714388689763864,0.3250662336746851,0.5475675264994303
0.2283112620124584,20.862965730333404,0.5640487028274505,0.7885036851898755,1.3110336590099867,0.3422476251920064,0.562264601389567
0.30249756388079024,18.964730808939986,0.6083101678936648,0.8039696267752116,1.9669047370131532,0.34090369939804077,0.5456613699595133
0.2214098579282374,22.109828245461173,0.5979494220214915,0.8018522891450615,1.4469877581829402,0.33967483043670654,0.5421318213144938
0.24840738429360917,19.255237760546155,0.5882686842129358,0.8154805041309361,1.6419773368132058,0.36740975578625995,0.5340075492858887
0.24617039996005793,18.57091249656499,0.553774718478666,0.8121579091279081,1.5356482900994035,0.37994397679964703,0.5409793853759766
0.21289125733753256,22.253626792885658,0.5775768361905745,0.8070076904964584,1.2020729320791717,0.3314077506462733,0.5470389525095621
0.44712305122151697,17.526786639908607,0.6372936869779381,0.8229133839395368,2.4758217677213192,0.3218505730231603,0.5525601704915365
0.6143607322495545,16.093296588663154,0.6148635903360543,0.8275466756874702,3.044315979824709,0.31684846182664234,0.525894562403361
0.2490605794485005,19.410997884389342,0.5735095245516143,0.8193320457337075,1.4530787703235,0.3173578331867854,0.5482696692148844
0.3314560163916122,13.785826681023812,0.29112212539631677,1.0879162423148674,0.9556741554711922,0.45230202128489805,0.5431450208028157
3.577932362585269,18.091927824071576,0.4490038382421389,1.2778721843648324,4.168190501348712,0.4006434567272663,0.5514035224914551
1.9988687405868568,16.633930311466685,0.4049933924268716,1.0779418370095364,2.5051203734090777,0.4314283976952235,0.5503023465474447
1.4893150317018415,16.412806087208864,0.40423917882303617,1.0441627354376326,2.0410322698249597,0.44091860949993134,0.5389262835184733
1.0783841363010072,16.580232485918955,0.4252562058158662,1.00706381627613,1.798354344965045,0.43681710213422775,0.5501066843668619
2.0835350955703515,16.46098297368289,0.4954715095918578,1.152868120795122,3.460658778787342,0.4093548481663068,0.5407117207845052
0.5832974970998955,17.672431331467063,0.5041344556169741,0.9402855810465708,2.314740876958732,0.3833239475886027,0.5262408256530762
0.2921042374221237,19.16218647799805,0.4932494737804565,0.9097442083306092,1.6505165983937353,0.3934786518414815,0.5498795509338379
0.31871308686951577,20.052769912795082,0.5089448260361019,0.8748719680938116,1.317762805116101,0.3789781133333842,0.5322795708974203
0.17101817790039467,21.23395959248744,0.5513125485669664,0.8430451966780484,1.3599707463494968,0.366400678952535,0.5485272407531738
0.17803334491661785,21.56095233400264,0.5834681659379037,0.8307737296029934,1.6122283393728043,0.3583125521739324,0.5479464530944824
0.18744726192998307,21.06100439627763,0.604501696734715,0.8238354805062246,2.0975031740937427,0.3507651636997859,0.5617208480834961
0.2642391190307527,21.511123708262385,0.6464929024998032,0.8525436368614155,2.455205735167428,0.33439643184343976,0.552025079727173
0.34114294576725196,20.815466300235272,0.6613869768850713,0.8714750884484287,2.9399775280662186,0.31298678616682685,0.5246410369873047
0.30629407686087246,20.994847212642323,0.6468894649900347,0.8204647652475785,2.568819430333178,0.2975854178269704,0.5616466204325358
0.2933638697847994,20.66769465687798,0.6273180930120903,0.8206676414357627,2.3789921001267675,0.3225237876176834,0.5680117607116699
0.28331381812139744,22.16650351609597,0.6630684288414829,0.7957339168997706,2.3504596361793535,0.2962207595507304,0.5513356526692706
0.338539577407125,21.8875373455985,0.6680181098783299,0.8249524397432051,2.6814452406419917,0.29757878681023914,0.5505255858103434
0.5207997543942239,22.53977077050257,0.7413089261723765,0.8273258096119586,3.8413310492007944,0.2553347895542781,0.5538505713144938
0.7010292994656622,22.102824838978965,0.735834677719493,0.8783576923431613,4.850567585031701,0.2526212955514589,0.5367405414581298
0.5497713746978249,23.35890168287983,0.7465201757710264,0.8498574587788438,4.062398769391059,0.24131261308987928,0.5420458316802979
0.31314608157216967,23.2687638286672,0.6641303081323909,0.8061772522688425,2.4743585165551285,0.2650051290790239,0.5684045950571696
0.29138647575683013,23.765079366499634,0.6637995658617784,0.780067039470356,2.2733022912873904,0.26375796645879745,0.5509457588195801
0.3392240135872424,22.134340103134093,0.6311517610958349,0.8220581412348341,2.528826905284229,0.2902632628877957,0.5447027683258057
0.3541841955190798,21.561417994165485,0.6441909511363967,0.8089531863840294,2.652971410713135,0.2827243829766909,0.5499780178070068
0.4462101759921402,21.380627714187558,0.6571595981430689,0.8501921366397592,3.1751349243952274,0.2932345420122146,0.5454101562499999
0.2686501610257151,22.123850480643767,0.6198166219186426,0.7859162832941754,2.056323501400063,0.31377603113651276,0.5596660772959391
0.23538552049956527,22.82163236764008,0.5933695813407559,0.767452715860116,1.523145106163642,0.32788978517055506,0.5520388285319011
0.2514777523485971,23.323404843246905,0.637721555512376,0.7803604257840909,1.8714380302747118,0.3008186668157577,0.5531387329101562
0.2491619448253759,23.395538110379466,0.630342513008811,0.7907175384227427,1.7758600647577396,0.3124341468016306,0.5778284867604574
0.24027127083363964,22.169368327406193,0.6125393154272308,0.7815543074508615,1.8093238524775,0.31868026653925574,0.5705429712931315
0.25159614083031406,21.17959385289009,0.6041869562497598,0.7803828331258801,1.9980341972872282,0.3208510428667068,0.547385056813558
0.3019823342035645,20.711069783138573,0.627208469557695,0.8055047608836766,2.422700197597202,0.30877329409122467,0.5385212898254395
0.4733911026752186,20.108300765669764,0.6776436394313524,0.7896963820074182,3.2743449363861217,0.2707994729280472,0.5540985266367594
0.12691262694666233,15.670996150977421,0.3165933814698393,1.1394254676751496,0.9252389752586728,0.4695461392402649,0.5592018763224282
1.5007106758212612,14.445697947724376,0.33468766161913016,1.1581766216763012,2.210665543573962,0.4562474687894185,0.5756955941518148
3.654259953986799,17.8595548573029,0.4200228595820152,1.240711260665254,2.3051405565876593,0.41671568900346756,0.5418252150217692
4.30226874353954,20.003153826376586,0.4548275753259368,1.1519609403056124,1.9589943742988989,0.3749501084287961,0.5452751318613687
4.468450819316132,21.210090262732745,0.4852052198743873,1.0717874090154849,1.9238624924926189,0.35433758795261383,0.5657643477121989
3.823684311042752,20.755992147790696,0.47062966445071003,1.1320190463240052,1.8902517524959759,0.3649332895874977,0.5566057364145914
4.762545172695495,20.464996295947046,0.4683713227444235,1.1462332308928762,2.244908202129056,0.3754970182975133,0.5369225343068441
1.0196269580308817,22.13514739840242,0.5328698507490316,0.9146478292914965,1.3747057831642404,0.3086149220665296,0.5691486994425455
0.23595202128319226,23.66277814379025,0.6283788660080617,0.8311841366830439,1.260306525745852,0.266121690471967,0.5469303925832113
0.27741375780500105,23.955278783164417,0.6888133857465527,0.8281745728307475,1.7947780654095116,0.22405161460240683,0.5509772300720215
0.2826556667546165,24.187195345779283,0.6450228291035155,0.8119452068265076,1.2733957043424995,0.251363734404246,0.5359352429707845
0.2717901178442544,23.500817891545292,0.636803207869226,0.7966517103324785,1.4976357879623883,0.2669912775357564,0.5477402210235596
0.3655018921038477,20.95205226416747,0.6631855505682568,0.8165103337275875,2.5113546123324233,0.2633251299460729,0.5456617673238118
0.2980933530812174,24.018487238270154,0.6570182214477492,0.7947996785011048,1.8309537101989564,0.2535701841115951,0.5452733039855957
0.28368947156189694,24.07564173960938,0.6389098817172271,0.8034622979451203,1.5437455970556055,0.26929291089375806,0.5318346818288168
0.28623808683507185,23.827768243198594,0.6300011209130058,0.7827417262100242,1.4949209461590032,0.2750673691431681,0.567760705947876
0.2583362892132961,23.85478364786778,0.6065197288725913,0.7632619358752639,1.362087540078994,0.2719228938221931,0.5707150300343832
0.3305393042535621,20.52451106208673,0.6293989883233482,0.7786822804435921,2.1883370783095852,0.2839764803647995,0.5533896287282308
0.31412087096405006,21.31524185434233,0.6292322341370412,0.7710495565377307,2.092074191913422,0.2806835224231084,0.5538628896077474
0.2886788829784368,21.374892148305094,0.6281901026341473,0.7452677328008709,1.9494084636104025,0.27455911288658774,0.563809871673584
0.2775296160228082,21.214397195994206,0.602085326844591,0.7872237878201869,1.8732077908638722,0.2967614283164342,0.5567367871602377
0.29835716119744954,20.732365087807484,0.6298085384471916,0.7376490265315089,2.0324980614305797,0.28407133618990577,0.5498223304748534
0.32078447047045383,19.957019241718097,0.6192046563727828,0.7785055314139818,2.125144632823533,0.29951564470926917,0.573456605275472
0.2624646609224784,20.393779867384122,0.5855985859055727,0.7392687543602358,1.6682840192264206,0.31308829784393305,0.5620323022206625
0.22782991903280736,23.082093898545995,0.5894482641139632,0.7599779515405437,1.3002407553966475,0.3120246032873789,0.5700159867604574
0.2270164492826705,23.20907137806761,0.5750973809635044,0.7856503082514377,1.14486883869373,0.3170783817768097,0.5313982963562012
0.23909541596938755,21.03299093289163,0.5833260942408968,0.7783871439586324,1.4170050932422147,0.31018107632795966,0.5491807460784911
0.3055091205521641,19.662767459109677,0.6125583283686181,0.8033303284060039,1.9240498258757295,0.30211016535758967,0.5561108589172363
0.21330514623708283,22.56330072417509,0.573330817580607,0.8084669770938909,1.1404736552444912,0.3172143995761871,0.5610110759735107
0.21730244681011682,22.489437974270825,0.5884176843232936,0.7835787480119903,1.1603273998345758,0.2960572242736816,0.5588556925455729
0.21685102574560353,22.753677094266255,0.614282118553131,0.7724990074598203,1.219470232406912,0.27898983657360077,0.5743767420450846
0.2137057468326258,23.020341428775666,0.6017431842622152,0.8097749258682342,1.0940122147805467,0.28457769254843396,0.5620048840840658
0.25119933834295977,20.61586719981211,0.6368118015301639,0.8111104160525291,1.5425072499460806,0.2731935928265253,0.5424613952636719
0.28602633563441276,21.146993496124377,0.6966410004607856,0.7783428192532446,1.7615538670226256,0.23038911819458,0.5587724049886068
0.32931950323246273,22.835906693768194,0.7732701372963202,0.823631748207252,2.0681574016126625,0.2011417895555496,0.5523374080657959
0.14956757238398777,16.555917871807566,0.3317775362764725,1.2650268792150545,1.2777209756461039,0.46486801157395047,0.5530235767364502
2.0617363615942543,17.436789605311024,0.4194896006370228,1.1299440952793922,2.373213990289725,0.403876004119714,0.557697614034017
1.0273176018306545,19.889034019764452,0.4677290803573113,0.9551540295073747,1.2317693076219578,0.35259220749139786,0.5538751284281414
0.7995766695807013,20.335388784872414,0.48349782003025515,0.9172735232881185,1.2105424791213786,0.34798963864644367,0.5360548496246338
0.551424322051584,21.066411950597736,0.5115178791949265,0.8447639334041647,1.145899392368124,0.3237424070636431,0.5539153416951498
0.19443867498974324,21.990940748590756,0.5757354399374721,0.8044384975535325,1.0645505331891527,0.2974350253740946,0.5589775244394938
0.15969514349858552,22.767992307215085,0.6207930317858695,0.807429923688488,1.1120130076089427,0.2651795397202174,0.5780758062998453
0.15449226918614542,23.324767875556272,0.6461915678931525,0.7996577320100591,1.13122266229346,0.25020454327265423,0.5632963180541992
0.1555803640364722,23.42909149918719,0.6553690122353303,0.7867729154511841,1.1454228127105848,0.2499074637889862,0.5418562889099121
0.17484905716975505,22.64866308752362,0.6404329156589256,0.7942100221490563,1.2529905296098975,0.264250469704469,0.5691083272298177
0.22566012316075867,21.09967562554067,0.6130623315365518,0.7989911477615289,1.3731700654215384,0.26789791385332734,0.5487354596455892
0.3002592351551035,19.982454926902207,0.637386737577783,0.7958271344047265,1.8389104223433759,0.2525494148333867,0.568543275197347
0.24506415823734676,20.33630020002278,0.5500056689795477,0.7834429739925909,1.2935054021335957,0.28150570889314014,0.5507097244262694
0.26630377186138793,19.556820640282126,0.5589143716506887,0.7930235737450642,1.4739901130255557,0.28964810073375696,0.56964643796285
0.2714784483700344,19.921739642444212,0.5698176299641778,0.7976521389898169,1.5208763262832574,0.2795073091983795,0.5535767078399658
0.3559723597336007,18.129180977548344,0.5963513925694439,0.8123667103814475,1.997674491335303,0.27697868396838504,0.5341497262318929
0.2724607888911448,19.060391051533372,0.5675046447146183,0.7893701669569294,1.580530650380923,0.3003241121768951,0.5396842956542969
0.3116272709007109,18.48712332821995,0.586540218749008,0.7963393256691766,1.8005728900577747,0.29799925784269965,0.5515217781066893
0.277283457658161,19.07601506452684,0.5772783531263838,0.7867069513411754,1.5939656518892054,0.3113985508680343,0.5423931280771891
0.28171708107155075,20.10994118920806,0.588078321278644,0.7709781967505863,1.4824992687675749,0.291005827486515,0.5571021238962809
0.33955550423090236,20.119098485751522,0.603111541528443,0.7739685177304055,1.7943688548909276,0.2773990680774053,0.5626300970713297
0.24651635311057774,22.439081920424517,0.6137082683489204,0.7623532349756373,1.3738377401958257,0.2751923128962517,0.5387003421783448
0.23448172519059116,22.933698283520254,0.6118768636862592,0.7525949365462644,1.2362444118212386,0.26913836350043613,0.5602835019429525
0.2510211340105589,22.553193514497426,0.6114497916891976,0.7619805246199416,1.3337770666444104,0.27562769750754035,0.5465468565622965
0.24850028201791574,23.556296621315493,0.6168265590750365,0.8158698108491808,1.2278285705036718,0.2919600307941436,0.5664556821187338
0.26057254112683126,23.515038853363833,0.627952081960978,0.8207472532021955,1.3126659936545677,0.28618396321932477,0.5418163935343424
0.242211351467281,25.472750841555293,0.6419545485464322,0.7744847308920861,1.095400712659912,0.267080008983612,0.5569953123728434
0.24676138096054845,25.30404717581283,0.6083396500926602,0.8358113966379146,0.9801899631783039,0.29152074456214905,0.5372874736785889
0.24323114294368506,25.6384924798469,0.6320681495000317,0.8108270452023962,1.036339082364919,0.2798537909984588,0.5420486927032471
0.23731414559982644,25.91876208724578,0.6584041537991224,0.8050147386650836,1.1281421615704,0.25682735443115234,0.5316613515218098
0.21856908761171037,26.88778935931512,0.6434237583464248,0.8277706804460806,0.9612331898917116,0.25788947443167365,0.5565969944000244
0.21542065794355056,27.02257499957203,0.6495045472521609,0.8171906177457853,1.0198071581835044,0.24250298738479611,0.5374286174774169
0.21836062845841123,26.393035569571754,0.6466903650409888,0.8501454184973412,1.0117774655624834,0.2462360064188639,0.5356874465942383
0.22659308952069876,26.03125412550472,0.6391378099452898,0.8055886774615489,0.9939201362035708,0.23733607927958167,0.556097666422526
0.42942060909874075,21.751143742701064,0.5276900858356014,0.7942937796636341,1.3539750715010788,0.29545494914054865,0.5619780222574868
0.2513308725027205,22.982420343050464,0.5883847890262757,0.7820111710669311,1.5014263879794647,0.2711871514717738,0.5425360202789307
0.15721773315972362,23.681540094735755,0.6005149666499358,0.7871568342163103,1.3685064642023868,0.27072688937187195,0.5512821674346924
0.15104565721033422,25.189365935847405,0.6355681168387435,0.7882707331684813,1.2068025448105937,0.24776045978069305,0.5420082410176595
0.18096126368265097,26.38803363445635,0.6804032478845471,0.7829298427556379,1.5463498314326751,0.2171511029203732,0.532728354136149
0.16045885057880596,26.048244037947313,0.6853194764858416,0.7896463722027814,1.3735892503413965,0.22645247975985208,0.5561935901641846
0.15161588456380684,25.774715402359742,0.6770759366445521,0.7972186833089934,1.3348579472194364,0.23471328864494959,0.5727343559265137
0.15905796131134686,25.741300449560963,0.6700684718876998,0.7642078841654749,1.408056870871463,0.22881243377923957,0.5695935090382894
0.17409772565427584,24.653618453275595,0.6171910083020509,0.7906706259683055,1.2032127107337547,0.26185444494088483,0.5342772801717123
0.17526717083663831,24.957771498115203,0.6248841045854628,0.7822773360664049,1.1203760305107466,0.2573994795481364,0.5420048236846924
0.19199185648468153,25.279564338393083,0.6750252535032558,0.7737476575240508,1.505830932939751,0.23338598012924194,0.5307395458221436
0.18175518524175138,25.42918554724115,0.6614604817144792,0.7715945958788906,1.3483006097624772,0.25787173211574554,0.5504820346832275
0.20987795969736034,24.587940740683134,0.6723488236408768,0.7923604384468282,1.60316236620172,0.2596577703952789,0.5567332108815511
0.28088578690372956,23.08797701939746,0.6947040192545555,0.7947621021977419,2.1210892574291065,0.2614798297484715,0.5567384560902914
0.31694219331868173,21.340771923845235,0.6595353041202409,0.7648668322856556,2.246560640086918,0.28208861251672107,0.5466713905334473
0.4056830467199659,21.20687694075224,0.6787205361413341,0.8024078333042777,2.6452275235888147,0.277181585629781,0.5383121172587078
0.3681929558126808,22.018142119641748,0.6871473424380038,0.7598570216257367,2.557700776474849,0.2721598446369171,0.5581482251485189
0.40542568624162073,21.16034894892734,0.6748545534877851,0.7885958552822459,2.7014792914816343,0.2855062832434972,0.5544992287953695
0.4486208219541942,20.951376230257694,0.6970344119040922,0.7620634208706457,2.8936838546953303,0.2689683934052785,0.581803560256958
0.43007010196258716,21.032746135078295,0.6807014607328409,0.7707611747856152,2.6884771717152325,0.2833726033568382,0.5410550435384115
0.4474715103951447,20.57708334774559,0.6810033944312114,0.7800229772904594,2.7671489190120684,0.2926848232746124,0.5616242090861002
0.39105599702757116,20.999395344764224,0.6755590712718625,0.7574320013355331,2.461653721460318,0.2821757396062215,0.5408516724904379
0.46269866481876587,20.111477902449618,0.6739197305717908,0.7580251562185337,2.652945818024897,0.28431339561939234,0.5346033573150635
0.3491128201384089,19.877126360598222,0.6243529983921884,0.769039217689124,1.9280738856798545,0.30863130092620844,0.5552245775858561
0.3793907566838855,20.198099114102416,0.6275707463247033,0.774942368150855,1.9791906907803132,0.3116320918003718,0.5680453777313232
0.6142467615013746,19.615938464093798,0.6418696899158095,0.8157205500137504,2.806601226685185,0.2975690613190333,0.5365377267201741
0.3799474888357984,18.99434642844872,0.614340219574011,0.7873360471001337,2.0003306703002517,0.31678090492884314,0.5485909779866537
0.2575867781485819,21.581643695303146,0.6281151003600874,0.7743222655732023,1.5323697571086294,0.3197718958059947,0.5263798236846924
0.22839415293484788,22.410481572965704,0.5877301442700681,0.7793231650394482,1.2174753055650005,0.336387500166893,0.5454005400339762
0.2582525180112946,20.219073669233165,0.606524433174045,0.7718087092917219,1.47447819696764,0.32253273328145343,0.5410125255584717
0.3114041491234673,19.537204941114364,0.6236517224582117,0.7707762748288193,1.7532749848071587,0.30573389927546174,0.5471791426340739
0.2645596391072484,20.94111427914238,0.6186322859127277,0.8073255750124254,1.4713596714354356,0.31623096267382306,0.5252474943796793
0.24761807538308786,21.782378804254435,0.6178000027653209,0.8069386079474895,1.3970373510307503,0.3065339426199595,0.5403820673624674
0.2841916619176388,20.27670310440112,0.635040157239845,0.7782326757045072,1.6054303151099345,0.28586446245511365,0.5395255088806152
0.7710553358705591,19.18806643656546,0.7198530551850036,0.8076099079381147,3.3429959692346567,0.24281090001265201,0.5514084498087565
0.5827944701988379,14.090400687594347,0.32881010338742483,1.126893636386847,1.4060776498853782,0.4391258930166562,0.6422229607899984
1.3464574191234604,19.912160688721308,0.4934137980414946,1.0801487061728956,1.5878333741618373,0.3439583331346512,0.6334077517191569
1.746220210310982,20.327209261456048,0.4906281220067739,1.025473650003065,1.4779246186964323,0.3504094555974006,0.6527374585469564
1.2238677426357893,19.67535936513988,0.509158425523703,0.9680984958631761,1.6372514839800585,0.364925575753053,0.6576473712921143
1.946905468014685,19.730959454734442,0.5112523953750037,0.9448934317280924,1.7845926508656955,0.3832528541485469,0.6549609502156576
2.0080647573871313,20.26899534864072,0.4932543167729373,0.939519317504446,1.5378144643973322,0.4019638349612554,0.6777689456939697
1.016515525306162,20.71214601925904,0.5328474950894733,0.8579366617988312,1.5381610331464566,0.37370066344738007,0.658435583114624
0.6203927327747781,21.8247003173995,0.5952552359574417,0.8339258989663435,1.9098893045100622,0.3250679572423299,0.6632550557454427
0.29593222737268227,21.029649291352342,0.6023557217994115,0.8167790289835448,1.8982931754761163,0.3303925593694051,0.6518534024556478
0.13252576869719543,23.46480684230802,0.6059421964650423,0.7817963973629775,1.120135048758652,0.3313501725594203,0.7011708418528239
0.13878888558529678,23.159267872882243,0.6227948811610009,0.7726332618517254,0.9373476079463763,0.322368120153745,0.652007261912028
0.147590789531724,23.044167580755527,0.641190982351333,0.7688405388259358,1.0739285139552446,0.3204332242409388,0.6644711494445801
0.1779945940019569,22.028478137007436,0.636092717243918,0.7803563793901439,1.062419445346363,0.33188009262084955,0.6658024787902832
0.22703639021396996,21.855631480419174,0.7142179206399212,0.7791701418600528,1.6025163566470884,0.28895532588164013,0.6815346876780191
0.1987297292297496,23.06486027824769,0.6706280577602345,0.7960491173528726,1.2601397735494142,0.3263945827881495,0.6541813214619955
0.22017266799059818,23.468737324253706,0.6862590487406183,0.7577505193108642,1.3858686829697475,0.3043813755114873,0.658306360244751
0.6204967860288026,21.34767041888151,0.759784274098943,0.8278694580159988,3.3160924564709453,0.2659209420283635,0.6676274140675863
0.27823641114857783,23.762358476040415,0.712702371162421,0.8011413308278987,1.779132831252131,0.2881946563720703,0.643618106842041
0.4445397306402163,22.79286928272769,0.7646339169728669,0.7744647691974097,2.718711053959224,0.25056944787502283,0.6591864426930746
0.5281500889332271,23.352401543202873,0.7723263014981221,0.7864452080874113,3.025171847784172,0.2327916324138641,0.6510169506072998
0.4048407698318859,21.7709823996269,0.7022864808098729,0.7979100502052265,2.57575393118625,0.2854893455902735,0.6863738695780436
0.4899671739470739,20.571255637364462,0.6905803816796615,0.7989746554863526,3.05080438906319,0.2997999389966329,0.6791633764902749
0.44507721672801887,21.852165796423066,0.7035200724276048,0.7795294918979817,2.936151457601179,0.2880241473515828,0.6443879604339598
0.46215100985922913,20.921126987048083,0.6805306046401706,0.7986234395107171,3.129157211612958,0.29917092124621075,0.6706124941507975
0.5220029054081793,19.88548124006681,0.6572315664499376,0.8360500243050418,3.3468738671943323,0.31305287778377533,0.6795711517333984
0.5774656664914292,18.499879644234557,0.6430702451460794,0.8335822759997846,3.707378049654551,0.3392687241236369,0.6690418720245361
0.6898001529399501,17.841136477131993,0.6331860780618465,0.8601697293978194,4.030786972585512,0.33305857082207996,0.6521518230438232
0.561396492076052,19.0631751924444,0.6601052004392658,0.809812926694014,3.4407796138983504,0.3202967494726181,0.6724148591359457
0.4403884827840942,18.253573893704818,0.6112375794837422,0.7974899248280692,2.839314197647059,0.3386259873708089,0.6619295279184977
0.3206025253767876,21.107592310491018,0.6504777950394635,0.7726543994941931,2.3063264277275946,0.3412077724933624,0.6951431433359782
0.3431588497456132,22.111349371123367,0.673433360493675,0.781286920961648,2.4248971473659577,0.3240876893202464,0.6811981201171874
0.3301649465484085,21.254255834707976,0.6546649101657914,0.796473102355419,2.3727355118216775,0.3439280092716217,0.6597695350646973
0.28873679798973123,20.617619675305374,0.6244762246483959,0.7949575300468664,2.0563984440714322,0.3483719329039256,0.6915900707244873
0.31595921809653005,20.525158853538056,0.6390201288722258,0.7784462704148841,2.3598449368318906,0.3419616222381591,0.6525996526082357
0.28313704605972906,20.50049596643684,0.6269466171641249,0.7770756091167064,2.1670922475525685,0.33654285967350006,0.6549535592397054
0.2735626187550506,20.923318662092573,0.6219272423046637,0.7968934580833809,2.1107547309037638,0.32668675978978473,0.6642688910166423
0.24022055551119803,22.438851765864186,0.6104632946040286,0.8202139370996414,1.708954751093773,0.3298451006412506,0.6762263774871826
0.23954780142697052,23.121063443465555,0.6185818827194721,0.8395245001239086,1.6772476970952297,0.3386894663174947,0.6470432281494141
0.4303715230195248,23.030840428538408,0.7235275135859792,0.833828006109783,2.912445946041885,0.2737001627683639,0.6739110151926676
18.71665720606504,22.39261577732087,0.44362289244717834,1.3913207998700747,3.930001859435,0.32357666641473765,0.5481696923573812
2.043262371134705,26.899668094264143,0.5229435939602124,0.9650468787619566,1.1615392677223129,0.18511715903878212,0.5450057983398436
0.5736056162273346,27.165800534490653,0.5384480836327596,0.8436826836452683,0.9287984181903073,0.17529891307155288,0.5280444622039794
0.2391398772504234,27.3544469341022,0.605614042313633,0.8049823040450864,0.8739289616523921,0.14962308853864667,0.5482900937398274
0.2010903383631247,25.973226988946255,0.6668914947147888,0.809579669252261,0.9425122909535656,0.14197988063096997,0.5517791906992594
0.18416735679739257,25.001471909173617,0.6895780496865364,0.7920579348106435,0.9480840330663581,0.15378390500942862,0.5311016241709391
0.16499766081201947,24.945559995814858,0.70188397146936,0.8046781376425377,0.9124078156836787,0.16819430639346436,0.5193622907002767
0.15520091292440233,24.998071470347764,0.7215046577957974,0.796485003954491,0.8925233066846173,0.18147963533798853,0.5438113212585448
0.14945479960780908,25.061687239267712,0.7302278379988709,0.789861902509369,0.9221328427303952,0.19931233922640482,0.5500395298004152
0.1496893447756721,24.79851403095981,0.7256166631282742,0.7750373297257699,0.964408501936474,0.21117011209328965,0.5363715489705403
0.1548331472436568,24.3440909677183,0.7461191658782118,0.7759390836701175,1.041222445165168,0.22177494068940476,0.5601584116617838
0.1703091232084404,24.143809992578422,0.7191532079321172,0.7966504929245158,0.9919266196325252,0.2512516876061757,0.5510548750559489
0.19772360737934633,23.295216370814046,0.6843161432357597,0.8192170980185769,0.9658808072756013,0.2656400899092356,0.5605973402659098
0.20986695947798903,24.737955833931647,0.6568998013463884,0.7840451047869083,0.8184687300468166,0.26936841011047363,0.5289096832275391
0.21401979364005397,25.18997773604488,0.6673611327973402,0.819593068959818,0.8506350880688659,0.2729075898726781,0.5496801535288492
0.21069342720411413,25.333294582167763,0.6863693270886501,0.7909008782370847,0.8784438591865261,0.266973982254664,0.544996420542399
0.20790214646728997,25.960367950638382,0.6844706900784518,0.8225232230171017,0.7885629422762431,0.27584241827329,0.554030179977417
0.20757226789740746,26.063564530747765,0.6888326948532839,0.8226826917701132,0.80859286784962,0.2855514784653981,0.5397841930389404
0.20899330996100907,26.129273229451844,0.691201469321375,0.7910305662454675,0.798027230006114,0.2840394526720047,0.5622575283050537
0.21035949925812927,25.262060739614714,0.6946758261192499,0.8057398095967452,0.8883236475106289,0.29437275727589923,0.5401355425516764
0.2152153689757507,25.02721735662676,0.6867651530704668,0.8260856806326758,0.8779502465386536,0.3044410099585851,0.525706926981608
0.22781372809990194,23.82506261708005,0.6690115290731375,0.8216347116648577,0.9125409141697363,0.31047090888023376,0.5415981610616049
0.24011900993731952,22.450536118900075,0.6519251803209029,0.845469302901145,0.9064404116411544,0.32848410805066425,0.5379504362742106
0.2352381646581373,23.353680944540802,0.6603116685292058,0.8136098247696699,0.8186923263357567,0.3309862067302068,0.5732030868530275
0.2386484755579786,23.3829660948941,0.6625564361821379,0.825790689517969,0.8380967263651181,0.34678390622138977,0.5544935067494711
0.24748064667851288,22.89580514385554,0.6634093260257196,0.8135876020655597,0.9125775264132209,0.34043386578559875,0.5556154251098633
0.2523974163783364,22.34044822681351,0.6393931550175972,0.8391605166264413,0.8801612529249767,0.3593706289927165,0.5390569368998209
0.2531492232396331,22.021911488079066,0.6413318274413683,0.8163854893621888,0.8852163307472743,0.3449361026287079,0.5424216588338217
0.28170168422195324,20.740009572826377,0.6515932258906413,0.839862360037645,1.1219155269229397,0.3458271225293477,0.5407693386077881
0.3163431066662556,20.288847626194695,0.676815950605687,0.7993403332987733,1.2999369827458296,0.32938577731450397,0.5452730655670166
0.27202877095575867,22.394727967962265,0.6815533807096846,0.825258491831596,1.078998790097008,0.3359052936236064,0.5434362093607584
0.28660007456819536,21.987226348768264,0.7041763349399709,0.8082841613333928,1.1969509070033926,0.31446988383928937,0.5320021311442057
0.26082457509859186,23.58104455351906,0.7013620019542021,0.8347390418345705,1.022408704307699,0.3027769674857457,0.543241818745931
0.24489443927536833,24.86066153485086,0.6740646783335106,0.8317361788522019,0.7857835578475317,0.3075821101665496,0.5543413956960043
0.24616687843964133,24.483784266914494,0.6945490363797763,0.8180508495962372,0.9081466258444107,0.2966446528832118,0.5741849740346273
0.24500615795574718,23.745855612811393,0.6864529384281514,0.8195471912016797,0.9382892198087771,0.3051462521155675,0.5546844005584717
0.1057449787314435,16.758091633965133,0.2968762540669742,1.2332285733230046,0.9461877540213687,0.47216047098239255,0.5482183297475179
8.8885390530518,20.092504045385006,0.47842563277442457,1.0084455711788898,4.81905429756711,0.3634599099556605,0.5374041398366293
0.47593940395915607,28.07513037552704,0.608513284928441,0.8013537477222054,1.1216615785264128,0.13273504376411435,0.5907013416290283
0.22260230563476457,29.215073977494317,0.6217351571903422,0.8435987073143653,1.0125248304561492,0.13606240103642145,0.5613834063212076
0.1567123394635051,29.381503025865168,0.6356573077915969,0.805925786254884,0.882528526974613,0.15099535385767612,0.5559487342834473
0.14388056436970162,28.89296443225309,0.6497225391290714,0.822004065710184,0.8936396433724038,0.16203437745571134,0.5497321287790934
0.16323803568932843,28.238695156632247,0.6378942410265317,0.8213724770169284,0.8172233200770652,0.19393411775430036,0.5622758070627848
0.17810628395594366,27.248261479971617,0.6793785058031135,0.8160553238795814,0.9269551393528266,0.20160301526387533,0.5220219294230143
0.16974182592993958,27.39116307166158,0.7281878530038544,0.7810437242663443,0.9151492330281122,0.2018212775389353,0.5606857935587565
0.17198242529117638,27.098771985561854,0.7140959227169451,0.8015130894454924,0.9735237567065882,0.22268794973691305,0.5536237557729086
0.18077282804280603,27.66498752349278,0.729957298833229,0.8086623378495886,0.9644686752824732,0.22544482847054795,0.5345315138498942
0.2124126735085435,26.892506910009587,0.7467652661505345,0.8082956772783222,1.1238134257712433,0.23976001143455497,0.564862330754598
0.2699043489084882,26.424707204241162,0.7563671798221598,0.8178374321933317,1.2784799572854224,0.24370472133159635,0.5518682797749838
0.2854948907057556,26.593095139688604,0.7754049922985594,0.8226898405762503,1.2792320224798084,0.252642273902893,0.5424978733062744
0.2896842430502566,26.963694574727445,0.774742592857633,0.8253264410227826,1.2183830429494504,0.26195219159126276,0.5514959494272867
0.2811325197156556,27.69547387640146,0.7785400279127975,0.8287842759488285,1.1542537979065548,0.26705613235632575,0.5546218554178873
0.2835443689044904,26.419070630145402,0.7951919338226282,0.8056023994494687,1.246609898114231,0.24819219609101614,0.5617687702178955
0.2715215140160157,26.098481481776457,0.7910578531143663,0.8073056064423514,1.2073458984003789,0.253597338994344,0.5574402809143065
0.23620239888838387,26.111683672513177,0.7706666763882674,0.8202745407955465,1.0574074475821809,0.2675011356671651,0.5607391198476156
0.22163559522393586,25.730777789110093,0.7613338387683984,0.8229939587824299,1.0015175050521432,0.2721534818410873,0.5699224472045898
0.21656921361592338,25.175674713200475,0.7291089167146373,0.8494581909514154,0.9195425302047617,0.3036459684371948,0.5498843193054199
0.2190459322130245,24.412205376084575,0.7186371675387665,0.8269745584488343,0.9321349948506351,0.30488541225592297,0.552903970082601
0.22117371657992865,24.311991774159907,0.7184663839272667,0.8240135502613976,0.9294030668900453,0.29598125815391535,0.5516802469889324
0.23710117864424995,23.469302335817833,0.7279877732028047,0.8469814421335667,1.02381626643023,0.29687256614367163,0.5688164234161377
0.26715723013104337,21.70789937922765,0.7353568206424743,0.8175212423062178,1.172055457488094,0.28557314972082765,0.5729496479034424
0.2573377793868137,22.765606948511877,0.7388244473492653,0.8201694730088711,1.0758287790881507,0.28793279826641077,0.5661274592081705
0.2803029896515569,22.564952336637493,0.7528081362811117,0.8289730545392692,1.1774234487471624,0.2739423265059789,0.5818234284718832
0.27189236455753013,23.262321099141662,0.7463727247081988,0.8308271603599944,1.1050049416795114,0.2933336496353149,0.5431603590647379
0.2656893750915001,23.164190356669632,0.735871918817191,0.8341710469953233,1.028992056318953,0.298056701819102,0.5566231409708658
0.27058609782567505,22.806566299642995,0.7205244389118116,0.8259816273995918,1.0160731179789873,0.31186305979887646,0.5673259894053141
0.26789597503200807,23.259854584129,0.7171808275535853,0.8211327230660252,1.0014944497312046,0.31895474592844636,0.6020638147989908
0.278157764254178,22.564641909736057,0.7228816335116424,0.8105561985644153,1.0951270581561543,0.30191672841707856,0.5827235380808512
0.2537761016389795,24.813368615961938,0.6953259726684378,0.8313100270817878,0.8313860387222292,0.31861171126365656,0.574674924214681
0.25425541204213226,24.182058452064553,0.6836506726924109,0.846794789792198,0.8828682754862579,0.34148716429869336,0.5474687417348226
0.2670277208602568,22.31205386510676,0.693481695323789,0.8275660639710823,1.042130570949364,0.3149786939223607,0.5339494546254476
0.24983850752290762,24.106599350388866,0.6449606147885861,0.846245567810891,0.7525413759137604,0.32661409676074976,0.551329771677653
3.776904593614972,16.860739671144234,0.4047634720806046,1.2711092415666776,3.871695135379666,0.41839416573445004,0.5663534005482992
7.913600117844013,19.629286541297372,0.44160806934948527,1.1808897192143788,2.8714609560956994,0.3837560440103213,0.5671964486440023
4.923570717640595,19.688601649403235,0.4365733985945827,1.1245548854423977,1.9298184124176962,0.37483039995034534,0.5626990795135498
2.2797510252435367,19.595937908524096,0.4493554264534481,1.0117770713306775,1.4461601963772261,0.3772676959633827,0.5363186995188395
1.0435986765378538,20.80870013968436,0.5173145097698058,0.8938721029986714,1.432067396703589,0.32436794290939963,0.5328897635142008
0.7136872019912862,22.633931774403845,0.5506474615658375,0.8606788238516335,1.3680331281983256,0.2823281387488047,0.5639042854309082
0.2823061360633839,23.927339467204842,0.6064070787899946,0.7989048174395981,1.2840072683749262,0.2575003032883008,0.5449117024739584
0.2709926245514065,23.841668062241343,0.6206766920666084,0.8022826907654395,1.3851055447511316,0.2603099470337231,0.5570107301076254
0.2421534372503491,23.562476188535864,0.6179313134874271,0.8176535713608907,1.4878624594700582,0.26036524524291355,0.5507344404856365
0.29990775892486654,23.9531257697676,0.5903949640812796,0.8206889030417736,1.0880793499341121,0.2683256193995475,0.5501278241475424
0.27038206324186603,24.603733604700192,0.626632767508939,0.8185644646690932,1.3070211554548996,0.2533749540646871,0.5444045861562093
0.21138108465559927,24.709650178977515,0.6623098056335346,0.8024108191146521,1.3843803038984044,0.24339628219604492,0.5593900680541992
0.19254059768138965,24.8553618215093,0.6817903801472095,0.7858161995103817,1.3039558154573654,0.23981819550196326,0.5640911261240641
0.20468777337898766,24.733928789729305,0.648589268454996,0.7850421067687209,1.1874509787875165,0.24958344052235282,0.5450143019358317
0.21497720182876226,24.742178207970497,0.6540196889317942,0.8043443952856307,1.2066738165759834,0.2445428296923637,0.5414074261983236
0.2507661179756915,23.766363405613216,0.6824193359199492,0.7719762866129423,1.750537581172466,0.23667089889446888,0.555758555730184
0.30347013899914654,22.249067993076892,0.6541446019666425,0.8072876362758952,1.9655935131934352,0.24758569896221158,0.5261414051055908
0.2660269832349614,23.564368389493435,0.6592515409315622,0.7556065431231692,1.7785328017206463,0.2379364718993504,0.5419776439666748
0.24312956040497893,22.379564826259326,0.5757312967862801,0.7914295074797865,1.4446538141432643,0.2827735543251037,0.5365166664123535
0.2917832406221068,21.810016744981837,0.6379124891108553,0.7694005945233154,2.0146108498184647,0.25852371255556744,0.5407056013743082
0.2404615295418735,23.947855437496617,0.601348882545546,0.7863295514995378,1.3387786450864863,0.27028225859006244,0.5513511498769125
0.23316204633356172,24.210882619992788,0.6233719750091381,0.7452164586320807,1.4686343205305838,0.2532738794883092,0.5607051054636636
0.26620905345545504,22.893261135019188,0.6260573104589165,0.7734201389084178,1.789107229436387,0.27597356339295703,0.567483107248942
0.2865505974149591,22.222285255280877,0.6332930438858072,0.790826811046495,1.9482581751338852,0.2827305843432744,0.5318567752838135
0.2936648664943669,21.407579350773613,0.6285062565488824,0.7502523073872323,1.9578592304486964,0.2876211454470952,0.5488909880320232
0.2696614402419848,20.519919812567245,0.5995575531378446,0.7562030094479546,1.7908016378273048,0.30496959139903385,0.5373580455780029
0.2928127587206119,21.9823763696829,0.647119361659995,0.7497459454228169,2.0010479639274883,0.2809559901555379,0.5493025779724121
0.2759038284912005,20.666705531813232,0.6059690966993315,0.7560127203435605,1.8206834955806597,0.30835612118244166,0.545458952585856
0.36561756807292983,19.952352127178482,0.6331506615517718,0.7689196359540599,2.2470025323372154,0.30006155371665955,0.5406750043233236
0.4797799264591733,18.85663925848387,0.6240365842661749,0.8277803563930503,2.697413162655677,0.3212314446767171,0.5396391550699869
0.5061902566584421,18.96601368200804,0.6417847088583121,0.808876773947459,2.7201846049494267,0.31733984251817066,0.548606793085734
0.3720531376738571,19.963216637279306,0.6425905990657211,0.8037278237283921,2.1727535783875713,0.3270032703876495,0.5397195021311442
0.40969497494501894,18.849184193802827,0.6372506740398706,0.7644577864322066,2.1596082326227193,0.31490401426951087,0.5674538612365723
0.2933569906963925,20.774744123965508,0.6278171797557311,0.7866101357454433,1.6348653980967596,0.328444833556811,0.5555473168691
0.257280035294293,22.025605350867398,0.6325526444984241,0.7945846683045547,1.4053042326388547,0.3262290557225545,0.53422212600708
0.5459324475270764,19.500639316824422,0.696119397007549,0.8047820716227565,2.7901580203056517,0.2817038396994272,0.5407639344533285
0.46634754592986094,19.819813907401432,0.6971651955141773,0.7605993314817908,2.549460848755753,0.2639892001946767,0.5764853159586588
0.3317719861959518,19.155208491063032,0.6434274431558228,0.8046030407348473,1.9274284033633735,0.30216012895107264,0.5859975814819336
0.10522976865925236,16.622768818489362,0.31597098439655574,1.24142265679631,1.083960577301332,0.4774259651700656,0.5828138987223307
3.444865321493927,17.44404426200313,0.4328484080222099,1.3689878219101181,3.7527886616527186,0.4085405319929123,0.603675127029419
12.101792112461766,20.72987010798546,0.46412687297744376,1.484782537937676,3.486530267519272,0.3638950896759828,0.6154297192891438
6.37967314215881,20.526893291385473,0.4833716782934629,1.1456811791942254,2.0787225354734016,0.33933495233456296,0.5759983062744141
1.7415955895424078,21.152501520378987,0.5179528002747834,0.9670505684204319,1.4157520411440243,0.3115188380082448,0.6142853101094564
0.6454693762816771,22.53789297690793,0.5348491186358746,0.8203008950637026,1.223912581291058,0.2773100932439168,0.6292834281921387
0.23083548761989203,23.88374085696421,0.5827783265547232,0.8266918095559678,1.1173969540798354,0.253647377093633,0.612668514251709
0.16142774746154412,24.59994144416318,0.6077094788655781,0.8062658903163192,1.0215671977610827,0.24578444163004554,0.5909558137257894
0.1686223887701963,24.65515351424635,0.6992750653576266,0.7973579537438219,1.4090164628245627,0.20793137947718296,0.6394856770833334
0.18505949097218274,25.816121308742435,0.6944014374228705,0.7842831575156061,1.1851484713522533,0.20493463675181067,0.5887101491292318
0.23237521720380916,25.766360179923158,0.7131310405245435,0.776361535142653,1.1366571979111113,0.20338147133588788,0.6022850672403971
0.24725830713912292,25.20658691590768,0.6795434109169455,0.7903557296952265,0.8011213853349398,0.22102775176366166,0.5914545853932699
0.26327487849916903,25.16411784255048,0.6651183154747868,0.7721930546957264,0.7980982446246915,0.21795643866062156,0.5882185300191244
0.25868200320449497,25.07084212512935,0.6438506234303674,0.7850922327029634,0.8211502594220975,0.22834220528602597,0.5971081256866455
0.2535271045068273,25.47713541098415,0.6494088845960485,0.8185938177076162,0.9684001370493117,0.2440433899561564,0.6131144364674886
0.27214023927152453,25.004872652652704,0.6838402026358837,0.7881502160402921,1.2427687411663084,0.2296817203362783,0.5883257389068604
0.2682656151886892,24.88978193465633,0.6838519987363707,0.788537203781099,1.2736644515984665,0.23495590686798096,0.6448322931925455
0.2724293881841164,25.004699042733076,0.6931509010402882,0.7617535492656704,1.3308661881694581,0.227854644258817,0.603532632191976
0.31292614226577536,23.404796996686525,0.6940999332495651,0.7697351244700427,1.6400062462425495,0.23133409023284912,0.5978884696960449
0.3551679123677441,24.36541941865853,0.7312744410299731,0.754640221649478,1.831014401924201,0.22233975927035013,0.6062021255493164
0.3747367043027525,25.37093147154333,0.7266568739926389,0.7803279113551155,1.8639461723979824,0.2261576950550079,0.5812826951344808
0.3876476378675926,24.21472618660691,0.7306544884460674,0.7757853087981901,2.037893887697594,0.23101532459259033,0.6003026167551676
0.5745818972041398,22.304373083127867,0.7386157131592711,0.8109296693516482,2.864735596057215,0.21956478059291837,0.5954761505126953
0.49995752027973234,22.96177283448886,0.7271672356811716,0.7982095156228545,2.6314957243082144,0.22733220706383384,0.602057139078776
0.5106575668507864,22.80998264544762,0.7382952982898877,0.7496976451808921,2.6893876771088614,0.22030750413735703,0.5981411139170328
0.49243140192167667,22.476707205919226,0.7176416489282552,0.7868334740455977,2.621489770551125,0.2431559388836225,0.5803548494974772
0.3777115684309857,21.65807956369377,0.6865906165228308,0.7965210524612457,2.1979024772453766,0.2793110062678655,0.578670342763265
0.32675988652436655,20.854611643280116,0.6553457659553067,0.7754935876061945,1.9307001716582706,0.29778241117795307,0.5927781263987223
0.3012168149454922,21.571979389586996,0.6459239365956079,0.7895810981981706,1.770123590279092,0.2964658836523692,0.5950751304626464
0.3143654561208191,20.731635729176322,0.6325803903492656,0.8117360811506238,1.8280420152944787,0.3097673753897349,0.597790002822876
0.46753760801474575,19.338743959267216,0.6533910153054042,0.7931883464577333,2.3895239156933665,0.2877957721551259,0.5929690996805826
0.49728184213852317,18.505520044647398,0.6487953362886135,0.8205458501484127,2.5359973418649884,0.31355347732702893,0.6105900605519613
0.5630182846113985,18.048169032213817,0.6673251540715586,0.804531603762895,2.8111619178310163,0.30193066596984863,0.5912522474924723
0.6894907354631723,17.97442184167934,0.6721224652920225,0.8491501234846227,3.253623377212247,0.2998326321442922,0.600666602452596
0.5375001319827052,19.515391011012095,0.6817356061877526,0.8239872997780887,2.7697856893073034,0.2721148977677027,0.6074719429016113
0.3344255307075883,19.976541376024898,0.6498000678896795,0.831817387242701,1.9894114474964473,0.2839347620805104,0.6160855293273926
0.2912478624079004,19.959160941266408,0.626527759942704,0.8236151675878354,1.7404093474252627,0.3015680064757665,0.6614001592000326
0.41958173568741036,18.80744624486149,0.6764792673447046,0.7983713437234834,2.3316240013456815,0.2776374022165934,0.6148145993550619
0.3845307065791015,17.933450794703194,0.6417643574255866,0.8154456867605825,2.139634910220463,0.2872291654348373,0.5878315766652423
0.29275312720041075,19.81748268696901,0.6540250499142894,0.809248843511201,1.7680679957121608,0.2808843106031418,0.6030645370483398
0.5671710291469177,20.06823466974684,0.7498467675448586,0.797693213388702,2.775553609308217,0.22766272226969397,0.5909836292266846
3.023413763680263,19.072537722298545,0.47241520364991424,1.1467351485296777,3.112544341070715,0.37239694719513255,0.5513210296630859
0.7539636292030526,23.997171414954774,0.5672946489970025,0.8714498412426472,1.1932918592340018,0.2413705065846443,0.5446209907531738
0.4915305450367351,23.98624801603255,0.5698935564812919,0.8226376914654682,1.073336116747969,0.25506268938382465,0.5500526428222656
0.6226938785871727,22.971849854876098,0.5598445078605616,0.8484154939685787,1.3240939848212145,0.2721026788155238,0.5440516471862793
0.15258827488046997,24.292911387299213,0.6231816892270132,0.7893764347285765,1.025827434940499,0.244969663520654,0.5649331410725912
0.15385268328950796,24.293949669180183,0.6246391073896521,0.8007125287591462,1.0461838919064943,0.25577126691738766,0.5389503637949625
0.15945570781369858,24.721896496889766,0.6424978621481484,0.7938559425321058,1.0733610527909907,0.24341711650292072,0.5385765234629313
0.16554790697003938,25.637047286559792,0.7063608223841092,0.7858665156943546,1.215754543837581,0.22040557364622748,0.5403376420338949
0.18948989550613504,25.637147726464068,0.7237541690038197,0.8072121821774209,1.2431505192451529,0.2149393260478973,0.533863385518392
0.20642386693517492,26.203604800965138,0.7199280858945545,0.7960779381886226,1.1160338272608596,0.21838625272115073,0.5387762387593588
0.2272242249796761,26.284873392654646,0.72624085227006,0.7996321330543127,1.1963319011914626,0.20623108496268586,0.5453755060831705
0.23294542790050343,26.45246353147637,0.7050734125779853,0.7990322011684561,1.2020688207405534,0.21267249683539072,0.5572897593180338
0.2844878289433513,24.240702486268713,0.7259602628092253,0.7812913439667057,1.5273891574169216,0.20229828357696533,0.5526729424794515
0.2807810988700109,23.23853725478679,0.6901258414216197,0.8069344871771685,1.4700145920688972,0.23181284219026557,0.5589965979258219
0.3489024654207446,20.568522365699554,0.6606941719111036,0.8044163217952538,1.7700979451556,0.25096716980139405,0.5517045656840005
0.32018198427722083,20.141213034874294,0.6288575384296401,0.8070709931323542,1.626125443053138,0.27141576011975604,0.5392974217732748
0.3596376618904869,19.676545731448027,0.6524068262698974,0.7833719530564854,1.8472530067431476,0.2650415897369385,0.5894227027893066
0.3403738967140087,19.82667630326471,0.6348549483881871,0.7601739797927646,1.7953207250366026,0.2762671560049057,0.5424283345540364
0.2652346582520137,21.309938256299592,0.6168874279052553,0.8024606878935874,1.3361165414812526,0.28986292084058124,0.5513420899709064
0.24430148023155054,22.992323114049004,0.6292974348321488,0.7954556456606993,1.22284467330661,0.28582102557023364,0.541776974995931
0.2508962195812284,23.96393852364289,0.6446381976465355,0.8385875169483551,1.2469634602412267,0.29425273338953656,0.565444548924764
0.32285041965039946,22.756518085798717,0.6805945813549306,0.8223868772228768,1.6180167557998253,0.2746363530556361,0.5605456034342448
0.27238007206515297,24.08390358160949,0.6631955579698713,0.8188855401189921,1.2813645435939713,0.28347766399383545,0.5661766529083252
0.30135154995281127,23.81560345706681,0.6842502513602441,0.8066814119543343,1.4514490918682723,0.27318160235881805,0.5548702081044515
0.2527227264195235,24.534046112912744,0.6335069053097163,0.8258738894545617,1.0699985846869826,0.2974463999271393,0.5605646769205729
0.24630316734943566,24.30717254689239,0.6296612355067532,0.8061928612681671,1.1089954663450288,0.29735374947388965,0.545292854309082
0.2466776980760227,23.309574836948613,0.5808442805303776,0.7859225115412986,0.8809620299665841,0.3157864809036255,0.5443119208017985
0.2973670711678212,20.56412691492736,0.5951273406419505,0.8199510023542856,1.3162267656299687,0.3257733037074407,0.5652840932210287
0.2669316779923296,22.265246031547388,0.5865808185521489,0.7655268533922053,1.0158863497230537,0.3003617276748021,0.538439671198527
0.25879574165234037,23.01584289797771,0.5696128344292252,0.8203415568560213,0.9302432513655038,0.3054613222678502,0.5602520306905111
0.25561948265578494,23.40612901888259,0.5646764281080319,0.820816419205107,0.8351888774575763,0.300915723045667,0.54721999168396
0.24880746332242734,24.212717601259772,0.5883679810543166,0.783496366170497,0.8618076914236396,0.2623805279533068,0.5532879034678141
16.54412840168953,19.80740613961326,0.4311162039831446,1.5600518444583351,6.802007887700104,0.37978214025497437,0.5381653308868408
4.56182510074363,25.057375851967265,0.4728604190090242,1.0143062190617,1.5020556357218204,0.22771378234028816,0.5623497168223063
1.5216505152217552,26.32800378415772,0.5237737099076994,0.8802837171040606,1.1579720208905335,0.19080508748690284,0.5614776611328125
0.26428080691173,27.722914866311346,0.611855602386531,0.8055650786216697,0.9718355817443535,0.14228615413109458,0.5631267229715983
0.16318916430596572,26.881833838860178,0.6683434100544554,0.8074845622966794,1.018083148094606,0.1347939384480317,0.535014788309733
0.15370366164986612,26.553970722771982,0.7129394492871057,0.7744130262395502,0.9489882113844609,0.1361701885859171,0.5328519344329834
0.16002396182992112,26.44719210674712,0.7466554008765186,0.7792147727736651,0.9702464325150121,0.1323989803592364,0.5592970848083496
0.15246115414449282,26.650326058840637,0.7362596010814428,0.8100626789075157,0.9794820396365194,0.14568570007880524,0.5727370580037435
0.14928044809458854,26.845871361623995,0.7396061924674674,0.7750973481558372,0.9820412693550642,0.1597119867801666,0.5619537035624186
0.15881315694803536,26.107901888829762,0.7204287739953127,0.820137497539991,0.946414783993543,0.17823313673337296,0.5414305528004965
0.17385925515357936,24.75416560368539,0.7153313197857537,0.8067683990272075,1.014511284219873,0.1870100274682045,0.5577472050984701
0.17636884185363486,24.869806022249495,0.7021553123284074,0.7756895899731475,0.9338767677709235,0.1975263009468714,0.5599040985107422
0.19783901749508045,23.012913857869844,0.6940946947193743,0.8069718700502908,1.1147234494381826,0.20989307264486945,0.5692262649536133
0.19740894873156034,23.077219139147164,0.6480463448934725,0.7888436823148351,0.9301785016928182,0.23178630818923307,0.5940888722737631
0.20326581363338778,22.859160430340896,0.6291659654042202,0.8029497389693964,0.8795653433961842,0.2553438991308212,0.5796459515889486
0.20331395168016872,23.034510427227122,0.6259810032322218,0.7892428879136323,0.819394886192032,0.26204523444175715,0.5606565475463867
0.20489635143441023,22.923742787962883,0.6195111073628871,0.8117775997418417,0.775095295625127,0.28299541274706524,0.5684938430786133
0.20939213689944422,22.904193334311298,0.622512304324404,0.8106879542366042,0.7728239772170475,0.2888340751330058,0.5609044233957926
0.20832551061295637,23.743864918238913,0.636914508569219,0.8083071920574073,0.8174038710490802,0.2849155515432358,0.5474849541982015
0.21802300055468438,23.27772136615096,0.6468774917351133,0.8370042414340274,0.9357157063015794,0.2953529159228006,0.5586178302764893
0.22819129492045867,23.481797187685697,0.6544170317684489,0.801708581924451,0.9174366111864122,0.2855496605237325,0.5481890837351481
0.23660408536334,24.276235528687042,0.6507228475091281,0.8288874207652753,0.8173740683414698,0.2960412303606669,0.5578163464864095
0.2455806885880878,24.294904683275718,0.6761565530819761,0.8088261902491896,0.9046070032939711,0.2729955414930979,0.5519184271494547
0.24957090284645655,24.56670183166762,0.6644386571322749,0.8235303658093082,0.8492684908863438,0.3062192847331365,0.5438194274902343
0.2572212359196959,24.023719660053434,0.6718078967612212,0.827357420895921,0.9074133702202282,0.29854537049929303,0.5376927057902018
0.2630646970908778,23.50289067011619,0.6785310328143863,0.8147136445143758,0.9891970704886264,0.29314020276069636,0.5448954105377196
0.2826652653884281,22.969415635589993,0.7046462510536616,0.7670817482012424,1.1714874734432372,0.2697897354761759,0.5363169511159261
0.2464424348205908,24.94152981855939,0.6572210324435702,0.8354485603676766,0.7929677145348822,0.3016446431477864,0.5338980356852213
0.24402075096391396,24.821344423055347,0.6579823005136605,0.8249606411054143,0.7998104567981148,0.28300717473030085,0.5381255944569906
0.2401125837035184,25.34871590587603,0.6571575549745748,0.839722475630955,0.8076233176089955,0.2875707844893137,0.5380206902821859
0.2418194980954709,25.26004729439092,0.6505888525721545,0.8522204689419147,0.7943101993758165,0.2818549424409866,0.5442261695861815
0.23527681635518585,26.12906088092656,0.6936574907821926,0.8135742382960153,0.8558026002543008,0.25010531147321063,0.5322354634602865
0.12977807503742186,16.141652984499075,0.2984786753046431,1.2207050629337897,1.0076446644615222,0.4775368149081866,0.5665787855784098
2.5822006988803383,16.56936703889451,0.4024555194544543,1.2613119860517148,3.317297778670516,0.42165184517701465,0.5388297239939371
2.6162566711745843,16.758291753083395,0.41264645848495585,1.140819042261296,2.714663980561447,0.433168758948644,0.5378476778666178
2.492853043300235,17.526233917214437,0.4290645892864831,1.053109688691616,2.3444762185777637,0.41806478550036746,0.5535741647084553
1.5997565003733139,18.293064875302083,0.4623749644814515,0.9687026320793243,1.9194622127321448,0.3958021104335785,0.544881264368693
1.4841179783976968,17.873958034447668,0.44969401030181855,0.9716919688110898,1.958100269699255,0.4145386616388957,0.5368084907531738
2.339833130746604,17.72274887543851,0.46668649477285723,1.0323163614385826,2.7007284221598553,0.41896818826595944,0.5379254817962646
1.0670628441520413,16.86737663803598,0.4279216292609211,0.9384790899668806,1.4585464910303008,0.4477908064921697,0.5461026827494303
0.4859970232207049,17.91614812714032,0.4468352485271512,0.8951861766642466,1.1155232031685571,0.4227379610141118,0.5460988680521647
0.31318328793165434,18.80074384955002,0.48109918419251807,0.8598871668046023,1.2243708669415108,0.4119754483302434,0.5435953934987386
0.20669062487688453,19.20157889081459,0.5234681540687168,0.8337911703432619,1.5568882674518576,0.39317689339319856,0.5414912700653075
0.16695835089554242,20.20780022143273,0.5372404743146816,0.8158606355797833,1.6302673407772987,0.37931636969248456,0.5277319749196371
0.15306898398629065,20.878347957733038,0.5490265952923261,0.8164471988008281,1.527323084224597,0.3716382980346679,0.5404946804046631
0.15984114861658938,21.401102735071547,0.607357737741744,0.8288713965340829,1.9154345270056752,0.3503058875600497,0.5411422252655029
0.14448590916670914,21.609197702608252,0.6024731778189459,0.8184911305437342,1.7424678720688325,0.3566652586062749,0.5411100387573242
0.16572869757834371,20.55767344792051,0.6167702531493225,0.7897387950201004,1.9887707085318327,0.3352845460176468,0.5561551253000895
0.1812908756211958,20.5557956574708,0.6184986864757763,0.7874185400772357,1.964267987407634,0.3360239863395691,0.5415603319803873
0.2809365482060917,20.370206767143486,0.6636089742233873,0.8218306908971081,2.6627029355456204,0.32797387242317194,0.5395928223927816
0.22893980313288234,20.791415149724582,0.6394263307622549,0.8315423237966195,2.1955607763469396,0.3483833521604538,0.5382122198740641
0.3032905843728478,21.403328660301096,0.686493605175729,0.817643204371851,2.613883798874055,0.3130569557348887,0.5366477966308594
0.6719840539878496,22.22995918904016,0.7529480592292289,0.8346064112359489,4.083857821351706,0.2582169771194458,0.5439762274424235
0.8978036972249351,22.087709071896168,0.7738587471893373,0.8391121579276634,4.7945977408568385,0.2423440938194592,0.5434860388437907
1.2132595201024765,21.50400558687097,0.7653289742344048,0.8953792120153015,5.741529498534277,0.2486937840779622,0.5365459124247233
1.1180517152427347,22.23751224677312,0.7830866137623635,0.850411365020251,5.359358469756498,0.23260522385438284,0.5337549050649008
0.8931599881333745,21.53565162909253,0.7571795204614734,0.8437504722621894,4.57437223538907,0.25652091950178146,0.5485018094380697
0.9495825850693956,20.787453835821832,0.7486186018959851,0.8674796207159611,4.691658291226459,0.2689544409513473,0.5558414459228516
0.5976074463189557,21.58419204693811,0.7401265114352663,0.8102034134295183,3.506655697833352,0.2781772315502167,0.5422258377075194
0.4400676353408946,21.14670287919878,0.7101812838133679,0.7976840865857743,2.8845151294775007,0.29023177921772003,0.5417526563008627
0.38505765552960963,20.012684122834987,0.6628453110077658,0.8020094525689069,2.568293002109716,0.3007144679625829,0.5469245910644531
0.3942996003603942,18.56723091603069,0.6292134855749271,0.8085104488486122,2.4952764938467147,0.33113592863082886,0.5384521484375
0.35097104567219967,17.935397382056696,0.5822201405695003,0.7903326518411579,2.1483096911740565,0.34880849719047546,0.5348263581593831
0.2842587091056439,18.625850397783157,0.5486920158605213,0.8176536626112872,1.7373550614706177,0.3645827869574229,0.5472424825032551
0.2576879179199532,20.374165436118826,0.5527285502012506,0.800784708204867,1.4721913449096904,0.3438764264186223,0.5360023975372314
0.2696433712524167,20.99629913511115,0.5764072859884931,0.7847960264157051,1.523121718903638,0.31236072878042853,0.5632154941558838
2.6426900109170552,15.912543001980131,0.3855950057003117,1.252190884115226,3.23439730094791,0.4338947708408038,0.5633119742075602
6.993313898902241,18.64001632600915,0.42349015268410506,1.304939919945031,3.047271999595379,0.4049970855315525,0.5504152774810791
3.23881533437949,18.983057575508678,0.4377308843157013,1.0918426197897622,1.7383408918978607,0.38572851816813153,0.5696942806243896
1.8554841591681777,19.918483286154952,0.4967469993248305,0.9560875234372189,1.7408617659639862,0.33978327612082165,0.540172259012858
0.9720223406743219,20.822021405732645,0.5258272920099931,0.8849833484583532,1.533785753414312,0.3173503801226616,0.5399571259816488
0.5333426568363182,20.69685064363089,0.5374628019050506,0.847769774094628,1.4616633232293132,0.31359518071015674,0.5465091069539388
0.6368430429350905,21.016769327000674,0.5224225865752276,0.8362144476494177,1.4619614957366949,0.3236450677116712,0.5389861265818278
0.40735115818199885,21.36990824352544,0.5361301516021767,0.8306645525605916,1.413494884606277,0.321147250632445,0.5427278677622477
0.2795989639001003,23.347327497939677,0.5949273894206075,0.7838952970556431,1.1723801760507806,0.28089195986588794,0.5442190170288086
0.4264907835065003,23.453156414624175,0.5717206010928864,0.8411894248898332,1.1347186772776712,0.2954683924714724,0.5540010929107666
0.3443922705756525,24.64357162703567,0.6048716069830696,0.8292288991737721,1.3841046884853678,0.28269010533889133,0.5566270351409912
0.3326977909047348,20.075999409207583,0.6356005380115646,0.8349756480936676,2.2864278378736547,0.30070637663205463,0.5348300933837891
0.2246633042390588,22.560433181416006,0.6646751976045759,0.7978956063422714,1.7970791486183477,0.28618456174929935,0.5432409445444742
0.26550188839157524,22.992844518206084,0.6753540899135873,0.8006118409984243,1.9324868508613966,0.2839227418104807,0.5487184524536133
0.22461704529246543,24.3789700528976,0.7029341914905558,0.7856517723818257,1.740446959528566,0.26608650883038837,0.5924414793650309
0.24651384030812706,23.533375674357412,0.6975541873465653,0.7711685388520341,1.8513212271078892,0.2692375505963961,0.5619708697001139
0.19505036124825348,24.54909365155032,0.7066746257410029,0.7576242645308001,1.497607554672511,0.2635186364253362,0.5687723159790038
0.19989518919485902,24.789306105472534,0.6798860033906308,0.7799968490427522,1.3838432678610897,0.28973012169202167,0.547827402750651
0.18318576000474696,24.332920177175634,0.6768797358335457,0.7621519951836332,1.2790012422660573,0.2871583700180053,0.5597939491271973
0.31297150834020215,22.973562901014063,0.7383453967173387,0.7521451787740183,2.15528055315678,0.2534565528233846,0.5649623076121012
0.25369660738269323,23.314823490898167,0.7111678599261863,0.7656368748924404,1.802273652007769,0.2773299862941106,0.5588593482971191
0.24637934564858452,23.287466133409378,0.7208144866406329,0.7700908252322218,1.8349493669764614,0.28248420357704157,0.5518115361531576
0.31690618205572146,21.38558760700941,0.7097704600606686,0.8095408420243762,2.181854675763482,0.2857329323887825,0.5486443837483724
0.28367313381259857,22.265318728764345,0.7036225737800827,0.800308167025551,2.0371924074905503,0.2887384469310442,0.54504656791687
0.29751708889590867,22.529631992233675,0.7173721755879656,0.7818241364362883,2.0868777922215656,0.27969709287087124,0.5630945364634196
0.2800634002927906,22.719690007355144,0.7105523558831927,0.7530220634710503,1.9499910412825088,0.27783483018477756,0.5454911390940348
0.35689332223999,22.549392486956418,0.7212254210651254,0.7863011727599839,2.271384858341704,0.26991069813569385,0.5489493211110432
0.40060348376356564,21.697434304662057,0.7190451334189368,0.8077234647843633,2.51136159640567,0.2764428158601125,0.5495687325795492
0.3315385731579012,22.149314957912267,0.7039924629450202,0.780283572181979,2.182628242861698,0.28633289784193033,0.5434345404307048
0.3381265919741967,22.08846065816509,0.6934002680181252,0.7860642238370685,2.175749985939334,0.2940235982338587,0.5441435972849528
0.27558891410494785,20.8251311079149,0.6453193057714613,0.7771820903317473,1.8314169935519138,0.3166263699531555,0.5312682787577311
0.499089808799518,20.51962755279144,0.7076127900838637,0.800905939070882,2.959904068086214,0.2716573377450307,0.5481699307759601
0.36797907398664803,20.869822188564424,0.681984383207,0.8138671554785538,2.301887566833508,0.2871811141570409,0.5482261975606283
0.31901162948355705,20.308499304397102,0.6605940417376114,0.8070312560723343,2.0089298310614905,0.30319039026896155,0.5654040177663168
0.26362376305851926,21.999862771158153,0.6763094815624188,0.7815309424338723,1.7104711703407827,0.2910578648249308,0.5644954045613607
0.26534362698030506,20.487368428137195,0.661824162141362,0.7814745477983068,1.7251317943956075,0.2956302314996719,0.5357117652893066
3.1869658271283705,17.435622905428232,0.4320458167940871,1.2889762067762136,3.9001436002770404,0.40698584417502087,0.5756862163543701
1.9263680308193953,24.524557888958228,0.5189090596148511,1.0089285008364914,1.2437048282751966,0.2327022304137548,0.5554747581481934
0.776717269703128,23.815879411331483,0.5467006705335548,0.9147890439901921,1.1968673700494625,0.2417679168283939,0.5657572746276855
0.32529915526989966,23.688535280636923,0.5607124151815913,0.8619969704773034,1.0649913879010067,0.25429667035738623,0.5437506834665934
0.2547940978490654,24.171211955733227,0.5659569440339689,0.8178156695650663,0.9338792978425386,0.26314942538738245,0.5408868789672852
0.1572880975939491,24.486506249658444,0.5947856135743345,0.8215874154505363,0.9091533612537234,0.2676486670970916,0.5497728983561198
0.13880893132601949,23.970288826485938,0.6220132307428635,0.8039394190460881,0.9677569889506051,0.26609184592962265,0.5598107179005941
0.13310976197013086,24.27694431068247,0.644352261692396,0.7880210202599075,0.9272821169231591,0.2571075012286504,0.5370369752248126
0.13855061732114546,24.4183261810435,0.6805614252968203,0.7738999346726002,0.9323830270211585,0.245951679845651,0.5755645434061686
0.1568520635274552,24.65668199482778,0.6936480031097384,0.7988851690002162,0.957852380794758,0.2644236733516057,0.5680152575174967
0.17414724030365972,24.463630215919665,0.7097492669851148,0.7994169650829274,0.9931365609573869,0.27756201724211377,0.5531659921010336
0.2058100063313344,23.943097738749874,0.702378099842664,0.8101549199408659,1.0588905505070643,0.28223580121994013,0.5395747025807699
0.2334569696922173,24.007482970998932,0.6951555264746144,0.8111224489396497,1.0577835884030453,0.27668742338816327,0.5698597431182862
0.2625595669693488,23.887308092505805,0.6971924356824637,0.8008339884522245,1.2210226781315072,0.26360017061233515,0.5666898091634115
0.256157823690783,24.30876640163065,0.6811164714851037,0.7955349554913663,1.085817851847471,0.2598638335863749,0.5615043640136719
0.25229681579086255,25.035137806518787,0.6809997642223711,0.7916576485945351,1.0098948036011137,0.263495792945226,0.5728116035461426
0.2589659258570484,25.15910957674789,0.684818448232351,0.808287269752527,1.0337492519064277,0.2675347030162811,0.5618865489959717
0.26868483020174916,25.017160802033743,0.6960759059721359,0.8036842877322089,1.090347731568999,0.2538552160064379,0.5679068565368652
0.27613652656097704,24.693264549238723,0.694889924281885,0.8092764778355316,1.139181809930166,0.2578144719203313,0.5548515319824219
0.2703635770696839,24.405788767587804,0.6847051197137116,0.7827933451124821,1.0996379540979546,0.25677436341842014,0.5445136229197184
0.264423203236494,23.588587393093878,0.65615492767635,0.8062065526865493,1.064414910912171,0.27633098761240643,0.559626579284668
0.26081689078385484,23.088733837696125,0.6276653651814835,0.8040176049684241,0.9791607000005419,0.291719655195872,0.5739493370056152
0.26748548567304614,22.820671980336048,0.6352994028091451,0.7953225144602737,1.0065384521095806,0.2802980492512385,0.5457391738891602
0.282410014331731,22.53287694292445,0.6554797276666787,0.8129340799007462,1.1127461987405245,0.2795362323522568,0.5600008964538573
0.27482131468030496,24.084011771698002,0.6571217233836965,0.8220014368403291,1.0229809698192804,0.27561617890993756,0.5447939236958822
0.282629627054501,24.096925822327762,0.6691224766452378,0.8450601839887354,1.0775695199037012,0.2830704053243001,0.538619597752889
0.2862995284278212,23.92716863156996,0.6815574989862733,0.7989016158720584,1.128205671086505,0.2749899476766586,0.562731663386027
0.3042938874423295,23.968283293444586,0.7032980997003958,0.8102914793278452,1.2460933397430858,0.26817104220390314,0.5784778594970703
0.2955049174727074,24.77044843355543,0.6954623150141125,0.8196275291624188,1.1581832353059334,0.27095654110113776,0.586249828338623
0.2773767373871598,25.133454673339926,0.6737195487610936,0.820620141995574,1.0327717142908472,0.28545147180557245,0.5406842231750487
0.2760657542909562,24.181613395914976,0.6609211525788002,0.8154719502621054,1.0496486975834485,0.28435813387235,0.5379022757212321
0.2722982393648737,23.525649010703457,0.6464763049800053,0.8112043159776712,1.056589169254705,0.28707154095172877,0.572678009668986
0.2570484854326302,23.767681941185355,0.6322306801838712,0.8392264401428665,1.0044295169216444,0.29512513677279145,0.539237896601359
0.24342983158909434,23.789355409927833,0.6313325909305503,0.790185073348559,1.0063921166652972,0.2809749295314153,0.5811572074890137
0.38067175347600246,16.224825971666807,0.341628989794728,1.251938883889231,1.4748933546662197,0.44856553773085284,0.5580641428629557
3.371820216529768,20.992595191328924,0.49890275491154973,1.081933270860776,2.2433547010284745,0.32709840809305507,0.5285569032033284
1.5216138102641412,23.396714406506593,0.5185397638882512,0.932858622343978,1.3821697913589317,0.257337267200152,0.546004851659139
2.4730811288121064,23.48057215844446,0.5406661355633481,0.9734731277565779,1.6474794718838897,0.25223169848322863,0.5560413201649984
2.191040486313986,24.29242910479068,0.515581759710502,0.9246880002202698,1.2552841609067071,0.2824184546868006,0.5267663002014159
1.7886202729544285,22.477213912399822,0.5146853767730496,0.9058347495875934,1.4061400435078921,0.2950540433327357,0.550242026646932
1.4782787778610462,22.85676031697585,0.5224705095281704,0.8855316199563901,1.3416242044097555,0.29930322120587033,0.5421983400980631
2.03369782750863,24.891752644922203,0.5416491294143962,0.864508539089668,1.3159943604116295,0.27364517500003177,0.5522286097208658
0.7663193663285566,24.952417177762346,0.5350751340703698,0.8574315464813976,1.056057110899429,0.26483924438556034,0.5393388271331787
0.3197694818256045,25.236980770637626,0.5728664845153818,0.8072658372479262,0.808039035412084,0.24269756426413855,0.5510629812876383
0.24375904102911583,25.291173765961386,0.5867895842290473,0.8174424111153549,0.8348041413686996,0.2546316335598627,0.5359363555908203
0.20573004084713928,25.05713302594783,0.6145499269816036,0.8010508399501717,0.7917749288050399,0.24562291304270423,0.544022798538208
0.20223437606632022,24.44682046747901,0.6241802465772397,0.8319842844581066,0.7668096536267429,0.2491305023431777,0.5584820906321207
0.20709957594168696,24.392320054983582,0.6339855957092523,0.826200317210192,0.8181260726735274,0.26024906337261194,0.5488359928131104
0.21738616689042156,24.041444746438533,0.677282155370602,0.817498914097888,0.7798945747981332,0.26315637926260627,0.5661478837331134
0.2556280457017848,24.06071946169661,0.6816183700256596,0.7939046512249441,0.8743854698341128,0.26583314935366315,0.5564162731170654
0.26782749955325524,23.501010093279945,0.6738725831758073,0.7906836902149031,0.811089049932975,0.2645631631215413,0.5243263244628906
0.2602630382568842,23.926281820127514,0.6633680625093876,0.774650688216024,0.8364162202831763,0.2606184532245,0.5650510787963867
0.2658462353074344,24.795015207250444,0.6784179523001569,0.7697080103309508,1.208338846694514,0.24418126791715622,0.5696319739023843
0.25616525440134685,23.77343815298765,0.6510978926728904,0.7709057471569283,1.2249509729993109,0.26346022884051007,0.562294085820516
0.2513188223458662,23.450417785469686,0.6356793172411676,0.7727374469734903,1.3044827610452605,0.271321843067805,0.5665426254272461
0.25421103683374197,22.418677257294352,0.6093412271737388,0.7773720137563277,1.4071529086479044,0.291705181201299,0.5611890157063802
0.29065422239854694,21.71905072648461,0.6267720026450164,0.7588467516338429,1.7077803219721897,0.2789806177218755,0.5515264670054117
0.2768727644543482,21.877895474728735,0.6169306591905545,0.7798274043824268,1.6181784421393604,0.2958420713742574,0.5693974494934082
0.29940731323011965,21.691915513584323,0.6418840464883148,0.765172937200696,1.93448406351768,0.2880839804808299,0.5563121636708578
0.3545557906845553,21.72807016183762,0.6704096423847302,0.7661106475499291,2.311122722559676,0.2796360850334167,0.551947275797526
0.34827450305709,21.114410658930666,0.6396985663086013,0.7950416301598006,2.2043271498604255,0.3022205332914988,0.5603220462799072
0.2968617679146677,21.910040002676137,0.6273869125526536,0.7731489312056697,1.9097070665704337,0.29552854597568506,0.536971648534139
0.4063062566586993,19.35636027782818,0.615859889512545,0.8088846118737084,2.3074550395612334,0.3170089473327001,0.5336716969807942
0.30069170491438535,21.210415247229015,0.6190209001324211,0.8023715652033627,1.8659294626487923,0.3186768144369125,0.5730957190195719
0.2588657223317427,22.946224733768958,0.6346316217550817,0.7934353738486856,1.5847451073861814,0.31534144282341003,0.5435400803883871
0.2967484920415578,22.564989182008773,0.6659507652487417,0.7744146359825773,1.903842531438966,0.29902076721191406,0.5380280017852783
0.28374457991981256,22.369276623637916,0.6568940222579679,0.7821313209591935,1.836900472533862,0.3115095595518748,0.5489761034647623
0.4556266047022786,18.403273989580807,0.6247247171071033,0.8276747686251159,2.6828934890122795,0.34615277747313183,0.5312980810801188
0.33946085831314193,19.35154799458543,0.6373761290322371,0.7709345930870715,2.148751997588651,0.3194017559289932,0.5514135360717773
0.3117975299454977,19.559297534598528,0.6194577927363769,0.7889804458907902,2.0428823569582177,0.33730757733186084,0.5417806307474772
0.42225322026291295,17.897660507179953,0.6218976145067446,0.8017786944598869,2.568214034951224,0.34152325987815857,0.561876138051351
0.472744505423411,17.946560747383803,0.6343202145298772,0.8316930840451805,2.800579215715525,0.32634631792704266,0.5508744716644287
0.3900154126530076,19.193882664173596,0.6582157230617893,0.7991660788422253,2.435953255049673,0.2973100741704305,0.5451060930887858
2.0383647299223964,16.176753186848313,0.39301735870064053,1.208912885219438,2.791984901873942,0.42778565734624857,0.542173703511556
1.827602911098315,22.501153244370133,0.5489345238858078,1.008988345953543,1.8051192494261619,0.2734272107481956,0.5798977216084799
2.6710010452113306,22.310882179182105,0.5221182845001956,0.9880066052770818,1.8992229440037558,0.28270217279593146,0.5462427139282227
0.5966822219283363,23.47692304759886,0.5918664704834885,0.8835806188912706,1.4932679516399119,0.26137911031643546,0.5484592914581299
0.5606924886982506,23.230885359834247,0.5979941210770588,0.8481844714210119,1.5993459814652267,0.2525335227449735,0.5351370175679525
0.5477791649173842,22.25210696117155,0.57961934593216,0.850333692293161,1.657482424764363,0.28833432495594025,0.5647170543670654
0.3075060167655923,22.184157304991345,0.5702086711073294,0.8155393631598495,1.307387790327146,0.30287710080544156,0.5798922379811605
0.48900195886309644,20.634215986246442,0.5657378850543773,0.8766116120503629,1.9518828656880025,0.32846572001775104,0.5660994052886963
0.2722206402606639,21.90968572499135,0.5711733579807374,0.8207567597253155,1.2552924071645062,0.33299262821674347,0.5616707801818848
0.20572937986070083,21.313242224361616,0.5500165839705229,0.7964513976932063,1.0082320940894471,0.34120221932729083,0.54302978515625
0.16375112291102079,22.162456710932048,0.5992792087759203,0.8137271752964369,1.1486060442322523,0.3249795337518056,0.5584221680959066
0.17474886447693874,22.212614022618542,0.6090022669291218,0.8179040288691336,1.294150827654995,0.3250394165515899,0.5456385612487793
0.1902895219719364,22.44636089536969,0.6259794558851244,0.7900137569959184,1.143494991595106,0.30398251861333847,0.5454249382019043
0.21462867828538848,21.908610879447735,0.6023950368920328,0.7890025954758254,1.102215356448356,0.31976573665936786,0.5609147548675537
0.22655631458679118,22.719771776281775,0.6472960672588736,0.7821797873391341,1.4047524984929722,0.2841563373804092,0.5556561946868896
0.2335737275032551,23.11163410622224,0.6514587950705119,0.7575956427255325,1.5779063610445252,0.27274177471796673,0.5416510899861654
0.24340475725818775,23.865540062296287,0.6799011983315347,0.7525585916224106,1.7193277655758379,0.26051606486241025,0.5680547555287679
0.2668494691022237,22.33130739780013,0.6317691886707894,0.7731914789122798,1.8043030272440328,0.29249586910009384,0.5732785065968832
0.2831490505094784,22.10844104897211,0.6375628343076936,0.8009544819426496,1.8957918165760625,0.2868999590476354,0.5692713260650635
0.35284729770495593,22.41609866607484,0.682331202716505,0.779669672161098,2.3107777813348336,0.26569829881191254,0.5629823207855225
0.49901854831081954,22.596422588131546,0.7355450407326888,0.8025982054964795,2.921398232669349,0.23771008849143982,0.5470880667368571
0.4404641962574347,24.55418150506395,0.7519687687658546,0.7720321781275657,2.524652066808985,0.2159669498602549,0.5650389194488525
1.1074366183849975,23.67645801063577,0.8087570629958654,0.8357804916960417,4.886321204784751,0.19862289975086847,0.5346306959788004
1.2716858868154557,24.118859127975487,0.8126204760260357,0.8444590334888619,5.142412809026726,0.19052735964457193,0.5685317516326904
1.3215510783582922,23.217175072386897,0.7968140042103954,0.8592491045379272,5.449184823672971,0.2113365679979324,0.5517888863881429
0.484921986867662,22.472651934138298,0.7153420288880153,0.8095468033809813,2.7787468665988526,0.27235577007134754,0.5430513223012289
0.6322294185174964,20.689399976568147,0.6852404676550848,0.8274325168250215,3.467253967512473,0.2747689833243688,0.5444784959157308
0.3923291910398974,20.140374047948228,0.619200104484154,0.8082819556695644,2.3962734336421505,0.3038633863131205,0.5591359933217367
0.34531210876550206,21.14623862327561,0.6258348633335163,0.7923439114658759,2.2221574896705194,0.28999291360378265,0.5627260208129883
0.3043201382452772,20.4414251218666,0.5946637579254784,0.8034610274220481,1.957074964909354,0.32647701104482013,0.5470443566640216
0.2985905534325067,21.256003662899335,0.6332770299074795,0.8087487786044077,2.1913243098958017,0.318841611345609,0.5473007361094157
0.5082146482500662,20.2292208775025,0.681493068016786,0.8041556425210331,3.452226099472048,0.2641390860080719,0.5443339347839357
0.24825365290792548,23.126260474175762,0.6127454393888025,0.8066463876262745,1.6934396158863005,0.3022041718165079,0.5430262883504232
0.32479566889321854,21.902192143860688,0.6807866167563167,0.7964799585708467,2.327095588670948,0.2711950788895289,0.5402603149414062
0.15126082305020724,15.62545436334416,0.3024572451061213,1.1509007147903432,0.8547048839794297,0.4714742104212443,0.4757051467895508
0.5432613458123213,14.023320887889824,0.31395209198876445,1.0970776165389584,1.2995329586466402,0.4443251987298329,0.4703772862752278
0.8250778639970274,14.39164371087473,0.3354450995252453,1.1255499175332568,1.6097394953167108,0.45245934277772903,0.4700830777486165
1.085038978911533,16.700465365765996,0.41888437748354496,1.1175853381430725,2.2666742646454927,0.41950552165508265,0.46918431917826325
0.6506968260095155,16.697481221416542,0.4138373531131689,1.076719305796624,2.0480925043068137,0.42868442585070937,0.47925957043965656
1.0606320564484757,17.145223401635324,0.4304538716676918,1.0955316561378547,2.3762413235794804,0.43206003805001575,0.47919217745463055
1.3980206238560144,18.155333543455928,0.4657256597752606,1.0068644573790173,2.2408215081340295,0.4158870701988538,0.4645570119222005
0.8310405277716958,18.31811768529577,0.46798143207942705,0.9585846260043457,1.4240661737129436,0.4147580166657765,0.46624143918355304
0.3170970939571507,19.869019469876037,0.5099728161761373,0.9268575825179193,1.1135063195932373,0.3894924968481064,0.4665970802307129
0.25790922191786514,20.435558040122334,0.5268882570149734,0.8943019160449154,1.1978577384473827,0.38524580001831055,0.4764370123545329
0.22198464211044686,21.31135072222494,0.5613162581126611,0.8424203870509835,1.3170302703523018,0.3620497981707255,0.47976144154866535
0.16567439260918512,21.424322426078067,0.5663219418083508,0.835258658024823,1.2580029723228845,0.36644431451956433,0.46453483899434406
0.1724379036874927,21.55274733936461,0.579406125216229,0.8172113675986484,1.207212004336055,0.36093152066071826,0.4725161393483479
0.18966533671505048,22.23849548361402,0.6102674234508861,0.8166167623814914,1.4053986937654628,0.3580985317627589,0.4980080922444661
0.18702341923664964,21.97380522144459,0.6025866705128254,0.8027342628677209,1.2517631609979136,0.34312668939431507,0.4732600847880046
0.1989502887394504,22.472596756448812,0.6343196208543279,0.8020487189637899,1.5128963652140943,0.3303259884317716,0.46938467025756836
0.22322355927912252,21.60579619270594,0.5945287687229839,0.7770437981535926,1.4154625246865944,0.34563578665256495,0.484902302424113
0.23117348891926268,20.9253266415701,0.5515094670611197,0.7914632063512602,1.2369721105667857,0.3653356085220973,0.4838297367095947
0.28832631902172023,21.172773833883465,0.6269964225391053,0.8237955557020671,2.250516786182207,0.32191455115874607,0.47498615582784015
0.30838237011328956,20.511376502161955,0.6132243570454031,0.8284110521029886,2.472614636902487,0.33448874950408936,0.49649937947591144
0.2562602867284355,21.294054173682976,0.5709062283604386,0.7996823274216954,1.862215540893823,0.34725970526536304,0.49356476465861004
0.2471002007173152,21.509996839755342,0.5604386181128588,0.768504351274513,1.2818374096807907,0.34194036821524304,0.4878996213277181
0.24158178807842803,22.434658373505673,0.579738334419186,0.7762251041715068,1.304109257450058,0.3285112480322519,0.4663805166880289
0.25809103658931715,23.36564466916577,0.6250625472945436,0.8099441231169205,1.9322462665274014,0.31070790191491443,0.49994397163391113
0.27144620223219723,22.247419975910827,0.6309395279515408,0.7844067813753686,2.0742156224730848,0.30597054958343506,0.4733204046885171
0.26989060522167074,21.30882128348065,0.5880149856743914,0.8092410293016986,1.8836366846559611,0.33922774096330005,0.46520082155863446
0.2478920882968844,20.519973991211444,0.5367043582949719,0.8159762278665603,1.5509658458018303,0.3543745627005895,0.48992085456848145
0.28771576505702523,18.93502817892699,0.5208580136692315,0.8449857624081608,1.9887573661313798,0.3711656630039215,0.4815826416015625
0.31000574439404793,18.995915235489637,0.5534620763577279,0.8261542417456251,2.2604131374302985,0.3347083280483882,0.4773150285085042
0.2456342396245015,19.189576918751218,0.5321879867695756,0.8164096181065466,1.8213018250063364,0.3419180363416672,0.47360603014628094
