NMSE,PSNR,SSIM,HFEN,VIF,LPIPS,TIME
0.5411228033333334,25.15141281268251,0.6587427492402639,3.5542284333333334,1.3165194666666666,0.1277343134085337,0.2803097565968831
0.15969131666666667,24.184805508786372,0.6644611537816526,4.042175133333333,1.0190010866666668,0.12381108850240703,0.0059351921081542336
0.18652819666666667,21.846096503585795,0.560934049075958,4.589695833333333,0.9568625866666668,0.14219198375940317,0.0013701121012369667
0.17780061333333333,20.82401370830441,0.5506331920330619,5.3292192,0.7646226,0.1416349460681279,0.0053143501281738
0.14683828200000001,20.841719618604774,0.5852385826145304,5.770958266666667,1.0429778200000002,0.1383753791451454,0.0
0.23989674699999997,20.589140165229512,0.5676907840749976,6.2510752,0.8440803333333333,0.1301144212484359,0.0
0.22397819,18.98454842677474,0.5258613160532899,7.8718015333333335,0.8691388533333334,0.18017869194348646,0.0068710645039876
0.23688784,18.36295098625592,0.5122740987829297,7.068780133333333,1.0102023333333332,0.14875928064187363,0.0052374998728434005
0.18444836666666664,20.14826077647634,0.5830693140798716,6.975419433333333,1.0399155833333333,0.16738922894001004,0.0095154444376627
0.08178943533333334,22.34889574459291,0.6405207561508931,7.154375366666667,0.8717351133333334,0.1469608147939046,0.0012891292572021335
0.11665001333333332,20.126425255081482,0.5989501627498593,7.3131173333333335,0.9841792766666667,0.17572893699010209,0.0037912527720133336
0.11358724766666665,19.836847227070795,0.5467105353177208,8.1626401,0.8313035000000001,0.20547758539517713,0.0014311472574869667
0.12470691999999999,18.86252684067806,0.5571331681715037,8.731856333333333,0.91889748,0.1891654779513677,0.005289316177368134
0.14392749933333332,18.76669468721097,0.5423069942665181,8.474298566666667,0.7833004166666666,0.2027332236369451,0.0
0.12320581133333335,19.42854820514458,0.5625775947416688,8.221016333333333,0.7112473533333334,0.21126156051953635,0.000764528910319
0.065795046,21.131838554411367,0.6183885367569001,8.416328,0.7915558966666666,0.22818799813588456,0.0026067097981770336
0.10940629666666667,19.238997191826858,0.5645613253561675,8.413913,0.6981936466666667,0.22913031280040733,0.0023051102956136
0.1489798813333333,18.058811924596302,0.569902351749156,7.913290333333333,0.8963243866666666,0.21427209178606663,0.005876620610554967
0.14146778999999998,18.74298493678577,0.5761000413321794,8.317311,0.9471512099999999,0.22722061475118002,0.0024514993031819333
0.148110278,18.822232554869945,0.5652084497752082,8.553912799999999,0.7597798,0.23601756493250528,0.003352006276448533
0.09533207233333334,21.113917453910354,0.5908908197452575,8.385033433333334,0.8394060466666667,0.25281353791554767,0.0
0.13237265133333334,20.700748925238685,0.6010120223436611,8.084049233333333,0.8263649333333333,0.2270726958910624,0.0032799243927001663
0.14710438666666667,19.229630130680306,0.6094354742755465,7.995547666666666,1.0727546666666667,0.23977496226628622,0.0019585291544595997
0.18285685333333335,19.185370839569035,0.5776891193468675,8.219240533333334,1.03087208,0.2700995703538258,0.0
0.16909332,18.83353070766716,0.5912487408972908,7.828622433333334,1.1164510333333333,0.2268185317516327,0.0050741036732991004
0.20215685000000003,17.878252935679644,0.5533380939863755,8.3020876,1.1010698333333333,0.273480623960495,0.0006793340047200333
0.2836655983333333,18.06451512806895,0.550707362933477,8.082660666666667,0.9430748000000001,0.28729882339636487,0.0026988983154296667
0.19485159866666668,19.258720343845678,0.59189114444577,7.022156466666668,0.9546155000000001,0.23291467626889548,0.0038295586903889667
0.08850248133333333,22.844234749093207,0.697138971733049,6.366899433333334,1.0609994833333334,0.2036015689373016,0.008966128031412699
0.24052103000000002,18.137957390277418,0.5766416611864207,6.6013166666666665,1.0034173466666667,0.216369758049647,0.0027662913004557004
0.19078335333333332,19.942605844947167,0.6289619693209184,5.6835201333333325,1.0890895333333332,0.19056036571661628,0.0046070416768391334
0.23186507666666667,18.27874415599932,0.5743061861991677,6.037803333333334,1.0175939566666667,0.20291440188884732,0.004843950271606433
0.23967431333333333,19.139025251220385,0.5788338306938763,5.662347433333333,0.89988414,0.1985985736052195,0.0055126349131266
0.15311085666666668,19.354778791852265,0.5852201787770958,5.6565155,0.9644157166666667,0.178168977300326,0.0056212743123372
0.22249649166666666,18.77898488096265,0.5195923707010078,6.079585333333333,0.9675766166666667,0.2589011291662852,0.006689548492431634
0.14265099833333333,19.495335756810963,0.5173187487293065,6.2862951,0.6345627666666668,0.2475918084383011,0.002709945042928033
0.20084315966666666,25.470731092321717,0.6293428126368771,8.519426399999999,1.2897956666666666,0.16749722262223563,0.009003877639770468
0.44077385,23.32662740447351,0.6361820996874288,5.912814433333334,1.0432917466666665,0.18488689512014386,0.0060296853383382
0.9296702466666668,21.118630364261495,0.5865406860102428,6.0158683,1.0718249866666667,0.15956240644057593,0.006125450134277333
0.5572761833333334,23.32474249751345,0.647249035242513,6.3043751666666665,1.6492305866666666,0.19314851363499955,0.004480679829915333
0.13073842333333333,24.020024195781918,0.6444141835798605,8.7025685,0.9724353333333333,0.2005217323700587,0.003000179926554333
0.2854976966666667,23.438439026224682,0.6588148962607919,6.6039761,1.3741813666666667,0.16635004431009284,0.004893064498901333
0.24961629666666665,24.849216948437615,0.6684605432088192,6.944010333333334,0.9660489433333334,0.17856920510530472,0.007630268732706666
0.2662161616666666,22.127447842385077,0.6152485756012048,8.922817666666667,0.8804500033333333,0.17732963959376016,0.0021904309590657332
0.13101491866666667,22.4581126357841,0.5875468914708293,10.478695666666667,0.6982553233333334,0.22372857232888535,0.0080916881561279
0.160451358,21.323978204365464,0.6261912561283168,8.931079,1.0438112233333332,0.1792130495111147,0.004041115442911734
0.10192404766666667,24.111654464207046,0.6213701416911691,9.675163666666668,0.8242614966666667,0.19836861888567603,0.0048133532206217
0.11209563999999998,24.644768752210556,0.6495878678854025,8.321505666666667,0.8701620466666666,0.19539629916350046,0.005541880925496401
0.08468849333333334,26.330868236045006,0.7076573871112393,7.250283433333333,0.9208938566666668,0.1702662656704584,0.005836884180704733
0.17015172533333334,22.979236730885564,0.6360543629262542,8.0998263,1.0027955499999999,0.19122514625390366,0.0
0.28699494833333333,25.49292703464664,0.6826247187622916,6.2362621,1.2109754333333334,0.19226615379254022,0.0040748119354247665
0.19697440666666666,25.08147227944362,0.6959516577627793,6.328167333333333,1.2831564666666666,0.19122809668382004,0.0
0.17771046866666665,27.787140665867067,0.7310596314453611,5.656340666666668,1.08510832,0.17902908722559607,0.005314985911051367
0.174876324,25.784026608383495,0.6864259144090613,6.867357966666667,1.1967055533333333,0.22823702295621237,0.0033848285675048668
0.18538241333333336,23.237103523433507,0.6012476087609733,9.008447333333333,0.8496404866666666,0.2803997049729029,0.0038942495981852
0.22478779433333332,23.008608327114484,0.6183181512017294,8.067495633333333,1.3600315333333333,0.2180140912532806,0.007140556971232066
0.29526499333333334,24.370627061839638,0.6672581140096919,6.521860966666668,1.2401966333333334,0.2031935354073842,0.0014045238494873001
0.12103618166666667,26.48846344040341,0.6894517849343086,7.062932600000001,0.8755460433333333,0.1969821353753408,0.0
0.24055511666666665,22.563447251012718,0.6177197263915621,8.078799000000002,0.8862957666666667,0.20649710794289902,0.0022397836049397666
0.10474182,24.989574264400748,0.6362869911208788,8.612176,0.8541574433333333,0.21752743919690445,0.0025948683420817
0.1674262333333333,23.065030349043585,0.5660917406136697,10.123560333333332,0.8494663333333333,0.2957645853360494,0.0047829945882161
0.2659187216666667,21.382322801323955,0.605915758679929,8.481102666666667,1.381584666666667,0.24542895456155137,0.005496184031168566
0.09891170433333334,25.246576830949124,0.6472596232686816,7.9722658,0.9897421766666668,0.2247836341460546,0.0048580169677734
0.120583696,25.646681691596644,0.6577015829243366,7.2263446,1.0564736466666667,0.2463964869578679,0.006650527318318666
0.15348150433333332,27.749343245391255,0.7192633498804066,5.6224598666666665,1.3304230333333333,0.23003199696540833,0.0054958661397298
0.11569726666666667,27.760570955837526,0.7131667954579067,6.0418011,1.0428982566666667,0.22353509068489066,0.002988179524739533
0.12213976666666666,27.103041955234147,0.7019966462478665,5.762892,1.0693204666666667,0.22758437444766363,0.0053044954935709
0.13505141666666667,28.086647023046584,0.7494864671444442,5.004151066666666,1.3692656333333335,0.21889298160870865,0.005185047785441033
0.4257944066666666,26.19247992410344,0.7378368837572541,4.191730066666667,1.6290822333333332,0.21699075897534684,0.0036102930704752004
0.14045458233333333,26.20702108538939,0.7111941872472626,5.768470799999999,1.0107503,0.22348405420780182,0.0041819413503010995
0.16975150799999997,25.607254666318187,0.7133866478695544,5.487483,1.1994736133333332,0.21468605597813925,0.0016020933787027668
0.20567249866666662,23.564563278658994,0.6686699813424773,6.746025333333333,1.2387101333333332,0.21647456785043073,0.0037109057108561
0.29552673999999995,26.495707019230668,0.7181152247699455,5.220815633333333,1.3333965,0.15869171172380445,0.0
0.2987199933333334,25.34995294157842,0.6088409199256394,3.6800087,1.2381557666666667,0.09571217000484462,0.0035364627838134666
0.46474087999999997,21.236147984855457,0.45554550455077036,4.072942466666667,1.0988477333333333,0.11518277227878566,0.0071192582448323
0.38823561666666667,20.730766785783796,0.4730349146209969,5.563733366666667,1.1678795,0.1319259827335675,0.0
0.36888722333333335,19.89876263738353,0.46375897172807096,6.494402466666666,1.03046716,0.10614891350269313,0.002941290537516267
0.5625479233333333,18.68633727290558,0.41619427477682924,6.223169333333334,1.0550800666666666,0.11932398875554401,0.0025411446889241334
0.25736190999999997,20.431162143849637,0.46401285954056676,6.703098566666667,1.0314988999999999,0.1594580908616383,0.0009620984395345
0.31060381333333337,19.3050771118511,0.44115941137151987,5.7832665,1.0346511833333334,0.13377322753270462,0.004320303599039667
0.21383963666666664,20.639529865821817,0.4920726332663902,6.170424033333333,0.9582477333333334,0.16435514887173963,0.003612359364827467
0.3729895033333333,18.638939479898326,0.42013500523650427,5.674262800000001,0.9183018000000001,0.1457908973097801,0.002135753631591767
0.41140344333333334,18.538059349114324,0.4190367967310924,6.079422999999999,0.9254211,0.19818334529797232,0.008282581965128532
0.39420205,19.886465017132224,0.5012790712511289,5.430987066666667,1.17067019,0.17168084283669785,0.0007131099700927666
0.47799397800000004,20.201638562166448,0.48153763997083243,5.320197733333333,1.0746100666666667,0.21654625485340753,0.0014975070953369
0.41994532133333334,21.272011626909023,0.540931350128313,5.0831167666666675,1.1925337,0.23949394623438516,0.0062621434529622
0.5014752983333334,21.322246082309416,0.5285892389581678,5.053682233333333,1.0277679866666667,0.2368808065851529,0.0033303101857503
0.42558612,21.24962192656511,0.5330327614271496,5.250839966666667,0.9966486766666667,0.24609310925006866,0.007255633672078367
0.42462371000000004,19.8235881055331,0.5190834265226315,5.6431863333333325,1.0817090833333334,0.24069315691788984,0.008119185765584265
0.2575099453333333,21.328383987073025,0.5791915331765857,5.893052099999999,1.0374078,0.249820406238238,0.0020120143890380664
0.1924158043333333,24.04851877694291,0.6052329924823576,6.3191242999999995,0.8193234866666667,0.24439775943756104,0.0
0.32461839,20.963956856316944,0.5821443136075161,5.458190133333333,1.0644494333333334,0.2249997854232788,0.0013353824615478333
0.1892359256666667,22.756667828395702,0.6311937364012888,5.650125166666666,1.1437621666666666,0.19361155231793717,0.008024851481119767
0.5222129733333334,16.706734920011144,0.49769310296097813,6.3567168333333335,0.921278,0.2329604774713516,0.0013095537821451668
0.23769539333333334,20.345287984480006,0.5781538225345673,6.066682033333333,0.9170264,0.2266497810681661,0.007220029830932568
0.11317604200000002,21.976986593296186,0.6102103331546812,6.4329111999999995,0.8251363066666667,0.23588048666715622,0.0
0.10194561733333334,22.43452339573466,0.6337209598088713,6.214679799999999,0.90253211,0.20112403730551398,0.0021799405415852667
0.13054665000000001,22.46984607713618,0.6245458055867199,6.286051099999999,0.9050225333333333,0.22618845105171204,0.0
0.12230152333333333,22.522775546799902,0.6432865702584672,5.5767897,0.8791450866666667,0.21605023245016733,0.006532510121663366
0.24296773333333332,20.830923952364742,0.6277968108370431,5.3438848000000005,1.0557119000000001,0.21316699186960852,0.0027225017547607335
0.23875266800000003,20.46695879919432,0.6192991181204239,5.352012833333333,1.1002545166666666,0.18053396294514337,0.0
0.12320575333333333,22.324948268689297,0.6520737684999486,5.870694566666667,0.9782569866666666,0.2042394752303759,0.0021786689758300664
0.15952590466666663,20.80214906463289,0.5968860111631219,6.3717608666666665,0.9270154666666667,0.22018883625666297,0.005163033803304033
0.20752447333333335,19.11249539829669,0.5569875256080058,6.982837666666666,0.7506226733333333,0.20201230297485986,0.0044300556182861
0.15210653333333332,18.966495324491095,0.5634153218123358,8.022803999999999,0.65855102,0.21570505450169242,0.004530588785807234
0.10146454433333334,20.226421894149734,0.5667515019087991,8.672329133333333,0.7057275933333332,0.20401924848556516,0.0019069512685139667
0.11429436999999999,19.725015152889927,0.5666320494079967,7.523474466666666,0.80737345,0.1679541071256001,0.0039872328440348
0.24595397866666666,24.799374514349537,0.6860976325539173,5.5138226,1.1189677333333334,0.14083368579546607,0.0027408599853515334
0.23233012666666666,22.19953564955981,0.6192643111998049,6.173919000000001,0.9324802666666666,0.14999490231275556,0.004039764404296833
0.27019413999999997,21.98397450573761,0.6391729928361218,5.940542933333333,0.9736143666666667,0.141128862897555,0.0054666996002197
0.39599957,22.550689070288342,0.6568441941423123,5.415715033333334,1.4743617666666669,0.16478349765141803,0.0034209887186685667
0.27027434,23.230242697452272,0.6830000985478311,5.533002066666666,1.3680421,0.16846128056446705,0.0047745704650878325
0.3632061933333333,20.36596136812264,0.5921396773041315,6.998853033333333,1.1834623333333334,0.17228344827890393,0.0
0.21307257666666668,23.662475357287544,0.7020332362235258,6.017341933333334,1.1371568333333335,0.1638035650054613,0.012023846308390268
0.3996613633333333,20.832325644212826,0.6294808948597493,5.979140766666667,1.38471588,0.17069039990504578,0.0047372182210286004
0.24347055333333334,20.485346188620323,0.6422289569903338,6.3573457,1.2090433333333335,0.1768404940764109,0.0023175875345865338
0.17723630999999998,21.138931636496295,0.6303005370013448,7.0162655,0.9809044666666668,0.18721368412176762,0.010362863540649365
0.098059495,24.07373864584297,0.6873736065665949,6.844738333333333,0.9620864133333332,0.1766301939884821,0.005501906077067034
0.14458437466666665,22.096145439757233,0.6395651092337699,7.2789838,0.8046223666666666,0.17966781059900916,0.0026115576426188
0.12919873666666667,22.862203991775576,0.6485538650839849,7.8900076666666665,0.7996713933333334,0.19857263068358097,0.002707084019978833
0.23562533333333335,21.144323112180462,0.6199937568498414,6.985739866666666,0.7821105199999999,0.17038492361704508,0.0
0.20545563000000003,21.053993773026647,0.5997523846632697,8.202039266666667,0.665093,0.2296202679475148,0.0030713876088459997
0.18139897500000002,21.78129118122304,0.6401198753471488,7.7158047,0.8356235333333334,0.1862671573956807,0.0018870035807291667
0.2303089566666667,20.80297572294086,0.6210385447236549,8.126356999999999,0.8592725566666667,0.18763608237107596,0.0027759075164794666
0.22403145000000002,21.171542485306613,0.6227709392523529,8.1067309,1.1691618333333333,0.20509361227353415,0.0027534166971842334
0.19201134500000003,22.79032876341758,0.6528926087956285,8.0540291,0.9433384333333333,0.19873408476511634,0.004025697708129833
0.25028871533333336,23.16533927008308,0.6587251451027677,6.883717066666667,1.1349137,0.20130278170108795,0.0019590854644775334
0.213223142,22.023488853650562,0.6287460894826323,7.820958966666666,1.0329571166666667,0.18631946543852482,0.002721945444742833
0.38396943,20.852994617448356,0.6063550962604077,7.910766366666667,1.0905947666666667,0.23082460463047028,0.0023759206136067666
0.2583014666666667,21.061981035993607,0.6042160799119672,8.375453433333334,1.0455987133333335,0.20349990328152967,0.0
0.2419473833333333,22.518210784397812,0.6307223723179162,7.808426,1.0749173666666667,0.25053047140439344,0.0032723744710286
0.29382500333333333,22.794466815004345,0.6289365812765643,7.0645508,0.9954211833333333,0.23510699967543283,0.0047335624694824
0.22208693333333338,21.85409985309538,0.6180254630802611,8.180319533333334,1.0838399533333332,0.24682927628358206,0.004755338033040333
0.29214861,20.548501910740864,0.6020916838832474,7.983688233333335,1.2801759333333333,0.26401566962401074,0.0
0.08514920833333334,22.808701240450947,0.5851933295249988,10.393869666666667,0.6244780533333333,0.2611204981803894,0.007248481114705367
0.10903620333333335,22.052339506127254,0.5617900334957692,10.117408333333332,0.8491066566666667,0.26902310550212855,0.0051351388295491325
0.08003698333333334,22.83971928113974,0.5763161042115844,10.071227833333333,0.6804461233333333,0.2618389079968135,0.0055994987487792665
0.12571260333333334,22.78701874571023,0.6259723825928708,7.7246256666666655,0.9170135899999999,0.23903271555900574,0.0033513704935709335
0.121815626,25.434017319120432,0.6802300190185315,6.077481,1.0256817333333332,0.24519285559654236,0.005702575047810833
0.075117395,26.207160532643215,0.6988502772315508,5.775240766666666,0.9651338666666667,0.25494344532489777,0.0039087136586507
0.14112021133333333,21.800240578168218,0.630471586270576,7.353325566666666,1.0607548900000001,0.2537591755390167,0.0051763852437337
0.06946822000000001,22.598334049831703,0.6251734834184689,8.378222333333335,0.97828398,0.2584745188554128,0.0015479723612467332
0.08540721899999999,21.15331783754339,0.5978051644953978,8.700246666666667,0.8380678,0.24418394267559052,0.0
0.061219205666666665,22.77734552967148,0.6671836019600831,7.437346933333333,0.7440803766666666,0.20999726156393686,0.0013355414072672332
0.06778195566666667,23.73324188314135,0.6959428140133177,6.692496866666667,0.69513408,0.19956364234288526,0.003392855326334633
0.13074404566666667,22.39636970527364,0.6884047691066595,5.889537566666667,1.1435296333333334,0.23291546603043875,0.0024703343709309667
0.09849101666666667,22.050622282064353,0.6832851296612459,5.8117531,0.6190206633333334,0.19732748468716935,0.002577622731526667
0.37267330499999995,19.746163319966424,0.6318322316688072,5.931856766666667,1.5649383,0.24573934574921927,0.0023919741312662334
0.1989518683333333,21.694423289414264,0.6739526177375685,5.1952122,1.1562904233333333,0.18008183439572645,0.004272222518920866
2.1098968466666665,22.765725474975707,0.5835217565500801,4.8648209,1.4356400999999999,0.18193995455900822,0.009482463200887
0.5782331199999999,22.8044142031259,0.5445418232915283,4.337751466666667,1.1096373233333334,0.11211047073205309,0.007978041966756133
0.6886810866666666,20.115555661081316,0.3979345932027796,4.5178969,0.9686909566666667,0.10540205736955004,0.0050415992736816
0.7850541666666667,18.565329849183087,0.37930352160083075,5.347361266666667,0.98254879,0.12372670074303942,0.0015917619069417
0.49969103,19.991162380334362,0.431643626239773,5.487356999999999,1.1592747333333333,0.1266364455223083,0.0
0.42738486000000003,19.739652819354408,0.4608931467735556,6.538668066666666,1.0279780666666667,0.1268944864471753,0.0068270365397135
0.23571906333333334,20.054102285659763,0.4725872418839492,7.4381133,0.8554223166666667,0.12609056631724036,0.0033489863077799335
0.21360708333333334,19.28359760515029,0.4842902802416719,7.709509866666667,1.02069195,0.12893133610486984,0.0019729932149251
0.334348812,18.618480716789822,0.44179149789594846,7.787766466666667,1.0244990333333333,0.15183963129917777,0.006516059239705367
0.20506223999999998,20.319334493002735,0.5000566742962104,6.894814966666668,0.9129156000000002,0.13343671460946402,0.0020620028177897
0.19405357666666667,19.080948566589342,0.5099015398867671,7.911729333333334,1.05548752,0.1620294054349263,0.0015691916147867668
0.14550380666666665,19.7585102499952,0.5545079780222312,7.710439999999999,1.1000906333333333,0.1602312078078588,0.0015613238016763998
0.11526448133333334,20.570164506844275,0.5433963146674676,8.305629366666667,0.8010943133333334,0.16985358794530225,0.0016575654347737332
0.19868214666666664,17.791874557541238,0.5265462676360804,8.774263466666666,1.1936645333333333,0.18124327063560483,0.0027930736541748
0.14897330666666667,18.117901425280067,0.5366277727842604,9.644770000000001,1.0874656,0.2217863450447718,0.005959510803222601
0.23842500666666666,17.44645744235602,0.5113352373171168,8.485300833333334,1.1903084333333334,0.22724279264609018,0.0042214393615722335
0.09593109466666667,20.13542198460889,0.545459257115668,8.748459333333335,0.60996776,0.20617219309012094,0.003138780593872067
0.210452019,18.15001178755971,0.5168096380579966,8.994298833333334,0.90698242,0.2213496764500936,0.004074891408284467
0.175651649,19.047506093382776,0.5577352933751959,8.562542,1.0239132,0.19751226405302683,0.0019503434499104331
0.12270101066666668,19.256055909447838,0.5672631697511057,9.055430666666666,0.9165167566666667,0.2181048939625422,0.0024050076802571
0.12204838233333333,19.742207817476537,0.5669432788212617,9.772162833333333,0.8683199133333334,0.24264866113662717,0.004135449727376266
0.11290072899999999,19.224957600485627,0.5778644502153133,9.634652500000001,0.9178918,0.22221182286739347,0.0027387936909992997
0.11542367866666668,19.180993622814416,0.5639137700075717,10.4389585,0.7658133566666666,0.23436499138673142,0.006087223688761367
0.135705828,19.268523084012653,0.550737849927068,10.126954333333332,0.7889985766666667,0.2526522825161616,0.006091992060343367
0.17756363233333336,17.91442387015071,0.5103326256271313,11.263022666666666,0.67690171,0.2834766705830892,0.0034825801849364996
0.09444055000000001,19.640114053838293,0.5790278188139635,10.631771666666667,0.8045597666666667,0.22738240162531528,0.0021886825561523333
0.11179498666666667,19.178288490839524,0.5561835178733635,10.611119,0.7411598,0.2633774479230245,0.0027969678243001
0.14250743433333332,18.492689337146476,0.5117820986955687,10.846805666666667,0.64703951,0.302896444996198,0.003922144571940066
0.08870902666666668,20.43481334579467,0.626462392488114,8.337586566666666,0.7893900166666666,0.21865969399611154,0.0016655127207438
0.12640803533333334,20.13602683556195,0.5499416389468013,9.028253666666666,0.7727136333333333,0.3079514155785243,0.0
0.18170857333333335,19.506388627485475,0.5751860761019801,7.919408333333332,1.0761155666666669,0.26710913081963855,0.0013707478841145666
0.16583509999999999,20.95567171237708,0.5903522215076467,7.547531599999999,0.9060005666666667,0.26570403575897217,0.0
0.13809069,20.33669903507258,0.5971159941934414,8.0943482,0.7659239800000001,0.2246192693710327,0.0016584396362304668
0.10072932333333333,21.146227622808766,0.5998558405193101,8.948442333333332,0.7922123033333334,0.23498337467511496,0.0042487780253092
0.07811026066666667,22.13217955472585,0.6431815966405036,8.279436566666666,0.8631534666666667,0.21163789927959434,0.002748250961303667
0.096757178,21.670508132693033,0.6355747556058368,8.091304133333333,0.76713146,0.23452214896678925,0.0011405150095621667
0.108662509,20.36078053420108,0.6023603806806228,8.822654133333332,0.7926396866666666,0.23280527691046396,0.0035237471262613666
0.144791269,20.070469100803354,0.589427805961736,7.7252689,0.9017385333333333,0.20727938661972678,0.0026814142862955337
0.13231636666666666,17.185998559793763,0.5288040027555967,25.361964,0.7503602033333333,0.20201030373573303,0.006199916203816667
0.15549029333333333,21.948554678753613,0.5390588446501399,13.518486333333334,1.3045697333333333,0.2651078750689824,0.005372762680053667
0.191989275,23.40309946975115,0.5837184991006235,9.821306333333334,1.2173412666666668,0.20264305174350739,0.003427346547444633
0.07610639333333333,25.654904280648214,0.6612618907200455,8.295366766666666,0.9774720333333332,0.1655109698573748,0.0006422996520995999
0.28679729233333334,20.823104329020524,0.5695771583797881,9.207371666666667,1.1621313666666666,0.19158827265103653,0.0017197926839192332
0.14094110133333335,24.36961163935653,0.6454366800441346,7.622063333333334,0.8543101066666666,0.1948066328962644,0.0019551912943522
0.21489111833333333,26.185450891877185,0.6999788713791398,5.814041633333333,1.25537,0.1860944827397664,0.0012723604838053334
0.2625240933333333,25.38272927176909,0.7107799602466948,5.2810552,1.3733345333333336,0.16049212465683618,0.0038624604543049997
0.26589314233333333,24.724054512039515,0.6771626345764662,5.991385133333334,1.0977393999999998,0.19163609544436133,0.005860964457194
0.15092430666666667,22.993827315447973,0.6507456203243277,6.4510397333333325,0.7652551866666667,0.2014515822132428,0.006830612818400032
0.27302843666666665,22.515001334740493,0.6584724697034295,5.5056912,1.2719778,0.21651672571897498,0.005204995473225866
0.27033245833333336,23.09128263193178,0.6443309984325284,5.938703,1.1468784666666667,0.20972328384717306,0.0026857058207194
0.14523928333333333,25.554055493601936,0.6800224748965203,6.172406066666667,0.86608245,0.218942438562711,0.004789829254150367
0.2637423083333333,23.139601533665473,0.6765387622925777,5.358664333333333,1.2339450433333334,0.185868039727211,0.0043099721272786
0.14610688666666666,25.041908739935156,0.6993936054163731,5.710517933333333,1.1197218,0.19536517063776646,0.003351291020711233
0.09332427333333333,26.472885694317085,0.7350468314309436,5.7579201666666675,1.0623451000000002,0.18206688265005744,0.005565802256266233
0.11106797533333335,25.307919749531592,0.6854982661158466,6.4180514666666655,1.0919249333333334,0.2325792759656906,0.0031776428222655994
0.21937533666666664,23.471973785330757,0.6544069040338405,6.710597466666667,1.064953176666667,0.24899429082870483,0.004926999409993467
0.10078820133333333,24.42717721500785,0.6879052249064085,6.556497666666666,0.9567684766666665,0.20295839508374525,0.0023938020070393665
0.13162769766666665,25.025646402057202,0.6781017936686812,7.012209133333333,1.0561401333333333,0.21055668095747626,0.0030717849731445
0.188229325,22.597576265236203,0.6315065250817224,8.249090666666667,1.0012301333333333,0.21866639951864877,0.005396763483683234
0.2493152133333333,22.798956007406655,0.6294175937751914,7.670395499999999,1.1065746333333335,0.21895188341538108,0.0058004061381022
0.09013021933333333,23.920927920854407,0.655818457008052,8.292637666666666,0.8238988833333334,0.20680363972981772,0.0052677790323893
0.10706568666666666,22.51513250960763,0.630200222203834,8.575185,0.7752556766666666,0.21059193213780714,0.008599758148193333
0.16696812333333333,21.16196432814397,0.6380487248606656,7.487258100000001,1.0112957333333334,0.1998209704955419,0.0069304307301839
0.13783811499999998,23.137431867408207,0.6601699077159031,7.037103633333333,1.1296313,0.20966094235579172,0.004904826482137034
0.24361145733333334,21.474912049409728,0.6430560218546865,6.351244266666666,1.3696444333333335,0.21952753265698746,0.005930582682291634
0.09362307333333335,23.73321430706117,0.6777851869986331,7.146212566666667,1.1327733433333333,0.20157547295093534,0.003297011057535767
0.16048072266666666,21.497074655894092,0.6178225849897613,7.087607299999999,0.9249361166666666,0.21487657725810996,0.004685799280802367
0.15919295,20.590588290275637,0.6077313718680891,7.729191833333332,1.1142653333333332,0.2250109761953354,0.0035597483317057004
0.068670994,22.46466283209152,0.6317835486870992,8.086146000000001,0.8799884666666666,0.23296376566092167,0.0
0.16240680466666668,20.809378450854826,0.6274910179003449,7.0240434,1.2212883666666665,0.23121464252471916,0.0034356117248535
0.16292508333333333,18.888390662533766,0.5965603098655647,7.707626866666666,1.0158530666666667,0.25347742438316345,0.0
0.17962616766666664,21.499911971105615,0.6624756756405751,5.818379,1.1611345833333333,0.2348033289114634,0.0033872127532958668
0.076041878,23.331314404282995,0.690409881694206,5.993583666666667,1.13349218,0.24472040931383768,0.0023345947265625
0.10560573466666667,22.54867132232907,0.7041363984481414,5.4087092666666665,1.1845565000000002,0.22057902812957764,0.006876866022745734
0.17682229666666668,21.79277401258409,0.6934373693309207,4.733502233333333,1.3727085766666667,0.24104750901460645,0.0061687628428141
0.15686759,21.195965076925436,0.6423157557375707,5.2479887666666665,1.0734467500000002,0.22976637383302048,0.002230962117513
0.6841985166666666,16.206409479930347,0.5035753886569468,14.600169999999999,0.95723609,0.29775649309158325,0.0005837281545003
0.42097412666666667,22.492734859268595,0.5712922350190571,9.647744166666667,0.9678850666666667,0.20237253606319425,0.0028027693430582663
0.2736776153333333,23.05758678833475,0.5773893740463205,9.984992666666667,0.9113171333333335,0.19756980240345,0.0028007825215657
0.243270176,22.870547971028824,0.5904910783137588,9.615558666666667,0.96804995,0.1885025054216385,0.004366318384806267
0.26313746266666665,24.879204651043313,0.6041615519110463,8.758754666666666,0.9036813599999999,0.207017108798027,0.0020368099212646333
0.21888400866666669,23.548959450347795,0.5936662282975278,9.136966333333334,1.0028679,0.22149522602558133,0.0028837521870930666
0.14482646,25.684838061246086,0.627959906276266,8.684933833333334,0.9722926666666667,0.20746872325738264,0.004745165506998667
0.19669362666666665,25.06991277309613,0.6427905950430423,7.879155333333334,0.8469155666666667,0.1962480321526527,0.004744768142700167
0.10897293000000001,24.63589198893096,0.6135046005047587,9.316835,0.9034656666666666,0.23506484925746918,0.006764094034830667
0.24211630766666667,22.72232150127913,0.5890564104171182,9.136394000000001,0.72570208,0.248935987552007,0.002895116806030233
0.15949918200000002,21.78852091787584,0.5907513254666817,9.197977666666667,0.7026675233333334,0.22833493351936338,0.006640513737996401
0.292608382,23.17271547811743,0.6087895749222885,7.944984466666667,0.8313494,0.2628684888283412,0.0006680488586425667
0.2983249833333333,26.83039876226142,0.7003471100919985,5.511258433333334,0.8027292500000001,0.25382816294829047,0.003350178400675433
0.3660064733333333,23.03715959257416,0.6248023232757255,7.814736333333333,0.7542315199999999,0.2592284331719081,0.0033390522003173668
0.14803965066666666,25.25525575568841,0.6549441908689061,7.946430499999999,0.7930809166666667,0.23003216087818143,0.004785219828287733
0.136003278,24.217803690201197,0.6301357292448317,9.014716033333332,0.8485126900000001,0.2389755845069885,0.0013402303059895666
0.18770613333333333,21.15304722912116,0.5848721075404956,10.556713,0.9508951333333333,0.2530767718950907,0.0
0.183774742,20.50003156545432,0.5773879925922611,11.414025666666666,0.7660222333333332,0.27369236946105957,0.0
0.12812633166666668,23.021601120970754,0.6046908091006165,11.24132533333333,0.6791031233333333,0.23440437515576681,0.0006933212280273333
0.15153469166666667,21.37210384396096,0.553775026521998,13.419372333333333,0.7214478999999999,0.24740452071030936,0.0014984607696533001
0.2644476946666667,21.848548518864405,0.5373150090951512,11.4928545,0.7634431666666667,0.3003021677335103,0.0058912436167399
0.2177928766666667,21.669741620858137,0.5249630633849534,11.808042666666667,0.8064297033333334,0.3500284453233083,0.0023494561513264667
0.24730651999999997,22.910180551517723,0.5530820390188418,11.023347999999999,0.6486542833333334,0.3475980063279469,0.0016284783681233667
0.3943050266666666,23.10521086249386,0.5581141438911803,9.808966,0.7024761933333333,0.33004718522230786,0.0052362283070882
0.8717370733333333,19.817350077086868,0.5063580067477452,8.493073333333333,1.3235832666666665,0.3207228978474934,0.0027206738789876
0.27039106,23.786352521032565,0.562601473449873,9.779490333333333,0.7645322,0.32029856741428375,0.0
0.28292534666666663,20.965547248318046,0.5107847911464387,12.123377,0.7009431533333332,0.3487235556046168,0.002180020014444967
0.12713450833333334,23.069747929160183,0.5432825242364306,12.464258333333333,0.6742002633333333,0.3070682783921559,0.004682779312133767
0.20993056,21.96313838869521,0.524849265035814,12.264750999999999,0.7405826700000001,0.319443017244339,0.0042925675710042
0.11057315833333332,22.773718505013765,0.5574407124646418,12.260892,0.6241638333333334,0.2634016772111257,0.0022929509480794
0.18690347333333335,22.028580589044115,0.566331574901802,10.475927833333332,1.1327296333333332,0.27776173253854114,0.0018931229909261002
0.16572873833333332,22.60960153040033,0.5859470647412934,9.114732333333334,1.2765934,0.2794874807198842,0.0
0.30693507,20.913920363306524,0.6024413412730197,7.829653333333333,1.0741282666666667,0.2354518473148345,0.001802921295166
0.6247857966666667,21.373855641697862,0.38440058995864845,3.5381208,0.80692529,0.08688432102402045,0.0013249715169270666
0.6964056666666667,17.821468773004778,0.2997185648281305,4.5562627,0.8065595833333333,0.1254504931469758,0.0034904479980468334
0.3420648366666667,19.74911972587857,0.4148991566904006,4.257667766666667,1.0829432333333335,0.1096919054786364,0.0027187665303547996
0.4332887966666667,18.576456147373555,0.4228665561762066,5.4876667999999995,0.8643843333333333,0.12985718746980032,0.003980318705240834
0.11157674533333334,22.5383426027349,0.5743314747518032,5.911160466666668,0.9683144266666667,0.11004836608966186,0.0027737617492675664
0.18716593,19.668963358222598,0.4748851517373518,6.751045666666667,0.8841960233333334,0.12649545570214585,0.004527886708577434
0.16217052,19.843374598669296,0.5154930372692826,7.4549722,0.9803248833333335,0.14164785792430235,0.002216100692749
0.20575213333333334,19.231789368574855,0.49196234332011163,8.038343,1.0149203,0.184781605998675,0.0028689702351887667
0.16705583333333332,20.11318286321553,0.5100204764626902,7.437618766666667,0.8527195533333334,0.14732784529527024,0.0027866363525390334
0.17360235533333335,20.040289436891005,0.5378342099822703,7.501388666666667,0.9887276333333332,0.17170715580383936,0.0050601959228515
0.18239809333333334,19.249203289645806,0.5479869458996031,7.207867066666666,1.0540851533333333,0.18465083837509152,0.0015293757120768
0.13873643666666666,20.159425550738323,0.57767476909283,6.7614294,1.0639720133333332,0.1867208729187647,0.0022571086883544666
0.21187673333333334,18.39963436449399,0.5237225489466923,7.173543433333333,1.0608323866666667,0.19580321013927457,0.0021736621856689336
0.12323572333333334,21.220216869437156,0.5935005831111552,6.589114766666667,0.9461995,0.1871809388200442,0.0012888113657633
0.17082225666666664,19.243082619324465,0.54671554786642,6.9577439,0.8339097,0.18922687321901321,0.0087970892588297
0.17517607999999998,19.55681781450104,0.542988140401156,7.051713366666667,0.9008696566666666,0.22303956250349677,0.0008831024169921667
0.18385590733333335,19.88352923017896,0.575556748560996,6.6439147,0.9551556333333334,0.21830929319063822,0.0014941692352294668
0.16012040533333333,20.654111356292844,0.6124266377203442,6.179587766666667,0.9711720433333334,0.20116548736890152,0.003111441930135033
0.14123979,20.346018863235,0.6068530796349533,6.6671194,0.8106385999999999,0.24111658334732047,0.0027007261912027664
0.28495624666666663,20.075907992686933,0.6188254369497089,5.614017166666667,1.1684912233333333,0.20665169010559717,0.006442308425903233
0.2840549066666667,18.91055755178644,0.5979386434512945,6.3270094666666665,1.3606920999999998,0.2279654840628306,0.0023288726806640334
0.17384369666666666,20.88495942972453,0.6473121454878971,6.230678666666667,1.2028216,0.19114050765832258,0.0
0.09903710666666667,22.14005264080497,0.6259794000552436,7.646780166666666,0.852472,0.23880697290102637,0.0
0.19585256333333334,19.897963657529093,0.5977907201337321,7.864679333333332,0.9397272533333334,0.23028668264547977,0.005490620930989533
0.10570917866666667,20.874457573507325,0.6065757982777159,8.2306629,0.9350006,0.2600410729646683,0.0
0.08181828166666667,21.236521101736617,0.6303364224559267,7.924429833333334,0.9642565333333334,0.24392454326152802,0.0026077429453531665
0.12082600866666669,20.488048154691153,0.6094891958084712,8.224955733333333,0.7937943833333333,0.24271943916877112,0.0014137427012125333
0.148405953,19.198393751821467,0.5736380760304995,8.754049333333333,0.8385278833333333,0.24926690260569254,0.007074753443400032
0.12980122333333333,19.870488669659782,0.5873374250374154,8.547294800000001,0.8395262666666667,0.2517443646987279,0.0020305315653482998
0.11824648166666667,19.81353382825068,0.5813053433375847,9.52692,0.8772561799999999,0.2639038562774658,0.004910389582316033
0.13163869,19.630298640311953,0.5963336978325691,8.826514000000001,0.8870611733333332,0.24552259842554722,0.0
0.106006312,20.73307094703046,0.6327763680742621,7.9373115,1.0403777666666667,0.21102472643057502,0.0028349558512369664
0.10262589266666668,21.770528879108607,0.6282795884437123,7.296102666666667,0.8254735200000001,0.20553300529718396,0.0031080245971679336
0.09689916999999999,21.943127589227505,0.6544407920439442,6.974635433333333,0.9559939466666667,0.2006754527489344,0.0024387041727701665
0.2989142333333334,17.543728857788146,0.55796187252282,6.727324299999999,1.0046745,0.2114236503839492,0.0
0.19359168000000002,19.741140555776997,0.5923255210148881,7.042763900000001,0.8480285866666667,0.18785206228494641,0.005048036575317333
0.14957341333333332,20.03500839627773,0.6065888108287142,7.443540166666668,0.8803114666666666,0.19886642694473264,0.005032142003377233
0.17096132666666666,19.924771553975706,0.5810651575918603,7.0543576,0.8977723433333334,0.2025974864761034,0.0028410752614339003
0.10702699566666668,21.420256674487874,0.6530990402686602,6.162923200000001,1.0928073999999999,0.15483376383781428,0.0038971106211343996
0.31889017166666667,25.152884881552897,0.6550790617791672,5.333434700000001,1.0499012666666665,0.1819915448625882,0.004756609598795533
0.6317004733333333,23.83612083519006,0.6603302325186732,4.162300133333333,1.7901115333333333,0.1649173771341641,0.0056470235188801335
0.86876951,23.553715228147542,0.6336455879596171,4.822954433333333,1.35505052,0.21320189287265137,0.0029926300048828
0.38557800333333336,25.839601498308657,0.7323440275585055,3.9405738666666665,1.632917,0.16091004014015195,0.002131541570027667
0.22965641333333334,26.303359602080253,0.7454489286988015,4.670292633333333,1.1999510166666667,0.16820380340019855,0.0013255278269449667
0.34514006866666663,24.744711618136524,0.7004271590749497,5.306036,1.2997673466666666,0.18223522851864493,0.0036331812540689665
0.5382941366666667,21.886581814965165,0.6469176203471743,4.387837866666667,1.7482151166666666,0.1693642785151799,0.0013158321380615
0.17945827,21.99524460101122,0.65814975513266,5.687091,1.0032873266666666,0.18957819789648053,0.0016839504241943333
0.28893555666666665,20.804171504495013,0.6531711284665459,5.354419233333332,1.2812522133333333,0.1853586335976918,0.0
0.34831720666666666,21.43939446275434,0.6624513585019451,6.114770933333333,1.4849732333333332,0.20737130443255103,0.0012687842051188
0.24802398333333334,21.182451796693513,0.6470719982307052,5.949111166666666,1.1311058999999999,0.19636689126491544,0.003610452016194633
0.17790858366666665,24.82803903168504,0.7180094245628467,5.676325866666667,1.2383406,0.18274399638175962,0.0037706693013509
0.29703773000000006,22.56195185775015,0.6839008164481909,5.974815433333333,1.4453219333333334,0.19100163131952277,0.007728417714436799
0.22880231999999998,21.913527654235406,0.6509322384868016,6.854331433333333,1.1283479666666667,0.1785013377666473,0.0042507648468017335
0.23396518,22.094545921177883,0.65896139597356,6.381974799999999,1.2276124,0.1726399312416712,0.0048553148905436
0.15771214,22.073025038735647,0.6503382379829311,7.288307799999999,0.8083102333333333,0.16074243932962412,0.0040462017059326
0.23117284433333332,23.83860044740948,0.687683877624084,6.0645695,1.1843202,0.18162295718987778,0.0042591094970702995
0.19927331466666665,21.693448583130543,0.6160658962616211,8.2989591,0.9218603999999999,0.22037720183531442,0.0035810470581054336
0.122521508,24.136940266995634,0.6745573168987192,7.130201033333333,0.8422611166666667,0.19768652071555456,0.0034856796264648333
0.20683737233333332,23.521026428417755,0.6789762274722365,6.185436633333333,1.2274050333333335,0.19550826648871103,0.004681984583536733
0.3044548633333333,22.408010503742545,0.6476486655011148,5.740749666666666,1.2204807766666665,0.21727502097686133,0.008253574371337868
0.27975064833333335,22.04649574616506,0.6364918883625703,7.434354033333334,1.0916045333333333,0.2157224019368489,0.007829984029134067
0.36181810333333336,19.69777026302415,0.5978185926760295,6.956451,1.4365373333333336,0.22274853785832718,0.0039847691853840675
0.2833412066666667,20.138640711767096,0.597504685353709,7.669095166666666,1.2499874499999999,0.21141314009825382,0.0025803248087565
0.14922073666666666,20.34466403194195,0.5905421000711067,9.417660466666666,1.0178980666666666,0.24442448218663534,0.005934635798136333
0.15665966666666667,21.74015887970342,0.6393411101515958,7.2191501,0.9882926900000001,0.21118665238221482,0.0021569728851318333
0.28789918999999997,17.51897842926388,0.5685865497620198,7.215395333333333,1.389212,0.24249690771102902,0.0044877529144287
0.059585990000000005,23.491108908905144,0.6672622578210196,7.3909578666666675,0.8217195466666668,0.20625042418638864,0.0022222201029459335
0.11934510666666666,22.202842073111498,0.6675775843044655,6.315854166666667,1.00535859,0.209692711631457,0.0036248366038003667
0.07449933233333333,23.525832552708252,0.6819500996138098,6.6026845,0.8939607666666668,0.2143611808617909,0.0020098686218261667
0.158505964,22.2478737012064,0.6752716788239276,5.2782268,1.1773646999999998,0.21567926307519278,0.004834413528442333
0.14789532333333333,20.988963219815613,0.641624058852048,6.228523266666667,0.8715432766666668,0.21982754766941068,0.0025379657745361
0.056114118,21.096325839490934,0.6507356840899464,7.789854333333333,0.7190507199999999,0.1734833021958669,0.0077432791392008
0.25079327333333334,24.279792193051353,0.6773334751269487,5.778706533333334,1.21502799,0.15986832976341242,0.0020997524261474002
0.21390100799999998,25.567376408471763,0.7165223862591636,5.0224614333333335,1.1892067866666667,0.1614243611693382,0.008004347483317034
0.24100423866666668,23.524108327836,0.7027045590001011,6.0416,1.233125,0.17803623527288434,0.0
0.12222961133333332,24.449130763002795,0.6613196803483927,8.422702666666666,1.1321251333333333,0.2022167444229126,0.0031038920084635337
0.223313961,21.86940587448395,0.6322418997796296,8.190825333333335,1.2939903000000001,0.18785787870486578,0.0015636285146077332
0.24920575999999997,20.781115023794158,0.6258931127730832,7.511640333333333,1.4379449333333334,0.18180897335211435,0.0023832321166991667
0.45296053,20.46346783441776,0.5986670736663039,7.041562533333334,1.4516555999999998,0.2083760152260462,0.0012358029683430668
0.3430594633333333,22.365040840748673,0.6435707466283612,6.505200800000001,1.2803441500000001,0.19803059101104736,0.006173292795817033
0.46732607,18.310117168283394,0.5849323291409317,6.173055833333333,1.5048232666666665,0.18030975510676703,0.006979783376057901
0.13819356333333335,22.275314823133286,0.6490371024614422,6.728199333333333,1.0681131233333334,0.20342152814070383,0.0023234685262044
0.20954375333333333,20.763075236936825,0.6183114686646063,6.886482766666667,0.9158650866666666,0.2147547354300816,0.004804690678914334
0.3343579943333333,20.785794649086878,0.6326366014288025,7.142893133333334,0.94704785,0.20989549160003662,0.0020070075988769336
0.1916265043333333,22.171444790137247,0.6444373278268425,7.240902533333333,0.9359574833333332,0.23979895810286203,0.007836341857910099
0.11404401200000001,24.276160322776263,0.690740020366308,7.209623000000001,0.9459101166666667,0.18079967300097147,0.008988142013549767
0.203356682,21.917154546955047,0.640002693135341,7.921839566666667,0.8648110666666665,0.22621546685695648,0.0021179517110188335
0.17514486333333334,21.919868405201953,0.6342787827540798,8.122604666666668,0.8957379466666667,0.20640491445859274,0.0043106079101562006
0.27450757,19.296874624492045,0.58996407536096,8.374699766666666,0.9048890333333333,0.1987982740004857,0.002379894256591767
0.2006683566666667,20.998782319871747,0.6342299622036823,7.819059466666666,1.0040914166666666,0.19689202308654782,0.0016299883524576668
0.129643095,22.948252344489273,0.6296385678585837,9.240473766666668,0.9089275999999998,0.264872762064139,0.004732370376586866
0.139501566,23.485488657651683,0.6480406546301348,8.824572333333334,1.0781562266666667,0.24957767128944397,0.003830989201863567
0.10724393466666667,24.20675497672541,0.6511816522509962,9.26583,0.8307610033333334,0.24045135577519736,0.0
0.26602446799999996,23.239249409596322,0.6325117839852938,8.479876333333333,1.3635598699999998,0.265458861986796,0.009811798731485967
0.3450743166666666,23.218536256697277,0.6556850673200146,6.923942666666666,1.2796457,0.21754248936971024,0.0085192521413167
0.42180755333333336,19.93051825858323,0.6144569339228183,6.859461466666666,1.7132431,0.23488181084394447,0.009011665980021134
0.13124718666666665,24.481634190125835,0.6834387532192903,7.1120636333333325,1.1202971666666668,0.20683598518371582,0.012693723042805966
0.15760800666666666,23.34788914545572,0.6615087807789584,6.976738133333334,1.0733319833333335,0.21724954744180036,0.009670813878377234
0.32325754,18.305109549098898,0.562027671656213,9.043271166666665,1.3058536333333333,0.2417991360028585,0.006784359614054333
0.12341248999999999,22.956331080968557,0.6221912989047836,8.414702666666669,1.0003860666666669,0.2089820851882299,0.012630621592203734
0.10642254,22.93240045853082,0.6102724486329657,8.671849866666665,0.69336317,0.256240114569664,0.008477687835693333
0.36595568333333334,20.14326476346339,0.6132634003110858,6.791994033333334,1.6754420666666665,0.25280136863390607,0.004864454269409167
0.2465868843333333,22.915154275731265,0.6607465534260059,5.807996233333334,1.2456707866666668,0.2147634377082189,0.010716199874877866
0.426125616,18.50690722855623,0.5724214879747961,7.802273133333332,1.7003170666666667,0.27149684727191925,0.009508291880289699
0.10118248333333335,20.570824460764754,0.606782096720187,9.803779666666665,0.8839667566666667,0.20123844842116034,0.008144855499267566
0.09023855533333335,23.39682281645906,0.6643350212033448,7.427080666666666,0.8417275000000001,0.19943077862262723,0.012796481450398701
0.17568534333333333,18.089022984954312,0.64013538882653,7.329623566666666,1.3080778,0.18543633321921024,0.009255647659301734
0.20144741166666666,19.02684042650877,0.5950793048478609,7.961236466666667,1.0261368333333334,0.24356364210446677,0.005386114120483367
0.31658518666666663,15.282653478915293,0.5519574165310402,21.052819,1.1358390333333332,0.24106706182161966,0.006074746449788366
0.6964385866666666,24.09130042809649,0.6368539187282398,5.294829666666666,1.2341882333333334,0.20030831545591354,0.007928133010864234
0.16814094833333335,25.00000996041321,0.6831051625972456,6.156956166666667,0.9616802666666665,0.17296699931224183,0.0041225751241048
0.28967259000000006,22.704957451743923,0.634234493880775,5.124443433333334,1.0428423866666667,0.18617327262957886,0.010109504063924133
0.09983677666666667,24.442367814985406,0.6913305140047873,5.462696,1.0626361500000001,0.16794962187608078,0.005828221638997366
0.11307564166666667,21.708873322198855,0.6229628689529508,6.725449533333332,0.74671464,0.18102856973807013,0.006697893142700167
0.126582265,22.4341746209369,0.6342045353126401,5.9304834,1.08657957,0.16926095386346174,0.0093137423197428
0.10905888000000001,21.31232066172583,0.6309723090319466,7.804041266666666,0.8633729133333333,0.19572437802950537,0.0063811937967936
0.08270526166666667,21.09448988819351,0.6263331628972457,8.562378166666667,0.9834995333333333,0.22264652450879407,0.006368398666381833
0.07745701066666667,20.929510022362248,0.6528961829251192,7.949452233333333,0.7240580533333333,0.20407878855864203,0.0106725692749023
0.12955859433333333,20.21477866945716,0.6419305183038547,7.627892766666666,1.2440806333333334,0.19982123374938962,0.0079978307088216
0.06649958666666667,21.288628896939226,0.6732797294633968,8.780873333333332,1.1259277466666668,0.18690831462542212,0.0074798266092936
0.08889106733333334,20.52334540669822,0.6572898261366,8.330326433333333,1.0662371333333331,0.17103057106335953,0.009615341822306299
0.11697621666666667,19.318901908653277,0.5888470366297861,9.717330666666667,1.1481358333333334,0.23832569519678748,0.006606340408325167
0.10887204966666665,19.36006091196924,0.5802371910068528,9.751178333333334,1.0462608066666668,0.2386884888013204,0.009983857472737565
0.078182905,20.649271353148013,0.6339880920108347,9.028159,0.9178543966666667,0.19335193435351053,0.0079739093780517
0.18064275533333332,18.760065936288452,0.6281977004398343,7.864218166666666,1.3128626666666665,0.24139427145322165,0.010506947835286433
0.084850402,22.519047173962274,0.7191106509058555,6.974249333333334,1.2382048533333332,0.19795771688222885,0.004406611124674433
0.13336596966666667,22.334042130682587,0.6809715076221212,6.8392369,1.3114199500000001,0.2100074589252472,0.0097252527872721
0.21429928999999995,19.260506229925806,0.643241565243177,6.479170466666666,1.2840221866666668,0.20693341394265494,0.0069460868835449
0.15614556333333335,20.16342431863288,0.619281125948275,7.623940433333334,1.1901175666666666,0.2589417348305384,0.013075908025105734
0.16011465666666666,20.719486989861903,0.6289757504464307,7.140286033333333,1.3108845333333334,0.24476475516955057,0.0093297958374023
0.16608007133333336,20.647332151902088,0.6202927378412205,7.7246601,1.1045249000000001,0.25655510028203327,0.009171724319458
0.11270164,21.5766747143216,0.6487395940455402,6.850974333333333,1.1951238666666668,0.24025402963161466,0.008340835571289
0.14862185333333333,20.791190118410285,0.6327993062627614,6.6806632666666665,1.2577873333333334,0.27909610668818147,0.011345545450846298
0.15688643,21.527558161502437,0.6683512545077521,5.792326,1.5205595333333335,0.2835890203714371,0.007358233133951801
0.16370255666666667,21.57925494253656,0.6646241968402234,5.608923,1.4274206200000001,0.2819860527912776,0.0034457047780354667
0.20980541,21.20900302026829,0.6921918430435282,5.357716,1.6691532666666664,0.2489662567774454,0.008355538050333601
0.13459094933333332,21.35957118910912,0.6891028239483227,6.043015199999999,1.3843726666666667,0.21283522744973493,0.006902694702148433
0.07884326333333333,20.8162325844493,0.6329866648711805,8.529751166666665,0.92081438,0.23590178291002908,0.011297225952148368
0.07952395599999999,20.878828865573393,0.6333720669907342,8.767638333333332,0.9252163033333334,0.21036786834398902,0.0089621543884277
0.08406897333333334,20.186838618646693,0.615055614677474,8.826101666666666,0.9499993466666666,0.2065512041250864,0.006131649017333967
0.09835608866666667,19.998031744246507,0.602279139170221,8.472973233333333,0.9838379,0.20999356607596073,0.0124095280965169
0.22467932000000002,17.195878984522647,0.49089775586995604,21.587746999999997,1.04635068,0.3256602684656779,0.012751420338948534
0.38524067333333334,25.48078805072866,0.6889089233135515,4.901921000000001,1.2666538666666667,0.1510343477129936,0.008282661437988233
0.23452335566666663,25.61166756839471,0.7008290905737087,4.6961595,1.2781094666666668,0.15949772298336024,0.0034253597259521333
0.24309193666666665,23.859945671524837,0.6767682496191679,5.21175,1.0891072333333334,0.17948231597741446,0.009561856587727834
0.20519433,22.836871221647282,0.6716836511734973,6.0687375,1.2873250333333333,0.17551269382238385,0.008323192596435533
0.18823371666666666,21.10821472552332,0.5787824535608525,7.788480100000001,0.8402706733333334,0.17264833549658454,0.013526201248168933
0.26163116,18.589824785113677,0.54065532900904,8.474297,0.8370464333333333,0.17021989822387687,0.0068717797597249
0.21638243666666668,19.84478135813012,0.5834669940833538,8.091569466666668,1.0037195666666667,0.17385804404815033,0.006756146748860633
0.23208308,19.149432196667686,0.5933424756444765,8.235094666666667,1.2233601566666665,0.2182850589354833,0.0096629460652669
0.27569516666666666,19.382581946466725,0.590704217178171,6.205515433333333,1.3347219333333333,0.17675999800364173,0.006850798924763966
0.23176297466666665,19.248492026911467,0.6066720325672337,6.681505733333334,1.2856296,0.1904392441113789,0.0094179312388102
0.18983849333333333,19.79318118889306,0.6061176996452762,7.34064,1.2097556333333335,0.21462724109490708,0.0067942142486572
0.13025725833333335,21.062776703566083,0.613808186900928,8.149827533333333,1.1071565333333335,0.2244334022204081,0.005382537841796867
0.18043785,19.564958391369462,0.6004304419778536,8.003542266666667,1.136156,0.220136488477389,0.008090734481811501
0.26259984,19.03514739273957,0.5800047779542296,8.897715499999999,1.1244193,0.22906612356503805,0.009725173314412366
0.23082934666666666,18.463400765465718,0.5579032463438672,9.460932666666666,0.9431493999999999,0.24295793970425925,0.008311510086059534
0.22412896666666668,18.665013752457686,0.5819160828316631,9.649983333333333,1.1010159666666668,0.23988006015618638,0.007597843805948867
0.1668285233333333,18.44801517034558,0.5699553185742691,10.371876,1.1226957333333332,0.25772571563720703,0.006656328837076768
0.08702785366666665,21.510884389969963,0.6138308340205577,9.97804,0.9290556166666667,0.2384027391672134,0.010116100311279267
0.08504560533333333,21.750929455720208,0.5877234414907943,11.366302333333332,0.8733422166666666,0.28223739564418787,0.0131005446116129
0.124744907,21.212025062237757,0.6454956220787422,8.769700666666667,1.2314284000000002,0.20991810162862135,0.010193983713785765
0.08741618666666667,21.288874859485226,0.6160967980261625,10.252626999999999,0.9701222766666667,0.24164042373498282,0.009124358495076467
0.18440515,17.88196712952349,0.5651635496231291,10.429457666666666,0.8771601333333333,0.2355319261550903,0.0089914798736572
0.11916724666666667,19.75513631688707,0.5801390111622472,9.706845333333332,0.9096611333333332,0.263887936870257,0.0069430669148763
0.09409866,20.522869697915056,0.5775149910530819,10.153901,0.8491356033333334,0.28005933761596674,0.006116628646850568
0.16512510833333333,19.571995279436607,0.5809007428490466,8.9147129,1.0737988233333333,0.2725549439589182,0.009331703186035134
0.14891400833333332,20.744916665141876,0.6133077235796386,7.657329700000001,1.2452194333333333,0.2771616379419962,0.0052329699198404335
0.24157745666666663,19.15215288406134,0.628517786396863,6.7210189,1.6232169333333335,0.26182869076728815,0.007034540176391601
0.20300005166666668,19.843288187450103,0.6166587162329467,6.9809741,1.2175439333333336,0.2551310360431671,0.0062823295593261
0.2967132633333333,19.091541011676824,0.6212687037454211,6.4338120000000005,1.4803583333333332,0.2148944238821665,0.009259303410847967
0.18706369666666667,20.08580156720154,0.6238026908221558,6.7796468999999995,1.2061590000000002,0.2132755021254221,0.019638379414876266
0.20864644666666665,20.21282206999256,0.6410927687063109,6.106176466666668,1.2406801099999998,0.2320611576239268,0.0117839972178141
0.20823651333333335,19.916546588905838,0.6395207787066303,6.2439289,1.3161566,0.21824555099010468,0.009708007176717067
0.51854246,18.00148785851442,0.5782123163487237,5.993189699999999,1.2915227,0.21387854218482968,0.0068092346191406
0.20735496333333336,21.261459533933944,0.6315002172141643,5.5825441,1.0216801333333334,0.20217528442541757,0.008934974670410134
0.14730769366666666,16.485327774238584,0.5067325065927543,26.874927999999997,0.94941729,0.29368642965952546,0.0083667437235514
0.16289572333333333,22.030695811104394,0.5534877634812747,13.812483333333333,1.1445777666666668,0.22990885376930234,0.0109765529632568
0.25055468766666666,24.542950470766716,0.6233775922996668,8.0593372,1.2693884333333332,0.1912116631865501,0.0101986726125081
0.13280048333333336,24.982007336325882,0.6313477753058985,9.258165333333332,1.3783682333333334,0.1579664126038551,0.007613341013590466
0.254044877,22.724896753871338,0.5610839460063484,11.768412333333336,0.9352513666666668,0.2288684745629628,0.008910020192464166
0.44623471866666664,21.43234139347987,0.5590945397798647,10.750861666666665,1.0972487866666667,0.2079255531231562,0.0031476020812988
0.480565992,22.36456764603268,0.5657459463409108,10.914401333333336,0.8217708899999999,0.2038334459066391,0.007654984792073533
0.23735699633333332,22.563302380407862,0.5498262595972495,11.585583333333334,1.1557735,0.21514706313610074,0.011960188547770166
0.25005621333333333,22.163563402036175,0.6197809028308251,8.366670000000001,1.3629118333333334,0.1795650472243627,0.0093132654825846
0.12221219,23.43828554328191,0.6286681433165602,9.549059666666667,1.0526879666666666,0.17660393814245856,0.010698159535725867
0.32772804166666664,20.17076488173525,0.5548012960807657,11.661250666666668,0.7221645133333334,0.20787794391314185,0.006872733434041333
0.19518211,21.211206604048765,0.5363599395916018,11.992166333333335,0.7167354533333333,0.22015562156836188,0.009604851404825834
0.24443355466666664,21.344713769784743,0.5768395365296929,11.861050333333333,0.7835965233333333,0.17994373043378187,0.008691946665445933
0.25277531333333336,21.691814667924746,0.5855730220229368,9.949925,0.9543044133333334,0.18466603259245548,0.009366512298583934
0.20903557866666667,21.624018572115133,0.5939870757888909,10.309993333333333,1.1569735,0.1893492192029953,0.006925662358601867
0.25673177399999997,20.378025655493445,0.5783113162693716,10.895079333333333,0.9900974666666666,0.21923162043094635,0.009669621785481733
0.208353749,21.901712063520193,0.5701496911132112,9.911453666666667,1.0024410666666668,0.2239633003870646,0.009674151738484666
0.263375612,22.88691856772303,0.6155379278800591,8.801365333333335,1.0451301533333333,0.20201202481985084,0.008974552154540967
0.48168533333333335,20.499951305435214,0.5979614333678921,7.9823435,1.3054227999999999,0.1782951603333155,0.0048416455586751
0.24715148166666667,21.294188721232214,0.55947457561724,10.943523333333333,0.7815959133333333,0.24040257930755612,0.005263884862263966
0.21537604000000002,22.09118204847878,0.5932697789773065,9.787778000000001,0.9887701133333332,0.2059241086244583,0.008015314737955666
0.1686513483333333,22.74574113868715,0.6020770187455613,9.984040333333335,1.0630615866666666,0.20362644394238785,0.0
0.313482842,20.928326354805787,0.5764444261490921,9.804404333333332,1.3379931,0.20911734302838644,0.007392009099324467
0.17724098,23.875530231114237,0.6350096025800595,8.433373533333333,0.86730112,0.20319542785485578,0.010013262430826767
0.15014824333333335,22.70400004122385,0.6279416348045639,8.551651,1.0941256499999998,0.21073137223720548,0.006609837214151967
0.13860149033333333,23.34562364108007,0.6165258711567451,9.313094666666666,0.89157133,0.21882915496826172,0.005299329757690399
0.15933685666666667,23.6881812871607,0.6188273690313927,8.780187,0.9315436133333334,0.2232960065205892,0.007641394933064733
0.11718851366666667,26.323192133813226,0.6514007702477538,7.3209352333333335,0.8798750466666666,0.25136736532052356,0.002876281738281233
0.107282665,24.828859728682136,0.6428025894603074,7.334914433333334,0.9704492666666665,0.27082137266794837,0.0031602382659912
0.18542978833333335,22.201904267844185,0.6026010813135995,8.128760233333333,1.1845976666666667,0.2762951403856277,0.006262381871541299
0.13769038566666666,23.165335390712627,0.6004290829000718,8.980761999999999,1.19206474,0.25529326995213825,0.0028442541758219
0.115470892,21.417135968470024,0.6021211040764004,9.153060333333332,1.1124571133333332,0.2339546630779902,0.0039692719777425
0.154274675,21.87088496732041,0.6001631323601194,9.666921,1.0787923666666666,0.24130331476529435,0.007033427556355733
0.142439941,25.481227330180072,0.7220579744335093,5.684326833333333,1.3634650333333331,0.17382708936929703,0.0
0.10251933533333334,18.02603043835084,0.5054747308903538,27.410526333333333,0.6596517533333334,0.24227136870225272,0.0034575462341308334
0.50564621,26.93722323122925,0.7044679323201463,4.505589366666666,1.2335338666666669,0.16177037854989368,0.003083308537801067
0.2815619816666666,24.751075037952294,0.7033555153207417,4.192878433333333,1.3727347666666667,0.14843753352761263,0.0033936500549316003
0.4505446733333333,21.219098920322637,0.5793419732345088,5.4167219666666675,1.2354022333333334,0.16564266880353284,0.004208485285441033
0.1831932066666667,22.492405095841104,0.6583302842180578,6.647660566666666,1.0210148133333332,0.17270915706952408,0.0069967110951741325
0.19849243666666663,20.530371971366595,0.5735968964504526,8.060616833333334,1.0449886666666666,0.18356854965289435,0.001966396967569933
0.23032459333333333,19.37460111287216,0.5499457237676916,8.802177,0.9562016566666666,0.18654624124368024,0.001942237218221
0.12232791,21.220022371733734,0.6190700916716944,9.16703,0.83191908,0.19206383327643073,0.0019435882568359334
0.24157924,18.946243189627406,0.5510665449971585,8.246754666666666,0.9269082866666666,0.1747896472613016,0.004698514938354467
0.09534791499999999,22.067276673507664,0.6432551278780005,8.617950266666666,0.9211905800000001,0.18901643405357993,0.0073644320170084335
0.08394059166666668,22.075032846675967,0.6465801084789843,9.272276666666667,0.8319424,0.19121418893337247,0.0018142064412434667
0.13708580066666667,20.760046703549847,0.6161931294232414,9.109089666666668,0.9055204200000001,0.20805232723553968,0.006887992223103799
0.2566089276666667,17.876354867774232,0.5474742442929122,9.7941645,1.0930146833333334,0.2326278189818064,0.005386829376220666
0.15646284800000002,19.026286076142952,0.6085676719301815,9.786720333333333,1.2080269,0.21210981408754984,0.006500323613484667
0.23389913433333334,18.30586863507796,0.5864139484477316,9.092184666666666,1.2599840666666668,0.19323966900507608,0.005147377649943
0.26952980400000004,18.940405745013635,0.6025134254751405,8.760944,1.3596435333333332,0.2248445997635523,0.005402088165283166
0.13224763233333334,20.6913409691314,0.6258331940001864,8.712027666666666,1.10103689,0.1963517268498738,0.004210154215494766
0.13647901266666665,20.12065066682594,0.6078692875181693,8.954969,0.9790331133333333,0.2057794282833735,0.0
0.2281138776666667,19.217280819356912,0.586290653141321,8.655223666666666,1.1148623866666667,0.21075592935085297,0.004956801732381166
0.22048618833333333,19.958076807561394,0.6048883720696112,8.464167333333332,1.2521736333333333,0.18952185908953342,0.003319025039672833
0.20228036333333332,20.40926678825914,0.6063294084080112,8.848382333333333,1.1655763666666668,0.2043685962756474,0.009193340937296499
0.21554605333333332,17.951749929984363,0.5529127688076413,10.197258666666668,1.0251724999999998,0.22792383035024008,0.0013399124145507667
0.21110611666666665,19.712390070296596,0.5834123976166571,9.140137666666666,1.0917142666666668,0.22689654926458994,0.0034184455871582
0.12035490500000001,20.481926312331343,0.6019799612584139,10.075323,0.9362638666666667,0.2321449170509974,0.004697958628336533
0.226403578,19.089189172945677,0.5577683520610498,9.120479166666668,0.84878813,0.2578190664450328,0.004099607467651333
0.13650338866666667,21.02193173768553,0.6094302344818666,9.399237,0.86834948,0.2302834242582321,0.0025417009989420337
0.27276167999999995,18.950330411714926,0.5513290808959838,8.866109,0.7985945466666666,0.22342979907989502,0.0048145453135172
0.27008640666666667,19.525002617673724,0.5831321016276735,8.030108533333333,0.9450074333333331,0.2466579626003901,0.0029458999633788997
0.104094223,23.62361283508996,0.7097739949250252,6.9632939,1.0562290566666666,0.16672717034816742,0.0020492076873778998
0.24320409666666667,20.635535292344567,0.6388071228643167,6.945705666666666,1.0954539466666666,0.19357514381408691,0.0033880869547526
0.16555562666666668,21.608936610370463,0.6625514741675779,6.720737199999999,1.0122672233333334,0.1802280396223068,0.008911450703938733
0.19975660533333336,20.19376867957257,0.6324076371805393,6.6524697999999995,1.0240012,0.21380287905534104,0.0
0.09999442333333335,23.38551160183206,0.7018047572835426,6.186777800000001,1.0882950900000001,0.18181538581848136,0.0024820168813069333
0.12842170733333333,22.762029663852264,0.6958198786421633,5.8646807333333335,1.0141048,0.16796597838401786,0.0031264623006184663
0.14064197866666667,22.544837062956343,0.6903411607012231,5.4834768333333335,1.0478394233333332,0.17788449426492048,0.0076965490976968675
0.11385825833333334,22.620046878765596,0.6959634381548784,5.249327833333333,1.0055482666666666,0.19175046682357785,0.006154060363769466
0.3828269063333333,25.250438048279563,0.6835440963591636,5.024160433333333,1.3506091333333334,0.17507721235354742,0.0041108926137288
0.14817654933333332,25.68215413570019,0.6996698784859491,6.067016,1.2345214333333334,0.157071016728878,0.0
0.20479235866666667,22.01895360294935,0.6471039010622058,6.827496233333334,1.4229490333333334,0.19103075067202246,0.004931449890136667
0.11377358266666666,24.85069504459847,0.6717723758454021,7.2950975,1.13622842,0.16513377179702118,0.006101767222086533
0.14098749333333332,22.740692871367838,0.6469516262013909,7.6035966666666654,0.9933970200000001,0.17819863061110175,0.002194801966349267
0.11133255666666668,22.393645931265382,0.6387975579948836,8.410540666666668,0.9309605833333333,0.1799171020587285,0.004989544550577734
0.39971083,20.543552509990633,0.6157160559300598,6.705505433333333,1.6092717666666665,0.21803943812847137,0.004434982935587533
0.10450365333333334,24.098385554496733,0.6809255787723468,6.984311466666667,0.8352311166666668,0.19277590761582053,0.0
0.15739755933333335,24.504333629267062,0.7021932370192688,5.000337066666667,1.0426677666666666,0.18763753275076547,0.0006948312123616333
0.27888616,22.513161542214235,0.6570193053217309,4.6597255,1.1206729333333332,0.17662951101859406,0.0028124650319417
0.5315033166666667,23.61213098054493,0.6719242541596729,4.466860033333333,1.7154943000000002,0.17995952069759366,0.006412506103515566
0.5208967233333334,21.69190222624157,0.6478305751329003,4.769784566666667,1.7686291,0.19998245934645334,0.007476568222045833
0.22056538866666664,26.676896241957817,0.7329321796357364,5.036667666666666,1.3351786166666668,0.19837076216936111,0.0036761760711669666
0.13627217466666666,26.23228282963083,0.7131330625614298,5.561693033333334,0.9077591333333334,0.1636786460876464,0.005731344223022433
0.12896489866666666,25.985879558803585,0.7028755415806113,5.951081133333333,0.9858058333333332,0.20491296549638108,0.0014638106028238666
0.22207633766666668,23.902859725217112,0.6748221098706542,6.3064149,1.0467990666666667,0.19177318612734473,0.002833525339762367
0.24869448666666663,21.107712311633087,0.6406525603696306,6.5768725,1.1544405,0.18310488263765967,0.0023104349772135333
0.26600424666666667,21.33748321523147,0.6107694903794939,7.397151466666667,1.09599012,0.19447920719782505,0.0015067259470621667
0.30680345,21.519765913043233,0.6152371711864438,6.928339333333334,0.9384900833333334,0.20325147112210587,0.007033983866373633
0.21287067,22.73871483001371,0.6663183343196563,6.574850499999999,1.1560146,0.20365942269563675,0.0035849412282307667
0.14858604333333333,26.107713584560667,0.7220861956686178,6.0997148999999995,0.9652089533333332,0.17172369360923764,0.004092613855997667
0.13328943599999998,25.940586280098497,0.7038739838217105,6.757324566666667,0.9787735999999999,0.19611389189958572,0.004299322764078733
0.20765521666666667,24.950786864723995,0.6918921248164581,6.159573866666666,0.9148302333333334,0.16263711700836814,0.003113746643066367
0.19202424333333334,24.548076518856533,0.6631032086184007,6.954343266666666,0.8698704133333334,0.2059063365062077,0.002029816309611
0.10849118099999999,26.006038354609597,0.7145167669880887,6.944338833333333,1.0086170833333334,0.17173927774031958,0.0009710788726806333
0.16063349533333332,23.503152771336897,0.6762854841095702,7.152591,1.0143075333333333,0.17806561042865113,0.0023261706034342334
0.161748106,22.546047472770766,0.6557210585265811,7.353766333333333,1.0990981533333333,0.1878692309061686,0.0087368488311767
0.214835016,21.31654269194745,0.6057812550294077,8.322002499999998,1.1855026666666666,0.26651221513748163,0.0011734167734781334
0.08653746333333333,23.690936096997447,0.6545548059730041,7.928048666666666,0.9805492666666668,0.19637480874856308,0.0
0.12516359333333332,21.882673779903683,0.6083337538923116,8.849131333333334,1.0800498166666668,0.22297445436318708,0.002296447753906233
0.156844562,21.06633528866777,0.6148706288319695,7.954848833333334,1.19377065,0.22619547446568802,0.0016322930653889667
0.12841996033333333,21.783544921681138,0.6308354769525556,7.952583233333333,0.9765554,0.1960274775822957,0.0047520796457926
0.074601889,24.973183727724173,0.7153590532879583,6.0944751,1.1111606833333332,0.18966986735661825,0.002601941426595033
0.069441608,25.955846285268546,0.7442159167020211,5.182448733333334,0.9898287333333333,0.18576746185620627,0.0033948421478271333
0.23755938,20.608749552833967,0.6485464422327162,5.9091868666666665,1.3772416666666665,0.2204770048459371,0.0089050928751627
0.130671771,20.959938607369875,0.6627632150653745,6.916685766666666,1.1458037233333334,0.22291080405314756,0.0031442642211913997
0.04956250433333333,23.990795622319805,0.6801571248001609,7.354366666666667,0.9146173833333334,0.19523691385984418,0.0047624905904134
0.28177433,17.055675318376753,0.4961192584689971,18.704522666666666,1.1817466333333335,0.32097767293453217,0.0038243134816487337
0.26675215999999996,25.986328178137867,0.6705254196372757,6.431052000000001,0.99846428,0.16409064580996827,0.0045875708262125
0.28773902,25.23956830778948,0.698032857175729,4.488524566666666,1.2639917999999999,0.1680878922343254,0.0062347253163655
0.4380882466666667,22.476945804262684,0.6196360089970333,4.7843717,1.2851977466666666,0.18054127817352614,0.0030710697174071663
0.4024474933333333,20.172094502624358,0.5733328668971754,5.3119432,1.19902105,0.16145569334427515,0.0018500487009683998
0.40622591,22.97262562973732,0.6649895468481937,5.0501868666666665,1.4671812566666667,0.16328406582276023,0.0017479260762532332
0.4187741653333334,20.67656115720462,0.5955070144906568,6.157316833333333,1.2316869666666665,0.1704801271359125,0.0020043849945068333
0.20909370333333333,22.593142585611087,0.6437326478124717,6.931181766666666,0.9757945999999998,0.197574553390344,0.0017893314361571999
0.2413821733333333,22.563743712949556,0.6719651119149851,6.561693233333333,1.2128961,0.17903593430916462,0.004582007726033501
0.47605202,19.60090283177018,0.5938459484780111,5.835437166666666,1.2560411333333332,0.20966169734795884,0.005281289418538368
0.127287498,22.098928849894936,0.7015594129305341,5.885741633333333,1.2335540333333332,0.1890618254741033,0.006227334340413366
0.17325116000000004,21.84463535514047,0.644264889684406,6.147131433333333,0.8051727333333334,0.194386509557565,0.0
0.28709544666666664,21.224374246780012,0.6221591928006679,5.402595333333333,1.2167460466666666,0.1741890932122866,0.0027209917704264
0.21804159999999997,23.666238697735178,0.6901703088505923,5.126199499999999,1.2472160666666667,0.17247796555360154,0.002105633417765267
0.42779310333333337,22.322294008334712,0.6462082164323782,5.2391602,1.4449466533333333,0.1851982697844505,0.0030072530110677002
0.40255512666666665,22.786400388571508,0.6635252352231106,5.6988418,1.321978,0.20560486117998758,0.004005352656046533
0.3415540633333333,20.879892318841673,0.5996768822368668,6.1057755,0.9755225566666667,0.19452251493930814,0.0060616334279378
0.21409408,22.123927183567815,0.6610700630193386,6.9667822,1.3548107333333332,0.2088655854264895,0.002128918965657533
0.23892491333333332,21.203330269332586,0.6108573647272181,7.318715999999999,0.9674891666666667,0.20665189127127323,0.002492427825927733
0.133549895,23.32333633629766,0.6836671805949379,7.095945533333334,0.9584280333333334,0.1771005392074585,0.0029013156890869
0.16975894333333333,22.834890146682056,0.6747337615651151,7.097571833333333,0.9976411666666666,0.1834803049763043,0.0035481452941893998
0.20582724333333333,21.989217469922924,0.6746916594441409,6.891597566666667,1.4165603666666666,0.18761594841877613,0.0014695326487223
0.3091060466666667,21.10018827310182,0.6460670276275325,6.6110581,1.3493564866666665,0.1907674421866735,0.0014799435933430666
0.21230598999999997,22.315517913169867,0.6434285240870766,7.192020666666667,1.1294770833333334,0.19185522943735123,0.0014108816782633334
0.26698908,20.19602693680322,0.5996834594733587,8.214139266666669,1.3192715333333334,0.21895473202069596,0.0026024182637532332
0.12931347,22.592043168161766,0.6231725677668113,8.820669133333332,0.9080263866666667,0.19374576707681015,0.0027634302775064665
0.25593706,21.04902799480934,0.6049439466767819,7.580129899999999,1.0340460833333334,0.20817651847998295,0.005377610524495434
0.21034048766666666,20.168299874239764,0.5812364963841574,9.555038000000001,1.1128941833333332,0.241337979833285,0.0
0.2771888866666667,17.197493568691296,0.5115863883981231,10.967738666666667,0.9651401333333333,0.24609491229057312,0.0025675296783447
0.23282162333333334,19.24559538324814,0.5725154922718761,8.1406018,1.1520728,0.2338207860787709,0.0050867398579915
0.12030748333333334,20.464321304113795,0.5745820329189945,9.618435233333335,1.0515316233333334,0.2562904506921768,0.0
0.14657314666666668,20.7894061652723,0.6136635222782202,8.108604866666665,1.0629837333333334,0.2151892681916555,0.004448175430297833
0.06901261566666667,21.485464034281012,0.6287404492625135,9.156701333333332,1.0161012566666667,0.21670063336690262,0.0042624473571777
0.146446015,19.36623225556201,0.6068948868075641,7.756789466666667,1.1755772566666667,0.24700393776098886,0.0013375282287597333
0.07377780733333333,24.322327930469474,0.7135242292826991,5.851454466666667,1.0892026866666666,0.2250075091918309,0.0052990913391112665
0.10577671999999999,20.15507973729771,0.6238210628145259,7.797733333333333,1.21913428,0.2557845413684845,0.0041264692942301
0.19766113200000002,18.244114533856443,0.5541793559420592,7.8724722,1.1902223,0.2859957118829091,0.004345178604125932
0.12763919333333332,19.142713624234545,0.6346556746941658,7.625057600000001,1.3560777,0.2342124034961064,0.006441434224446566
0.12773517833333334,17.000397962332485,0.4822142910114697,27.11128366666667,0.9277037833333334,0.27629796663920086,0.005737781524658166
0.3051379066666667,20.830213913834502,0.5720657206695421,10.64946,1.4255314,0.22083551685015357,0.0027221043904622332
0.1206272,25.13773485594949,0.6582806285850592,8.215012666666668,0.8675364933333333,0.1786227126916249,0.0033770402272542
0.20194698666666666,23.256753850443957,0.638790384033848,8.006820166666666,1.2544748333333333,0.1696378365159034,0.003446261088053367
0.2666351186666667,23.62707767681249,0.6349323431849588,7.782544833333333,1.3559873333333332,0.2060327182213465,0.005887746810913033
0.20550069699999998,25.800971369640134,0.7160573509420235,5.984059566666667,1.3422072666666667,0.19195773204167685,0.0055863062540689665
0.23974881666666667,22.158796978385595,0.6397485283655026,5.620958399999999,1.0299058766666667,0.1761473591128985,0.0022016366322835
0.28651834666666665,19.745170827356148,0.5941849740856311,6.507888933333334,1.0448749333333331,0.2445168048143386,0.002771298090616833
0.146688968,21.047761204702084,0.6510503730118806,6.222453166666667,1.0532972333333335,0.18677348395188645,0.005074659983317033
0.14637493566666668,22.726167768442025,0.68323329798264,6.676972999999999,1.0867674999999999,0.17859720190366105,0.0044113794962565
0.18554070966666666,23.4620437587471,0.6683197491307546,6.921382033333333,1.0143569166666666,0.19207320610682166,0.004542668660481734
0.17312888766666668,22.6819895250995,0.6574934075033129,7.055520633333333,0.9919665333333335,0.20118285218874613,0.0028099219004312664
0.14135452,23.175523704282096,0.6690347934928688,7.4576488,0.8782435533333334,0.22498577336470285,0.004788239796956333
0.08813979066666666,24.404200450028913,0.699094769442917,7.417406633333333,0.8716205,0.1763031681378682,0.003946622212727833
0.13260358533333336,22.962184716735948,0.6457874744207394,8.794878833333334,0.9163905,0.2230678598086039,0.0
0.197310145,21.827425671903132,0.6161701437495398,8.615313200000001,1.0288088999999998,0.22574032346407572,0.0017360846201578666
0.26655092333333336,20.155191323859434,0.5967014939562255,8.322799866666665,1.0069596466666668,0.20546833177407575,0.0027055740356445
0.35425512133333337,21.706014718836656,0.6333310919125916,6.411152166666667,1.4935296333333332,0.21242253979047135,0.0024146238962809
0.6030162166666666,16.885500465478515,0.5235346164161764,8.585529566666667,1.7100896666666667,0.27134473621845245,0.003424962361653633
0.43964336,21.398715530228273,0.6164876073992288,6.466829166666667,1.3307194333333332,0.2281255225340525,0.005612691243489566
1.0171067866666668,21.687470836503184,0.6074985438795958,3.917517,1.9537959333333335,0.19393668572107947,0.007803281148274666
0.9982244666666666,19.64118968028154,0.5918579482406595,4.9615928333333335,2.1750629333333333,0.22879097114006677,0.0022269090016682667
0.15129700666666668,21.127927186942692,0.6051861118581154,8.320974533333334,0.95663578,0.19487653175989783,0.0046300093332926
0.5263421633333333,20.273156799756375,0.6499034324950316,4.9340652,2.1099899333333334,0.19075018664201096,0.0062001546223958
0.5354369166666667,20.72368301484885,0.6398667443593006,5.280963799999999,1.8522400333333333,0.20598870019117987,0.002589941024780233
0.22249160933333334,22.297228634344588,0.65364073196845,6.1410979999999995,1.2896182,0.21090007821718845,0.0035503705342610336
0.10536003866666667,21.6534946166386,0.6212258460722758,8.030082133333334,1.0617375333333334,0.20691867172718045,0.003252585728963167
0.12210895,18.725852333303138,0.586654678273002,9.493439333333333,1.0015786733333332,0.23793597519397736,0.0
0.08362425333333333,21.651207907908685,0.6299872686572523,8.031822666666667,0.9724044333333334,0.20225818455219266,0.0010382334391276
0.08038780333333333,23.696882621988795,0.6726668825124412,6.638731933333332,1.008701,0.1721332396070162,0.0028988520304361665
0.5190958166666667,24.57817123362391,0.668988910293698,5.839759400000001,1.5946656666666668,0.16800919920206067,0.0
0.21823506000000004,25.241949233513694,0.6864487370697381,5.748030666666666,1.1747984333333334,0.16313633074363068,0.0033870538075764667
0.21219558000000002,22.99816965182384,0.6371738322158907,6.846418533333334,0.9027468700000001,0.1992476930220921,0.0018703937530517333
0.20137082466666667,22.626911014944074,0.6500851812570622,6.748938,1.12094608,0.1756353030602137,0.003981987635294567
0.11562004666666668,24.151390286317593,0.7033790581372205,6.8776765666666675,0.9380805200000001,0.1745337198177973,0.006401300430297833
0.2104035476666667,22.66030570095884,0.6609172707412956,7.030262933333333,1.2833875333333333,0.18376415719588593,0.006850163141886366
0.24723267333333335,22.420621559736237,0.6367022308569247,6.547212766666667,1.0201805333333334,0.1853236804405848,0.005123297373453733
0.17708283833333335,23.075578971283054,0.6551487824012877,7.507073000000001,0.9312242466666668,0.17769430081049595,0.0082659721374511
0.23111558333333335,23.179942910191215,0.6545629385357822,6.950049666666668,1.0585522533333334,0.20470658441384626,0.0033957958221435334
0.33444467133333333,21.63706263332439,0.6476334353095609,5.570959733333333,1.3620606666666666,0.19182802736759186,0.008860508600870733
0.31227501,22.2904882445972,0.6545002488514959,6.051311899999999,1.213358,0.17826880514621735,0.0036892096201578666
0.24340894899999999,24.178200064184097,0.6637085501932519,6.076051200000001,1.1191418033333334,0.21900362521409986,0.008761882781982366
0.2730923333333333,23.46516118595274,0.672367194632819,6.123123,1.3160820466666665,0.21457109351952866,0.0073010921478271
0.20291142866666667,24.689375129534188,0.6912143213633987,6.125027633333333,1.1434487866666667,0.20513449112574256,0.007371981938679967
0.25053575666666666,23.407942402749963,0.6763086697625718,6.086990766666666,1.15672019,0.1826423406600952,0.0034714539845784333
0.21904859666666665,22.963410889007623,0.6671114977123528,6.4655431666666665,1.0515752866666668,0.18575067321459449,0.004693667093912733
0.13198559533333334,23.16008093256964,0.6439547195252877,8.0485851,0.8748099366666667,0.21903996169567108,0.0089921951293945
0.09101412999999998,25.50406223117433,0.6922262943598484,6.958949866666667,0.8799014133333333,0.19370165467262265,0.010688861211140899
0.07616703866666667,26.802671585248504,0.7166367946926098,6.877580766666667,0.9818393,0.171232762436072,0.0033600330352783
0.17245009333333336,24.438653676922247,0.6795409080479545,6.905335,0.8250297766666667,0.18662953873475385,0.004834254582722967
0.11873800233333333,25.856099751598844,0.6916544789706119,7.119396233333334,0.8759329333333333,0.2287895580132802,0.005539735158284467
0.14024901,24.789697749422306,0.6646549929103407,7.722028766666667,0.86634732,0.1910243183374405,0.0033956368764241334
0.22944907333333334,20.745584585886323,0.6065924127329193,8.220752466666667,1.1275429,0.21496101220448813,0.009243090947469033
0.19809384033333333,26.214094060078523,0.7084006881987689,5.3726285,0.9027375566666667,0.206850657860438,0.008741299311319967
0.13566964666666667,23.59226863245975,0.6438284299079602,7.470501,0.8538559933333333,0.20282697677612296,0.0062364737192789335
0.16157007333333334,21.489296939231195,0.5959482877896495,8.863608333333334,0.9612044666666666,0.23183950285116825,0.0055152575174967
0.1453000633333333,21.65673720940393,0.5901398413439697,8.694707000000001,0.8780656000000001,0.22027330100536346,0.010189533233642533
0.24919154000000002,20.14409543956093,0.594040566467735,8.099660533333333,1.4031174100000001,0.24892036120096842,0.0054233074188232006
0.11249362,22.190017521272306,0.6139583802468358,7.742786,0.9252504666666668,0.25859881937503815,0.008514642715454065
0.13290370933333334,20.69770639358138,0.5938577231033747,8.0697712,1.1876035766666666,0.2564094265302022,0.006922642389933267
0.080928845,24.77058755014831,0.6926790448455405,5.824474133333333,0.9534388133333334,0.22711258133252463,0.009275515874226833
0.24626862666666668,19.481103940508834,0.6235647643644563,7.123390133333333,1.4906812666666667,0.2342452754577001,0.004408518473307267
0.28881708533333333,17.760549611094664,0.5831144223617829,7.616310333333334,1.4610370666666668,0.2629983921845754,0.004554986953735333
0.12420200333333332,19.79575261387997,0.6235417835455054,7.570079100000001,1.0797738666666665,0.24603825310866037,0.007667620976765933
0.10152087666666666,20.583496369795043,0.6278765267751537,7.505275133333334,0.7967682666666667,0.22329204777876532,0.007012923558553034
0.5206002233333333,17.540350407756925,0.3229293423941116,6.4349479333333335,0.9316941466666666,0.13801908741394678,0.004266262054443333
0.5722135166666668,17.56745920872961,0.32939376713078977,5.688877566666666,1.1180200666666666,0.12908243884642917,0.009902556737263934
0.6559540966666666,18.09703840103843,0.343445853219529,4.402019,1.2344335466666667,0.13090486327807102,0.0090814431508382
0.47146041666666666,18.561467434508728,0.39489956001439896,4.3854105,1.2028605333333333,0.13054779420296347,0.0012203852335611668
0.5847014066666666,16.684111605688873,0.39144726437058885,5.485115700000001,1.2380617999999999,0.17777507503827406,0.006734689076741533
0.25353943,18.921244634197155,0.47953263847016725,5.806646099999999,1.1456415,0.20742486913998923,0.0042613347371419
0.21976307999999997,18.03724691023069,0.5016350374705661,6.732778766666667,1.0152973033333335,0.22039690117041266,0.0054249763488769
0.16516702333333333,17.98076085841906,0.5278210648330898,7.7044934666666665,0.9224448166666667,0.2650781273841858,0.006494601567586234
0.12564161199999999,18.703972948740688,0.5845818934634708,7.413499333333333,0.91623862,0.27495013177394867,0.011758009592692034
0.07808512,20.522961064915428,0.6258710925718326,6.831965766666666,0.8585931866666666,0.23436272144317624,0.006786028544108066
0.08050420466666666,20.846665649924798,0.6404240935631988,6.598247633333333,0.9817216000000001,0.28695045908292127,0.005890528361002533
0.14653579333333333,19.504288062475627,0.6326715829768689,6.598028199999999,1.0898549666666668,0.2859244445959726,0.0034449100494384666
0.08319472933333333,22.342162733125758,0.6681787534772393,6.309489666666667,0.8815787966666667,0.26749126613140106,0.006461620330810534
0.10030431166666666,21.042417202328835,0.6805138868436905,5.892653800000001,1.0822817666666664,0.28271113832791644,0.005446751912434867
0.07502423233333334,22.66031539391928,0.6861966548899151,5.8591908,1.13758452,0.3104129334290822,0.005149920781453433
0.11987710833333333,19.88352647425052,0.6634506452926447,6.064427866666667,1.0668290333333335,0.3082420080900192,0.005287488301595
0.09234900533333334,20.23689718125106,0.6351012594397097,6.8072645666666665,0.8542592,0.29567140837510425,0.010230700174967399
0.09657417,18.891532752781462,0.6163278927173771,7.540175766666668,0.7094418133333332,0.2968960255384445,0.010111490885416633
0.1289660433333333,17.169717026615597,0.5896573091500711,8.313946333333334,0.62926312,0.31561972697575885,0.0103509426116943
0.13551424666666667,17.000627399608273,0.5766589402854514,8.479691333333333,0.67672041,0.3222150107224782,0.0095713933308919
0.144928005,17.041300224352508,0.5881730911625201,8.3314635,0.5127352133333334,0.30565473437309265,0.006942033767700167
0.06359030833333333,21.529498232872424,0.6290887331410563,8.1668065,0.8530961,0.28751512865225476,0.0072391033172607006
0.1556619,18.681186699967796,0.6115798335460884,7.450756999999999,0.74691551,0.2649722695350647,0.005533615748087532
0.22747925,18.297525413451,0.6027167022927556,6.902322166666667,1.2235661,0.30054480830828345,0.006338278452555301
0.11657639999999998,20.96341855836082,0.6261667160322292,6.602651833333333,0.8754954333333332,0.33533618847529095,0.0126574834187825
0.15048282133333332,20.09799806171964,0.6224869987192265,6.442935299999999,0.78039397,0.3102424268921216,0.007125536600748667
0.2234538633333333,18.926005223395194,0.6036212920253466,6.140944033333334,0.93002479,0.34716176489988965,0.006944576899210568
0.2088826066666667,19.48823015750142,0.6091594541650821,6.297694033333333,1.2347031333333334,0.3557424346605937,0.009244124094645133
0.17934998333333332,20.3921350682233,0.6161277968891232,5.615194866666666,0.9997901866666666,0.34693664809068037,0.004999955495198533
0.11932524866666668,21.622177157736118,0.6512339572337638,5.810446766666668,0.9847111733333334,0.3585658719142278,0.0052127838134765
0.29556684,17.73075788973468,0.5741887389304411,5.992802999999999,0.8441258833333333,0.3622494339942932,0.003838459650675433
0.18035165666666667,19.44357717622376,0.6469567344467634,5.709261266666666,1.2227998666666666,0.3229034096002578,0.0067992210388183325
0.08851794333333333,22.28120419470692,0.6766996376310516,6.0283345666666674,1.1003854,0.3271266569693883,0.006977796554565399
0.10002504833333332,20.180185111591793,0.6155822052544238,7.383193466666666,0.7181459299999999,0.31500428915023804,0.004073540369669567
0.14332384666666667,19.29908592241131,0.6021393719652264,7.003219966666666,0.9429258833333334,0.3160152534643809,0.0105838775634765
0.08972711266666666,21.168685355326232,0.6669104134856679,6.472238266666667,1.0507981,0.2863460332155227,0.0054328441619872665
0.09821571600000001,20.607268370813188,0.6683645667496134,6.350632966666667,1.0497742666666667,0.28661203384399414,0.009698073069254501
0.10942056333333333,17.88828577100116,0.5232315767956104,24.724079,0.9396954666666666,0.26214198768138885,0.011456727981567367
0.3278782866666667,19.561022845574797,0.5345062440199432,13.396167666666669,1.5995431,0.2623119254906972,0.010363340377807567
0.18837115866666668,22.531422393719087,0.5710491908280804,11.565929000000002,0.9878425000000001,0.21316169699033094,0.007863839467366499
0.14507904000000002,22.99388068959119,0.5878026646038549,12.297099333333334,0.9588731999999999,0.21081093450387312,0.0032408237457275334
0.35230393,23.77295940550523,0.5844342324390488,9.478038,1.2477608,0.1996544152498245,0.004448334376017234
0.24147503333333334,23.79742344591129,0.59478350551581,9.733209333333333,1.12383894,0.19341618319352463,0.005904197692871034
0.1771102516666667,23.55099531094413,0.5923896428893736,10.469467,1.0861153666666665,0.2028003384669621,0.007206042607625266
0.155464202,23.325573053696846,0.5714816100565968,11.502809666666666,0.8612745366666666,0.23294513424237562,0.008441845575968367
0.4401740233333334,22.390260213288155,0.556181315680711,10.553639333333333,1.0679912833333332,0.228428969780604,0.0097537835439046
0.1833770366666667,24.329514591472844,0.6250690482029698,8.403972333333334,1.3954857666666667,0.18928110102812448,0.005984147389729767
0.2621273,23.72623563317097,0.6003321776513451,8.966294666666668,0.7067079333333334,0.21720250944296518,0.005506277084350566
0.4471949933333333,23.133348441701518,0.6206070264644077,7.148986333333333,1.1508498200000001,0.22411753237247464,0.0070370833079019994
0.3017787826666667,27.33953570203748,0.685979156270311,5.960850399999999,1.10493119,0.22749158740043632,0.006832758585611933
0.3315329166666667,24.705584485055123,0.6778646794207459,5.9937711333333334,1.19551125,0.197992297510306,0.009494543075561466
0.3731746,21.582356420117094,0.6026180256862829,8.123984666666667,1.5729565333333333,0.2432170237104098,0.0090902646382649
0.29920641333333337,21.890487299620787,0.5262626826343858,11.247543666666665,0.8275585866666667,0.30195124447345734,0.006830135981241833
0.11918735800000001,24.16588548491931,0.5783792260973907,10.464980666666667,0.8505993000000002,0.2808916171391805,0.007865985234578399
0.160752362,25.437416731253695,0.614075246578096,9.640109,0.7793169766666667,0.2476310034592946,0.0089472929636637
0.1484726346666667,27.083483504997194,0.6647813924743943,7.5818708,0.6840772766666667,0.2653309404850006,0.0058515071868896
0.25203638333333334,27.658034317732305,0.7091704107685323,5.9406748,0.8534026866666666,0.20351409415404,0.010202169418334933
0.5139263433333333,24.2644516945933,0.6599630083581834,5.908562866666666,1.0526607333333333,0.19941581288973487,0.005259195963541633
0.15932937333333333,28.146914851745105,0.730898036814709,5.6581513333333335,1.1493785666666667,0.20696330815553665,0.0038514137268066333
0.22465456333333333,27.11532717337235,0.6994491819827573,5.981316866666667,0.9296961133333334,0.21777365605036414,0.008312384287516234
0.1861534446666667,26.747389244088186,0.7092921971045175,5.8533903333333335,0.8259895,0.19609570503234863,0.004772981007893866
0.15470366866666665,27.684905081580137,0.7049030007300376,5.6370346,0.8873245866666667,0.2399178147315979,0.0068288644154866004
0.2588915333333333,26.421128973341627,0.7032677291755075,5.4361056,1.1054636166666667,0.21690665930509567,0.009657224019368466
0.26267474133333335,26.722535698731097,0.7113174900781593,5.226724366666667,1.2247164333333334,0.23688199619452155,0.007537444432576468
0.23499542166666668,26.606143444937832,0.7257456782261755,4.5220991,1.3261978166666666,0.22585960725943247,0.0048925081888834335
0.13028255333333333,26.702561307593673,0.7086614321091741,5.810023366666667,1.01439109,0.24975807964801788,0.008707523345947201
0.21137422333333333,24.595908735133268,0.7142499109245452,5.101721466666667,1.2082356666666667,0.22275583446025846,0.007376750310262001
0.22597194,26.030639094362957,0.6451089986773747,7.8030885,1.1763148333333333,0.1790986061096191,0.006646633148193334
0.37984849000000004,25.853474350349426,0.6847147167215214,5.5876128666666665,1.0170396133333333,0.15661706030368802,0.0055414040883382
0.2867183813333333,23.26046996622315,0.6407647655921545,8.045882,0.9409528133333334,0.17713502546151472,0.007976929346720334
0.21807141333333332,21.81659634457543,0.6297963324279601,7.749542433333333,1.2291897333333333,0.18361662079890562,0.0023261706034342334
0.17029022333333332,23.817523169822035,0.6721711107848808,7.655188266666666,1.1518492766666666,0.18207543094952897,0.0085321267445882
0.347185432,23.096927306259996,0.6375307256872076,7.1812453666666665,1.1639938133333334,0.201611948510011,0.003428220748901334
0.3203516633333333,21.467595604239893,0.6325698585423,7.668408499999999,1.3059634566666667,0.20669557154178617,0.006410916646321566
0.20397980999999998,22.282632685196464,0.6317251093130457,7.657913166666667,0.9063278666666666,0.2277496506770452,0.007095654805501232
0.15349126166666666,20.24621255768636,0.6152665975595831,8.0210911,1.0578652466666667,0.22917057822148004,0.0027197202046712003
0.124271265,21.5397183758822,0.6413165298130821,8.160060666666666,0.9153797666666668,0.21472755571206412,0.004709561665852833
0.19743459766666668,20.701398053518528,0.6103019359730696,8.454683666666666,0.9685318,0.20377721389134726,0.0047644774119059005
0.21425922833333333,21.58083990552829,0.6231855515173438,7.103269433333334,1.0375791,0.23330653210481003,0.002976417541503867
0.16004199133333333,23.759564261414397,0.6881472172688768,6.654426099999999,1.0568351,0.21013009548187256,0.0035200913747151664
0.15083367333333333,23.85116290637446,0.703209827229338,6.9538853,1.1754109666666668,0.2208665361007054,0.0
0.17385624133333333,23.243843300031443,0.693291231778252,6.661329733333333,1.3857860000000002,0.2002305785814921,0.0
0.18246789,24.414390743620277,0.7030212986963663,6.060960666666666,1.1786223,0.17543831964333853,0.0016631285349527668
0.28594412,23.024359892134783,0.6525172464891779,6.931965566666666,1.2955037333333332,0.22986007233460745,0.0029884179433186664
0.3776279466666666,22.94056293416597,0.6765537552714435,5.8498774000000004,1.5480529,0.18117005129655198,0.0034573078155517335
0.32235044333333335,22.240046828250286,0.6128819914694691,8.249299200000001,1.2565639,0.2668678859869639,0.0033520857493082663
0.3999616033333333,22.31702542660014,0.6299805055155095,6.8294346,1.3364570333333334,0.21328857044378915,0.003358523050944
0.36482732,22.25074061573964,0.6354244055741004,7.079939966666667,1.3957585133333332,0.23306746284166968,0.0021407604217528998
0.16566246166666665,23.87624001389861,0.639156682856765,8.315986,1.0582581,0.21874255438645682,0.0
0.21980464333333335,21.300710004955036,0.5938589728668756,8.971943833333333,0.9720027833333335,0.2324038942654927,0.0006258487701415999
0.11085003199999999,24.405515462260524,0.641644061590382,8.247186833333332,0.9927417533333335,0.25853564341862995,0.0013401508331298665
0.16242629833333333,24.079652934119398,0.6556951717350777,7.613296833333333,1.0358852,0.24190792441368103,0.0039887428283691
0.262196865,23.268991213485638,0.6402729358745024,7.534713566666667,1.1126802666666666,0.2282941838105519,0.004773537317911767
0.23819160000000003,24.453127953282646,0.6598677444261973,7.1855288,0.9292321666666666,0.23297366499900815,0.0013179779052734334
0.47074419833333336,23.509904123045658,0.6724812360188462,5.5826822,1.3385527333333334,0.2272628198067347,0.0044013659159342
0.2215357653333333,27.46714076898752,0.7500094483569656,5.190313333333333,1.1107890666666667,0.2014450207352638,0.0034004052480061664
0.5115742483333333,26.161853123225427,0.7180424945416318,4.821037400000001,1.3042707999999998,0.21792959670225776,0.004026174545288067
0.5522490743333334,25.145231267674365,0.6788126118326008,5.816626599999999,1.2160565166666666,0.25164297719796497,0.0
0.23913636466666666,25.614441214775393,0.7194781962534128,5.277338366666666,1.2289994666666666,0.21289057532946268,0.0061864058176676
0.6382357266666666,22.751751403587978,0.6025367364678963,4.603855266666667,1.1132592133333334,0.17166597892840704,0.0
0.24178893,22.990038214067443,0.5130362232710829,3.5873102333333335,0.8969704833333333,0.08849935978651043,0.0013382434844970666
0.31266532333333336,21.03507739310199,0.4975671067959013,4.0133475,1.1386993866666666,0.0980774735411008,0.0013845761617024667
0.2506313646666667,22.18797366561779,0.5886500503964589,5.0399225,1.2049742666666665,0.11875817924737925,0.0006704330444335668
0.20550664333333332,20.489536871203438,0.5490708275105628,6.066670133333332,1.0741463,0.1509791662295659,0.005252679189046201
0.15022984666666667,20.779797908433824,0.5585883501560187,7.612718733333334,0.8136815333333334,0.16626687099536255,0.0034253597259521333
0.20412022666666665,20.29952019692593,0.5558107231033511,6.841878533333333,1.07227519,0.1521485845247904,0.0026735464731852
0.06312686133333334,23.508093316633758,0.6910000591563309,7.949193733333334,0.8331267733333334,0.1597042779127756,0.005181392033894833
0.12086503333333333,20.11525757238206,0.5999058333177044,9.2169,0.95479638,0.20362986624240867,0.006529966990152967
0.079516195,20.974269719217144,0.6131149606343036,9.723129,0.8707244433333333,0.2054322659969329,0.006040016810099267
0.05728874933333333,22.320107155743273,0.6584581540687717,9.192606666666665,0.8199821833333334,0.19847026964028677,0.010187149047851533
0.088375475,21.56825447954645,0.6767523044536844,8.334376399999998,1.1372314333333333,0.18665473163127896,0.0120888551076253
0.10143116566666667,20.94649209397419,0.6243201359365533,8.174181666666668,0.9093489333333334,0.20888927827278772,0.019270737965901633
0.11326162466666667,20.228062323838333,0.6454977481315801,7.509188466666667,1.1021448999999999,0.1802023152510325,0.009001334508260033
0.10435316866666666,21.436512257216567,0.6403134033226424,7.381035999999999,1.02143458,0.18712131679058075,0.014060179392496699
0.07776477666666666,22.271088982652003,0.6438870523522969,8.364545333333332,0.9166660999999999,0.19167487571636832,0.007153511047363267
0.11857708666666666,20.07888494060094,0.6034072961786752,8.775232,0.8985393666666667,0.2074456413586934,0.007546901702880834
0.07509057933333334,22.24020511954498,0.6367200189453958,9.349292866666667,0.8450295733333334,0.23913824558258054,0.0103979110717773
0.09643584999999999,21.185801577198408,0.6106844363187217,9.203722666666666,0.8678051366666667,0.23889702558517456,0.005702018737792933
0.13685979266666667,20.333455956536962,0.6083790127920339,9.225742333333331,0.9286145333333332,0.22472564379374185,0.010355552037556934
0.112551944,21.664267502349066,0.6220435470999774,8.634897333333333,0.8919836,0.2311247636874517,0.010206778844197566
0.14404813333333333,20.344247606329905,0.584832589348543,8.424234866666668,0.8799771533333334,0.2396265467007955,0.0068228244781494
0.11590485666666667,22.170506871071836,0.6412178704001258,7.7956002333333325,1.1112792200000001,0.2561526993910472,0.0136164824167887
0.09571006900000001,22.56579701234709,0.6515238148448067,7.9002401,0.9279148066666666,0.2522552013397217,0.008959849675496366
0.09723017666666667,22.241022817284875,0.6392336773965223,7.3177116333333325,0.9372276433333333,0.2544083545605341,0.011534849802652935
0.10925690399999999,21.933024216751807,0.6643365593537326,7.087103533333334,1.1059905533333334,0.21768868466218308,0.011160373687744066
0.08436002833333334,22.425766622772755,0.6590261744021765,7.385697366666666,0.8671018,0.23782951633135477,0.0116395950317382
0.06396687866666666,23.3023730812282,0.6728740265378438,7.272963666666667,0.8759341666666666,0.25506791472435,0.009321769078572567
0.06552903,23.289894136267396,0.6799930630765365,6.983848533333333,0.9616206866666667,0.21543811758359274,0.004713535308837867
0.061044923333333334,23.983039833910514,0.7207049440991665,6.362629966666667,1.0516808333333334,0.18536293506622306,0.007576306660970033
0.2065046566666667,15.952058016781349,0.5235386903182384,23.291422666666666,1.0632314666666667,0.2522077063719432,0.004398187001546166
0.5014787633333334,17.79255316943941,0.5141052645394871,14.427406333333332,1.1581476533333335,0.23491824666659036,0.007755676905314066
0.12474104866666665,22.818255390682037,0.5994813717490787,11.315942000000001,1.1905516666666667,0.20874767502148942,0.004088083902994733
0.3115628033333333,20.250174690800005,0.5495368569130796,11.24776433333333,1.5672160666666668,0.2384793385863304,0.0012606779734293334
0.27442254,18.874102559831115,0.5233919354342014,13.288802666666667,0.9328838333333332,0.26911210020383197,0.0010071595509847
0.26808539000000003,23.603876265858393,0.5715824098509453,10.083315,1.1982793666666667,0.21258203188578284,0.0035785833994547334
0.445799742,21.82392130596988,0.5630511256003082,9.115623999999999,1.1607315999999999,0.24070983131726584,0.0013153553009033001
0.39468366666666665,22.33480909507554,0.5738288787014754,9.584046666666667,1.0842988666666666,0.23606981337070457,0.0
0.19177825,20.822817570193838,0.598159512007014,9.343531,1.0604601999999999,0.22800484299659726,0.0009080568949381
0.14514852133333334,22.31983149476032,0.6083364428172076,9.716743333333334,1.1377101866666666,0.22757604718208313,0.0
0.081376516,24.672657544783362,0.6256300761364352,9.483658666666667,1.1135816666666667,0.2403748333454132,0.0026448567708333335
0.16789025000000002,22.859647563783323,0.6033337567300977,9.564151666666666,1.0221964666666667,0.22281088431676221,0.0033619403839111
0.2159129426666667,23.8280613746354,0.6149106665503697,9.161375333333332,0.8786393466666668,0.21063631772994995,0.0030928452809651334
0.14749176333333333,23.039665254578324,0.6015090313537157,9.430780666666665,1.0411412999999998,0.24582371612389883,0.0028593540191649996
0.11202832500000003,24.06855674683872,0.5894136958439332,9.885396333333334,0.8382793333333334,0.2325397729873657,0.003118356068929
0.17011135366666666,23.8578029973053,0.6089477411126928,9.662644666666667,0.90261168,0.21713186303774512,0.005207618077595966
0.12987273666666665,24.663916630016818,0.6248377080131191,9.267124,0.8687411866666667,0.2156495998303095,0.004735310872395833
0.25921452899999997,23.10217882587669,0.5957285389533816,9.416904666666667,0.9152870333333333,0.23070381085077915,0.0034712950388590333
0.13004854133333332,24.413263358229344,0.6171034164759529,9.540209666666668,0.8609963466666667,0.208943764368693,0.004041751225789367
0.133075646,24.146683897279086,0.6307872264585237,9.219999333333332,0.8474905333333332,0.20268641908963522,0.0034520626068115005
0.10775858599999999,24.078624480015318,0.6089148010225376,9.603702166666666,0.9214649766666666,0.22739226619402567,0.0023949940999348665
0.18266645766666667,22.479297232533288,0.602802199138723,9.983526333333332,0.9223831333333333,0.19653186202049255,0.0062178770701089995
0.31340306833333337,20.675482100275374,0.5665922474121445,10.456869333333332,0.77929091,0.23773970206578574,0.0
0.14176613533333335,21.516128127689516,0.5760798255349581,10.568379,1.0009253000000002,0.2546829928954442,0.004375616709391233
0.15393732666666668,21.653168409406252,0.5989854792541512,9.389332333333334,0.9304464833333332,0.23875819643338514,0.0048599243164062006
0.19266042566666666,21.958088364341947,0.6099488878052474,8.293091,1.1302299999999998,0.24235530197620392,0.0027899742126464666
0.21116845000000004,20.02090159101003,0.574197815911977,9.242318000000001,1.2503292666666666,0.2555858741203944,0.0017693042755126667
0.07758396299999999,23.375029448841378,0.6201935455595174,8.844051666666667,0.9591026800000001,0.22030490140120185,0.0033605098724364996
0.09826778266666665,22.53716550570124,0.6377849623486741,7.968076999999998,1.1597217333333336,0.22027678291002908,0.0022033055623372332
0.15759340333333335,23.33073639431086,0.6434985969960604,7.199778133333333,1.1547483333333333,0.2349089980125427,0.006542126337687133
0.6880863700000001,26.466002236405483,0.7054614707091447,3.9702176333333337,1.3079415866666666,0.15564411381880436,0.007567485173543266
0.32391579666666664,24.156918451356574,0.43747675845567935,3.260987866666667,1.2685922333333333,0.07118441909551614,0.005655527114868134
0.39721067000000004,19.233973171846266,0.32142112319486804,4.141312266666667,0.9462961866666667,0.11657098929087316,0.0032022794087727333
0.2787976916666666,20.959290535907357,0.4134114927879999,4.599341366666667,0.9339499566666666,0.12052844713131583,0.0038886864980061664
0.22072872666666665,19.254607351050428,0.4275804995281744,6.630943066666667,0.9355649566666667,0.14146755139032993,0.006692806879679333
0.17091709866666668,20.06862745413132,0.5056392997010556,7.008621666666667,0.9162751566666666,0.12239026278257366,0.0027220249176025334
0.21028053666666666,18.760012035060953,0.45677714878165404,7.690682566666666,0.95073468,0.14937379459540043,0.005733172098795533
0.18249318333333334,18.561175776950844,0.4540064188112722,9.052569,1.0087503666666666,0.19237572948137918,0.006854057312011667
0.21303166666666665,17.748608053377954,0.48987024527440753,7.990091766666667,1.0561972,0.17251423001289365,0.0035423437754313
0.19556178999999999,19.045739209537906,0.5043817700736989,7.617468,0.8592607800000001,0.17693199714024863,0.0038780371348063
0.26544687333333333,17.3747749780281,0.5082705217508257,7.7771896666666676,1.1173906333333334,0.1859180877606074,0.0
0.08463123333333333,21.27791846853475,0.5974956925614913,7.921360333333333,0.8995947333333333,0.19138220945994058,0.0
0.14155564,19.256703443573727,0.5748027474956201,7.323524766666668,1.0314923833333334,0.1774231592814127,0.004416942596435499
0.13927877333333336,19.551025438992042,0.5573944765684177,8.430019333333332,0.9491146366666667,0.20806615551312765,0.003813902537027967
0.17061501599999998,18.97479669877643,0.5309170399442499,8.6772,1.0084254466666664,0.25554087758064264,0.0
0.18407055833333333,18.905628180497803,0.5722347582142251,8.093748333333332,1.0005077333333332,0.24020058413346604,0.0025325616200764667
0.12255771833333333,20.024982572709114,0.5864120372888312,8.100721666666667,0.7273225333333334,0.23835171262423197,0.0030446052551269336
0.15294992466666665,19.098293111121876,0.5730116208032409,8.604253666666667,0.7918322300000001,0.22889057298501334,0.005398909250895134
0.2390569466666667,17.733745723275735,0.5582654792235374,8.615770999999999,1.0688369666666666,0.23492204149564108,0.0040478706359863
0.10095535,20.33631329910843,0.5804713240316525,9.262694333333334,0.8682335333333334,0.2454193631807963,0.0033758481343587003
0.20366867,17.648367955980746,0.5642757880859127,8.772701666666668,0.9780786533333332,0.21918024122714994,0.0
0.16467413833333333,18.36089109627553,0.5658087627627134,9.259785666666666,0.9744415333333333,0.21720239023367563,0.0062908331553141
0.16803917766666668,18.944072123975285,0.5587791730846435,10.558553333333332,0.8559872666666667,0.2505141446987788,0.0015379587809244667
0.10007353733333334,20.067417931634886,0.5781304708818163,10.122155999999999,0.81575278,0.2447753151257833,0.005545218785603799
0.103720953,19.82649559901437,0.5721052383437524,9.957847,1.0581705133333335,0.2690743108590443,0.0
0.09643857666666666,19.46287325759942,0.5715681664996172,10.299464333333333,0.8115581000000001,0.2516858329375585,0.0
0.07687116633333334,20.21880782290521,0.5847165607451749,10.391488833333334,0.7804857133333334,0.2601084063450495,0.0021027723948160667
0.08086339166666667,20.41178381106508,0.5870104435488988,9.346913666666666,0.8155469000000001,0.2529602646827698,0.0017901261647542
0.13540568133333333,19.764970120497225,0.5771945924344166,8.8850992,0.7708195533333333,0.2652278393507003,0.004760662714640267
0.12113449333333333,21.172853432932058,0.6119692722364702,8.089357666666666,0.9908235333333334,0.261920044819514,0.0041062037150065
0.27680541666666664,18.693053055703846,0.5927145356808206,7.071196433333334,0.9236073833333333,0.19796536366144812,0.0036132335662841333
0.10773409466666667,21.163953213713903,0.6324417717825472,7.634685433333334,0.8434770500000001,0.2011324167251587,0.003282546997070267
0.23165110666666666,20.317176496864107,0.6247714054564586,6.7245609,0.9894570466666667,0.17785661915938056,0.0035448869069417
0.15860913733333334,20.907247852675948,0.6251289425132467,7.6980717,0.8742655166666666,0.19822494685649863,0.002117792765299467
0.3230308533333333,16.580934606722035,0.4860438930445155,19.80663266666667,1.2820323,0.3535572787125905,0.0019996960957845
0.39175545,26.563191388811987,0.6568511564996515,6.821046866666666,1.1859099000000002,0.18123649557431534,0.0005104541778564333
0.38326599333333333,22.982229941574488,0.6179538219862989,7.724317433333334,1.5888113,0.21165362993876138,0.003004630406697533
0.31436975533333333,23.304667184858527,0.6289778967333172,8.841458166666667,1.14717468,0.170095627506574,0.0
0.5965837066666667,22.87829374208594,0.6116681375829557,7.333217666666666,1.3458573433333332,0.17694155126810066,0.003421147664388
1.082038200666667,22.48494362194198,0.6035485145687672,6.148524766666667,1.6872070333333333,0.20606671025355652,0.005550622940063432
0.35453976833333334,24.17106433060833,0.631385733498249,7.320650333333333,1.1735023,0.1949456756313642,0.0035412311553954666
0.20446147000000003,23.68809745342146,0.652566431297682,7.148698800000001,1.06049151,0.20198878149191535,0.0013439655303955
0.17030220333333335,23.409404964020936,0.6536342727399611,6.749218133333333,1.1511801333333334,0.2033331493536631,0.0
0.16697788,22.74273892583477,0.6298246801177605,7.607734866666667,1.1339192,0.23675360282262167,0.0018046696980794
0.18078940666666665,21.4468716325075,0.6042268919280128,8.147635,0.9636593333333333,0.2188063710927963,0.0036212603251139
0.14710469566666665,22.4230027337365,0.6305526299071802,8.331111,0.8357508533333333,0.21451050539811445,0.0038139820098876663
0.10652623,24.267353996016187,0.6509049958258359,8.263226766666666,0.95121228,0.20381906131903327,0.004190127054850233
0.09856925499999998,24.085128351269713,0.6516057320814397,8.267907566666667,1.0256053133333334,0.2194476624329885,0.0045400460561116
0.12295458866666668,23.283474008534245,0.6025567184193751,9.371075666666668,0.8761989466666668,0.22840565443038938,0.0051339467366536004
0.13698887466666668,23.65188439418731,0.6175346788434547,9.254441666666667,1.0388799866666667,0.22163879374663029,0.003991683324178034
0.10483582733333334,24.327881647566148,0.6145051504388138,9.888264,0.7735123866666668,0.21666881442070005,0.004120667775471967
0.180763707,23.99112122839257,0.6168343627755267,9.622134,0.9280343866666666,0.20773156483968094,0.003792206446329733
0.18886516666666667,22.966005900945373,0.5996113266975933,10.012135,0.9684499233333334,0.21199724078178406,0.006680965423583932
0.17935474333333334,20.098493082309844,0.5620250876939649,11.702517666666667,0.7882731666666666,0.20417144894599912,0.0059881210327147995
0.12365900333333334,22.93768293675494,0.6088135151915849,10.048085666666665,0.7939378233333333,0.19892607132593784,0.002012491226196267
0.11753612333333334,22.78346796320658,0.6010405905125119,10.316644666666667,0.8514675766666667,0.22206822534402212,0.0019958813985188665
0.10156360599999999,22.44172334394068,0.6210503989825208,10.152402666666667,0.9901548333333334,0.20392046372095743,0.005617380142211866
0.21123128733333332,22.51851778876738,0.6033435377108619,9.325297333333333,1.0370264533333333,0.20971812307834617,0.003182331720987933
0.270234957,20.239862579999862,0.595661464619588,9.512291,0.9146929133333334,0.20704788962999976,0.007474501927693634
0.18740890799999999,21.88411844625648,0.5888516841609968,9.020474666666667,0.9087036566666665,0.24228092531363168,0.0012391408284505
0.21587728066666667,21.19332493465885,0.5890749866945123,9.014165166666666,1.0492599166666665,0.24700745443503058,0.008731444676717067
0.12235774633333334,22.440919438538586,0.6233894809972166,8.868488999999999,1.0306202666666666,0.233781228462855,0.002133925755818667
0.08851142566666666,22.11800704248633,0.6049451828589536,8.858775166666666,0.75088908,0.27240727841854095,0.0008694330851236667
0.10623500866666667,20.68053502304109,0.6096241804363295,8.425272833333333,0.8268429666666667,0.2458759993314743,0.0014385382334391001
0.16474296833333332,20.15282714882235,0.5918677965010712,8.231843533333333,0.7260021,0.26709389686584467,0.004177252451578733
0.16778682166666667,20.646505996156012,0.5997336334507434,7.325333466666667,0.66803983,0.2181642254193624,0.002716461817423467
0.15654580866666667,21.87525121719639,0.629094640869673,6.814664666666666,1.0134012,0.24532872438430786,0.004246791203816699
0.22032795133333336,20.687833102207506,0.617764572621469,6.584701666666667,0.9320132066666668,0.23450554907321927,0.006110270818074533
0.3524182533333334,18.541135934950404,0.588443606301171,6.234682299999999,1.1718011,0.22045615812142685,0.009508848190307567
0.306671358,22.48195473489689,0.6295094227794801,7.196744566666666,1.2780789,0.21935811638832092,0.0024204254150390334
0.2383647256666667,23.708683722027406,0.6292745840687686,7.421950833333334,0.7929789500000001,0.17637268453836438,0.002126852671305333
0.22652934333333333,25.55695536902964,0.6138196673016102,8.817142666666667,1.0468607333333333,0.18298347542683283,0.004069487253824834
0.40878020333333337,22.504271826800046,0.6360035549279889,5.371044,1.4211065666666667,0.17497924963633213,0.0012381076812744
0.42330092333333336,23.31173581688729,0.6656195035831295,4.541652999999999,1.3135263000000001,0.15935982763767237,0.0022253990173339666
0.37742368666666665,22.042196308252077,0.6771387745053793,5.1905012,1.6711786666666664,0.1729790816704432,0.0
0.4268759766666667,22.6699173155786,0.6364320784470937,4.765932333333333,1.1047448666666668,0.14472073316574094,0.006817897160847967
0.24253497000000002,23.628438079317306,0.6765159169572778,5.960280766666666,1.2240482333333333,0.18618259827295935,0.008009036382039333
0.7057973666666667,19.23034350410523,0.5593167695269069,5.273644433333334,1.9705404666666666,0.17495479434728622,0.004694859186808234
0.69253336,21.492789080798545,0.6363211551797497,4.5157660333333345,1.9005488,0.17873263110717139,0.009075721104939767
0.27775936500000004,22.405744744091873,0.6491580892652463,5.289723333333334,1.03511775,0.18750762939453125,0.004089355468749966
0.11803979999999999,22.259667258477055,0.6231819675883177,5.098950033333334,0.8321863199999999,0.19017521540323887,0.0006696383158365667
0.19560437666666666,20.80817364264666,0.5952635341529192,5.952957233333334,0.8312252266666667,0.2011402746041616,0.006969690322875934
0.17566126333333335,23.57460509146595,0.7002967803652228,5.4384863,1.1193239,0.16886998713016502,0.009460926055908167
0.26059270833333337,21.799817139531545,0.641590629975134,6.385294999999999,1.1913977866666665,0.23049781471490857,0.0049334367116292
0.35448087666666667,21.420907015901793,0.6467132763513904,6.273606266666666,1.1499226666666666,0.19115651647249854,0.0034024715423583668
0.20545191333333335,22.12986058774,0.6434746473453646,6.818565733333333,1.0621074533333332,0.18836656212806693,0.004352807998657167
0.23734095666666666,22.139357859170048,0.6536180006998413,7.244604,1.27709688,0.2030916363000869,0.0050884882609049005
0.28360456333333334,20.588777648994036,0.6067823744567786,7.772396866666667,1.0764004533333333,0.2023928960164388,0.011120478312174433
0.18097635166666667,21.99722305570116,0.6547015072420702,7.370594633333333,1.0299459866666665,0.17431701719760886,0.007772684097289966
0.26932331,20.413245498444144,0.6087262236971506,7.3396352,1.1979581666666668,0.19881649812062582,0.0055153369903564
0.29709843666666663,19.512863064811146,0.6186730354173215,7.402956166666666,1.3703829,0.2004435956478118,0.0033925374348958335
0.15088944,21.431916739526013,0.6280331071882035,8.562980233333333,0.92827245,0.1848066498835881,0.005127986272176067
0.18716725466666664,21.425471649690497,0.6139608184928729,8.449778333333335,0.9744059566666666,0.20411712676286695,0.0054041544596354005
0.2568911033333333,20.292611300880044,0.6029212315238178,9.150089566666667,0.9320863333333334,0.20843056837717688,0.003398338953653967
0.5936611366666668,17.925132860589702,0.5349705239157618,8.992494333333335,1.1010121666666668,0.242124671737353,0.0025820732116698998
0.3853102033333333,18.332539821370844,0.5669941547939088,8.193319999999998,1.2952266333333335,0.2300141304731369,0.002698580423990867
0.22818276333333334,21.5501076733307,0.6263357006856443,7.397174333333333,1.0496210566666668,0.19243112703164414,0.006599823633829699
0.2417028423333333,21.58371495969726,0.6277238518114139,7.816361666666666,1.1971972,0.1947308927774429,0.005478858947753867
0.3322928866666666,20.248179429862123,0.5854763140303357,7.634374133333334,1.0594912666666667,0.22761618594328561,0.0
0.32819000666666664,18.043536177738876,0.5642951908156874,8.180030666666667,1.1043801999999998,0.24046416083971658,0.006319761276245066
0.34392633,17.093109670525436,0.5605995103352671,8.038298666666668,1.1819353666666668,0.23747127751509348,0.0033497015635172334
0.23712619,19.51027711946711,0.6136428691559942,7.330804333333333,1.3719518,0.22017712394396463,0.005152066548665333
0.24617702,19.490365261867325,0.5984938951283367,7.195748833333333,1.1703354666666668,0.24737407267093656,0.004390716552734333
0.186162915,20.133089407516156,0.6180785314148197,7.233570066666666,1.1635065866666665,0.24088443815708158,0.0034809907277424997
0.21902553500000002,20.084326055880656,0.5949103135142552,8.207257333333333,1.07445599,0.2383301754792531,0.0032726923624674
0.277706025,19.360442076884638,0.6082925315092012,6.943756266666667,1.3725984333333334,0.2331477850675583,0.0073931217193603
0.19680943333333334,21.121862090272973,0.6343951537784976,6.804860766666667,1.1884179,0.2344270249207814,0.0019231637318928999
0.11188958666666667,21.18210532983775,0.6245062182171122,7.672531566666667,1.11755881,0.2485252867142359,0.004240353902180967
0.11491417333333333,22.386584773827575,0.6337821753144004,7.5641297666666665,1.0152028533333335,0.2454204509655634,0.0
0.18465547333333332,17.16065257822613,0.5318443153801033,19.09641166666667,1.5084290166666665,0.29225403070449824,0.0033514499664306333
0.2745995883333333,24.450900256720384,0.6390646130171082,6.888397066666667,1.3837731,0.20534165700276694,0.0
0.15151411966666667,26.7946917162309,0.728364410609102,4.823875666666666,1.1695463,0.15052282810211182,0.006303946177164667
0.12858519333333332,24.589133142502522,0.7117381793757653,5.5206978,0.9376092666666667,0.16732771446307493,0.0
0.316202215,21.616607523454874,0.6395885364184656,5.370244799999999,1.3865372333333335,0.16844673454761502,0.006845553716023733
0.29646078000000003,20.563337998896998,0.652574832897984,6.029406099999999,1.38077499,0.17853651940822593,0.0012821356455485
0.2629020733333333,21.78065498538531,0.649079481730998,6.876780166666666,1.3411602666666667,0.20902660489082334,0.0
0.31547267333333334,21.541058714259123,0.6242769921682471,5.976026,1.2465731333333332,0.16981573402881622,0.0005865097045898333
0.2790121,19.09874293157799,0.5766287180323127,6.6446896666666655,1.0971944,0.18469645082950592,0.0
0.13963097333333332,21.095158243975575,0.6153243544414624,5.919263999999999,0.8728873,0.18095555901527396,0.0013863245646158666
0.23445742333333333,18.127949956866065,0.568104427137101,6.3150683333333335,1.0155433666666667,0.19242158035437262,0.005241711934407534
0.08923116466666665,21.994807613434705,0.6534619942243581,6.516023999999999,0.8624559333333334,0.1655173227190971,0.0018421808878580665
0.09546675666666667,21.43882298631289,0.6510214707636895,7.2224628,0.8539353599999999,0.16636429727077484,0.0023620128631591667
0.17644889,20.309449779010155,0.606817249657434,6.707707133333334,0.83415215,0.1641381407777468,0.0038463274637857664
0.22711200666666667,20.52148254192409,0.6279296439664699,6.1784079,1.1996457333333332,0.17693658421436942,0.0
0.22215105100000002,21.893520035410585,0.6524030290562588,6.3546380000000005,1.1042560000000001,0.16536119580268857,0.0028050740559895336
0.17652833333333331,21.52526985469574,0.6602641419602059,6.8497417,1.1546179233333334,0.19279947876930234,0.0
0.17527371666666666,21.580416630827397,0.6461050399422912,6.8085972,1.0603945,0.16950422773758567,0.0023399988810221335
0.18883801,21.76286119005648,0.6453404263513165,7.2240981333333325,0.9932816299999999,0.1705381075541178,0.0060387452443440666
0.33813413666666664,19.608009604847144,0.586391726852948,7.7472255,0.9897534333333332,0.2158078501621882,0.0024126370747884
0.4429676333333334,18.303542491662117,0.5599072856225512,8.869092333333333,0.7788860233333335,0.19700032969315848,0.0
0.4570927333333334,17.34252290717913,0.5324456353533232,9.131804033333333,0.9827634433333333,0.21254032353560126,0.0016473134358723667
0.48673783333333337,18.77153125358732,0.5573414699265061,8.253288166666666,1.1976079666666666,0.2206182430187861,0.004308859507242801
0.20191489333333332,21.20041690407574,0.6166265115408937,8.752854399999999,1.0226247833333333,0.18595488369464871,0.004144748051961233
0.29399446333333334,19.03298697124267,0.5600726692641168,9.553122166666666,1.06861648,0.2165045340855916,0.0
0.3158964533333333,21.172238200361516,0.6128836758905357,7.790360766666666,1.2579932166666665,0.21156846483548478,0.007938226064046166
0.16508128333333336,22.84639855816754,0.6277105196417486,8.447538133333333,1.0235052466666665,0.2176070213317871,0.0006692409515380667
0.14867973666666665,19.495312539760686,0.48949303629736624,14.617434000000001,0.8520880399999999,0.3123510877291361,0.0
0.10297814833333334,22.760047929970778,0.6008766593627702,10.266442333333336,0.9097280333333334,0.24975897868474317,0.008109331130981433
0.122768203,22.390741203931,0.59809297169581,8.798587833333334,0.8304245833333334,0.2244492620229721,0.0
0.07280992333333333,23.53795369764265,0.6358095766601047,8.908704166666666,0.7980482333333333,0.2094740867614746,0.0
0.10021586466666665,22.014120554464146,0.5897653581757182,8.736576,1.0380301766666669,0.26347259680430096,0.0027647813161213995
0.15510610533333333,20.66677085288396,0.5902872271474463,8.908053666666666,1.0356536766666666,0.24500577648480734,0.004565238952636667
0.106781509,23.156109144400858,0.6708903025101036,6.940128533333334,1.0873813833333335,0.2093739708264669,0.0012274583180745334
0.07316529866666667,22.004569315193617,0.6115432107121089,9.416798333333332,0.8730833666666666,0.2209012359380722,0.0013817946116129335
0.08879771333333335,23.053059931852868,0.6628759816006157,7.51952,0.9868786233333333,0.1929563681284586,0.0033465226491292
0.11799408900000001,20.622220300445257,0.5627891166432913,5.2528425,0.8046435466666666,0.1587180321415265,0.0033675034840901664
0.11793499,20.868829463852293,0.5963974737024186,5.5940434,0.97207728,0.17128588755925497,0.0031660397847493335
0.11382627366666666,21.62450520064303,0.6577131220187318,6.4499982,1.1745752333333332,0.18062907457351685,0.0020720958709716667
0.18235127133333331,19.23827541299473,0.567951986049302,6.274634666666667,1.1390275333333333,0.19282268484433485,0.0019767284393310334
0.18427048333333332,17.8277384215526,0.5727927079781173,6.328528733333333,1.2499886,0.16397104660669956,0.004412174224853467
0.15871352333333333,18.811327486537582,0.585498342017401,6.2439293000000005,1.1614411866666667,0.19208056479692456,0.008394877115885368
0.25130425333333334,17.210580471876085,0.539181084152145,6.344981366666666,1.1168730333333332,0.22225033740202585,0.0035196145375569338
0.12844885433333333,20.836001245745845,0.636828089690625,5.676265066666667,0.99900209,0.22986319164435068,0.001313050587972
0.17385864466666665,19.772643654886483,0.6244470251536879,5.367186533333334,1.0918430000000001,0.25257180631160736,0.002707799275716133
0.15105940666666665,21.11713420339857,0.6668287018757825,5.404319366666667,1.1174685666666668,0.2684451788663864,0.0034389495849609327
0.27004976,19.479491730560834,0.6295570264658582,4.813384066666667,1.2278299333333333,0.27773963908354443,0.0048266251881917
0.09489421800000002,22.634925313874714,0.691374130538299,5.6993133333333335,0.8832384933333334,0.2816620022058487,0.0028007030487060334
0.083613915,22.694896643318504,0.6876085239039548,5.858640233333333,0.8858933533333334,0.2737395813067754,0.0034182866414387667
0.17624156000000002,20.05917712787996,0.6597622996014378,6.151457,0.97847268,0.3060141305128733,0.003033638000488267
0.08155247566666667,20.75315679995724,0.6473595714710186,7.503536166666667,0.9808109333333332,0.2883639434973399,0.0022540887196858665
0.05234775033333333,21.454411399483586,0.6363492360686869,8.602877999999999,0.7855642666666666,0.29835642377535504,0.002484718958536767
0.04274150699999999,22.572858484905822,0.6582600359627656,7.825493166666667,1.0086983133333332,0.2578748067220052,0.003608226776123
0.059079214666666664,20.68287398465112,0.6348949036250856,8.643033133333335,0.6115005866666666,0.27173189322153724,0.0043418407440185
0.062931374,21.66828856908478,0.6491412347591888,7.619803666666667,0.9112558000000001,0.2837669551372528,0.0035438537597656003
0.07582978266666666,20.581024418612408,0.6177962206576253,8.161317266666666,0.6302705799999999,0.3104207366704941,0.0040466785430908
0.10073086666666665,19.906085459056637,0.6218386081096713,8.016982233333334,0.6809325199999999,0.3160286098718643,0.004180510838826433
0.051920511,22.19665113411015,0.6454146557649921,7.649410200000001,0.81080803,0.31918898721536,0.0032565593719482
0.05144017666666667,23.077610892408163,0.671564601616096,7.0650986,0.8943488433333333,0.3361365298430125,0.0029775301615396666
0.07330090066666667,22.38026410181098,0.6569185941250553,6.640489333333334,1.0436229633333334,0.3327372719844182,0.0020387967427571334
0.04900860333333334,23.326103556249365,0.6750872259448718,6.591727466666666,0.7495576966666667,0.302684744199117,0.004119634628295866
0.06402821733333333,22.836707482008084,0.6799762036767162,6.400314366666667,1.0821668333333332,0.31371415654818213,0.0031211376190185005
0.09531689433333333,21.50054738204447,0.6724706178851309,6.723598666666667,1.2641921666666667,0.279542679588,0.003424962361653633
0.05255951466666667,22.028170971925864,0.671992210884827,7.395605533333334,1.0159080333333332,0.2701362073421478,0.002220392227172833
0.08944498199999999,20.02695430559123,0.6592508924933446,7.056749766666666,0.92106367,0.29056180020173383,0.0017282962799071999
0.08173412333333334,20.116502108266722,0.6554888346276804,6.583634866666666,0.9089393533333334,0.22972436745961503,0.0034972826639811
0.07206549866666667,21.070223967544198,0.6773480066929731,5.9671422000000005,0.8024829466666666,0.23747660219669342,0.0013319651285807
0.107213143,19.534372611398886,0.641607380335301,5.739482033333334,0.8643242166666667,0.24870413541793823,0.004391193389892533
0.068086085,21.137629672485332,0.688452070253534,5.140254,0.8655228999999999,0.21002279222011563,0.0015376408894856666
0.07701655333333333,20.485668604533966,0.6320685034260562,5.429793633333333,0.8764889666666665,0.25996059179306025,0.002762873967488566
0.16231093666666666,17.186598398409767,0.5273941402363259,23.791387333333333,0.9328714833333334,0.24548599620660141,0.0032194455464680666
0.6392066133333334,23.5859009341308,0.6402342228906583,4.8334975333333325,1.1331402,0.1629640584190686,0.006062269210815399
0.16180856333333332,24.270390286744533,0.6430893546810961,5.181949333333333,1.0063779166666666,0.14777001241842905,0.0029740333557128668
0.11384838999999998,23.780383116994773,0.6250982269090791,5.589023566666666,0.9552121799999999,0.15412683784961692,0.0017556349436442
0.18454197000000003,20.412837609819434,0.5323486709587845,6.779279366666667,0.7549544566666667,0.1703881000479062,0.0021909872690836336
0.12005832333333333,21.602428418658445,0.6069231845286124,7.545837566666667,0.9742421,0.15986100335915876,0.0067818959554036
0.2646995986666667,19.53442637780793,0.545437560582563,7.717984066666667,0.8712389333333332,0.16979258259137467,0.011208534240722634
0.08365294133333334,23.529684173516063,0.6758563737164202,7.956769,0.9114481533333333,0.1792013148466746,0.008383194605509401
0.09939802966666667,22.07886374412826,0.633256431293795,7.5995121999999995,0.8508386166666666,0.17467590669790897,0.0103232860565185
0.10404838266666666,21.626218949447196,0.6375914118890124,7.086041533333333,0.9950779666666668,0.19011570016543064,0.008997281392415334
0.17869324666666664,19.637551838913236,0.5865246052693859,6.542337933333333,1.1296456000000001,0.1796304831902186,0.010000387827555267
0.14790393466666665,21.528568654620084,0.650219224614561,6.620958366666667,1.1434935333333334,0.18974381188551578,0.0245104630788167
0.17959299533333337,20.5135427530039,0.6303930892237418,6.702839466666666,1.1765297433333333,0.2142804736892382,0.0122387409210205
0.11347663666666667,21.575634944555706,0.6497515920129259,6.539253466666666,1.0713944866666665,0.20749659091234207,0.009078264236450166
0.142783745,21.364627967832433,0.658636684334378,6.266978133333333,1.1112483833333333,0.17557727793852484,0.009710232416788667
0.17826215,19.981962213664968,0.6267290685244512,6.577661766666668,1.0573994,0.18847004075845075,0.011586427688598569
0.17311468,19.675566902434298,0.6203307469218228,6.655351066666667,1.1343558,0.19661635657151535,0.0097850163777669
0.11144964166666667,20.207511393983197,0.6008446930001817,7.9490151,0.7904238333333334,0.23124648133913672,0.009563446044921833
0.13967040766666666,19.701151220879794,0.6295887313057823,7.345774899999999,1.00345769,0.19151583562294636,0.0060323079427083
0.10020508399999999,20.48830041102342,0.6139965933105134,8.158625833333332,0.9380737699999999,0.20349742968877152,0.009593327840169233
0.07330504666666667,21.993926114860212,0.672715872138954,7.499102000000001,0.9954138133333333,0.19980469346046445,0.0083511670430501
0.10044883333333333,20.166020880151937,0.6127398196231479,8.099378633333334,0.9991223333333333,0.22710360089937845,0.010989268620808866
0.10008234833333333,20.878479104840874,0.6274665080674108,7.647927333333333,0.8846974966666666,0.2172014663616816,0.008412679036458334
0.13913321333333334,19.657524539207007,0.5889382968461743,8.125327766666667,0.8765335399999999,0.25315696994463593,0.0051605701446533
0.07240177333333332,21.673629407325876,0.6486372645511821,7.688998466666667,0.9526185433333333,0.21129156649112693,0.005336999893188434
0.06142232666666666,22.353358375054484,0.6382437145849174,8.600645333333333,0.9119521,0.2302916745344797,0.0060752232869465995
0.058881279333333335,22.78266394382888,0.6709811305352559,7.7794558333333335,1.04415782,0.20715747276941934,0.006824572881062766
0.121829288,20.641070492652613,0.6758999024527427,6.173586066666666,1.2317015666666666,0.19314838449160251,0.005385398864746067
0.11758636533333333,21.375999416744538,0.6866829658721797,5.963654633333334,1.2243592333333335,0.23250246047973633,0.010101715723673466
0.09846788466666667,21.673966022761885,0.7017477436826436,5.884821966666666,1.1995890333333332,0.1800028979778289,0.005907217661539667
0.077989225,22.18180266964265,0.6998948473271541,6.2029845,1.1665248666666665,0.20768099029858902,0.008841673533121699
0.06632551800000001,21.836936413427583,0.6954337566873354,5.8252038,0.9454407000000001,0.17109048614899314,0.0068087577819824
0.06509889666666667,21.11458295836969,0.6736330858526101,6.5964074,0.9233636466666667,0.19573893149693802,0.005521138509114567
1.4481393033333332,19.308376040557636,0.3250533977775702,3.9540587666666664,1.0268651333333334,0.08598291377226512,0.006087382634480766
0.4771277566666667,21.604056485587453,0.3883833777883076,4.020609566666667,1.1409765433333334,0.09439476082722344,0.007573366165161101
0.8159620866666667,17.079615065890696,0.2881537928668985,4.847959,1.2826056333333333,0.12137909730275465,0.0073909759521484
0.28856844,19.611710484005883,0.4067270203346854,5.833779366666666,0.9237756166666667,0.11636031667391454,0.010053555170694934
0.22626697666666665,19.349493349916866,0.4618661505796417,7.694613133333333,0.9075672166666667,0.14362196624279017,0.009973526000976498
0.19398178333333335,19.387118489249346,0.4758259496871311,8.120946333333334,0.8665312933333333,0.1542990207672119,0.008150021235148066
0.23931150666666667,18.92122151090412,0.4535161100783358,7.7649512,1.0502058666666667,0.15043931702772773,0.007074753443400034
0.35345524,16.951851298905243,0.41483012543930126,7.840212199999999,1.0815598,0.19165113071600592,0.007012526194254533
0.12386729666666667,20.268069733749016,0.5372904477690033,7.402134466666666,0.9797494066666667,0.1428718914588292,0.010133663813273101
0.15572317666666669,19.11046124071898,0.5229247749382087,7.233624566666667,0.9126268999999999,0.17846132814884177,0.009093761444091733
0.24668516333333335,17.582074808445586,0.5071027520520431,6.296391233333334,1.1415299200000002,0.18903394540150953,0.009714444478352834
0.11290532666666668,19.60610597880246,0.535021270379252,7.743740333333332,0.7390885666666667,0.1920261035362879,0.0044727325439452665
0.19897182,17.63228288651615,0.5107974507193572,8.018857833333334,1.0534500666666666,0.21708672245343522,0.007508198420206668
0.15969692600000002,20.169028558285234,0.5488498021746997,7.6776382666666665,0.9839772433333334,0.2428402105967203,0.010387818018595367
0.17714661666666667,19.33664465136776,0.5514937005439505,7.344061266666667,0.9894830866666666,0.2110428263743718,0.012379964192708301
0.231783184,20.601178663590897,0.5795664997187581,7.4090023333333335,0.9931455100000001,0.2330582837263743,0.006469885508219367
0.22904741000000003,19.715072095661238,0.5703793377838997,6.463906633333333,0.8833941166666666,0.22146138548851013,0.007417678833007801
0.1925829166666667,21.353547590390203,0.6353760805632462,6.352136766666667,0.9493318300000001,0.20464518666267387,0.0096026261647542
0.11759996,22.31988527576892,0.635800358151139,6.759919733333334,0.9495521166666666,0.2168514976898829,0.005267222722371367
0.09392880599999999,22.912352992746296,0.6591142331791567,6.793135166666667,1.0420244,0.22204876939455664,0.011557022730509401
0.17897823999999998,19.333052178838805,0.5858159865116771,7.877899500000001,0.9309007466666667,0.24511998891830442,0.0070382754007974994
0.11446392500000002,20.748469218104443,0.618508630072533,8.1567765,1.06833752,0.23961299657821655,0.008101860682169566
0.10537046,21.180486199316658,0.6072788757207856,8.924900000000001,0.9741740266666667,0.25499919056892395,0.005835453669230133
0.13490848166666666,20.16330579379982,0.5815237936584526,10.041773,0.8357714666666666,0.2570250829060872,0.006985505421956366
0.13189365666666666,18.123802604738838,0.5522745260756677,10.915653666666666,0.6691098133333333,0.25091903408368427,0.0048539638519287
0.08016516166666666,20.408600623326233,0.5894984848926615,9.594399666666666,0.7464236466666666,0.24806811412175497,0.009238719940185533
0.117187924,19.180525311885308,0.5504301850111706,10.454734666666667,0.7111874,0.27088849743207294,0.0103063583374023
0.15878312666666666,18.164752992565386,0.5335366893546479,10.404360666666667,0.8523993666666666,0.3001277397076289,0.007845401763915967
0.10957458666666665,20.509093359326837,0.6096798601545593,9.485918333333332,1.0163451133333334,0.24322927991549173,0.007825771967569933
0.12008162800000001,21.12612479932785,0.6396892273202581,7.623606533333334,1.2002412,0.2587074687083562,0.0073342323303222335
0.166598149,20.405864912568276,0.6068466281580464,8.276746666666666,1.0006237,0.2587036192417145,0.005986293156941699
0.11534339666666665,21.551584970910977,0.6478745704056134,7.858728533333334,0.8441348333333334,0.22277551392714182,0.004869699478149366
0.21763761,20.67372482997764,0.6269659676929299,6.290253466666667,0.9491780866666667,0.23597140113512674,0.0048422018686929994
0.13982810666666667,21.845745309864157,0.6693012430441113,6.591090633333333,1.0750114333333334,0.22287442286809286,0.009516557057698534
0.22100805666666667,21.387046910315977,0.6534384365318477,5.848460933333333,1.0119908499999999,0.19259307781855264,0.008674303690592433
0.17000639666666664,21.70808698943665,0.6910671388360563,5.439781433333334,1.1709102,0.17579704523086545,0.009787003199259401
0.2139790583333333,20.92334075639198,0.6297441968282996,5.894166433333333,1.03759472,0.23376286029815674,0.008785327275594034
0.14562695,21.49894859451534,0.674594790873504,5.710369666666668,1.1318564533333333,0.17563090473413465,0.005307435989379866
0.09583169333333334,23.010194889048538,0.687160670456043,5.779685166666667,0.8021419466666666,0.18307023495435715,0.008118232091267866
0.13003404,17.81796342833468,0.5009621708010926,25.65861,0.8884523,0.33386742075284315,0.009171168009440067
0.342518085,29.07143073008507,0.7321140745024902,4.942086066666666,1.20403089,0.17470202594995496,0.0116384824117024
0.3808086766666667,22.88353728988693,0.6197348579653522,4.882062133333333,1.2993548666666666,0.16124608616034186,0.008753061294555635
0.6770980766666667,18.53852231046503,0.4833323327723031,5.854736333333332,0.9344966533333334,0.1718107958634694,0.010699272155761665
0.30092745,19.887060098638973,0.5362068440574843,6.252154566666667,0.9601163399999999,0.1806879242261251,0.007095972696940067
0.16760875166666667,20.891786943709107,0.6064954184157897,7.299850066666667,0.9087202,0.1759148140748341,0.0078037579854329
0.23058081333333333,19.635860449919047,0.5646146912735119,8.2880709,0.8320815766666666,0.21152414878209427,0.0091900030771891
0.16442698166666667,21.029941730563028,0.6121090768660337,8.0086122,1.0550874666666668,0.17313769956429795,0.0100042025248209
0.17745739666666668,19.830058307963693,0.5780711847527203,8.737125333333333,0.9646134133333333,0.19097658991813657,0.010748386383056599
0.15839174533333333,20.59917751284073,0.6074948978122667,7.8248657,0.95750949,0.20908337334791816,0.008315404256184867
0.15630745666666668,21.177179271707516,0.6363338863321688,7.167616333333334,1.00379219,0.18237865467866254,0.005468527475992801
0.17420535,20.193988761614893,0.6264454517126122,7.5897938666666676,1.2645748666666667,0.20087107519308722,0.008698860804239867
0.13143038666666665,21.46460461953684,0.6462290274327742,7.315775166666666,1.094170433333333,0.19572823246320084,0.0026793479919433334
0.20208159333333334,20.610465705074635,0.6529205685675402,6.6461644,1.3584438666666667,0.18113066256046287,0.0021019776662190666
0.28537792333333334,18.946717402658308,0.6143412535599216,7.600223333333333,1.3883024333333331,0.2366577312350273,0.0
0.19589790533333332,20.261652669941615,0.6309386351799303,7.878145666666666,1.3170691666666665,0.20535381635030112,0.002236525217692
0.16803170133333334,20.25242273150886,0.6159984703537704,7.8889355,0.9957997000000001,0.20498682061831153,0.0036817391713459997
0.17013151,19.9961639658414,0.6397837574374569,7.7557325666666665,1.2784793666666665,0.2094350904226303,0.007496515909830699
0.25516636,17.987329806150125,0.5955947170119701,7.988009166666667,1.377486,0.2160451660553614,0.0015749931335449
0.13216737666666667,21.72475470603815,0.6578516737542451,7.531064666666666,1.1906980833333332,0.20966134468714395,0.005519628524780233
0.133368585,20.31803784276672,0.6278913803830328,8.989594333333333,1.1810362333333335,0.22837261855602264,0.0033459663391113
0.09295908200000001,21.618127873096245,0.6498165075253045,8.594659,1.0620712133333334,0.1908077498277028,0.0038971106211343996
0.1180304,20.152676655329405,0.6034786206588548,9.257882666666667,0.9465758333333335,0.22431974609692892,0.0024692217508951665
0.09134164833333334,21.46790503363741,0.6211367199251924,9.808874999999999,0.9684225666666667,0.2224967877070109,0.0023162364959716333
0.20785581666666664,18.937526031709016,0.5912152052415452,8.534825766666666,1.2009553666666668,0.24369484186172485,0.0028772354125976333
0.10183126166666667,20.789502706064116,0.5965702818606791,9.7079435,0.8085758,0.24489977459112802,0.003414233525594067
0.11401624866666665,21.050689937558385,0.6329565792629909,8.349005566666667,1.1186450333333333,0.23370985190073645,0.0026983420054117664
0.20107197,19.82710580523271,0.6211663069331906,7.228170200000001,1.1933184333333333,0.24952621261278782,0.002743721008300767
0.16417649333333334,20.148548821972426,0.5909465208499715,8.461730133333333,0.9823706666666667,0.2527582099040349,0.005394697189331034
0.155414829,20.289061583281722,0.5945956710583914,8.461059666666666,0.9542072200000001,0.25753942628701526,0.0042707920074462665
0.16559700166666666,20.824238035750813,0.6508657654642086,7.078270200000001,1.1693067666666666,0.20988541841506955,0.0041704972585042
0.23885849,19.542791052363565,0.6144206050681436,6.8760327000000006,1.272304766666667,0.23865872621536252,0.008891979853312132
0.20889522166666666,20.24482136566778,0.6254405183527822,7.0317693000000006,1.2328223666666667,0.21279141306877136,0.010886987050374301
0.13129747,21.601998921549818,0.6524202066431231,7.101572666666667,1.1393286,0.22698911527792612,0.0039703051249186
0.22871212666666665,19.507271769584978,0.6187961052417087,7.2891140666666665,1.3250488999999999,0.21660904586315155,0.0076783498128255
0.2816806353333333,20.422781995585755,0.6356743034296513,6.760535366666667,1.3418278000000001,0.2058770482738812,0.027610381444295232
0.4626185866666666,22.690012090969947,0.5706466278504218,8.072351233333334,1.2617400666666667,0.24937891463438666,0.008221705754597934
0.27722119333333334,23.085548028540924,0.644623507846836,5.6139805,1.2119289666666666,0.1861403485139211,0.0045747756958007665
0.39658619,20.753920309280478,0.6201904063441032,5.501121733333332,1.5859354,0.18772206703821814,0.0124304294586181
0.35913321,20.84456595149604,0.6343098041124495,5.5436241,1.6645008333333333,0.17710150778293607,0.0069911479949951
0.36786724333333337,20.110391597284945,0.6183673870036944,6.063623233333334,1.6322730333333333,0.1924255142609278,0.008436282475789368
0.09808929866666666,23.491494370260245,0.6525079618261886,7.877263999999999,1.1350337333333334,0.2103536824385325,0.0061464309692382665
0.229149872,23.468399474582096,0.6646655238267183,6.4317625666666665,1.2002934133333334,0.19389837731917695,0.009016672770182267
0.11016689333333334,23.233845641622917,0.6906340169707391,7.007157066666667,0.9365220133333333,0.17606595406929645,0.009525775909423799
0.143050435,22.649620668317635,0.6855758671954825,5.993517199999999,0.9538296666666667,0.17722026010354355,0.0094387531280517
0.21701840533333336,22.732265352419223,0.6802362693939061,5.1438493,1.24388229,0.18391456206639603,0.005696932474772133
0.21757452166666666,23.312944199786603,0.6821146048365496,5.598836566666667,1.2333479,0.21276749173800147,0.017288923263549767
0.13306887,24.00899524717424,0.6951272569797341,6.065908566666667,0.9884631466666666,0.16805928697188688,0.010463317235310868
0.12447009999999999,24.48708338142069,0.7159794010335644,6.1756655333333335,1.2588507333333334,0.18899183968702946,0.006781339645385733
0.106510284,24.912425461582842,0.6891702247968777,6.676917166666667,1.0307766999999999,0.19144935409228003,0.012811581293741799
0.10143977766666668,23.899473256675865,0.654500112106008,7.712133333333333,0.83140129,0.19717064499855042,0.009642203648885067
0.10229684900000001,23.463053224595324,0.6342377906313351,8.286289,0.7324733533333333,0.21241810669501615,0.007402340571085567
0.10697293233333334,22.28126636291989,0.6319523145675053,8.498539666666666,0.7504994533333335,0.2086712419986724,0.008815685907999632
0.10116448666666666,21.964446906418985,0.6081240848833477,9.156702333333333,0.6483985666666666,0.21110738813877106,0.006963968276977533
0.140338981,21.013713581822355,0.5974355083331181,9.395463333333334,0.9319858666666666,0.22960502902666727,0.007670323053995734
0.11903518666666668,22.447063250180225,0.6582855316055789,7.337777,0.7954243566666667,0.1903353134791056,0.0033783912658691333
0.23802413466666664,21.72413289291558,0.6517691027630651,6.457978166666667,1.25686722,0.20496248453855515,0.010298172632853167
0.36537275666666663,21.603294220725683,0.636714999547546,6.4155179,1.2425970666666666,0.2399774119257927,0.0069013436635335
0.15088785766666665,23.749995185923442,0.6857278121574532,6.8361030000000005,1.0528069533333333,0.1934035445253054,0.006887674331665033
0.15351476833333336,21.986171424449434,0.654726673515578,7.328278466666667,0.9033293000000001,0.19877336670955023,0.0105608304341634
0.10315060999999999,21.795294894800534,0.6310690498803015,8.524946533333333,0.9827994333333333,0.22398009399573002,0.0231858889261881
0.07199907,23.18391064226274,0.6593095156525478,8.270951466666666,0.9116415566666666,0.1883424570163091,0.012314478556315034
0.09220293333333333,21.55636198408257,0.6299410886625827,8.484855666666666,0.8808530866666667,0.18626745541890455,0.0074551105499267335
0.08852693666666667,22.362098467136164,0.6044019894373757,8.751977466666666,0.9005113833333334,0.22244579593340552,0.010871728261311801
0.20465450333333335,19.413563342565578,0.6069600917050618,7.333732266666666,1.1199709466666665,0.2179186791181564,0.006921529769897433
0.11428824333333332,22.132256198637723,0.63749875890438,7.283416166666666,0.99825295,0.20575144390265143,0.006726900736490834
0.08487706233333335,21.983930975595936,0.6359704138696248,7.4317803,0.9119337700000001,0.21727092067400613,0.010690291722615534
0.060956464666666675,23.018876208023567,0.6719174876416685,6.863436533333334,0.9566456000000002,0.19950592766205466,0.0096928278605143
0.07892103199999999,22.592926193587715,0.650270776124925,6.668249566666667,0.8786167033333333,0.23683934410413102,0.0067935784657796
0.127385047,22.698412727901427,0.7000631795397104,5.704927666666666,1.2555176833333335,0.2298626204331716,0.008011102676391565
0.07808354099999999,23.221147922804235,0.7062261661864236,5.693800700000001,0.8858161666666667,0.18758948147296903,0.004758516947428367
0.12545021333333334,17.604716745746867,0.5388474844692474,22.977248666666668,1.0784646833333333,0.25873886048793787,0.006859858830769834
0.41905186,24.391481386697055,0.665679517864718,5.620221966666667,1.367414733333333,0.18205471833546952,0.009245634078979466
0.25598263666666665,22.634885810914046,0.6499803349095271,5.142257766666667,1.1855980000000002,0.16888623932997385,0.009417692820231067
0.18991135666666667,23.3918343465333,0.6592702923149063,6.915617800000001,0.9241165666666667,0.20835638542970022,0.008129199345906533
0.30907538333333334,20.90001950744443,0.5993177818459373,7.189216533333333,1.1482710999999999,0.19178482641776398,0.0056157906850179
0.11984426733333335,22.84720878122771,0.652179035804355,8.374716333333334,1.0218731433333335,0.20699442426363623,0.010048945744832298
0.16350065333333333,20.034067048292975,0.5777896342616525,9.042116666666667,0.9463153333333333,0.21211953461170194,0.009500424067179299
0.144661655,21.211338628959393,0.6512834672204101,7.6681759666666665,1.0693164866666667,0.18360296388467154,0.0053160985310872
0.11139180733333333,21.607285699813875,0.6564173968583066,7.322467433333333,0.8447532433333333,0.201746126015981,0.007466872533162368
0.08303723233333332,23.327181735259302,0.6870500433590198,6.714441133333334,0.8161916466666668,0.21427920709053674,0.003447214762369767
0.11835058666666666,21.233756553971087,0.6523566497284796,6.584030433333333,1.01101708,0.2079101800918579,0.006695667902628567
0.13860523233333333,22.165969401656028,0.6644043777142001,6.054813633333334,1.1028871666666666,0.21097620824972785,0.012601455052693666
0.07608817333333334,22.866674941786812,0.7011939375753918,6.7462580333333335,0.7813782866666666,0.21671838561693826,0.006877263387044266
0.097973924,23.247080391267602,0.6906368924059171,6.178523466666667,0.8956376466666667,0.2007396395007769,0.013457695643107033
0.11786618833333333,22.444631488965744,0.6681125236709224,6.953392366666667,1.0932867666666668,0.20203710099061323,0.009917418162027935
0.12761060433333335,22.224834846483873,0.6310631215102759,8.119758133333333,1.0072699333333335,0.2117274800936381,0.0051196416219075
0.24463720666666666,20.043974017821597,0.6212701976317515,7.346695633333333,1.333149,0.22356974085172013,0.004794677098592067
0.1576232,20.91506093750279,0.6169224472484834,7.5302009000000005,1.0203762866666668,0.21474302311738327,0.010965029398600232
0.24047616933333335,19.389491593554926,0.6078590092360231,7.7951925,1.1101062133333335,0.2065210789442062,0.0086403687795003
0.1197415,21.43137912070817,0.6332337242676567,8.379605166666666,1.1613283233333334,0.23205539584159848,0.007451295852661133
0.12032799999999999,20.717428673882573,0.602679828881872,9.2129388,1.0795482666666667,0.24065019687016806,0.0079528490702311
0.08766159933333334,22.6580935835878,0.6326787326099045,8.941932333333334,1.0638544666666665,0.2221294790506363,0.008793036142985
0.11150069666666666,22.034803767910347,0.625515173971786,8.128696199999998,1.0822508166666667,0.24567894637584684,0.006894508997599267
0.15065541000000002,21.919857221185453,0.6175265134857171,7.996730333333335,1.191158,0.25986738006273896,0.005950768788655567
0.12515417666666664,22.618094126513327,0.6406303817362081,7.8939276666666665,1.0843836333333332,0.2317471206188202,0.010174512863159133
0.31420850666666666,20.28774756047422,0.6008640522854832,7.418025466666666,1.3303421766666668,0.23010607063770291,0.0086999734242757
0.28542541,21.4232396875463,0.6262237144033048,7.0834736666666664,1.2843209333333334,0.24253789583841956,0.004500706990559867
0.23804786999999997,20.856616665288573,0.6191917834917796,7.4122667333333325,1.3005624333333332,0.22810959815978996,0.006519873936971
0.143077798,22.074958651599104,0.6529308861234665,7.746601533333333,1.2084192533333333,0.2193270822366078,0.009870608647664333
0.15635683666666667,21.63349397003691,0.6319952107279829,7.628649666666667,1.1012865533333331,0.22384501000245413,0.0066719849904378
0.217487095,20.3594128890376,0.6287383577374323,7.650568466666667,1.2089408666666666,0.21820609271526337,0.008969942728678335
0.16481108466666666,20.60405009712149,0.6016908783993521,8.9221448,1.0591083,0.257049024105072,0.0075301329294839995
0.23856749666666666,20.80183275881186,0.6352775138615506,7.304380533333333,1.2865399333333334,0.2327429155508677,0.008232037226359033
0.22109937,21.270854684107317,0.6481381555770778,6.860532,1.2822402666666666,0.22623121738433838,0.0074628988901773675
0.1887011816666667,22.962757770500303,0.6802268227065941,6.245944933333334,1.1679513333333333,0.16545765598615006,0.004528840382893866
0.20691222666666667,22.429532334164122,0.6955477163830462,5.2708011,1.3546307333333332,0.207915686070919,0.009831269582112567
0.14660187333333333,23.993602751529192,0.7020230909721316,5.2588878333333335,1.1017976666666667,0.2031763568520546,0.008346716562906866
0.26411364133333337,21.766770033864404,0.6455485029934187,5.5220313333333335,1.1273374,0.2353226045767466,0.006572564442952434
0.16067646333333332,21.855384587905224,0.6816180325093949,5.1722554999999995,1.3246783333333332,0.17300191024939215,0.011456012725830031
0.28524746333333334,19.26069541127595,0.6222192471405106,4.9153332,1.4301362333333334,0.1704817563295364,0.008913755416870067
0.20912664666666667,20.159072894675493,0.4106703766443543,5.741584466666667,0.8120550233333333,0.08183731138706203,0.0086888472239176
0.16899829666666666,19.89035640122709,0.41636507870626854,6.904617299999999,0.9242346,0.12373208006223035,0.0059683322906494
0.2433279633333333,17.86107644315312,0.35985099326710995,7.754155099999999,0.8593578766666666,0.10943096379439032,0.008082071940104135
0.19601925666666667,19.261853127680144,0.4443477882141831,7.492722566666667,0.8795298233333333,0.1498808860778808,0.010044256846110001
0.2427115466666667,18.339138235629722,0.4439853915280006,7.2557057333333335,1.0756914133333333,0.1341918582717577,0.005136569341023733
0.14967938833333336,20.413645512972543,0.5111767059344959,7.655555533333334,0.9940523666666667,0.14554737508296964,0.006833712259928367
0.17891136333333332,19.382077088950396,0.48653040216461035,7.3784901000000005,1.0088903566666667,0.13844673832257587,0.0069771607716878
0.25044629999999996,18.0706611620059,0.45517486214797337,7.669403699999999,0.9343062,0.1763797501722971,0.005060116449991834
0.17683221666666668,19.729866862163203,0.5374168354784735,7.077247799999999,1.0368782866666666,0.17501933872699735,0.0032625993092854667
0.22953856333333333,17.81657338992005,0.4868527171374717,7.637908499999999,1.0439889566666667,0.20722809930642438,0.010143518447875968
0.21983985333333333,17.92220349976363,0.48950987446055355,7.5279463,0.9182762533333332,0.21061968306700385,0.0082260767618815
0.2642565466666667,18.37352796806863,0.5402068586658798,7.036630333333334,1.1749206666666667,0.2270645052194595,0.003726561864217067
0.11526304566666667,21.96310354558717,0.6356388882731596,6.184276766666667,1.0715949566666667,0.2017937352259954,0.008829593658447233
0.21205465666666665,20.45146137537041,0.6052153800501084,5.686844700000001,1.0824416666666667,0.20470275481541947,0.005161682764689067
0.09325606200000001,22.902556418177472,0.6511178809837442,6.338114666666667,0.8805610566666666,0.23417046666145316,0.006904284159342433
0.17210532666666667,20.572059370154307,0.6441119217327315,5.8916086666666665,1.06265959,0.21781771381696066,0.011330207188924066
0.09446053466666667,21.583203916162432,0.6227319098087652,7.606863133333334,0.7892042166666666,0.291635458668073,0.007699330647786434
0.06324710233333333,23.15270977058799,0.6342788819978047,7.765657333333334,0.7071861899999999,0.2530999432007471,0.008904695510864234
0.11033668466666667,19.920444330583468,0.5792310890700397,8.946506566666667,0.81606038,0.33103003601233166,0.006117900212605766
0.15754403166666667,19.567916173578492,0.5693721153873031,9.737672000000002,0.8085586366666667,0.3290141373872757,0.006485541661580399
0.052412015000000006,22.408110018402013,0.6001817132301418,9.717223333333335,0.7368413,0.30505654215812683,0.005429029464721634
0.06300112933333334,21.06659337458824,0.5991978557944605,9.691855333333333,0.7470793466666666,0.30144451061884564,0.0089686711629231
0.07376402133333333,20.028242273132218,0.5872915615250235,9.45218,0.8135530166666666,0.2873505006233851,0.007452805836995399
0.07975917133333334,19.337120246365775,0.5606263269343627,10.207629333333333,0.7367839799999999,0.3275570968786875,0.007473389307657833
0.10160041133333332,19.63853904347613,0.551323137129145,10.474292666666667,0.6938453666666667,0.3295661062002182,0.006797631581624333
0.06809279666666666,21.166101059065127,0.5924101583369632,9.361153000000002,0.8145816866666666,0.31338917712370545,0.008974313735961867
0.08367771866666666,20.604418704540855,0.5970607939021261,8.295650333333333,0.8846942200000001,0.30974707504113513,0.0069892406463623
0.1019374,20.331571480863605,0.6092700937025668,7.446233333333333,1.0113474333333334,0.29656667510668433,0.0068325201670328675
0.10284248333333333,20.96892873393668,0.6343705765405523,6.899793433333333,0.9426556,0.2830830117066701,0.009532372156778933
0.140585856,20.033607743867027,0.6046312000161315,7.317835766666666,1.0218930666666666,0.27078765630722046,0.006850401560465467
0.080215346,20.803226729231742,0.6405481483840515,7.4351476666666665,1.0800874,0.2740329106648763,0.0067628224690755
0.10093210633333334,19.821208155462084,0.5997957917882791,7.836691333333334,0.7390741433333332,0.23081902166207632,0.012688398361206001
0.073588834,20.757846988900734,0.6496794862776035,7.4409478,0.84270152,0.20430682599544525,0.0073734919230143
0.10779099466666668,19.514875616068533,0.584767377888964,7.425044499999999,0.6971218199999999,0.27531232436498004,0.0113638242085774
0.3503409456666667,24.902841596326315,0.642273105898641,7.139229533333332,1.2149352466666667,0.1952051271994908,0.006784200668334901
0.21953775666666667,23.749897636689358,0.6972008254424894,5.996241133333334,1.4707493000000003,0.1606902008255323,0.008940776189168232
0.15299625000000003,22.835993064004573,0.663805619141475,7.161213466666666,1.0438449866666668,0.17689314484596252,0.0081880092620849
0.23651181200000002,21.31207423736168,0.6413879870001646,6.6915906000000005,1.4142333333333335,0.20469207564989725,0.006199757258097301
0.17647983466666664,23.119625590306878,0.6490073712051495,7.361882833333333,1.0875771666666667,0.20519811660051343,0.0092644691467285
0.21476578666666668,22.77332014045292,0.6300004464914958,7.662629,0.9810150833333333,0.20368733753760657,0.0062329769134521
0.11966170766666667,23.57922755036685,0.6454582902527616,8.384502666666668,1.0646501566666666,0.23726321260134375,0.008203744888305633
0.12124350866666667,22.042437307539718,0.6145951885818942,9.801583666666668,0.9838055199999999,0.18746978541215256,0.004177014032999666
0.33131734,20.616212135492464,0.5626912811711273,10.184840666666666,1.3211986533333333,0.2516223043203354,0.010669231414794866
0.2380960986666667,21.47661839740009,0.6120659974527208,8.783631333333332,1.3415363833333334,0.2361844306190808,0.015003681182861266
0.21292842999999997,24.02848442070878,0.648426365984606,7.845549666666667,1.1035237333333334,0.2197456955909729,0.007304668426513633
0.31728794,21.31838897873296,0.5962073920507013,8.916970333333333,1.2963098666666666,0.21952754010756806,0.009101152420043933
0.17165280866666666,22.410571391465144,0.619152345768892,9.475490166666667,0.9701599,0.19462580978870392,0.011001110076904267
0.25109848333333334,21.74215084274682,0.6086789829540461,9.096715999999999,1.2620270333333332,0.21042374273141218,0.0079134305318196
0.135544052,24.477024527027364,0.6621559559594411,8.940211,1.0495402133333334,0.17004060248533884,0.0084449450174967
0.15682706666666668,23.16394366374224,0.6158161018694261,9.195343666666666,0.9917320666666667,0.22301464279492697,0.009302536646525033
0.18900424666666668,22.241900250075815,0.5824871810379079,9.588254000000001,1.20496215,0.23230986793835953,0.010086615880330335
0.104746132,24.895715041006696,0.6328685917212922,9.198405333333332,0.9584462199999999,0.22252116849025086,0.010329961776733365
0.13884944500000002,26.05575200551216,0.6766182959213635,7.153395333333333,1.2649126666666666,0.21496118108431495,0.007991472880045565
0.3154874166666667,22.78177554578382,0.6356044758538933,7.100601833333333,1.2794994333333334,0.20045485595862067,0.009623686472574867
0.32721986,25.6001853850284,0.6713004204274776,6.401906133333333,1.0639339333333335,0.20489515612522757,0.013303120930989532
0.16046880666666669,27.130072880343047,0.7134389694318855,6.501546,1.0888495166666667,0.18607278168201444,0.002995967864990233
0.41828787000000006,26.935608259648095,0.725855143545819,4.3406603666666665,1.7285558333333333,0.19801073521375653,0.010280927022298133
0.5307602366666667,23.90243539134114,0.6715068247709528,5.271142566666668,2.1366753999999997,0.2250760644674301,0.0101840496063232
0.40940419,22.65639988124364,0.5657238620105548,8.503466,1.3188929666666667,0.31681918601195014,0.008891820907592734
0.18295682000000002,22.726557115248113,0.5664968897371144,9.744963,0.7615774066666666,0.34756917754809064,0.007763942082722933
0.08093437166666667,24.480722180413256,0.5724376863868468,10.854075,0.8545249233333333,0.31899155676364893,0.0084571838378906
0.15355914,23.02788170817969,0.5871966371516906,9.479266666666668,1.1658183666666668,0.294263407588005,0.0060733159383138
0.10887038,24.744844537282884,0.6064451193000955,8.9680565,0.7720347366666666,0.28672616680463153,0.0061379273732503
0.17819453,25.29409462499763,0.6485106161047338,7.559406133333333,0.96276748,0.23162993292013798,0.0108695824940999
0.2466305,24.972591250489927,0.6321387515826024,7.632965566666666,1.0251276200000001,0.24903707206249237,0.006446520487467433
0.4503206233333333,19.980571344596594,0.5989376703356643,7.1771019,1.8805101999999998,0.24698100239038465,0.011433124542236267
0.10131422666666667,22.92371412182121,0.6016728558614993,8.838500000000002,1.1498490666666665,0.2986839363972346,0.008925199508666966
0.092306823,24.145715201126816,0.6561723813774206,7.877450766666667,0.8497324833333334,0.2118423531452814,0.006463925043741833
0.15634019400000002,24.73007348545822,0.6848793850624603,6.5164237,1.4655033666666668,0.23028102517127988,0.0064431826273599994
0.6304763,16.998546986480218,0.47580204257905684,14.681200666666667,1.3338377666666668,0.31508421897888184,0.009661833445231098
0.21231128533333332,26.182085152415585,0.6775056464225737,6.7366109666666665,1.0904956333333333,0.18435933689276374,0.008325020472208634
0.330942768,23.738520119366033,0.6424954949695061,5.316574999999999,1.0583419333333335,0.19501256446043647,0.007547934850056934
0.15759377333333333,23.01632032047625,0.6613458409404802,5.5246311666666665,1.0793651133333333,0.17739874124526978,0.007020155588785801
0.137289922,22.870484690462508,0.6531485816751333,5.525582233333334,1.0180085033333333,0.17187116046746564,0.008728822072346968
0.155726995,22.62195582374315,0.6340020236432106,5.204592633333333,1.1838080466666667,0.16508001585801438,0.009192943572998
0.16677737333333334,21.37142729132832,0.621364647115183,6.4784461,1.1690069,0.18084453543027243,0.006336530049641901
0.29021628833333335,20.216331881774323,0.564846386030021,6.568785533333333,0.88321511,0.1924555798371633,0.011116981506347634
0.13899145799999998,21.984237235180675,0.6875245409021664,6.142042833333334,1.2354283333333334,0.1838244100411733,0.0086862246195475
0.09132091033333334,22.34883472573587,0.6795566932426186,6.622223699999999,0.8160383333333333,0.179044485092163,0.010127067565917932
0.1422518633333333,19.654589949635138,0.6255853400941245,7.260221966666667,1.1792993999999999,0.20256960888703657,0.006669600804646799
0.11206294333333333,20.857897619593,0.6362808177128588,7.307729666666667,0.9603287866666667,0.2019080320994059,0.0073967774709065666
0.07244098233333333,21.717869477010456,0.6309634353649657,8.175882933333334,0.9441913333333334,0.219914898276329,0.007580836613972933
0.106821532,19.894044729146263,0.6153301967307286,8.509480166666666,0.9939349166666668,0.24540423850218454,0.006728331247965467
0.06593207033333333,22.026949206893324,0.6544275116165631,7.580145266666666,0.7875094366666667,0.2190872530142466,0.006237824757893866
0.073007636,22.622117582575488,0.6523675953650714,7.700914433333334,0.9066087,0.2224458158016204,0.0046539306640625
0.07248538066666667,22.342833561767005,0.6608471048136438,7.592339133333334,0.9244254566666665,0.23606772224108377,0.006464322408040333
0.08008373433333334,22.608608725729606,0.6609088875973699,7.211074666666668,1.0054240533333334,0.22289945681889853,0.005627155303955067
0.07175075566666667,22.382079474156654,0.6491200379929231,8.317841,0.9368326666666666,0.23070934414863586,0.009929259618123368
0.14051981666666666,20.230936867507168,0.6275058856587331,7.675570966666666,1.1334875333333334,0.24799089630444837,0.010865052541096968
0.10602042666666667,21.612823382788903,0.6919997395785095,7.297383233333334,1.3066139333333333,0.20506097873051954,0.008233706156412732
0.07581190433333333,22.062208002072627,0.6439489288432844,8.427444833333334,1.0196022333333334,0.21027716000874833,0.010506073633829702
0.143724361,20.295496384099238,0.5982028871537841,8.502357000000002,0.9687772166666666,0.23087636133035025,0.0100131034851074
0.11222039299999999,21.836322428628176,0.6482381712685568,7.617788333333333,1.0790933866666668,0.23016574482123053,0.009208361307779899
0.09660783333333334,22.511808958542918,0.6621973474781998,7.243615833333333,1.0600402366666666,0.23510489364465073,0.008988618850708001
0.08130822466666666,23.396977362449906,0.6773125630100894,7.008044733333333,0.9754619999999999,0.24698934952418003,0.008571783701578734
0.13632742333333334,22.669797415599305,0.6904679519340235,6.002280866666667,1.2343653533333334,0.2412496109803517,0.009044408798217734
0.12501376,24.396693885022312,0.706013519773912,5.323987566666667,1.0923204999999998,0.21499837934970856,0.005598386128743467
0.13935635999999998,23.353327351691856,0.6811324025281319,4.921958833333334,1.1145322666666666,0.22344578802585593,0.009028673171997067
0.21382836333333333,22.113837203125062,0.664683068845657,4.827984999999999,1.2177687333333334,0.23702349762121835,0.008692979812622067
0.19566055666666668,22.07384633574568,0.6660245336798877,5.611687,1.2745677333333336,0.24241216232379273,0.010757366816202768
0.23298461,21.08685895229347,0.6404982919752394,5.385721366666668,1.1651542833333333,0.2039785633484522,0.0073747634887695
0.2194981933333333,20.076851548145598,0.6357450788154657,5.476917866666667,1.3217676,0.2331635678807894,0.0111919244130452
0.3083262233333333,18.000332510548372,0.5635743728978867,6.317200666666667,1.245580623333333,0.23173749446868888,0.006814638773600234
0.10863029333333334,21.242520210126568,0.6384609791762325,6.487190000000001,1.0360523333333334,0.22480673094590506,0.009168545405069966
0.12266678833333333,21.089085414135102,0.6283949615746325,6.8317427,0.9506924333333333,0.20348184307416275,0.010774930318196601
0.07443788566666666,22.102500595341315,0.6512206173226388,6.165897833333332,0.8591068966666667,0.19810859858989713,0.0092951456705729
0.13182189766666666,19.91184331419131,0.6220906812457052,5.866214133333333,1.0559544333333333,0.1899629086256027,0.006845315297444633
0.08643028000000001,20.796454269092447,0.6620188133209353,5.280518833333333,1.1440684666666667,0.16307159761587778,0.0102428595225016
0.09376904500000001,19.926494834786997,0.611255490214151,5.1888912,0.9118349933333333,0.20843451221783948,0.012911796569824168
0.085984548,17.86969196193448,0.5078759566107344,28.171748333333337,0.81015024,0.3054576317469279,0.005911827087402333
0.12419365333333332,25.28772017171205,0.6392751389853394,8.6065035,1.2471034333333335,0.16251208881537113,0.008811950683593734
0.23997857,24.506350849675613,0.6854574992995676,5.536740766666667,1.1240461800000001,0.18126541872819266,0.0082286198933919
0.20760828,25.050904791903623,0.6990365401876056,5.790868666666667,1.2804490000000002,0.16573572158813474,0.010087807973225867
0.38040038000000004,22.804041796854374,0.6745071135324485,5.662771333333333,1.5482638,0.16562090814113614,0.006781975428263334
0.34022612,22.55628244838482,0.6480022833167864,6.454251133333334,1.3056360833333334,0.19110788156588868,0.009684324264526332
0.28623309,21.301167390433307,0.6467304996289599,7.296007033333333,1.6650169333333336,0.19369904200236,0.0058811505635579
0.21291021333333338,23.72949052289206,0.677009277014272,6.5839484666666666,1.1048557666666665,0.17277919997771574,0.0101510683695475
0.21062586000000003,22.533972349412355,0.6666317769205232,6.165795766666666,1.0773241,0.17243592192729315,0.012516975402831967
0.15376047666666667,21.30596117666133,0.6547612892379778,6.312972666666667,0.9867572433333334,0.1877410511175791,0.009241819381713834
0.139308551,20.72964959641383,0.6349526570130809,6.3570322,0.9810755433333332,0.207737664381663,0.011518319447835233
0.12020481000000001,21.27422923340203,0.6379147162360336,6.179626533333333,0.8229025466666667,0.17318292458852133,0.006965637207031233
0.13378188333333332,21.30543112517635,0.6556214282985183,6.524277433333334,0.9632185999999999,0.19971261421839392,0.0067696571350097335
0.15332310333333332,21.02996783864396,0.6380013441898383,6.857114800000001,0.8433550366666668,0.1914150913556417,0.005580584208170533
0.08804933033333333,24.987233427230283,0.7365121433748915,6.396889666666667,1.0064116666666667,0.17698619763056433,0.0073881944020589
0.118675068,23.447630088116185,0.6753886312774484,6.979955933333334,0.9817788333333333,0.1887609908978144,0.0083203315734863
0.16640982833333332,21.53506999793645,0.6569608458886823,7.426496666666666,1.0466111466666665,0.19298453629016873,0.007419586181640601
0.12465316333333333,22.908234019354293,0.6588669769875107,7.540075066666667,0.7926150266666667,0.17013398806254063,0.006861050923665333
0.23882644666666666,19.66832858394673,0.6031306385915496,8.4162822,1.1679337333333333,0.20467441280682874,0.012615203857421833
0.19433499866666668,21.840454491864858,0.6392855607094857,7.483443866666666,1.0119156666666667,0.159493717054526,0.018934011459350534
0.18702298233333334,22.359322559198233,0.6330176546547231,8.426641233333333,1.0516290833333335,0.2081482112407684,0.005652109781901033
0.144635371,23.54725221972855,0.6584158105439487,8.029626566666668,0.99656077,0.18392056723435715,0.011330525080362933
0.19944892666666666,21.725685129944406,0.6385042702826703,7.845335566666667,1.3115065999999997,0.17790970206260678,0.010089953740437798
0.30048991333333336,20.469505680253643,0.6042354581990123,8.027293866666666,1.2883190333333332,0.2027010271946589,0.010013262430826767
0.25297339,21.054755173512728,0.6262107203893894,8.010051,1.3306938999999998,0.18659651776154831,0.008110523223876934
0.11528082833333332,23.59599575446555,0.623081002528632,8.492514666666667,0.7951004833333334,0.19108368953069044,0.006953795750935867
0.2615080313333334,22.844103729740482,0.6738346806687474,6.662012066666667,1.2442271166666667,0.1650363753239313,0.0088226795196533
0.12992254466666667,23.75376111810468,0.6569554953678659,7.685429966666667,0.9041856866666667,0.184944341580073,0.0087183316548665
0.3651578626666667,22.837758692541,0.6450472073354336,6.472023666666668,1.37904928,0.21467508375644684,0.0075167020161946325
0.17522881666666668,24.962464092296283,0.7007429646390487,5.538310366666667,0.9610359,0.2100328554709752,0.009181896845499667
0.31000606833333333,22.79022496518564,0.6567061514161964,6.211358866666667,1.4862920166666669,0.2215139269828796,0.009023110071817999
0.09068802766666667,20.993069551151624,0.5727372839906003,10.454044999999999,1.0279660333333334,0.2366656263669332,0.010552088419596298
0.096836925,23.608310058141097,0.6594918839411457,6.9697968333333336,1.0248829866666667,0.2115314950545628,0.009041150410970034
0.21205989999999997,18.80059925626024,0.5759864929366673,8.918041,1.1188343233333333,0.23625886440277097,0.011905034383138
0.40617029,25.876298454354778,0.6371749476937781,7.7083601,1.2128890200000002,0.18398099641005194,0.0080316066741943
1.0524861,20.491421570436014,0.36824500225939283,3.2033769000000003,1.0575403133333332,0.0824595081309477,0.011919101079305
0.3129595866666667,23.362163683460277,0.4526144063825246,3.5286464333333334,1.0713444,0.09440604348977404,0.0069928963979085
0.45563186333333333,21.911878111808807,0.43390764888319416,3.757452766666667,1.2196968000000001,0.0949558392167091,0.0068157513936360666
0.3791892133333333,21.18062973968794,0.5142007478299404,4.392434866666667,1.3520983,0.0916738870243231,0.008388678232828734
0.23301970333333333,20.47422987303683,0.43665029408802464,7.201529466666667,1.0589970333333334,0.12202784419059753,0.009230454762776667
0.187837665,20.734341235957725,0.5005143710611673,6.531379666666666,0.9451839666666667,0.1207982574899991,0.006821870803833
0.22721276666666668,19.618906605313764,0.4950697463364187,7.4234666,1.0393570533333334,0.15565279374519977,0.009288946787516234
0.23631718,19.467311745984006,0.494262538962101,6.651563400000001,1.1495325666666667,0.12610482921202973,0.0074217319488525
0.18045460666666666,19.74540687026086,0.5085589637395012,7.157312133333334,1.0632784333333334,0.15850968658924103,0.008277893066406234
0.20455422666666667,18.6420773823542,0.4839923825446156,7.439002266666667,1.0357633666666668,0.15229355543851844,0.011586983998616499
0.10623782333333333,20.421343120414196,0.5409973497543571,8.0320916,0.8392129,0.1648826549450556,0.003469149271647133
0.13525646333333333,19.63733562251031,0.5322510698685105,8.090033666666669,0.98958698,0.17493326465288794,0.008189439773559534
0.1984272,18.80052222858784,0.49291519080522644,8.442476466666667,0.94220852,0.21282805005709324,0.0096062819163004
0.22007866,18.233406234482036,0.49253572815114754,8.358855,1.10221608,0.22976629436016083,0.0079236030578613
0.2832009433333333,18.11137376923961,0.4827347399018378,8.740753566666667,1.06061145,0.24613686402638754,0.005806605021158834
0.21656066333333332,17.856682122273472,0.5167010704134337,7.8877546999999995,1.0824133,0.2075692415237426,0.0069297154744465995
0.29554821,16.442158233738404,0.4978067437799966,7.674343166666667,1.1655115333333335,0.21881336470444993,0.0034361680348714003
0.241356884,19.108773032987276,0.5559071249356432,7.684784466666667,1.17074948,0.21911965310573575,0.008160909016927067
0.1822791933333333,18.776375379487224,0.5463462397074937,8.0655612,0.9632515833333333,0.22916083534558615,0.005503098169962534
0.30923507666666666,17.558664570528425,0.5288435805626478,8.362952,1.0768661899999998,0.2211255580186844,0.008435726165771434
0.211182499,19.133738380957634,0.552629571647272,8.5761705,0.9298940899999999,0.20944464206695557,0.0098756154378255
0.16228926666666668,18.96118400583341,0.538350911117487,9.539269166666665,0.8502801366666666,0.22997097174326575,0.008987267812093065
0.24687007900000002,17.551224321032766,0.5141992369624817,10.152687166666666,0.8572796666666666,0.250450387597084,0.009666681289672801
0.20262045166666667,17.976070323634218,0.5214876162564496,9.567584,0.8781970299999999,0.2553569773832957,0.005521615346272767
0.18696383333333333,18.652604031496455,0.516035456548515,9.028563666666665,0.84068561,0.2638014356295267,0.008545319239298467
0.26624589866666665,17.9685765615005,0.5279227713533726,8.218547666666668,1.1359372666666667,0.29121263325214386,0.0036658445994058996
0.18505102533333337,18.480211949327472,0.5401926200502004,8.987659833333334,0.6707369866666667,0.23145548005898794,0.0086078643798828
0.13538141933333334,19.105031121277815,0.5242874884628269,9.185685999999999,0.67107238,0.26572869221369416,0.010243256886800067
0.14126782533333335,19.48667107992975,0.556310257833078,8.723039333333332,0.8209437999999999,0.24091336131095886,0.011823813120524067
0.13651326166666666,19.939558461053647,0.5799314017678651,7.776148933333334,0.82328887,0.20504900316397345,0.009469985961914
0.17411408666666664,19.23458805343863,0.5481821340387666,7.9908681,0.9212727666666667,0.21085063616434727,0.006106694539388
0.11005237000000001,21.27907665304914,0.629123996438682,7.2111689,0.9823586166666667,0.16141105691591898,0.006280342737833633
0.14974727666666668,19.891895658823255,0.6013435639620753,7.425111333333334,1.0698394,0.1675714552402496,0.008237441380818633
0.11923710333333333,20.86269643917258,0.623739837129763,6.875690633333332,0.9745530866666666,0.15686868627866102,0.006437301635742167
0.12885586066666668,20.91412948748993,0.6233700824318192,6.224991266666667,0.7633624266666666,0.14015322426954901,0.006406784057617167
0.18899131666666666,18.893891304710955,0.5446077488701225,6.303152333333333,0.9673567,0.19308989743391666,0.0104299386342366
0.1377283,19.924862557770183,0.5616759752465789,5.628502433333334,0.8974418333333333,0.15028923749923703,0.008906126022338834
0.37424195266666666,26.583915855051647,0.6904886134334522,5.4041844999999995,1.2559745333333334,0.17824370165665945,0.010321935017903633
0.2651514933333333,23.76463086555999,0.6545971960213159,6.257029200000001,1.0417577333333332,0.16161573181549704,0.004754702250162733
0.18022306333333335,27.017346727528388,0.7368182143194607,5.493439766666666,1.1975102499999999,0.15568067381779346,0.009510040283203099
0.19401308166666664,22.521089519699647,0.6634858593405445,7.330881933333333,1.5424222333333333,0.16449543088674543,0.006892363230387367
0.15095877566666668,23.784337651879923,0.657484629389764,7.5854525,0.88040305,0.1902405222256978,0.011110226313273066
0.10650301833333332,25.651499357374593,0.6834131261256077,7.365568366666667,1.1685508233333333,0.20890239874521888,0.01267592112223303
0.171769928,23.499342955997637,0.6682284619462714,6.829797266666667,1.1444574666666667,0.18406332532564798,0.0088218847910563
0.24500586999999996,22.83786093593355,0.6753463697857124,6.1792218666666665,1.2169972666666664,0.18192522476116815,0.008404095967610667
0.18888952000000003,22.75176221497685,0.655467275168719,5.6061983333333325,1.1015075,0.22078113754590353,0.008965810139973935
0.13778037833333334,25.201308228234677,0.7172362699917789,5.363551900000001,1.0309388666666666,0.19392058501640955,0.009916305541992167
0.304803169,22.692948064106787,0.6773297029366669,5.8462339666666665,1.38107852,0.2060317198435465,0.011415719985961833
0.22677999233333332,22.891926860312143,0.6495833695374659,6.620319133333333,1.1380622333333335,0.21745282908280686,0.0056155522664388
0.26068756666666665,21.18090234951214,0.6433990154761776,5.984367866666666,1.2466278666666666,0.19732892761627832,0.011751731236775668
0.18215943033333334,25.01305090563979,0.6915026671067337,6.022882233333334,1.1413384533333333,0.19303686916828156,0.0110987822214762
0.11833609133333332,24.42992067240118,0.7019976008564882,6.1824142,1.13601722,0.1782419458031654,0.009624401728312132
0.13759912333333332,23.679378330581063,0.6734079544215543,6.893033366666667,0.7239423333333334,0.17944380640983582,0.0082284609476725
0.16098547,22.511932690029983,0.6688830723688056,7.1504453,0.8665058666666665,0.1837757403651873,0.008422692616780567
0.0986642,24.72314195542657,0.6893994453872421,7.276107333333333,0.7759335899999998,0.19077202926079426,0.008714755376179967
0.12154747533333332,23.35854661260787,0.6678790663142342,7.078475999999999,0.9480356,0.207746942838033,0.0067185560862223
0.12512759833333334,23.406978000577983,0.6655729899675412,7.4129858,0.9346956366666667,0.19951470941305158,0.009580850601196267
0.08983297333333333,23.842079182398663,0.6740152003338483,7.684969133333333,0.7785632066666667,0.1782279809315999,0.0067478815714518
0.09456992766666666,22.51604223542623,0.6156978760918834,9.866672666666666,0.62924801,0.19564972817897797,0.006879250208536767
0.17307744533333333,21.015524811464097,0.6105757705651108,8.580648666666667,0.9847886,0.20950822780529654,0.006190776824951166
0.11395931,21.942641814659183,0.6241224599320637,8.505366666666667,0.8657750666666667,0.2093426684538523,0.006838321685790999
0.08744124999999998,22.308535111851906,0.6219150170650362,9.084973,0.7884312366666667,0.19984298944473267,0.0096808274586995
0.15937747666666666,20.431345236568898,0.6013278239808458,9.025018,1.0207483566666666,0.21345661580562583,0.009719610214233334
0.16807284666666666,20.59278186339681,0.6291280438106565,8.05467,1.1446083,0.20502639810244241,0.008011817932128866
0.11068086333333334,20.597890712610095,0.5986106676902195,9.492396,0.8053238466666667,0.2142860914270083,0.011042833328247034
0.07040502833333333,20.71680219891682,0.5525538593330189,11.593360666666667,0.7734362233333334,0.24964255591233567,0.008391936620076467
0.07743426399999999,19.07152988276988,0.5541433398023905,11.284413,0.8640245566666667,0.21608562767505637,0.0061697959899902335
0.08614593366666667,19.8519503935966,0.6072415734225761,8.768205,0.9624174466666667,0.22217880189418784,0.004283746083577434
0.12542697666666666,17.60671125132075,0.5605483866293288,9.437657333333334,0.9911184433333333,0.24312504132588705,0.009051799774169866
0.10737732733333333,20.4664516436227,0.5998316479734856,7.805985666666666,0.9575444333333333,0.23049621284008026,0.011886517206827768
0.09927777666666666,18.26404389115909,0.616068746816762,8.138545833333334,1.0311063833333332,0.21121069292227423,0.0100895563761393
0.05192576300000001,22.44161690249436,0.6465824280852895,7.3470222000000005,0.7625359433333333,0.23119440178076422,0.022759437561035132
1.6515512300000001,25.83198584100712,0.6651928911289001,3.9347473,1.4003992,0.15137166033188496,0.0054802099863688
0.7323186433333332,24.534892879875358,0.6520033439452267,4.709492733333334,1.0389152333333334,0.18289507925510404,0.005960226058959899
0.5455325249999999,24.699404588937156,0.6703871015589081,4.7263025,1.4014494333333332,0.17574170728524519,0.0034407774607340333
0.6037174399999999,23.176593857641162,0.6587419400774539,4.645819333333333,1.5004618666666667,0.1605575655897458,0.009591499964396134
0.79574069,24.131224913175913,0.6664901348940733,4.0549693,1.8485228666666667,0.16618311156829194,0.008557081222534133
0.63738771,22.22407028729069,0.6408262646481361,5.056978133333334,1.747486633333333,0.18499519427617386,0.0081074237823486
0.34906381000000003,23.00749477805114,0.6821777051693888,6.035564333333333,1.4588212333333335,0.16665545602639512,0.012816190719604435
0.21132331999999998,24.230316193503388,0.6920512562822498,5.765181666666667,1.1678904333333333,0.1708075776696205,0.0055222511291503325
0.25783785333333337,22.35406874051644,0.6762820282257892,5.661436566666667,1.3667349666666666,0.19461822509765625,0.009986003239949467
0.34083088333333333,22.63549717873482,0.6775892818211262,5.410093799999999,1.34868162,0.21958051621913907,0.006009578704833967
0.09771184533333332,26.286944841725106,0.7215398869566482,5.610101266666667,0.94883215,0.19951827079057693,0.007793664932250932
0.19802955333333336,23.711693059911166,0.6726286975224142,6.058539,0.82987562,0.21707930167516068,0.010995229085286433
0.16401612666666668,23.789914361614695,0.6649462811740477,5.992253466666667,0.7643050766666667,0.1999029194315274,0.005640586217244434
0.2282815566666667,22.773587456055576,0.6330892907304224,6.2723401999999995,0.86523182,0.21069365739822388,0.0043520927429199
0.21788147000000002,23.682363681552136,0.6834751123006805,5.8207904,1.1726210333333333,0.21348739167054487,0.007135391235351534
0.19256145333333333,24.31696567172703,0.693014356004765,6.041008333333333,1.2348757333333333,0.21373361349105835,0.009613037109374967
0.31261151000000004,21.720094014582656,0.6267432728884658,6.495573033333333,1.1910122766666669,0.22821965316931403,0.007598241170247367
0.18651377333333333,24.85607267987254,0.7041327247225814,5.6816721,0.94471435,0.171246608098348,0.008052984873453734
0.42179504333333334,21.475508101263213,0.6395813524379085,5.9058413,1.2334631333333332,0.18565426766872403,0.011076609293619767
0.22636064,22.724362614241556,0.6659583745227131,6.286636333333334,1.2636058333333333,0.18292375653982162,0.008424838383992467
0.18763015333333333,22.834784243870875,0.6399873271614882,7.5550913333333325,0.9537571666666668,0.205449196199576,0.008781512578328434
0.1632249246666667,21.468554318563303,0.6076122408153349,8.767360333333334,0.8986540333333334,0.20531078676382697,0.010341485341389968
0.11464479,23.176792491253043,0.6715810667769775,7.914302633333334,1.0092919333333334,0.17609698573748267,0.012176434199015235
0.22934424333333334,20.487383769164683,0.6215590601230266,7.293935933333334,1.1391698866666669,0.21048794190088907,0.0067753791809082
0.18224820666666663,20.663024027220825,0.5986288451776088,8.549068666666665,1.1242797666666666,0.22242583334445945,0.0088547865549723
0.29081905,19.220181591981262,0.5759765508549185,8.058466666666666,1.2023833,0.20485953986644742,0.007355690002441367
0.12916771333333332,20.680676294268157,0.6421023963588864,7.923736999999999,1.12559975,0.19368937611579892,0.0031721591949462665
0.1694570333333333,18.21777825918615,0.578470018909731,8.378642999999999,1.1050435,0.22042115529378256,0.0049164295196532665
0.07048754133333333,20.480473121156077,0.6055762266116869,8.837853833333334,1.0089176466666667,0.2254928350448608,0.007981618245442667
0.076007178,21.875289512757917,0.6480549890632955,7.396723999999999,0.6682571999999999,0.19444719950358066,0.008446455001831001
0.08157283,21.295743518985958,0.6273618742257688,7.250485233333333,1.0395266,0.2339134414990743,0.006083965301513666
0.11989746333333333,19.549411319268202,0.6232347713513574,7.252724133333333,1.0995529,0.23237310846646622,0.004803498586018867
0.057378840666666674,21.620598409536612,0.6266983824010223,7.421805166666666,0.8596860500000001,0.2191182325283686,0.008313337961832633
0.07026452866666667,20.219434382912002,0.6060366004889933,7.814428666666667,0.9455887166666667,0.2791021764278412,0.007997115453084265
0.07572508133333333,20.792305339450024,0.6679074501430678,6.377271866666667,0.6099589366666667,0.19676959017912543,0.003615697224934867
0.39551219666666676,23.152045977016247,0.5741297766900004,4.096312866666667,1.1887792666666668,0.14348964889844257,0.006223360697428367
0.24830489,23.06083268386624,0.6083255874254346,4.330121366666667,1.1763799999999998,0.14981515457232789,0.009732484817504833
0.27756446333333334,22.734921850098644,0.5846266802190826,3.923615,1.3275595666666666,0.130679078400135,0.0110350449879964
1.0767658533333335,20.87352405621429,0.4920633009488375,3.6180577999999994,2.0435024,0.13956266889969504,0.010988791783650665
1.11072349,19.994699043677162,0.4559244846489184,3.656152233333333,1.8829307333333334,0.14889809737602866,0.006819804509480766
0.7449810366666666,23.282123314146727,0.5436299713132424,3.3371103000000004,1.6867641666666666,0.14712535341580707,0.011581500371297132
1.1217590166666667,18.242207108786506,0.4898144162681297,4.751083133333333,2.487240733333333,0.18148111303647355,0.006740252176920567
0.126332986,22.80470878686184,0.6672361700165773,6.4118219,0.9912724,0.16813345253467557,0.0113156636555989
0.23178074666666668,19.804652900443,0.5782901036084996,6.182848033333333,0.92745388,0.1667915433645248,0.009491761525471966
0.07644758166666667,22.88712735175825,0.6531794447661273,7.164920066666666,0.96241448,0.1831871817509333,0.007810592651367167
0.21764944666666663,19.595928573934813,0.6127871291867174,6.692519033333333,1.3189667999999999,0.17806296050548553,0.008001804351806599
0.16590441533333333,20.039944331994118,0.6374964198027774,7.515249999999999,1.2486028666666666,0.1991133590539296,0.006820122400919534
0.09731963999999999,23.099895584711316,0.6855141106574313,7.2789987,1.0544288833333333,0.18735669304927186,0.007090409596761033
0.117768317,22.283527793717255,0.678277860844028,7.299306566666666,1.0520524333333334,0.17618380238612488,0.0045498212178548
0.150070648,20.597706073449135,0.6263303488321111,7.536237333333333,1.0502210566666668,0.17123759289582566,0.0068822701772054
0.08682351166666667,22.0645075799815,0.6395211753890259,8.732634500000001,0.9439446433333334,0.21516401072343186,0.008083105087280266
0.11491768633333332,21.616796711429114,0.6477890280234273,7.7579578,1.15991568,0.2340193142493566,0.011274019877115835
0.16335419333333331,21.804041966781114,0.6451706938765794,7.4496005,1.2286119999999998,0.23864265779654184,0.0078063011169432995
0.22166272166666667,20.2155892311979,0.5969277927340823,7.576469166666667,1.1615556333333334,0.25641068319479626,0.010850350062052367
0.23220389,19.090518520608402,0.6239189052080364,7.077377433333333,1.4130156666666664,0.22675899664560953,0.008919080098470034
0.14817821,21.393002521628954,0.6468480047661188,6.8754613,1.1812784333333333,0.2566792964935302,0.006050030390421533
0.10396651666666668,22.496489969766603,0.6779383521367445,6.541000799999999,1.2246641,0.24549751728773117,0.006221373875935867
0.14183203333333333,19.915931100265027,0.6370356079745677,7.2241447,1.2869172333333334,0.25418605903784436,0.007919232050577766
0.05876037533333333,22.989671483045687,0.6641682792109739,7.649769933333334,1.0533645666666667,0.2257681439320246,0.0087178548177083
0.07600179166666667,22.16172326456613,0.6375911560638127,7.947192900000001,1.0073265666666666,0.26149670282999676,0.006389300028483067
0.07533976866666665,21.807123765605684,0.6410809098805642,8.209168333333334,0.9063075566666668,0.22535203397274017,0.0104459126790364
0.05762096533333333,22.798465040648907,0.6577077521427613,8.138035,0.8768188066666666,0.24221203724543253,0.005090157190958633
0.08531817966666666,21.3161194979098,0.656118767460854,7.301285766666667,1.0034768133333334,0.21384161214033762,0.008994261423746734
0.09790342133333334,21.791123410939946,0.6477306095028631,6.9039024666666675,0.9952858666666667,0.24348220229148865,0.0058608055114746
0.12142583,21.388350992577003,0.6324660947776747,6.563237466666666,0.9768232833333332,0.21823870639006293,0.007239182790120434
0.180907398,20.685283299444638,0.6478123608554558,5.638809866666667,1.2529256333333334,0.20986651132504142,0.0114178657531738
0.093839092,20.903879100399084,0.6696048539033063,6.483227100000001,1.2454082333333334,0.18275086581706998,0.0033625761667887334
0.08873655666666667,18.50541294109367,0.5491588340098977,24.959466000000003,1.0199318666666668,0.2308595379193623,0.004586617151896133
0.21802549333333332,26.258217986507887,0.6579899411115363,7.241155233333334,1.21243909,0.17733487735191977,0.008008639017740833
0.339604482,23.51392564701077,0.6685089811174265,5.394229366666667,1.3505038333333335,0.16605052351951596,0.013660033543904599
0.3642518533333334,22.07452940276957,0.6152097939456842,5.6723411666666665,1.1383088666666668,0.16225360333919522,0.009448528289794901
0.24455702,22.21659732561712,0.6446752699719522,6.592869666666666,1.2060034,0.15790359427531556,0.006919384002685501
0.20910911,20.42056788882363,0.6012467269525112,8.163630166666666,1.1059723666666668,0.1920437142252922,0.008853038152058899
0.154687465,20.735606768991474,0.6156982120269614,8.732221666666668,1.03926247,0.18802349269390098,0.0085337956746419
0.145364052,21.52331920160964,0.6489214400644544,8.507138166666666,0.9870891866666668,0.18413794785737989,0.008773644765218065
0.19879112,20.1324693984311,0.6341282705015573,7.612254533333332,1.3136603333333332,0.17875215411186218,0.007183949152628533
0.19380649133333336,20.41005953529996,0.594431859723457,7.655683499999999,1.1300736666666669,0.18982937186956403,0.008341471354166633
0.08465921333333333,22.973525755918217,0.6770303347626054,8.052354366666666,0.8032879433333333,0.18437153597672776,0.009447971979777
0.13639650666666667,20.232225346997396,0.6071097154338416,9.198858666666666,1.06406208,0.22294937570889792,0.005986611048380534
0.12350541333333333,21.009150392407395,0.6277551381681995,8.601265333333332,1.0395526333333331,0.19231159985065457,0.0096793174743652
0.09386260600000002,21.661595230176786,0.6141863730213326,9.565975666666667,0.9033869666666666,0.21606622139612827,0.0061985651652018
0.10913767533333334,20.339539962796856,0.6454972861302358,9.055935333333332,1.18158365,0.19350979228814444,0.0083061059315999
0.08632070666666665,20.335905633825803,0.6168476124294392,10.206042833333333,1.0575733833333334,0.2380739152431488,0.006873846054077134
0.09615976,20.657384097488585,0.607991890799562,9.878999333333333,0.9756301666666666,0.23772522310415903,0.008259375890096
0.07532370766666667,21.125191404789234,0.6028910454109316,10.203991333333333,0.74600999,0.2255739072958628,0.011409362157185833
0.13969672733333335,20.25548554930657,0.5776048533711718,10.722821000000001,0.9761228666666667,0.237032949924469,0.007524490356445267
0.14085547833333334,19.607831571794677,0.6048433376548347,10.249200666666667,0.9310468333333333,0.20220045248667393,0.008891105651855432
0.16339811333333332,20.019475094048325,0.6206560472941324,9.285836833333333,1.2411410333333333,0.1992971052726109,0.008585850397745733
0.11745371199999999,21.05116936985959,0.6144468279141719,9.886648,1.0192640666666666,0.20496712625026695,0.009258429209391267
0.171465422,19.100912698450472,0.5466000703231405,10.782518666666666,0.83755846,0.24534011880556736,0.007227500279744434
0.10214864666666668,21.349508360757913,0.6199029258404446,10.079123000000001,0.7458882,0.22241510947545365,0.011453469594319634
0.13515940533333334,20.15827697757996,0.6020100639966178,9.613577333333334,0.81876955,0.2268194556236267,0.0092833836873372
0.1643554866666667,19.61689500387998,0.5687578672638476,9.574671666666667,0.88545588,0.25035801033178967,0.0083516438802083
0.10920725333333332,21.230883672193098,0.6470639645149636,8.425540766666666,0.9444005466666666,0.17095670849084846,0.0064582029978434005
0.12252640499999999,21.631252717896103,0.6538409792497673,8.133250333333335,0.9215734666666666,0.20135542253653202,0.007886012395222934
0.14125711666666665,21.804668697321386,0.6638256008529995,6.730277666666666,1.0685964666666667,0.16645716627438856,0.008010546366373666
0.14455587666666667,22.046657193450134,0.6720233088375105,6.5850401000000005,0.94145559,0.19303393115599946,0.005792856216430634
0.09959180333333334,23.533652238406756,0.6999342029971435,6.4931875,0.9984621233333334,0.17835845549901322,0.0117570559183756
0.133546992,22.003971368004855,0.6693179797568666,6.213275433333333,1.0035076333333333,0.1537381460269292,0.007817745208740233
0.11824593666666666,22.083467998223806,0.6696117469507609,6.0910012,1.0087534833333334,0.16967982053756706,0.0084865093231201
0.11944303166666669,21.232027776678834,0.6841371307332351,6.584878333333333,1.1386392999999997,0.20903474092483518,0.010024309158325166
0.7460391066666666,17.635895590320615,0.2825776425333614,4.648220566666667,1.1539914333333332,0.11394416789213811,0.008054653803507467
0.7751059566666667,16.92434907312263,0.2718193346874184,4.606935,0.8720612999999999,0.12099976092576976,0.008702039718627866
0.7159596533333333,16.691993130826216,0.2953098836775447,5.992606633333334,0.8769802999999999,0.1657706946134567,0.007672548294067333
0.45817395999999994,16.35545846357247,0.35342567673988023,6.666701966666667,1.0565630899999998,0.17367559671401975,0.0101073582967122
0.25550301000000003,17.941460996947143,0.4299663032296103,7.815951899999999,1.0766294,0.15910988549391422,0.0060425599416096655
0.3412496,16.185348214712953,0.40333745913366464,8.396357,1.1185412666666668,0.19159839053948716,0.008036613464355432
0.32458370666666664,17.213966524432326,0.43973412477467066,8.123478,0.8891459333333334,0.15508780380090073,0.014643351236979131
0.23098463999999996,18.290155090255528,0.5111029974054007,7.4598026666666675,1.1765239,0.17325072487195328,0.006711880366007433
0.11203253133333334,21.150693255621775,0.578364980918103,6.8892888,0.8789605233333333,0.14117163916428876,0.011427481969197533
0.3195261166666667,17.23100491586509,0.48350930386764834,7.483472,1.1136206766666668,0.22524722417195633,0.006618499755859333
0.14399832466666665,20.01927822528737,0.5517811567102308,7.8729673333333325,1.02191649,0.2197718272606531,0.004587729771931933
0.26111800333333335,18.49575259852678,0.5099387327184797,8.3898588,0.89976842,0.24404844144980112,0.013072808583577433
0.2950682233333333,18.33903809617142,0.5336917522135604,7.218639466666667,0.9221677333333332,0.21607523659865055,0.0123842557271321
0.15850260333333333,20.682547980530078,0.5711841153810727,7.133937500000001,0.8965703666666668,0.26183649897575373,0.0103964805603027
0.30855981666666665,18.22375299514345,0.5500025347053232,6.868999333333334,1.1330930533333332,0.2883243312438329,0.0087301731109619
0.2102478866666667,18.565033946001794,0.5493522217317622,8.099188666666667,0.9899701266666666,0.2931995491186778,0.006123224894205667
0.10488537000000002,21.020247028594266,0.5793810290542634,9.246898666666667,0.7536738333333334,0.29556623101234436,0.0025149186452229667
0.098655333,21.27943672226388,0.6107449185815182,8.450814233333334,0.8127850833333333,0.23858677844206486,0.0023907820383707334
0.112643785,21.16792155410125,0.6119005416842437,8.530080666666667,0.8192693533333332,0.24419926603635153,0.006681521733601832
0.09900154466666666,21.337748911885214,0.6204366273240378,8.4518039,0.8389023666666667,0.27559546132882434,0.008844852447509733
0.15714779166666668,20.13220100385121,0.6039033874811017,8.284220466666666,0.9347225166666666,0.25403573115666706,0.0046753088633219
0.10090722833333333,21.889719252877626,0.6205546683976432,8.503764233333333,0.9021820766666666,0.28099833925565076,0.0046743551890054994
0.15808532,20.093040263553664,0.5784807440009102,8.440996533333335,0.8905405999999999,0.29221658905347186,0.0020751953125
0.13360312066666666,21.147742484114872,0.5867365880886756,8.651415666666667,0.8398017466666667,0.3438989867766698,0.0051805178324381
0.117775972,21.172306875203216,0.5975599801052262,8.590005566666667,0.8930297666666668,0.3224137822786967,0.0022471745808919
0.11454715866666669,20.89388908717559,0.595546161786986,8.572932499999999,0.81895822,0.34755734105904895,0.0016232331593831334
0.19249026,18.71133476452789,0.5727597428021244,8.9295002,0.8177355333333333,0.3462900271018346,0.0028781890869140334
0.13691313333333333,19.1667288487956,0.5754750678072216,9.013415333333333,0.8100017766666667,0.30043494204680116,0.007279555002848267
0.11225005,19.7874072211515,0.6085594846834388,9.040982333333334,0.8741578133333334,0.2613587975502014,0.0043341318766276
0.16305714,18.590452290625933,0.5523894780491498,9.817193,0.7863350133333333,0.3124048213164012,0.0037480990091959335
0.12483773833333334,20.148549810536917,0.6278838014600231,8.421334133333334,0.9228785,0.24316323300202683,0.003514925638834633
0.09283702433333334,21.034859583660758,0.6164394952060744,8.589101933333334,0.7598678466666667,0.25325747827688844,0.0021804173787434667
0.11453306333333334,20.303865310308883,0.6284660728504317,8.004111233333333,0.66178963,0.24377330144246415,0.005137205123901333
0.13943523500000002,19.836836552137072,0.6217354914537292,7.314986233333333,0.87731973,0.21916985511779777,0.0021387736002604
0.090574698,22.512547021017014,0.6836270105323777,6.536518766666667,1.0316492133333333,0.23152689635753623,0.0
0.21335421666666665,19.610016775715305,0.6090493875194891,5.7057179666666675,1.0598066,0.2135262340307235,0.0033907890319823998
0.21623463333333334,19.796455082774077,0.6085123797881246,5.354881333333334,1.1255058666666666,0.23585043847560874,0.0018121401468912668
0.19701434666666665,16.60043685570347,0.5221159686181444,22.114238333333333,1.2837486666666666,0.31514832377433777,0.0043467680613199335
0.22760601600000005,26.07057149710177,0.6290004459147417,8.3610322,1.2285122333333334,0.18549448748429617,0.0035443305969238004
0.23320426766666666,24.63405171691554,0.6373673739177246,8.881696,1.1331147333333333,0.17163563768068946,0.0016613801320393667
0.4314948666666667,25.373004478496483,0.6795070124316034,6.281577733333333,1.7166705666666668,0.17555257678031913,0.0022480487823486003
0.22500009500000004,25.07520882816029,0.6620068259506531,7.5603488,1.424156,0.19692357877890268,0.006817579269409166
0.12104618999999998,24.61595391284436,0.640625900574395,9.354899666666666,1.2048880666666666,0.19558764000733694,0.0
0.27134663333333336,23.953438731370866,0.6553471175586619,7.531965,1.3418560099999999,0.18502332270145413,0.004178126653035433
0.15428851866666668,24.02521942435151,0.6644333695280462,7.948169366666666,1.2381876133333334,0.18034347395102177,0.0024201075236002334
0.14399219833333332,22.237306574281103,0.6205889948607876,8.460936333333335,1.0025655666666669,0.20617944498856863,0.0031096140543619664
0.15462999333333335,21.21759312483079,0.6114957472577925,9.026613,1.0769005,0.21430168052514395,0.0033954779307047334
0.08111290533333333,23.476059658615593,0.64697868851451,9.6646705,1.2268582666666668,0.20186477402846012,0.003694852193196567
0.20175232833333334,21.077968993404365,0.5871706010539014,10.397374999999998,1.1247291333333334,0.20098299781481424,0.004392703374226867
0.08353012833333333,23.95598567432327,0.622964437700457,10.469736,0.8724407799999999,0.2120447705189387,0.0013155142466227
0.20847059999999998,20.301801862700195,0.5934876118457493,9.529394666666667,0.9434562333333333,0.20834792653719578,0.003291527430216467
0.10176840366666666,23.347185209672883,0.6025955570849307,9.994847,0.96218565,0.23169019321600595,0.005344390869140567
0.12786817733333333,23.10532280232648,0.6199748952475019,9.184147000000001,0.9924096666666666,0.21195098757743833,0.005932728449503533
0.2853751153333333,20.96849375396469,0.5757013579101408,8.835537,0.9490731000000001,0.22891396780808762,0.007585684458414667
0.12771603866666667,24.76907439722633,0.641303809292166,8.660289333333333,0.9208779100000001,0.2081286162137985,0.0027971267700195
0.13644405333333334,24.199497092708487,0.626007792871777,8.475296,0.9847117500000001,0.21984616915384925,0.0020006497701009
0.18779766,23.782742468469056,0.6081517506759752,8.86931,1.0151988533333334,0.24386824667453758,0.003363927205403633
0.170176552,24.40778869826941,0.6240078318771957,8.815821333333334,0.8427954033333332,0.213682954510053,0.0046923160552977995
0.13104186533333334,25.02837908523259,0.6338711688038413,8.498601166666667,0.9448578166666666,0.2025761554638544,0.0020357767740885333
0.18847253533333333,22.677966018353484,0.5901989908562499,9.805971333333334,0.9382052466666667,0.22661191225051877,0.009301662445068332
0.16693690933333336,22.77547650634212,0.6076809496323713,9.97998,1.0531406133333332,0.22180362045764923,0.0
0.09612016,24.49791406957785,0.6232721774230595,9.186370333333334,0.83032231,0.20375633239746085,0.0056156317392984665
0.2954035666666666,19.28182806645492,0.5593950980806305,9.235179,1.2320288899999998,0.2504110187292099,0.0
0.2778425666666667,20.510818680577053,0.5696873663072363,8.950600833333333,1.0790280666666667,0.2412052402893702,0.003187815348307267
0.17402875666666665,20.355672169147812,0.5652410173082308,10.016664333333333,0.9742148833333334,0.2609814902146657,0.0028172334035237337
0.15623007833333333,23.410513800926015,0.6325999962590553,7.9190078999999995,1.3702388333333333,0.22960029045740762,0.0
0.11579826000000003,22.588593991605773,0.579985611455941,9.344310333333334,0.9790489966666667,0.25930203497409815,0.0026742617289225
0.20447618933333334,20.566441936596423,0.6014335136607022,7.6459441,1.5592585466666666,0.29423349599043525,0.0006196498870849333
0.10760706999999999,22.950248050151924,0.6188359249505179,7.6890084666666665,1.25827448,0.2854183514912923,0.007350603739420533
0.057946101666666666,24.004794463020005,0.6303485507668506,8.160476,0.9937456466666666,0.27482428153355914,0.0051925977071126
0.15266550066666668,21.28639686940483,0.6036412902307302,7.849406066666667,1.2850289333333336,0.30120625595251715,0.0022706190745035667
0.054396139,24.37022712300693,0.6254517979714884,8.123827566666666,1.0305615,0.3052908629179001,0.004681746164957667
0.12215137,24.109349315896196,0.5822323876947074,11.352656000000001,1.3478549666666666,0.21794878939787543,0.0051369667053222335
0.3169250703333333,24.223712799474907,0.6083473100015859,8.376078333333332,1.2306041533333334,0.1767478212714195,0.006265958150227833
0.17644512666666667,23.84234650970347,0.6387350817747678,7.7162660999999995,1.2920253333333334,0.19038447737693784,0.005403121312459301
0.20545942000000003,22.553257306340665,0.6485120274810359,7.970537766666666,1.7206125333333333,0.18584681799014405,0.009134769439697233
0.519483319,24.822210497902237,0.6921052565518265,5.550949899999999,2.0249203666666666,0.1793606678644816,0.0034479300181070667
0.40777552666666667,23.201655801699605,0.6621119988130119,5.229785333333333,1.448517,0.18774176885684327,0.0033644040425618335
0.3389785646666667,23.335713638483366,0.6813558078201276,5.597846766666667,1.4162027133333333,0.2032855600118637,0.005920092264811167
0.29950731533333336,21.974123889643362,0.6684399689274803,6.338549933333333,1.2884313,0.19203103582064307,0.005802392959594667
0.13047695,22.618019524070032,0.6881445165439061,6.269909966666667,0.8145567533333332,0.1826913033922513,0.0046118100484212
0.16126555666666667,19.33000564829788,0.6008461815213866,6.6384488,0.9452010666666667,0.21278451383113858,0.0100234349568684
0.12986728333333333,20.110835187790897,0.6391995410102178,6.9925384,0.80951498,0.22167835632959995,0.0013430913289388
0.17383749266666668,20.047520328557425,0.6372984637570077,7.76724,0.9285901333333334,0.2312505990266799,0.0
0.138063224,22.33113704137652,0.6475155810440659,7.745207,0.8933662333333334,0.19939396282037095,0.0033419926961262996
0.19437463666666666,20.855866996251216,0.6177781245484272,8.168942566666667,0.7680032433333333,0.21444164216518394,0.004101276397705067
0.15576195533333334,22.61675796926384,0.6321262983110217,8.675285,0.8226042333333332,0.23428180317083994,0.0032043457031249666
0.15135296833333334,22.315490917759394,0.6399015367342529,8.4361749,0.8333063833333334,0.2156257132689158,0.0008305708567301334
0.1701461,21.560364358333867,0.6192430382605563,8.586378866666665,0.8348891666666667,0.2328391075134277,0.003477891286214167
0.21352176799999997,21.27191789736519,0.614915314756605,8.506168333333333,0.9008040366666666,0.22547612090905508,0.004487355550130166
0.20413380999999997,21.988075857766507,0.6241975903675355,8.821825833333333,0.8695790499999999,0.22293277084827423,0.006889422734578433
0.40413468,19.32739581069298,0.55863570358314,9.470977166666666,0.8416989533333333,0.2117822815974553,0.007010539372762033
0.2529454066666667,21.77759537016057,0.6189580931752588,8.413321333333332,0.7792279,0.18757466475168857,0.0046965281168619664
0.26019564,21.41872841088242,0.6056922662330065,8.515812666666667,0.83587195,0.2071705410877863,0.0
0.3688082166666667,20.014036635710248,0.5961892398756043,7.657417433333333,1.1046991666666666,0.21703156828880307,0.0
0.3408447966666667,19.572073045485286,0.5574992593264302,8.883969333333333,0.9346741966666666,0.24222430586814878,0.0035097599029541
0.22614973333333332,20.77320660383607,0.6091404944345383,8.086847233333332,0.9999937666666666,0.21450751523176825,0.0026995340983072334
0.140346135,23.005345099268762,0.6319229530936462,7.674455966666668,0.7712650233333335,0.22643258174260453,0.0005864302317301333
0.46028056,17.867084794603404,0.5554116823543439,7.674826333333333,1.1906948333333334,0.25442479054133094,0.008044083913167266
0.21084530333333337,22.227968237904445,0.6514417292174377,6.573802833333333,1.02732485,0.2152867466211318,0.0
0.18344907666666666,22.30296653151684,0.6497032988103377,7.0247896999999995,0.9403728566666668,0.22549053033192945,0.0018815994262695
0.11537999866666666,20.704223533252208,0.617119851581065,8.378646999999999,0.7995101533333334,0.20517588158448538,0.0
0.27808518,18.5037511848854,0.5820959670278777,7.9393588,1.2964172333333333,0.252434362967809,0.007374604543050067
0.16874999,20.86688635768178,0.666109357221935,6.9274265,1.1856017666666665,0.2301138093074163,0.0019692579905192
0.08255500266666667,23.063297710687053,0.6932251693771944,6.342442766666667,0.9064390966666668,0.17670953770478562,0.002748966217041
0.12417394333333333,22.964972089378918,0.6920947772410172,5.297812233333333,0.9783267666666666,0.19145504633585606,0.006486972173054933
0.16925039666666666,19.7238843487314,0.5932780209466585,7.6549541,1.0083556533333333,0.20794000724951422,0.004196325937906867
0.26975081333333334,20.445786233569,0.6190786045112552,5.564292300000001,1.1410272,0.17196370412906012,0.005621989568074501
0.12958499,25.036465882679938,0.6988259809645113,6.742151833333334,1.0727857766666666,0.16454644501209256,0.0044163862864176
0.22774687466666665,21.651219490700203,0.6199791866470817,6.827805166666667,1.2815927,0.1879506160815557,0.0027869542439778335
0.161817175,22.18365570370157,0.6554985658423865,6.818217100000001,1.1258001333333334,0.1636500457922617,0.0030373732248941666
0.14442793333333334,23.879962028136063,0.6454509364613704,8.567400333333334,0.9712105333333333,0.210695373515288,0.004069248835245734
0.120239955,22.786373021279573,0.6484001130762352,8.366816166666668,1.0509103,0.17945630103349683,0.0027889410654703666
0.19296027333333332,21.540564075144506,0.64516240089814,7.624187,1.2663550333333333,0.18401640653610227,0.0013032754262288333
0.149445312,21.461799628475774,0.6286834862332505,8.182423866666667,0.9889449866666666,0.17960142592589057,0.0034248828887939
0.309589629,21.426866629900584,0.6485925136544446,7.099687866666667,1.2028280666666666,0.17994016408920285,0.0047190189361572
0.23915907333333333,19.92050973959739,0.6047585478647798,6.873738833333333,1.06871939,0.18421845138072965,0.0055162111918131
0.15074827666666668,22.58015574987138,0.6440203359454034,7.401696066666666,0.9885691533333332,0.188469223678112,0.0038738250732421333
0.17821914333333333,20.785111257781402,0.5899342994779833,8.671374333333333,1.0004987333333333,0.23203016817569733,0.0034379164377848002
0.144863698,22.86026210980206,0.6535667011839427,7.4294132333333325,1.1765433666666667,0.23734484116236368,0.0034723281860351333
0.19180428333333333,22.62476434343492,0.655637811122774,6.656081233333334,1.0639014133333333,0.23295740783214566,0.004440069198608366
0.2255094523333333,22.844627409013288,0.6381714378618212,7.0782365,1.0070768666666667,0.2642759035031001,0.005541880925496366
0.10454192799999999,24.878012635181165,0.6997624103305332,6.795226799999999,1.0918511000000002,0.21007439494132996,0.0031531651814778335
0.15539018333333335,22.499251047429283,0.6584591392291395,6.921280833333333,0.9711855800000001,0.17529000341892242,0.0042955875396728
0.12986274833333333,23.074405332346142,0.6468717941952472,8.637027666666667,1.1430801,0.22699026763439178,0.004774093627929667
0.34878996999999995,20.632562461880706,0.6397314488623023,6.429630666666667,1.4323891666666666,0.17112249632676435,0.0033554236094156665
0.13574836666666665,22.967339469739812,0.6638646290852342,8.261008833333333,0.9725912000000001,0.15983849267164865,0.0013376871744791667
0.2741946216666667,20.862871457233435,0.6145211047343259,7.830255466666667,1.2017607,0.2342166006565094,0.003649393717447867
0.104275735,23.087946262411364,0.6578067939748292,8.246012666666667,1.0738677433333335,0.1899500091870626,0.0023014545440673334
0.11488900333333334,22.82866094178354,0.6387633601260762,8.605787900000001,0.7900090433333333,0.2032089879115422,0.0073720614115397
0.20523778533333337,21.164707361472036,0.6043669466884029,8.336468666666667,0.8368531333333333,0.23269431293010712,0.0036072731018066003
0.16389149666666666,19.80239349855052,0.5464409316699115,10.456012833333332,0.79468368,0.274661327401797,0.0042043526967366004
0.12916477666666668,22.512705301569714,0.6324353976989053,8.093623000000001,0.8429328466666667,0.20179468890031174,0.0028173923492431333
0.3730240633333333,20.18135637496565,0.6067732658233701,6.956109766666667,1.4060274533333332,0.22960311174392697,0.005734682083129866
0.127103048,21.727462905247563,0.6503780054104266,7.812984066666666,1.0801296866666668,0.18439484635988868,0.0
0.15000896333333333,20.53251301640979,0.6123007150439556,8.632967666666666,1.0603136833333333,0.21496437986691788,0.0025302569071451336
0.13533417133333334,20.213970962257218,0.6354540751150002,7.618263733333333,1.2134616333333332,0.22134767969449362,0.0027633508046468
0.21160774666666668,18.748879508088894,0.6143450621546084,7.0264280999999995,1.2685557466666666,0.21792849898338318,0.006142616271972633
0.21900844433333336,18.815929094252525,0.6130304286843077,7.867060899999999,1.4600552333333334,0.24375691513220468,0.006719271341959599
0.11876591000000002,19.543931658617392,0.6236966328042056,7.9214394666666665,1.1016275333333334,0.19974314173062643,0.0
0.07710106666666666,22.46654564717736,0.6571350079095981,7.574137366666666,0.8947844833333334,0.19270448386669156,0.0037007331848144336
0.17967255199999999,21.678173606410283,0.5706515586135864,12.360956,1.3170491666666664,0.2192429800828298,0.0033479531606038
0.11282027233333335,25.854062514362187,0.679598138010905,6.5773866000000005,0.9659891366666665,0.17744600027799604,0.006730556488037067
0.13158340666666665,22.702397784654895,0.6607802121725482,6.659310866666666,1.01127739,0.17597083250681553,0.0033795833587646333
0.20857423,21.761898154238676,0.6169469503597974,5.9187924999999995,1.1506388666666667,0.20595339934031168,0.0
0.15457722333333335,24.15950014827077,0.7031404887154858,4.9787838,1.1544910666666668,0.15722145636876425,0.004258950551350866
0.41832028000000004,20.755074824439763,0.6149457883429835,5.3409618,1.3648956200000002,0.18668093283971146,0.0
0.37443459333333334,20.415977132997664,0.6190890317504313,5.328967333333334,1.3416596666666667,0.16632920006910956,0.005722999572753867
0.2585337266666667,20.165139686989914,0.6204639561506231,5.848273466666666,1.2011786666666666,0.17813625931739804,0.0027791659037272004
0.2185674266666667,19.143663406118645,0.5959693527089861,6.1948921666666665,1.0372732333333332,0.2063955639799436,0.0020585854848225666
0.120924245,19.827604687123713,0.6106115825840105,6.3193488,0.7803564366666667,0.236928716301918,0.0005327860514322667
0.11700318666666666,19.759014282873938,0.6401796987504142,5.6976309,0.8838069666666666,0.21145579218864438,0.0
0.09740692533333334,19.49779082726459,0.6574611147646695,6.6699893,0.5244425833333333,0.23010360201199845,0.004786332448323533
0.15300333666666666,18.185988772289537,0.619862691401445,7.128094333333333,0.7100622333333333,0.19962115585803977,0.0037568410237629663
0.1299631,19.836075889182254,0.614232143270074,7.8931435,0.8655188433333333,0.20273712774117789,0.0054498513539632
0.11148647333333332,20.622150117322118,0.6324940798615784,8.576670533333333,0.9045975166666667,0.2178026735782623,0.0020624796549479
0.12731235666666665,20.49438249811661,0.6171813215771191,8.2161442,0.7376890433333333,0.19443002343177795,0.0025968551635742
0.11052479666666666,21.400924831200822,0.6508708844474056,8.2894801,0.8631323333333333,0.17868039011955258,0.0019920667012532332
0.12604669,20.80363290022545,0.6240609891420977,8.675357233333335,0.8570467666666667,0.21369842688242593,0.0041420459747314
0.16370653,19.871661382738996,0.584292477517538,9.68593,0.8018575233333335,0.23997335135936737,0.0026905536651611
0.13887716833333333,20.67901760469696,0.6208773010169586,9.714066,0.8725018233333334,0.21718415121237433,0.002010504404703767
0.11457660433333333,21.986974809164575,0.634781719517897,9.725403,0.9018539666666667,0.20897917449474332,0.0048427581787109
0.12280143833333335,21.159427620223557,0.599594406626331,10.920551333333334,0.7343081433333335,0.24255604048569998,0.0043853918711344
0.09129793666666668,22.203620860505666,0.6493749501974513,10.011935,0.8174963699999999,0.20335710545380906,0.0037773450215657332
0.12725908233333333,21.973502765642973,0.6357597703886416,9.150880233333334,0.9578472000000001,0.21702628831068668,0.0
0.18383590000000002,20.171691585220326,0.5676437150747783,10.132566333333333,0.9005236333333334,0.2471618900696436,0.0018624464670817
0.1712967533333333,20.835599342838453,0.5673186416646067,10.880721666666668,0.7436296166666666,0.24924919505914053,0.0012900034586588334
0.16939129,20.47043285325302,0.5855884052157035,10.391590333333333,0.9272422800000001,0.22513208786646524,0.0018619696299235
0.2508571233333334,19.098585023029482,0.5731838805606237,9.820629666666667,0.96202831,0.22823768854141233,0.006033817927042634
0.29411837,19.2687778461103,0.5804656047864992,8.567549333333334,1.082438566666667,0.21886357168356577,0.0017339388529459335
0.2269865666666667,21.21697256053041,0.5968401763133347,8.368047333333331,1.0494355,0.21979990104834235,0.005366961161295533
0.25132714666666667,19.918859132816202,0.6017747667240811,7.943771333333333,1.2558916666666669,0.21505970756212864,0.0003611246744791667
0.3466008566666667,19.392890561848123,0.5823226716386921,7.960575400000001,1.4200272166666668,0.23512242237726846,0.004588921864827434
0.11976442,22.08175543679923,0.6246149568199978,8.525039666666666,1.0142684,0.22779325644175208,0.0013368129730224334
0.11100271333333334,22.719893326305755,0.6346480410364413,8.372608933333334,0.95641589,0.22914932668209068,0.0022957324981689336
0.12471304,23.035165224891944,0.6513358818927572,7.3283722000000004,1.2050539333333332,0.23587923745314276,0.004859288533528633
0.22655935666666668,22.040410532988123,0.6424696658986044,6.495623433333333,1.2829190333333333,0.24368854860464728,0.004702250162760367
0.2741303213333333,21.06518683574431,0.6115100625928841,7.322251433333332,1.073277,0.23763196170330045,0.002271095911661767
0.19724382333333335,21.884771509220872,0.663852218108019,5.821833033333333,1.2899079433333334,0.24781683584054306,0.0031383832295735666
0.26623641333333337,20.95545993391526,0.6342572847592867,5.663757466666667,1.2621515433333335,0.23536100486914313,0.0029378732045491334
0.22815402833333334,24.85256218613144,0.7202050927557018,4.074789833333333,1.2661712833333334,0.1765979006886482,0.0
0.4111345366666666,20.796650184450442,0.6092262217484806,5.0229505,1.5042256333333333,0.20786010722319284,0.0039174556732177335
0.15465607333333334,17.0149701650524,0.5100872654942871,24.595643,0.8770787666666667,0.26376184324423474,0.0020070870717366334
0.5455969766666667,19.24074356476414,0.5145132181023294,13.106850666666666,1.1639939666666668,0.27703311542669934,0.006625811258951766
0.36705790666666666,22.613395930180758,0.5755297237371143,8.772550666666667,1.3648947,0.20627540598313007,0.0027653376261393
0.167440633,24.269343531377825,0.6462229601883649,8.782304000000002,1.3349557666666667,0.16437664876381555,0.0040169556935628
0.09975277833333333,23.869579760100233,0.6335669539947165,9.551816333333333,1.5261639999999999,0.1742557734251022,0.004651467005411767
0.151710616,24.961710051692837,0.6327162066278067,9.176530333333334,1.3710515166666666,0.18279512723286942,0.001802921295166
0.16256871666666667,20.949359671473903,0.5853306893691945,11.337351,1.0119204,0.2145794381697972,0.0017665227254231666
0.15077546133333333,23.52013064048343,0.6222504739970888,9.9699215,0.8746619,0.18146053949991858,0.0023709138234456
0.08822029133333333,24.61048881374271,0.648398423303817,8.896192333333333,1.01386468,0.18166008094946537,0.0020005702972411663
0.142134606,23.162989522537156,0.6196743645191395,8.918122333333335,1.0709732566666668,0.20609829823176065,0.0022878646850585664
0.56185845,24.31611477445428,0.6289218810238066,6.839950399999999,1.2469095666666667,0.19529119133949277,0.0029036204020182004
0.9953981000000001,24.381112091050294,0.6565866074962585,4.286024500000001,1.4657352766666667,0.19538121422131852,0.0012470086415608667
1.9997511666666667,26.487818954088368,0.657477620094079,2.899671966666667,1.9365453133333332,0.2101849392056465,0.0
1.0903769133333332,25.67469593018869,0.6812127363416809,3.6566500333333334,1.7096407333333332,0.20545573035875955,0.0035473505655924005
1.2147365300000001,25.589859213560132,0.6798124561669106,3.4806379,1.6333478866666666,0.19793498019377387,0.008684873580932534
0.9014965366666666,24.368665141613405,0.648311745703796,3.8064161666666667,1.4107706999999998,0.2110972379644712,0.0013396739959716667
1.43817996,23.139024042147323,0.6206724713247534,3.8717381,1.3104546166666666,0.1960966810584068,0.008016109466552667
1.8355452333333335,24.568570659796606,0.5981292194514108,3.386676666666667,1.4901146,0.21877171844244,0.0050977865854899005
3.0854716866666667,24.881189560779195,0.6321621983539353,3.5770069,1.1683461800000001,0.22299245993296304,0.0054845015207926
0.7706460399999999,25.6996333234395,0.6712832901324083,3.8040911333333334,1.2294248666666665,0.23510451118151346,0.004809776941935167
0.4451708466666666,24.812025217055545,0.6641212650345204,5.247307633333334,0.9772268166666667,0.2415757030248642,0.0060638586680094
0.210897895,22.374508878731167,0.5779730545292369,10.3621505,0.6823452933333333,0.20503711203734076,0.004000981648763
0.35544258,19.889782500789096,0.5434926359782062,9.724763000000001,1.0093948766666665,0.24517742792765296,0.0013384024302164667
0.236225822,23.21087050851285,0.640222608705201,7.3608902333333335,1.1546808533333335,0.20295083522796628,0.0
0.13972498133333333,23.37288513514662,0.5967844656760227,9.424096666666665,0.9093827499999999,0.22481214503447214,0.003689050674438433
0.22207468466666666,22.620750232343212,0.6105040082736067,7.690263566666666,1.2665114566666666,0.24412879347801208,0.0050380229949951
0.10777372333333333,25.89265318229195,0.6524921549276916,7.288263033333334,1.0056203666666665,0.2394458850224813,0.002698818842569967
0.21024847666666666,22.15505320825527,0.6308685778606153,7.089078933333333,1.3192087666666668,0.24127192298571268,0.007994890213012635
0.14668979000000001,22.16568645456411,0.61173753774625,8.385008333333333,0.8183743833333333,0.2361048062642415,0.0031657218933105334
0.10319664333333332,21.209039166359588,0.5913344715170021,10.140375333333333,1.0283380466666667,0.24112997452418009,0.004149675369262667
1.3134977666666667,22.2632136915949,0.5493052706139476,3.5916425333333333,1.2659475,0.12837944179773325,0.0026725133260091
0.4521828233333333,21.88285497786036,0.48356830619997676,4.582951,1.1520904666666667,0.12124590824047722,0.0
0.4254539533333333,21.701572948406636,0.5214057990813487,4.5337814666666665,1.2175622466666667,0.11261479308207822,0.005988359451293934
0.25860504666666667,21.482098946226227,0.5253652104311904,5.198839833333333,0.8958093333333333,0.11688889563083643,0.0035362243652343668
0.5930798666666667,17.058040587822877,0.36722916000091366,6.021365133333333,1.1168208333333334,0.14424406488736466,0.0028859774271647004
0.2507507133333333,20.264780143388876,0.4651006711213251,6.1947988,1.0234915000000002,0.1399903893470764,0.002514203389485667
0.38416182666666665,18.05791050447114,0.4027381467440428,6.304789066666667,0.8836529,0.15789329508940372,0.0
0.2992384533333334,19.735552055622847,0.4705113176860885,5.111177733333332,1.10266235,0.11531907071669893,0.0042528311411539335
0.41094735833333335,19.42601325468478,0.44628848736086874,5.1932491,1.0328119333333332,0.14505215982596076,0.004450956980387334
0.34081847000000004,19.51003556869718,0.48805578694234814,4.657027666666667,1.1094901,0.14480217297871903,0.006829023361206034
0.30653744666666666,19.49158289034595,0.49402153976191715,5.6641189999999995,1.0213166999999999,0.17975305020809165,0.0038267771402994335
0.252704878,19.157231463464054,0.525237625285445,6.507339966666667,1.1476238,0.2080823679765065,0.005482355753580699
0.14869104233333333,21.40077841729261,0.6131118195356137,5.9777973,1.0436879666666667,0.16385435561339054,0.0018901824951171667
0.209084334,18.950764524311822,0.5457241242156434,6.576867633333333,0.9673186533333333,0.203256939848264,0.0041017532348632665
0.134465782,20.23086185789411,0.5949688095164362,6.1938197,1.0114978533333334,0.17534810801347092,0.0005827744801839
0.22887959666666666,18.282752579204736,0.5348443913360192,6.854976466666666,1.0525153533333331,0.2476372768481572,0.0
0.19625628333333334,19.37199140792987,0.5598265547387151,6.1179081,1.0069846666666666,0.21063364545504248,0.0011372566223144334
0.1795773066666667,19.59408980534992,0.5843389500758106,5.974174566666666,1.0694292,0.18536296983559927,0.0033939679463704333
0.2513026266666667,19.044307610703516,0.5546465414210042,6.257572233333334,1.0418724666666668,0.25101639330387115,0.0015555222829182669
0.21519951,19.53949932543583,0.6100982165421204,5.554978833333333,1.2305297666666666,0.18601499746243152,0.0038441816965738666
0.3216136086666667,18.74808357353496,0.5296961660463996,6.6621181,0.8679651700000001,0.25134509801864624,0.004501422246297166
0.17455430333333333,19.66738674616958,0.6013401446912394,6.165456,1.02962902,0.18697223067283628,0.0036515394846598002
0.16419767,19.899556695607828,0.5772045148243236,6.959816766666667,0.8726264333333335,0.23980918029944098,0.0008416175842285
0.130190905,20.503776776235654,0.6062883469346412,6.9824437999999995,0.9011890266666667,0.2456646462281545,0.006743351618448867
0.1633325,19.010145795046725,0.5678973288817745,7.616068200000001,0.9139886,0.23132311304410294,0.0006504853566487333
0.17372743866666665,18.9551133207839,0.5596579325977183,7.650825666666667,0.7865145233333334,0.22012603779633835,0.0020374457041422334
0.17869292000000003,18.857231082327086,0.566797672771496,7.365327333333333,0.8907132,0.21517245968182877,0.0034880638122558334
0.21225328666666665,19.130691014819842,0.5698610790040798,6.368457066666667,1.1084314199999998,0.2634410262107849,0.0041403770446777
0.26265616666666664,19.6568276882911,0.5896091971649663,5.622043666666666,0.969608,0.23835865159829453,0.0018630027770996
0.4081632366666666,18.006593414125113,0.5527117540531072,5.2345706000000005,1.01478222,0.2143916388352712,0.004251241683959933
0.4221378633333333,17.851916025207245,0.538448664236122,5.8010288,1.0836269,0.2471718812982241,0.0013566811879475666
0.26520388666666667,19.362265080811323,0.5932896544584235,4.943838366666666,1.1502432666666669,0.20676962534586588,0.0024410883585611665
0.20554774666666664,20.182685179769056,0.611538422864781,4.875122433333333,1.0854734,0.21079175670941666,0.0013380845387776666
0.11673837666666668,23.2501251682343,0.6467895794858828,4.4793281333333335,1.0024309666666669,0.1719825019439061,0.0031655629475910996
0.143868425,21.760428349682986,0.5968167525695497,4.4519129,0.9097808466666667,0.16921057552099225,0.0018069744110107333
0.16145592333333333,21.95607862568391,0.5996018550629746,4.0827874,1.0938341666666667,0.16372933983802793,0.0
0.24637760333333336,18.841841503596708,0.48008216219064853,4.508198266666667,0.92134698,0.199263110756874,0.003780523935953767
0.13314032,19.805781616807433,0.5018661335783943,4.6876714999999995,0.8051217133333334,0.1727732370297114,0.0023922920227050664
0.24965946666666664,22.410160355882685,0.48484374626050863,4.213761466666667,0.8616547066666667,0.10272536426782604,0.0031460920969645
0.158366639,22.037463712522467,0.5088497280957802,4.756199466666666,0.8323705,0.11388494322697319,0.0
0.20461773333333333,21.098059061956757,0.5113005953557168,5.0449593,0.8267790166666668,0.11542796591917674,0.0005917549133300666
0.159951498,21.63240992451435,0.5347158960040385,5.333043466666666,0.9353521900000001,0.10804479569196701,0.0
0.168330838,20.352016366419548,0.4803502029875843,5.957598,0.9435170999999999,0.11753620207309722,0.0041090647379557
0.10402828833333333,22.420510955365966,0.5866087404287385,6.2223568,0.9776591199999999,0.11446489393711083,0.0021216869354248
0.29188524666666665,18.37655807971991,0.4335026096164621,6.512550333333333,0.8079630099999999,0.13855213423569993,0.003371079762776667
0.15292909666666665,21.058438246094585,0.5247514151692964,6.288077666666666,0.8697820666666667,0.13688800980647406,0.004142999649047833
0.16105737666666664,19.929280166549475,0.49829097725941524,7.075847766666667,0.84833277,0.1637767801682154,0.005314032236734966
0.10041415800000002,21.141764423059115,0.5563285039894516,6.9062785,0.7785465466666666,0.15952117741107938,0.0081080595652262
0.15615899666666666,19.876688910398194,0.5106419699465962,6.742030199999999,0.7817954133333332,0.14741343259811396,0.0027157465616861665
0.2001391166666667,18.806572949822023,0.50442709211261,6.2422841,1.0800980466666668,0.16552532215913132,0.0032013257344563665
0.12498338666666668,20.1364300186406,0.5554457080939084,7.285247533333333,0.94054402,0.1857656935850779,0.002930641174316367
0.16442182666666666,18.621747140775327,0.5328145484413597,7.417030333333333,1.0519476666666667,0.17930967112382248,0.007185618082682266
0.14651623,19.80280089176038,0.5553721622605144,7.1914720333333335,0.88387453,0.18932322164376572,0.003107547760009733
0.09223961733333334,21.207151551972128,0.5710450242454882,7.095961766666666,0.7594948666666667,0.1802543650070826,0.004438638687133767
0.10636201699999999,19.82856200854623,0.5488553059240884,7.8364601,0.8581596533333333,0.21776477992534637,0.004765987396240167
0.17712142333333336,18.192824732107255,0.517351164671061,7.652729833333333,0.74918421,0.18113678197065983,0.0034446716308593668
0.161426518,18.624597364525638,0.5058518759660534,8.432735133333333,0.7464686500000001,0.2259014397859573,0.0022373994191487332
0.20475525333333333,18.31427893613777,0.5188185235987631,8.684204566666667,0.8465730033333334,0.21884380777676896,0.0
0.15062471166666666,19.214510209731582,0.5395876454216831,8.63351,0.9193809866666668,0.20420555770397186,0.004485766092936167
0.18100658666666666,18.511620642160718,0.533572918158938,8.770604,0.87192635,0.20711951951185859,0.0022564729054768665
0.12052878333333332,19.27383444979207,0.5507549862315808,8.971592,0.7091681866666667,0.21366239090760542,0.0047041575113932
0.10970946333333335,19.038776413487042,0.5427589025754517,8.168566233333333,0.7684883999999998,0.1975114246209462,0.0006026426951090334
0.08512880333333334,20.520755648989077,0.5842334579554227,7.9463191,0.76025917,0.2080659220616022,0.0028502146402994664
0.14231685666666669,19.298366042193507,0.5445690951088186,7.009220233333334,0.8805377999999999,0.21891448398431143,0.0
0.11987004533333334,19.255536267315563,0.5601474041349322,7.510281833333334,0.6809177566666667,0.21464942147334418,0.0048201084136962665
0.10154274333333334,19.936424605473896,0.6079366289616428,7.141947666666667,0.76505743,0.19031770527362815,0.0020063718159993335
0.11177253999999999,19.639344927383018,0.571746208635186,7.2157583333333335,0.9394524900000002,0.21623450020949045,0.0033988952636718668
0.09258740833333333,20.500572746791452,0.5956995146079739,6.840298833333333,0.8561649000000001,0.1587549969553947,0.0005824565887451
0.13862008333333334,19.63683126873052,0.5932857684939297,6.5362016333333335,1.0912994900000001,0.15045328189929322,0.0026547114054361665
0.15169515666666666,18.731127940154114,0.5447792463359816,7.666052633333334,0.6534328333333334,0.20831884443759915,0.0014723936716715333
0.12780386133333332,20.123875302886944,0.5738741080183937,6.1842201333333335,0.9874665,0.1563462018966674,0.0014300346374511667
0.14889892666666668,19.16496445703079,0.5219183281635998,6.433790699999999,0.7470765533333333,0.1941579033931096,0.008679310480753535
0.13624297000000002,19.140652201604453,0.545065016794512,5.688089233333334,0.6987185833333333,0.18987629314263657,0.0013544559478759668
0.10296796166666666,16.592513904835155,0.4941411369276468,29.67516733333333,0.6095935766666667,0.27335867782433826,0.002380768458048467
0.09866839499999998,25.12634822571245,0.5912646187062097,11.798889,1.14442428,0.20570233960946396,0.0010032653808593665
0.33819448,23.673193532604895,0.6560833333161783,4.6611516,1.0779845666666665,0.16357808808485663,0.0032674471537271666
0.5280435733333333,22.320475250788423,0.635157463563221,5.034297433333333,1.3546338433333334,0.19680214424928025,0.005443175633748333
0.34760132666666665,22.377797716313285,0.6467659428759137,5.069273466666666,1.4156873333333333,0.17843940854072568,0.0029499530792236
0.3314886466666667,22.48054305579944,0.6485880175838875,5.270972566666667,1.2410796233333332,0.15686572839816404,0.0
0.60538884,20.052036709859767,0.5796152244488121,4.939707866666667,1.7647008,0.17079285035530722,0.005507787068684833
0.5494136966666666,21.18150165549996,0.6383711495506094,4.462457,1.8641666666666667,0.14497769623994824,0.0047473112742106
0.5028033966666666,22.14869590026359,0.6444039470406798,5.544354600000001,1.5344633666666667,0.17133671293656028,0.0028793017069498332
0.22963214466666668,21.919925108935605,0.670597760022749,6.745210766666666,1.2312504833333333,0.186946228146553,0.003710269927978467
0.24293008333333332,19.795318840164356,0.5987326551657137,6.987139666666667,1.08803305,0.20093171795209241,0.0037746429443358998
0.25171938499999996,20.867803804416667,0.6394658749254847,7.117516433333333,1.1838450666666667,0.19444549083709714,0.0006093978881835666
0.30327913666666667,18.180915986980313,0.5866634087872267,7.4552886,1.3530563433333336,0.21858318150043488,0.0031865437825520666
0.2389306383333333,19.129878411299984,0.6331499734561725,7.500294933333333,1.3171412,0.1953349262475967,0.0013174215952555333
0.16286911666666667,21.261410355535606,0.6263767744950187,7.951128333333333,0.8993312633333335,0.19976584116617835,0.004609505335489867
0.220143609,20.505684115420852,0.6624295641990278,6.9552235666666675,1.371639,0.18393986672163007,0.0012521743774414
0.32633427333333337,19.520959318053837,0.6271905423490941,6.213221666666667,1.3060795333333333,0.17470449705918623,0.0013370513916015332
0.22713248,19.031676234445143,0.595619659519683,8.4018488,0.9895394333333333,0.2168403615554173,0.0038623015085855663
0.4211633166666667,18.645095084769807,0.581042719793967,6.8871015,1.2137810100000002,0.2118394573529561,0.0028711160024007
0.25871678333333337,20.34913485632194,0.62143016066057,7.348641099999999,1.00188295,0.2072988525032997,0.0033595561981201
0.11694737,22.877483847469392,0.6694854417662274,7.707888,1.05593632,0.1710191468397776,0.0034300486246744664
0.1790218266666667,20.76736378129036,0.6416512725406385,7.771608166666667,1.2451578,0.18264553447564436,0.0006386439005533667
0.14112580966666666,20.535026261913046,0.6140306369713975,8.929082,1.0175278333333333,0.20649281640847525,0.0
0.15050470033333332,19.921709919955276,0.6086184336501722,8.862595,0.9895696766666667,0.2087646772464116,0.0020124117533365667
0.21308358666666669,20.116933338108524,0.618779153091086,7.870801266666668,1.1353352666666667,0.2152030666669209,0.006009181340535466
0.134592819,23.058315847802074,0.6716483373882962,6.9980702,1.0038967666666665,0.20679960648218787,0.0048716068267822
0.273557278,19.418922145942812,0.6066387715589214,7.691344333333333,1.4492662,0.2135809610287348,0.0
0.24961957999999998,17.13641701808601,0.535942012921347,9.838537666666667,1.1977544,0.2701079497734705,0.001253604888916
0.11226898,20.390889778875504,0.5694971763429199,9.769573666666666,0.9994079333333333,0.22578613956769308,0.0
0.08801743266666667,21.804273127382924,0.6073834918723579,8.452558,1.150831,0.2714082400004069,0.0040478706359862995
0.11517926666666667,22.184930927045894,0.6518899375193833,6.487857333333333,1.0395794133333334,0.22240754961967465,0.002447287241617833
0.1812341576666667,22.13795298306425,0.6669959432504403,5.511291566666666,1.42515928,0.24843725562095642,0.0048904418945312006
0.21499024166666666,21.39136357868534,0.6383434090205152,5.841129,1.1634545,0.2712970525026321,0.0
0.06993159033333333,24.626360494592873,0.6965693797959149,5.738678966666666,0.8934088466666666,0.20071618755658463,0.004116217295328767
0.47181529333333333,21.007024377698333,0.656295711919047,4.331624033333333,1.7321020333333335,0.23979863524436948,0.0025493303934732998
0.10501337333333334,26.889464526507286,0.6213453071697222,9.060869,1.09166742,0.18351374069849646,0.001981417338053367
0.3577583266666667,22.46384637986613,0.6217115181656215,6.204381000000001,1.2787642666666665,0.1789291401704152,0.0
0.37745316333333334,21.306230139025292,0.6138638224628972,6.085010566666667,1.2346639333333334,0.19548314809799192,0.0
0.5469206299999999,22.2039202869216,0.6385701461061082,4.710153900000001,1.6752074333333333,0.16078986724217725,0.0022374788920084335
0.33636139,23.895350121223867,0.6602706658849783,5.255105833333333,1.1280794,0.15216587732235587,0.0034122467041015334
0.32032188666666667,20.66323986641374,0.5944701682163555,7.683782133333334,0.9864414,0.21631642679373422,0.0058690706888834
0.30153319666666667,21.193710722337094,0.6344526885096776,7.810238099999999,1.3183710000000002,0.18386289974053696,0.006459871927897101
0.209750595,22.146347329308313,0.6245467126621073,8.688709,0.9065205333333335,0.17703733344872793,0.0
0.210619505,21.643140447915272,0.6338522712948209,8.569543333333334,0.8710553000000001,0.18296450376510617,0.0045876502990722335
0.24322904,19.849588942464305,0.5930499277470411,8.41904,0.9524189666666666,0.22885657846927634,0.0022980372111002334
0.123241135,21.485953312144705,0.6375830869157547,8.6708521,0.9868913466666666,0.22485452393690744,0.0
0.12023773,22.55144912222192,0.6519084828761798,8.584712666666666,0.9473014233333333,0.19326461851596824,0.006117423375447567
0.2703655,19.42370026583194,0.5630983525499825,9.010990333333334,1.0268616533333332,0.23299272358417503,0.0034712950388590333
0.11866719166666667,22.281294370076854,0.6393738794874745,8.836141,0.9522843666666666,0.19767622649669644,0.0
0.16099594866666667,21.688581708607973,0.6758126795328532,8.0396731,1.3741998333333332,0.18144441147645315,0.0050935745239257335
0.28137073133333335,21.03347062688313,0.6502765849029251,7.474502833333333,1.4296136333333334,0.17824864387512204,0.005519866943359333
0.18879435366666664,21.188547336509387,0.6105424072575127,9.125261666666667,0.8917702433333333,0.21365446845690406,0.0044464270273844
0.19471552666666667,20.43637026857129,0.6221033093391126,9.267382,1.1106456866666665,0.20363639791806534,0.0034294128417968668
0.11455766333333334,23.297330980630502,0.6482782134059577,9.332695333333334,1.00026102,0.1875523726145426,0.0021498998006184667
0.23607326166666667,22.02762361812402,0.6288524159820258,8.746266,1.3354186333333333,0.23437455048163727,0.0012018680572509668
0.2585262,20.687982618375703,0.5890923834655859,9.804720000000001,1.0629003666666668,0.25622453292210895,0.004552682240804
0.25255842,21.746866605755717,0.6172756866325811,8.953881,1.2080853666666667,0.222736065586408,0.0013659000396728333
0.35439676999999997,19.470635045914786,0.5778999194972974,9.478514000000002,1.3314516333333333,0.24112957219282782,0.006829818089803
0.23681569,20.878783832288608,0.5948265616206055,9.219112666666668,1.1467844666666667,0.2441137135028839,0.0026854674021402664
0.24459746333333332,20.61607796395364,0.593603430682804,9.754049166666666,1.1826538666666666,0.23916135231653846,0.003066539764404267
0.2029026233333333,21.436161623289905,0.5821727731022682,9.879007666666666,0.9304588333333333,0.24706571797529855,0.002472162246704067
0.15180459000000002,21.49996892913744,0.5735305699058127,10.943683666666667,0.7609567,0.252381756901741,0.003075281778971333
0.27810262,19.513284203086958,0.534675605532479,11.252495333333334,0.9094151899999999,0.2803918123245239,0.002868890762329067
0.148702985,22.365390235230223,0.5769473642048558,10.847737500000001,0.7369518300000001,0.2972512145837148,0.005383729934692334
0.20341621000000001,21.169058662283714,0.5786740213851046,10.476591,0.8841117833333333,0.25757838288942975,0.0
0.15876719333333333,21.95922380058779,0.5793927623422542,9.984619666666667,1.0431664,0.3020166556040446,0.0052964687347412005
0.11765630666666667,25.003985036253628,0.6514995648904925,7.815093,0.9896725900000001,0.2589451273282369,0.004355510075887001
0.18004221166666667,23.305483265033956,0.629396353851308,7.356603,1.0776936666666668,0.26848147312800086,0.002455552419026667
0.2674369833333333,21.488507379489246,0.6197917178255387,7.259786533333333,1.3454509000000001,0.25494752327601117,0.0
0.10237757333333335,23.921224261609392,0.6380061811164487,8.520923666666667,0.72431894,0.23437175651391343,0.0
0.20118921666666664,23.086015151113276,0.6548811736958889,6.5275427666666666,1.0985295833333333,0.2613927076260249,0.0008502801259358666
0.23719553000000002,20.206039730352014,0.6124602498305738,7.502941166666667,0.8746163666666668,0.27642475565274555,0.004298130671183234
0.1725076246666667,20.917544171921662,0.6283869779350418,7.470532000000001,0.7668687533333333,0.2473321259021759,0.004870096842447867
0.22517772666666666,20.820719058363068,0.6231124493526551,6.8925121,1.11331915,0.2716631094614665,0.0010639826456705667
0.28960138333333335,18.878980564376064,0.6167843176435062,7.188995033333334,0.9019852333333334,0.2398474415143331,0.0014580090840657332
0.2214811933333333,17.418554292036788,0.5722286634201109,8.778809333333333,0.7400553333333334,0.22554362316926316,0.0027117729187011667
0.13220900500000002,20.100372403190892,0.6191165517687786,8.035960066666666,0.7033992666666666,0.1858523736397425,0.0034074783325195
0.35632669333333333,18.62192643220909,0.5734399231678976,6.326682433333333,0.9169434000000001,0.18945640325546262,0.0047184626261393
0.13566334333333332,23.3580758561617,0.6721658442753214,5.715218666666666,0.7589269833333333,0.16261587043603257,0.005779743194580067
0.2792675933333333,18.423769213117804,0.5507478506823001,7.5382940000000005,1.10740672,0.19523259500662482,0.004188855489095
0.12691183,17.710739185724492,0.5282346674115231,23.539779999999997,1.0338185,0.2636082271734873,0.0014185905456542667
0.36336606666666665,24.90823868813932,0.6466029489626021,6.768304166666667,1.4397729000000001,0.19689146180947617,0.0
0.13254115333333333,26.653958338095944,0.7165204535319699,6.6499361666666665,1.20449415,0.1737717712918917,0.0
0.25502249,22.224723779475738,0.634967301983684,6.331682,1.2296957,0.17936594784259793,0.0021704832712809
0.08141000633333333,25.65031225567037,0.6863976413842193,8.126592433333334,1.2388008666666666,0.1995119204123815,0.002228577931722
0.18763874666666666,23.051804043904593,0.6720332591497599,7.368986,1.5527872666666667,0.20447813967863715,0.0013380050659179668
0.24922786399999997,23.137364538352724,0.6524845762227185,7.277521766666667,1.2601546133333332,0.17244880398114523,0.0025970141092935667
0.32833593499999997,23.392203727505233,0.6428955718069677,7.008927233333334,1.2672117433333334,0.2164307261506716,0.0006944338480631334
0.21347750766666665,22.64835656640317,0.6203177753143598,8.784046333333334,1.0242679533333332,0.21330136557420096,0.005244016647338833
0.17768726999999998,19.806064516450416,0.6029480804611252,8.551598666666665,0.9817118333333332,0.1972278654575348,0.0013378461201985666
0.10006123333333333,21.12447994503547,0.5994987165194753,9.299395666666667,0.8222805033333334,0.23111450672149658,0.0034810702006022004
0.12115277866666667,19.769931195835177,0.5859826858529108,10.227187333333333,0.9641809,0.22609175244967142,0.0020568370819091667
0.12238403799999999,21.53652008291803,0.6037005288514379,10.366276666666666,0.8696125333333334,0.19907088577747337,0.0018390019734700334
0.15160000799999998,19.74482471290686,0.5754576128931598,10.277280333333334,0.84711641,0.21519049008687333,0.0019966761271158666
0.11017543466666667,21.214350922474512,0.6180313424511978,10.111498666666668,0.7873736333333333,0.18072066704432163,0.0021219253540038997
0.05391871533333333,23.861482869263796,0.6329640517336018,10.793150500000001,0.8069251566666668,0.19117668767770132,0.0035963058471679336
0.07205030933333333,23.702088350397236,0.6564135709632187,9.331164666666666,1.0995240333333334,0.1994550327459971,0.0034649372100829996
0.07255578566666666,23.970979292564706,0.6566949827595349,9.338768666666667,1.0754303666666667,0.18901550273100534,0.0019470055898030334
0.13935896666666667,22.32644746511107,0.63785397879496,8.9749541,1.3030845,0.2187429815530777,0.0
0.185583748,22.350790811180605,0.6016691480314159,9.222319666666667,0.9636950466666668,0.23827409744262695,0.0
0.117375247,24.886951640309803,0.6578764853007991,8.371683833333334,0.9308516233333334,0.2005613843599955,0.005766948064168266
0.37485114,23.229797653047388,0.6294847498479575,7.493182333333333,1.1239023566666666,0.24017754693826032,0.003107547760009733
0.17291006333333334,26.384339736433045,0.7008707520628694,6.5966829,1.0482603666666668,0.2147890006502469,0.0034484068552652664
0.24486623666666665,25.021813404295454,0.6754170872408221,6.4228466666666675,1.0487501533333334,0.22109583020210263,0.0030609766642252334
0.24654278166666665,25.54688671174428,0.6990394779034311,6.244858099999999,1.3643176333333333,0.217032328248024,0.0020949840545653998
0.22608735333333332,24.82923480061412,0.6683761417926183,6.225478266666666,1.0149933899999999,0.2184872329235076,0.0039083162943522
0.84242155,19.750078798143104,0.5890511566334596,5.811518333333333,2.0511135333333335,0.2298262516657511,0.0
0.18195682666666668,22.7282053232656,0.5824497747457632,8.556683333333334,0.9999938333333334,0.2897177636623382,0.006038506825764934
0.07095436733333334,24.69508774983421,0.6227053769709171,9.874131833333335,0.67431201,0.22719253102938333,0.0
0.17325388666666666,21.858627531867754,0.6146707489945138,8.638249,1.1741624833333333,0.24400911728541055,0.0039593378702799
0.09537587466666668,24.142264613680805,0.649779338638233,7.999872333333333,0.8889840833333333,0.22153723736604056,0.0033421516418456667
0.14632091,23.86200901769065,0.6582621681431913,6.772785666666667,1.2873655000000002,0.26182528336842853,0.0010929902394612335
0.13211515866666668,24.58502727244908,0.6831346728216996,6.249651433333334,0.8642150466666667,0.22624759376049042,0.0056781768798827665
0.05640122833333333,26.90502280408367,0.7145871097979214,6.4904372,0.79907498,0.22585214177767435,0.0
0.3396640533333333,23.230329736266828,0.6963750619597263,5.243404333333333,1.4447572666666666,0.21042014410098395,0.0027252833048502334
0.2502778833333333,23.160576478569453,0.6951725399263108,5.1892045,1.1616373,0.23800957202911377,0.0048607985178629335
0.2533283433333334,24.22142467430881,0.7078153267276334,5.029741933333334,1.0484144333333332,0.22860387464364365,0.005885283152262333
0.33738214333333333,22.394100820424203,0.5739214328480301,3.9057486666666663,1.0404143533333334,0.12835273394982014,0.0
0.20827551,23.069211268019803,0.6464490901969329,5.494492,1.08670538,0.18575383226076758,0.0034269491831461336
0.11944626566666666,22.77066905415576,0.6371398363136238,6.8937684333333324,0.8135562,0.19958379864692685,0.0065840085347493
0.11477194,21.75976747810924,0.6388179500000943,7.386951833333332,1.0130290333333334,0.19387033581733695,0.0016756057739257667
0.26890075,22.377186527236564,0.6905324380530647,5.005409733333333,1.4910030333333335,0.16883898774782813,0.0
0.4365404243333333,22.795688924614296,0.6696711945164373,5.3312151666666665,1.7699219666666668,0.21498410900433854,0.003176212310791
0.22612415333333333,22.803409880068088,0.681905775943383,5.421082800000001,1.3569622000000001,0.21932903180519736,0.004708369572957334
0.39017060333333337,22.096525603861057,0.6780498909870837,4.692574166666667,1.65611512,0.2261999547481536,0.0033567746480305666
0.44139234666666666,18.75428741399539,0.6231749241729968,5.5488119000000005,1.8525034466666666,0.2727544655402501,0.0021389325459798
0.10513710433333333,21.427418826629424,0.6398074855008526,8.140564066666668,1.0596598166666666,0.22633246580759683,0.0054386456807454
0.08946640066666667,22.41296291691007,0.6604232304985658,7.577438000000001,1.1179867666666667,0.22292208174864447,0.003320535024007134
0.25929476999999995,19.284350240238044,0.6022029567021628,7.5443738,1.2851936000000002,0.2545626411835352,0.007342974344889266
0.12470801399999999,22.553760402523025,0.6359608436459968,7.158729166666667,1.0819120666666666,0.274419903755188,0.006930192311604799
0.08720564233333333,23.130151681303445,0.6368195889992804,7.486748866666666,0.9707002666666668,0.2498322327931722,0.0013442834218343
0.19065677333333333,22.132543053442777,0.6721585281800201,6.291079166666667,1.4565776666666668,0.19426219165325165,0.007404486338297466
0.09598098433333334,24.186249553552965,0.6732830692245254,6.648056,1.06634048,0.22277055680751798,0.0034793217976887996
0.053296672999999996,25.269090565598344,0.6417189626541436,8.757811,0.9482941333333335,0.2566763559977214,0.0
0.37750900000000004,19.033064732262336,0.6030370240122332,7.0726315,1.3930378333333333,0.2197663610180219,0.0031631787618001
0.08816324333333332,24.3540225168118,0.6327226636877995,8.272637233333333,1.0020068333333334,0.24922137459119162,0.0091199874877929
0.11504135733333333,23.23635552442003,0.6560559808845267,7.619675433333334,1.2204578000000001,0.21877068777879072,0.0
0.24521272000000002,20.442485729821595,0.6232401796130288,7.098991666666667,1.4106406666666667,0.20856072505315146,0.001389741897583
0.24724352666666669,20.475101512758386,0.608248813850924,7.4531009,1.3849476533333334,0.2539400309324264,0.003475983937581367
0.14732086666666666,21.94048012646654,0.5947695931673732,8.306154533333334,1.0264360866666666,0.2615797321001689,0.0
0.09597346200000001,22.947050061075164,0.6215765457707044,8.546719666666666,1.0817186666666667,0.2263250251611074,0.004398187001546199
0.084745554,22.241080361068878,0.5625223903991596,10.221788666666667,0.7863973999999999,0.26917829116185504,0.0033855438232421667
0.1797187,20.911828043797527,0.5894075554255566,8.108246833333334,1.4749214000000002,0.2938664307196935,0.006472031275431267
0.061655176666666665,22.259651459542464,0.5526499263803367,10.733028,0.9121559833333334,0.31904645264148707,0.007550398508707634
0.07973781666666667,26.55240137597312,0.710426250217893,5.513437799999999,1.0117283533333334,0.2422479192415873,0.0007260640462239333
0.080193162,21.115410503711967,0.5879005756661565,8.814711333333333,0.8684142,0.28949608902136487,0.0010516643524169666
0.04535356133333333,22.374398449909062,0.5721727988433702,9.807473333333332,0.7551266666666666,0.2844731609026591,0.003381570180257133
0.06745351100000001,21.070529318109617,0.5831851885051073,9.106461666666666,0.7321950333333334,0.2568063934644063,0.0031355222066243335
0.06330309699999999,20.159011865609227,0.505850733744785,11.481204,0.9143081666666667,0.3630744268496831,0.0029917558034261
0.06802815933333332,21.775121009983224,0.6100783953768317,8.519618466666666,0.8380942566666666,0.2283765077590942,0.0038337707519530665
0.09053859833333333,18.16790322318702,0.5251241056638655,28.585590666666672,0.83097341,0.241943230231603,0.004563172658284467
0.15911576000000002,19.13157627512805,0.5401996647247307,17.891491666666667,1.0220483666666667,0.30806929369767505,0.0041871070861816
0.3786681876666667,18.69638102334818,0.5372200264042767,15.553487666666667,0.8455287133333332,0.27544367313385004,0.0040326913197835
0.3963866866666667,17.698612584512976,0.520921132332717,12.659222333333332,0.97655638,0.2594255059957504,0.006012598673502567
0.09183678933333332,24.32503009876639,0.5948425515211441,11.276216,1.0712042000000002,0.20970660944779707,0.0013598601023356001
0.15354041866666665,20.448259638281183,0.5422546397410305,13.131199666666667,1.3891098333333334,0.23892486095428467,0.0027136802673339666
0.23110811666666664,20.092788298130348,0.5359443295421568,13.091447666666667,1.2607632333333332,0.24108190337816873,0.004404624303181934
0.183583109,21.18498528712949,0.5658438363106266,12.258075666666665,1.1319890466666667,0.22405759493509925,0.002646207809448233
0.16437926666666666,23.024079186381915,0.6012103427532313,9.075055333333333,1.1524787333333333,0.22608802219231924,0.0033203760782877334
0.14018197466666668,23.705312767454128,0.6000252892727903,9.219980333333334,1.1283708333333333,0.2413394252459208,0.0033633708953857335
0.08199585300000001,25.52243774162549,0.6039058746756786,10.056759333333334,0.8395012333333334,0.23543730874856314,0.0020473003387451003
0.11788644133333333,23.888132057740677,0.6054850630459571,10.013787333333333,0.9108288333333334,0.1995157400767008,0.002479553222656233
0.208187033,22.314456817280412,0.5932373872490012,10.012659333333334,0.63613932,0.20970833053191498,0.005168040593465166
0.13445007,23.408338388899335,0.5907642439614439,10.226983666666667,0.8980283,0.22350829839706418,0.005823532740275032
0.10721427400000001,23.745550911081967,0.5880431665849549,10.81115,0.9185473599999999,0.2134328534205754,0.0014122327168782332
0.082241254,25.061970196447977,0.628414440138641,9.673278999999999,1.01433958,0.18465088307857513,0.008112510045369434
0.084389844,25.201193560894946,0.6289845500440965,9.396225333333334,0.8961484266666666,0.20925316214561462,0.0045806566874186
0.11503864333333334,24.3091577847873,0.6301882150885226,8.860533166666666,1.1369143499999999,0.18648878733317054,0.003718932469685833
0.21886192866666668,22.883030862964407,0.6042142514576416,9.301433833333334,0.9656723566666668,0.19699683785438538,0.0033653577168782332
0.39801479999999995,23.02144472014743,0.6417104588988282,6.496596233333334,1.7317717666666665,0.22278882811466852,0.0053882598876952665
0.35278119566666666,24.747132162599645,0.6437390791374707,6.954986333333333,1.3024850766666667,0.24678063640991843,0.006090005238850866
0.32679868666666667,25.887496307441662,0.6818017219529883,6.077688566666667,1.3303943666666669,0.2493675202131271,0.0051636695861816
0.313589454,26.27107346632666,0.6912069713998511,5.808403366666667,1.4004108233333337,0.22017884751160935,0.004342397054036433
0.30890608333333336,22.369164116219196,0.5856254707979321,9.084957000000001,0.9519822933333333,0.22474946081638336,0.0
0.08877736166666667,23.79689227731949,0.5932198645464325,10.047910333333334,0.9528357,0.2550226151943206,0.004638910293579067
0.09850258900000002,23.13906131884038,0.6285216882508166,9.154636666666667,1.00506038,0.21364624798297882,0.0026517709096272666
0.09943378466666668,22.642344562932077,0.5866050213135587,9.678631,0.9822314333333333,0.2394613126913706,0.004148006439208967
0.14458462,21.66772918166483,0.5989867357347504,8.953107000000001,1.2560765,0.2618119070927302,0.0014802614847818998
0.058756405333333324,23.638780058521125,0.6315392233286207,9.058652666666667,0.9867137566666666,0.21021881202856696,0.0048739910125732006
0.11565989333333333,22.042695956903476,0.6122606990279729,8.289742666666667,1.0036013,0.2603041430314382,0.007734060287475533
0.4553300666666667,28.758660166985,0.7348245144329574,4.469611966666666,1.1903556,0.1595673635601997,0.0
0.7450143466666667,22.675779309328277,0.45668713108041836,2.8850249333333338,1.2574673333333333,0.08413702994585033,0.0
0.51002768,22.60622415795456,0.5008998416202707,3.4945912666666668,1.3214237666666666,0.10522288208206489,0.0038084983825683334
0.3292564066666667,21.755923784623253,0.4994176213483854,4.352883033333334,1.1653641,0.101360206802686,0.002308448155721
0.24096185,20.98992822332985,0.5486522383166776,5.460734566666666,1.1201981666666667,0.14780693252881363,0.006610314051310167
0.35809782333333334,18.860785342338826,0.4426081795297991,6.065242433333334,0.9176861500000001,0.14679491023222604,0.0061837037404378
0.3175157433333333,19.138696224208157,0.4918988314751871,6.442693899999999,1.1721209666666665,0.14233037829399106,0.0017568270365397
0.2650261933333333,19.48895030780355,0.5428604455697639,6.546428633333334,1.2432514,0.15505135059356687,0.0041131973266601
0.34336208333333335,18.598675688318036,0.5027266751490168,6.1097605,1.3494977,0.15936267872651413,0.0031986236572265334
0.157031399,21.36304023618514,0.630547839912304,6.600365466666666,1.1116496999999999,0.1727266559998194,0.002765099207560167
0.20110351333333334,19.464269900518968,0.5915933273813097,6.7332656,1.0925546466666667,0.18662541111310324,0.0011936823527018
0.19124906,19.156485752295065,0.5961925567757441,6.946510666666668,1.3279419666666668,0.19813328981399528,0.0027491251627604
0.15451048,20.784863008110012,0.6421456522194581,7.055117666666667,1.1898222,0.18996955454349515,0.0
0.1430509846666667,20.595456363149882,0.6327470040970381,7.560926000000001,1.1115988166666666,0.19599300871292746,0.005736668904622366
0.07431309466666668,21.542435441126518,0.6407141273766386,8.479379666666667,0.94737886,0.21175251901149747,0.0
0.09027011666666666,20.652342332798845,0.636591230036765,8.137003066666667,0.9253126866666667,0.1951707949241002,0.006199598312377899
0.12181608433333334,20.347451960207934,0.6553596386232857,7.692515733333334,1.1585339666666667,0.23041596511999762,0.007562875747680634
0.08100126266666667,22.535034882751077,0.6914629593534295,6.338563666666666,1.1508635333333332,0.18419731160004926,0.0012991428375244
0.2619757476666667,20.273659874781462,0.6758281393767102,5.446613266666667,1.2934248666666666,0.1869003797570864,0.004357417424519834
0.31521762666666664,19.461474506359654,0.6312786650987449,5.3148393333333335,1.3555591666666669,0.25434724738200504,0.004802227020263634
0.16437436166666666,22.847332172490088,0.6864126187970759,4.9254568,1.1219588333333332,0.25322367747624713,0.0056056976318359
0.16264417533333334,23.401376799546906,0.7046642818558994,5.005958333333333,1.2752449333333333,0.2613367438316345,0.0019280115763346333
0.17964916333333333,22.584077754702545,0.6909329720750064,4.933025633333333,1.1891715999999999,0.2862256939212481,0.0026885668436686
0.14423073333333333,23.114621480623228,0.6731576019028611,5.5761995,1.05283185,0.3199992875258128,0.004275798797607367
0.085541255,23.401478878781017,0.6472022119383015,6.4393988,0.7851119333333333,0.33354300260543823,0.0017007191975911334
0.08946952666666667,22.746288831956292,0.6693260790540657,6.5623945,0.9819789466666666,0.2897721777359645,0.006254990895589167
0.054371167666666664,23.269964160182525,0.6708425427111333,7.537712666666667,1.0300864533333334,0.26496762037277216,0.0
0.06389074733333334,22.57492046837035,0.6633854176670494,7.446654666666667,1.0220057433333334,0.26381619771321607,0.0032257239023843996
0.07260082133333333,22.933374801308844,0.663889176670832,6.352517033333334,0.8932476333333333,0.263821005821228,0.0023306210835774667
0.09276650199999999,22.681947562474303,0.6967168729711948,5.642118666666666,1.2711141666666668,0.26972923676172894,0.0
0.19698884000000003,20.171201723690597,0.6385127144866805,4.726466100000001,1.1596561566666665,0.2292675326267878,0.006063381830851166
0.12026571866666667,22.301059152304223,0.6873836353527588,4.664261799999999,1.0727758333333333,0.2250671486059824,0.0039292971293131
0.3003960366666667,19.169890708155076,0.605777958721641,4.791884666666667,1.2729677,0.24988125761349997,0.0030645529429117664
0.25983972,19.658340731598283,0.6243081695367031,4.550255933333333,1.3374088999999998,0.2451879382133484,0.004839181900024366
0.25919327666666664,19.541433091917828,0.6649312717449939,4.667744766666667,1.6071081666666667,0.2522336294253667,0.0052543481190999
0.22647784,19.637517421460675,0.6462587097514266,4.612863999999999,1.2478834666666667,0.2151540368795394,0.005827267964680933
0.20877019,19.21022270344275,0.6554064681875107,4.892851033333334,1.4064607666666664,0.21917001406351724,0.0031803448994954333
0.48335410666666667,25.10185849213215,0.6714014222155434,5.3537836,1.1981971500000002,0.16104900836944575,0.0076634883880615
0.18482412,24.65116815314398,0.664405011426295,4.068525500000001,1.155491933333333,0.13955534994602198,0.002714792887369767
0.18900913666666666,23.20853980661941,0.6654717139865967,4.490906633333333,1.2083268999999999,0.127316839993,0.0
0.24319261533333333,23.777443344156637,0.6355217196090365,4.334309966666666,1.0918305666666666,0.1339324166377385,0.005740245183308866
0.2239759033333333,22.963514234035745,0.6138042828390494,4.8757391000000005,1.1132668866666666,0.1510444680849711,0.0012515385945638
0.14203062166666666,22.56551926417332,0.643709132577072,6.6268781,1.0367834,0.18040421108404792,0.0017993450164794668
0.15485311666666665,21.10097773200359,0.5970484097724437,7.882270166666667,0.8444251733333333,0.17511088649431863,0.0
0.13161980666666664,20.808257852303644,0.6224023372964966,7.628247933333333,0.9397053833333332,0.18200312058130896,0.0035797754923502334
0.12181465666666667,20.24930872992456,0.5943060297898438,8.07512,0.820415,0.16345179577668506,0.0016200542449951
0.06247691666666666,23.079821254609982,0.6771564550227781,7.2896085,0.9058245233333334,0.16190327207247412,0.0050648053487141334
0.12507781199999998,20.17395317299597,0.617865096558153,7.323511766666666,1.0293626333333334,0.17525594681501386,0.0045161247253417665
0.12672233666666666,19.997232290500857,0.6090481672190197,8.0388312,0.9838237666666666,0.2187392860651016,0.0036961237589517664
0.138962118,19.667308042022857,0.620941888036526,8.331053333333333,1.0578543500000002,0.20210890968640646,0.0
0.10429297533333333,20.415430318459723,0.6315678355138081,8.743524333333333,1.0337369799999998,0.1981419970591863,0.002116918563842733
0.07125275466666665,21.410618653727,0.6326647883305253,9.201716666666668,0.7916432133333333,0.20059949656327558,0.0036950906117756664
0.07603823766666666,21.30439123750617,0.650473831568506,8.999175000000001,0.9844852566666668,0.20105887949466705,0.0010461012522379333
0.09585157333333334,20.561165409213686,0.6018981810483548,9.402928333333334,0.8747819333333333,0.21295187870661414,0.004507303237915033
0.07766303933333334,21.272400433584348,0.6194923329301071,9.48427,0.8525811133333333,0.21847188969453168,0.0062158902486165
0.07243769900000001,21.41485837225584,0.6335418732479557,9.365207333333332,1.01267508,0.22836776077747345,0.0027171770731607998
0.09465168899999998,21.39272483954386,0.6426818422025002,8.789155833333332,1.0046697500000001,0.22647144397099808,0.006145477294921833
0.11884952333333332,21.090924629917108,0.6607479975605554,8.064999,1.2530664833333331,0.20587923129399618,0.0037986437479654665
0.07216808333333334,22.338331328080027,0.6312426188191225,9.271994,0.9328142666666666,0.2573970655600229,0.0028768380482991334
0.12656385666666667,21.87454419077044,0.6354390880063069,7.895251333333333,0.9846316766666666,0.23195208609104148,0.006285826365152967
0.11121576,21.47438373288986,0.5995142843042672,8.520622333333334,0.99864999,0.29016809662183124,0.0
0.10938454833333333,21.434829132438693,0.6216305624174018,7.944492533333334,1.0229207133333331,0.2651020089785258,0.0014047622680664
0.11539766166666666,21.277360488463,0.6364714028518256,8.045306566666667,1.1996178000000002,0.2558044691880544,0.0052390893300374
0.13911031333333335,20.324626382011374,0.61839787488897,7.892926533333333,1.1642527000000003,0.28422660132249195,0.004164775212605766
0.14702697,20.488229926709646,0.6161193728042833,7.9189136666666675,1.1549636333333335,0.27794743080933887,0.0053400993347167336
0.16313197533333335,19.89555895545732,0.6148027623162485,7.421062999999999,1.1140034333333333,0.26491975287596387,0.0056976477305094335
0.08595258666666666,22.340553777329784,0.6575190087676063,7.144943333333334,1.0118691,0.2527647217114766,0.0005853970845540334
0.08952482333333334,22.329657057735954,0.6598456904238312,6.6768578000000005,0.9895927333333333,0.23197706043720237,0.0018026034037272
0.11126999,21.644170113169718,0.6532905584206424,6.418159733333333,1.0304702333333333,0.22580996155738828,0.0027397473653157332
0.08659803433333334,23.00202608610834,0.6799687514742977,6.6266614,1.0266578566666666,0.2343774984280268,0.0006693204243977667
0.09006077666666668,18.488263406135623,0.5264324124924494,27.661526999999996,0.6086177266666667,0.23642762998739877,0.003472407658894833
0.26536389666666665,16.851019031858787,0.5280234929717739,18.712172333333335,1.4325884999999998,0.2902299364407857,0.004363139470418233
0.30037937833333334,24.66103040690341,0.6352912604219186,7.5647034,1.1019150333333334,0.16877633333206174,0.0030975341796875
0.29486567333333336,24.282548599484972,0.6436055606981447,6.366520033333334,1.3532374,0.1869794155160586,0.0015868345896402668
0.22286158999999997,23.945438305994667,0.660775874731708,6.4120487666666675,1.4118592333333335,0.18626988430817915,0.004206101099650034
0.09577928633333334,25.775521094285306,0.6569308787409053,8.094256466666666,1.1086752333333334,0.19632543126742044,0.005524237950642867
0.10417482466666668,25.143933070109266,0.6755945959766011,7.753049100000001,1.2385375666666665,0.17912944157918295,0.0033231576283772666
0.30924452333333335,22.094944095849616,0.6585448488374029,6.203872966666666,1.6709770666666666,0.1789741218090057,0.0022905667622884
0.3385049253333334,24.161000810705946,0.6550095338844878,6.664887,1.2855313666666666,0.2044358799854914,0.004817008972167933
0.30345028,24.44973614651523,0.7017265928480226,5.5959338,1.3301138333333333,0.17641237378120422,0.0038695335388183334
0.35307470599999996,23.99569247006075,0.6849151053837953,5.5023024000000005,1.1972378333333336,0.19521469374497727,0.0
0.13569453166666667,23.721837587033168,0.6938193846532967,5.480623166666668,1.0911957666666667,0.20416782796382904,0.001313050587972
0.24671733066666668,22.864513606578573,0.6663850484760326,5.631428166666666,1.0405234666666665,0.2322119747598966,0.0030283133188883336
0.12626805166666666,25.29083153751317,0.7089149153997581,5.711492666666667,0.9563109666666666,0.21648816764354703,0.003442684809366833
0.22018044933333333,23.444920742504365,0.674852715817379,6.216117533333333,0.9941318666666668,0.21987714370091752,0.0044310092926025
0.12541682466666668,24.036931966314587,0.6845006630519116,6.076053566666666,0.9441012566666666,0.1997312903404235,0.0
0.15296421333333332,23.612414135588313,0.677154725358086,6.3919819,1.038068,0.2146980861822764,0.0034650961558024
0.19441054666666666,21.857762599271908,0.6442571904646801,6.612840833333333,1.0795427333333334,0.21253405014673865,0.005592584609985333
0.18653470666666663,22.704456316754943,0.6519944818119728,6.805068533333333,0.94280007,0.20801536242167154,0.006345589955647733
0.21267471666666668,21.881010709969853,0.6437076704929947,7.088463766666666,1.0907105999999998,0.21447917819023132,0.0035789012908935334
0.29268730666666665,20.78554725845821,0.6286655565309298,6.817145666666668,1.1535420666666667,0.19009995212157563,0.0050522486368815
0.16790881000000002,23.184849356509986,0.6634185001880876,6.957288933333333,1.1030862466666667,0.2081360022226969,0.0028552214304605667
0.18506767566666668,23.17543221157585,0.6798612533778045,6.8760854,1.1524185999999998,0.17560811837514234,0.0007941722869873
0.23867492666666668,22.168517359027707,0.6554897531259664,6.980978366666666,0.7793271033333333,0.17536617567141846,0.0
0.16896143333333333,26.36402747037427,0.7333302343238223,5.602950966666666,1.0723082133333335,0.18775095790624616,0.0011980533599853333
0.164355024,22.410093192434164,0.643941944872506,8.054989533333334,0.9836461466666666,0.18188445518414176,0.002572933832804333
0.27871509466666666,21.273236119486583,0.6006195383858585,8.492168666666666,1.0549770666666667,0.20823234071334204,0.004756848017374633
0.30452878666666666,20.423328186189515,0.6132543755715504,7.809251866666666,1.1661830466666667,0.19619899491469062,0.0012823740641276
0.38667378333333335,17.646251427171535,0.5368302511678047,9.863725166666667,1.3637491,0.24006995558738706,0.005255381266276
0.21754029333333333,20.347396102097658,0.5784076699760908,8.712992400000001,0.9176027000000001,0.2225414911905924,0.0036245187123616334
0.2142666466666667,20.501877265807536,0.6426623744637806,7.087777266666667,1.2036342,0.1955489913622538,0.0036842823028564336
0.19993899333333331,17.69079897786554,0.5786108582514856,8.906144,0.9324810733333334,0.21629542609055838,0.004745244979858366
0.127701552,18.68058152413816,0.5797612228487651,8.817708333333334,0.7789149699999999,0.23299521704514817,0.0
0.10449296066666668,19.471831671313378,0.6211915673343493,7.9113359,0.9356936933333332,0.2397932012875875,0.0034275849660237337
0.112533809,20.158582359325795,0.6347292689130194,6.8168853,1.129091543333333,0.2481538454691569,0.0047215620676676
0.10590100566666666,20.938946186119733,0.6297231610419174,6.445268933333334,0.8949377333333333,0.22430533667405442,0.005645434061686167
0.15187149466666666,21.314880653058207,0.6763991742631377,4.755118866666667,1.2282795,0.21814490854740143,0.0020433266957600666
0.21587665300000003,20.31083093934427,0.6125540232469867,5.376926566666666,0.9710872033333334,0.2500663623213768,0.006214857101440399
0.20026483333333334,19.609206892554756,0.6168256181766395,5.5292862666666664,1.1898878666666668,0.23120355606079102,0.0027504762013753
0.11241508100000001,20.996378764034645,0.6084319077189593,6.422038266666667,1.0280023333333335,0.27226721743742627,0.0
0.14854960333333334,21.937623243867026,0.5749215573238845,4.922903766666667,0.7963211499999999,0.15219904234011963,0.0009356339772541999
0.12451639933333332,23.275003958101923,0.64942806059267,5.411759133333334,0.8326755333333334,0.1649860466519991,0.0027325153350829996
0.13724412666666666,20.84536460999146,0.5766257130138334,6.287794099999999,0.8348912033333334,0.1621381888786951,0.0012556711832682
0.11582925100000001,21.649203596580993,0.6157321905274205,6.960504,0.8274476266666667,0.1960199773311615,0.0027649402618408
0.17511054666666667,19.774230948339092,0.5529093034025562,6.639912,0.9567374833333334,0.16878482451041535,0.0022726058959960335
0.18549364666666665,20.27431452483422,0.605472765635295,6.8685195000000006,1.14328865,0.17647768557071677,0.004497925440470334
0.29166420666666665,18.203236573827102,0.554101788956192,6.959393566666667,1.2552777,0.18855143090089163,0.0
0.17693279666666664,20.72827259734147,0.597055385869374,6.433062666666667,1.0434255666666667,0.17742414027452466,0.005398035049438434
0.15475897,21.47252457661979,0.6478066708367042,6.290695433333333,1.1059608466666668,0.17613607148329413,0.0038811365763346
0.13923704133333334,20.98225078473488,0.6160013343354854,6.554315166666666,1.0400690166666666,0.1790523032347361,0.004212538401285767
0.15295144,20.19029915396911,0.6270042517448706,7.067894466666666,1.2075786333333334,0.18656495213508606,0.0
0.16974619666666668,20.83773888741061,0.6514149041425824,6.035402,1.1719577333333333,0.1851687729358673,0.0029659271240233998
0.11578889999999999,22.4804027830175,0.6802850444884442,6.151301766666666,1.1581578666666668,0.19111986706654227,0.0048189163208007335
0.17932192,20.15728489612314,0.636594961748021,6.166169333333333,1.2663483,0.22472584744294485,0.0009555816650390333
0.11811041800000001,21.788908820121055,0.6740881366965484,6.3932914,1.1728812333333332,0.20704378684361777,0.005303780237833633
0.102142915,22.566745576028143,0.6969061164517831,5.901229666666667,1.1110965333333336,0.16130140920480088,0.006148576736450167
0.07517356166666667,23.395597646353536,0.7071051033155427,6.304379666666667,1.1214924666666668,0.18778878450393674,0.004978497823079401
0.15454542766666665,21.742787670063496,0.6557168341099194,6.553505866666666,1.12591772,0.19696200887362159,0.0020098686218261667
0.11853944533333334,21.768686968385367,0.6417409061083562,7.283742866666667,1.045464,0.2070289353529612,0.006010611852010067
0.12147067,21.06669076039894,0.6606352303859951,7.191733266666667,1.1556864666666666,0.19253551959991447,0.0020271937052408666
0.08565215333333331,21.936581980236117,0.6715408246027339,7.598423999999999,1.0386405433333332,0.1881309996048609,0.0019367535909016666
0.10941182633333334,21.60635316693029,0.647437191708183,8.205501866666667,1.1142618499999999,0.2217388947804769,0.0031921863555908
0.060260667999999996,22.37505971509702,0.6636800580749226,9.310088666666667,1.0044545133333334,0.19043368846178046,0.0026836395263671667
0.07596815933333333,20.946342007110616,0.6209420849722828,9.673816666666667,0.9676065500000001,0.2212976813316345,0.004313707351684533
0.07765532666666668,21.29492893032293,0.6446840799918105,8.776086666666666,0.933344,0.19920696318149564,0.00034443537394203335
0.07380612533333333,21.77408928860582,0.6412034628811486,8.608952,0.9149356133333333,0.20383105675379432,0.003296852111816367
0.05444715766666666,23.269076689601572,0.6806451919251807,7.997935766666667,0.8755669433333333,0.17090176542599989,0.0033531188964843334
0.08875419666666666,20.910311693842644,0.6389894498967391,8.1017308,0.9056117133333332,0.2008473426103591,0.0014820098876953001
0.10514420000000001,20.421923989767524,0.6602292596403306,7.102247733333333,0.9596326166666667,0.18670900662740064,0.0038417975107828332
0.1486362,16.84092304489356,0.5095966155058803,25.150589333333333,1.0856467533333334,0.28332439561684925,0.0
0.20263171266666669,22.182535066359147,0.5632925927713355,12.909788666666666,1.0758296766666666,0.2428152412176132,0.0048906803131103
0.24390778000000002,22.172322786937844,0.5789361408422762,10.129870333333335,1.3358834333333334,0.22104852894941965,0.0012175242106119667
0.4976664,22.96005191600464,0.5694028268556565,9.416880666666666,1.300177,0.1943211257457733,0.0008629957834879334
0.25648922133333335,24.389200026050407,0.600310370514885,9.191198833333333,1.5467181533333332,0.19950568179289496,0.004867633183797167
0.12699470666666665,25.354824459238028,0.6266849087087455,9.106659,0.9272869266666667,0.1967710703611374,0.0006110668182373
0.3086305166666667,24.693188760938728,0.6418489337431977,7.485162466666666,1.9655144333333334,0.2023063997427622,0.0033088525136311664
0.29600421000000005,23.721267719417806,0.6405631954746799,6.999304966666666,1.3661018333333335,0.19136128326257065,0.0
0.13890254466666666,25.7275610658924,0.6678760579025509,7.260626166666667,1.0401105666666666,0.21405576666196188,0.0026907126108805003
0.16969353499999998,24.45893532859141,0.6215250264801915,9.013956333333333,0.7855577166666667,0.1935983598232269,0.004853407541910801
0.32586791466666665,23.30086580929857,0.6247615192485204,7.6055648666666675,1.2534685566666668,0.20381366213162735,0.002685070037841767
0.33975295166666664,23.141095441828117,0.5931656946325016,9.317909666666667,1.1805699333333333,0.22244497636953983,0.0061883926391601
0.3925384189999999,21.815680306434725,0.5942865359852073,8.480462833333334,1.1364387333333335,0.21297947069009146,0.0
0.20653818333333332,24.527818565033854,0.6482138807759893,6.996182866666667,1.0494835866666665,0.20803310970465339,0.0008046627044677666
0.41969503333333336,27.626309624640175,0.7335146937248345,4.516863766666667,1.2025956766666666,0.18265005449453986,0.004044850667317666
0.17467447666666666,24.07745199217453,0.6410607072736089,7.8570017666666665,0.8934491000000001,0.1952437857786814,0.0033438205718994
0.17387785333333336,25.739103443914782,0.6958207213866027,6.441959033333333,1.1312144999999998,0.18720293293396628,0.003182331720987933
0.17867930166666668,24.96167627254074,0.6491941517350455,7.4865508,1.2648473333333332,0.20645881692568457,0.0008523464202880667
0.27359863333333334,22.183366619074096,0.5967240880379976,8.555652666666667,0.8724869833333334,0.2124502708514531,0.0
0.12706663833333334,25.507150883123913,0.6698915178209939,7.293362233333333,1.0259037333333334,0.19860119124253592,0.005402565002441367
0.20585984999999998,23.273965424610193,0.6347454377018974,7.7562573666666665,1.0504711,0.18217872331539786,0.009425401687622
0.11185860199999999,26.891071935836806,0.7010002656310806,6.236930633333333,1.1247880333333333,0.19518552223841346,0.0034153461456298668
0.18722870133333333,22.79416117097502,0.6241742656382476,7.440866666666667,1.2353950999999999,0.24398785829544065,0.006376266479492167
0.5268362866666666,19.498673150428882,0.5873229150432416,6.4267004000000005,1.5790287,0.24866250157356262,0.0024908383687337
0.092877805,21.970740344752688,0.5561976503789018,11.598588666666666,0.9071590833333333,0.2639070351918538,0.004406293233235666
0.12189980666666668,20.67763927480196,0.5530919653613143,10.343215666666667,1.0970238333333333,0.27686501542727154,0.0015324751536051333
0.12312316000000001,20.59704292757401,0.5831814567839371,9.031125333333334,1.0566786466666667,0.28621278206507356,0.0029617945353189665
0.05210765566666666,23.272118334379993,0.5704694482244669,10.585446666666668,0.78365115,0.2833053718010584,0.0
0.07756809366666666,22.455526274879176,0.6102977935433995,8.578078166666666,1.1192677666666666,0.2456050167481104,0.003133296966552733
0.08382190333333334,20.835904145961674,0.5822620697940479,10.0115555,0.5252513866666667,0.2630472381909688,0.0040206909179687335
0.43888780000000005,24.135982978745506,0.6250326888383292,7.6559791,1.4399802800000001,0.17776674280563987,0.008555094401041635
0.21238830666666667,25.764087118843765,0.6389290935419738,8.039203666666667,0.9123484199999999,0.17328412582476926,0.0035723845163980997
0.22849444333333332,25.36981768724682,0.6612727273567726,6.985809566666667,1.3017217333333335,0.20128446320692694,0.0014263788859049335
0.15053159133333335,24.35938064827333,0.6557242674649278,7.762159199999999,0.94811474,0.21988508105278012,0.0016233921051025
0.09817284766666666,23.82950677768929,0.6805276261253321,7.2665748,1.0537389,0.19053084651629126,0.0011635621388752999
0.08536703999999999,22.89600666727418,0.6593061607887555,8.515617,0.8792766766666666,0.18825520078341162,0.0
0.09614940333333333,22.343672464728176,0.651217234153996,7.762624666666667,0.9817044666666668,0.17547052601973212,0.0
0.15356730666666665,20.864913318131553,0.6066133749113374,7.717255499999999,1.0657425999999999,0.1743086501955986,0.0
0.18669774000000003,19.646833378040597,0.5766282840444995,8.578493166666666,0.9853043866666665,0.19268532594045004,0.0
0.15498056666666665,19.803241753914975,0.6052148687572122,8.285001033333334,1.1464612666666667,0.201030895113945,0.0
0.10006196633333335,20.14728025607544,0.5770834350228095,9.091314666666667,0.7953526333333333,0.20014458398024237,0.004513820012410467
0.09424458966666667,20.042181495450652,0.6059004781139925,9.553125999999999,0.7652338166666667,0.209343746304512,0.0018533865610758334
0.13033417133333333,19.046720564087682,0.5872335131923428,9.577393333333333,1.1451720666666667,0.229846566915512,0.0005160967508951666
0.0921594,21.20184414642426,0.6311416754392181,8.437062,1.0833828,0.19554858406384787,0.0007136662801106667
0.081377285,22.12025454525613,0.6354847804664147,9.29397,0.9967295433333332,0.21271792054176328,0.0021077791849772
0.11263770566666666,19.918024475725222,0.5946979648066435,9.806729666666667,0.8457527166666666,0.21923411885897318,0.0018397172292073333
0.18975164333333336,16.950540249419365,0.5804625193546311,9.229019333333333,1.2953971,0.23152500887711844,0.004851420720418266
0.09246079333333333,20.131059747425248,0.5904235946554977,10.823625999999999,1.0677540333333333,0.24449443817138672,0.0013396739959716667
0.04606049166666667,21.951402216890596,0.6154842860307481,10.356040666666667,0.7689088000000001,0.22540913025538126,0.0029272238413492334
0.10024787133333334,19.17515013981693,0.6261927900878321,10.1624305,1.2635399333333333,0.21108854810396827,0.0
0.10960119,18.683664617803746,0.6005915400568217,10.300175666666666,1.08331322,0.20463455220063523,0.0006971359252929667
0.10969237999999999,19.353039679966,0.556904204030018,11.024316333333333,0.9359644933333332,0.2664620578289032,0.0
0.07925406133333333,21.474219793581398,0.623548874647721,9.826944,1.0414606766666665,0.2263118177652359,0.0
0.07034159133333333,22.11820390809193,0.6065004608224015,9.835527666666666,0.8726490666666668,0.25531957546869904,0.002340475718180333
0.09226243833333335,22.03183893224462,0.6437423298667544,7.9308206666666665,1.0291277666666667,0.2384646336237589,0.0
0.159183118,20.249362296245394,0.6225542640957984,7.532038633333333,1.1881551666666665,0.25649124880631763,0.004364967346191366
0.15797523466666666,20.58333200539141,0.6218746733266393,7.569811233333333,1.1794431666666665,0.26981839785973233,0.008006572723388634
0.12091694033333333,20.53331898463492,0.6366164268453609,7.843862866666668,1.0700735166666668,0.22511711716651914,0.005903800328572567
0.09357192333333335,21.381057163167245,0.6561293195592305,7.946751766666668,1.1442496333333334,0.2136556804180145,0.0
0.105993538,21.50915028282284,0.6490745076184138,7.973327766666666,1.08644848,0.2378202180067698,0.004244168599446567
0.104719365,21.2393240618897,0.6497236792178657,8.002950933333333,1.0678925666666668,0.209435150027275,0.0042125384012858
0.10140841466666667,20.629117297032334,0.6210140694083988,9.120217866666666,1.0370862,0.2202624628941218,0.0030205249786376663
0.07821131833333334,21.97188116331816,0.6452445743150316,8.129229,1.0037415966666667,0.20254703362782797,0.0046280225118001
0.08280982833333334,23.358857477391286,0.6985087288125809,6.402602466666667,1.0725152133333333,0.15886904299259177,0.0013754367828369
0.1794044433333333,21.12512916609219,0.6361960757102542,6.1472342,1.1508402,0.2274579654137293,0.0011711915334065668
0.7846587233333334,24.885040384167173,0.6848215777850761,3.8191811999999996,1.5260185666666668,0.1447133049368858,0.0
0.5058581833333333,22.73051503912267,0.46207962892985854,3.229400266666667,1.1200253666666666,0.08227109039823209,0.005940596262613867
0.43333702333333335,22.957994945151626,0.49673848086577005,3.6278770666666667,1.0584446333333333,0.085230595121781,0.0034474531809488666
0.23699777533333335,22.581826389527247,0.5230890173123325,4.680477766666667,0.9820062333333333,0.0973220740755399,0.0015025138854980332
0.18966765333333335,21.50669733240891,0.4890024728879155,5.842385666666666,0.7908756666666666,0.11636730035146074,0.0034313201904296667
0.6620031933333334,17.617844561623354,0.3364535487016813,5.515190833333333,1.0453335,0.11857586850722628,0.004635016123453733
0.28572908,20.810214356223636,0.45511326051035894,5.186452399999999,1.1465698,0.10332923134167983,0.0015837351481119667
0.32499507666666666,20.926215041639555,0.4218392365874843,4.931809733333334,0.9622118999999999,0.11615407715241115,0.0018306573232014667
0.5874933166666666,17.53411996079481,0.34199893369473183,5.164052533333334,1.0026407,0.1449094216028849,0.006841818491617801
0.5250504100000001,18.46200655225916,0.4507259621738882,4.806733,1.2306879333333332,0.1443860679864883,0.0049812793731689
0.2741925766666667,19.38804156018266,0.440859935865147,4.9964808,0.9629530900000001,0.14467210322618484,0.0045966307322184005
0.16422111333333334,20.16271959403784,0.4934442102421652,5.9963241,0.9239743000000001,0.16362273693084714,0.007321675618489534
0.14606632833333333,20.042896104091543,0.5324353063062914,6.683919166666667,0.8579279533333333,0.1828365474939346,0.0
0.13048871666666667,19.74126348649121,0.5334969422799621,7.579294866666667,0.91315308,0.1833644012610117,0.0
0.26549337333333334,17.242516654692636,0.4753098033136935,8.411566166666667,0.8546446833333333,0.21241991221904755,0.0
0.14927001333333334,19.140115938343815,0.48447099418842016,8.673932500000001,0.82699892,0.24890785912672675,0.0038263797760009336
0.13829932,19.00129170961597,0.5164558153418392,8.952476333333333,0.9326388666666666,0.24642700950304666,0.0032935142517089666
0.24949572,17.253590756104682,0.4437308269992553,10.515352666666667,0.6385477833333334,0.31268372138341266,0.004709641138712533
0.17275408333333334,18.406682261520704,0.4963508579990675,9.522208000000001,0.8239667566666666,0.2637818406025568,0.004712343215942366
0.16463850666666668,19.581765987932698,0.5477725852022249,8.342841866666667,0.8864873266666667,0.23186237613360083,0.0020500818888346335
0.14681242000000003,19.31584977989174,0.5472740325989137,9.413614,0.7554526033333332,0.22610474626223245,0.002283016840616833
0.17644712666666665,18.575452153856762,0.4943533365328457,9.645548,0.6835594,0.28390645980834955,0.0027263959248860666
0.2295587166666667,17.48946664385777,0.48637161100320797,10.1373155,0.7174320466666666,0.2722430129845937,0.0
0.11694872666666667,19.941193958856612,0.5710902825174485,8.534327866666667,0.83196419,0.22212127844492593,0.004498799641927067
0.14975888333333331,20.14962721260551,0.5708057911671828,8.018613333333333,0.9783258666666667,0.22429189582665762,0.003435770670572867
0.26447603333333336,18.88941539843651,0.5336928802189334,7.021721,1.0504459333333334,0.23051075140635172,0.002569913864135733
0.21144301333333335,20.81121187150823,0.5695896122849767,6.439642333333333,1.0636439,0.23110569516817728,0.0017566680908203001
0.2993120666666667,19.5672998145071,0.5546831015491128,5.915789666666666,1.1484888333333334,0.2050472448269526,0.0033857027689615667
0.4374841666666667,19.178262841238872,0.5661905422342478,5.496670866666666,1.5264999,0.1650144110123316,0.004830439885457333
0.5056078633333334,18.84558364534952,0.553857307249822,4.9747951666666665,1.5618590333333333,0.14999537666638688,0.0030721823374430003
0.3080796433333333,21.930054941876477,0.6106243648638977,4.566620199999999,1.2189217,0.17477561533451078,0.0041325887044270666
0.55224027,18.717477105427857,0.5398920637900902,5.1223806,1.4943538,0.190671960512797,0.0027353763580322
0.2859019666666667,21.499246149311407,0.6060910709838141,4.4667972,1.2205183666666668,0.13870808233817414,0.002009789148966467
0.3755984266666666,20.227195633439386,0.5828073706759658,4.943795,1.1355059,0.13540048400561014,0.005308469136555967
0.24723079333333334,20.01278800006622,0.5418961673930882,14.238929833333335,1.1658477666666667,0.28939327597618103,0.0014643669128417667
0.377082365,26.201558545985094,0.6881008536307278,6.023447566666667,1.3060710999999998,0.18343586474657056,0.0028478304545084335
0.17112388999999997,27.38827992729783,0.7356765856743234,5.740082800000001,1.0928582333333334,0.17219335834185276,0.0040380160013834335
0.35533887333333336,24.129454415356303,0.6924558314635864,6.317007533333334,1.8258239333333333,0.19204268356164292,0.0024844805399576665
0.24411175666666665,23.505225497155703,0.6632748438332499,7.229865666666666,0.9779068833333332,0.17546924948692322,0.0031956036885579
0.239967198,23.295128539347598,0.6574455416215,7.274118933333334,1.11843942,0.1829862842957178,0.0024324258168538
0.17730654333333332,24.005303132774383,0.6621717190976778,8.0550718,1.1154963666666666,0.1915730213125547,0.0016470750172932669
0.21727805,24.25036930377962,0.6720664789107816,7.877216433333333,1.1073743666666667,0.1721853738029797,0.0
0.3259502433333334,19.510175486758058,0.5774191974041631,9.685018999999999,1.22460812,0.219585711757342,0.0061667760213216
0.20198678466666667,20.060156093290107,0.6072231049290188,8.609727,1.1238881,0.2088722238938013,0.0
0.11839156333333334,22.391106003832835,0.6339482036818821,8.936909,0.8119105333333333,0.20705003539721167,0.003892660140991167
0.17091036333333331,22.334306170485913,0.6077483352375176,9.491472,0.8517751533333332,0.21816057463486985,0.0
0.4918211966666666,21.685842998163007,0.6034985956608923,8.316358666666668,0.84876862,0.19946117699146262,0.002071539560953767
0.42577558,20.237431272052234,0.5654598691799887,9.025101,0.8386160833333333,0.209368497133255,0.0036974747975667007
0.227241328,23.756131922867954,0.6489667216919526,7.380506333333334,0.9358554133333333,0.20964721341927842,0.0016379356384277
0.23388703,24.222635843347344,0.6816157339227176,6.504372766666667,1.1032761800000002,0.19515524804592133,0.0012482802073160667
0.25013645333333334,23.219843574440105,0.6548472832571717,7.016370233333333,1.0891416333333332,0.1899097512165705,0.0028350353240966333
0.22287791999999998,24.213095971003554,0.6667565100119898,7.082714266666667,1.1663656333333334,0.17833691835403434,0.0015367666880289667
0.14978020666666667,25.116849737048906,0.6812001857811844,7.239417366666667,1.03549389,0.1803072442611058,0.003427346547444633
0.2575877033333333,23.224711916579896,0.6249897359604567,8.122202333333334,0.9092371899999999,0.2051944310466448,0.0025428136189778335
0.207440351,23.628933116748897,0.6406708109695053,8.176562333333333,1.0865226233333334,0.19924631714820853,0.0046280225118000996
0.16502585666666666,23.628591495984892,0.6471023346700188,8.291517333333333,1.0570038466666667,0.17279731730620065,0.0031928221384684
0.21834279666666667,22.861420535641713,0.6205497486090608,8.765963666666666,1.1007899,0.18195672829945875,0.006508986155192033
0.11358005,25.170506893895652,0.6367210785756529,8.633562533333334,0.9439063133333333,0.21157968044280998,0.006901105244954399
0.14358921000000002,23.700407920800263,0.6230561330706507,9.512517,1.04051494,0.22412213683128357,0.004803498586018867
0.15476418333333333,24.15355903769024,0.6384536939407045,8.026159999999999,0.9928346666666666,0.2082782536745071,0.0
0.11879067466666667,24.272585026875216,0.63647809891963,8.600214233333334,1.03098942,0.20738418400287628,0.0013521512349446334
0.28801730999999997,26.247278551672036,0.696035634316894,5.723556899999999,1.19271409,0.22590134541193638,0.0009835561116536334
0.25618904000000003,23.756381572777553,0.6497223260379125,6.705120666666667,1.2234554666666668,0.23093323906262717,0.0013237794240315666
0.11168074333333333,25.54156729232803,0.6764657967003053,7.1828286666666665,1.0064156333333332,0.21080645422140756,0.0023734569549560334
0.11515058666666667,24.08299623947076,0.6357976207333716,8.241386833333332,0.83794915,0.251352772116661,0.0007888476053873666
0.15278409666666667,22.610547565396633,0.6280167572775235,7.3180925,1.1718018133333334,0.25799602766831714,0.006253401438395134
0.07614532866666666,24.226285410389057,0.6314592802100933,8.234210333333333,1.1139516666666667,0.24508232871691385,0.0
0.10503656866666666,23.997929031286347,0.6567954465656797,6.949412266666666,0.9238760500000001,0.2265422145525614,0.0026563803354899
0.13046016400000002,24.365887091628057,0.6782983975681574,6.5165739,0.9912070666666667,0.223107174038887,0.0034810702006022004
0.11050164,24.818228446606316,0.6922876149270146,6.139797866666666,0.9087654333333334,0.22998625536759695,0.0021382967631022
0.11674771333333334,25.328789471133224,0.7268993866037651,5.534960300000001,1.3865459666666666,0.2590126246213913,0.0011720657348632667
0.085081317,24.416839838566165,0.6792747354498524,6.7586989,0.8686798333333332,0.2533503274122874,0.005383173624674433
0.26849827666666665,20.639731950672655,0.638864538391509,5.7520617,1.2428526166666665,0.21526437004407242,0.0040826002756754335
0.11580817533333333,26.0711217256201,0.7298839459969981,5.0171974666666665,0.9035643000000001,0.20701439678668976,0.0032194455464680666
0.22378846333333335,23.668873265687164,0.6919135557033916,5.076472166666666,1.2992678333333332,0.2042104254166285,0.0035955111185709335
0.11874264333333334,26.25146900170603,0.6825308589777448,8.274372666666666,1.3676764,0.19285038858652112,0.0033458868662515997
0.19214683333333335,25.14300056552483,0.7022805617702165,6.419345566666667,1.1528935866666667,0.1514183531204859,0.0043309529622395666
0.20939300333333333,24.23859301209552,0.7006228796207785,5.4937082,1.1804204166666665,0.14138682434956232,0.002867539723714167
0.36476901666666667,21.439897129073646,0.6202585023945263,5.478091266666667,1.22964,0.1504385322332382,0.0015718142191568998
0.35948599,20.889653905227483,0.6295138136991274,6.039444766666667,1.5231174,0.1679954379796981,0.0
0.19403759466666667,22.901999714213503,0.6454564366983817,7.095848533333334,0.9348042,0.17637444287538528,0.0055785179138183
0.35086128666666666,21.29053199986352,0.6373079874095803,6.220537833333334,1.3954325333333333,0.16900435090064994,0.004893382390340133
0.17578833666666668,21.659607733967363,0.6387685634112782,7.374362666666666,1.1343117,0.19406145811080933,0.0024621486663818333
0.28252752999999997,21.600955759628345,0.6736465212534578,5.947961733333333,1.4227987466666665,0.20310867329438523,0.003327210744221967
0.21788566666666667,20.06735728040287,0.6274405609132321,6.246396900000001,1.2895426333333333,0.2116599877675374,0.005035479863484666
0.15586290333333333,21.293070171823814,0.6279652385057338,6.8062449,1.0965542666666668,0.20320246616999307,0.0027577877044677665
0.17284707200000002,21.809350845599422,0.6656755256775425,6.3942358666666665,1.1650025333333334,0.19907540579636887,0.004065752029418899
0.150485958,21.863792302708077,0.6364029921174442,6.8494368,0.9031071933333332,0.19823390245437622,0.007521073023478167
0.10670287433333332,23.639454581383927,0.6818129186202011,6.7409498,0.9578819466666667,0.17321559786796561,0.0034497578938802002
0.07431407766666666,25.47210009457019,0.6964591068922988,7.428329333333333,0.8551475133333334,0.19559993843237558,0.0
0.12006423666666667,23.605563805754645,0.6802765602121861,6.841212466666668,0.9853977866666667,0.18951899806658423,0.004074573516845667
0.13523645,23.104226992744348,0.6659824373729853,7.167849433333333,0.9160961333333333,0.22060803572336826,0.004302660624186167
0.12964791666666667,22.821349223648372,0.66233730091932,7.336803933333333,0.98772698,0.21176309883594513,0.004953781763712534
0.14785855,22.67914406585811,0.6537530052948616,7.143308833333333,0.86471937,0.19743998348712918,0.0052104791005452
0.10255256533333333,23.64607479034524,0.66629941166675,7.853349999999999,0.94594496,0.21048821012179053,0.0017033418019612332
0.14051434399999999,22.640768533356873,0.6352909936901153,8.188980966666668,0.8990817799999999,0.2362475742896398,0.006366411844889268
0.11473641066666666,23.977003121088458,0.677498175132086,7.649928299999999,0.95139012,0.1900097032388051,0.0033528010050455337
0.1380991983333333,22.989587474181807,0.6539073637706653,8.396096666666667,0.9579812966666665,0.1842747628688812,0.0034246444702148
0.1686023613333333,21.911787484561142,0.6245719453929163,8.961635,0.9721786,0.20475431780020395,0.005017518997192333
0.1192896,23.866675386554107,0.6514889058918842,8.739427833333332,0.8999714333333332,0.21157909929752347,0.002165079116821267
0.12417804666666665,22.735169581261925,0.6030256200874753,10.188631833333334,0.7979451766666665,0.24263449013233185,0.007155497868855733
0.149825265,22.896559940469118,0.6406853697843538,8.816718333333334,0.8746527333333334,0.2213925619920094,0.0020016034444173
0.17043009033333334,23.070051461380615,0.6276818897524085,9.193033333333334,0.8037683166666666,0.2190021028121312,0.005924940109252867
0.12563383666666667,21.992531270643628,0.5952343213000825,10.528191,0.7832648466666665,0.2451557070016861,0.0019726753234863
0.11654252,22.602985606985403,0.6175146763306031,9.582360466666666,0.7758816333333334,0.21741693218549094,0.0022749900817871003
0.18032201,23.373736343704422,0.6631242652722298,7.1195308,1.1226178466666668,0.21120722095171607,0.0010265509287516
0.11319629599999999,23.48076750338771,0.6386384216706772,8.192343533333334,0.8876567799999999,0.21604838967323303,0.0
0.26230684666666665,21.823797949125126,0.6565854300318256,5.809092033333333,1.1467171,0.22892052928606663,0.0
0.33452432000000004,17.827872751606034,0.5729550493365854,7.4884607,1.8123650666666666,0.29230164488156635,0.005186239878336566
0.06967570199999999,24.187834122597536,0.6544255246119759,7.5493182333333335,1.1011425166666666,0.2691699465115865,0.0029665629069010337
0.13089008166666669,22.237545296646307,0.6447987842978006,7.496583333333334,1.2337487666666667,0.23409192015727362,0.0025109450022379335
0.09113665066666667,24.714863106569396,0.6960838291493076,6.446521700000001,1.1131026000000002,0.19518437981605527,0.0024091402689615667
0.12295995066666665,20.92895632774311,0.6066016123803069,8.582551666666667,1.2594415,0.3057715793450673,0.0027173360188802002
0.116126041,22.242295056038603,0.6266781470361841,7.716174766666666,1.05996149,0.24124059081077576,0.004937728246053034
0.19966320999999998,17.216456268528567,0.5249496389099151,21.033248,1.3381839666666666,0.28640787303447723,0.004835287729899066
0.199060985,24.664284537161645,0.5903614190167513,9.975189333333333,1.0923029566666667,0.17621967693169913,0.0035083293914794666
0.3253540626666666,26.466699440118703,0.6543228722796758,7.053439633333333,1.1114713999999999,0.19195243219534555,0.0032931168874104333
0.3465396893333334,22.682126217982184,0.6132668094186647,8.842632333333333,1.3718604666666667,0.17335714151461915,0.0033801396687825336
0.5501421733333333,21.46237983146804,0.5679512192742114,8.561789666666668,1.2797704133333334,0.20987279713153836,0.005673329035441033
0.34340022500000006,23.499240200411993,0.626580924464983,8.1213629,1.3053853666666666,0.16988395899534223,0.002843538920084633
0.36374733733333336,22.764792597635736,0.5941985226720433,9.537211000000001,1.0606958533333335,0.19938157747189203,0.0030224323272704666
0.198014885,22.574721775395673,0.6188348717439218,9.585519333333332,1.0025971800000002,0.19068770110607147,0.0031195481618244664
0.174164358,24.164557985916858,0.6404661568061168,8.771756666666667,1.0033087533333334,0.21687683959801993,0.0045832792917887
0.15164800066666667,22.341116539160097,0.6350471551426106,7.723399,0.9572641666666666,0.20174492398897803,0.0034036636352538997
0.26146602933333335,22.637614596383575,0.6524280385272893,6.5530739,1.2991763,0.21271088471015295,0.0040620962778727
0.171559617,23.318619813187613,0.6461093079253114,8.039185999999999,1.0973751666666667,0.2239456077416737,0.0046953360239664664
0.153661062,23.632925704919177,0.6422917691885495,7.9693988,0.9213469,0.20640405019124344,0.0040934880574544
0.14997791333333332,23.906264853791843,0.6694762119631003,7.325265633333334,1.0576322200000001,0.19986362258593235,0.0023895899454752334
0.11388425833333334,25.22401036095826,0.6679613603078215,7.720114566666666,0.9137045466666667,0.21333759526411686,0.0014721552530924335
0.146665819,23.881155227663555,0.639258035643301,7.8085365,0.7970136666666666,0.22645449141661325,0.004981279373168934
0.11868909666666667,24.919086381642543,0.6769467601464257,7.309403966666667,1.0200775333333334,0.20627617835998527,0.0
0.24172272333333333,23.769370204406954,0.6504847294611734,7.098559066666667,1.1849190433333334,0.2137079983949661,0.0049197673797607
0.39503304533333333,23.040781198367142,0.637194985742703,7.180346333333333,1.3225166,0.2073135475317637,0.0049916903177897
0.14227071566666669,25.848739048710843,0.6699276946430803,7.749554266666666,1.1428252333333333,0.20159555226564405,0.0016279220581054668
0.20934314899999998,22.69683471177022,0.6193878685179283,8.712649233333334,1.2197746666666667,0.20375735561052952,0.007991234461466434
0.2725152383333333,22.458303313887242,0.599995126102511,9.20063,1.1648323333333332,0.2105658948421478,0.0016071001688638998
0.2697128833333333,21.66498843975157,0.6129653978128674,8.708751666666666,1.12469288,0.21021718283494314,0.002730528513590467
0.27179022333333336,22.265934701971915,0.6100616746158048,8.557857,1.12275778,0.20647878944873807,0.0029395421346028335
0.2866904833333333,21.262648066919947,0.588217338045771,8.612966333333334,1.0667799766666666,0.2570682366689046,0.0013379255930582668
0.14943679466666668,22.64697805933521,0.6014429240221505,9.446529333333332,0.7891062666666667,0.22365982830524445,0.005763371785481734
0.18317122466666666,22.164448534640968,0.6148689620962488,8.689047,1.1460485466666668,0.22143627703189847,0.0044640700022379
0.26271443666666666,20.020885991465327,0.5923685507822105,8.952201333333335,1.2293481,0.21529986461003622,0.0057098070780436
0.14750160199999998,24.49402096947564,0.6818778737327459,6.491164266666668,1.2748816666666667,0.21796620885531104,0.005427678426106734
0.135557293,23.404408279116826,0.6182369991987025,8.104196,1.0310614666666666,0.23006942868232724,0.0033884843190511
0.093031325,23.54932763138036,0.6312949766847794,8.696109,0.9745312466666666,0.21812001864115396,0.004960219065348267
0.07696758733333332,23.756106562563456,0.6223561802888132,8.560427666666667,0.8404685900000001,0.2382148106892903,0.0026687781016031665
0.08827364199999999,23.94843451255059,0.6376246142947734,8.357526499999999,0.9758295666666666,0.22474253177642822,0.0019174416859944335
0.12483380666666666,23.33700198496121,0.6628801324340207,7.054653266666667,1.0934978,0.24182305733362833,0.0020645459493001
0.27107057333333334,21.842048253492234,0.6508306525928441,6.5158557,1.4525137,0.23440890510876974,0.003823836644490533
0.14726545666666668,21.817848444637743,0.5501053211092689,12.423685666666666,1.22759105,0.25000727921724314,0.0
0.27110131,23.530314041115105,0.6646166032096488,5.767764033333333,1.3119206333333333,0.16826327641805008,0.0
0.170225968,23.868303045819157,0.6529963883522734,6.483253033333334,0.9387674,0.20173645516236619,0.0021761258443196334
0.22309604633333333,24.433517739129787,0.6563515067964875,6.9261853,0.93596739,0.19458373884359992,0.0025022824605305666
0.18773823199999998,23.701047164174454,0.6531499671096704,7.315810333333332,1.0067849000000002,0.20942937831083933,0.0020084381103515334
0.12839486666666666,24.74004565831457,0.7011489836566982,7.4556786666666675,1.2507757666666668,0.1838333879907926,0.0
0.23655385666666665,23.295116016080712,0.6881195700818189,7.269690533333333,1.53326652,0.18459084878365192,0.0013944307963053334
0.23496761666666668,20.582653414486312,0.6211427441691518,8.323759,1.3642762666666666,0.1932830661535263,0.0018399556477864335
0.24207919666666666,21.008746856852465,0.6155434163714756,8.060166166666667,1.2702258666666666,0.20302804311116537,0.0022955735524494997
0.4772895766666667,19.79537102699656,0.5748446636960248,6.667097000000001,1.2989421099999998,0.22845751543839768,0.002009789148966467
0.30014032333333335,20.879881924479957,0.6166579227041966,6.476125433333333,1.1279313333333334,0.2002067118883133,0.0013360182444254335
0.241996921,23.289416637634805,0.6808570437922624,6.367378900000001,1.3895458666666665,0.20394013822078697,0.001252810160319
0.26977550833333336,23.68646028499997,0.676918826838183,6.111354766666666,1.3241416333333331,0.17364729444185892,0.0026880105336507
0.19013739533333332,24.243412883530524,0.6866065135915687,6.332308133333334,1.1414034666666666,0.18291518588860825,0.0039269924163818
0.22866794199999999,23.15140045707632,0.6738867709377089,6.345872533333332,1.17882985,0.18623358011245725,0.0033770402272542
0.33256274533333335,21.972386751869333,0.6412268069514121,6.8199631,1.0886682333333333,0.20821808775266012,0.005894104639689066
0.2967732966666667,21.971799371139408,0.641123314370728,6.974292566666667,1.0644817166666665,0.21139242251714066,0.0033566951751708668
0.17742963666666667,22.78182426626455,0.646963808757164,7.0740822,0.9718753333333332,0.21887524922688795,0.0046130021413167
0.22736475333333336,23.10207630199486,0.6627980657648203,6.949732233333333,0.92539675,0.18580014010270432,0.004628419876098601
0.3085405966666667,20.502547579676165,0.616451914406289,7.138714466666666,1.0788008533333333,0.20855667193730668,0.0014156500498453666
0.23897002333333336,20.47798693438031,0.5790266450358176,9.198283666666667,1.0786155666666666,0.2461601346731185,0.0024863084157307667
0.18256856,21.8117042822079,0.6051045862256009,8.433894433333334,0.9986111666666666,0.2342186520497004,0.006099383036295533
0.15609639333333333,22.419676750590508,0.6428374812542278,8.4029819,1.048773,0.19490908583005265,0.0008323987325032333
0.15778576166666666,22.896187508768843,0.6374227810556178,8.500865,0.7896603666666667,0.19128005206584922,0.004654884338378867
0.11097433333333333,23.765379130378587,0.6462938309099105,8.599055333333332,0.7515649866666667,0.180177167057991,0.0009172757466634
0.12920286666666667,22.486115910827397,0.6117719837598907,9.252090333333333,0.7126058433333333,0.19846741855144498,0.0013135274251302
0.23874648666666665,20.374491552905265,0.5828241017471839,9.462162666666666,0.8967531000000001,0.21097564200560248,0.0027199586232503
0.221689214,18.983364653170934,0.5485118464618434,10.610538333333333,0.7641330666666667,0.215686688820521,0.005106290181477833
0.12268580466666668,20.91461985525834,0.5764638350271024,10.714460666666668,0.7250568833333334,0.24861750006675712,0.0018034776051839
0.22978799000000003,19.56668386176727,0.5752312719196545,8.401705666666667,1.13638345,0.23258364200592033,0.002176046371459933
0.24608081133333334,20.81994851937403,0.5950401322439621,7.803637666666667,1.21454218,0.26911432544390357,0.002009471257527667
0.18149596133333334,20.598374988759577,0.6006361734588563,8.2355785,0.9747795666666668,0.2296121617158254,0.0
0.10938002833333334,20.825821073059856,0.5922676109877799,8.664366666666666,1.0344677333333332,0.26800039410591125,0.004710992177327434
0.23805763733333332,22.53514880385723,0.6351101880354661,6.193187433333333,0.9784269999999999,0.23537283639113107,0.0
0.06843091966666667,25.188409036205893,0.7077639396607053,5.6117330999999995,1.0650275,0.18583239118258157,0.005276044209798133
0.176633449,21.46359373972128,0.6787531009958236,5.715956433333333,1.4027788433333335,0.23672408113876978,0.007199287414550733
0.19202480333333335,16.487868787327013,0.4937767198572089,23.329733,0.9875809666666667,0.2687144080797831,0.005750735600789334
0.42206773333333336,15.167816161785993,0.49404531854248956,17.936625333333335,1.5825293333333335,0.34825780987739563,0.006169319152832
0.13788776,23.871671478070493,0.6142518697568541,11.266542666666666,1.1596516866666666,0.19007977843284599,0.0
0.2196199,20.6097076377258,0.5715268016450673,11.345926333333333,1.4667901333333333,0.20796832442283622,0.0042433738708496
0.2017769083333333,20.62993186035615,0.5576779699745466,12.220880666666666,0.94549005,0.23442527155081427,0.0013380050659179668
0.22459692099999998,20.24449018745226,0.5490905367716802,13.193572666666668,1.2013060666666668,0.22286469737688697,0.0
0.25282340999999997,19.9723329588238,0.5411911284093532,14.387016666666668,0.77863906,0.2505864550669988,0.003998994827270433
0.26478082333333336,19.30876536213162,0.5392883935000731,12.736354333333333,1.1376410000000001,0.22791822254657745,0.003383715947469033
0.19409008500000002,20.51012485840859,0.5535808935471705,12.781043333333335,0.9378361966666667,0.2264482180277506,0.0027067661285400334
0.2577175566666667,19.04501879537172,0.5550251904209924,12.138484666666665,1.0408366,0.20760210851828254,0.0
0.12041364533333333,21.07180211462988,0.5968340909877452,12.118957333333332,0.9307386666666666,0.18886720637480411,0.0045771598815917665
0.5367876933333333,17.27032150717627,0.5200340514135243,11.354866666666666,1.3953396333333332,0.2527631421883901,0.0048221747080484665
0.15949764800000002,22.541377309603146,0.5826588420102773,11.308701666666666,1.03276831,0.22800924380620316,0.003446261088053367
0.2577633833333333,21.241061230328643,0.572886036258336,10.286112666666666,0.9277648633333334,0.2171724885702133,0.004668951034545867
0.24311158333333335,22.422927708810892,0.5674635196160135,10.001899,1.12417906,0.2461092223723729,0.0
0.23867744000000002,22.520512735271627,0.5824406629050759,10.142362,1.0009491666666666,0.23524958888689673,0.0024425188700358
0.08652190133333333,24.90134393044222,0.6207809307796194,9.881735666666666,1.02514235,0.21353797117869053,0.004300276438395134
0.10510438633333334,24.12342956736806,0.609235842437514,9.628125666666667,0.8744937,0.2121030489603678,0.004180034001668233
0.16556787233333334,22.677288431717106,0.6139921344100985,9.208385999999999,1.4146608333333333,0.2014958163102467,0.0027797222137451
0.14494826200000002,22.465880728497698,0.5865974637665196,10.524381666666665,0.8206560333333334,0.20516406248013178,0.007336457570393834
0.26500685333333335,21.6908235580364,0.5782876560524971,8.957059333333333,1.4937024,0.2483303050200144,0.0054412682851155
0.16063693766666667,22.454932285331296,0.6069144073611171,9.888457,1.1564804333333336,0.1973421523968378,0.002995967864990233
0.16174767,21.99129635170266,0.603948495975528,9.890450666666666,0.8300320966666668,0.20106575389703107,0.006174087524414032
0.10076393,23.19062239746698,0.601416811546962,9.467807666666666,1.0300970999999999,0.250116874774297,0.0
0.07438080433333334,24.32319060322773,0.6075894687573934,9.855814666666666,0.8500340566666665,0.2277423540751139,0.0033777554829915336
0.07421249533333334,24.629663455297884,0.6480623856453799,8.575391666666667,0.96769505,0.21219178537527716,0.004443327585856067
0.18745477933333332,23.506249001561695,0.6217157305970796,7.8754035,1.2185833533333332,0.24497798581918076,0.0015836556752522669
0.11696717266666667,20.61423814975761,0.5655507858460381,11.224463666666667,0.94215772,0.24396066864331564,0.004328330357869434
0.10001672,22.11699510000702,0.5982227207431318,9.578200833333334,0.9976325866666667,0.25290876130263007,0.0017678737640380666
0.13044804666666668,20.459806228597976,0.5833877199420602,10.367819333333333,1.1580944766666668,0.24389604727427164,0.0007044474283854
0.05517942666666667,22.83165382057824,0.5818034300071168,10.558132666666667,0.93365555,0.280827060341835,0.0026143391927082997
0.13128416833333334,20.27420798417714,0.6033202086909292,8.668927566666667,1.1893442,0.23507065077622732,0.0
0.099118257,21.82200622077119,0.5926651709794281,8.653832666666668,1.0276204466666667,0.239078680674235,0.004215399424235
0.59845666,20.65576949614667,0.36876513099854735,2.9982519333333335,1.0006291666666665,0.08021873980760566,0.0
0.3336518216666667,20.602206801596292,0.4424616524163321,4.218505866666667,0.94944755,0.10695520167549448,0.0
0.25202562,19.505301014224045,0.4494716170374667,4.8708545333333335,0.7973943333333334,0.13121619820594785,0.0030165513356526334
0.16653415000000002,20.566729248778614,0.5100800718817416,5.6915591,0.87968495,0.13999277104934055,0.0018658638000488002
0.161233645,19.779047091168298,0.5193325099903267,7.5218313666666665,0.7406361033333333,0.15935953954855597,0.0015239715576171667
0.14590386666666666,19.053613157943175,0.5419732998576645,8.824383333333333,0.90408298,0.18483616660038626,0.0039249261220295996
0.11931406333333335,19.953185092502533,0.5874905710979533,8.596897166666666,0.8588157366666667,0.17992466191450754,0.003339687983194967
0.11512967066666668,20.917861447891383,0.6160151328190927,7.891870999999999,0.8791806866666668,0.17484941085179648,0.0011129379272460666
0.08430124166666665,21.30897742239013,0.643539954398233,7.956353466666666,0.7902137333333333,0.1745179841915766,0.004163583119710267
0.08972308466666667,21.053783523835794,0.6261634467375697,7.521860199999999,0.9949337000000001,0.20044363786776856,0.0046607653299967
0.0676559,21.462541077932418,0.6253462438411531,8.22643,0.9220246666666667,0.19240572055180863,0.004819472630818666
0.11037610399999999,20.71366145626742,0.6077806047201336,7.732972233333334,0.9279063900000001,0.19618292649586988,0.0024425983428955
0.11352873000000001,20.329987543598758,0.6325462964700347,7.4460249,1.0118791333333332,0.19312995920578635,0.0011593500773111668
0.07929578333333333,21.545221850791524,0.6545195140937996,7.468123333333334,0.9821599000000001,0.22842240333557126,0.0016644001007079668
0.09923186533333334,22.406439199376056,0.691870139255054,6.5838303666666675,1.0147659133333333,0.20775483548641205,0.0030888716379801006
0.11933563166666666,20.936823227698905,0.6361763768428205,6.470380966666667,1.0769662,0.21743109822273246,0.005289316177368133
0.17857784000000002,20.73176411274272,0.6642085745560161,5.706071433333332,1.1314407666666666,0.17978762586911512,0.0
0.22362253,19.883887367966345,0.6611807437369934,5.708979333333333,1.3773841666666666,0.202947569390138,0.0
0.16151561333333334,21.40129322429033,0.6768728848855076,6.104233799999999,1.2894692333333333,0.21986470123132065,0.0068911711374918
0.13867661333333334,21.86493406399912,0.6741236484830201,5.909416566666667,1.13233172,0.18731805185476938,0.002006848653157533
0.10291048666666668,21.906823724466324,0.6323011274543382,7.176011133333333,0.9775227333333335,0.24724051853020987,0.0
0.04982452966666667,23.48812785272722,0.6698516278135749,8.157027133333335,0.9560959333333333,0.23868186275164283,0.003006140391031866
0.064894725,22.398014512613724,0.6512091293805178,8.086576233333332,0.92557205,0.23060641189416245,0.0029469331105549997
0.061493679,21.523424526246828,0.6187024739506184,8.784956666666666,0.8984361000000001,0.2692038317521413,0.004498402277628533
0.06237097,22.314380476730353,0.6270324238156728,8.355095866666666,0.8465232833333335,0.2502147406339645,0.0013968944549560332
0.11264069333333333,20.71986518589932,0.6532931029217953,6.7929734999999996,1.1439570000000001,0.215320552388827,0.0027356147766113
0.10606278166666666,21.006699770713084,0.6409546200920232,7.017598899999999,1.0230115133333333,0.22451028227806089,0.0027458667755126663
0.12498518133333332,20.605070897493622,0.6433002081748913,6.905421266666667,1.2304992666666665,0.25326773524284363,0.0
0.13439713833333333,20.675737300019374,0.6485046041794962,6.741700566666666,1.2098672666666666,0.23468000690142313,0.0033744176228841
0.09343149499999999,22.061242288998056,0.686755377142999,6.610105433333334,1.1382123333333334,0.21642947445313135,0.0012702941894531
0.068166376,21.4270311231318,0.6707296124588256,7.0582173333333325,0.91309502,0.17787668605645493,0.005080143610636367
0.144694086,19.566746832380176,0.6458066132610781,7.100386566666667,1.1628142533333332,0.20419783393541968,0.0
0.17541482666666666,17.14268706082809,0.4926086767200406,24.149777,1.3006798433333333,0.3378959794839223,0.0045821666717529
0.16252051466666667,24.37498931431563,0.5982811558194543,9.354149,1.0695170166666665,0.17245968679587043,0.0037573973337809
0.376362321,23.909372483009278,0.6082845261121209,8.537819666666666,1.3659388666666665,0.17726789911588028,0.004931926727294866
0.3887973533333333,22.68782750942913,0.6407758213120127,7.228112500000001,1.8987944666666667,0.17293290297190347,0.0038414001464843334
0.6596431976666666,23.5370680607399,0.618625942363697,7.298213999999999,1.4789014133333334,0.19138234108686444,0.0037612915039062
0.4263113200000001,22.55102206176083,0.6428056196213858,7.358134700000001,1.8831941666666667,0.1966732790072759,0.006708780924479134
0.2950977483333333,24.292673565708053,0.664173401826975,7.007857166666668,1.1656461666666666,0.1735676129659017,0.004028161366780567
0.18584532666666667,24.453373832208683,0.6594738016281197,7.923272999999999,1.1706801533333333,0.18757047504186627,0.001973946889241533
0.3339213353333333,23.781613232788132,0.6513293100914183,7.415300566666667,1.16216699,0.1824436162908872,0.0033492247263590333
0.23910117333333333,23.97500862335801,0.6741434210013523,6.9637519333333335,1.0587626933333334,0.18298702190319693,0.0021215279897054
0.30604277333333335,22.80305594095921,0.6400202445585407,5.8188450000000005,1.1260367500000001,0.19303727398316062,0.0038101673126220334
0.25650557533333335,22.775893639754788,0.6450310857184443,6.263314333333334,1.0663873433333333,0.1866962711016337,0.0062479178110758
0.23358784833333335,24.937371411016056,0.7013136235548011,5.802151599999999,1.2689017,0.1621970807512601,0.004736741383870434
0.1885589,25.834825550884805,0.69357810952484,6.4533513000000005,1.0923384,0.19476781040430066,0.0017814636230468665
0.30791039233333334,25.357947980783138,0.6708321395284802,6.435662600000001,1.03047635,0.1884027520815531,0.0020461877187092667
0.611010174,24.804668565233737,0.6661529178961613,6.2482152,1.7660920333333332,0.19722300519545866,0.0013385613759358667
0.3719026183333334,23.59569896145099,0.6591599399658592,6.326361566666667,1.2863875666666666,0.18636905650297797,0.0042496522267659
0.153962322,26.508366861097542,0.7147580069644137,6.4658883666666656,1.1133964666666667,0.18288226425647733,0.0014723141988118
0.28373142333333334,23.13047452229831,0.6354722449999587,6.927738566666666,1.0631992199999998,0.2057647109031677,0.0042785008748372
0.25494626800000003,23.03606377771696,0.6231791200808099,7.723643200000001,0.7560214933333333,0.21026244262854257,0.0013086795806884668
0.36500685000000005,22.189754118022023,0.6262007703798256,7.063809333333334,1.2360396166666665,0.20427908996740973,0.0007643699645995999
0.19942026333333332,24.20917648265504,0.6675500485497675,7.278906566666667,1.1007981333333332,0.18704277276992798,0.0044733683268229005
0.6365479553333334,20.683027508005924,0.5848705791731027,6.794713766666668,0.9990449999999998,0.18101093669732413,0.0010579427083333333
0.3001801766666667,22.70169130913261,0.6521307943635893,6.9511106,1.1519297999999998,0.17673228929440177,0.0026142597198486
0.33353318000000004,21.714800190374806,0.6414249605949599,6.925881966666666,1.1395182333333334,0.16788089772065476,0.0015039443969726335
0.4151300133333333,20.40500771204994,0.582839867303306,8.237223666666667,0.9362651666666665,0.19063510497411087,0.0027079582214355334
0.16568568333333333,22.817533579012863,0.6339295746905823,9.047732666666667,0.9472357533333332,0.17088216046492255,0.002484321594238267
0.26331578333333333,22.493696751585443,0.6168179003808006,7.94301,0.7436275166666667,0.18136374652385712,0.0035346349080403335
0.33002258,21.701281238663324,0.6138707094861179,7.775501600000001,1.03594239,0.20100008199612296,0.005045016606648733
0.22353900000000002,22.35341428870002,0.6438943081015173,7.314132666666667,1.1056074,0.18943603833516431,0.0022676785786946334
0.21412732666666667,21.605191752016765,0.6315100294305073,7.4465192,1.06459568,0.19242968410253525,0.0026839574178059663
0.18825868,20.03161798544336,0.5972464614349139,8.943088666666666,0.9352329866666667,0.1963437696297963,0.0
0.3760965633333333,18.58935318092708,0.578519980247914,8.583037,1.6407108566666668,0.2293463051319122,0.007064978281656834
0.169999602,19.684644710504106,0.6185988952643376,8.012751399999999,1.1178195333333332,0.1862496957182884,0.0043122768402099
0.204216335,18.283007070365617,0.5501709367558486,8.443489333333332,0.9545907833333334,0.23943491776784254,0.0018778642018636002
0.07035813466666667,20.474004523890567,0.6209583058162584,8.505061666666666,0.6451407433333333,0.20398092766602827,0.0006701946258544666
0.07833082533333334,20.06560327019146,0.6181479332717464,8.260828433333332,0.5784271633333333,0.2221827656030655,0.008341789245605432
0.10272373933333334,22.391722457752564,0.6751719143364542,5.915421666666666,0.9854841333333333,0.20055243869622544,0.0049630800882974994
0.09818341166666666,24.158824527748013,0.7015978686636825,5.5669605,0.9499920533333334,0.17463565121094385,0.005646069844563766
0.08675552633333333,23.180782297036675,0.6803710500701164,5.370569633333333,0.7266718533333334,0.18339900672435758,0.0033429463704427002
0.10846116466666667,17.19922507161957,0.5375592413132063,26.779873999999996,0.8444634433333333,0.2516337086757024,0.005339781443277967
0.45959372133333326,26.41346048605244,0.6869495802384765,5.840898500000001,1.0823498,0.17100120584170023,0.0
0.5549018666666666,20.736004090427603,0.4333831147992944,4.013343466666666,1.1749805666666668,0.10115551700194673,0.0045705636342366
0.3020624333333333,22.230399567743877,0.5072647315099782,4.447813,1.1180615866666666,0.10618240137894941,0.0028990904490152664
0.43241947,19.633468959441714,0.3969227071431618,5.4590475666666665,0.9801701,0.11702693998813622,0.006344079971313432
0.28138709,20.691488091619792,0.4831216062301216,6.015530233333333,1.0572789333333332,0.12226157883803045,0.0067505836486816
0.23396479999999997,19.65015945987846,0.4407833425528806,7.226216999999999,1.0045292666666668,0.14798594017823533,0.0020662943522135333
0.26425652000000005,18.85668705477791,0.46977870078556766,7.644778666666667,1.1299023000000001,0.155006597439448,0.0033520857493082663
0.16939046066666666,20.170708231336835,0.4777775044090317,7.965664033333334,0.7553009166666667,0.14327760040760032,0.003506024678548167
0.22885412666666669,19.399613853994538,0.45363998769826486,7.5384447,0.8862895666666666,0.12672899911801017,0.004924376805623333
0.21914660333333336,19.86213944522851,0.5057984253775035,6.908459166666667,1.1388111666666667,0.15069837868213654,0.0070511500040689665
0.19744872,20.025870624945124,0.5057496351258843,6.504879466666668,0.9585593333333334,0.15165747702121732,0.0027050971984863
0.12133197666666666,21.051370016079627,0.5462234482535954,7.068931399999999,0.93050288,0.17927646636962888,0.0019548734029134
0.13316320533333334,21.091768443307476,0.5572179026508247,6.840779066666666,0.97975662,0.17141454915205634,0.007687727610270134
0.22686380333333334,19.281996480070475,0.4937519508830422,7.244599133333334,0.8234813166666667,0.20545474688212076,0.0031013488769531003
0.09131627466666666,21.919873265307675,0.6045884680243362,6.735782466666667,0.8957020566666666,0.16891687115033469,0.0036656856536864666
0.12824312833333334,20.487749121664873,0.5641775484848017,7.3183939,0.9038409433333333,0.18938469141721723,0.0034788449605305666
0.12980924833333332,21.640565719817413,0.5867609829426735,6.808123766666667,0.8786083866666666,0.18143356839815775,0.0029554367065429328
0.21324202999999997,19.123916512532777,0.5491348074083185,6.608703233333333,1.0724314766666667,0.20096079011758164,0.0033368269602457663
0.166816645,20.461116404141617,0.5970631197155863,6.873895833333333,1.08504552,0.2088173677523931,0.0029910405476887996
0.18061638666666666,19.894491143930935,0.5820183620657042,7.314316533333333,1.1021572333333334,0.20342073837916053,0.002059141794840467
0.17543643,19.41978962285603,0.5569678198874627,7.8491335,0.9303741333333333,0.21829846998055777,0.0062015851338704
0.10046286866666666,21.079618122275505,0.5854767590451634,8.372735800000001,0.9177205166666665,0.24326859911282853,0.0035169919331868335
0.10105650333333334,21.21250415667359,0.6197016435163532,8.473413233333334,0.9697283866666666,0.196379875143369,0.0034815470377604
0.11388233633333333,20.565059841820712,0.5741507551191504,8.8265065,0.72502347,0.2118472258249918,0.0034194787343343
0.09565266499999998,19.409161631703935,0.5430982725033694,10.806008666666665,0.7207422133333333,0.2451402892669042,0.004634380340576134
0.13639130833333332,18.649349776934706,0.5580122754932675,9.144662000000002,0.9110079,0.23051221668720243,0.0
0.14802133,17.97542393676846,0.5260637668204472,10.127937333333334,0.6760939933333333,0.24753635625044498,0.003995339075724233
0.11595128099999998,19.108270425702127,0.5558776600933449,10.004567333333334,0.88328471,0.26934146384398144,0.0029579798380533332
0.16961117999999997,18.38475554884867,0.5609549755965307,9.110078,0.9158782533333333,0.2420820196469625,0.0016448497772216667
0.11846826733333334,21.04489862117902,0.5982747838063266,8.626010433333333,0.8402126333333334,0.21388880908489227,0.0069341659545897995
0.1266655653333333,20.948298609427372,0.6188940257689564,7.510216866666667,0.8188377333333333,0.18890210489432013,0.0010585784912109334
0.11273327,21.231184036603207,0.6648369457176817,6.776981133333333,1.0480867,0.1561790059010187,0.0036377906799316003
0.15693358999999998,19.825726470494576,0.6289758566814431,6.987349333333333,1.1434979,0.1775424232085545,0.0041941801706949335
0.15899501,19.65637945735418,0.6010807148593621,7.2291299,0.9927516000000001,0.1935197959343592,0.0013374487559000333
0.13203129533333333,20.125629472322817,0.607415773186018,7.300890866666666,0.7890411666666667,0.17884529630343113,0.005617618560790999
0.07653757,18.613026599388,0.5032856500944636,27.769640666666664,0.7718539066666666,0.26652048031489056,0.0029677549997965333
1.3641435133333335,22.142758886880813,0.4094612407785656,2.8997002666666667,1.0501883866666666,0.07688167939583457,0.004131635030110633
0.3543025733333333,22.903611323255898,0.306285222765374,2.9336245,0.9955899800000001,0.05692452192306513,0.007302284240722633
0.33593844666666667,20.246803525370304,0.35134196584823973,3.9999564333333333,1.1847525333333333,0.10239067425330477,0.004829088846842433
0.4568179966666666,18.13325898045262,0.28531258245062163,4.251144433333333,0.9771791333333333,0.1051408896843592,0.004852851231892867
0.24219033999999998,20.870771554340383,0.4289970165683184,4.782395133333333,1.0235168666666665,0.098826573540767,0.0020617643992106
0.37094042,17.442172699651366,0.35826158386796836,6.102852166666666,0.9490258666666667,0.13646842290957764,0.005921284357706666
0.22068213,19.854602126973827,0.4878074133892272,6.7612185333333334,1.1190575,0.13307888309160862,0.0053934256235758
0.31946720500000003,19.207163845343903,0.4496364828554946,7.358461166666667,0.9661628200000001,0.1668026645978292,0.0
0.3821024366666667,18.10859333377196,0.44238054989707837,6.426843033333333,1.1226733333333334,0.16749224563439688,0.006127913792928034
0.3693330866666667,17.945728028934855,0.4454199058314634,6.5222317,1.1159640666666666,0.20639398942391077,0.001252015431722
0.23535241666666665,20.128663265582478,0.5336923196627307,6.0983920000000005,1.1715846333333333,0.2148972650369008,0.0032765070597330337
0.14571262,22.079363867222444,0.5926205883185084,5.5242885,1.0679699666666667,0.19777091344197592,0.0010941823323567666
0.138803342,21.201835913185633,0.5867948070985087,6.055364833333333,1.0115421666666666,0.21301823357741034,0.0034711360931396333
0.15148824333333333,20.737280195918306,0.5807879309594366,6.2264641,0.9915481933333332,0.2074918871124585,0.0034643014272054003
0.1281244666666667,20.958331151897866,0.5536891681306791,7.4613129,0.7927628833333333,0.23715790112813315,0.0040312608083089
0.17453508866666667,20.762470642797002,0.5626417543637047,7.144333633333333,0.9632640666666666,0.20530850688616434,0.0028701623280843
0.18494451,20.33195754504892,0.5700945347401172,6.9801539,1.0281162000000001,0.19760307669639585,0.006681044896443634
0.12099184866666668,21.494007255842067,0.6071196945235126,7.389200633333332,0.94910756,0.20776791870594022,0.0050259431203206
0.3472570033333333,18.39043410473603,0.5463587686651187,7.202413133333334,0.9293625166666667,0.2134427229563395,0.0059084892272949
0.185285358,21.025652556357795,0.5901612036098011,6.977248200000001,0.8902929133333334,0.230621392528216,0.0038855870564778335
0.36990697666666666,18.45203502447291,0.5799416806822231,6.040974766666667,1.1854946333333334,0.21250894417365393,0.003518025080362934
0.24133189666666666,20.464705929659758,0.6228801408952996,6.208726633333334,1.1283732,0.21896734833717338,0.0016869703928629335
0.23173575,19.945109845779054,0.5974280013783443,6.223822233333333,1.0256339,0.21070057153701782,0.006046613057454401
0.31957148,19.95736246077153,0.601462087067408,6.129262100000001,1.1267676766666668,0.2236471176147461,0.0033592383066813
0.29600939333333337,20.04064736512185,0.6041101948542136,5.940674733333334,1.0123738333333334,0.22156999011834463,0.0012301603953043334
0.28110744000000004,19.81402707966828,0.6004073363097021,6.1201123666666675,1.0518926533333335,0.21807521581649777,0.004390239715576133
0.23875274666666665,19.30172686299267,0.5764143202940355,6.842671666666667,1.0223881133333332,0.25496359666188556,0.005335092544555634
0.14721632133333334,21.176370772671888,0.6274933611933861,7.00902,1.0557570666666667,0.22574980060259497,0.004679361979166633
0.14182555666666666,19.875027808104495,0.56023195479519,8.230775666666666,0.7700311666666666,0.27064889172712964,0.0027415752410888668
0.12043946666666666,19.532467937965183,0.5760978954381997,8.727458,0.7925237166666667,0.2615814357995987,0.0013391176859537668
0.09818143,20.151385193301465,0.5817329910173215,9.159788666666667,0.62689921,0.26532499492168427,0.003430207570393867
0.08266030533333334,21.2512709345967,0.5982657350992531,8.113193433333334,0.87602453,0.2663411498069763,0.0
0.10008455000000001,21.699324552703775,0.6568909553836355,6.9004036,1.0172497666666667,0.20271537701288858,0.007817268371582
0.17060054666666666,20.08152081854718,0.6265289845740658,6.442698666666668,1.0014172866666666,0.21996116141478217,0.0034904479980468668
0.10414110733333333,22.659591695869484,0.6826030777361113,5.9766495,1.0735495166666666,0.19051863253116608,0.0025059382120768002
0.14840887333333333,21.435198827457324,0.6601360964841924,5.333344433333334,0.9639513333333333,0.18561253199974695,0.002468188603719033
0.13084400833333334,21.535360684430543,0.6623725074833698,5.604067000000001,1.0999922833333333,0.21447694301605225,0.0031408468882242664
0.18559784866666665,20.312163972291433,0.6262293779291631,5.413671333333333,1.01445459,0.218792845805486,0.0006593863169352
0.6365125566666667,25.93508281603977,0.6691950622878569,3.1086608333333334,1.3472903333333335,0.1191201160351435,0.0034189224243163997
1.4145273166666668,19.037578631142893,0.3169799675092226,3.1626597000000003,1.1139775333333333,0.08392350624004996,0.006271600723266567
0.6199280366666667,19.31212943890564,0.35422135602351285,4.093916633333333,0.92716013,0.10011559724807732,0.0
0.3112721666666667,20.110709773661902,0.3775970075185639,4.386857033333333,0.8425186400000001,0.10861920813719428,0.004170417785644466
0.1342691,22.4126406540011,0.4672893614268597,4.983079666666667,1.0701553666666668,0.09861444433530166,0.0034270286560058334
0.18615910333333333,20.46837462841992,0.4161245434503997,5.4577828,0.9971388,0.10891241083542498,0.005032459894816033
0.25047290666666666,18.995275829648328,0.3753287931312445,6.499439266666666,0.98077988,0.14313916862010953,0.0069787502288818
0.3905693799999999,17.6968447330887,0.3849775529431942,5.858765666666667,1.0327757333333334,0.15386895587046934,0.0015425682067870667
0.2911257733333334,19.444422208162486,0.5210826913566625,5.567603766666667,1.1752167,0.1516749858856201,0.006896813710530567
0.21850850666666666,20.516971989907635,0.5214015714426777,5.405031800000001,1.00797852,0.16548848400513325,0.0006856918334960668
0.23846633333333336,19.559649052489263,0.518422578238601,5.2927678333333334,1.0205868999999999,0.19121382385492325,0.0063753128051757335
0.33931094,18.356974081867104,0.5124385962864554,5.342696433333333,1.1000629666666666,0.2199055651823679,0.0016808509826659668
0.22001257333333332,21.885685487917666,0.5846489635406702,4.779839566666666,1.0252081100000001,0.1797737404704093,0.0020879109700520666
0.2605689566666667,19.625353460164302,0.5494464370100349,5.179585299999999,0.9559772033333332,0.22141029437383017,0.0042343139648437335
0.170857426,21.858195338418057,0.6131237062270712,4.934516266666667,0.9779583166666667,0.22633009900649384,0.0026721159617105997
0.20350466133333334,21.121379459578815,0.608146948481053,4.931165,0.9678857533333334,0.24543507397174835,0.0014604727427164333
0.14649601333333334,23.016912286819565,0.6545452258913055,4.4481283,0.9439493566666668,0.2045147269964218,0.0
0.17844023666666664,23.5704215817714,0.6582450594777577,4.387325733333333,0.9743816233333332,0.21069912115732825,0.0012675126393636
0.21522971333333332,22.227836225971398,0.6561651246126564,4.4472344,1.2430618666666666,0.20263284444808957,0.0049343903859456
0.18066142333333335,21.187153995667334,0.6100844139040478,5.578875166666666,1.0765114333333334,0.2504921803871791,0.004914442698160767
0.24082028333333336,19.468226148616285,0.5879662073374906,5.5820421,1.0147755333333333,0.2329876720905304,0.0020473003387451003
0.20336011333333334,19.71634091123076,0.5921646376175366,6.186542266666667,0.9435259333333333,0.20869004726409904,0.0018362998962402333
0.20449421,19.948180096105233,0.572420048177349,7.0167701,0.8226361399999998,0.23255680004755655,0.007281064987182566
0.21112374166666667,20.205565858198394,0.5566806553579055,6.990673,0.7375419999999999,0.2553132275740306,0.0027470588684082
0.09764133000000001,22.069983959713813,0.6138230376918923,6.368628833333333,0.9617615233333333,0.22357950111230215,0.005720615386962867
0.20414527000000002,19.507531417414558,0.5645753756767421,6.729416666666666,0.9438130666666668,0.2702585260073343,0.0058759848276774
0.12007750666666667,22.027802245844132,0.6235865881071421,5.7012319,0.98332258,0.19641103843847907,0.0015250047047932669
0.27760376999999997,18.329548135271448,0.5713238885470827,5.272149633333334,1.1982396333333332,0.19012869646151861,0.0018413066864013665
0.25854652000000006,19.360624118059736,0.5790769818962785,5.0546351,1.1594116,0.19414326548576352,0.006346782048543266
0.21907094000000002,20.247196033894912,0.5782498429320618,5.240113633333333,1.0618344666666666,0.2107262959082921,0.006245692571004199
0.22700679999999998,20.36156050357921,0.5887272519726384,4.897697333333333,1.14598799,0.17705697566270825,0.005270878473917633
0.3268170133333333,18.64381589754944,0.5222699273069044,5.314355366666667,0.9805768666666665,0.21669404705365491,0.0035745302836099665
0.21461486333333335,20.389363146546902,0.585238369763145,5.0890639,1.1890429000000002,0.22595420976479844,0.0051237742106119335
0.127859586,22.44824142806073,0.6222374921137466,4.8193559666666665,1.0387903233333333,0.16598898917436597,0.004482110341389934
0.12876482666666667,21.021327165398016,0.5827053999245774,5.4177924,0.9139429800000002,0.19844530026117957,0.0028680960337320667
0.14831677133333335,20.66224955429197,0.5690024607148632,5.228346833333333,0.9764842333333333,0.18720840414365134,0.0044035116831461
0.17696806666666667,20.09617171107294,0.5397849894085329,4.8022873,1.0073600999999999,0.17819843441247937,0.0019449392954508334
0.12748705166666666,20.192935360615735,0.5731218952803193,5.1156282,1.0576479666666667,0.18007821341355637,0.0040678183237711
0.15320238333333333,19.90988594865536,0.526450035583537,4.632655633333333,1.0485352466666666,0.15908109645048774,0.005110184351603133
0.07539376433333334,18.408649299419032,0.5384545238265624,26.918091333333333,0.7380930833333333,0.19563257694244382,0.0015761852264404
0.48246498666666665,14.465528042361052,0.45762707930298135,19.419166,1.3367829866666667,0.33854392170906067,0.0022838910420735666
0.3844200066666667,25.913511014504895,0.659108854447343,3.515686166666667,1.2491936000000001,0.11969686547915133,0.0013744036356608
0.5688966466666666,22.09915344392675,0.4221744383764525,3.4413419333333337,1.1854827666666667,0.08505517616868015,0.004560152689615834
0.8767847266666666,19.788406575246057,0.36161531803726316,4.1890860666666665,1.0971108999999999,0.10138978560765581,0.0054709911346435
0.4345079233333333,20.528343163431874,0.4315766215289072,5.0946583,1.0529619333333333,0.1122151836752891,0.0035043557484944333
0.2103157,22.21246508363447,0.5178776964888209,6.4684783999999995,0.9009025466666666,0.10541649907827373,0.0032436052958170337
0.27450227,19.660605109195902,0.443684523405898,6.574742233333333,0.9950269533333332,0.13004591564337406,0.0031503836313883002
0.17054006,20.389283408524427,0.48767953760691524,7.9273039999999995,0.9689804833333334,0.13990567376216245,0.0059715112050374
0.23020007333333334,18.634460242478337,0.45656513555996403,7.888485,1.0220602266666667,0.15427848448355985,0.002675771713256833
0.14360266666666666,20.356873407163206,0.5272370411201286,7.4305726666666665,0.6670317866666666,0.15185254812240598,0.0043647289276122665
0.10976120833333335,20.976707287328836,0.5374576354690086,7.569265000000001,0.69561029,0.14173488318920133,0.0009446144104003667
0.09476821,20.895144849624167,0.567855421738079,7.451851666666666,0.92305818,0.11564952135086055,0.006186326344807934
0.13240449333333335,19.44900695591292,0.550055642782525,8.063848866666667,0.9521663,0.16619444886843357,0.0017831325531005666
0.1504885353333333,18.579803707246512,0.5252272136726852,8.484808999999998,0.8766155166666666,0.1891918828090032,0.0012535254160563
0.14426677000000002,18.813738893809074,0.5086179008795874,8.776160833333334,0.8898434666666666,0.22120013336340583,0.005373716354370066
0.117365396,19.606553530265924,0.5289269374416287,8.331072666666666,0.6998463333333333,0.20961453517278036,0.0
0.17254188,17.947884100312304,0.5067004956341535,8.698384666666668,0.9477054000000001,0.22240624825159705,0.004463990529378199
0.098534783,20.07855091723033,0.5676057640446096,8.1734404,0.9075322,0.21785973012447357,0.0011502901713053334
0.17087705433333333,19.027936236878645,0.5284537448745058,8.607234,0.8545494000000001,0.2183267970879872,0.004880587259928367
0.17600587999999998,18.945155988623082,0.5297466071782551,8.032569166666667,0.8158118200000001,0.22205659747123718,0.0021102428436278998
0.18833028900000004,19.293736511243107,0.5459456913845869,8.289267333333333,1.0078202433333334,0.21244343618551884,0.0014217694600423
0.11946459666666666,20.91796593213898,0.6028104000217994,7.4981941,1.0490656333333332,0.1651287128527959,0.002523263295491533
0.2762665733333334,17.57096607122944,0.5469471663396664,7.525544766666667,1.0521506200000001,0.19477812945842743,0.005230108896891233
0.19351370466666665,18.481710917224685,0.5229501454096496,8.516927,0.88993082,0.24003136654694876,0.0016139348347981666
0.11433935666666667,20.48447325141821,0.5600870387424587,7.9917246666666655,0.8351273333333333,0.22130469481150308,0.005669355392456034
0.09717813833333333,20.475470559729345,0.5484566859826231,8.940605666666666,0.6420982533333334,0.25979837278525036,0.0038759708404541
0.093224822,20.432174989717343,0.5678465564112628,8.702451166666666,0.6344474866666666,0.2437336246172587,0.004637559254964166
0.09819911133333332,20.519698384777953,0.5900121079484708,9.270706333333333,0.8218912166666666,0.2261261244614919,0.0012183984120686666
0.11081985000000001,19.72127481390411,0.5641403421005872,9.859603666666667,0.6926366666666667,0.25002752741177875,0.0020124117533365667
0.15386653666666666,19.39797218475633,0.553746269685443,8.380386233333335,0.6687381099999999,0.2232721745967865,0.003351132074991833
0.08983728666666667,22.528310552860322,0.647449326435196,7.884740400000001,0.8141437466666668,0.18212237705787018,0.004862705866495734
0.12664136866666667,21.328054966905327,0.6278330125655757,7.382510533333334,0.8547427666666666,0.19493393599987027,0.0053439140319824
0.08184242833333334,23.197872154724575,0.6965822252776842,6.0940058666666665,0.8188126166666666,0.16189897681276,0.0018073717753092332
0.10631104000000001,21.173310377042142,0.6280623598757574,7.100168666666666,0.7013835233333333,0.20093300938606254,0.0016452471415201668
0.12198584,20.457409866583742,0.6334924620135035,7.227205766666667,0.82263232,0.18577392150958374,0.0
0.2441015466666667,16.689518388297845,0.5335720860829576,19.110802666666668,1.2103726,0.2742783377567927,0.0013817151387532332
0.42927178666666665,24.463128713404828,0.6555674465412882,5.674657000000001,1.1950819333333333,0.16248383000493047,0.002697944641113267
0.31374791,24.11936377432278,0.6703493812869298,4.891009066666666,1.1465532666666667,0.15884683529535923,0.0023970603942871003
0.43876742666666674,23.91655964132801,0.6500489731172782,4.488606600000001,1.2818055333333334,0.16138823330402366,0.0
0.28740357666666666,24.52365968099969,0.7010920287120307,4.854746333333333,1.4539543333333331,0.1790670330325762,0.003660996754964167
0.3513681866666667,22.604823809172927,0.6252352498092927,6.417150333333333,1.0833682133333333,0.17866554359594977,0.0030144850413004
0.19604332333333332,23.38828498272454,0.6493348511539114,7.352290666666666,1.0679415333333333,0.18835617601871488,0.0018848578135172332
0.2689590333333333,23.141141425045152,0.7004592722055607,5.508847433333334,1.4817370333333333,0.1596009184916814,0.0
0.29456704333333333,23.662072906248294,0.6783046315170527,5.769869666666668,1.3297523333333334,0.17173377672831214,0.0040801366170247
0.18751153866666667,23.11985005340648,0.6676857767149548,6.450611766666667,1.0083450666666667,0.1632642298936844,0.005823373794555634
0.1157879,22.976388235111582,0.6809988493937592,6.347320833333334,0.92343348,0.20354298253854117,0.009034156799316335
0.13745740333333334,20.983793367653504,0.6498521134018175,6.2556523,1.0530927333333333,0.18152285118897749,0.0
0.17717072266666667,20.819258104322888,0.6327252244734735,7.171698,0.707358,0.22320239742596945,0.0
0.169479312,20.732061284156206,0.6351737913002936,7.0369174,0.9766062966666667,0.20195515453815457,0.003362814585367833
0.14206132333333335,22.33380325884504,0.6461296908761546,7.3937148666666666,0.9158814,0.21468297640482584,0.004095951716105133
0.13724691666666666,22.128085520356,0.6424914430151791,7.532627233333334,0.8656759533333332,0.19203362862269077,0.0005923112233479666
0.14792857533333334,23.36650626715087,0.6746633252241767,7.120954333333333,0.9923344000000002,0.19017805159091947,0.001388947168986
0.15027757133333333,22.503928991616714,0.6438521688977167,7.483738,0.8448581866666668,0.19221158325672147,0.0013422966003417667
0.19180371833333332,21.56734057153521,0.6379686341277852,7.675309266666666,1.0532505533333332,0.195864920814832,0.0026729106903076
0.19625735333333336,21.740397125612706,0.632865116879391,7.680961433333334,1.0209064466666666,0.19041731456915534,0.0
0.2223011066666667,20.989007855670113,0.6398815318667669,8.019755133333332,1.0475182,0.18888807793458304,0.0019106070200602
0.16858197333333336,20.39102857845565,0.5927461572765557,10.022764,0.9670699866666667,0.1964168697595596,0.0033856232961018665
0.14545787233333332,21.043442661716384,0.6131055966457358,9.803752666666666,0.887897,0.197011853257815,0.0021694501241048
0.23343787000000002,20.588216856216096,0.6059790184721966,9.39627,0.9416859533333334,0.19890852024157837,0.0017526944478352669
0.12917955866666667,22.537970389779662,0.6224388039791116,8.974838333333333,0.91853598,0.2162113885084788,0.005682150522867801
0.18392073333333334,21.36261037298853,0.5956455580095762,9.235386166666666,0.7381398466666668,0.18486041824022928,0.005701939264933234
0.18376958666666668,20.524535195809744,0.584623516198311,9.987885666666665,0.9002506566666667,0.2224452942609787,0.0026145776112874003
0.140504175,20.631586115739186,0.5414987792466098,11.870179,0.6845393966666666,0.28461990257104236,0.0025448004404703337
0.15658143,20.64802035490374,0.5662043936262071,10.138067666666666,0.9739006333333333,0.25238719085852307,0.0037024021148681333
0.15135633333333331,20.31568053628869,0.5363240494254558,10.084987666666668,1.0841911666666666,0.31440428892771405,0.0024584929148356
0.15400851666666668,21.1387098120956,0.6040193258603769,8.169234533333332,1.0462434866666666,0.22884346544742584,0.005496978759765567
0.20382829666666666,21.604179864019216,0.6474498655858536,6.0078742,1.3011948333333334,0.2518838296333949,0.0024050871531168336
0.19417303666666666,20.50873613860014,0.6355949753063461,6.308779466666667,1.4443233866666667,0.25071104367574054,0.0017669200897216667
0.16968144333333335,19.939508655509062,0.6172575333312649,6.9696909,0.9648950800000001,0.2378447949886322,0.0029569466908772337
0.4641247,19.78614293757808,0.6342663375997921,5.2932285666666665,1.5462267,0.24918693800767264,0.0019456545511881333
0.5924385533333333,28.0138891478385,0.7017667193161161,2.9043658666666663,1.2750461333333334,0.09820998087525368,0.0
0.77756891,19.675175857085883,0.273288625662014,3.2516721,1.0793770666666667,0.06568776443600653,0.007447242736816367
0.3554551733333333,20.796385518090982,0.35109748929177026,4.343705866666666,0.9482998466666667,0.09038718293110524,0.0037563641866047667
0.4525728133333333,17.71896530682288,0.3276217310045473,4.875897866666667,0.9285220666666666,0.12155583500862116,0.0018422603607177665
0.1645884333333333,19.81385574000605,0.4040086673619096,6.6132162,0.7761550466666667,0.13117207338412598,0.0025284290313720664
0.20389567333333333,17.71245238355638,0.3899070132385382,7.2774261,0.7162106766666666,0.14636668811241782,0.0024215380350748666
0.11050521,20.297037560902268,0.486437830512926,7.336449333333333,0.8202737666666667,0.14323934912681577,0.0018540223439534335
0.10333207500000001,20.013783733240572,0.5731066776808348,7.2941739666666665,0.9356307133333334,0.15654109915097553,0.0037018458048502334
0.12076208666666667,19.16527710355481,0.4964360927583084,7.821052000000001,0.8576835466666667,0.1865126689275105,0.0034546852111816003
0.077735872,20.473661144208496,0.5878150141567575,7.455954766666667,0.80062742,0.19010812540849045,0.0017014344533284335
0.10163101466666667,18.499345065119996,0.5444036147393945,7.349429866666667,0.8032942866666666,0.23761079708735147,0.003380457560221333
0.086863325,19.21056404635806,0.5926925374229147,7.5760121666666675,0.8464748266666667,0.28985076646010083,0.0005853970845540334
0.08664118999999999,19.83462022279279,0.5984048682607911,6.7810820000000005,0.9898581333333333,0.2413017749786377,0.0042575995127359665
0.07308990766666668,20.81929588714152,0.5998630488185334,7.365260933333334,0.7463548333333333,0.30775104959805805,0.0
0.09400503666666667,20.275740282784742,0.6138684638914175,6.473695599999999,0.8871599766666667,0.279684657851855,0.0049956639607747
0.09409552666666667,20.280424046018137,0.6201129999174141,6.510201533333333,0.9084895833333334,0.2647458662589391,0.0
0.10182502566666667,21.048298381348832,0.6304521511561784,6.3511381,1.0545517333333334,0.2918963134288788,0.0018333594004313
0.14593572,18.859832715253997,0.5868453173680369,6.961860466666667,0.8523966466666666,0.3103478699922561,0.007523377736409466
0.09538413000000001,20.18317208759044,0.6068303579802591,7.216650233333333,0.9286606466666667,0.27651160955429077,0.006207704544067333
0.07560319466666666,20.846766792462944,0.603589926555362,8.832483833333333,0.7248103533333333,0.33172707259655,0.0013548533121744667
0.07683400566666666,20.28086478967017,0.5727395264685687,9.712929399999998,0.6958853433333334,0.34536473949750257,0.0061589876810709335
0.07441881666666667,20.15784023425637,0.576712771047155,10.140875333333334,0.6798998533333332,0.3226089229186376,0.0
0.058680701,21.111333845292187,0.5956542599738669,9.518201766666666,0.7493103333333333,0.27253659069538116,0.0014851093292236
0.07445281,19.58203227504894,0.5511097281053595,10.670928666666667,0.53910497,0.2999430000782013,0.0038906733194986665
0.07865095466666668,20.402744713946525,0.5657308996869981,9.561068666666666,0.7088408066666667,0.28975680967171985,0.0014342466990152668
0.10052400299999999,20.301608208249196,0.5816122144843775,8.081063,0.8271396166666666,0.3016755183537801,0.0036067962646484006
0.18424858666666669,20.244746750837066,0.6179766523669241,6.149179133333334,1.1329964666666668,0.28254508972167963,0.0
0.3163554433333333,18.306514482331867,0.5621405359749598,6.270378566666667,1.1506362,0.3053056001663208,0.005687475204467734
0.19424815666666664,20.763706650286252,0.6344636446154174,5.4181462,1.1256973333333333,0.23659677306811014,0.001574436823527
0.3292226066666667,19.79024461499957,0.6011059934162959,5.4141765,1.2917824666666666,0.2734946111838022,0.0017180442810058334
0.14221381,22.105783219916173,0.6658749449816141,5.2549798999999995,1.2523971766666666,0.25296587745348614,0.0051800409952799
0.19144426666666667,21.820365092122415,0.6314257580814974,5.577140233333334,1.0975471333333333,0.27218680083751673,0.0028711160024006664
0.142660552,22.13884242276946,0.6640294865168506,5.492323,1.1848607,0.21164064606030783,0.0
0.268900235,15.131759856025589,0.501349324663047,24.22681,0.7945710866666666,0.25326976180076594,0.0036655267079671004
0.45510893333333335,27.385782482807546,0.7040438263278307,4.265235033333333,1.2592814,0.1613957434892654,0.0048557122548420996
0.24834256,23.40119287644657,0.5782470555668048,4.0024694,0.9217402666666666,0.1330252885818481,0.0
0.098689623,25.258206181244116,0.6706054109968412,4.9252438666666665,1.0162771866666667,0.13691316545009607,0.0038425127665201665
0.131407515,22.785540560132887,0.608729666236209,4.8218241,1.0052721666666666,0.13270245244105652,0.0035184224446614333
0.10907180333333333,23.259738280434235,0.6736428449303998,5.441297666666666,1.0737425999999999,0.13662684708833686,0.0
0.15032349666666667,20.779848995418845,0.5972943195105328,6.5933926000000005,0.72332344,0.1749949753284454,0.0034795602162679003
0.12002572,20.64986920419797,0.5950234379853976,7.994023333333334,0.8904023666666667,0.21314752598603567,0.005032777786254866
0.15857364200000001,20.282900714513943,0.6255293984901376,7.4464259,0.87949191,0.18792966008186332,0.0
0.12232226133333335,20.7448650230037,0.6354067760839457,6.9599351,0.9213127333333334,0.1864787439505259,0.005201737085978133
0.16583890666666667,19.735747824029858,0.5960569551936029,6.916171033333334,1.0146385333333334,0.2083201557397842,0.0018895467122395334
0.083552897,21.81458737240578,0.6536315301166096,6.715732,0.9536459666666667,0.19935228427251175,0.004020929336547833
0.08688920900000001,21.83091565662464,0.6621842156661789,6.802138666666667,0.9756695433333333,0.19372981290022526,0.0024817784627278335
0.16317121666666667,19.360435246608585,0.6383494760089434,6.542729566666666,1.2024279666666666,0.1990323786934216,0.0033924579620361
0.08750180433333332,21.991971151118936,0.6632231099743136,6.6549608000000005,0.98753638,0.1939297318458557,0.0024096965789794666
0.0687176,21.828813766918767,0.6714439150917942,6.990071466666667,1.01276365,0.20549150307973227,0.004226605097452767
0.08405788333333335,20.161961274571457,0.6165493102676867,7.837241133333333,0.8579966533333333,0.22102181116739908,0.0020045439402262334
0.08522514333333335,19.945619384365973,0.6200626701222606,8.502239,0.8696385666666666,0.2090954979260762,0.005463759104410733
0.06503099799999999,22.49107793423961,0.6510408942912501,8.134568,0.9407653799999999,0.1924879054228464,0.0069078604380289
0.061891561000000005,21.572882698754764,0.631392649649058,8.488492666666668,0.8502154000000001,0.19594286878903702,0.006951014200846334
0.06994933933333332,21.4546473563893,0.6583232318395807,7.7919695,0.8584538999999999,0.17734198272228233,0.0020105044047037334
0.06064320466666667,22.319452197166253,0.6644893405258671,8.288033666666665,0.8281172333333333,0.19990064452091846,0.0013899008433023998
0.055945115,22.350801095696678,0.6567479335054666,8.440901766666666,0.7907444666666668,0.1977061182260513,0.006152868270873967
0.06769041766666667,21.139702363413964,0.6240504638754477,9.238623333333333,0.9910284166666666,0.2522976795832315,0.002843538920084633
0.08828857266666666,20.202077319691796,0.5952275803084932,8.488493,0.8763426233333332,0.23990548153718314,0.0033095677693684663
0.05663636466666667,22.05990859177419,0.6645439083037786,7.5580535,0.89272089,0.18655135234196976,0.0
0.051464646,21.831524135662843,0.6597000379776224,7.659260166666667,0.80381242,0.20933562517166138,0.0018270015716552667
0.04924482499999999,21.976767963008033,0.6880773448143135,7.603840366666667,0.8274187133333332,0.19923319419225052,0.0016074180603027333
0.060174871,21.367067897953177,0.6446516747211102,8.292592833333332,0.8626416566666667,0.22219823797543845,0.0021126270294189336
0.05648782699999999,22.557794168116477,0.6937457847316221,7.105568566666666,0.8141004866666667,0.17432360102732972,0.0033468405405680333
0.054567213999999996,22.9749164777095,0.6825793330018115,7.208222933333334,0.8540448333333334,0.18836737175782514,0.0015275478363036999
0.07428861533333334,20.900388572376706,0.6644208002718169,8.000129666666666,1.0027494333333336,0.18778377771377555,0.0009690920511881334
0.09217696833333333,20.207329255563526,0.6545540243707647,6.716713133333333,0.8749918166666667,0.18637332816918686,0.0017167727152506333
0.11828941766666666,19.697202701326614,0.6392300510064081,6.2681778,0.9735832000000001,0.20635083069403967,0.0013711452484130666
0.76635445,24.988652302932493,0.670619778283709,3.3639374666666666,1.4278632666666666,0.1228413134813308,0.0009853839874267333
1.4880279333333333,19.449954840908678,0.32695904754069316,2.935269333333333,1.0996614233333333,0.0759911611676216,0.0016875267028808334
0.3528967633333333,20.67005820190011,0.42676048923801013,3.8606841333333333,0.9450535433333332,0.1043752953410148,0.0025608539581298334
0.23108205333333331,20.380761094734535,0.46026426451916963,5.290527033333333,0.8994363700000001,0.13526099671920136,0.0033144950866698998
0.15774462833333333,20.38902945845145,0.5121669188024638,6.0598388666666665,0.9231351,0.13732071717580152,0.004305044809977167
0.14893226833333334,19.516902504838466,0.4471652704451284,7.517350033333333,0.7384242833333333,0.14064624408880866,0.0027790864308674997
0.12850494666666665,19.317532878549144,0.469695567451297,8.087030166666667,0.7925096633333334,0.15545322497685746,0.004787047704060867
0.12839259866666666,19.722405090832385,0.5091180382408789,6.910820966666667,0.8522225,0.1343575666348139,0.003470818201700833
0.16171413333333334,18.95904954754685,0.49909955223937724,7.914360166666666,0.8290675866666667,0.1822414770722389,0.005960226058959899
0.10415541700000001,19.544726817648012,0.533694245569874,8.070653333333333,0.7372173000000001,0.16551333665847776,0.004844586054484033
0.08456171766666666,19.941024630780596,0.5468208025872154,8.381713433333333,0.7690728633333334,0.1840313598513603,0.0064600308736165
0.16604491333333335,18.72288023690288,0.515172903414061,8.048827566666667,0.9328855733333333,0.22602552672227225,0.005184412002563433
0.18482922333333332,19.712022393514104,0.5681604311299647,5.8145931,1.1112982999999999,0.19525215029716492,0.0
0.1646359133333333,21.21226847218758,0.5833069375021785,5.8761719999999995,0.9563852666666666,0.23222835858662919,0.0056815942128499
0.19847705533333335,20.820430182665124,0.5827267179947938,6.318995833333333,0.8532932333333333,0.26335662106672925,0.0004745324452718
0.11681830766666668,21.708545052624974,0.6049001958355581,6.817823566666667,0.7924851,0.24552864332993818,0.0075928370157877
0.13551788666666667,20.14656013339561,0.5739329432766801,8.445739133333333,0.6372891866666667,0.3166951189438502,0.006479501724243134
0.06047696433333333,22.44871131600952,0.6190021995042496,8.451574333333333,0.6468914766666667,0.27048974732557923,0.0
0.08193068633333332,20.216696128099603,0.565144302479882,9.744338666666666,0.6461404566666666,0.31627437969048816,0.0034024715423583668
0.06188608733333333,21.369395501571194,0.6186104267614948,8.581117666666666,0.81335949,0.2416200339794159,0.005484739939371733
0.07410806666666667,19.97617217239323,0.5961488585347264,9.460488,0.5541172733333334,0.24497270584106445,0.0020061333974202332
0.056738517999999995,20.39089193628502,0.565500781879569,10.670160666666668,0.66810136,0.29875497023264563,0.0
0.071231333,19.92953368426073,0.5564839550460721,9.955273666666665,0.6194604,0.3092512885729472,0.0
0.05677989433333333,20.941684576327773,0.571741170494878,9.440757833333334,0.7456139166666667,0.30151233573754627,0.0028556187947591
0.07544550600000001,20.014500552511493,0.5607530639419985,9.912975333333334,0.6545318933333334,0.33397631843884784,0.0017503102620442669
0.07245230533333334,19.65314367408395,0.5860162319815788,10.284334,0.65455345,0.3335076967875163,0.0035585562388102
0.08808855666666666,19.671116825449896,0.5741729493380596,9.680865333333333,0.6458841766666666,0.3232329686482747,0.006282806396484333
0.074922585,20.662343364592285,0.5996257742411938,8.012233566666666,0.7295059133333334,0.2949484686056773,0.0027914841969807667
0.07320103666666666,21.554614659140043,0.6589648566385158,7.023691800000001,0.81435343,0.22598259647687272,0.002468268076578767
0.09554851000000002,20.357051663744638,0.6320898924315028,7.141452033333334,0.8476567533333332,0.21326867739359534,0.0
0.14112097333333332,18.773288808941444,0.6108602762467559,7.046107466666666,0.90844482,0.2281080881754557,0.0050983428955077665
0.09332151833333334,19.840664133852673,0.6611234302851611,6.5072899333333325,1.1170320666666667,0.1921175916989644,0.0022532145182291336
0.10686984533333334,18.436958770794664,0.5981252048850482,7.814374,0.6070742266666667,0.19387226800123847,0.0017974376678466667
0.07604272066666667,20.288612284984527,0.6258609122096178,7.912866766666666,0.8982980866666667,0.1953759342432022,0.0
0.1309749166666667,18.533086421530058,0.5627010236027216,7.233929666666666,0.8986059333333333,0.21062613526980078,0.005141973495483366
0.094437845,20.104543595199008,0.5757487412459791,6.552225433333334,0.74302049,0.18571980545918143,0.0041875044504801
0.08907685833333334,20.219306702109574,0.6045658643328742,5.1976092,0.84295476,0.17600777745246884,0.0015767415364583333
0.4097603266666667,20.178911502623983,0.5341242962095967,12.971151666666666,0.988565,0.233537420630455,0.0012536843617757
0.10996980733333334,25.2544638077699,0.6287372171266167,8.594613333333335,1.14276498,0.21621343990166975,0.006476322809855099
0.4935403366666667,20.491521773608245,0.5838326222920376,7.668066466666666,1.5510578,0.17879561831553778,0.0011793772379557
0.19892245666666666,23.384205989897367,0.6246449658542573,8.6756005,1.0365832,0.18767371028661725,0.0007824103037516
0.13963114333333332,25.360114643313022,0.6638732898452729,8.126543566666667,1.0089519333333332,0.183214525381724,0.0012552738189696999
0.18214062833333333,23.289121292983634,0.6191016869512107,8.150384099999998,1.0009752466666668,0.18563436468442282,0.0
0.09242775766666667,23.086186826727996,0.6534495914177391,7.952585,0.9428199333333334,0.18816817800203958,0.0021407604217528998
0.10633854133333336,22.041006672157835,0.639518253516055,8.039801433333334,0.8543254766666667,0.22065973778565726,0.004926760991414334
0.15693589,22.70900419736972,0.6474456298782236,7.362496966666666,1.0705156666666666,0.1970165818929672,0.0027163028717041
0.16124554333333332,23.120026381222374,0.631217599530275,8.370966333333334,0.9856749000000001,0.23282476266225174,0.0035979747772216333
0.19142122566666667,23.017781845993024,0.6011847530450022,9.187347333333333,0.8906122333333334,0.24489827950795487,0.0022308031717936
0.18806392800000002,22.144229404947364,0.6121890642136022,8.656125433333331,1.1313924166666667,0.23983139793078104,0.004591464996337867
0.13658841666666668,24.44235172079492,0.6584889348082066,7.587454366666666,0.9093129666666666,0.2035593738158544,0.0016162395477294668
0.16974073499999998,25.870478281465225,0.6970039003397095,6.070910533333333,1.0722043333333333,0.20595718423525491,0.003512938817342067
0.16330527,27.570208758063547,0.7434856989771679,5.2771751,1.1884232433333333,0.2030491307377815,0.0
0.24172062000000002,25.510833468017818,0.7015573228729332,5.434997733333333,1.2535638833333334,0.2113156020641327,0.0007507006327311
0.29038118333333335,25.499082792471643,0.7046162433987518,5.381189833333333,1.2172300333333332,0.19067347049713132,0.0
0.24644479666666666,24.860631450566228,0.6705966749533553,6.429997133333333,1.2202902666666668,0.2121540208657582,0.0010219415028889665
0.2684169533333333,21.318786151640694,0.5865738472594639,8.247458666666667,0.9490639,0.2372882366180419,0.0012524922688802
0.288834908,21.523697130660906,0.5935265787833193,7.9156580000000005,1.1754665,0.23304698367913565,0.006115833918253533
0.18266114,23.261047557459772,0.625625157453106,8.167979333333333,1.0064640666666667,0.22184541324774423,0.0015312035878499335
0.14919788533333334,22.91585414777229,0.6458243203788513,7.975743166666667,0.9698245033333333,0.18767049163579938,0.0048459370930989
0.23716833,22.18749422513405,0.6531801875142828,6.978516666666667,1.4531147333333332,0.21585846443970994,0.002631505330403633
0.22563753166666667,21.422812403787432,0.5947714150351638,8.434524333333334,0.9916125066666667,0.24419758717219034,0.0
0.11080865933333332,23.139334762175064,0.642864066046951,8.185568966666667,0.9568928166666666,0.22048014402389526,0.0
0.11728838433333333,23.584329079239257,0.6258791918015061,8.322270333333334,0.8631689666666666,0.24928558866182962,0.0045681794484456
0.072508103,24.806629610407338,0.6382824819625755,8.066772133333334,1.0201623333333332,0.2484324425458908,0.0
0.07264027466666666,25.935479081031886,0.6771502190287503,7.355629,0.9070141199999999,0.2351912011702855,0.0
0.18034704000000001,21.894200244577746,0.619381969610359,7.2836563,1.12929131,0.2506665289402008,0.0008682409922281666
0.32993740666666665,20.50416577449789,0.6320175765257927,5.834353433333334,1.7307070333333332,0.24017608165740964,0.004153569539387967
0.17742896666666666,21.09295638083798,0.5449105190468577,13.018187666666668,1.4688641666666664,0.2291258176167806,0.0027463436126708668
0.12905503566666668,25.491385021178463,0.6764849382209027,7.061154833333333,1.1974257333333334,0.18685342371463776,0.0
0.21925530000000001,22.460215348133246,0.6658621484311802,6.691811833333333,1.4636914333333333,0.19265932341416672,0.0011161963144938
0.17339008633333333,23.761129522298386,0.6778057925064669,6.676513466666667,1.1481557666666666,0.1764166901508967,0.0
0.23165584333333333,22.08472703828902,0.6586750487869685,6.7997184666666675,1.31418391,0.17091797043879822,0.0033505757649739333
0.23253990666666666,20.766872315262116,0.6287816280158135,7.3245195,1.2291643333333333,0.17135609686374662,0.0036120414733886333
0.086140328,25.078894674712327,0.7099950094485109,7.325130933333333,0.9364157166666667,0.186360128223896,0.004468917846679667
0.20473044533333337,22.38989218885087,0.6603486632818552,6.075540433333334,1.1543742,0.16255544622739154,0.0020206769307454333
0.1965468353333333,22.79485453252326,0.670201543265364,6.257443966666667,1.0595504,0.1722172026832898,0.004858016967773399
0.4115856066666666,19.380664289231632,0.6090106045823919,6.425679133333333,1.5506804666666667,0.19999945163726804,0.005358457565307566
0.17774841666666666,21.41648041585798,0.6123526664454036,7.783515566666668,1.1638183333333334,0.2230929980675379,0.0070137977600097
0.09883670466666666,22.690995121517844,0.6394492170922251,8.663356333333333,0.9166742033333334,0.1932697892189025,0.0044738451639811
0.12358457,23.051023935164466,0.6640276724072296,7.728782333333334,0.7160678366666667,0.18121976653734836,0.003839969635009733
0.17084414,21.267431824471828,0.6501913993374223,7.476345900000001,1.2068915533333333,0.17496530214945472,0.004176378250122033
0.16023449999999997,21.972525534191757,0.6637342648357858,7.104380333333334,1.1291422,0.1697605947653452,0.0018214384714762331
0.10608762666666667,22.654840253763965,0.6454051336696911,8.513006333333333,0.9833647999999999,0.23059653242429093,0.002784967422485333
0.13511633133333334,23.224173428416105,0.6529033943482884,8.1535192,0.9582904666666665,0.19229177137215933,0.0034705797831217334
0.11898326666666666,21.993263017882033,0.6298846436642763,8.3525302,0.69594787,0.20298502842585242,0.0026586850484212
0.16280407,20.914547711770343,0.5997682027289134,8.645097166666668,0.8712126799999999,0.23911510904630026,0.0033482710520426335
0.08724463866666665,22.72999880040224,0.6226672835777106,9.452328333333334,0.7585213999999999,0.2433111568291982,0.006159543991088833
0.09937025466666666,23.391806793356153,0.6447373023016888,8.915934,1.0221573166666669,0.1925697823365529,0.006897608439127567
0.13921856,21.192604756113493,0.5809549760286751,10.358611,0.8131349,0.23159383237361908,0.006025870641072567
0.19233571000000002,20.613541646022195,0.5820324728243893,9.476565333333333,1.0540047,0.25770481924215954,0.0
0.10215209266666668,22.898949484489908,0.6403066243716194,9.201772666666667,1.0445476333333332,0.20228877663612366,0.002501169840494767
0.24149986666666665,18.986450983042282,0.5711993132831678,9.133788333333333,1.1113926333333335,0.21140057841936744,0.0047069390614827
0.138478589,21.34564745078684,0.5910314379453759,9.816556333333333,1.0322371133333332,0.23143039643764493,0.005147218704223601
0.109448345,21.70688413188691,0.6102292377241835,9.613605666666666,0.9973794133333334,0.21427227556705472,0.003095149993896467
0.102886608,20.99170413480069,0.5636343522890415,10.628628666666666,0.7083116433333334,0.23584474623203275,0.004994471867879199
0.06836974433333333,22.999288634317036,0.6006314542231405,9.318745833333333,0.7438701499999999,0.23565444350242612,0.0027726491292317332
0.10932386666666667,21.44458996757164,0.6091789951650611,8.520100666666666,1.0795983633333333,0.23522108793258667,0.003171602884928367
0.08179667,22.234930648763285,0.614288646389125,8.1453525,1.0741897299999998,0.28861453135808307,0.004678169886271133
0.13301243866666668,22.202196641161375,0.63360051029141,6.793181766666667,1.0622631333333332,0.2586131592591603,0.004129966100056933
0.19153078099999998,20.245668115768257,0.6022412539226557,8.041736166666666,1.2104733,0.27793394525845844,0.0
0.059634579,22.428217614179157,0.6098169124029839,8.881050466666666,1.06417175,0.3152192234992981,0.0030123392740885
0.07185804266666666,21.345389533839292,0.607416546263318,8.734949333333333,0.9658540499999999,0.288514107465744,0.0013892650604248001
0.09326430033333333,21.846491450905003,0.6468165718104911,6.9014861,0.8949530499999999,0.2099540034929911,0.0008773008982340333
0.6478911900000001,24.015270408371766,0.6471418231512192,4.1287913666666665,1.2289805333333332,0.15223313619693116,0.0013561248779296667
0.41767674000000005,21.948741676287913,0.5304040852371653,3.735051966666667,0.9763102,0.11574399967988326,0.0032790501912434663
0.4246737733333334,21.03537446101686,0.5375960912784051,4.213178833333334,1.4557342666666668,0.13655153413613638,0.0020138422648111665
0.42953704,19.38971334595762,0.5127288715797443,5.0141770333333335,1.2144153666666666,0.1292172049482663,0.0
0.2295126133333333,20.49753051702696,0.5399022085694963,6.3775371666666665,0.79472471,0.15146749963363007,0.004804929097493467
0.2779590966666667,19.955502887109283,0.5723690203100421,6.779846666666667,0.9702046000000001,0.1555119082331657,0.003942728042602533
0.55893994,17.54266275155551,0.5097529303855867,6.948248666666667,1.4771555666666665,0.1728153104583422,0.003054539362589467
0.2309688566666667,19.182422018387175,0.5763832950957933,7.9601881,1.0558958833333334,0.20323840777079263,0.0024909973144531003
0.23806797,18.878644810612254,0.5478637634663145,7.674003433333334,0.9152880433333334,0.2241439869006474,0.004728396733601867
0.25175895666666664,19.402504981802654,0.5908590587141535,6.571496666666666,1.05777218,0.1905106554428736,0.0
0.17208897,19.52244833210192,0.5659017373101576,7.8738318000000005,0.7403958999999999,0.23456794023513786,0.0044608116149902005
0.14938190166666668,20.85594432348388,0.6144492586192764,7.460916999999999,0.7846107866666667,0.20116708179314927,0.003822008768717433
0.20834825666666668,20.048295611922704,0.6219119888448993,7.724253166666667,1.0432207199999999,0.2245006064573923,0.007905006408691366
0.1763099166666667,19.941960175614174,0.6074336826541883,8.288612133333332,0.9609959233333334,0.21607035398483274,0.005510727564493767
0.18058627333333332,19.980500500379005,0.6091450506492121,8.904293333333333,0.7038628433333333,0.23573853572209671,0.0045595169067382665
0.157384122,20.779096841656063,0.6231374014833041,9.042672433333333,0.5538479066666667,0.220643530289332,0.0018469492594401001
0.3042845366666667,19.471276229616745,0.576209971291669,8.791848333333334,0.82856406,0.27671242753664654,0.0060662428538004335
0.36386228000000004,20.502676870504953,0.5994997623852542,8.865895133333334,0.8636462766666666,0.2692379951477051,0.004334926605224534
0.38831877866666664,20.68768908051138,0.5856637948697813,7.741589766666666,0.84752224,0.23479633033275604,0.0033316612243651997
0.25649557166666664,22.50781981483674,0.6400320696918517,7.425148333333333,1.1475488333333332,0.23184829453627265,0.0038457711537679003
0.21797263333333336,22.671009697297066,0.6506184377217474,7.556141233333332,0.8163461999999999,0.20652074118455246,0.0034678777058919
0.14743006833333333,23.116573360123464,0.6339086090748448,8.5062385,0.8625453100000001,0.2599301983912785,0.0
0.2462356233333333,20.871949644354743,0.5883186781839252,8.731543666666667,0.8494798666666666,0.26116841038068134,0.0020461082458496003
0.2836136653333334,20.699587692864636,0.5776792609655882,8.324152666666668,0.6958749200000001,0.24835416177908576,0.0
0.25050039,21.486872257696206,0.6163512294542969,8.354326,0.8533085699999999,0.23562124371528625,0.0017326672871907332
0.19086626666666665,22.598599494666058,0.6282947175557566,8.791579,0.70391906,0.2643306901057561,0.0013102690378824667
0.12314710533333333,24.22086739021543,0.6539900541494724,8.412374,0.8355981666666668,0.2477067609628041,0.005546728769938132
0.11951600666666667,24.87978527996215,0.6587516887834625,7.661627233333333,1.0196296900000001,0.27487853169441223,0.0014149347941080665
0.21954513666666667,23.309344817812914,0.6372358196615272,7.0253185333333334,0.9896442799999999,0.29449547330538434,0.0045838356018066
0.733605792,21.038260776807107,0.6092761858379898,6.395403866666666,1.0687498100000001,0.26470203200976056,0.004999796549479133
0.27334216333333333,23.140759192746874,0.6696082445886115,6.595477566666666,0.66120994,0.24099136888980865,0.004132827123006166
0.31125912533333333,23.455491715659832,0.6759744927809642,5.736629499999999,0.8750411666666666,0.25784607728322345,0.0
0.16717719666666667,23.59610117078576,0.693640879751948,5.957166099999999,1.1890492833333335,0.2542920758326848,0.0016309420267740665
0.18417841466666665,22.71403624547791,0.6821322078985821,6.067596133333333,1.06554448,0.25634107987085974,0.0
0.118448295,24.659571300385164,0.7240100492397189,6.069523766666667,0.7860491833333333,0.21339894334475193,0.0034991900126139
0.11061812,23.588177701210313,0.6906900750893153,6.764058033333334,0.9160823033333333,0.2540831168492635,0.0018243789672851335
0.17819734866666667,22.628720117518515,0.6523672660850525,7.5742267666666665,0.9860672999999999,0.28626059492429096,0.0
0.11245922166666666,22.5710848965515,0.6768457781683587,6.966308699999999,0.7820386566666667,0.24178797503312421,0.009358962376912368
0.12686832666666667,23.08446731413998,0.6698469715191591,7.093617333333333,0.8383060666666666,0.2448719988266627,0.007905244827270466
0.11545203666666666,22.258983268997245,0.6594943925444001,7.8229841,0.7276578833333334,0.20647475620110825,0.0
0.2674550766666666,19.311708806511014,0.6047149391055412,7.990692666666665,0.6353176899999999,0.2089255303144455,0.003511110941569
0.18893070666666664,20.48748326893095,0.6385939316911521,7.222430566666667,0.8654380666666667,0.210882638891538,0.0027247269948323335
0.3520550866666667,19.02411390460775,0.6045560170505649,6.742970499999999,1.1844949666666666,0.2334500104188919,0.003853718439737934
0.20316799333333335,21.004102591519832,0.6052534263774939,7.765993300000001,0.8354948366666667,0.2098231216271718,0.0030194918314615667
0.23894549499999998,25.63968101827903,0.632729304823465,7.965703999999999,0.9338279433333332,0.16398830711841578,0.003382205963134733
0.19954364766666668,26.67403406408022,0.7036731122114538,5.9316472,1.3041468166666668,0.18210802475611368,0.002935568491617833
0.3985159333333333,24.581180516835104,0.6713332732985645,5.933497133333333,1.5773160333333334,0.19410215566555652,0.002029339472452767
0.34417417933333333,24.207863212561335,0.6322018700812136,7.2484405999999995,1.0892052333333333,0.1957177917162577,0.0013352235158284335
0.23724150999999996,23.386111683931528,0.6557350965148626,7.5871028,1.3815594999999998,0.1727654685576756,0.0007236003875732334
0.16437877,23.923333593255162,0.6507062039399489,8.405791299999999,1.1290674133333332,0.17508061975240705,0.0031150182088216
0.20214678666666666,23.602684575714758,0.6669693520389489,7.4104169,1.1998074333333333,0.1757662668824195,0.004374504089355466
0.23926399666666667,21.287808280495945,0.6358167300486153,6.986228100000001,1.1102267666666668,0.16894564777612686,0.0024812221527099336
0.20625286,22.32277973870205,0.6288231123649749,7.952415266666667,0.8657054999999999,0.1811174054940541,0.0033480326334635337
0.11521383,23.09205604671838,0.6279614370126092,8.859242333333334,1.0905572833333335,0.19349563370148334,0.0006839434305826666
0.14442812466666666,23.080549374375877,0.62806902458099,8.875596,1.1145692999999999,0.18537002801895142,0.006857077280680299
0.23631227666666668,22.73521679564205,0.6114177842149296,9.179464833333334,0.9567341800000001,0.19515040020147956,0.0024995009104410667
0.10416558666666666,23.911112432587,0.6146096267814568,9.626953,0.8970293433333333,0.21307413776715592,0.004599809646606434
0.19305171899999998,23.20640952114778,0.5952144411810297,9.673110666666668,0.8256721833333334,0.24019901951154068,0.005055427551269466
0.10745832999999999,24.44411433306414,0.6401201990403672,8.991843000000001,0.9191739266666666,0.19370104869206742,0.0037809213002522337
0.15507614733333333,22.72514754540511,0.6093652265759794,9.604123666666666,0.92752101,0.19988583525021866,0.004059791564941367
0.15413360866666667,22.765591853725198,0.5945963021765638,10.422499333333333,0.76702723,0.20872091253598532,0.0
0.17625720666666667,24.12581686915877,0.6256695469044474,8.7884471,0.9189645333333333,0.19530336062113443,0.004911661148071267
0.15582893733333333,23.069504109205496,0.596955920057992,9.778482666666667,0.9934141266666666,0.22009170055389396,0.002524614334106433
0.17796097733333335,22.348611038081078,0.5670734087653472,11.553810666666665,0.7782380666666667,0.20325075089931488,0.003431002298990867
0.15049331,23.20932476497035,0.6035215942403165,10.646842666666666,0.8250976633333335,0.1982008616129557,0.0011894702911376667
0.25656065333333333,22.385505949897848,0.596304379543009,8.730616,1.0565382333333333,0.2160183091958363,0.0
0.24567834666666669,24.180692406149376,0.6702300622570533,6.2115151666666675,1.2216978,0.18801190952459967,0.003079255421956367
0.10537850466666669,26.093768784834594,0.6508934422827862,7.365993633333333,0.9679702333333333,0.25505874554316205,0.0031909942626953
0.08307751733333334,25.749000488891667,0.6257828483126491,8.473255333333332,0.9241300333333333,0.24644546707471213,0.005156834920247333
0.08658291633333333,27.15122544787873,0.6583288170515639,7.344206100000001,1.0104183333333332,0.2757517447074254,0.0035362243652343668
0.078696511,27.14495625044863,0.6692453995825786,7.0014081,0.9058792000000001,0.26082935929298395,0.0027057329813639
0.107850346,24.202324938620933,0.602088200222909,8.90933,0.8928323833333334,0.2908287396033605,0.0018517176310221333
0.06445713566666667,25.947386614569808,0.6345653686528915,8.276784000000001,0.7861079166666666,0.2537898023923238,0.003999869028727167
0.26383258,21.56872905621242,0.6032292880198197,7.415837,1.5672158000000003,0.2920775413513183,0.004205544789632133
0.16489936333333333,24.93823292485078,0.6554646869146813,6.819014299999999,1.1057983,0.2446057895819346,0.0034369627634684
0.135092489,25.030140828692343,0.6607899363345427,6.446091699999999,1.2046527466666668,0.25245535870393115,0.0
0.09894938333333332,18.028473085570564,0.5454806018302786,26.913662,0.8944774933333335,0.25381036599477125,0.0011022090911865
0.35674816,24.982509171942798,0.66849875890754,3.990627,1.1977425666666666,0.13181647906700764,0.0033233960469563335
0.27164515666666667,24.978616628020045,0.6201281181496955,3.5950738,1.1167675533333332,0.1270468855897585,0.0035657882690429336
0.3013517333333333,21.871743373473283,0.6013431276171595,4.655352433333333,1.1785925666666666,0.1365038901567459,0.002041816711425767
0.17920687999999999,21.57157305469975,0.5816499779768874,5.9227772,1.0946620333333332,0.1563732624053955,0.0018982092539469335
0.10587671333333333,22.61299351531675,0.6591612169646227,6.549120566666667,1.0300647333333333,0.14141685267289475,0.008315404256184865
0.10095008666666667,21.605869879154554,0.6108515295078946,8.00325,0.9182701,0.1858895123004913,0.0038278102874755664
0.323977864,18.95654761843268,0.5370987904237542,8.031899000000001,0.9161800000000001,0.18964379529158273,0.0
0.09252189,21.023643818274035,0.650678048185461,8.322879833333333,0.8048738666666667,0.19358987112840012,0.0046281019846598
0.10249185333333333,20.72273702114468,0.5953892344055742,8.195574899999999,0.8213826366666667,0.18421538174152374,0.0
0.18347189,18.69987523316385,0.5925388878900304,7.1835594,1.1642474500000002,0.16840142508347822,0.0015496412913004335
0.21421717999999998,18.6131704505747,0.6135203903359446,7.617124966666665,1.3036286,0.190341646472613,0.0045779546101888
0.08400475333333333,21.319057796459518,0.6523602644136006,7.9624639666666654,0.9183477166666667,0.16960174341996506,0.0035582383473713995
0.161765351,20.707786717871617,0.6724030711112747,7.6251652666666665,1.3294596,0.18577963113784787,0.0013586680094401001
0.105648276,22.438202179832064,0.6786302415032751,7.617954666666667,1.0055756666666664,0.2099657704432805,0.0034073988596598002
0.10372580133333333,22.205571240654507,0.7073214544052334,7.0760214999999995,1.1916834666666667,0.1880240986744562,0.008115212122599233
0.14072857266666666,21.70932184072521,0.6521995904337885,7.218852266666667,1.0186255833333333,0.18088420232137045,0.009112040201822868
0.2607340476666667,20.03028910963192,0.605227968643971,7.2242225,1.0665242866666667,0.21139642099539438,0.0033831596374511667
0.12861918200000003,22.77306056444014,0.6792159067567084,7.0996741666666665,1.1295890333333334,0.19923028846581772,0.005902051925659134
0.10680667833333334,23.36661523298837,0.700423792404539,7.287784833333333,1.1006438666666667,0.21911725650231043,0.0016718705495198333
0.20230618866666664,20.87484194709499,0.6489561514705067,7.577938066666666,1.2075603666666668,0.2202356656392415,0.0030281543731689
0.131948806,22.081376194788927,0.6253806476148102,8.287968566666667,1.0259159533333335,0.21729815502961478,0.0013957023620605332
0.091231642,22.357796192120706,0.6311670102043023,8.4873683,0.9688360433333334,0.25033649305502575,0.0043330192565917665
0.07269823333333332,22.193376305776525,0.6429230046493389,9.1655395,0.8815736866666667,0.2621324559052785,0.0009585221608479667
0.077680504,21.485343831887803,0.6010676221838529,9.862467666666667,0.8084370566666667,0.27330737312634784,0.0026959578196207663
0.08252618566666667,21.667788515437795,0.616146046748879,9.381757,0.74714618,0.2628374397754669,0.0016290346781412668
0.10672536599999999,21.513635764678927,0.633616652806309,8.935640999999999,0.82890969,0.2157269020875295,0.0014529228210449
0.07971921233333334,22.367443255389603,0.6643709868184852,8.204150533333333,0.9072594500000001,0.1888748109340667,0.0033714771270751663
0.10099598466666666,22.70791917066531,0.6718487266176655,7.620956233333334,1.02386,0.20150530338287345,0.0
0.099595508,23.09103863937418,0.6770891279288036,7.223168,1.0076003333333334,0.20637226104736325,0.0032234191894531003
0.09888886433333333,22.950332072737876,0.6738277587319237,7.219018000000001,0.9752624666666666,0.22314294675985966,0.0032246907552082997
0.08422191233333333,23.187176815932286,0.6892932521689407,6.555837266666667,1.0650458900000002,0.19663342833518974,0.0021727879842122332
0.09622713799999999,22.93582119757508,0.7007004089222221,6.216262533333333,1.0430909666666668,0.17993733286857602,0.0057425498962402
0.134731286,25.859671386906186,0.6576673226212599,8.070286000000001,1.1972770333333331,0.17609342435995737,0.006620566050211533
0.06715466,24.008407773172248,0.6115526095249783,10.313699999999999,1.0951437333333334,0.2083585063616434,0.0033884048461913997
0.07472956666666668,23.248243103068276,0.6303989328560644,9.33966,0.7856069833333333,0.18346041937669114,0.0008996327718098666
0.14515686166666666,21.904230776601974,0.6274324271512789,8.593002333333333,1.1274313666666667,0.1745598216851552,0.0021505355834960664
0.18634005733333334,24.12618918776693,0.6814919528261805,6.485171166666667,1.2742456866666665,0.1735642602046331,0.005583683649698833
0.18650821666666664,22.895346976641747,0.6627087520577971,6.599042,1.1981011333333333,0.19241993129253385,0.0019199848175048665
0.13653733333333334,22.74365240635328,0.6513592152161967,7.480110733333333,1.26581762,0.2245477313796679,0.0022881031036376667
0.08093689533333333,25.53691138737337,0.7190640412884574,6.487328666666667,1.0254164466666669,0.20535880823930097,0.004515091578165633
0.1452556633333333,24.675934974263345,0.7015764881898509,5.122197466666667,1.0514684666666667,0.17723860094944632,0.005964994430541967
0.43663508000000006,21.41470327125789,0.627472758601865,5.375657133333334,1.6283091333333335,0.23300759494304654,0.003280003865559867
0.179188479,22.849354665262734,0.6552052141285053,6.349294,1.15034058,0.21777378022670738,0.0005868275960286333
0.13161869,24.015588036754476,0.6769067831032279,6.609356133333333,1.0051401666666666,0.20855790376663205,0.004525343577067033
0.2790889066666667,19.05675361458639,0.5935637258325808,7.716050133333334,1.4954827000000002,0.2350829690694809,0.0061263243357339995
0.2716615466666667,21.76683225989891,0.6188288995648065,6.492193699999999,1.0335589566666668,0.2201999723911285,0.0016880035400390332
0.36757286666666666,20.04669554073816,0.5865345774778924,6.808369933333334,1.0644449866666665,0.22518410782019294,0.0026631355285644336
0.21780093,21.58549103023668,0.6322400741666913,6.8358085,0.9549698166666666,0.20807431141535437,0.0031217734018961336
0.10282320499999999,24.834277596328533,0.6978245880000576,6.7928191,0.8153642666666667,0.18984416127204895,0.0013979276021321334
0.30970573333333334,21.30639512455188,0.5998430714415187,7.178102233333334,0.7379824199999999,0.2123261739810307,0.0022636254628499003
0.181036235,23.853492668818813,0.6712441423193004,6.8724574333333335,1.0710950333333333,0.19457789758841193,0.0023985703786214
0.17695101166666669,24.731226454725515,0.6879228458104315,6.6641002,0.8447592733333332,0.19519594560066855,0.0051332314809163
0.3459425733333334,22.055178285604367,0.653403856130771,6.1648489,1.3621508333333334,0.1838601902127265,0.0033885637919107998
0.18820449333333333,23.724162612551442,0.6824819860218502,6.8552843333333335,1.1768078,0.1603120515743891,0.0028895537058512
0.2741413833333333,20.613754610492943,0.5880390844623071,8.325888333333333,1.0662509333333334,0.22327564160029092,0.006528457005818666
0.15003978466666668,22.950368058111952,0.6318075447697585,8.591632166666665,1.0041846866666668,0.22367949783802032,0.0031089782714843334
0.20616866666666667,20.458756289468734,0.586785532595262,8.888345666666666,1.0652273333333333,0.2169832090536753,0.0008471806844075333
0.17210597266666663,21.85807106786818,0.6137207474661103,9.241528,1.04986249,0.18647319078445426,0.002771298090616833
0.18856315333333332,20.59645633895365,0.5775821615999543,9.383601666666667,1.02059312,0.2121421843767166,0.0
0.17465880933333333,19.401609401699563,0.5979756981678345,9.268918666666666,1.2168249666666666,0.21800709267457327,0.0
0.11505360166666667,21.02416857758465,0.5961961876615233,8.837228666666666,0.8368356833333334,0.21482827266057333,0.0
0.08542807166666666,21.380953633035244,0.6152410700066282,8.583539333333333,0.9672437833333332,0.20009441177050272,0.0044138431549072
0.2826912166666667,20.198291190887733,0.6200044283696026,6.7503096000000005,1.5090378500000001,0.2208928888042768,0.0011715888977050666
0.2659221356666666,20.98710085139287,0.6474985318699592,6.2809886666666666,1.5195682666666668,0.22248509029547373,0.0028630097707112337
0.14782854233333334,20.98857040082378,0.6417100829684431,6.742780499999999,1.3343212333333332,0.22019062439600626,0.0016710758209228333
0.04795415066666667,25.006177208771273,0.692468495748901,6.764557166666667,0.9088364333333333,0.1979126731554667,0.007031440734863233
0.05926639833333334,22.215365368426905,0.643643715827828,7.9376453,0.9492479833333333,0.2115802193681399,0.004593690236409467
0.12187146900000001,21.588302542161912,0.682599150261626,6.2139625333333335,1.3086961,0.21655607720216116,0.0018743673960367666
0.102194818,20.95192009350986,0.6390688087739417,7.0597719,1.1306069666666667,0.21613518397013343,0.0038242340087890334
0.08812766833333334,20.777590559539334,0.6328748149536344,6.841005366666667,0.8120165266666666,0.20795768996079764,0.0029515425364175997
0.2604511333333333,24.507137900826223,0.6141880415890683,8.668059666666666,1.1205551,0.18278027822573975,0.0025299390157063335
0.16873317633333332,23.641995051733733,0.6016922164283086,10.461409333333334,0.9989421866666666,0.18061822404464078,0.0042049884796142
0.22742966499999998,22.366721041584658,0.5705085260786404,10.980173,1.2462716666666667,0.21797658503055564,0.0005861123402913334
0.09344999066666666,26.024447792255984,0.6506670974576364,9.013247666666667,1.15030379,0.1658129319548606,0.003495375315348267
0.22040348333333337,19.520265497026923,0.560351570961101,13.070390000000002,1.3463287,0.23679826656977335,0.0026575724283854
0.2596470713333333,24.45962520609073,0.6266235386413488,8.234998766666665,1.0361590666666667,0.18468347688515976,0.003459135691324867
0.23942528,23.42526780942171,0.6101551615280575,9.104520833333332,0.8913799266666667,0.20604803661505378,0.003385225931803367
0.41672349533333336,20.056225227945497,0.5356923509427581,11.680592666666668,0.8276121133333333,0.23910492658615104,0.003377596537272133
0.23034643566666665,22.254876108805735,0.5962496962897332,9.105629666666667,1.3238653666666667,0.2229057053724924,0.0067381858825683
0.09831694966666667,23.63314403218965,0.5933275051911955,10.239968333333332,0.9779828633333333,0.24008166790008542,0.0020256042480468668
0.6730983099999999,17.31389236078158,0.5319020714601408,10.327059666666665,1.2964110133333335,0.2574017246564229,0.003106276194254533
0.17821173199999998,22.22186536907712,0.5836171118085506,10.832695666666666,1.0520818166666668,0.22215636074542996,0.0026184717814127334
0.19334669333333332,22.28169629655935,0.5797341372360253,10.113343666666667,1.206806066666667,0.2165800333023071,0.0
0.1610834223333333,22.04676125982432,0.5740599793681502,12.213835833333333,0.8403499933333333,0.2209195146958033,0.003708044687906867
0.25436416766666664,21.60074560110749,0.5814409516371145,9.948398,1.3841381000000001,0.22033265233039856,0.0010889371236165334
0.2011621676666667,20.265808577170407,0.5682709020382232,11.592727333333334,1.1845687533333333,0.24952343106269828,0.0
0.18113774733333332,22.060350535551596,0.5790786370058187,10.268334666666668,0.9731106533333334,0.2241544475158055,0.0
0.1467874723333333,23.694157010144384,0.6036144360125053,9.774630666666667,1.0069349233333333,0.23043872912724814,0.0054349104563394994
0.26975406,21.857513922617358,0.5601063436860264,10.373882666666667,0.8265334166666666,0.24768137435118354,0.0011354287465413333
0.140355094,24.070081854117912,0.6059580094811235,9.764870333333333,1.0410386,0.2155983199675878,0.0057227611541747665
0.11490545333333334,24.264498047317403,0.5981699404209851,10.442708000000001,0.8097441233333335,0.21301547189553574,0.0023009777069091667
0.268518058,23.17585423200948,0.6194181479882703,8.4282721,0.9077475333333332,0.18082678814729047,0.0062930583953857006
0.49677804666666664,21.224775471415963,0.6152527708555262,6.850918,1.4379205833333335,0.18760066727797187,0.0020644664764403998
0.24063096666666664,24.402182970317327,0.6651439074625859,6.3320276333333325,1.1715113000000001,0.198110801478227,0.0
0.22888955,22.32497592514809,0.5767735185371444,9.368007666666665,0.7849454533333334,0.2509331355492274,0.0
0.15254968133333333,22.81624619451729,0.6037591493109113,9.784477666666668,0.94682092,0.21418032546838126,0.005519072214762334
0.23443266666666665,19.98687071796125,0.5691721678955166,8.959083999999999,1.3040676999999998,0.2542879283428192,0.0068507194519042665
0.06923887833333334,26.24387845224037,0.666740828915983,7.577663666666667,0.9983456866666667,0.23388886203368497,0.0013704299926757667
0.08090230833333334,23.496328238832774,0.6059314742041755,9.836852833333333,0.8092326533333333,0.27079107364018756,0.0040144920349121
0.11047247333333332,22.51890724622287,0.5977201971363195,9.037571666666667,0.8717081000000001,0.2558032174905141,0.002622286478678367
0.09877263600000001,24.18721058225987,0.612303027899148,7.894705333333332,0.8352752099999999,0.2455058048168818,0.006380319595336866
0.14633367333333333,23.87149236097186,0.6801374984728575,6.040035266666666,1.2045640000000002,0.2210671752691269,0.0026082197825113666
0.08577772900000001,25.76082183954433,0.688143720290543,6.3972142000000005,0.9794794666666666,0.22319551805655155,0.0036608378092447664
0.10404195833333334,22.419379410251,0.627363717114569,7.800947233333333,1.0587358,0.23942412932713822,0.005417505900065067
0.083884155,20.472781592017053,0.5912275553503902,10.500528666666666,1.0829759333333333,0.24261375268300375,0.0029447078704833668
0.070104491,21.208837728834812,0.572536152131478,11.268133,0.6183248966666667,0.22154406706492102,0.004975795745849567
0.31748502666666667,16.42175293020382,0.4534408666221316,28.607729333333335,0.4755097466666667,0.31298139194647473,0.0
0.7371503399999999,14.289498234875559,0.43817141008207466,23.446333,0.6214787300000001,0.33027446269989014,0.0014673868815103998
0.5343924366666667,14.732212475464904,0.4344169669764492,23.998948666666667,0.5521767866666667,0.3449061910311381,0.007396300633748333
0.3395628433333333,16.489462043491617,0.47237980575333965,21.67741666666667,0.6536411866666666,0.30907873809337616,0.0054855346679687006
0.19306268333333332,19.75721673242063,0.5364334384011892,17.136119666666666,0.8618661333333333,0.27367388705412543,0.0017020702362060332
0.29617282666666667,16.587321502802407,0.45424365559407653,19.529866666666667,0.5020911566666667,0.3119791448116302,0.004806995391845667
0.26612423,16.931691298129795,0.4529736200791266,18.428573333333333,0.6458107333333333,0.29937738676865894,0.0038175582885741667
0.19662829999999998,18.231824844188,0.46926602238770093,18.837766666666667,0.6253796,0.34578385949134827,0.0030182202657063665
0.17763579,18.391428473616525,0.49847474382054074,17.973750999999996,0.7548835233333332,0.29427571098009736,0.0014290809631347333
0.24015137666666667,17.943076437777073,0.47824351833251244,15.895485,0.9564661666666666,0.3213685651620229,0.0027782122294107998
0.13076646866666666,19.686541172305578,0.5364226663545736,14.800625333333334,0.6492008,0.2938350091377894,0.004145065943400033
0.140421625,19.110489554356445,0.5027518969538662,15.864835333333334,0.92594391,0.29378868142763775,0.0042762756347656
0.10878683133333333,19.10064177708659,0.5025137369446296,15.773218,0.7685129533333335,0.2873994509379069,0.0013283093770345
0.10165710666666666,18.712877174381195,0.5260990469739849,15.858540499999998,1.0034189666666666,0.2621677021185557,0.0020243326822916665
0.09240100766666666,19.168066788345715,0.508828635013212,16.743141333333334,0.5926581433333333,0.29658516744772584,0.0046169757843017
0.08706826866666667,18.952513013750064,0.5121998042075401,16.36107416666667,0.77934878,0.27967142562071484,0.0025291442871093668
0.05853680933333333,20.272897301341686,0.5499112695547778,16.440193333333337,0.7976098133333333,0.2680485198895136,0.005036036173502566
0.14992231933333333,17.104955178724058,0.5040078617171622,16.344517999999997,0.95981035,0.2769915759563446,0.003920952479044567
0.09319547733333333,18.07782165930558,0.5249555227390309,16.750882333333333,0.77596212,0.2768405924240748,0.0038556257883707334
0.12622886233333333,17.355591771948607,0.5269845924970518,15.930771666666667,0.9027159666666665,0.24318374693393707,0.0033866564432779665
0.08558551199999999,18.938353848124056,0.509079693812904,17.08926333333333,1.0079098333333334,0.2750749538342158,0.0024131139119466
0.07755048566666667,20.2668645341503,0.566847295055333,14.752774333333333,0.8119859333333332,0.22330888609091437,0.0010750293731689334
0.12085601066666668,19.42255684601025,0.5627256152099572,14.303000333333335,0.8038398333333333,0.25427980224291474,0.0024948120117187335
0.12998155066666667,18.625349558365087,0.5222275945310051,15.079084166666666,0.84568391,0.27828230460484815,0.0032353401184081667
0.122412484,19.465484489030246,0.5373551773599027,13.593489833333331,0.8366822233333333,0.27566948036352795,0.0
0.12787251166666666,19.130363284899545,0.5260377464816706,12.838971333333333,0.7914878,0.29199100534121186,0.0033778349558512334
0.1487407483333333,19.853054152349106,0.5677118746247313,11.040356333333335,0.8869939833333333,0.23752697308858237,0.004483302434285433
0.16313434533333335,20.067892077265096,0.5537258939821468,11.072809999999999,0.8050273,0.24559607605139414,0.0031684239705403335
0.22031156333333335,20.898526653479646,0.5862949151921653,9.373397666666667,1.0266939133333333,0.22788643836975098,0.0033876895904541
0.26499430333333335,20.37545100107452,0.5624967096185304,8.932429833333332,1.0275011433333334,0.24619166056315103,0.0
0.16937044333333331,23.011165962823423,0.6035063302586549,8.372338999999998,1.0670312133333333,0.256722887357076,0.005636374155680267
0.15265652,23.683096359462496,0.6394632864881139,7.117666533333334,1.1007471333333334,0.22132326662540427,0.008129278818766234
0.12346114000000001,25.087077299191847,0.6564414802818405,6.9783346,0.9012915866666668,0.25326935450235993,0.003826379776000933
0.2260475916666667,23.528307568123868,0.6426729165783414,6.508572666666666,1.0183938666666668,0.25164924065272015,0.0007243156433105333
0.350283372,24.69175042171725,0.6642309053211523,5.6739272666666665,1.2928874,0.22193716963132223,0.006837368011474567
0.21206070666666665,24.176982425537403,0.6654764848406671,5.865172633333334,1.1975924333333334,0.2101788570483525,0.0024216969807942666
0.24837311666666664,20.427222762681627,0.5901218749173779,7.653405,1.0763725866666667,0.21543400237957633,0.0024302800496419
0.38791262666666665,15.841137446840557,0.4302725212668597,19.651793333333334,0.6738797266666667,0.38421032826105755,0.0042665004730224
0.21394420333333333,22.09196922763216,0.5170244422714975,12.447566,1.1809294666666668,0.30374330778916675,0.005302826563517199
0.37694954333333336,17.971191614082397,0.4376045867286127,15.195107666666667,1.0359706333333334,0.3192656983931859,0.0024507840474446334
0.6439399533333333,18.396271468842333,0.5067995092662205,9.888115999999998,1.2705085900000002,0.24955198665459946,0.0023947556813557667
0.12542371333333333,23.416847238812853,0.5840132700521798,10.0566975,1.1241900999999999,0.2630551556746165,0.0018533865610758334
0.1724275333333333,19.938514801803784,0.5190974919362311,12.199725666666666,0.8768916133333334,0.2509665886561075,0.0056076844533284
0.10694436766666666,22.035777593128007,0.5669704892118211,10.834794166666669,1.1010302133333332,0.2499292641878128,0.004181385040283167
0.09202945333333334,21.351679406811694,0.5815650350136666,10.410206,0.6559658,0.22503540416558585,0.0018275578816731334
0.12706621966666667,22.785964659097143,0.6167922949107246,8.122290833333333,1.2061908466666666,0.20054300129413605,0.0026853879292805666
0.15410173666666666,20.25237192541431,0.5790076219885403,9.859825666666667,1.1274147133333334,0.2539125978946685,0.006088892618815067
0.14157623133333333,20.251314796678418,0.5653332371858841,10.305213166666668,1.3082788333333333,0.2382686336835225,0.0013384024302164667
0.11429582299999998,20.482993889204582,0.5777108866609072,10.081730666666667,0.9027550166666667,0.23872332274913785,0.003423531850179
0.10273024733333332,20.221201605139203,0.5127374922837021,13.152279333333334,0.7153884766666666,0.2822743554910024,0.004755338033040333
0.08752807266666666,19.677514578182667,0.5472478261096588,12.370141333333335,0.7829150433333334,0.2572648674249649,0.007306496302286733
0.06505113333333333,20.502499123104,0.5463115223898543,12.426980333333333,0.6946511133333333,0.26673467953999835,0.0019752979278564336
0.06898696133333333,19.347996013533336,0.5759572879406373,12.145900333333332,0.8050895633333334,0.2393662085135778,0.005560080210367799
0.07024386833333333,20.2814822769746,0.5644245825740356,11.874694,1.03526415,0.2320438673098882,0.006819963455200167
0.07178987566666667,19.536401791178722,0.5503214755600566,12.815072166666667,0.9983678666666668,0.257297287384669,0.0034509499867757
0.09354101133333333,18.853284891254493,0.5325697186520308,13.324522333333334,0.8580227800000001,0.2740647991498311,0.0037930806477864
0.06306246833333333,20.06063914593154,0.5706092293326307,12.268102833333332,0.8032849133333334,0.24794616301854452,0.0033657550811767335
0.09081382133333334,19.128492791441563,0.5558875555410412,13.232180666666666,1.0791387666666667,0.2311632682879766,0.0031195481618245
0.11297835133333332,19.281633946934235,0.5695331656828061,10.969760333333333,0.8882435333333333,0.21875388423601785,0.0018328825632731001
0.08002719900000001,20.088018404447183,0.5633887973080421,12.747330666666668,0.7593905166666666,0.23018854359785715,0.0024996598561604667
0.12192881,19.414785986884592,0.5618560733434802,11.498681666666668,0.911801,0.23065240184466043,0.0017920335133870334
0.12844745899999999,19.1519821366352,0.5593632227626187,10.934492833333332,0.8677271766666667,0.23464276889959967,0.0
0.14972011666666665,19.173519861074613,0.5693679727057569,10.804613000000002,0.7033151333333333,0.23745366930961606,0.0060025056203206
0.134139351,20.099684560513438,0.5838845654803233,9.514846333333335,0.92821871,0.21256664395332334,0.005560954411824467
0.13600055133333333,20.81970922273578,0.5975580626682205,9.081826,0.8322899,0.2226378371318181,0.0028163592020670337
0.122045728,22.267368315593092,0.6229231247887134,8.773667666666666,0.9263271966666666,0.2269574155410131,0.007309516270955367
0.23474984333333335,21.106135190250253,0.6283647375255458,6.749995999999999,1.0144874666666668,0.1951944629351298,0.005290905634562166
0.21920916666666668,22.761742393149433,0.6636446010653086,6.018553100000001,1.1176378999999999,0.20795506238937375,0.0020171006520589
0.16921233666666669,23.793378759524938,0.6896449527619756,5.321287300000001,0.9534731566666667,0.19032202661037445,0.003458102544148733
0.12740827799999999,25.661473787324155,0.7239046881554064,5.0866271,1.0837695666666667,0.19246111810207364,0.0062614281972249
0.10489519800000001,27.011137874719054,0.7580514446648036,4.299388733333333,1.0275195766666667,0.16913578410943342,0.0028450489044189
0.16709733133333335,25.979550438111954,0.7498759276354855,3.8084328666666667,1.1723662133333335,0.18410128355026242,0.004350105921427367
0.23863166,23.553906407767936,0.716583371268265,4.1254239,1.2489264666666666,0.18809438000122705,0.0039135615030924
0.13843412000000002,22.45237485250603,0.6965494668991536,5.1108655,0.9522247866666667,0.20813558747371033,0.004161357879638634
0.08354654933333333,18.360481925724216,0.5226509563747374,25.158210666666665,1.0980051,0.261592611670494,0.0016197363535563
0.49866846,28.150805755665658,0.7092412219954723,5.2568051,1.32024958,0.15293883780638373,0.0
0.3714094266666667,24.071689342841694,0.6570099663300561,4.815813366666667,1.3540823666666668,0.16419319311777747,0.0
0.2874760166666666,23.665494189233502,0.6603132339211338,5.7802999,1.1548010333333334,0.15087192753950754,0.0020653406778971335
0.20562418166666666,23.359114522664356,0.6463011834583561,6.894543233333334,0.9914495333333334,0.15794202437003446,0.0022346178690592334
0.25380228833333335,21.6130727629138,0.639936669694702,6.652274000000001,1.2254239333333332,0.17345486829678214,0.0046730836232503
0.2764130866666667,19.93858427937069,0.5588907654027855,7.313585400000001,1.1258268666666666,0.17289769649505607,0.0012527306874593
0.14551486466666666,21.39460628361609,0.6255355889324747,9.267256,0.85577645,0.19363559782505035,0.0026855468749999666
0.22334433,21.991249599336673,0.6638021500138466,6.980479866666666,1.3049463333333333,0.1624301746487617,0.003440856933593733
0.31984909666666667,21.942883625831357,0.6584703892433944,6.204225666666667,1.5011284666666667,0.17795082678397492,0.0
0.18915455666666667,22.967920264362178,0.6596171645056431,6.0345051666666665,1.1136974,0.16475590318441385,0.0
0.26909765999999996,20.646841780574587,0.5897608908588777,6.527214033333333,1.1337884666666667,0.18575825045506153,0.0016827583312988002
0.10898986399999999,23.91867603090213,0.6851671709517521,7.1565214,1.0301636,0.1806792244315147,0.0
0.22518884333333333,20.115247438501687,0.6092356006826956,7.409413866666667,1.2806569333333333,0.20621690154075614,0.0024525324503580667
0.16926444166666665,20.576591666018086,0.5944053581072136,9.032551333333332,1.0421060666666668,0.22565044462680808,0.004192034403483033
0.11565226466666667,20.829540181570298,0.5999232738425407,9.119812333333334,0.8830591000000001,0.20404983560244241,0.005702972412109333
0.10521690866666666,21.56658646729007,0.6057986806022598,9.553242166666665,0.8292140266666667,0.21787045896053314,0.0057079792022705
0.158108682,20.088277482651602,0.5841243517386862,8.851692333333334,0.7605740000000001,0.21444044510523472,0.0036404132843017335
0.09451046666666667,21.31506074087415,0.6176960643326522,9.109551666666666,1.0756272000000002,0.22880548238754264,0.0007238388061523333
0.08479805733333334,22.16583357006881,0.6399323206179149,9.093801333333333,0.8492068133333334,0.19511190553506208,0.0025242169698079333
0.08067688933333333,23.053347699184428,0.661361867199339,9.455863666666666,0.9544814333333332,0.19372718036174771,0.0
0.18617169266666667,21.041120355803653,0.610261545966182,8.475068666666667,1.0370768533333334,0.22127908468246457,0.0030647118886311664
0.12164849,21.196792863145625,0.6585282455116729,8.297471,1.2175986666666665,0.18954375882943472,0.006522973378499333
0.137897801,21.489787745676907,0.6297917133040865,8.601741666666667,1.0558967533333334,0.2139517118533452,0.0025273958841959335
0.1788988933333333,20.62172241334133,0.6170517858961398,7.630211666666667,1.1582007333333333,0.22378571331501007,0.0010805130004882667
0.15586695666666667,21.394002709527538,0.6111418453483929,7.767219133333332,0.9502148333333333,0.22340746720631913,0.0034331480662027664
0.24739123333333332,19.28960440590487,0.5892672570098859,7.6501201666666665,1.1229176866666666,0.19616105655829108,0.0022248427073160667
0.14595835166666668,21.655358147127927,0.6201488304636257,8.147756866666667,1.0205610666666667,0.247955838839213,0.0033679803212483665
0.15230176000000004,20.88729778104216,0.6334289258853966,7.579556,1.1302120999999998,0.2049842725197474,0.0
0.21027208466666666,20.58639088249081,0.6169609889623205,7.8398910666666675,0.9480075333333334,0.19105844696362814,0.0031514962514241334
0.17378264466666668,21.324688338182316,0.6700532207714106,6.839331333333333,1.2108325666666666,0.1828397959470749,0.0012518564860026
0.14675174333333332,22.260165239887815,0.676874989755368,6.941910500000001,1.1699424333333333,0.1636871645847956,0.0
0.15886319866666668,22.094322336461712,0.6966152383422021,6.077759366666666,1.1609069166666666,0.14932884275913236,0.0042305787404378
0.16415749,22.278863394028388,0.67625812311412,6.007055633333334,1.0827227966666666,0.1917280207077662,0.0
0.21359741666666665,21.521461914936918,0.6687001959219128,5.441235233333334,1.1609382333333336,0.18071218580007545,0.003901720046997067
0.17102140333333335,21.25095752916474,0.6530881701749279,5.6931704,1.1647726,0.18645404279232022,0.005832751592000266
0.18622229966666667,20.20313695432604,0.6388861061882779,6.724774166666667,1.1095374666666666,0.19294432799021402,0.002105236053466767
0.08545570166666668,21.736729365998276,0.6801438611170476,6.323084333333334,0.8974162166666667,0.16684320320685705,0.0018057028452555333
0.09187826233333334,21.578422394280665,0.6560488443404165,6.000816833333334,1.0185824333333333,0.17705126106739041,0.0008351008097330667
0.08889312,21.619171769690386,0.6426351491232772,5.810926733333333,0.9279840866666667,0.1749103590846061,0.0018880367279052667
0.19616058133333333,21.221755372240292,0.6535603496891771,5.813591733333333,1.0224483666666666,0.1846989020705223,0.0
0.36568933,24.735412821210037,0.6184163171960925,7.0109867333333336,1.1073693999999998,0.23526448259750998,0.0
0.20561326800000002,16.78888531753203,0.516338910377228,20.800728666666668,1.1576679666666667,0.29860548675060267,0.003335158030192033
0.41799087333333335,26.035150691966834,0.6975854713832993,5.320354133333333,1.1864445000000001,0.1661421234409014,0.0008659362792968667
0.29938252666666665,25.634254797840686,0.7022853695101765,4.474272633333333,1.3093709333333334,0.14018659293651575,0.005608002344767233
0.37531991333333337,21.279875015555085,0.5771726236879112,5.375419099999999,0.9729782899999999,0.16033579409122464,0.003086566925048767
0.5557632533333333,20.107524290842246,0.5642134026527711,5.893982266666666,1.2390320666666668,0.19131215413411454,0.005077759424845367
0.3031657383333333,23.464065810910203,0.6856306018250692,6.512259333333334,1.4781194,0.17658590277036032,0.0026866594950357998
0.4785100666666666,21.946997272121603,0.6457615764108574,6.599029233333334,1.5810637000000003,0.18794759859641388,0.0027226607004801335
0.3690558386666667,22.0946468576665,0.6512055375550179,7.282150733333334,1.0203493866666666,0.1764571517705917,0.007646401723225833
0.3444557746666666,23.428294357203395,0.7047691818609919,5.652560333333334,1.6519980333333335,0.16600244740645087,0.0018379688262939
0.17413756533333333,24.595287575014847,0.7082798720821128,6.5553474,1.1793863866666665,0.1652569770812988,0.0016436576843261667
0.35183747,22.131337873750578,0.6536107709495655,5.627938666666666,1.4081002666666667,0.1710582673549652,0.0033880869547525667
0.32832285,22.339201256945557,0.6427801854352709,5.8484568999999995,1.0873758999999998,0.16610457748174667,0.006804227828979433
0.24566138999999998,21.780210183388444,0.6375214030292439,6.7363919333333335,1.1500073666666666,0.1840294574697812,0.0007911523183186667
0.22374377666666664,22.748686159185194,0.6246878333855866,7.903126566666667,1.1076022,0.20960138738155357,0.0
0.10643915333333331,24.31082815795661,0.6547668631744635,7.993294666666666,0.8305643466666667,0.19268779456615445,0.003950754801432267
0.15034569,24.093771972687467,0.6680584670137982,7.381443033333333,1.1140719166666666,0.19787933925787604,0.0035630861918131
0.12586385533333333,22.772215831584464,0.6440370144299693,8.639849666666667,0.7607058866666666,0.17457197854916254,0.006667534510294566
0.17423091466666665,22.482085710501806,0.636662872529362,8.350432,0.9104473,0.19658360878626502,0.0
0.10934719166666666,23.372733417934544,0.6489336643515085,8.363584333333334,0.7618211766666668,0.19129610558350882,0.0065520604451496664
0.15037214666666668,22.41617452434529,0.6349390453184883,8.5431381,0.8713048333333333,0.1948217699925104,0.0025824705759684
0.27825588,21.718289436730064,0.6341683008906523,7.870532900000001,1.2071215666666666,0.21132194499174753,0.005239645640055334
0.3238271133333333,22.859226708036143,0.6599069390152668,6.298058999999999,1.1684122333333333,0.18722548832496003,0.002106428146362267
0.28364921000000004,21.740361231263552,0.6446530382616419,6.726955566666667,0.99096121,0.16705701251824692,0.0037964185078938665
0.2523782,24.021455396749364,0.6812041950227807,6.388407866666667,1.0985725466666667,0.17702870815992347,0.0062251091003417665
0.18282844666666664,22.68528407606824,0.6430072906206427,8.272114333333333,0.7842650433333332,0.21345508098602295,0.0033902327219645
0.41799913666666666,20.045189900878523,0.5712334907705415,8.390846133333334,1.1120295666666666,0.21356242398420963,0.00033863385518389995
0.27853568,20.38326938496567,0.5927466807907323,8.6089769,1.0592136666666667,0.21268570919831595,0.007117986679077068
0.2718642133333333,19.400182600848286,0.5564839006801269,10.214391833333332,1.2462272566666666,0.2555395613114038,0.0015619595845540334
0.20083505466666665,21.27954948047239,0.5698208744186049,10.060621666666668,0.8904063533333334,0.2668470740318298,0.007415930430094334
0.10557623999999999,23.13266909107234,0.5896817634278017,10.095437666666667,0.8676684866666667,0.24847025175889334,0.0009082953135172334
0.14865251,21.289738028709053,0.5703376110428263,10.468330333333332,0.8148194999999999,0.24795893828074136,0.0006694793701171667
0.22678466333333333,18.25581337019063,0.5194620432707665,11.596628333333333,0.9774732766666666,0.3219822148482005,0.0023642381032307667
0.2858351833333333,19.641841297589377,0.5609021181211963,9.334750666666666,1.0075570233333333,0.25454605122407276,0.0013461112976074
0.19371194333333333,19.322169409286445,0.5638881646293991,9.763589333333334,1.0742979566666666,0.25183655818303424,0.0040134588877359665
0.145558035,21.938924149699663,0.6283371989694504,7.2666096666666675,1.0675383166666668,0.2256611088911692,0.0014877319335937333
0.2134558166666667,21.402376898384933,0.6394106001368044,6.362714400000001,1.1135601666666666,0.2123298396666844,0.0
0.13085806200000002,24.086184495516633,0.699789683717773,5.623618333333333,1.0986552766666666,0.2327496608098348,0.004650354385375934
0.45906764,20.414099025545507,0.6322157270212685,5.8899354,1.6062699,0.2826147029797236,0.0034735997517903335
0.13439223166666667,22.30306771830148,0.6586982260920409,6.678185200000001,1.0800853000000001,0.27956172327200574,0.005203882853190066
0.12465585133333333,23.38827743853773,0.691240321633151,6.1502566666666665,0.9140420666666667,0.2559131334225337,0.0018270810445149667
0.10345526,24.8509042287416,0.6134881539167726,10.402968,0.82518673,0.1837589815258979,0.0020616849263509
0.18975167333333331,22.691972320343798,0.6043349583343586,9.193150666666668,1.0781133333333333,0.2178311049938202,0.0
0.19353300833333334,24.134934410057994,0.6532938818036906,7.539700333333333,1.1794369333333334,0.18657339364290235,0.0052682558695475
0.29456557333333333,24.364123648128285,0.6476166079969072,7.056248666666666,1.1999157866666668,0.19136026253302885,0.0013887882232666
0.3061010966666667,27.239864489676574,0.6978835200189645,5.702569333333333,1.0368433,0.20145769913991288,0.0055752595265706
0.51364663,24.23840338798328,0.6663008757990803,4.757194466666667,1.546230633333333,0.17717720816532764,0.002694209416707333
0.4183076233333333,24.243881406310717,0.6824122832135601,5.179054066666667,1.4445667333333334,0.23783438404401144,0.0036544005076090333
0.45419875000000004,23.847381699241783,0.6614873166623833,4.629175166666667,1.2226074,0.19804813216129935,0.002056439717610667
0.41913131000000003,22.297297348386824,0.6474168055046283,5.000211333333334,1.4876591333333333,0.20951437205076215,0.005550781885782834
0.41675808,21.56169582050788,0.6510432066435167,4.9780092,1.4027781,0.22410757839679715,0.0015846888224283666
0.38377265666666666,22.40716583501288,0.6663313966374048,4.7176322,1.3627339,0.2131263266007105,0.0033922990163167
0.35513488666666665,24.59837969218164,0.7013822497305696,4.7119766,1.5294313,0.23282030721505478,0.0020030339558919
0.14425567166666664,26.307179877032002,0.7243082394521992,5.357491666666667,1.2250505333333332,0.24639689425627387,0.003260374069213833
0.158788945,22.597284911293738,0.6166483292731741,8.249913300000001,0.9897251533333334,0.2659309953451156,0.0020813147226969335
0.30427382833333333,21.379292119758635,0.6019157458276028,8.211191666666666,1.0724205833333333,0.2569885750611623,0.0027136802673339336
0.15820264333333336,23.12680461972403,0.5777392091903472,9.856888,0.9345852666666666,0.3257338106632232,0.002893209457397433
0.24190720833333335,22.401158195286616,0.5892725540844242,9.161851866666668,1.2578632,0.3043106446663539,0.0
0.452079828,19.544548277228692,0.5622406969357833,8.849626333333333,1.1754777466666666,0.2745663871367772,0.003949642181396466
0.3030006596666666,22.18083819071583,0.6124490133880833,8.384734499999999,1.3123116833333333,0.26838189860184986,0.0064192612965901
0.39659543166666666,22.315406205342708,0.6133529108703596,8.047729,0.9762043666666665,0.22974488635857895,0.0027046203613281003
0.21640511333333334,23.585732492987646,0.6190857883044981,8.606176333333332,1.0026082833333332,0.25176294644673664,0.005978584289550733
0.3585848466666666,22.816406311874914,0.6321088654806607,7.285372566666666,1.1613699333333334,0.2290294021368026,0.00612473487854
0.11076930666666668,23.9369335865269,0.601666810507166,10.019115,0.9515108333333333,0.30030911664168036,0.0014072259267171002
0.2701883246666667,22.344433042568777,0.6084167317419666,8.805924166666667,0.9507662166666666,0.24858113626639047,0.005280653635660767
0.3597902966666667,21.400591783969393,0.5898640728348219,8.034062066666666,0.9579837466666667,0.25415836274623865,0.004602352778116833
0.23396677333333335,25.279268225447893,0.6675026638811756,6.797280199999999,0.8860292466666667,0.23010500768820444,0.0
0.15968437666666666,24.350766869428174,0.6561765218588317,7.3110545,0.9152422833333334,0.2400724391142527,0.0033964316050211336
0.18057349133333334,23.60633933351345,0.6273719445333126,7.323825199999999,1.2730045666666665,0.2625684936841329,0.0027517477671305333
0.147357865,23.965215339358423,0.6235765712222813,8.1494001,0.8812003666666667,0.24152984718481696,0.0013895034790039
0.21159187933333334,23.274268692300073,0.624875648038634,8.321517366666667,1.09510253,0.23120780289173123,0.002968470255533833
0.12808284666666667,22.991846726547447,0.6178857101772303,8.669681333333331,0.9131109999999999,0.24670255680878958,0.003875096638997367
0.14873555633333332,21.716340988564145,0.6142581297539272,8.218144500000001,1.0629704866666667,0.24982377390066782,0.0034637451171875
0.11518840333333334,21.80890179626581,0.6072220236611334,8.5240961,0.89672689,0.28041599690914154,0.0023954709370930666
0.266017404,21.70788874422911,0.6314994651707615,6.705983833333334,1.3280053666666667,0.2524475355943044,0.002004146575927733
0.27623353500000003,27.924713541483886,0.7225186937530591,5.1467851,1.1436857533333333,0.16966082652409867,0.0013101895650227669
0.3173134633333334,25.338396480029683,0.7021252849441453,4.769057966666667,1.0574252333333334,0.16121279696623478,0.009183883666992167
0.5557927533333333,21.453373115174884,0.5902623079718937,5.358192133333333,1.3722654499999998,0.17778434356053666,0.0028151671091715333
0.35034031,21.662959114302065,0.5993503852841099,6.4916796,1.1049123666666667,0.17084691425164536,0.005531469980875632
0.26282280333333335,21.01506099692573,0.6361901481760733,6.866549533333334,1.5864597333333332,0.1812837148706118,0.0029997030893961336
0.45778493000000003,20.59051224132062,0.5660882418175966,6.5519144,1.1036483333333333,0.19118277480204895,0.005311091740926067
0.2587314533333333,22.03190054647148,0.6298034546736971,6.280146333333334,1.1811198333333335,0.1776413594683011,0.0053169727325439
0.2783726733333333,21.418967121432598,0.656769629018244,6.9052429,1.5820401999999998,0.2272527342041333,0.005388100941975866
0.38164386933333333,23.627424658515622,0.6815765958040156,5.832892133333334,1.5346387533333334,0.18798598647117612,0.0006690025329589667
0.24813274333333332,22.27983197941714,0.6427810525295695,7.0373115,1.2062645333333333,0.18912636240323386,0.0
0.16238089333333333,24.42547469673437,0.7008149115657044,5.937116366666667,1.0599601200000002,0.15902529905239737,0.0
0.20576666333333335,21.769522592561955,0.6515134043413021,6.1972153,1.1582988866666666,0.19619501630465183,0.005159139633178667
0.13489647833333332,22.414080761067662,0.6742660243110007,5.888702933333334,1.0866474533333332,0.22001485526561737,0.0013366540273030334
0.12440590933333334,23.88127841944953,0.6954226683764886,5.6282239999999994,1.0844612,0.2259141827623049,0.0016168753306070665
0.157639402,24.041696592196974,0.6814410146448605,5.676039566666667,0.9753980766666667,0.2023310561974843,0.005822896957397433
0.15075990666666667,23.66812970695676,0.6856305602998424,6.132207666666667,1.0159615800000001,0.2097449948390325,0.002158244450887033
0.2391249446666667,23.7155122500704,0.6611104173242145,6.241360233333334,0.9486230666666665,0.19359671821196875,0.0016197363535563
0.24882127,23.132607150446407,0.6577538971640927,6.248495666666667,1.084997,0.2285528481006622,0.0
0.12422762799999999,25.608284016352542,0.6953595825663288,7.071401999999999,1.0247306,0.20965218544006348,0.00131622950236
0.089881932,25.649412940921177,0.7027240348523742,7.194452666666667,0.8928474999999999,0.20122871051232016,0.004864454269409167
0.2534921266666667,20.834727534851282,0.6209382521953962,7.6227698,1.0917688,0.2284362663825353,0.004696925481160433
0.3358981466666666,21.58882734575168,0.649232069184504,6.2236431,1.3496700666666666,0.20256054898103074,0.0040528774261474
0.162942518,23.42135360587479,0.6688139253796254,7.587767166666667,0.91983944,0.1839276850223541,0.0020216306050618335
0.146276046,24.02648907567514,0.6645387320792016,7.8908245,1.1231777,0.2198972851037979,0.0017759005228678334
0.23803100666666666,21.404720846688644,0.6039784079631815,8.831522333333334,0.9487997833333334,0.2167985141277313,0.0034666061401367
0.2235838616666667,21.746999497000825,0.6342423275483268,8.313574333333333,1.1698123466666666,0.1977179795503616,0.004861593246459934
0.2682581,21.644021798080207,0.6301876276387489,8.207904433333335,1.1071894999999998,0.20128079255421952,0.0
0.32274263333333336,20.524027792831586,0.5973515133945604,9.152703833333334,1.0997893666666667,0.1905209819475809,0.0036118030548095334
0.2709161333333333,19.404419795992784,0.5729442229152389,10.037158333333332,1.084604,0.20349386334419248,0.000858465830485
0.18597034,21.042860321794493,0.5958919701461461,9.8408185,1.0127446466666665,0.21775201956431064,0.0020142396291097
0.27413944933333334,20.29965328653447,0.5869657296409727,9.356574,0.9886223,0.2147350956996282,0.0
0.22496799666666667,22.701910530104183,0.6339212571877167,7.550358,0.9650829666666668,0.21881271402041114,0.0042928854624429994
0.193987068,20.95623302956048,0.5917574219482193,8.545703166666666,0.8362836799999999,0.2211143771807352,0.0033412774403889667
0.191080026,20.58876116370001,0.5747273828175644,9.275780666666668,1.0457955133333334,0.2554349551598231,0.0048425197601318
0.11501087333333333,21.867169009290148,0.6101890450426098,8.785463666666665,0.7895399066666666,0.22600147624810538,0.0024282137552896666
0.22142081666666666,21.66869161710626,0.6378869131913504,6.835561333333334,1.4119688000000001,0.21739886701107025,0.0
0.242474658,21.424279604832947,0.6343537846541536,7.292466966666667,1.1608990233333334,0.1991013387838999,0.0006256898244222
0.35010952333333334,18.65289836552878,0.6046778618186247,6.853054533333334,1.7897428866666667,0.2806577881177266,0.0
0.13937531,22.570636991020653,0.7001899942135572,5.928655533333333,1.2904334666666668,0.22936240335305533,0.0013402303059895666
0.10416253433333333,21.73685902174957,0.6236695517688932,8.742608833333334,1.0595567233333334,0.25748761494954425,0.004176219304402633
0.1906753383333333,25.234453465310736,0.6567413831877854,8.114654666666667,1.1776961833333333,0.19129732251167295,0.0033408006032307667
0.21097320666666666,24.205048316468226,0.6608952137393143,7.3250949,1.1182023533333332,0.17400844395160675,0.0027897357940673668
0.3296491533333334,20.687418161097614,0.6132684577748098,7.860487566666667,1.3267136,0.18978739281495408,0.004596630732218367
0.2955118523333333,24.72027500616353,0.6509639753951614,7.766825666666667,1.4126788566666668,0.21585718790690098,0.004851977030436167
0.47462045333333336,21.53781931236426,0.5920666503955602,8.508128000000001,1.2043537666666666,0.2228133132060369,0.003966887791951467
0.22172647,24.622597774830222,0.6670632351776117,7.255972333333333,1.1232410333333334,0.20099223156770066,0.003170172373453767
0.33609529833333335,22.576441410440935,0.6153714260335875,8.383864433333335,1.2178207133333334,0.2180129985014597,0.0005741914113362333
0.15089213666666668,21.938442040472992,0.5995668300888206,9.605596,0.8855375333333333,0.2397466947635015,0.0015271504720052
0.185917908,20.210137564867797,0.5931729031168077,10.046766,0.9556317866666667,0.2224512050549189,0.003197352091471333
0.25626482,23.68127175817213,0.6694706353823121,6.492484266666668,1.0855338566666668,0.203124314546585,0.0033462842305501
0.3260471626666666,26.895034927545677,0.7312741039279463,5.263037233333333,1.3336056133333332,0.21029540399710334,0.0013376077016194335
0.35807535,26.5621749807619,0.7285341153262254,4.6707019999999995,1.4196518333333332,0.22519859671592704,0.0
0.27188845333333334,26.77815867558914,0.7249677398915454,5.2271727666666665,1.2012817333333334,0.19361103574434912,0.0008416970570881999
0.21652362999999997,26.3221086707663,0.7070913804846447,6.0305729,1.1987496800000002,0.20236094792683915,0.003142833709716767
0.43199377099999997,22.840371023583003,0.6061021078037765,8.3761542,0.9116497166666666,0.21726235747337333,0.0023721059163411334
0.24579147999999998,27.803583263231303,0.7493100356390489,4.919146666666666,1.3214621,0.18031690518061316,0.0035686492919921667
0.341799122,24.692018329562398,0.6758179601135783,6.0826544,1.2291804,0.18031529088815054,0.0008108615875244001
0.31032646999999997,25.464435573308815,0.6800825959571156,6.2732399,1.0684228466666668,0.1974085668722788,0.006132125854492133
0.23480350000000003,25.445934662833633,0.6970219691053998,6.352558166666667,1.3220908999999998,0.19975144167741135,0.002036174138387033
0.31297715,25.890213832087408,0.6976170587650135,6.217315666666667,1.425338233333333,0.21364493171374002,0.0008524258931477667
0.5930764813333333,22.668291126153132,0.621956877376782,6.389849000000001,1.4996105566666669,0.27621860802173615,0.0026688575744628663
0.3008478133333334,25.540936863774476,0.6807759565263763,5.930905966666667,1.1241154666666666,0.23465694983800248,0.004698514938354467
0.5156973933333333,20.24508034114419,0.5857057140241285,7.342610966666666,1.4217562666666665,0.2718266596396764,0.0018173853556315
0.11649235533333335,24.06268702962343,0.5893556893091914,9.797805333333335,0.8775443433333333,0.2915124793847402,0.002818663914998333
0.16503378833333335,25.9108342295474,0.6557978496689163,7.319882799999999,0.8833618333333333,0.29896269241968787,0.006836811701456634
0.24873066533333332,23.46427259801761,0.6161841960698852,8.017774866666667,1.03447723,0.26302409172058105,0.0033591588338216
0.2417053113333333,26.161619851174127,0.6921798709158371,5.612124633333333,0.9265623566666665,0.2465457816918691,0.002985636393229133
0.51928431,21.822601855979844,0.6444369132825862,5.522383566666666,1.2744341566666668,0.2351350039243698,0.0010295708974202334
0.18115682233333333,24.348088320502082,0.6708416428501076,6.5505278,1.0263946333333334,0.24373955527941385,0.005422035853068
0.24612580333333334,23.69700038325878,0.6682145898970121,6.396756833333334,1.0294791433333332,0.21258474886417386,0.004590352376302034
0.09058269666666667,17.833656834484216,0.49677997811361774,29.883051666666663,0.7623895266666668,0.25514750679334003,0.0020066897074381335
0.41936166999999996,20.794786225153427,0.5451063855801168,12.587522,1.1421093666666666,0.23901280264059702,0.0041987101236979005
0.4189106423333333,24.12076060702601,0.6221170681045939,7.7271992,0.9785474000000001,0.17133911947409308,0.0020206769307454333
0.17272243666666667,25.047209580403802,0.7058925654735965,6.042874866666666,1.2952620533333332,0.1657218883434931,0.002159118652343733
0.3106263716666667,23.34892982659233,0.6557381358892593,6.552711100000001,1.0769676333333333,0.1762355168660482,0.0032212734222412
0.27848910666666665,24.33581306339995,0.7030477716951004,5.664034,1.2301422133333333,0.1484799633423487,0.0013514359792073333
0.2920076833333333,20.38161725971602,0.595039113714066,8.2706529,1.0344423333333335,0.20371644198894498,0.0021962324778238666
0.28933987666666666,20.52466131725532,0.6124912795853097,7.735160733333334,1.1207258666666666,0.18708873540163037,0.0025748411814371665
0.16637422333333332,22.064844867243256,0.6339609534240819,7.8585816,0.7803877733333332,0.1839159528414408,0.0026747385660807004
0.246771602,22.890926463690317,0.6856972757340328,5.735711299999999,1.3980783333333333,0.16315821309884385,0.002595265706380167
0.17950715433333334,21.014685518975792,0.6072872535577916,5.307982133333334,0.8225802833333332,0.20146341125170386,0.0021926561991373666
0.24678068333333333,18.545347338736843,0.5709694208541806,5.009827566666666,0.76576888,0.19085304935773215,0.0020620822906493998
0.13362369166666666,21.528503827555003,0.6312556275564055,5.287729766666666,0.6560780533333334,0.18760022521018974,0.0033460458119709997
0.20742210466666666,20.754647885082935,0.6385475346769043,5.4657959,0.8620652999999999,0.18677364786465958,0.0026144186655680003
0.20799150999999996,22.893669868777096,0.682896904960581,5.521835866666667,1.1152688433333333,0.21306065718332926,0.005327860514322866
0.16573329333333334,22.127661875891196,0.6673035253929619,5.659058666666667,0.9112439,0.188642089565595,0.0035812854766845334
0.18982105066666666,23.928842934456082,0.6955955465695437,5.45408,1.0581534333333333,0.1837177251776059,0.0030065377553304003
0.2823685866666667,22.132693667440638,0.6361215760027487,5.835524166666667,1.0295616466666668,0.17638233800729108,0.0045855045318603
0.28540467666666663,21.99964338170618,0.6499273941723097,6.2973992,1.1217300666666665,0.199054941534996,0.004360755284627233
0.17234939800000001,22.96495894595896,0.6821191749801766,6.449259233333334,1.1078603466666666,0.19086021184921265,0.0035175482432047334
0.21569125333333336,22.852351697906784,0.6774886488192308,6.6155489,1.04859405,0.19439302136500672,0.004298845926920533
0.20206114333333333,23.054912138042116,0.6806398161210562,6.3709329,0.9709011000000002,0.16843690971533457,0.0020921230316162
0.23270412333333332,21.648077860606453,0.6586816156300839,6.811459666666667,1.1841049666666668,0.16136916975180307,0.0014859040578206334
0.16818330666666667,22.356387337597308,0.6373442522282523,7.8406598333333335,0.9103992333333334,0.17950294415156043,0.0011741320292154667
0.23507213666666668,23.377708161564005,0.6704949152787636,6.458564766666666,1.1527197333333334,0.17484142382939652,0.004181941350301067
0.3298233783333333,22.694329420636034,0.661741069373104,6.177507033333334,1.2335158333333334,0.1791821817557017,0.0060049692789713
0.12688866000000001,24.12771807396817,0.6703013951289943,7.515600666666667,1.0044605,0.18863835682471589,0.0010356903076171667
0.11000602766666667,25.539514023652355,0.7001145050332402,7.066152233333334,0.8684184999999999,0.20694455752770102,0.0006712277730305667
0.13025636133333332,23.76046511648916,0.67294223909008,7.365324433333334,0.9845220166666667,0.17705412705739332,0.0
0.18554031333333332,21.66887478228487,0.6174468339548387,7.872396999999999,0.9262749533333333,0.2037946184476216,0.0026708443959554003
0.10579861333333333,23.365569985786976,0.6686499731657868,7.397541,0.84472585,0.19783598184585563,0.0034998257954915336
0.11618988833333332,21.190615480558737,0.6115635381824277,8.986563666666667,0.7809637500000001,0.2127299110094706,0.0
0.14545463666666666,19.502975491658074,0.5847891758841085,8.631300999999999,0.9510256333333332,0.235346496105194,0.0057726701100667
0.09011801666666668,20.530625156759758,0.5985300236863217,9.126779,0.9342474,0.2425573368867238,0.005671262741088833
0.06302473533333333,20.142714442394706,0.5398078201151918,11.232429666666667,0.7897633166666665,0.2568649450937907,0.002788623174031567
0.12542351133333332,18.392347857519493,0.5632782777562442,9.866712999999999,1.0058786133333333,0.25788543621699017,0.0034078756968180333
0.07295216866666666,20.569077822169792,0.5996478362421152,9.202912333333332,0.77381654,0.22048773368199662,0.005198081334431933
0.13345826000000002,18.30635572629927,0.5949875888683915,8.263364833333334,1.2127609133333335,0.24795883893966675,0.0010009606679280334
0.127008104,19.077271668260277,0.5866579283514057,8.261214933333333,1.0779434666666667,0.26609820624192554,0.006352424621582
0.09782959166666666,20.342888937098667,0.6591859512432058,6.701037866666667,1.0403786333333334,0.2129171440998713,0.005883534749348933
0.10393986399999999,21.941320472302277,0.6649572283024934,6.1967982,1.1146113,0.25903031229972834,0.004973967870076468
0.11143006133333334,20.40543455471865,0.6367164587618505,6.121476333333334,1.0864157,0.22988552848498023,0.0015012423197428334
0.160661185,16.559540153275645,0.5175533383327903,23.460762666666668,1.2056693866666668,0.28767075141270954,0.0052566528320312006
0.6751912666666667,26.024506112304366,0.6905321590085016,3.440676766666666,1.3043867999999998,0.14111679171522454,0.002992471059163367
1.6062950333333335,19.705724747423258,0.39015356106310445,2.9672907,1.44456728,0.1167382846275965,0.0033482710520426335
0.29916788,25.214542283797527,0.6378498919632345,3.3363382666666666,1.2714672166666667,0.09488019347190853,0.0029057661692301335
0.7473634866666666,19.29273067780625,0.3665478932929999,4.6629089,1.1317213866666667,0.12481247385342913,0.0028487046559651664
0.48654118333333335,19.453412796535584,0.37261467925806624,5.4502928,1.102124,0.13585121184587473,0.0029371579488118335
0.21699212666666665,20.829373414256626,0.4679950815608747,6.292740599999999,0.98652401,0.13430571804443994,0.0014470418294270666
0.22938969,20.73779026868932,0.45478789594767016,5.621356666666666,1.0344812633333333,0.11166650305191671,0.006146033604939733
0.41821727999999997,19.223970941908657,0.43695044239971564,5.984864166666667,1.1606307333333332,0.11586672564347579,0.0024278163909912
0.4925290233333333,18.418806632524706,0.3977719928713849,5.7548818666666675,1.09330195,0.13425109535455704,0.0021540323893229
0.43885745333333337,18.058454592694144,0.4240024643968547,6.057984566666666,1.1539734666666666,0.13902605076630906,0.0046205520629882665
0.21216411666666665,20.72935716939502,0.5065261451281429,6.224479233333334,0.86782802,0.15701115628083548,0.0013399918874104667
0.18741003999999997,20.063839526830975,0.48660202109248796,7.1666432,0.8846787533333335,0.1462516884009043,0.0015114148457845
0.15872340999999998,20.422322254484076,0.5250016992785421,7.5911598666666675,0.9145965333333334,0.1873423854509989,0.0019489924112955665
0.13711363666666665,20.19916565217547,0.5641738196999171,7.435175766666667,1.0638125333333333,0.1727090825637181,0.005239486694335933
0.14111552666666669,19.105024925730778,0.543627561614588,8.414757666666665,0.71818625,0.20130060116449985,0.0022522608439127334
0.12795722333333334,18.98234632264206,0.5227878059143417,8.802386766666666,0.5580521133333334,0.21812224884827924,0.0040239493052164335
0.12342949999999998,20.034894868292607,0.551058123423049,7.233228666666666,0.7381460233333333,0.19355084995428715,0.0022915999094645
0.12726529533333333,18.341192450808247,0.5351833150873534,9.376006666666667,0.8454918866666667,0.22036282718181607,0.008435010910034133
0.10671516333333335,19.58604450398897,0.5617219084727757,8.147067666666667,0.9544723566666665,0.19088256359100333,0.0
0.129604356,19.45533148491288,0.5256452952761296,8.663429466666667,0.7667605700000001,0.2295267085234324,0.006866772969563766
0.10517916666666667,19.363045174174772,0.5653432865313704,8.999518333333334,0.8736030166666667,0.18959627797206244,0.0078779061635335
0.16646445799999998,18.17564794622409,0.5292131828676766,9.550191,1.02888785,0.24822805325190223,0.005938768386840767
0.15726032866666667,19.296090720748982,0.558755113814659,8.267037,0.9621526333333333,0.19779534141222632,0.0021336078643798668
0.21605533466666663,18.270657829584817,0.5355403406931517,8.329927799999998,0.9111675666666667,0.2057680388291677,0.006828069686889634
0.24193653333333334,17.538812168114635,0.504473341753974,9.0595985,0.9257210633333334,0.21517726778984067,0.004691998163859033
0.15666966833333332,18.94745236136198,0.5514250365214793,9.099965333333333,0.9907631666666669,0.22170262038707733,0.0012741088867187333
0.18725457166666667,18.149425678769287,0.5195355492630723,9.832409,0.6917939333333333,0.24780064324537912,0.003976186116536433
0.10231196333333333,20.45880173421697,0.5656322180697068,8.772265666666668,0.76436986,0.21771031618118278,0.003340403238932267
0.1454431,19.546699889101273,0.5628531382133362,8.631893566666667,0.8951492666666668,0.24854604899883267,0.004865805308024033
0.1860638933333333,18.951226632094762,0.5573647584183686,8.032605233333333,0.9206318533333334,0.22059341271718344,0.002974987030029267
0.23849084333333334,18.830882188474256,0.513633262279643,7.8528554,0.7833918666666667,0.22840175529321036,0.0043262640635172
0.13016594333333334,21.686715267929213,0.5954181273270409,7.250990566666666,0.8264984833333333,0.19790753225485477,0.007948080698649067
0.13636251333333332,21.032373914880555,0.6046399647684303,7.561838333333334,0.9068929333333333,0.208804965019226,0.0033408006032307667
0.15860222666666665,21.267157779968485,0.6140305966905534,6.900857433333333,0.9018566333333333,0.16081572075684866,0.0005839665730794
0.10654677733333333,21.853049809376923,0.6308899161850954,7.271017999999999,0.8710825799999999,0.1623708332578341,0.004555463790893467
0.175120219,20.978602268527116,0.6027529682220248,7.502393533333333,0.7557802133333333,0.1639186094204584,0.0010129610697428
0.153100605,19.73949587473881,0.5776380314866182,8.063896699999999,0.7676316933333333,0.18675100306669867,0.0047013759613037
0.16231761833333333,20.734800539811918,0.5806114154814422,7.090470166666666,0.7819010566666668,0.16278509795665738,0.0030495325724283332
0.4625580183333333,24.25614909526468,0.6574039090299989,5.319064333333333,1.1644951333333333,0.17907540748516718,0.0038616657257079666
0.2921681566666667,23.716443474381133,0.6666536442058169,4.857212133333333,1.3292323666666668,0.14524351308743158,0.0039303302764892335
0.40822765666666666,22.857086821099504,0.630033249794964,4.286580166666667,1.3615685,0.13537948081890736,0.0037278334299722664
0.48922720999999997,23.772461564584074,0.6614802248350213,4.555572300000001,1.4340922999999999,0.14186018953720722,0.0
0.5084978400000001,21.830192008298393,0.6454434023183723,5.575864,1.7114956799999999,0.1662595545252164,0.004685878753662067
0.33472039333333337,21.40038602871407,0.6475752372393974,6.163951466666667,1.3796383666666667,0.15845557550589237,0.0006034374237060333
0.2747689466666667,22.177111427754227,0.6205123369535775,6.959864433333333,1.0286887,0.16160528361797327,0.0006635189056396334
0.3296485066666667,21.939077846152525,0.6402739861171428,6.055961000000001,1.2398604333333332,0.14043636620044705,0.0022633870442708
0.6137523233333334,19.634581397915934,0.5671900129876057,5.587908533333334,1.3786294333333335,0.18611412247021986,0.0056680043538411
0.19630677333333332,20.72402734083834,0.6159483975052487,5.6957013,1.1504569666666666,0.1944114242990811,0.0061296621958414335
0.21430999333333334,19.333340296417656,0.5873864183821992,5.843988333333333,0.8868626333333335,0.18979220837354657,0.0015705426534016666
0.3017644466666667,18.838817497701744,0.5852532192233754,5.8570785333333335,1.0645782666666668,0.2281192938486735,0.0
0.48535076000000005,16.920145237369308,0.5331249256318186,5.784253766666667,0.9895880699999999,0.21343872944513956,0.0012514591217041
0.3358328099999999,21.069743382390435,0.6315576178847165,5.485626166666667,0.9286131166666668,0.19307820995648703,0.0018075307210286332
0.5910870133333334,16.39412229627628,0.4866067287879717,6.0369248,0.9739793566666667,0.21634580691655472,0.004211187362670866
0.56059897,17.904622923386935,0.5249999200373385,5.9034786,0.9778177,0.22131777306397749,0.0048135916392008
0.6052834633333334,20.98670971546229,0.6177182785813393,5.395143999999999,1.1553913900000001,0.1978754525383313,0.0
0.2693100566666667,21.800666134747377,0.6504559846034074,5.667626233333333,1.0376991333333334,0.19037467489639917,0.002563873926798467
0.3184188,21.96805834050895,0.6592227961670886,5.611238133333333,1.1271925566666667,0.17978776991367337,0.0021149317423502334
0.36848172333333334,21.092162613822804,0.6380498647583908,6.627552633333334,1.1659373000000002,0.19379617273807523,0.0034089088439941333
0.6147754166666667,23.380714842969514,0.668416017801586,5.077298466666666,1.6177705,0.21049613008896506,0.0027216275533040336
1.6488963300000001,19.947583908695652,0.5606950923821754,4.440380033333334,2.2562506,0.2227180947860082,0.0016617774963378666
0.52298811,21.99942654149382,0.6309440805329288,6.049492766666667,1.3615752666666667,0.20710130035877228,0.0025147596995035667
0.6867619633333334,19.920273100137482,0.6003728820282203,6.764416233333333,1.3770005333333335,0.19815664986769355,0.006928841272989833
0.9822053533333334,20.68709750947146,0.5867014224337178,5.6102848666666665,1.4864121166666668,0.2050783932209015,0.0
0.4143140066666667,21.996009230792534,0.6197066460855366,6.568217300000001,1.0383952666666667,0.21624060968557993,0.0010356108347574667
0.17930896666666665,22.950244737902224,0.6579544923554032,7.451710166666667,0.9569598133333334,0.22062839070955909,0.0018410682678222333
0.47868496,20.28741897985204,0.593676872371966,6.9657221,1.0440970566666665,0.22242289781570426,0.0010511080423990667
0.28267750333333336,21.37505471791792,0.6137879259545168,7.201759433333334,1.0268759666666665,0.23841857910156247,0.0021588802337646333
0.18028631333333334,22.707618587993867,0.6629727478088805,6.385612233333333,0.8912984833333334,0.19416670501232147,0.0028205712636311664
0.19825133333333333,22.540192466707833,0.6503389523999391,6.157859133333333,1.0143068866666667,0.2355522116025289,0.004044532775878867
0.17862066,22.46274601778752,0.6476212946731061,6.206071833333334,0.8706351533333333,0.2311855653921763,0.006165186564127567
0.12263088633333334,21.94961528664364,0.6391270477300471,7.359273466666667,0.76160032,0.21891229351361585,0.0019788742065429666
0.20988036366666665,21.189555820806813,0.6384311290786064,6.501971,0.9821377333333333,0.219640498359998,0.004632075627644834
0.168578495,21.48847591775902,0.6309203713604292,6.839663666666667,0.9651248333333333,0.25298530360062915,0.0009758472442626667
0.22093673333333333,19.63793672181879,0.6027870864940118,6.957677266666667,0.67640398,0.23411586383978525,0.0013490517934163333
0.40012628666666666,17.4719333376911,0.5685795434414863,6.7711461,0.8823470766666667,0.23256027698516846,0.005351702372233033
0.214852218,21.63640753455878,0.6484650622352435,6.0017337333333325,0.7934250033333333,0.21772620081901548,0.004176378250122067
0.3286845333333333,19.20555018247248,0.5946829983290992,6.427755866666668,1.0387176166666665,0.2163613885641098,0.005659500757853133
0.37531759000000003,18.91668549141977,0.6084403135219455,6.126518099999999,1.4277176666666669,0.21582950651645652,0.0013466676076253
0.14882023000000003,21.748583397913464,0.652272589087055,5.974045966666668,0.8598732333333333,0.19073247661193213,0.0050858656565348
0.14979281233333333,24.019348357341944,0.6868755780677357,5.648189900000001,1.0230709833333334,0.2020532712340354,0.0048306783040364
0.15767119333333335,20.787463674370397,0.6039098362849713,6.813163333333333,0.9642219333333334,0.21015467743078867,0.0
0.12721748366666666,22.81054023865882,0.676016067095378,6.012762900000001,1.1321099000000001,0.18741325537363684,0.004559040069580067
0.20911776866666668,22.251855882159415,0.632472261913748,5.052761366666666,0.8524476566666667,0.1956205119689305,0.0020208358764648333
0.1421380653333333,26.841091088953306,0.6304815701945823,8.569612999999999,0.9401429000000001,0.18541912237803135,0.003447214762369767
0.5246424466666667,22.802716787876363,0.43737121577520144,4.5557362,1.1195595466666666,0.09498307853937143,0.0021123886108398333
0.23400697333333334,21.46912073347507,0.37336672550446104,5.742383566666668,0.9251646166666667,0.11244197189807888,0.0034382343292236
0.3513352533333333,20.045447504143898,0.3692835735610016,4.9684065,1.1198057333333333,0.10860248406728103,0.0033986568450927665
0.46077084333333335,19.242740658932995,0.3469238675365578,4.652599700000001,1.0974840666666668,0.1315958326061566,0.0036413669586181333
0.50683195,17.30447845364335,0.36187743253798677,5.943775433333333,1.0675100333333332,0.15655557811260218,0.0019849141438802
0.45026200666666666,16.92752397359918,0.3644043880970566,7.186376,0.8757083333333333,0.1771749804417292,0.0057621796925862
0.18631598000000002,17.89856961709523,0.45089818245243346,8.159892099999999,0.9136536933333333,0.18001396457354224,0.004726012547810833
0.16012034166666667,18.22723035118696,0.47107156759777796,8.929213833333334,0.94303802,0.19079344968001047,0.0
0.15010802999999998,19.693653289566967,0.5449031444424095,7.575240333333333,1.0055627266666667,0.17976546784241995,0.003374338150024367
0.18991039666666665,19.03588379179659,0.5318883292767959,7.1706777,1.1210960666666667,0.17965304354826606,0.0011624495188395
0.17462079333333336,20.078426172158398,0.5424532089184688,7.211588766666666,0.99633568,0.24697373807430267,0.005595048268636033
0.16055885,21.23656072682095,0.5882924797635232,6.342046766666667,0.99826221,0.24028481543064117,0.0043268203735351
0.28940492,19.072870547471812,0.5263726883086233,6.568475033333333,1.0868295666666665,0.2429154564936956,0.005339701970418266
0.33116012,19.005328683197575,0.5575357136625291,6.4459551333333325,0.9946146433333333,0.23668144643306724,0.006056944529215467
0.249360691,19.711353824729255,0.555444063616663,7.353213533333332,0.8313923166666667,0.2743729352951049,0.0033415158589680666
0.13291600533333334,20.287556843688794,0.5630669599246141,7.652952766666668,0.8303738433333333,0.26152677337328595,0.0037627220153808334
0.15831801666666664,19.862022695594007,0.5763341334446355,8.495818000000002,0.98278161,0.25900641083717346,0.0037176609039306333
0.07288792866666667,21.789399319187087,0.5931653372157738,8.677056333333335,0.7228153866666668,0.2600827564795812,0.006447950998942033
0.06521748233333334,21.2245310172225,0.5458792727906739,11.15495,0.6419296666666666,0.3011035621166229,0.005736986796061167
0.10225534500000001,20.165118113314943,0.5485581633766192,10.557890666666667,0.7299637166666667,0.2913636813561122,0.002676407496134433
0.06167199200000001,21.76969782361789,0.5863485466804242,10.475210833333334,0.6340014100000001,0.2721823354562123,0.0
0.08319115333333334,21.187787938889855,0.5457704411542998,10.701533,0.7841444333333333,0.3478654722372691,0.0034816265106201
0.09935394666666665,20.7370289137552,0.5606425088898758,9.823588666666666,0.7410119233333333,0.2861036360263824,0.004241387049357066
0.08398062666666667,21.937521898742897,0.5829250975900946,10.125342666666667,0.7591846666666666,0.2845754524072011,0.0013406276702880666
0.24505372333333333,18.346159973604713,0.5257848054869757,9.063744333333332,0.9051344666666666,0.286144956946373,0.0040973822275797
0.17437542666666664,20.673023826310196,0.5742429801240219,8.766411,0.84887582,0.28612405558427173,0.006854057312011667
0.36245194500000005,18.65971838487448,0.5432324592092476,7.639523333333334,1.0910350999999998,0.32227124273777,0.000734806060791
0.4466327766666667,16.960748275643226,0.5097447716172008,7.589940766666667,0.9379742533333334,0.3277745842933655,0.0
0.26047586666666667,19.27119520411075,0.5613841482128791,7.4782473,1.0045988666666668,0.3104652265707652,0.005170822143554667
0.27755081833333334,21.341855966987705,0.6261251123805901,6.764401500000001,1.2854895666666668,0.26847428083419794,0.0
0.16132146133333333,21.129860261421992,0.6163924731515914,7.207205933333333,1.09347242,0.28178642690181727,0.0
0.32793063333333333,18.4140993691278,0.5829423127073663,7.246230066666667,1.3121936333333333,0.26541685064633685,0.0042457580566406
0.10755551000000001,21.079264074024497,0.6114727974633712,8.612430666666667,0.8372132666666667,0.28552032510439557,0.0019771258036295333
0.18180596666666668,20.14525647701325,0.5920454153522843,8.813891666666667,0.8693047033333333,0.2799067397912343,0.0006694793701171667
0.15023126666666667,20.63513867338099,0.6217797003274051,7.2229919,0.9573112333333332,0.23551154136657712,0.0034513473510742
0.14176659666666666,20.25737184221522,0.6336095911859091,7.277820766666667,0.9844107666666667,0.224348912636439,0.0
0.2760855456666667,19.698919479007866,0.5985354257244656,6.497383200000001,0.9658251333333334,0.24260640641053513,0.0012756188710530334
0.174421694,16.4663576995828,0.48336819210145004,26.485394,0.8467800166666667,0.2558096994956334,0.007311662038167267
0.49570549999999997,25.895239399882616,0.6830844450139674,4.446325666666667,1.2244446466666667,0.1482456674178441,0.006347099939982066
0.37099487666666664,22.813319234140693,0.48783089159040194,4.213572,1.0517330333333332,0.09373277674118673,0.0015173753102620334
0.8176123299999999,19.56794815026777,0.44330907780643836,4.7071462,1.2880509166666667,0.11546250929435087,0.0085690021514892
0.3911003133333333,21.513078820649394,0.5119411843278555,5.268304866666667,1.2203617,0.12347719073295589,0.0017392635345458666
0.3569686033333333,19.509421663539502,0.44407813781656275,5.808838866666666,1.1381024333333334,0.13038774331410719,0.005455255508422833
0.2599404066666667,19.907469922521404,0.5146748604943956,7.064894033333334,0.8376322133333334,0.14920466144879654,0.0053456624348958
0.27698807,18.623846182212265,0.4680615872627974,7.815161333333333,1.1946392333333333,0.15705803036689753,0.003053347269694
0.1867371733333333,19.331936287142273,0.5060338557991549,8.392105933333333,0.9730542333333333,0.16072773685057953,0.0052104791005452
0.158602502,19.87412746894149,0.5485586532020412,7.958037666666667,0.96095453,0.16863288482030228,0.0
0.12514567833333334,19.872019874446128,0.5622783363806588,8.019590533333334,0.94665095,0.16552229722340903,0.0018855730692545333
0.12252104999999998,19.787060438362467,0.5443079489268877,8.492387333333333,0.8915442666666666,0.17786353826522824,0.0064038435618082
0.28293362666666666,17.52518757976503,0.4812606177416396,8.399056133333334,0.92506099,0.222027654449145,0.0056805610656738
0.17892367333333337,18.973136878054934,0.5190826215902714,7.855442333333333,0.8166071533333333,0.20854495465755454,0.0027426083882649333
0.11727222666666666,19.253915545871376,0.5398744929795137,9.1382865,0.64802968,0.209396148721377,0.0008732477823892999
0.1558310046666667,17.906610939870607,0.543394930956721,9.23769,0.9809309,0.1899757534265518,0.0
0.12717591466666667,20.015396237766883,0.5502212276864119,9.113257333333333,0.6754144666666667,0.20918463667233778,0.0
0.13650967333333333,19.52512390826648,0.5573546258772585,9.238708333333333,0.8707684666666666,0.2113528400659561,0.002779642740885367
0.1501367073333333,18.909066055805592,0.5489071850917392,8.889620766666665,0.76671002,0.21625009675820664,0.0
0.14471044,18.636287884615523,0.5652981163388472,8.4018502,0.9774277833333334,0.23031318684418997,0.0
0.13001683,19.924811683851498,0.5811585529781166,8.4807111,0.9507171166666666,0.2331632574399312,0.005627393722534134
0.18707599666666666,18.523554334808342,0.589578877196028,7.893995399999999,1.0464680666666666,0.20884201427300772,0.0
0.15087814666666666,19.320771510557435,0.5887495129107229,8.353559,1.01134718,0.24874997635682425,0.0007533232371012334
0.10097871866666668,19.98230324759346,0.5860671388125204,9.3865265,0.7717449666666667,0.2206645359595616,0.0027863184611002334
0.08795251100000001,20.50350128099625,0.6084604321487386,9.782503,0.8146379599999999,0.22624123593171439,0.0019917488098144336
0.09814113133333334,19.899965059116337,0.539021340539747,10.41514,0.7549364566666666,0.31091166536013276,0.0052392482757568
0.146703915,19.038794356804928,0.5250785703562038,11.298310666666666,0.7217059666666668,0.32497941454251605,0.004774252573649033
0.105173615,19.96457659127634,0.5595200360710701,10.317513666666665,0.745786,0.2857221613327662,0.0027464230855305666
0.10866854333333333,19.45247355201401,0.5393594376844315,10.821674666666667,0.71199051,0.3179440001646678,0.0048704147338867005
0.14431225,18.9521977895035,0.5425162913825403,10.160527333333333,0.7598618933333333,0.2867364436388015,0.0013855298360188667
0.12818389666666666,19.878037060302617,0.5611460624706047,9.688017666666665,0.7445312333333334,0.2903702557086944,0.0020298957824707
0.15128574,19.909283960544883,0.5652844257686285,8.193371533333334,0.7621796666666666,0.26788032054901123,0.0
0.23392511333333335,19.211744405630817,0.5576622804958552,7.4777173333333335,0.92861535,0.2512857019901275,0.0036851565043130997
0.16245024166666666,20.745619489441875,0.6126480605401322,7.571305,1.0148861233333333,0.20508580406506852,0.0
0.28963785000000003,19.988834512075883,0.604710138756687,7.441470566666666,0.9442047666666666,0.17032760878403974,0.0
0.23204661000000001,19.495695558143925,0.6164304795034502,7.0318389,1.1497735333333334,0.18723563849925987,0.0028572082519531003
0.12669650866666668,21.09181586151966,0.6207809644086049,7.5757088999999995,0.8133174833333333,0.21175420035918555,0.0046468575795491004
0.12330051333333332,20.815222599834133,0.6258648608708907,7.318066599999999,0.7844607633333333,0.16722082595030463,0.0049475034077962
0.30775652,17.963140914644775,0.5475099695887112,6.697608133333333,0.8993888866666667,0.18159599105517066,0.004583199818929001
0.18977861333333332,19.62353869355415,0.5555703417992298,6.907737333333333,0.9146694833333333,0.26077625155448914,0.0022118886311848665
0.22997319133333335,19.364725486115727,0.5549034525119894,6.216303133333334,0.8951868333333334,0.20606370270252225,0.0027143160502115667
0.36478022000000004,17.99024499157691,0.5072424091751343,6.000130966666667,0.78185708,0.2152128269275029,0.0
0.11836389333333334,21.41242852784835,0.5589335146053536,5.231199166666666,1.0288616666666668,0.1661707560221354,0.0
0.18297940000000001,18.75752630852108,0.45160426837051243,5.6678752999999995,0.9173795066666667,0.1847844173510869,0.0013496875762939334
0.11612889333333336,17.86013769490825,0.5361347818409986,25.094641,1.0308494333333333,0.26427442332108814,0.005691289901733366
0.38263457,21.880521654600873,0.5553343001309736,11.620237000000001,1.01297182,0.181088609000047,0.0013920466105143
0.23805157,22.457100352384217,0.5951054065326232,9.753203333333333,1.2091884099999999,0.1921449055274327,0.005379835764567033
0.23235027666666666,24.08879718713625,0.6110372876700824,8.510073,1.1503989166666668,0.18358894934256867,0.0
0.2576377676666667,24.621203141779088,0.6073110754559817,9.063190666666667,1.2203079333333333,0.21121921141942343,0.0
0.16486344333333333,25.513813969045202,0.701376594888005,6.9711232333333335,1.1167482266666666,0.1569072157144546,0.0010693868001302
0.2999646166666667,21.89093874078758,0.6337238189075234,7.046180566666666,1.3023549,0.1700150122245152,0.0030541419982909337
0.2256747,23.63298901536952,0.6499655957560837,6.978599,1.0519708,0.196989099184672,0.0033733844757079996
0.39146299,20.667956758576974,0.6114086872400235,6.340592399999999,1.3129866000000001,0.17569647232691446,0.004395325978597
0.3057865066666667,23.009197831692564,0.6667645708093112,5.893617,1.29804658,0.17942558725674942,0.0024201075236002334
0.29032046000000006,23.354043998393283,0.661931458856213,6.113934766666667,1.2460943333333334,0.20678589989741644,0.0
0.16035722866666666,24.06627140860624,0.6819133521125845,6.640924133333333,0.9908142,0.18412268161773682,0.004924774169921833
0.25361032,22.649393605947136,0.651992327745517,6.630782033333333,0.9220393333333332,0.19669639567534125,0.0027705828348795337
0.4684179366666667,24.484685507200425,0.6853952418198433,5.3343899666666665,1.4930224133333334,0.19540127615133918,0.005476236343383766
0.23136061666666666,24.483492041408994,0.6738276516462648,6.249705566666667,1.1351283333333335,0.17977545907100043,0.0010025501251220666
0.3615301866666667,21.899060691938008,0.6512342947874846,6.3049313,1.5343058666666665,0.17789281904697415,0.0038425127665201336
0.17331701,23.69259190388017,0.674309975807596,7.083914766666666,0.9893327433333333,0.16563121229410166,0.005215644836425733
0.30356952,20.95091329860479,0.5853178628752627,8.452347666666666,1.0691957733333333,0.22250738739967346,0.0017613569895426333
0.23645217666666665,21.86089227046664,0.6289500801315439,8.641537999999999,1.0002594866666668,0.1962366054455439,0.0020223458607991334
0.40088222333333334,22.103259347209242,0.6240689920805005,6.9685540999999995,1.1025052666666666,0.1719672083854675,0.0013887087504068998
0.4346513153333333,19.19133589911061,0.5537962078902169,9.048856166666667,0.7992357533333333,0.2086413651704788,0.0020354588826497332
0.2969069566666666,19.938203775797803,0.5601547017295975,9.485316466666667,0.8972010799999999,0.22297194103399912,0.005356073379516567
0.2843700333333333,19.407694102402036,0.5894173008738589,8.323971499999999,1.2034396666666665,0.19051911433537802,0.0059336821238199335
0.4686547933333334,18.53501190166742,0.5690546818162775,8.455622499999999,1.5203521,0.21596505244572958,0.0
0.181331892,22.996409306990483,0.6548406373524364,7.0409918,1.1840907666666667,0.188215841849645,0.0027457873026529665
0.20433559566666668,21.52663484630664,0.6316491598491408,7.214245666666667,1.0344347666666667,0.18584682792425153,0.002425034840901667
0.130220755,22.12945749194147,0.6402306887147832,7.990697333333333,0.8332320666666666,0.20968061188856754,0.0030620892842610666
0.09943776666666666,21.651886434395276,0.6270300212291805,8.928873000000001,0.8640980433333333,0.2108375628789266,0.00383194287618
0.130483248,22.06874509449341,0.6313441619245718,7.481379866666667,0.9603530666666665,0.21581645806630445,0.004120747248331666
0.14605985933333335,23.07564759592105,0.666080523866643,6.1600421999999995,1.0242513066666665,0.20988417665163672,0.0060300032297769994
0.15294126633333333,21.733316818069984,0.6319096631874417,6.533896966666667,1.0327058833333334,0.19638450195391968,0.0069936911265055
0.22906932333333332,22.181792403659987,0.6798306186341914,5.388874333333334,1.26136102,0.1887910862763722,0.0
0.2768083333333334,21.418299929930154,0.6161952821665911,5.537330799999999,1.0543757666666667,0.21265867849191025,0.004129966100056933
0.18652720166666667,22.998390262822273,0.6358159088901035,4.983630333333333,0.8619849999999999,0.1320998867352803,0.0009791851043701
0.3773192166666666,19.560957025119347,0.5302151670926811,5.0193702,1.0291155666666667,0.15417396277189252,0.006387710571289034
0.3228400433333333,20.445266928307714,0.6214847436103789,5.6715192666666665,1.1932148999999999,0.18790164838234577,0.004507621129353799
0.09299391466666666,24.065547903256146,0.6746630307329529,6.200197966666667,0.7685950333333332,0.15001401801904035,0.004772106806437133
0.09920279133333333,22.1378837847782,0.6575927796123779,7.132905,0.9879922333333333,0.17874633520841596,0.009388287862141867
0.2905047176666667,22.244695844091236,0.664982741608383,5.707007333333333,1.1973874,0.1783713027834892,0.004130442937215133
0.13685724733333335,23.584184059816277,0.711712852684196,5.8827869999999995,1.0118097166666666,0.1698263039191564,0.003905534744262667
0.2752801066666667,18.17228261716163,0.6119475860537251,7.026201233333333,1.4440081333333332,0.18464595576127366,0.0
0.4312141313333333,18.406237200855085,0.5932906414572415,6.915558333333333,1.6269268333333333,0.22733266154925028,0.0027066071828206
0.3102871946666667,19.043028303257216,0.591252467644952,7.755369233333334,1.3313835333333335,0.2410577336947123,0.006384372711181599
0.110102838,22.85116355823706,0.6767536852148027,7.4088861,1.0458166066666668,0.18991169333457947,0.0046247641245524
0.13099476000000002,21.948129798735028,0.6396501711990833,8.065700333333334,0.9635925233333333,0.19150916238625837,0.004641056060790967
0.16006832833333332,22.212474080861984,0.6353978519978066,7.502446766666668,0.9655534666666666,0.2041509995857874,0.0028593540191649996
0.11881873999999999,23.28746551578808,0.6623123163781045,7.738147333333333,1.0767862000000001,0.22379683454831434,0.0057590007781982006
0.16948275866666665,21.049180691821537,0.6387278816832392,7.469051,0.8630095166666667,0.2101650337378184,0.004180749257405567
0.14334566733333334,22.59304165820497,0.6547879212889538,7.824005933333333,0.9709781999999999,0.20724793275197348,0.0013994375864664667
0.18701018,20.269639774774088,0.61614202866345,8.422564666666666,0.81432344,0.219324916601181,0.003964900970458966
0.18876242,22.038306138164753,0.6429712908950235,7.598002666666666,0.7880999133333333,0.22039030492305747,0.006072441736857066
0.5691138000000001,21.766779075640983,0.6453625720774147,5.549329066666666,1.5074575233333334,0.23338353137175238,0.0055726369222005
0.5852268776666667,24.22279422833699,0.6956661108323803,4.9056352,1.9963434666666668,0.22943324098984397,0.0014625390370686666
0.5084100500000001,20.3392202073805,0.6144575446792647,6.290498666666667,1.1548473999999997,0.2146580715974172,0.0029805501302083335
0.9762827486666666,21.91157218928251,0.6242672361383343,4.9364924666666665,1.8791155000000002,0.21934484690427777,0.0020593007405598665
0.67213209,22.808590973870952,0.6610664828010386,4.6578652,1.982723,0.24916903674602509,0.0060016314188639
0.7158541166666668,20.58009802900722,0.6225126819585571,5.5637161,1.678582643333333,0.20756939301888144,0.0020124117533365667
0.25738985999999997,23.058087196096043,0.6514513471724827,6.553187966666666,1.0220895433333332,0.22928791493177414,0.0050989786783854
0.23066351999999998,22.822871135108233,0.6679295097261987,6.153537,1.0487750466666668,0.22304466366767875,0.004603544871012333
0.4902380833333333,20.497895218225906,0.6112324263779632,6.652652033333332,1.4326716,0.24553788701693213,0.006348212560017867
0.18705174666666666,22.941306037877542,0.6267927978192255,7.023979999999999,1.0216192333333334,0.2736892302831014,0.0062454541524251
0.18752962466666667,22.613573526527905,0.6419020627742512,6.593280299999999,0.9133741333333334,0.24192487200101212,0.0018874804178873666
0.10414958333333334,24.170353783689375,0.6628466902115165,6.7189358666666665,0.9336423333333334,0.25891324877738947,0.006447792053222601
0.22149999533333334,24.654896700564752,0.7119096550974904,5.119595433333333,1.394457466666667,0.2888219505548477,0.0030018488566080337
0.22169409333333334,24.220841455798944,0.7254967455522316,4.292763866666666,1.2621522333333335,0.2750093142191569,0.003499507904052733
0.3911617733333334,20.884105271115057,0.6678600150884232,4.5467264,1.6382663999999998,0.26773768166701,0.0027244091033935334
0.1726589066666667,24.115120060468275,0.7195072487336757,4.9461612,1.4103914333333334,0.2478589564561844,0.006974935531616167
0.5317969666666666,19.243902289832015,0.6300297187466285,4.992049233333333,1.5644988333333334,0.28892409801483154,0.0034143924713134666
0.32883620999999996,24.109382856208097,0.728327736442662,4.081482433333334,1.4229810333333333,0.28959343830744416,0.0028231938680012996
0.12072863133333334,17.729670638341243,0.526869328495929,23.728042333333335,0.9150199866666666,0.287426546216011,0.0008726914723714
0.8418222566666667,20.26306151269616,0.40976806527122617,3.0877684666666667,1.1743732766666666,0.09604308505853014,0.0039434432983398
0.39556202,20.225514333270556,0.38870513666732504,3.2540722999999994,1.0300335,0.0758206707735856,0.0076638062795003
0.09456675666666665,23.64911345888154,0.6031534335293746,4.372118866666667,1.0713464000000001,0.10652481267849596,0.0028386910756429003
0.14189501000000002,21.81240828619549,0.5956180499402973,5.097060533333334,0.9256048566666667,0.1469310546914736,0.0020540555318196334
0.13567613333333334,19.791506061080774,0.5313618545572368,6.539111233333334,0.8745759333333334,0.15320863326390585,0.0053725242614746
0.11859248866666668,20.249913359418674,0.594788597626385,7.187895466666666,0.9603423566666667,0.16263250758250555,0.0020571549733479667
0.14183711533333335,19.345504907438208,0.5644098911499092,7.9091598,1.0513294999999998,0.17656956116358435,0.0
0.09991256433333333,21.27134381446505,0.6195586213891644,7.450723333333333,0.9266735166666668,0.18824166556199387,0.0029785633087158
0.14220864166666666,19.146764922964433,0.5475374342725813,7.334804500000001,0.9205055866666667,0.20677419006824485,0.0057400067647298
0.19087049,17.797671562548942,0.558418040359739,7.6498599,1.0095729666666666,0.22589165965716038,0.002375523249308267
0.10120933833333333,20.55582953350606,0.6007453514685747,6.913424166666666,0.9079957666666667,0.21710586051146183,0.003970623016357366
0.12933516533333334,20.951972961940587,0.650395860129488,5.845449566666667,1.1751035,0.20744497080643964,0.0015608469645182
0.15750081200000002,20.529950276829464,0.6476555881406655,5.6199215,1.0965685333333333,0.2383454591035843,0.0053499539693196005
0.174541956,22.544512441883615,0.6890970545638656,5.443850633333334,1.2586443666666667,0.2619813779989878,0.0027319590250650667
0.11262508,22.94521296974561,0.706137716050273,5.206584133333333,1.3672689,0.289829820394516,0.0034530162811279
0.09083462666666665,22.942122182678684,0.7039007137528225,5.574521000000001,1.2458548666666667,0.2821595768133799,0.0020219484965006335
0.1269743,21.658173989085316,0.6610832713172053,6.033582666666667,1.2508430666666666,0.3252459069093068,0.006722609202067034
0.06390270399999999,24.077568981382978,0.6810556484746306,6.088435166666667,1.0889604466666665,0.3110460539658864,0.0
0.071610785,23.00239947013296,0.6662213765142501,6.500658766666667,1.1094829866666667,0.31643661856651306,0.0011221567789713334
0.07938293,21.84369238115919,0.612260496136027,8.1103268,0.7440141166666666,0.3452894886334737,0.002607981363932267
0.07453404866666667,21.43106747491862,0.6043409734389739,8.564853666666666,0.8207117833333334,0.3617745240529378,0.0
0.04899801066666667,22.944997098355245,0.6156202961664593,9.121316,0.8678768166666666,0.3420877357323964,0.0016230742136637331
0.058559277666666666,22.51414728653422,0.6492348833367395,7.965444133333333,1.0989559,0.28439688682556147,0.0051441192626952665
0.18855805866666667,19.118205305821267,0.6040735760020186,6.648320366666667,1.1140250333333332,0.2931021600961685,0.0
0.15780800666666664,19.761021786077475,0.6174346953813755,7.107715,1.2926901333333334,0.33767105142275483,0.0012534459431966
0.44362619666666664,16.635105465822754,0.5600546918951932,6.181780066666668,1.4347896333333334,0.26977401971817017,0.0014937718709309667
0.34196757333333333,18.182151916275284,0.5963401707380557,5.547421166666666,1.3126969333333334,0.2361192007859548,0.006099541982014934
0.43231699000000007,18.072964980290337,0.588569200142761,5.093180533333332,1.5636061,0.2782139827807744,0.0
0.16548970666666668,22.08716726792905,0.703304844105593,5.111099666666667,1.4512237,0.28730620443820953,0.003492911656697533
0.14263844133333334,21.51351145622762,0.730867482004362,4.8283781,1.5324412666666667,0.26118607819080353,0.0
0.15263058866666668,21.652181712243713,0.707153823624518,5.102517933333334,1.4335071666666668,0.2688334385553996,0.0037046273549397337
0.136266848,20.89447491522768,0.696247906323581,5.121934700000001,1.3651950333333334,0.2587062716484069,0.0
0.09116908533333334,20.66839223541763,0.6901167952896506,5.7430679666666675,1.0713260466666668,0.23480170468489323,0.006677468617757133
1.39241435,18.469837794143874,0.3749503283392077,6.2092941,0.9117416,0.1451558445890744,0.004887660344441699
0.37919613999999996,21.98677141423595,0.5101840222197037,5.4851494,1.13809235,0.11884745707114537,0.0030793348948160667
0.3096793533333333,23.073008250273748,0.5493408002397158,4.612321666666667,1.1348618,0.0999299362301826,0.0016932487487792667
0.47780142666666664,19.713293122200643,0.4341951369737897,4.9080344,1.2185366333333334,0.10697457194328304,0.0009540716807047334
0.17095755999999998,21.814779846808637,0.5720419035381493,6.846688799999999,1.034468633333333,0.13120414813359574,0.005577166875203433
0.28683699,19.445917178394666,0.48627011446873264,6.713480666666666,1.0924853666666667,0.12466898808876668,0.0013379255930582668
0.4173988933333334,18.891515546287664,0.46129149053582624,6.802930433333334,1.0474510666666665,0.15136014173428214,0.0032872358957926327
0.335951965,20.6348883138524,0.4894565707302975,5.7979012333333335,1.06344748,0.1308588683605194,0.005107084910074867
0.2596475733333333,21.52225732657907,0.5265341582736317,4.905041533333333,1.1429441333333334,0.1312588627139727,0.0034111340840657332
0.25714109,21.799139344816638,0.5232058145433266,4.7879415666666665,1.1361873,0.15311626593271885,0.0015812714894612332
0.25483693333333335,21.71978128503873,0.5189198497914523,5.165302866666667,1.0578817333333332,0.17653604845205936,0.0
0.3687722066666667,21.560888467145503,0.5293958205954344,4.973222566666666,1.0571835333333333,0.19657704482475913,0.0
0.209067115,23.104833305152493,0.5587339988626021,5.0773926,0.9312122966666667,0.19926496346791578,0.0017201900482177667
0.38057442666666663,20.11483227047849,0.5047570418803543,4.9777894,1.2533063333333334,0.2365650311112403,0.0022075970967610666
0.123950648,24.114145435539097,0.5867067410337848,5.109867433333333,0.9074113333333332,0.18729646503925323,0.0023815631866455
0.16900383666666666,23.232882158353394,0.5780045227686108,5.5190099,0.9117866566666667,0.2059008553624153,0.001224676767985
0.11822894333333334,23.728555379330555,0.6182436762324118,5.9595415,0.9435240333333333,0.1858427027861277,0.005987405776977466
0.18092149133333332,20.992510730754518,0.5605544366639035,6.744472200000001,0.9488967833333333,0.21785551309585569,0.0056486924489339
0.23177304666666665,19.69908107112869,0.5756694216790332,6.260947133333333,1.2562387000000002,0.20016933977603904,0.0034582614898681333
0.29569360333333333,18.650318970048243,0.5187918835604378,7.393367633333334,0.9722839466666667,0.25963789224624634,0.0036441485087076336
0.11038429599999999,22.729608210301077,0.6273446603842259,6.913294466666667,1.0125696,0.16435929387807843,0.0034840106964111
0.44561585833333334,18.41739840706784,0.5104859360089744,7.934083333333334,0.8900840866666666,0.2200262943903605,0.0013542175292968665
0.20582022333333336,20.410735812285836,0.5518911804408868,7.403085,1.0729697233333333,0.23122674226760856,0.0033743381500244
0.2235254666666667,21.134329361465024,0.5799036747371885,6.350098233333334,1.10458488,0.2164904524882634,0.0011011759440104
0.23222477333333336,20.408397165531756,0.5540274182905772,6.959399466666667,0.8522453766666667,0.23168623944123587,0.006789207458496034
0.36958047000000005,19.03758640494451,0.49540184596784975,7.1628,0.8036465033333333,0.2852316945791244,0.006057580312093067
0.18011316000000002,21.495121935200434,0.5790609068925759,6.324026633333333,0.9660551666666667,0.2242722511291503,0.0050289630889892
0.14868646133333333,22.48453375631893,0.6126280689465095,6.212474666666666,1.0164397,0.18811176717281342,0.0006696383158365667
0.2652564433333333,21.694340294331692,0.5834441804533373,5.402705533333333,1.0710420666666665,0.17753380040327704,0.0019347667694091667
0.38459117,20.204499423186764,0.5643678930117623,5.283365766666666,1.2178588333333333,0.20815887053807572,0.003300666809082
0.25433248,21.5424744032189,0.6206500410589754,4.848368233333333,1.0831207666666667,0.15567583342393235,0.002170403798421167
0.24519089666666669,21.969183604830743,0.6421251836093173,4.652919099999999,1.04662482,0.14397610723972318,0.004931688308715767
0.127684035,25.32712001765678,0.686804872699148,4.803137866666667,0.9342014733333333,0.1948398078481356,0.0
0.164919428,24.061911910612384,0.6844358263619735,4.3304272333333325,1.2282974,0.16158079604307807,0.0013362566630045333
0.5354872799999999,19.727758539590905,0.5298622340368057,4.4689417,0.9974746,0.1977741569280624,0.0
0.24620369333333333,24.892540110379173,0.6463544221643116,3.7228564333333334,1.1620260666666666,0.13586018979549405,0.005608002344767201
0.23976023333333332,22.68557442165812,0.5872441878445605,3.7887891000000002,1.1501710666666667,0.12357322374979651,0.0043721199035644
0.14135276,23.41245435852233,0.6313052103559985,4.9105612999999995,1.0214609666666667,0.1348354170719782,0.0011633237202962
0.21015433333333333,20.03397504500882,0.5118380624390476,6.181761133333333,0.8583969433333333,0.15813216815392173,0.0
0.156690735,20.602691430828813,0.5622164170134879,6.721916066666666,0.8328199766666667,0.15282410879929856,0.006429195404052668
0.10046486166666667,21.213623533260094,0.6123662004811906,7.863565333333334,0.9744661,0.1714524130026499,0.0033391316731770666
0.12009474166666667,21.032258673490627,0.6235408946606077,7.431307333333333,1.0451617,0.15479659537474313,0.004026730855305933
0.13566099333333334,20.61354429156903,0.6056360102706941,6.8555225,0.9656978,0.17964211851358405,0.005156517028808567
0.07757176066666667,22.515818731455926,0.6664167528655627,6.659163899999999,0.9744513666666667,0.16817171871662132,0.0040445327758789
0.104820808,21.854236163269537,0.6286279445483582,6.811153733333334,0.9973812166666668,0.2093258798122406,0.0021258989969889
0.055417546333333324,23.994971029744306,0.6921607933449754,6.831026633333333,0.9385688333333334,0.16347567737102506,0.003937800725301067
0.14911903666666665,20.218427437073597,0.5832435165672497,7.155356966666666,1.0777480666666666,0.1948741475741068,0.0025093555450439336
0.08111884633333334,22.97263687807272,0.6952935479774439,6.927394266666667,1.1311084999999999,0.17697890102863312,0.0023324489593505664
0.10591588566666667,21.591850076651706,0.6490517562067901,7.559642333333334,1.0655286333333331,0.201300024986267,0.0064901510874429665
0.18441018,19.070017359189965,0.6152900551717039,7.552519133333333,1.2293741999999999,0.18965629736582434,0.0016148090362548665
0.09490815466666665,21.457634889525455,0.6469294573000762,7.708643333333334,1.0419874900000001,0.19353685279687247,0.0
0.07903613666666666,22.28506352341621,0.6393967862537524,8.5206935,0.9065095166666667,0.21355249484380087,0.0018381277720133334
0.11868133433333335,20.153345804057096,0.6209509697978279,9.437051666666667,0.9426511,0.18573666115601853,0.005010445912679
0.07554389333333332,21.232105394208286,0.6259196399694988,9.944466333333333,0.9082947333333333,0.20486492911974585,0.006349325180053667
0.05000687266666667,21.996859508921187,0.6088758911822603,11.042758999999998,0.8708737233333332,0.22005997598171234,0.003380695978800433
0.12228124433333332,18.704288448516685,0.5914408959026832,10.530933333333333,0.9226384666666667,0.2048403322696685,0.0030461947123209335
0.11527026133333333,18.76244816006442,0.5699556858753048,11.094539333333332,0.8647477433333334,0.22242927054564157,0.003371079762776667
0.06392248966666668,20.56012569326209,0.5832517433620916,11.10627,0.6956588466666668,0.24764802058537796,0.006794293721516901
0.11126842833333334,19.49913465236673,0.5735003163333589,10.104567166666667,0.93466361,0.2804090480009715,0.0024893283843993998
0.08150529333333334,20.51580684639037,0.599889607163861,9.774079666666667,0.94298012,0.2541755835215251,0.0
0.06541724533333333,21.503719766342268,0.6187705186337578,9.92398,0.7656832466666667,0.22562042872111,0.0
0.07557806966666665,21.95194234365322,0.6203578963683113,9.111966333333335,0.7893141233333334,0.23014606038729346,0.0042917728424072
0.07066763666666666,21.47044494689273,0.6236433716395767,9.042747333333333,0.8865932466666667,0.21906873583793637,0.0034178098042805666
0.11170241999999998,20.680538742847137,0.6278076536025288,8.1127832,0.9956502533333333,0.2099381585915883,0.006727536519368433
0.061315126,22.618492502500263,0.6617201948838244,7.720584866666666,0.8995723999999999,0.20325565338134763,0.004176696141560833
0.05956724333333333,22.607712871363912,0.6749859775411401,7.779854433333333,0.92332819,0.19117145737012223,0.0018165111541748001
0.08808812733333332,20.616112824523366,0.6397100689677137,7.732159466666666,0.8404603166666668,0.19327622155348456,0.0017275015513102
0.08765842266666667,21.187152395698238,0.6614881127542711,7.205344666666666,0.9854816466666666,0.16766221821308128,0.0034012794494628668
0.101606077,21.445597585449164,0.6574421536054466,6.741944666666666,0.9422084233333333,0.17663950721422828,0.0015371640523274667
0.14509363133333333,18.9828219875051,0.6402342262418955,6.142357533333333,1.0712771200000002,0.1907770211497942,0.006567796071370366
0.160121225,17.9855476922562,0.5899697011314174,6.3523388333333335,1.1544959,0.2015235026677449,0.0026361147562662334
0.047447068333333335,22.728758996671658,0.688163412329937,5.535733566666667,0.8556116,0.18040407449007026,0.003423213958740233
0.06148943566666667,20.500128298835122,0.5934309366157023,6.2499354333333335,0.7481623933333333,0.16482506195704136,0.0060087045033772
0.5894053333333333,25.729149403763483,0.6762741519277663,4.412149800000001,1.0846628,0.15433939422170317,0.0
0.3911296,23.965912572118466,0.5427924040409972,3.3997768666666666,1.0771538333333333,0.11525779465834296,0.004985411961873333
0.23560391,25.031508931072892,0.6228261610558756,3.6536952,1.0647436666666668,0.12401469548543288,0.0041190783182779665
0.20778047833333335,23.18083376726462,0.5785443092214028,4.2897436,1.0560731766666667,0.129509891072909,0.0054072539011637
0.14919244333333334,22.890670143894038,0.5471403393692968,5.2712474,0.9327417499999999,0.14656162013610197,0.002596457799275667
0.26782885666666667,19.326041616564794,0.4866692517801304,6.016818233333333,1.01348705,0.16682579616705576,0.0037784576416015334
0.12829884333333333,21.340888478965024,0.5510787113850119,6.803688666666666,0.8866709866666667,0.16938743491967514,0.004440625508626267
0.1881083,18.727969464720083,0.4986197704987568,6.724162,0.97796202,0.16828349729379014,0.0024425188700358
0.11980800333333334,20.859854348559796,0.5591568058726715,6.313418566666667,0.8451459333333333,0.14902767290671662,0.0033442179361979
0.107558118,21.14774523701431,0.5923700130461361,6.536773366666668,0.8445202966666666,0.1944875667492548,0.0011633237202962
0.13100601,19.96192519938246,0.5364707890839172,6.733763666666666,0.8230518,0.21091615160306296,0.0015268325805664
0.12082320333333334,20.241679046838044,0.5863180227738881,6.809795866666666,0.9591632,0.17965654035409284,0.0017286936442057
0.13288479,20.374536280563266,0.5938718973029934,6.941631266666666,1.0738442666666665,0.2003407205144564,0.004004081090291333
0.16073303666666666,19.695482390954606,0.5631569356983763,7.3304075,1.0165164033333334,0.21667209764321646,0.0
0.11364784866666666,20.702617227777335,0.6053827442372325,6.6201441,0.9451451333333334,0.18330395221710205,0.0013773441314696999
0.111586721,21.765559600500552,0.5995601144733914,7.1628322,0.81708517,0.23959076404571525,0.0010820229848225668
0.12103422333333334,21.129178564320814,0.6209029875308993,7.013224,0.95050862,0.23177375396092725,0.008390585581461532
0.11470553333333333,21.078380612499725,0.6172276505637488,6.979911,0.9180065666666666,0.2442743082841237,0.0031807422637939336
0.13208674666666664,20.993492744818678,0.6192118818823188,6.991944466666666,0.9873414166666667,0.2511368195215861,0.0
0.10210795499999999,21.453967349131233,0.65413897816572,6.767455966666667,1.0444191266666667,0.23367996513843536,0.0029892126719156665
0.20694487666666664,19.33370089568491,0.5912894711060378,7.5685310333333335,0.90242228,0.27007336914539337,0.0045700073242187006
0.09808792499999998,21.21274851654897,0.6285334614963589,7.790472466666667,0.9830879966666665,0.2630227754513422,0.0040431022644042665
0.09595977666666666,20.003116130106605,0.6293119432081947,7.990013133333334,0.9453985633333334,0.24284123380978898,0.0038374265034993335
0.08460287166666668,20.399234595746133,0.6153058664541962,8.750039333333334,0.8706081499999999,0.271679550409317,0.0026052792867024333
0.06804590666666667,21.066695967784707,0.5947588773924305,8.905069333333334,0.7781395366666667,0.29212260246276855,0.0008641084035237333
0.05157891666666667,22.38957998318867,0.6180171600993457,9.032366000000001,0.9386484133333334,0.29376191397507984,0.0019214948018391666
0.07931264566666667,20.689335093565177,0.5844850283223245,9.215497333333333,0.71899852,0.31600390871365863,0.0008227825164794666
0.067271103,22.227662312732548,0.633858572691191,7.915777133333333,0.9097661800000001,0.26453190048535663,0.0006186167399088333
0.09418948133333332,21.249111884883675,0.6109163055277185,7.9510431,0.8547403,0.2879577875137329,0.006529410680135034
0.11359576333333334,20.877910239636957,0.5926867082758003,7.922916166666667,0.7788931666666666,0.3106784721215566,0.0033849875132242664
0.13695658333333335,20.57784099836572,0.6247400505406204,7.160584,0.93823094,0.29119478662808734,0.0041460196177164
0.16859643000000002,20.171552170233483,0.6216116530912831,6.5805503,1.0807021333333333,0.2328833043575287,0.0027002493540445667
0.25463039,18.06484912740412,0.5604471480264556,6.712970933333334,1.0549505766666667,0.2558467735846837,0.0022416114807128668
0.09460534,22.600078386339234,0.6699449434409342,6.490480499999999,1.1902971,0.2557727446158727,0.0025505224863688
0.14019861533333333,20.55594877944285,0.6511199192673688,6.1969077666666665,1.0710088899999999,0.21540640791257215,0.004058202107747367
0.12188583199999999,20.650077211051514,0.6481670089328313,6.267902666666667,1.0292027466666667,0.208304688334465,0.003480116526285767
0.09777279166666668,20.768555646285083,0.6493159617881243,6.346759566666667,0.959816,0.21341799199581143,0.005417505900065067
0.1687523866666667,15.802520199346079,0.4888985340139733,27.02319866666667,0.8627850433333334,0.2786674499511718,0.006370862325032534
0.19512785333333335,23.282998981785116,0.5805628905999005,10.007799333333335,1.4483218666666666,0.2107736517985661,0.0018505255381266001
0.4859634533333333,21.453202329851877,0.5907657479684644,4.976588733333333,1.1454477533333334,0.14941281825304026,0.0018909772237141666
0.1827155,22.633098203946332,0.6435068853390716,5.6781358666666675,1.0936241666666666,0.16945456713438026,0.006232182184855099
0.2582815166666667,22.164523581064362,0.6089346989983513,5.2354186,1.12186512,0.1617256850004196,0.0033934911092122332
0.17944944999999998,23.752733091303885,0.7147596907674467,5.587765999999999,1.3996311,0.15883824477593098,0.0055564244588216
0.2868133133333333,21.357671748832264,0.6285806098501229,6.1783182,1.200442233333333,0.16237493107716242,0.0013286272684733
0.17949154333333336,23.813474671918783,0.6923034186955396,6.212051866666666,0.9634277666666665,0.16736016174157461,0.009060621261596633
0.27286842,21.462881273874956,0.6516512875124633,6.222509166666666,1.4582242,0.1632723261912663,0.0042281945546468
0.22717479333333335,23.64245236612804,0.6915009738798817,5.6144608,1.3662534666666666,0.1712385490536689,0.0
0.177814022,25.29771088922757,0.7195348205405384,5.069091333333334,1.1777894666666666,0.1579659928878148,0.0027161439259847
0.34929982200000004,23.5156567740059,0.6819622019557047,4.9178052,1.441380653333333,0.18682235727707544,0.0021624565124511667
0.21217029833333334,23.785786090116748,0.6954192681370621,5.755672333333333,1.1059841333333333,0.17713488141695657,0.002684911092122367
0.13952367333333335,23.13184964752422,0.6491433366377217,6.485886000000001,0.8376973333333333,0.1661899462342262,0.0
0.16995937000000003,23.138500819901385,0.6785747124185167,7.153439566666667,1.0731716999999998,0.18024500707785282,0.0
0.09889328466666668,26.511496189482614,0.7275903777788679,5.8504972,0.9017423666666667,0.160706952214241,0.0033704439798990667
0.2918053733333333,23.72298652836263,0.6801757562068017,5.621135266666667,1.3385575,0.18537190059820807,0.006147384643554633
0.315584668,24.135988800486974,0.6761194546782937,5.583714333333333,1.1530958666666669,0.17920614530642823,0.005028168360392233
0.24115089999999997,23.927424712851195,0.6782771440269771,6.0867450666666665,1.0437304666666667,0.18188231190045667,0.0035448869069417
0.20044630500000002,24.090465519685626,0.7027850087636067,5.8719204666666664,0.9302337333333334,0.15997631847858423,0.0062341690063476
0.26324502666666666,22.013504681933153,0.6509118351022537,6.182684433333333,1.0375193666666667,0.18941209216912583,0.0049059391021728
0.19856268333333335,23.193930064258993,0.6934679614360602,6.253018,1.0483657333333332,0.18485660602649048,0.0
0.13499260899999999,25.331346368840155,0.7313124279316949,6.438262733333334,0.9346196,0.14049375057220453,0.0027964115142822
0.35164000866666667,22.30518528368764,0.6388163182909088,7.3822742,1.0762368,0.18357653419176737,0.0043435096740722335
0.39877462333333336,21.08393071734326,0.614656569430973,7.187449533333333,1.1016161,0.17270378271738682,0.0030649503072102667
0.32100798,21.56720942266,0.6289218034000438,7.0631504000000005,0.9129658133333334,0.16696777691443754,0.0062475204467772666
0.40281697333333333,20.656885530015625,0.6012106463843057,6.565711099999999,0.9450409766666666,0.1511925210555394,0.0033533573150634666
0.6199232766666667,18.43691490459474,0.5422022296418009,7.7062786999999995,0.9693719333333334,0.18704448143641153,0.005057096481323233
0.2146626766666667,20.977320863508485,0.607347774155223,8.630454533333333,0.8096961333333333,0.1911116341749827,0.004361073176066033
0.18932919666666667,22.452100707739106,0.640881428684546,7.747903466666666,0.8316150666666667,0.1874658937255541,0.005160252253214467
0.29849845999999997,19.802369266086302,0.5851955108972074,8.779193833333332,1.0212941,0.19841726620992017,0.0007451375325520667
0.28968373,19.704501329595058,0.5888181532863741,8.1858119,0.96409,0.20535593231519064,0.0051918029785156
0.25636514000000005,22.140334176006053,0.6348648811737043,6.863381166666667,1.1829075233333335,0.2287514011065165,0.005664666493733666
0.19843207766666668,19.81936677364108,0.5777804290237111,8.9072294,1.0137619133333333,0.23806183536847428,0.0037137667338053
0.072440584,22.315333705332108,0.6377612663565029,8.877457999999999,0.6675571333333332,0.1800904472668965,0.005373080571492501
0.06699552733333333,22.961480053866655,0.6676923559756901,7.6891551,0.5984300433333333,0.179722619553407,0.005663394927978467
0.16689063333333332,18.81960239705159,0.5883021664364313,8.252619000000001,1.3250195333333334,0.2784746537605921,0.00375763575236
0.12100325333333334,19.447006272338808,0.6489805584228165,7.5471140666666665,1.0117760166666667,0.22995867828528085,0.0029618740081787
0.06682663266666666,24.080961804514146,0.7065407340197304,5.8038723333333335,0.7835915333333334,0.18512473007043198,0.004649003346761
0.07466687,23.432847985175144,0.7020624343235541,5.848013733333333,0.9882988999999999,0.1636374667286872,0.003719647725423133
0.23721035000000001,21.290633620123135,0.6865060121593278,4.678660766666667,1.4259159,0.2387009039521217,0.0
0.1923931866666667,21.364140443479503,0.6715443577713892,4.6271087,1.264997,0.22223268449306485,0.0031752586364745664
0.22805231666666667,20.525125237496656,0.6359899091157679,4.528439766666667,1.34467718,0.21677186588446298,0.003914674123128233
0.17421632466666667,20.152773760418544,0.6471423760506331,4.891429466666668,0.9706009166666667,0.1778855075438817,0.0029730002085367664
0.14997093,20.551793870733267,0.5738734896648933,5.637150633333333,0.89919774,0.18461177746454874,0.0
0.17809041666666667,19.43834718100265,0.6409998770337709,5.1600912333333335,1.1925135466666668,0.15970628460248307,0.0062001546223958
0.08675412666666667,22.185787118575686,0.6599925991660619,5.4129179,0.8814084666666666,0.1426725660761197,0.0
0.2710961733333333,20.011938447311937,0.5649642227477812,4.569254166666666,1.3797215333333332,0.14648542304833725,0.005428552627563432
0.20649367,17.004184594897858,0.5212575998266417,20.74294833333333,1.3368708666666667,0.28468432525793713,0.004153966903686467
0.085312592,24.809514165189842,0.5965338624709395,11.588289000000001,1.1661108333333334,0.19144308567047116,0.0033988952636718668
0.20205282333333333,23.33889039724455,0.6020946775502437,9.232032666666667,1.5239869,0.20970665911833444,0.0007402102152506334
0.15873723733333334,22.067588927282106,0.5621388952512554,11.035655333333333,1.2923339,0.2157954374949137,0.0034046173095703
0.14148236133333333,21.870858858200908,0.5822768976033655,11.710111333333336,1.0209886833333333,0.2037991235653559,0.0053610801696777
0.316685095,19.63494864751924,0.5691631839409536,10.126545666666667,1.4535175333333334,0.22450814892848334,0.004757404327392533
0.36161534666666667,22.138153262619813,0.6227525651016647,8.331408666666666,1.8435059000000003,0.17852845291296637,0.0038840770721435334
0.20479216999999997,24.744129889069097,0.7020843310255868,6.319488266666667,1.5058675666666665,0.19978772600491843,0.0031674702962239333
0.20588990466666665,23.781189920772462,0.6764233811755808,6.365412166666666,1.16310209,0.19435307880242658,0.006115754445393833
0.28892645333333333,22.96828280006852,0.6643089863467805,6.684644866666667,1.6714741666666668,0.1985094447930654,0.0
0.2958228566666667,20.266538164963084,0.632005789971377,7.271643833333333,1.7913596,0.21603180219729742,0.0038405259450276334
0.10923895166666668,24.315010472891164,0.6516948996275601,8.380063333333334,1.0643745333333332,0.2016947915156682,0.0039330323537190666
0.149127945,25.353539677341132,0.6878704498681256,6.945519999999999,1.1649296466666668,0.1973256816466649,0.0032560030619303002
0.18333131833333335,25.294564852995183,0.6751540924451209,6.498141133333333,1.00672785,0.20589468379815415,0.0
0.21556243666666666,24.592754731504446,0.6826849887289529,6.231471666666667,1.1312466533333334,0.18954588969548544,0.0032765070597330337
0.3419789833333333,24.502051530637363,0.6502130775784126,6.587405666666666,1.0737159666666667,0.21887490401665366,0.001741329828898067
0.20931066666666664,23.025503355141236,0.6475941317193975,7.273801166666668,0.9878090333333334,0.19863439102967576,0.0
0.221159525,23.57005974244125,0.6707139755506041,6.871225666666667,1.0698402333333332,0.17095182836055747,0.0
0.3018358433333333,21.912866436143357,0.6506373592211308,6.3391014666666665,1.3094978666666668,0.1750040054321289,0.004805008570353166
0.18686588,25.213977499106562,0.6859838018849533,6.510963733333334,0.9420289000000001,0.19705075522263846,0.004353125890096
0.23918418333333333,22.38334870120617,0.6574201178132975,6.4146077,0.9950088433333333,0.16628401726484296,0.006006002426147433
0.33295265999999996,21.143347741810686,0.6213623770052726,6.7558756,1.1476905133333333,0.1838568076491355,0.0015664100646972333
0.15308337533333335,22.461397839525944,0.6268580958506776,8.527122,0.9818372599999999,0.20341944197813666,0.0
0.09780444666666666,24.868458247243126,0.6648405231957741,7.7207745333333335,0.8302809999999999,0.19919803986946738,0.0
0.30379094,18.803546256869367,0.5631894134127243,8.925615166666667,1.2176050666666667,0.23519746959209434,0.0026848316192626663
0.45633748333333335,17.839907238133318,0.5540217661489699,8.6036345,1.6822423999999998,0.26110096275806427,0.0039707819620768
0.19521183333333333,19.641992066770595,0.5544562543655941,9.215996,1.0076327,0.25504474838574726,0.0
0.18339239933333337,21.6172072427336,0.617303658213058,7.6277374333333325,0.9636039666666667,0.2182337592045466,0.006580193837483699
0.13088997333333333,21.01077298254179,0.6048813063301631,8.564694600000001,0.95146889,0.2200475037097931,0.0010827382405598667
0.15517635666666665,21.341755422984704,0.6235769294260329,7.1624422,1.0588291,0.243510901927948,0.0068076451619466
0.16531381,18.944081583393416,0.6107131947632526,7.3368568,1.2391260666666666,0.2368520200252533,0.0010969638824462667
0.07559859066666666,21.135404809652133,0.6371884382036769,8.0164676,0.8572474,0.22439825534820557,0.006062110265095966
0.094099445,20.557432566151572,0.6324906939277359,7.5743441,1.0367142666666667,0.20068945487340284,0.0027050971984863
0.14406484666666666,20.54119371931595,0.6458823331087218,7.0353947,1.1829318133333333,0.21544550855954483,0.0036114851633707334
0.14943803166666667,19.741425743834714,0.6035089164833002,7.315513533333333,1.1430508666666668,0.2059676945209503,0.0059982935587564665
0.16609860333333332,16.828447500199367,0.5462831673885508,24.623511666666662,0.8570501166666666,0.17306333780288694,0.005459070205688466
0.25974469,17.40175736166594,0.510708368148224,17.685402666666665,1.0786411466666668,0.31366557876269024,0.0053591728210449
0.4550356066666667,18.666838755944777,0.5052486645792337,13.365266833333335,0.9467178766666667,0.23017251988251997,0.003740072250366167
0.22475479333333334,21.32761158855106,0.5718449188704912,13.333573666666666,0.8144657333333334,0.23681467274824772,0.007914781570434534
0.13749690433333334,24.177140635050833,0.5966947520587591,9.792851,1.0025181666666667,0.2199839850266774,0.0013391176859537668
0.22279070933333334,24.19578241346605,0.6049307784253597,9.265316666666667,1.1982837999999998,0.19877919058005009,0.003494660059610967
0.4621857133333333,22.053991065230562,0.5653460316161603,10.473587333333333,0.9974956,0.20882698893547058,0.0012814998626708666
0.35612821666666666,20.08776913156154,0.5366380320299263,10.902824333333333,1.2535925466666666,0.2275960072875023,0.0
0.22606859966666668,23.837143018348357,0.6181872324361279,8.729682333333335,1.1293147000000001,0.22428484757741288,0.0006763140360514001
0.20105359666666667,21.407640380641634,0.582881536591372,9.056217666666667,1.110599,0.22519743442535392,0.002340475718180333
0.21676020833333332,20.166747837059198,0.5276171130585143,12.986357,0.8455090566666666,0.24575465420881903,0.003509600957234667
0.16675397,19.515224208380662,0.5548330384073505,12.923057,1.06970722,0.23025842507680253,0.0009988149007161334
0.137002901,21.34024569793523,0.5609869620089506,12.406791,0.78080809,0.21857884526252747,0.002728462219238233
0.06837869666666667,24.340745147479783,0.6285907218093115,10.919395666666668,0.8747940133333333,0.177154262860616,0.0021617412567138668
0.10134844966666667,22.517383971641664,0.5816196959296858,11.720788,0.7640594866666666,0.215884730219841,0.0033515294392903335
0.15359637566666667,22.667694243296026,0.6095496140967945,9.939982333333333,0.9350973366666667,0.20386135578155515,0.0032471815745035333
0.24495379600000003,20.130822585896038,0.5572815767830136,10.722734333333335,1.0486155666666666,0.24070989588896427,0.008110125859578368
0.24959092000000002,20.547456576022096,0.5962347062106631,8.788903,1.4269086666666666,0.21321630229552582,0.0034080346425374003
0.11121421833333334,22.976802245763505,0.5876725185043339,10.678636666666668,0.7739631866666667,0.21091083685557044,0.0
0.11599422,22.08391779202689,0.6049299334549328,10.450603333333333,1.0715783666666667,0.18783011535803473,0.005785306294759066
0.11355961566666667,22.61490914319116,0.593333094983124,10.631242666666665,0.7687415799999999,0.19443085292975104,0.0034496784210204996
0.09923760800000002,22.63421095028457,0.60827954820014,10.2485845,0.7865047900000001,0.17678073048591614,0.0027161439259847
0.11913803733333334,23.433955425863726,0.6196192539973604,8.942399333333332,0.899537,0.21150795618693027,0.0
0.164358332,24.453689322335787,0.6460718698776122,7.859604,0.9796098999999999,0.20738196869691208,0.0
0.13408465133333333,25.44875061663574,0.6809305894444044,6.981111299999999,1.2701098833333333,0.21357321242491403,0.0013418197631835666
0.06587877433333333,23.199223648086093,0.5772024996318974,11.104753666666667,0.8062424333333333,0.24903992315133414,0.0
0.13492657866666666,21.035433725016308,0.5865827189255107,9.567734666666666,1.0872220833333333,0.22714165846506754,0.0033303101857503
0.12839987,22.02169824475244,0.617407184740666,7.977849399999999,1.2596975,0.2548366586367289,0.0
0.09482773100000001,24.7133239725552,0.6511929926964545,7.517469166666667,0.8066842166666667,0.23478348553180686,0.0028223196665445663
0.15329113333333333,21.398041136321496,0.6118470280090679,7.988052333333333,1.1526743333333334,0.23069517314434052,0.0034574667612711336
0.16150613,23.956352054577923,0.6552628632995953,6.6852122666666665,0.9962423433333333,0.23933761815230048,0.0
0.09014654500000001,25.12133737285055,0.6653981566352419,7.118458966666666,0.8914471733333333,0.22282414635022474,0.0
0.13430898966666668,22.77051296327807,0.5963568301921355,8.546279666666665,0.8145299233333333,0.25689089794953657,0.0062352816263834335
0.16597631333333332,16.667199083372385,0.5233821574541294,24.27929233333333,0.9683751766666666,0.2501928210258484,0.0035483837127685334
0.22036431999999997,25.696094561773688,0.6706981809336381,6.695277333333333,0.9376739166666667,0.1735209822654724,0.0037341912587483665
0.15636813166666666,23.03501828479861,0.6491708706171506,6.742380266666667,1.0405163166666667,0.21131211270888647,0.0049206415812174
0.146098078,24.359674156313886,0.6780516977096346,6.1682138,1.0642882666666666,0.17117005089918766,0.0062894821166992005
0.18139248333333335,20.944100793888566,0.6050192090354646,7.604931733333333,1.0638398666666669,0.20206761360168454,0.005720615386962866
0.13015312499999998,20.42721819011725,0.6084259097080934,8.5268622,1.0321912766666665,0.20603956778844193,0.0059281190236409
0.13312565333333334,21.164313030531414,0.6199851571234464,7.802926766666666,1.0977055333333332,0.1906785269578298,0.0067771275838216
0.17420182466666667,20.22565263863967,0.6333299340614956,7.9964382,1.1617264666666667,0.20934142669041952,0.0
0.26699295666666667,18.80187098606882,0.6134155131032836,7.488786833333333,1.3442046,0.18090221782525376,0.0012541611989339001
0.10512308166666667,21.865770703922323,0.6356757179602173,7.9601180000000005,1.0617305666666665,0.21621920168399802,0.0
0.09442497333333333,21.125661445163626,0.6452974223772628,8.322086666666666,1.0599791200000002,0.18628107508023575,0.0038107236226399333
0.05695700233333333,22.140341049834735,0.6600060525701402,9.2033895,0.8186644,0.21061407526334122,0.0020066102345784333
0.11442869,19.733337618730847,0.6336246460013636,8.299465666666668,1.1021334666666667,0.1757869472106298,0.006373008092244434
0.06883274866666667,21.42490355319164,0.6523078686982214,8.88363,1.0406188433333332,0.20963094631830848,0.0052976608276367005
0.050930050000000004,21.83931391801623,0.6566928650464634,9.671575666666667,0.9532545333333333,0.20625212291876474,0.007495403289794866
0.15192078499999997,17.69582566134832,0.5708798578261083,10.212377666666667,1.1606578,0.25847792625427246,0.0
0.13491624,19.700794118959948,0.6535045895811876,7.881974199999999,1.2525916666666665,0.186896413564682,0.0043385028839111
0.067786754,22.31152064565553,0.6331975995303324,8.902101,0.9315862999999999,0.2550291121006012,0.005993525187174433
0.10328552666666667,20.651210408158505,0.6066443880857526,8.828162833333334,0.9617288999999999,0.23949369291464487,0.0034252802530924335
0.06829678833333334,21.81848176678713,0.6306065362384218,8.975362333333333,0.8759944233333333,0.238483153283596,0.002608458201090467
0.07093142866666667,21.592356038429433,0.6004241947901409,9.683174,0.9118372166666666,0.2909696549177169,0.0
0.053417151333333336,22.66534828802374,0.6108686173401834,9.424011333333334,0.8431092833333333,0.2816298007965088,0.005367120107014934
0.078981676,20.971619492632698,0.6040459279227925,9.936451,0.6783717333333333,0.26443557441234583,0.006886482238769466
0.058618552,22.69963948936002,0.6374479807263946,9.087560366666667,0.81981788,0.25104870398839313,0.0
0.07945841966666667,21.395134035363892,0.6151213501886305,9.4094271,0.7692262099999999,0.27639375627040863,0.003755569458007767
0.10579372333333333,21.448441643672364,0.6155549107040204,7.982039666666666,0.9700113666666667,0.26443207760651904,0.002043406168619767
0.08140570833333334,21.421492390126403,0.6084237530924145,8.232473866666666,0.8558244,0.27732555071512854,0.0019219716389973667
0.064753648,22.52685726010904,0.6237736053728165,7.787496900000001,0.8243754133333333,0.2371977965037028,0.0034313996632893665
0.09095383,22.41995934173573,0.6570175294346116,6.477422566666667,1.1251184766666666,0.23900728424390158,0.004362662633260034
0.18425347800000003,20.736857727767575,0.6321330273270246,5.859145566666666,1.3836339333333336,0.2507624129454295,0.0021075407663981
0.09643449133333333,22.354422042663558,0.6141209544575739,6.4615585666666675,1.0451804133333333,0.2660147150357564,0.00363556543986
0.16284782833333333,20.590459168964923,0.6087680522701923,5.9140968,1.1739200333333333,0.2567885120709737,0.0006719430287679
0.11175452000000001,20.701569946418868,0.6274577185778115,6.072870233333333,1.1289445999999999,0.23683344821135202,0.006464640299479133
0.31182071666666666,20.367209048196695,0.5339629193888056,12.742973666666666,1.3426730666666664,0.29368533690770465,0.003953536351521766
0.29495962800000003,25.601587223346286,0.699628126725757,5.5714782666666665,1.4624149,0.1753707999984423,0.0028909842173258336
0.3729721066666667,23.271804991381675,0.668791821842449,6.163077733333334,1.8052727666666666,0.17906138300895683,0.0
0.2625290086666667,25.151757407918684,0.6691281689096332,6.993790866666667,1.4151513666666666,0.19127936412890748,0.003569761912027967
0.3664810966666667,22.549384822032348,0.6336126926172131,6.306130866666666,1.1907065,0.1741568694512049,0.0032304128011067337
0.31537131999999996,21.385197254350476,0.6325937129406182,7.1049155,1.3084959666666667,0.1905405198534329,0.006961266199747701
0.30174962666666666,21.034138534286495,0.6116819893837401,7.300234166666667,1.1245787,0.20524330437183377,0.006150166193644166
0.24513785333333335,18.895573645950943,0.5747575096455524,7.838114166666666,1.05757539,0.2093849380811055,0.0056393146514892335
0.17171797,19.84703992568088,0.5785480895342555,9.055856333333333,1.0351978666666668,0.25674969951311744,0.004088242848714166
0.39391998333333333,18.81149069810684,0.590009433393418,7.5951827666666665,1.6143408333333333,0.23141197860240934,0.0033916632334390997
0.31568572,22.564424225108933,0.650166868255106,6.281845433333333,1.4091223,0.222836951414744,0.0038051605224609006
0.198580529,26.81465384247812,0.729068593632801,5.544954300000001,1.1341548666666668,0.22675010561943051,0.001636266708374
0.7025593433333333,25.068467809798264,0.6662002484998826,4.827909666666667,1.6088839333333336,0.2615545416871706,0.0
0.4315170366666667,23.014781667349908,0.663707125040376,5.6601217,1.3996375666666667,0.19378108282883955,0.0024726390838623
0.14559228333333332,24.86215064053084,0.6671808855335307,8.020295466666667,1.0455529466666666,0.24784110983212784,0.004897832870483367
0.4638293766666666,22.420947602299098,0.6326148195135658,6.547097666666667,1.3070457,0.2215770035982132,0.0026799837748209335
0.541415,21.9886978356833,0.6256884862125869,6.1694157333333335,1.682879866666667,0.22446523110071814,0.008201440175374301
0.1727987,23.623551543188892,0.6490430502897461,7.950597566666667,1.12149711,0.1937901278336843,0.0062284469604492005
0.132436348,23.034458409450323,0.6203873876637793,9.717870333333332,1.11749955,0.19331806898117065,0.0081383387247721
0.161461455,22.095136825605078,0.5895969922122688,10.448244,0.89798891,0.20823560158411655,0.006997187932332334
0.33866772500000003,20.92351693245877,0.5846940356604446,9.203048666666666,1.0145724333333332,0.1894689897696177,0.006920099258422833
0.15375679166666667,22.17712712131916,0.5992113239284921,10.320234000000001,0.8085269333333334,0.19532332321008042,0.004879554112752266
0.30452064333333334,21.69690605164152,0.6041772731617998,8.168692333333334,1.0268910000000002,0.20796458423137662,0.0028618176778157332
0.27678257,22.506597613946166,0.6324333925061205,7.414219200000001,1.20464448,0.21767839789390564,0.0077803134918212336
0.28492906999999995,22.41724191989947,0.6304518782333918,7.205578,1.1166298666666667,0.20307324826717374,0.0041232903798421
0.23721470000000003,20.360606881733904,0.5750718454010652,9.948740666666668,1.1552793466666667,0.2385768542687098,0.0024055639902750333
0.21292262333333334,21.48014821181911,0.5804630623983923,9.837297666666666,0.8913475566666667,0.21704628566900888,0.0021412372589111003
0.17499823666666667,24.129800763801622,0.6505581473120262,7.734612000000001,0.8724950333333333,0.19174201786518094,0.0
0.13596610333333334,21.993124853830903,0.588025312964116,9.726291,0.8882612099999999,0.22480665644009903,0.0022816658020018998
0.16774621,20.499021087339212,0.5707424051555962,9.677202,1.0293056833333332,0.2317948093016942,0.0
0.3712579733333334,20.27537979829152,0.5954371795529472,7.231732666666666,1.360685733333333,0.23763628800710038,0.0029356479644775005
0.23771164666666666,21.064222947530805,0.5797056110859687,8.406479666666666,1.0309703133333332,0.24318216741085052,0.007908662160237565
0.16779628333333332,22.730675265881235,0.62212329241112,8.758496,0.9878722466666666,0.21486453711986533,0.0006694793701171667
0.25243908333333337,20.359464209183816,0.5769774613124073,8.731203333333333,1.1191779833333333,0.28000941375891364,0.007618506749471
0.14069654666666667,21.41982632321465,0.6025825261465786,9.625589333333332,0.8448629866666666,0.2645282944043477,0.0
0.19890770766666666,21.81063614659554,0.5906215169133979,9.164464,0.95389759,0.24314829210440317,0.002098083496093733
0.18989636000000001,22.471406807355024,0.6404587406040093,7.282064666666666,0.8512193200000001,0.17919647693634033,0.0040623346964518
0.14680865666666668,24.195162338840447,0.6808795196755071,6.802652999999999,0.7356002466666666,0.20152308543523148,0.0008604526519775333
0.09839267666666666,17.86433462584191,0.5535103935533979,25.926004000000002,0.9385655100000001,0.18776119748751316,0.006686449050903266
0.19400878666666665,17.06116000280888,0.54248758587694,22.314901000000003,0.8217254566666666,0.23978276054064432,0.004690488179524732
0.21916369666666669,17.925996752752265,0.5149272991676147,19.122113333333335,1.0097399333333332,0.25958724816640216,0.0061700344085693
0.2748217533333333,17.858771019550442,0.49999318315317653,15.917170333333331,1.0422844766666666,0.29983850320180255,0.0037723382314046004
0.18608883833333334,22.05863708319654,0.5415020985474284,13.218200333333334,1.3346511200000002,0.2732360015312831,0.004300912221272767
0.120251755,21.83190500678101,0.5171499633150046,13.993719666666665,1.24300825,0.29442699750264484,0.0
0.3925744566666667,21.043781448317485,0.4870877153916136,14.240775,1.0400346666666664,0.32240073879559833,0.0
0.18644642666666666,20.711616469449066,0.5024060148249514,14.183952666666665,0.9858817833333333,0.28674691915512085,0.0
0.15724788,20.307821436610478,0.5100082044611235,15.111083666666666,0.8724468999999999,0.3289508372545242,0.0034877459208170337
0.3027520133333333,20.724994040739187,0.5900770233518507,9.468816666666667,1.7187191000000002,0.23025522381067268,0.007626295089721666
0.27072573833333335,20.482082212112033,0.5754202030389908,10.612299666666667,1.2069406,0.2632700006167093,0.0037286281585693
0.32450851000000003,20.391678855653993,0.5610619579177799,10.723081,1.1016209666666665,0.23861409723758698,0.0040779908498128
0.34549454333333335,20.82791931028144,0.5734230456123418,9.957392333333333,1.16764202,0.2300137629111608,0.0037700335184733
0.205449544,21.4147213154904,0.5456960625765214,12.022908666666666,0.8210562600000001,0.2611553271611531,0.0017910798390706334
0.1763342343333333,22.844043618473876,0.5968540406451784,9.417464333333333,1.1024408666666665,0.23987893760204315,0.0045089721679687006
0.09561948599999999,23.276268727068082,0.5604021615554332,11.610695,0.6455999666666666,0.2494900027910868,0.0026485125223795337
0.06547714933333333,25.888078550194518,0.6277714501127368,9.380802166666667,0.8166575166666666,0.22488926847775773,0.0021064281463623
0.18261602566666668,23.650560229973177,0.6146206119575716,8.452559333333333,1.1081783666666667,0.2271047830581665,0.0010426044464111
0.18240815133333332,23.955439690618622,0.6188210670890189,8.426129333333334,1.0633090333333335,0.24376522749662397,0.0005338191986083667
0.11606646333333333,25.852751775585517,0.6754977243157158,7.258477066666667,1.06294184,0.18489767859379447,0.0012550354003906
0.11701813666666666,24.497515289796315,0.627019762240065,8.937746333333335,1.074486066666667,0.20513719320297238,0.004858175913492767
0.09250576999999999,23.855392629770943,0.607405573800582,9.963678333333332,0.9926174333333334,0.20405622820059455,0.0
0.105514942,23.68624823554107,0.6353921528518124,9.078824000000001,1.2165714666666667,0.19547926882902777,0.0020755926767985
0.21430923899999998,22.337910185645004,0.644278441542027,8.029734866666667,1.3322463833333333,0.2014270474513371,0.0
0.27984183,20.248180020472116,0.6077501117507409,8.892507666666667,1.2186258666666667,0.2156037092208862,0.0036768118540445667
0.06245320533333334,23.85314797242201,0.6297631025679303,9.446021666666667,0.7175494333333333,0.23717779914538065,0.0
0.08180575600000001,22.313338657215372,0.6142627778243681,9.239761,0.9776291333333332,0.23358627160390213,0.0
0.12054497166666665,22.93336300349797,0.634454384000513,7.867084333333334,1.1093685333333334,0.22734517852465308,0.004869143168131467
0.18463089333333335,21.55353078215693,0.6204852741293189,6.955811,1.17449472,0.2822508290410041,0.0054359436035156
0.10399057666666667,21.791586437902097,0.6101529034718932,8.266004,1.14787792,0.2601855744918187,0.004393577575683567
0.13935572100000002,22.304940796400754,0.65374904453304,7.080608466666667,1.26614092,0.23295243829488751,0.0022706190745035667
0.15621221966666668,22.623533016270503,0.6742051196820151,6.543831466666667,1.2648670333333334,0.2156184514363607,0.0030313332875569333
0.24821044333333334,17.4600188544187,0.5519661226952451,7.868771333333334,1.0891305666666666,0.30077618360519404,0.0050129095713297
0.302164968,22.94214153812146,0.5735305140316022,10.569253333333334,1.0843076333333332,0.22489409893751136,0.009413162867228134
0.29140154833333337,26.84911900171002,0.6949936110449441,4.150894733333333,1.0139094333333334,0.14706630011399582,0.0006675720214843667
0.3955202599999999,25.102796181101294,0.5696755962999406,3.0713296666666667,1.07533105,0.08805781230330463,0.0052402814229329
0.6370295333333333,19.372877930769388,0.3804848531246316,4.6702960000000004,1.0992871533333333,0.13438270986080164,0.0021857420603434
0.25591675666666663,20.24511263565591,0.4327832133739598,5.048762333333333,1.0140189233333332,0.10790542761484777,0.001300573348999
0.3221502366666667,19.88463449790622,0.43632778472785033,5.284011666666667,0.8326548866666666,0.11154450476169579,0.004269202550252233
0.32293330666666664,18.471203602807844,0.4073399188547713,5.976230933333333,0.9189277666666666,0.12119304885466886,0.0
0.25550404666666665,18.910305116178804,0.4325368281096782,6.8042305999999995,0.8025277000000001,0.132740095257759,0.009158611297607366
0.14325385166666665,20.67018333610276,0.5430589992256541,6.5253816,0.9109535200000001,0.1250683019558588,0.0060349305470784
0.1582329033333333,19.270548650561675,0.4947214801513003,7.450019333333333,0.92844149,0.16928386688232422,0.0006724993387858001
0.09139830166666667,20.78529283995694,0.5481598278701012,7.6895095,0.704078,0.16056787470976505,0.0012270609537760333
0.17244767000000003,18.151970082821613,0.48187035153693913,8.4204615,0.8371594333333334,0.20088607072830197,0.0013439655303955
0.11953146999999999,19.825794576605734,0.5095964327330047,7.5210951,0.8304169666666666,0.18069643278916672,0.0045069853464762
0.11389798466666667,19.7472671465883,0.5475674248579965,7.348608966666667,1.0019280000000002,0.18662482996781662,0.001953919728597
0.11218391666666666,19.43372178106655,0.5291201535601148,8.009404,0.80217043,0.21143655478954315,0.0035184224446614004
0.13314311,18.216721884328592,0.5113816787468884,8.285540233333334,0.8615338333333332,0.21407197415828705,0.0025177001953124666
0.09180476566666666,20.256228957705112,0.5666018820505861,7.7741045,0.72636041,0.19641560316085813,0.0011416276295979667
0.13049280333333335,18.401791835038164,0.5286898378467209,8.282178666666667,0.7982569,0.1993404775857925,0.0045081774393717
0.09692767666666667,19.33274997846885,0.5476423213590792,9.133374333333334,0.5786502933333334,0.22543853521347046,0.0013376871744791667
0.10264778333333334,19.97630806265053,0.5728316015856721,7.902705866666666,0.8805520533333334,0.20361016194025675,0.0010144710540771335
0.182812011,18.51756597418761,0.5443693826984898,8.161619566666667,0.8722245666666667,0.20914193987846366,0.0028476715087890334
0.20991226499999996,18.201921531293006,0.5486322278301361,8.422247166666667,0.8063939566666667,0.206041673819224,0.0
0.119239316,19.765258929035,0.5522726947771828,8.709933,0.7792466866666667,0.24377352495988205,0.0014364719390869
0.12208861000000003,19.976194369783084,0.5798091003065226,7.299057833333333,0.7432989633333333,0.1917750140031179,0.004658778508504167
0.15370432,20.145473314003823,0.5544534334717316,7.911354866666667,0.8024734866666666,0.2632610599199931,0.0022691090901692666
0.12184228333333334,20.409053519134037,0.5801350390981782,7.404948666666667,0.74960337,0.24184507131576538,0.0056471824645996
0.17125238666666667,19.366393662570687,0.5638491747391589,7.157343433333334,0.7410395166666667,0.24314159154891965,0.0
0.11873984333333332,19.80138040634461,0.5776863790741787,7.477904466666666,0.7650150266666667,0.23472470541795096,0.0063555240631102995
0.08601852466666667,20.908441283572742,0.6413832181813602,7.047278766666667,1.0279486266666666,0.18751132488250732,0.0026752948760986
0.14356623133333332,18.74067932691068,0.586990218251226,7.707597,0.9154094466666667,0.2273611078659693,0.002365191777547167
0.105422068,19.598355215766002,0.6132621675915858,7.3979631999999995,0.79606135,0.18108847737312317,0.004303455352783167
0.07931776333333333,21.625487229509265,0.6263458893706345,7.714875666666667,0.9180403666666667,0.19928035885095594,0.0068515936533609335
0.08935027533333334,20.972055301163746,0.6259207858715418,6.9979921,0.9628519333333333,0.17838360369205472,0.005921284357706666
0.11674649,19.684129472541514,0.5923654339142558,6.226844700000001,1.03489029,0.18354404469331106,0.0052431424458821005
0.13281723999999998,18.989125059332867,0.5562553515062066,6.066324433333333,0.9816933433333332,0.17571207632621125,0.002820014953613267
0.14058551466666666,17.62758807725263,0.4921293328952833,6.771995466666667,0.6656348633333334,0.20524017016092932,0.0066160360972086
0.11532679666666668,18.387924493606143,0.49772104238294457,6.421137599999999,0.7164599666666667,0.19025785724322,0.0011594295501708666
0.2669303566666667,19.927341112756697,0.41301478567655064,4.568908033333333,0.6067748333333333,0.13001991063356397,0.0033801396687825336
0.1710047086666667,20.62253496929771,0.4899193444351813,5.221547666666666,0.8760896000000001,0.12350009381771083,0.0020976861317952332
0.21968958333333333,19.450156121978036,0.4184150310033931,5.214948433333333,0.7831925599999999,0.12881477177143089,0.0037558873494465666
0.15471053333333332,20.02998134045875,0.5134523994101956,5.359153666666667,0.9533238666666667,0.12683632969856257,0.0
0.20323843666666666,18.650356978784426,0.4539809944654702,6.094702233333334,1.0048177166666667,0.15835195531447727,0.0010871887207031
0.12185402000000001,19.60818681880548,0.575359307066697,7.278290299999999,0.9680123666666667,0.15327386558055875,0.0032499631245930666
0.13140009533333333,18.681213313719812,0.5241155443726088,7.438560533333333,0.90015578,0.15469361841678617,0.007676998774210567
0.18055009333333336,17.054491967203877,0.4868552096952463,8.464106333333334,0.8338286133333334,0.18295219540596008,0.0071449279785156
0.1427185,17.60978361072746,0.5342760444837619,7.198447766666667,0.8951648333333333,0.1718326906363169,0.0
0.10056967666666668,18.954260284462325,0.5623674563287896,7.7340428333333335,0.6679512133333333,0.17163882156213117,0.0
0.116485509,18.946071830579317,0.5495008609299844,7.884171666666667,0.8880866866666667,0.19199310243129727,0.0038317839304606006
0.08335824166666667,19.649071973632488,0.5566862802624263,8.113930466666666,0.7402440033333333,0.2035685032606124,0.0036556720733642335
0.11143534166666667,18.361068307964747,0.549735761788909,8.182085833333334,0.9254987766666667,0.2060183386007944,0.0032080809275309
0.12491847699999999,18.974570370623457,0.5524226414275726,8.0772432,0.7292049866666667,0.20463346938292185,0.0027287006378173668
0.074315505,19.81565511470313,0.5663755194968971,8.7707704,0.7993667133333333,0.20760140319665268,0.004089434941609667
0.07772793533333333,19.316782882359714,0.5838047454962183,9.652962666666665,0.6464325966666666,0.23503315448760978,0.005062898000081333
0.144658911,17.180681109385407,0.534438926578069,10.233191,0.7476330999999999,0.26690659920374554,0.0026008288065592334
0.11003386033333333,18.532584856296864,0.5591008365939786,8.821097433333334,1.0049197833333332,0.26328739027182263,0.005602359771728467
0.047093251999999995,20.386391432341295,0.6008401305465129,10.710496999999998,0.6284047466666667,0.24319505194822946,0.0
0.08835632066666667,18.430326265099392,0.5470714968225837,10.320556000000002,0.6241360966666667,0.266795128583908,0.004344224929809533
0.0781072,19.320496182714862,0.5813406914181612,9.664308666666667,0.7440000166666666,0.24398280183474222,0.0
0.06462408166666667,19.83889719549868,0.5688892119596131,10.082267333333332,0.6203674666666666,0.2480572660764058,0.0019855499267578
0.05864347466666666,20.177187333321125,0.5880831040205605,10.582309333333335,0.6752692566666667,0.25299657384554547,0.0027026335398355997
0.09373770333333335,18.006405238514365,0.5326399402891749,11.592882833333334,0.48687314666666665,0.3021312852700551,0.005061070124308234
0.09545265666666668,18.23960760768674,0.535448507356381,10.4594255,0.49795524999999996,0.3160421798626582,0.007372697194417267
0.08034963533333334,19.132646611436787,0.53835507824257,10.921667,0.5366871166666667,0.3328942358493805,0.0013202826182047332
0.11743050333333332,17.573414412997536,0.5205906660320654,10.98156,0.48355148000000003,0.32375586032867426,0.0030590693155924335
0.07045100333333333,19.91377706366382,0.5784848565576727,9.562514666666667,0.70032135,0.24874137341976157,0.0027230580647785996
0.10094452500000001,18.655022275396455,0.5706987514525201,10.143541333333333,0.6149424333333333,0.24652796487013492,0.0032140413920084335
0.08502955666666667,19.2146616842203,0.5777776605418539,8.750105166666666,0.5873646333333333,0.23652999103069305,0.004270633061726866
0.07443216566666666,20.26280617950152,0.5963887193906964,8.556625666666667,0.76704925,0.2627910276254018,0.005744059880574501
0.08734802833333333,19.98635973734692,0.61773555845443,7.612605133333333,0.8312796466666666,0.20944546659787489,0.0
0.11215267166666665,18.965220130273206,0.568372700041096,8.311804799999999,0.8236070333333334,0.25572124123573303,0.0031930605570475
0.12417529999999999,18.342380696316177,0.560172065306232,7.371594133333333,0.54533735,0.22757422427336368,0.005629460016886333
0.15994469333333333,17.23175809692489,0.5387730775562117,7.120686233333334,0.6221588566666667,0.21862444778283438,0.007318973541259701
0.15022093666666667,17.432090664251444,0.5076473689056843,7.324121466666667,0.6830077666666666,0.2436564564704895,0.0010087490081786999
0.14185988333333333,18.54945466159398,0.5313066183025993,6.4142798,0.7561488466666667,0.27653569976488745,0.005295435587565067
0.17081748,17.81235020885622,0.5012792288512956,5.11606,0.8487350666666668,0.2325866917769114,0.0
0.09104163466666666,18.1617318575755,0.5142100902020172,25.862296,1.03701638,0.3239917755126953,0.004229148228963166
0.12144060666666667,26.945176543124006,0.6603814226202008,7.430207200000001,1.1366011333333332,0.15844694028298056,0.0028421878814697
0.09000312666666667,25.944723244353245,0.6669447864386729,7.7073911,1.3862362666666668,0.18439860641956327,0.005315462748209566
0.17594349499999998,22.837262075311525,0.642746761407528,7.888405566666666,1.2721687666666666,0.1640465209881464,0.0055793126424153
0.13620258233333332,22.97358321739884,0.6241878471915423,8.487903766666667,1.0826190999999998,0.18078429748614622,0.0034540494283040336
0.17772755533333331,21.25555028366549,0.5935482765011552,9.3542895,1.2536738666666667,0.2276161536574363,0.001221497853597
0.17298552166666667,22.630107515323726,0.6402312735240474,8.176443333333333,1.3065585333333332,0.19836040089527762,0.003752470016479433
0.08163349600000001,24.72447395228464,0.6762225871647001,8.129994833333333,1.1883240666666668,0.19805442293485,0.0028889973958332997
0.36379774666666664,24.13626258132882,0.7084728384403904,4.904196433333333,1.6618527666666667,0.18431452413400007,0.0024654070536295333
0.7760897833333334,19.584932481866847,0.5862077569090137,5.521793666666667,2.02569651,0.2653063833713531,0.004513343175252233
0.4212989206666667,21.629121068172015,0.6386324504360293,6.485328133333334,1.32209998,0.2025050471226374,0.0
0.32030400966666667,22.208940693640187,0.6442460148514192,6.804270633333334,1.35556312,0.22156629959742227,0.0014936129252115665
0.28148859833333334,23.861707265165126,0.6716961251521797,6.0601392333333335,1.2912194,0.21445316076278687,0.003579854965209933
0.12335810033333333,24.57268017112437,0.6788772137537361,6.852621233333333,1.0657270533333332,0.1923414319753646,0.0037195682525634666
0.13434730033333334,23.721016944084713,0.6760370460214844,7.2841581,0.8417241333333334,0.20282821853955582,0.0017932256062825334
0.24341522000000002,20.898237166247743,0.6308174901891079,6.825690533333334,1.0307061199999998,0.21964686115582785,0.0021979014078776
0.16990747333333334,22.439227486319623,0.6441870886305338,7.145238866666666,0.8988930666666667,0.2147561013698577,0.002117474873860667
0.17358737733333332,24.340409391681828,0.6948717966822064,6.622022766666667,1.1578211999999999,0.1779037664333979,0.0027233759562174
0.44632598000000007,22.47222858295308,0.6791458092522976,5.4098174666666665,1.7261694333333333,0.18718944986661268,0.005997816721598267
0.18238690999999999,24.952780930468364,0.6986219395610963,6.103717133333333,0.9716602666666666,0.16922246416409806,0.0011744499206542667
0.32456470333333337,21.872003153813807,0.6528879555659807,6.498812699999999,1.5157139333333334,0.19720584154129026,0.004080613454182934
0.17888509333333333,21.614891206082962,0.616347339736483,7.9788225,1.0127304133333335,0.1926022221644719,0.0049811999003092
0.22708856800000002,20.848194501508132,0.5788582408320765,9.413097,1.16051852,0.24952597916126248,0.0
0.11779060666666667,21.48249922015682,0.6267169569235342,8.820286,1.0058862666666666,0.20885365207990012,0.007350842157999633
0.12889451166666668,21.65247581551689,0.6369090527256893,8.435991333333334,0.9975047433333334,0.17928480108578995,0.0035695234934488666
0.16197475166666667,21.306536862200453,0.6023144925474798,8.752719999999998,1.1447630433333333,0.24230354030927023,0.0
0.14853234733333334,23.473501664077943,0.6212649923410055,8.315520333333334,1.0443003833333333,0.22531230250994363,0.002342224121093733
0.05507668133333334,22.39834048366016,0.6043824478140233,10.206219666666666,0.7525668166666666,0.24337010582288107,0.0027294953664143665
0.051667929333333334,21.8809569905449,0.6174628950109583,9.656857,0.7074459233333332,0.2119280050198237,0.0065772533416747665
0.059073233333333336,21.230151337901546,0.6089443796341566,9.55896,0.8611716700000001,0.23387455443541208,0.004631757736206033
0.12978825000000002,18.788361462682914,0.5760617723483549,9.175534333333333,0.9839703499999999,0.24441257615884146,0.004025300343831367
0.053907809,22.162425402768406,0.6166789542894334,8.0129375,0.8710774,0.22704289356867471,0.0039608478546142335
0.18409618566666666,20.064152697681667,0.647486732942354,6.675315466666667,1.412072486666667,0.23521724343299857,0.0008177757263183334
0.38051844900000004,28.335315042717806,0.7026842586993226,5.465364633333333,1.6110876333333335,0.15473555028438565,0.0037087599436441666
0.74675543,21.343174067348283,0.5106871561463637,3.9548466666666666,1.2189306333333334,0.10149458299080527,0.0
0.7624791599999999,19.785173586761072,0.3896576021503811,4.026330533333334,0.9140477800000001,0.10275394469499584,0.004807949066162067
0.6427346733333333,20.96993043814987,0.47545731788405465,4.629941633333334,0.9004149,0.12023968746264772,0.003352562586466433
0.42718842,20.2756030014822,0.4812318336347235,5.516244933333333,1.1404512333333334,0.1470464468002319,0.005479733149210567
0.27709,20.551300225884248,0.5692173853264824,6.615480133333333,1.1678389,0.15214064717292783,0.004557927449544233
0.12230574666666666,22.189133706303235,0.5893499904691709,8.275453,0.9588298166666668,0.16823893785476682,0.007254521052042599
0.14711556666666667,20.609394336862398,0.5904692460761791,8.035586133333332,0.9396613866666667,0.16390038033326465,0.0
0.1959727566666667,19.77261019947835,0.5898967666693284,7.8650657,1.2023392333333334,0.1775883038838704,0.0033643245697021333
0.21631518333333333,19.904874884432697,0.6344262166821372,6.854130766666667,1.3147024666666667,0.1835277577241262,0.003882090250651
0.15512461866666669,21.184272654332933,0.6525861074026441,6.5287828999999995,1.23665522,0.14970774451891575,0.005161126454671199
0.15449091,19.849006404297786,0.5981868993323598,8.025660566666666,1.0976661333333333,0.2110356390476226,0.0016013781229654667
0.23091453333333334,19.67960521615773,0.5729066068830304,7.796722333333334,1.2058858,0.23183403909206388,0.0026580492655436
0.18274062666666668,20.42068450995424,0.6156004276182627,7.0302809,1.1369855133333335,0.178237110376358,0.0006980895996093667
0.20875925000000004,19.553619571900686,0.6054073463454367,7.5598853,1.2876203333333334,0.2256439129511515,0.0
0.14898571533333332,20.301165439483768,0.6208442193121647,7.7608965,1.0929345466666665,0.20769354204336798,0.004635254542032867
0.129385453,20.312859748270853,0.6422720231050932,8.349265666666668,1.1163662533333334,0.206215426325798,0.0017982323964436666
0.13838615466666668,19.035900137253137,0.60263336168185,9.199705566666667,1.0974969133333332,0.2443593144416809,0.0023427009582519336
0.11632137533333332,18.857139720416193,0.5998237159415508,10.27623,0.9877063899999999,0.2249164481957753,0.0021177927652994335
0.130881455,19.627835056966003,0.6103144291710345,9.997136333333335,1.0974920000000001,0.22360222538312277,0.002754211425781233
0.09631773433333334,21.18722146760899,0.6302346540067911,9.322616666666669,1.0144414666666666,0.21983008086681363,0.004410584767659467
0.16283453,19.767963552805384,0.6254319118055797,9.025029433333334,1.2685916333333334,0.24059140185515085,0.007177750269571866
0.14337049999999998,18.8951452807293,0.6073123075223036,10.100799,1.2011467,0.24264092743396756,0.002879301706949867
0.14161013333333333,19.30691177882131,0.5994405950041126,10.119779000000001,1.12957941,0.2476422389348348,0.0012994607289632
0.15634539333333333,19.2588708209417,0.5890248118420497,9.636826999999998,0.9871943366666667,0.28204435606797534,0.004118283589680967
0.21350265999999998,17.788837028571066,0.5959152591020214,8.746001999999999,1.4300742,0.26950137317180634,0.0
0.15358112133333332,19.543391654608946,0.6100068934791163,8.327293899999999,1.1937704666666666,0.2860994040966034,0.0015831788380940666
0.1524359366666667,20.24452099965412,0.6110918209998737,7.949586366666666,1.1383814333333333,0.2764529536167781,0.0
0.24925715333333334,18.17517519134081,0.5582435276871182,7.904862066666667,1.1466718333333332,0.3273257513840993,0.0016718705495198333
0.13247270666666666,20.820316769504448,0.6416124424465169,7.447522866666667,1.165308,0.26780623197555536,0.004620313644409134
0.15879444666666667,19.984753826738213,0.6107825887390036,7.808092833333334,1.3020987,0.31519658366839093,0.0013241767883300666
0.08349897333333334,22.18723719227751,0.6381244690292869,8.475122833333332,0.9611659866666667,0.3060671389102936,0.006209373474121066
0.09679456999999998,22.81278223012568,0.6325099824730217,7.953721900000001,0.9101013866666666,0.3029192189375559,0.0026652812957763668
0.12809690333333335,21.137792150029863,0.6199611094587009,7.7653425,0.9242612333333334,0.289103756348292,0.0006834665934244668
0.14371992333333333,20.88659470679737,0.6316748440702639,7.1133591,1.0323509833333333,0.2571657647689183,0.0021162033081054336
0.15401124,20.32676672319303,0.6294177320502886,7.203938366666667,1.093564,0.27339635292688996,0.002269983291625933
0.16454377333333334,20.169602200622524,0.6040964421157732,7.638630466666666,0.9315833566666667,0.28046811123689014,0.012156565984090132
0.21524941666666667,19.814985732210754,0.5960195909895455,6.7588579,0.9908453133333334,0.27247731884320575,0.0033907095591227
0.13258195566666667,21.568607985202018,0.6589990982415829,5.966920900000001,0.9961281,0.2335517257452011,0.0074074268341064
0.2795857033333333,17.533335721504546,0.5905957702877908,6.097904433333333,1.2440253666666667,0.2756907641887665,0.0038700898488362337
0.17603948833333335,18.482075956656935,0.6094329525544815,6.8443901333333335,1.1156121,0.23050633569558462,0.004652818044026666
0.1660384,17.883613443687107,0.5797579353211457,7.1611525333333335,1.0559614666666668,0.21022418141365043,0.0013378461201985666
0.11079529,19.65690983472823,0.5786711816895468,7.105799833333333,0.9201904533333334,0.22853108743826547,0.003370046615600567
0.09346202266666666,21.26343621502726,0.5816367879501169,6.235791033333332,0.79523358,0.2002800951401392,0.005375067392984967
0.10327591833333334,20.820465225780925,0.5795471558267341,6.475672833333333,1.0056513966666667,0.20156740397214887,0.0017569065093994
0.10947217,18.328527467794967,0.5478084386489602,24.383756333333334,0.8426720799999999,0.23181126018365217,0.008661190668741799
0.30315789,24.756955324896712,0.6284229593438108,7.787345766666667,1.4281784999999998,0.15413725748658175,0.0
0.4681273666666666,22.710527163072623,0.6263666185754088,4.980334766666666,1.3597504,0.17264753331740698,0.0033977031707763668
0.29996016,26.147322508599398,0.7134378995312721,4.120972833333333,1.3621402666666667,0.1446109811464945,0.0036693414052327
0.22677993333333332,23.905705156642156,0.6710322799272248,5.1820351,1.2895269333333332,0.14624411612749097,0.006909529368082599
0.17989925333333334,22.12933866775243,0.5798353224857358,6.3612657,0.9832838666666667,0.15414409091075257,0.0035480658213297
0.14649674333333332,21.814939945476354,0.602425118311032,7.034484233333333,0.9807674866666668,0.1483563606937726,0.0
0.24165856333333333,18.383010640018956,0.47867437092970594,8.691074,0.8574540333333335,0.15884842475255323,0.0
0.14950738333333333,21.47041612307159,0.5777974579333637,8.189602366666668,0.9772283333333335,0.1571578631798426,0.0033591588338216
0.16283660999999996,20.704096912292815,0.54061550307504,8.611080999999999,0.6666835166666667,0.16318799555301663,0.006906191507975233
0.19037792666666667,19.712105380179196,0.512750796397736,8.198327666666666,0.8243405466666666,0.17901269098122907,0.007201115290323867
0.12369095533333331,20.612568553855553,0.5702277057243822,8.0368112,0.6894598200000001,0.17809581756591797,0.0
0.18215909,19.47824318255307,0.5465113483129582,7.530199133333333,0.9571948866666666,0.17086467146873466,0.0034205913543701
0.34360267333333333,16.534458637687727,0.5035648589103298,8.3334858,1.3309636666666667,0.20290144284566236,0.0018595059712727669
0.29246575999999996,20.013657214310843,0.5658344746648573,6.8534112,1.1927645666666666,0.1596667940417925,0.0074544747670491004
0.37808679833333336,20.294274503116295,0.5752914654822842,6.6910143333333325,1.4828898333333334,0.2017990152041117,0.003504832585652633
0.2753813033333333,18.539629600579286,0.5497878296494281,7.013399199999999,1.4871059000000002,0.19331085185209906,0.0008424123128255
0.19402102,19.579502907690493,0.5380391968055456,7.6552161,0.89302188,0.2040971765915552,0.006081263224283834
0.25067313,18.805320105099373,0.5589102747638549,7.557810333333333,1.1422372866666668,0.20927451054255164,0.0033430258433024
0.22679877,17.22083598220208,0.528419575527273,8.2148329,0.9625925666666667,0.1930553863445917,0.0035223960876464336
0.18404949666666667,18.632060990095724,0.5542555680991433,8.853488333333333,1.1187996766666666,0.233512873450915,0.0036584536234537334
0.26875664233333335,18.852173229756655,0.5494495811477058,8.753244666666667,0.8765186766666667,0.22405692438284552,0.0052665074666340995
0.20739670000000002,18.90530791300957,0.566542288023181,9.2834998,1.2421923333333333,0.22534698247909538,0.0
0.18147826433333333,19.170172969642366,0.5450311185933593,10.416324833333332,0.9000170000000001,0.2082198212544123,0.0067280928293863675
0.17887916,19.837210867881073,0.5571945399852337,9.581868,0.9311534666666667,0.2196607564886411,0.003409703572591133
0.21294329666666667,18.52110779207808,0.5412901822307735,9.027026333333334,0.983215,0.22191031773885087,0.0025277932484944333
0.12898933466666668,19.937055694892024,0.5630671715861134,9.473223833333334,0.7214637566666666,0.21441526214281714,0.0011464754740397
0.15247247,19.27122945629405,0.5251284075347411,9.777063,0.79119114,0.25716068347295123,0.0034784475962320667
0.22292818000000003,19.119034765375105,0.5466406461686787,8.258436166666668,0.7561600133333334,0.24330160021781919,0.0079905986785888
0.1826437466666667,19.760492090213692,0.586161515162214,7.2613576,0.8579557666666666,0.21543518950541815,0.004649718602498333
0.11052350666666666,22.281843393490288,0.6338348345140176,6.739529666666667,0.9419935833333334,0.19832230607668558,0.0056405067443847335
0.14816633666666668,21.486089580682684,0.6180477010020992,6.669115000000001,0.8748129533333334,0.19257860879103342,0.005442539850870734
0.20383946666666666,22.121420260175068,0.640664349960687,6.310602933333333,1.0800351000000001,0.18884104490280149,0.0041122436523437335
0.5060516766666666,22.502614651331655,0.640705942651087,4.8480722,1.0984182333333334,0.1632960240046183,0.0024029413859049335
0.3284231066666667,21.37587635830576,0.6540304942430094,4.829144633333333,1.4777340333333335,0.19262461612621942,0.004797299702962233
0.2589699933333333,19.069433750975687,0.5234619008297642,14.946515333333332,1.4631539666666669,0.3173316915829976,0.0035740534464518
0.2934385333333333,27.668437134711127,0.7402745978026776,4.332657466666666,1.2274110666666667,0.14338601628939304,0.002697070439656567
0.30911757666666667,25.19428216838914,0.6598742629731625,3.7437206999999995,1.1316578333333334,0.12230435262123741,0.0055909156799316
0.5115263266666666,21.02834980477915,0.48708373919505066,3.6367008,1.0415405866666667,0.12364629656076426,0.0047515233357746664
0.3470297,22.501088299126398,0.6081669603933868,4.3835872,0.9694648166666667,0.14368055264155066,0.0030051072438557667
0.6997608333333334,19.64657862025907,0.5522520435042976,4.967551266666667,1.6815384333333334,0.18143450717131293,0.0034340222676595
0.43333658999999997,21.112937199312285,0.628857284935147,5.043297,1.5946378666666667,0.15955213705698645,0.0017402172088623001
0.2889987233333333,23.440080926027743,0.6921992308307644,5.857016566666666,1.4214589333333334,0.17684138317902875,0.0048146247863769
0.409935532,20.62873058151112,0.593691229960895,6.8677325666666675,1.1762106433333333,0.1864658147096633,0.0034326712290445667
0.2211455,21.74612401321568,0.6595826858979991,7.1902912,1.3237362666666666,0.18080956240495039,0.0033605098724364996
0.3557003633333333,20.75710270129483,0.6145936387031918,6.558442533333333,1.2792178666666667,0.2013724197944005,0.0020572344462076665
0.23696303533333332,22.636125516513143,0.6631346550304967,5.353235566666666,1.1575916866666667,0.15728360166152314,0.004757483800252233
0.13088671999999998,23.308147527923893,0.6482131911253356,7.161434366666666,0.9121868600000002,0.20486752192179358,0.007066249847412068
0.2746627486666667,23.247194450293335,0.6587228275209175,6.2704811000000005,1.0435993499999998,0.1874948292970657,0.007185141245524066
0.11428052666666667,23.260967702949255,0.6533108592303041,7.882960333333333,1.03523738,0.21192810436089835,0.0035297075907389
0.19692954666666665,22.79689179292268,0.6620213619662918,6.563096766666667,0.9759716866666667,0.18573572734991706,0.0044445991516113
0.19100795666666667,22.8356703246935,0.6608482128618051,6.7945623,0.91490335,0.1936456312735875,0.006523529688517199
0.48224347333333334,22.362306709673646,0.64462336478943,5.442271433333333,1.0329182666666668,0.1866129214564959,0.0
0.18849121466666666,24.813423575061847,0.7090819829019531,5.4139165,0.9824565,0.1762231563528378,0.0011111895243326668
0.5572258433333334,22.176868478575113,0.6394208948097165,5.390339099999999,1.1105920466666668,0.18353068331877387,0.0
0.5894722233333334,20.822284332724262,0.6305552876832085,5.050019333333334,1.5198859333333334,0.20294734835624692,0.0
0.26339281666666664,23.40975449493936,0.6782270028766534,5.941374133333333,1.3407305866666668,0.20275887846946708,0.0040196577707926
0.11595387333333333,23.04280928906879,0.6501616630451197,8.474276666666666,0.7090668033333335,0.1857974280913671,0.0018376509348551333
0.2718400366666667,21.968322595435495,0.6543998322724042,6.449280399999999,1.304265,0.18671363592147827,0.0016714731852213334
0.21278371333333335,22.10833574924254,0.6537200784907632,6.632106866666667,1.1463396333333333,0.17846147219340003,0.0014886856079101335
0.28400075666666663,23.525334928009922,0.6691844328261053,5.883306366666666,1.2194215333333334,0.19239137818415955,0.0051809946695963
0.21301572666666665,23.02678323633069,0.6679536782502487,6.276614299999999,0.9455481199999999,0.19938798745473219,0.0023744106292724336
0.2998760266666667,21.031264139285664,0.6205235839660389,6.429836466666667,1.4539606999999999,0.24311949312686917,0.0025909741719563665
0.25003728666666664,21.888648406684094,0.6208403631787675,6.907628766666666,1.3190737166666666,0.24524106582005814,0.003129323323567667
0.08469504133333333,22.356614465360753,0.5780036715370901,9.529460666666667,0.8839199066666666,0.26745503147443134,0.003477811813354433
0.10847796666666665,22.109371986341475,0.5878569844023813,8.443720833333334,0.8063131666666666,0.26719345649083454,0.0012528896331786999
0.24940278000000002,20.090336527199856,0.6225734279245221,6.4854409,1.4874564,0.21967834730943037,0.0019926230112711336
0.071992862,24.201000085917475,0.6711637515365115,6.3227671,0.98713062,0.2214942077795664,0.0011758009592692
0.117025112,22.47274527541806,0.6817161418754457,6.211002833333333,1.2593380333333333,0.2146927366654078,0.0085494518280029
0.09459737666666668,21.73062608487453,0.6472024154389093,7.525519833333334,1.1891957333333334,0.23544537027676893,0.0047402381896972
0.09590897666666666,21.3112896801816,0.6454120958778243,7.7589811666666675,0.93868246,0.24357051153977713,0.0034848054250081
0.058446556000000004,22.49965993867662,0.6628410270556787,7.519091733333333,1.04500785,0.20835886895656583,0.0029180049896239996
0.17054202333333332,17.49998971190931,0.5288452074784391,21.499239,1.4742625666666667,0.2887470175822575,0.002326409022013333
0.22083531333333337,19.88373187967199,0.5603761391127112,12.309905333333333,1.1969297133333334,0.23004116117954254,0.004651625951131166
0.16441019333333334,21.113290961795926,0.553123541123492,13.231904833333333,1.22036052,0.23299046357472739,0.0030249754587809
0.25293676866666664,20.783397635820336,0.5357321659606534,12.094578499999999,1.1806450333333334,0.24152658383051553,0.0
0.33630939666666665,22.664870626008156,0.568999034976701,10.076659666666666,1.0343943,0.2217126140991846,0.0
0.15721255666666667,23.562262716446714,0.5936576008251807,10.530067,0.9009602500000001,0.17613685627778367,0.0
0.23813431833333332,21.480129682575964,0.5772031470739913,10.498907333333333,1.1007986333333333,0.2141717026631037,0.0017085075378417667
0.06154472266666666,25.486299761377804,0.6407635462534399,8.99122,1.0324497000000001,0.1748973950743675,0.0021059513092041003
0.20087088933333333,24.20460474729036,0.6250799299777942,8.278887,1.0589719133333333,0.21881451706091556,0.004524548848470034
0.11483086333333332,24.34969500094626,0.5872430080907868,9.746764333333333,0.7392264466666667,0.22772090633710218,0.0034459431966145666
0.17525496999999998,23.139502052470956,0.5922215224355359,9.010412333333333,0.7134993433333333,0.22750664750734964,0.003946940104166633
0.38051424500000003,21.360353680675136,0.5883472814688208,8.449963,1.3867037,0.21405486265818277,0.0012504259745279667
0.2866143026666667,24.538811804404745,0.6210723815492115,8.564905666666666,1.0720201333333332,0.2162373562653859,0.004774888356526666
0.21115655433333327,24.369281437527533,0.6323391009011962,8.401854333333334,1.1803104666666666,0.20616450409094492,0.0009034474690755
0.15201464933333333,24.046116761002434,0.6127127836902554,9.236166333333333,0.84872638,0.21218805015087128,0.0032564798990885
0.067620738,26.423335508940188,0.6533467851236684,8.899147666666666,0.76449028,0.2073528120915095,0.005241791407267233
0.20916181433333328,25.007997381109647,0.6436550644232928,7.728774666666666,0.9472487333333334,0.2051138877868652,0.0035490194956461336
0.27235022333333336,22.293295013453065,0.6066413673621178,7.983200133333334,0.99378878,0.21636775135993955,0.0034322738647460664
0.09809695666666667,26.467240777596412,0.6826132328686674,7.508088533333333,0.7967603166666667,0.1665535097320874,0.006741921106974233
0.37623827,23.733289038564763,0.664445646672437,5.8807398,1.2218220466666667,0.18426342308521268,0.0013577938079833666
0.12257229666666668,25.233115296254407,0.6442714201116669,8.242615366666667,0.6337149133333333,0.20313670237859083,0.004000504811604767
0.3020935433333333,22.121634168421565,0.637641655952696,6.834722233333333,1.2025447,0.19581686953703556,0.0038379033406575336
0.3070633586666667,24.62361864924111,0.6699982420497667,5.898397833333334,1.2948366,0.23523319264252976,0.0018081665039062333
0.078435874,24.405509019775547,0.5918350426394037,10.392369500000001,0.7796548233333334,0.27262737850348157,0.0024254322052001667
0.06782727300000001,23.38216578067772,0.5778170775152206,11.283437999999999,0.70442318,0.2526861180861791,0.0024279753367105667
0.07421090866666667,22.508403319184428,0.5839450393557944,10.614317333333334,0.8299515333333334,0.2701209833224614,0.0043998559315999
0.25380576000000005,18.644289754361207,0.5680165194980272,8.8394472,1.4267018,0.2824353774388631,0.0042801698048909
0.23780726333333335,19.2153573401773,0.6002191096189403,8.2761628,1.1957009666666665,0.2523925801118215,0.0
0.18884978333333335,20.584569950359185,0.5918876096828893,8.115899,1.2922353333333332,0.23890909552574158,0.0035787423451741334
0.18180518766666667,22.03990530685847,0.6469651574393563,6.8468819,1.0265284000000001,0.21989702681700388,0.006135225296020466
0.11020550866666666,17.875319431928265,0.5265895588391021,25.333311999999996,1.0805017466666664,0.25598610440889996,0.0041836897532144994
0.29749464,25.79988893434489,0.6210102112565307,8.220684333333333,1.2654726666666667,0.18597253412008277,0.004191716512044199
0.25106091666666663,25.26622194247234,0.682804765079577,5.690298866666666,0.9307998333333333,0.15740415329734483,0.0
0.2759685866666666,22.042408399389235,0.6097512138579426,6.206150466666667,1.0692262000000001,0.18578115850687027,0.005151828130086233
0.23004112,21.08893612706211,0.5907253300506505,6.824790133333334,1.1099550200000001,0.16744618862867347,0.004769484202067033
0.12929604333333333,21.241488216356448,0.6085568799911497,8.398150666666666,0.9826836999999999,0.19543909529844916,0.0022238095601399333
0.12463424333333332,21.56811146379859,0.7035846112250962,6.933701733333333,1.3369577666666668,0.1659711077809333,0.0026712417602538997
0.19702573666666667,20.12019355356206,0.6355618074595721,7.484428833333333,1.240598366666667,0.18200740218162534,0.0006232261657714667
0.09173634133333335,21.416291335798437,0.6239600529295298,9.068494,0.8429108666666667,0.22294419507185617,0.0013418992360432669
0.16545856500000003,19.219311733199664,0.6147018615907623,8.493304766666666,1.1771953000000002,0.22407061854998267,0.0030020078023274663
0.10005751766666666,21.267605746961856,0.6317339170557266,9.254688333333334,0.9155637166666667,0.2154921442270279,0.005032618840535433
0.1382861363333333,20.870804481631463,0.6722248014419653,6.9665149,1.2824176333333335,0.18525753915309898,0.0034307638804117664
0.11613934199999999,20.318676757748484,0.6568029872370776,8.254885666666667,1.1725735833333333,0.1848614960908889,0.0013380050659179668
0.18979900800000002,19.308317919387292,0.6065462201789805,7.7689805666666665,1.1905822,0.23145090788602826,0.005356470743815067
0.12046601,21.471070833425898,0.6707818201688968,7.560280833333334,1.1374065533333335,0.16474628448486325,0.007275104522705033
0.12353220100000001,21.528758160765346,0.6568883694732288,7.304552166666667,1.1255226433333334,0.19210138420263922,0.0061805248260497665
0.10234567499999998,23.238195608773847,0.6881672309958905,6.475455433333333,1.1882169666666667,0.21116105715433753,0.0033752918243408
0.134490573,21.81975953628005,0.6740337166510187,7.033306266666666,1.2492913333333335,0.22498711943626404,0.0020017623901367
0.1088717,22.884248601997157,0.6746711819360792,6.700593333333333,1.0885278333333333,0.2293779204289118,0.0014123121897379333
0.08031370166666667,21.81670283665297,0.6466495204952692,7.765958333333334,0.9463591666666668,0.21178321043650306,0.0033775170644124333
0.13511983200000002,20.878996182376326,0.6491420812291788,6.751487766666666,1.1986021333333334,0.23508450885613752,0.0
0.08197710266666666,22.032285755566047,0.625322778657316,8.2397245,1.0215757,0.2442048887411753,0.0027654965718587003
0.09633383866666667,21.85027470050755,0.6488820099896343,7.049949233333333,0.9602020800000001,0.20283098767201102,0.0
0.08220762666666666,22.84430881122815,0.6964043298640289,6.397676233333333,1.1219540466666669,0.20198193689187363,0.002757310867309567
0.10867314300000001,22.495991412257336,0.6615249476073339,6.6701452,1.0777316333333333,0.21731585264205924,0.0043527285257974994
0.10587777333333333,22.327940359230467,0.6658709132217985,6.934143233333334,1.1564565333333334,0.23090345164140058,0.0013376871744791667
0.149654709,21.14833837689669,0.6739510326757935,5.8879771666666665,1.2561792533333334,0.16870420426130292,0.0015842119852701668
0.07943703233333332,22.128162595275125,0.6824946481510271,6.82129,1.0158784433333332,0.15751398106416065,0.0019690195719401
0.3253488806666667,24.818460461902617,0.632813546243677,7.704316766666667,1.7080208333333333,0.20250450074672696,0.0013376871744791667
0.5472791166666666,20.683304028765694,0.36903218023881007,3.9613379,1.0813054333333334,0.08293173710505163,0.0026374657948811664
0.6336335566666667,20.01829264015404,0.3260790090496876,4.433969366666666,1.02879075,0.09323651964465773,0.0058488845825195
0.43801465333333334,18.14383640771982,0.299784248876958,4.892607000000001,0.8210890833333333,0.10511946305632587,0.0
0.29264955,18.865729196569635,0.405516074810049,6.0401856,1.0710565333333335,0.1338412761688232,0.0
0.20402109666666668,19.138118063968136,0.4491840813528413,6.8000001333333335,0.9409547133333334,0.13311766833066938,0.0020863215128580667
0.4228436133333333,15.272606058871624,0.3360318247190417,8.550273766666667,0.7408733166666667,0.1848148504892985,0.005452791849772101
0.38845641000000003,16.33018008379696,0.38998614472573356,7.839818800000001,1.0837777800000001,0.17659793297449747,0.006760279337565067
0.3898984033333333,16.71772947774137,0.4330420760765006,6.7046155,1.0972045,0.1743667771418889,0.0005717277526855333
0.4405123033333333,17.327067092985455,0.4486791993349312,5.581950633333332,1.2737736,0.2021286984284718,0.0048601627349853
0.5754657066666667,15.87523754676245,0.4319229942452576,5.768543233333333,1.2474016333333333,0.24073147773742673,0.002852042516072567
0.45475205,17.0840866027964,0.5051632511334968,5.625317433333333,1.3472328333333332,0.24842697878678632,0.0028058687845865667
0.3060290033333333,17.648820545116834,0.5126597133847532,6.169651766666667,1.08894108,0.2809221496184667,0.002692302068074533
0.19075714666666665,19.32084194108157,0.5659531572872759,6.1456950333333324,1.0413894766666667,0.24779280026753744,0.0029131571451822664
0.18015305666666667,20.292327681612928,0.6019420336539508,6.1840722333333344,1.2333300333333332,0.279465913772583,0.003008762995401967
0.10881070833333334,21.9198935924464,0.6413575859048387,6.600923766666667,1.0667372666666666,0.2644601513942082,0.005608876546223933
0.14190435199999998,19.61172779742813,0.5855806252791036,7.567232766666667,0.7976240133333333,0.2897101839383443,0.0034283796946207334
0.2067066833333333,18.67542460150204,0.5660429973102438,7.245373466666667,0.84943011,0.27683260043462116,0.003989855448404933
0.150489671,19.674294699152664,0.5970751920132086,7.239738366666667,0.8144322433333334,0.26988961299260456,0.0051490465799967
0.14085915666666668,19.306196860186148,0.6055580849465666,7.188506666666666,0.7576726466666667,0.2662616471449534,0.0029355684916178
0.17806894333333334,19.233463556733614,0.585066110202712,7.399855666666667,0.8881227666666667,0.2892868121465047,0.0015343030293782332
0.2170362,18.526594320946035,0.5702683856963455,7.4956591,0.8997679433333334,0.3125357826550801,0.0013384819030761667
0.12214375666666666,20.59615481405551,0.6403580685530054,6.8134638333333335,0.9929513366666667,0.2600022653738658,0.0043059190114339
0.18746009166666666,19.46314660768829,0.6172987520989356,6.954199166666666,1.0560465,0.2722619076569875,0.0024427572886149
0.23887692000000002,18.033901157509202,0.5931960841521048,7.331778566666666,0.9559449433333332,0.30208033323287964,0.0
0.14745671999999999,20.17635490206936,0.5787961799676821,7.966669,0.8232544533333334,0.36518802245457965,0.0028155644734700336
0.15253170666666668,18.715315524070082,0.5883389294295203,7.976713533333332,0.68700405,0.303542693456014,0.0006693204243977667
0.15141044,17.699952034955363,0.5788438054822951,8.141053999999999,0.5781223666666667,0.31377658744653064,0.0063354174296061
0.11824087133333334,18.421989879009164,0.5652648906496748,8.719087666666667,0.5733776666666667,0.34571397304534907,0.005173762639363567
0.14093201666666666,17.581158971350167,0.5541707123043372,9.373399333333333,0.40052395999999996,0.30309258401393885,0.003259499867757134
0.11513298833333331,18.536372546138143,0.5633133488775427,9.170433666666668,0.5714124366666666,0.3251119653383891,0.0057718753814697
0.11212647066666669,19.414438285867206,0.5837061058934155,8.720436333333334,0.5849606766666667,0.3005366921424865,0.0033450921376546
0.12812320866666668,18.863028286385713,0.5835905961720097,8.005507466666666,0.6349452333333333,0.29019920031229657,0.0019483566284179334
0.13992884333333336,18.586138189235815,0.5966078187850168,6.9517853,0.8500671999999999,0.2749233196179072,0.0
0.10644032666666665,20.27854039113716,0.6143117263449066,6.947802366666667,0.8040662866666667,0.26045205195744825,0.0040624141693115
0.144165935,19.834307240891523,0.6134134414967676,6.415984833333333,0.9628403,0.24970797697703043,0.006643851598103767
0.11342472333333332,20.5972938479611,0.66765328599763,5.826548833333334,1.1694420333333333,0.2276336848735809,0.006374200185139932
0.09283944333333333,21.004047467308997,0.6762203333661466,6.5342786,1.0433532666666667,0.26085787018140155,0.007851600646972599
0.15625534666666666,19.03380230254068,0.6279573831455015,6.292076466666667,0.9963455533333333,0.22652428845564523,0.0045154889424641334
0.20024256333333335,18.224514923440967,0.617977299430636,6.906791733333333,1.1661646,0.23151585956414536,0.006345192591349233
0.3945408033333333,27.017842915408796,0.6883828859183664,5.659624633333333,1.3600649333333334,0.19435366739829377,0.0
0.33942786666666663,24.20233095682328,0.6752781941550223,5.494835966666667,1.2488205566666668,0.1518653730551401,0.006788253784179667
0.35433969333333337,22.183513056069817,0.6376127261789081,6.700113133333333,1.4425129333333333,0.1981139381726583,0.0040141741434733
0.19971819200000004,25.950586332312607,0.6852008944952264,6.419132433333334,0.9615155233333335,0.17686897019545234,0.0039745966593424
0.17102954833333336,26.60371689493972,0.70723231385983,6.282565433333333,0.7988986733333333,0.1739994337161382,0.0055161317189534
0.10989893133333334,25.62701636054202,0.650381485392745,9.214481333333334,0.8371539633333334,0.22548521310091016,0.0034141540527343668
0.09344925666666666,24.00194125804021,0.6278558105769934,10.170927333333333,0.68772058,0.223993182182312,0.0
0.095468218,22.82552860621732,0.5897140927425598,10.743834999999999,0.8527565133333334,0.24872764945030212,0.004693587621053034
0.31391252666666664,20.438788668564914,0.5773353949796246,10.425006666666667,0.9639579833333333,0.2345434377590815,0.0044757525126139
0.17035118999999999,21.577282971239395,0.5996699613316786,10.486345666666667,1.124321,0.21322912971178684,0.0033514499664306333
0.40562845333333336,21.020162281279458,0.593380344097464,8.221430533333333,1.3783255333333333,0.208577608068784,0.009987195332845
0.3721324126666667,22.911244414702676,0.6219095766325179,8.222759,1.22959132,0.21018695831298828,0.003184477488199867
0.11355909399999999,24.251273071779156,0.6304502225450016,9.271311666666666,0.9437283633333333,0.1922085732221603,0.004849990208943633
0.12401165333333332,23.923460758599138,0.6589575719224811,8.328066,1.0096933333333336,0.1911756992340087,0.004786968231201134
0.14428483666666667,24.216067252958883,0.640949611278392,7.733336733333334,1.0592454133333333,0.21357132494449613,0.0012036164601643667
0.33773768666666665,23.129563445463543,0.6532411991697172,6.012163566666666,1.6478659333333336,0.2508166929086049,0.009874025980631434
0.18049169500000004,25.463653953677095,0.6763517777746203,7.100682866666666,1.3713701666666667,0.23879109074672064,0.0025052229563395
0.29334571666666664,22.525073422204795,0.5974588168880778,9.328477,1.4130490666666666,0.29281674325466156,0.004084428151448533
0.3857483253333333,23.408111903624857,0.599276423921748,9.207964333333333,1.4653614133333335,0.3125401238600413,0.0033160845438639
0.23718261333333335,24.651678732168136,0.6750544123168053,6.444497233333333,1.2342312666666666,0.21596253414948782,0.0
0.20531767999999997,24.72483883754838,0.670065509479718,6.640151333333333,1.2872167333333333,0.26185362537701923,0.0032955010732014334
0.4603045333333333,24.100710511448863,0.6525206529929614,6.0621447,1.4398795333333332,0.30032916863759357,0.004145304361979133
0.5916832833333333,25.53064449021971,0.6673728145813714,5.610107433333333,1.4470902566666668,0.28107857207457215,0.0013611316680908001
0.25338013333333337,26.709499952953326,0.7049112712983095,5.286960166666667,0.9689816800000001,0.29945772886276245,0.0026610692342122003
0.1640794866666667,27.501327834318516,0.713306678266371,5.833891233333333,1.1724412766666668,0.29587211708227795,0.0023615360260009666
0.265561791,25.381403636068868,0.6834631351289319,6.217296999999999,1.7580166666666666,0.2878023733695348,0.0028593540191650334
0.16790708799999998,24.509287136041326,0.657865674200723,6.9050044,1.0190051466666665,0.27671025196711224,0.0040769577026367005
0.23184030833333333,22.909275077401134,0.6443395025706304,6.9082246666666665,0.8489155166666666,0.24887274205684654,0.0009240309397379334
0.35650261333333333,21.68195882191681,0.6553002546222374,6.238506966666667,1.3162193333333334,0.2143131891886393,0.004598538080851234
0.48952059,19.8872098370429,0.5966366268897861,6.646948066666667,1.4732828999999998,0.24782771865526834,0.0013389587402343665
0.358175293,22.5509375410165,0.6401326154885413,7.1154078,1.2890160533333332,0.23839117089907327,0.0014444986979166667
0.43548261000000005,21.43473612301899,0.636435420639209,6.534889,1.2868061333333334,0.20060314734776807,0.0024940967559814336
1.10488542,21.580048699303706,0.546409412662075,9.706953666666665,0.9825441866666668,0.19729716082413992,0.004685958226521766
0.28811422000000003,26.060027737717324,0.7214764534221249,3.975509733333333,1.370832466666667,0.14896819243828455,0.004691203435262001
0.37779257,22.645490232396394,0.5455416559225383,4.0526816000000006,0.8719753866666666,0.1194421810408433,0.0015540122985839668
0.5872464199999999,20.17495073774769,0.531399199900761,4.7732759,1.1680271,0.14326158414284387,0.004056056340535467
0.26620034,23.953492367478205,0.6878945885443208,4.610988933333334,1.3396983,0.13149174551169074,0.0019799868265787334
0.25121709,22.32338955945096,0.6501496778060655,5.786194366666667,1.2201868666666666,0.15412213404973338,0.0040924549102783
0.35565628,19.973582047294176,0.595767330249568,6.571652266666667,1.3222569666666668,0.16922900329033527,0.003902196884155233
0.220407,21.527309682434048,0.6334232733873236,6.4854761,1.13637715,0.15345288813114163,0.006135781606038366
0.22538787666666668,21.70329563081907,0.6533028813455419,6.5745888,1.2803025166666666,0.16203547269105906,0.008979320526123
0.36660389,19.602675014885623,0.598120470802234,7.4236435,1.4858950466666665,0.20024683574835456,0.0024601618448893002
0.24068689666666665,20.365623589936217,0.6079530150772439,6.637587066666668,1.1077118333333333,0.14830622076988212,0.0039397080739339
0.17798502866666666,21.198443123625484,0.626260371148384,8.145646133333335,1.18130769,0.22309444348017368,0.0
0.19603739666666664,22.147200041545634,0.6461100189668477,6.639190333333333,0.9950170333333332,0.1653933798273404,0.0029088656107584335
0.21966038000000002,21.311172331529693,0.6189616529035028,7.533781433333334,1.0595286166666666,0.18060953418413794,0.0040210882822672
0.24866365999999998,21.083684987189347,0.6061352407416124,7.3608845999999994,0.96947058,0.1731584668159485,0.0038845539093017335
0.24155375,21.356987574159756,0.6447495500399233,7.036523866666666,1.2207361166666666,0.18072250485420224,0.0034302870432535333
0.26768649333333333,21.97736923533237,0.6340548996682273,6.717052866666667,0.94341072,0.18991030255953467,0.0028275648752848002
0.5638632466666667,21.13818815892517,0.6307707144351906,6.0027056666666665,1.7596272333333334,0.2071881145238876,0.0018809636433919
0.40042829333333335,24.40315659819139,0.6804820390803658,4.935975733333334,1.3604862000000002,0.18328786393006644,0.0012547175089518
0.38206826666666666,22.463636447956972,0.6657513076090744,5.504431100000001,1.4239200333333333,0.19588490327199296,0.0006386439005533667
0.33876344333333336,20.610505101039536,0.6176308375484223,6.637693033333334,1.0884352566666664,0.18343697488307945,0.0023230711619059
0.31638134333333334,23.1127179136064,0.6674702705913983,5.7682392,1.1904182,0.1992955903212229,0.0015784104665120334
0.7351462333333333,21.03452501809619,0.6110675762947625,5.136127800000001,1.7003207500000002,0.20283969243367506,0.0033778349558512334
0.6694331399999999,23.567951282553523,0.6767922907562411,4.604759133333333,2.088138433333333,0.21788397431373593,0.004093408584594667
0.39067998,26.895533857577917,0.737030591759353,3.9895355,1.6963555333333333,0.18068830172220865,0.0014041264851888
0.398135545,23.613823865273257,0.6745195395273296,4.860740533333333,1.33521502,0.17130596190690991,0.0009103616078694333
0.4821796933333334,20.106690811748837,0.5899319283384691,6.3800017,1.2931862766666666,0.21510895093282065,0.0052667458852132
0.5877847766666666,18.85784076058384,0.5554833191989674,6.581570233333333,1.5268184833333331,0.24096500873565674,0.0009182294209798001
0.34510558999999996,20.84071226742138,0.6078068816131214,7.511559566666667,1.2745613199999999,0.22699130078156785,0.0023070971171061
0.35589395999999995,19.62057259961742,0.5885359075825383,7.111807633333334,1.3675321,0.21895534296830496,0.003396908442179333
0.4372396633333333,22.0396974694094,0.6466475701800106,6.289690233333334,1.4177050666666666,0.19733583430449164,0.0012646516164143667
0.62951139,19.100822805480888,0.5738497908778962,6.381683966666667,1.4406692,0.22886292636394498,0.003174940745035767
0.36948478,19.673445846332317,0.6125016187710348,6.8017836,1.1738558666666667,0.19802039364973698,0.0028624534606933334
0.16282853133333333,23.074448531915483,0.6719214983734574,6.677991433333333,1.3005115166666668,0.24873064955075583,0.004801193873087532
0.150666365,22.366385559301225,0.6501291300640821,6.882929099999999,0.9958674333333333,0.22209816177686056,0.004833539326985633
0.14605056133333333,21.82014844537414,0.6155357629867092,7.620299866666667,0.9136533,0.25390747189521784,0.0011630058288574
0.09274417800000001,21.543233057408198,0.6162581610560517,8.370141666666667,0.9110064333333333,0.2505421688159306,0.0
0.09837365999999999,21.095787441582114,0.6076063575837581,8.232225133333333,0.9509825666666666,0.27146486441294354,0.006261825561523367
0.17321941466666665,19.138307941154412,0.579113825685214,8.446295133333335,1.2462332333333332,0.27056212226549786,0.0008742014567057
0.15170741333333335,19.99469672750579,0.6114579242717769,7.648661999999999,1.1720559833333333,0.25812124212582904,0.0035496552785237337
0.10737342733333334,22.41758157837839,0.6772572026268943,6.849271566666666,1.0929513666666668,0.22436181455850598,0.0046780109405517
0.14544993,21.274140875763177,0.6146592785508954,7.265796999999999,1.1698500333333333,0.27627958357334137,0.0007330576578776
0.12658795333333334,17.560312594048092,0.4965105792058029,27.10517833333333,0.6852239966666667,0.26416536172231037,0.0047071774800618
0.23143032333333335,18.707651150468042,0.5381095172888114,15.078728333333332,1.4029419,0.2707181423902511,0.0046157042185464995
0.1649473386666667,22.069258706651684,0.5647858031362991,11.827507333333335,1.11358904,0.20965048670768735,0.0034559567769368335
0.2840105213333333,21.605220704291472,0.5758318640242289,10.413433666666668,1.2648444333333335,0.20160407324632004,0.0016260147094726335
0.13060536666666667,23.244904761124833,0.5880909585610511,11.023983666666666,0.9645581533333334,0.18719184895356492,0.0
0.23650766666666667,21.698842589827795,0.5826246638329301,10.475761333333333,0.7114463666666667,0.19984208544095353,0.004638115564982066
0.22514394266666662,20.905753230973513,0.5707380598664991,10.32938,1.1539045833333332,0.23253311216831204,0.0026156902313232335
0.1689552453333333,23.076755683795948,0.6123398355319879,9.363377666666667,1.3756652166666665,0.2276456107695897,0.0016647179921468
0.167568759,23.570295075423967,0.6306186266339697,8.057689333333334,1.1397988,0.2091676046450933,0.0009243488311767334
0.3330469033333333,21.495066307138927,0.6145339219559657,7.201723633333333,0.98273073,0.2127397209405899,0.0033439000447591
0.1902893833333333,21.940516300689026,0.6270704588432711,8.500891900000001,1.0816468566666666,0.21609842777252194,0.006932814915974867
0.14649157999999998,25.42817603626209,0.6503816477759591,7.826859133333333,1.0207601,0.21591179072856903,0.0
0.22015190333333334,22.916358186205958,0.6412891319039898,7.346058933333334,1.2811183666666668,0.22976326197385788,0.0020201206207275334
0.43986755833333335,25.76605603123875,0.6411631367990419,6.722430266666667,1.2594827,0.2563998848199844,0.0051791667938232006
0.20314975666666665,24.747134222373024,0.6287463687839557,7.620946000000001,1.0009024,0.2484432856241862,0.0018400351206461333
0.09364391466666666,25.82838545919468,0.6604205211714661,8.111928166666667,0.9365666233333334,0.20171801249186191,0.0
0.08563454666666666,26.334567854934704,0.6436640370843629,8.325275666666668,0.8245485133333332,0.23863878349463138,0.004909515380859333
0.5342301116666667,24.45906100179265,0.6691435972685899,5.074698333333334,1.2960230666666668,0.19440033038457227,0.003913005193074534
0.46540949000000004,23.9369615101304,0.6779781591791134,4.7616418666666664,1.2923797666666668,0.19322557499011359,0.00033354759216306664
0.24602944666666668,24.205575700647117,0.672255718272185,6.0408494333333325,1.0957925,0.18399372696876526,0.003179311752319333
0.21793404866666669,26.936565636538546,0.7075228146052512,6.0455647,1.1143634999999998,0.2030704965194066,0.003502766291300433
0.2618051083333333,26.332762858775244,0.7033674458396907,5.657040633333334,1.09937175,0.17689710607131318,0.006234089533487933
0.256642812,26.549016301595014,0.6956146915985458,5.928785266666666,0.9497343066666666,0.21328587830066673,0.0077135562896727995
0.2129430533333333,25.476834689119986,0.6769610386627537,6.1090401000000005,0.9618535666666667,0.2393336991469065,0.003967126210530567
0.13163713033333335,28.47859682869125,0.7370838200954625,5.2233320999999995,1.04012251,0.2434070209662119,0.0064620971679687006
0.24799896666666665,27.861429500335078,0.7462576856271231,4.164666866666667,1.0936837333333334,0.22792879740397132,0.003379821777343733
0.23815868666666665,26.552018438686144,0.7240737576074089,4.5326398333333335,1.1233832,0.25383642315864563,0.004789113998413066
0.13334070566666667,27.969069616471327,0.7522345602971131,4.647405333333333,1.2316493000000002,0.2491528789202372,0.0032752354939778335
0.17717300733333333,25.37387421421353,0.6887554902109619,5.510580233333333,1.1417787633333334,0.29136956731478375,0.0033453305562337003
0.10387326133333331,24.601590171141492,0.671808802318416,6.672076933333333,1.1267512666666666,0.2794572760661443,0.0
0.08254418066666667,24.0538859393737,0.6593049803909993,7.216941766666667,0.9203920333333334,0.24768311281998948,0.0033881664276123
0.10932053333333334,23.231673465306812,0.6419404814515545,7.131415866666667,0.7822542499999999,0.21828539172808326,0.006050507227579701
0.11202860433333334,23.844307270018763,0.6752025933427356,6.044434866666667,0.98028522,0.24337497105201086,0.0015638669331868333
0.27313986333333334,25.708740475675253,0.6960240047443823,3.933847033333333,0.9992549000000001,0.15946572273969647,0.001997788747151633
0.2833807076666666,24.442024652482786,0.6410026917268715,3.2630472666666672,1.10764945,0.10965461904803908,0.0036270618438720334
0.22097321333333333,21.677842799790174,0.5699869584164353,4.474128566666667,0.8697373333333335,0.13610398272673288,0.0023516019185384
0.3161006366666667,18.739672175574068,0.4232016471634523,5.528081566666667,0.8295026333333334,0.1391829947630564,0.003267049789428667
0.17936586,20.343512779116413,0.5713254812548384,6.102322966666667,1.1856033,0.14533880352973938,0.0042499701182047
0.12279700333333333,21.416637847614577,0.5353914703549454,7.188497933333333,0.9867044466666668,0.16239982843399048,0.0013718605041503666
0.10808101666666668,21.346535399424464,0.5651774106567995,7.706868666666666,0.89934079,0.1562127868334452,0.0037835439046223335
0.28461188000000004,17.57759438626889,0.5069982405492273,7.6327503000000005,0.9533145533333333,0.17627186079819998,0.0029486020406087003
0.17682667333333332,18.46905321783094,0.5157470894229268,7.991217666666667,0.8233538466666667,0.1784143100182215,0.0010744730631510333
0.08075849366666667,21.243492860322384,0.579696396825529,7.615004766666666,0.8668620266666668,0.17205691834290818,0.0019803047180175664
0.14970305833333333,18.482281408738686,0.526771507567151,7.724004999999999,0.9065483333333333,0.21997237702210737,0.0006719430287679
0.15428559666666666,18.30028447683726,0.5576187747330802,7.9227783333333335,0.9522961999999998,0.21956224242846167,0.004419326782226534
0.15669517566666666,19.01723619363023,0.5643890320254569,7.975874999999999,0.8928625,0.21556617816289267,0.0036896069844563665
0.13377278833333334,18.93679867018139,0.5818806651020881,7.843585166666667,1.1729296333333334,0.24850006898244223,0.005598704020182266
0.11357289,19.835168398644754,0.6168004176344447,7.240672633333332,0.9988038000000001,0.214447538057963,0.005281209945678667
0.07958984200000001,19.838990938103723,0.5933915207849229,8.067828766666667,0.93294826,0.24732927481333414,0.0019710858662923
0.06599757233333334,20.729448120155364,0.6330390937651708,7.837102166666667,0.9234067333333332,0.2413278023401896,0.004608472188313766
0.08757929999999998,20.044069562649838,0.6222121832089532,7.938957899999999,0.9962872233333333,0.23416024943192795,0.0046681563059488675
0.131169247,18.465600576877314,0.5856446745112067,8.537492333333333,1.1025814833333332,0.2675173679987589,0.0049622853597005
0.06481197133333333,21.33070020208089,0.5998524069154795,8.617510433333335,0.7418014199999999,0.26221502820650733,0.0072894096374511
0.09647880133333332,20.301931627298938,0.5994679893293312,8.438763,0.7390986,0.24990207950274146,0.0026743412017822
0.12111422333333333,19.39135864524855,0.5393716440323688,9.726512,0.7262069433333332,0.30779774487018585,0.007073163986206033
0.07829982133333334,21.1965250585708,0.5451863128806415,9.756198333333334,0.7631145266666667,0.3350705901781718,0.0031081040700276664
0.08579642999999999,20.53731254946122,0.5575847113591551,9.049351000000001,0.6759147166666667,0.32861167192459106,0.0026579697926839003
0.10641169199999999,19.855774688746124,0.539292777690483,8.738824333333334,0.6692218866666666,0.3340209722518921,0.005906820297241167
0.10400024166666666,20.48573940969693,0.5610335683905429,8.244466766666667,0.77896296,0.3153192698955536,0.0012563069661458333
0.112171545,19.8688421344978,0.5768288964284572,8.116756333333333,0.6965324066666666,0.2680263022581736,0.0038197835286457997
0.11128792,19.929987663451854,0.580747443658875,8.157271566666667,0.8302347666666666,0.2454492300748825,0.006800889968872033
0.08195308999999999,21.498935444017516,0.6467327628308112,7.243166633333334,1.0071712666666666,0.2451825886964798,0.0027526219685872332
0.11373084666666666,20.3923471268608,0.6265435017878372,6.729750433333334,0.95888895,0.22665794690450033,0.001967589060465467
0.12169467666666667,20.28240595136148,0.6054289314334825,6.5858132000000005,0.9729231666666668,0.2581586390733719,0.004081010818481434
0.1994593033333333,19.14931933282192,0.6001227626414428,6.419067533333333,1.0506895666666667,0.2627656410137812,0.0014719168345133
0.16796680833333333,19.681385775820434,0.6237836661409463,5.579968699999999,1.0729229333333334,0.23183328161636987,0.0050073464711507
0.14303729666666667,19.492286056477088,0.5978636780556338,5.686995766666667,0.9560390666666666,0.21052923798561096,0.0026013851165771333
0.16251353999999998,19.10549446654051,0.5497853159688191,6.286195433333333,0.7752288833333333,0.24765830238660178,0.0024240016937255664
0.12496792533333334,17.649678081714956,0.5081044157516731,24.434441666666668,1.1008114666666666,0.31005694468816114,0.0
0.7139380399999999,23.029187436018997,0.6164588183892051,4.270924333333333,1.11380351,0.1473628555734952,0.003081639607747367
0.33320079666666663,23.73634592314309,0.6780615874272479,4.183506666666666,1.4008767333333332,0.14654180159171415,0.0013387997945149667
0.10815737799999998,25.165432534648506,0.6943848860435148,6.301364766666667,0.8760287133333334,0.18322476247946418,0.0025058587392171
0.15971450666666667,22.501390250224706,0.6515058407933317,6.664941166666666,1.2289302666666666,0.18323381990194312,0.0027941862742105997
0.17789995766666666,23.265806514768787,0.6709420907701801,7.4026538,1.0320786233333334,0.18875479698181152,0.004741827646891267
0.27321975,20.113790014375805,0.6151570773334015,8.106139433333333,1.3378463333333332,0.19121613601843515,0.006821870803833001
0.2733683333333333,21.576188830546204,0.6177447652049547,8.407901233333334,1.184692,0.19707430402437845,0.0
0.3777711633333334,21.04313407898383,0.5913113139578732,8.823025999999999,0.9295962000000001,0.20051285127798715,0.0028159618377685334
0.37172374,20.345112480005838,0.587082071535014,8.727429533333334,1.3334464333333333,0.22148403525352475,0.005394220352172833
0.21057739466666667,20.066104810771474,0.5869962945843442,10.188389333333333,0.7850684366666667,0.20061400036017096,0.0027647018432617
0.2305198966666667,19.86199128717672,0.5773261493501186,10.644432666666667,0.9778150233333333,0.2221186260382334,0.0018606185913085666
0.125481408,20.908670768711815,0.5916469539105054,11.480427999999998,0.9101565866666667,0.1912303169568379,0.002941211064656533
0.12201874433333333,23.317960241540053,0.6275714540310031,9.418707333333332,0.8653911933333335,0.20377003153165182,0.008618672688802032
0.22169858466666667,23.386636802012276,0.6606017795650666,7.530572,1.2467333666666667,0.1845545172691345,0.0
0.49780112000000004,23.083764853524787,0.6673559226983229,5.418230566666666,2.0255271333333336,0.22754540542761484,0.0026032129923502
0.25575224333333335,25.655548998599567,0.7041822279408154,6.158239600000001,1.8652998666666665,0.2341652661561965,0.0020338694254557
0.30177917666666665,22.334279404351662,0.6206543130241274,8.106651,1.3044540333333334,0.21983502308527622,0.0
0.5928130633333334,21.213029741571987,0.609018123906925,6.547405833333333,2.0510005000000002,0.26936374107996613,0.0048591295878092
0.29395396,24.10369900170993,0.6396121981540988,7.048825133333334,1.2406443,0.24888795614242554,0.0022127628326415664
0.164732488,25.23167059401386,0.6327026434928648,8.775824,0.9934072466666666,0.2853654573361078,0.0047045548756917
0.4650071533333333,22.613228499836833,0.5979277205044673,7.864948900000001,0.7645344133333333,0.24487403283516565,0.0034701029459635337
0.19753564133333334,23.20858036332952,0.5864951166672169,10.001074333333333,0.8584440733333333,0.29011627038319904,0.004818042119344
0.11824998000000002,26.853569050112494,0.665319105632796,7.790251666666666,0.8466136666666667,0.23619899153709412,0.0018138885498046667
0.5787262366666667,21.377422840866306,0.5945372331025839,6.667113666666666,1.3214984666666665,0.24136520922183988,0.0015855630238850666
0.100360152,25.21464575658348,0.6107384927205514,9.392015666666667,0.85362131,0.27827802300453186,0.0033569335937499666
0.17731556333333334,23.177221031598304,0.6000241741934458,9.477827,0.9685919,0.24401198327541343,0.0016766389211018667
0.14887280333333333,22.95568950767323,0.5921351812289803,9.288175333333333,1.063918,0.2758077879746755,0.0012577374776204333
0.27233711866666666,24.362512894306786,0.6469851145455426,7.256802666666668,1.2880052433333333,0.2599428817629814,0.0034044583638509
0.10798548000000001,25.466247019547385,0.6132707292610416,8.142154766666668,1.0483152666666666,0.32904185851414997,0.002481381098429333
0.12081902866666668,23.62601111088647,0.5791339185783168,9.3948468,1.0904943,0.32374181350072223,0.005877892176310166
0.5426965733333333,18.56286415392898,0.5271989791979946,8.039384533333333,1.9779061333333334,0.33904611070950824,0.008151928583780867
0.19072631666666665,24.553683804974884,0.6649746998086822,6.656672333333333,1.1308597833333334,0.22210641702016196,0.0015915234883626002
0.46917197666666666,27.709436159170878,0.7279054298964684,4.367084133333333,1.3161731666666667,0.1514899941782156,0.0031734307607014663
1.1546181833333333,20.584658732969288,0.3842003742909523,3.962829166666667,1.3899701,0.10071775317192073,0.0017499128977457668
0.9400825133333334,20.805863711596444,0.3791541754590453,3.6004237333333333,1.0670972333333333,0.08235699186722432,0.0033736228942871003
0.45689248000000005,21.70209542483514,0.4343543737638684,4.522095466666667,1.1008811166666668,0.08685190106431641,0.0017452239990234334
0.3350475033333334,20.81252445977686,0.39563632435326296,5.535999933333333,0.8318782266666668,0.1276974926392237,0.0031929810841878
0.34843567999999997,18.940425102794652,0.38920092049633825,7.0826512,0.7016218799999999,0.14373764395713803,0.005075693130493134
0.26542009,20.96830899794028,0.5466187892127397,6.713085433333333,0.9052103533333332,0.1314786076545715,0.0025336742401123
0.23141726666666665,19.635104623716025,0.47035191578971564,6.6678146666666676,0.9161756666666667,0.12148448576529818,0.0018980503082275
0.12423251666666668,21.242001575550265,0.6019793798950285,7.1027372,0.9723613666666667,0.13715316851933793,0.0012761751810709333
0.11242441166666667,21.35557446920917,0.6015969313649618,6.849404633333333,0.85904932,0.14767092466354367,0.005111376444498667
0.08021789333333333,22.40680957417399,0.636138027203989,6.686643566666667,0.9199260333333333,0.14774182438850397,0.003417491912841767
0.08766833666666667,21.67865411778681,0.6174900922941416,6.960417766666667,0.9197006333333334,0.15077757338682807,0.0011169910430908
0.10257591166666667,21.512288649476094,0.580914232821853,7.401108866666667,0.8341957933333334,0.16965093960364652,0.002746105194091767
0.1703067256666667,20.042513701947062,0.5632732022337271,6.9717511,0.9833944333333333,0.17135732124249137,0.005936304728190067
0.148795752,19.204344208814152,0.5608418242976669,7.088104933333334,1.0491400166666667,0.17563820878664646,0.0033551851908365667
0.08500404833333332,21.722073224096622,0.5863835387899808,7.037259,0.6640583000000001,0.1885051578283309,0.0014558633168538333
0.1257254866666667,20.312965116332396,0.5494214213829792,7.307872666666667,0.7661009733333334,0.2118956496318181,0.0033167997996012
0.125263667,21.575600194363698,0.6246515403142245,7.037091566666667,0.8425716,0.18892860164244965,0.0027007261912027664
0.08412754533333333,21.20534021298778,0.6096885129443789,7.063482566666667,0.9116748666666666,0.17556735624869657,0.0033392906188964666
0.07682150133333333,21.940947003474324,0.6129740591392837,7.692600333333334,0.7449436633333333,0.1805389573176701,0.0017743110656738002
0.15829225,19.512144110128542,0.5704517916378066,7.380813866666666,0.9037456466666667,0.21164729694525397,0.0
0.16941320333333332,18.593318063226693,0.5645595079633542,8.626751066666667,1.0409217,0.2122728377580642,0.001986821492513
0.22169675200000002,17.511875816470134,0.5151281875155288,10.563642833333333,0.7620255433333334,0.24088309705257407,0.0020066102345784333
0.10908366000000001,19.736787340501976,0.5671606437715613,9.841397666666667,0.5542679666666667,0.2207983831564585,0.004264593124389634
0.1571752366666667,18.195359737369113,0.5358619993556123,10.381745333333333,0.7719960933333333,0.243704820672671,0.0009761651357014666
0.18467041333333334,18.376562670017748,0.5507661921033663,9.536035,0.8651930166666667,0.2294728308916091,0.0046908060709635
0.17265538333333333,18.997641323134847,0.5535648640456517,9.285166666666667,0.7609916666666666,0.23576463262240085,0.005391915639241501
0.16458681666666666,19.101827032137034,0.5629342325261236,8.6386078,0.9797045,0.2408511737982432,0.0033530394236246336
0.15999703333333334,21.077339806969828,0.6097848923276774,7.028604799999999,0.8642260433333333,0.22868069012959794,0.0016674995422363002
0.2286608,21.00413092484608,0.5997113507679118,6.534896833333334,0.9182900799999999,0.2502216696739197,0.004476149876912367
0.31724713666666665,19.674169803284222,0.5933526314583766,5.977674333333334,1.0918591666666666,0.19567952056725813,0.0019897619883219
0.19304021999999998,22.90184370274517,0.6797117077421042,5.5864894000000005,1.14827751,0.1848349943757057,0.005441427230834899
0.19218149333333331,23.11804622260705,0.6820555360262547,5.440949333333333,1.1594505333333331,0.16623016198476148,0.0
0.21441611333333332,22.31307890256848,0.6894909591171053,5.383748833333333,1.3059684999999999,0.1435782288511594,0.0056461493174234665
0.14293156666666668,22.112995172773765,0.6625324786208747,6.7551485,0.85702175,0.16909901301066074,0.0029812653859456
0.28367030666666665,27.771101511794598,0.642262668500146,2.8918071666666667,1.2478312666666667,0.0782843766113122,0.002120176951090467
0.3238336133333333,22.07416199927808,0.40264507514971987,3.6660869333333337,0.66135146,0.0929861726860205,0.004116137822469034
0.15667953333333332,24.0112266990914,0.5112007307301923,3.9920266000000004,0.9783088066666666,0.08388295521338777,0.0025523503621419003
0.38603256666666663,19.11914412185262,0.3968284897506255,4.727099466666666,0.9765093,0.09876961261034006,0.0043036937713622665
0.2235498966666667,19.708722387288393,0.46094840447356394,6.614043866666666,0.8119432666666667,0.14144529402256004,0.0016396045684814334
0.2751053,18.13380991943895,0.39238565655374363,6.7105999333333335,0.90608297,0.15035210549831388,0.0024067560831705667
0.3403236966666667,17.09615780886431,0.382887997728853,8.0902241,0.8433985266666667,0.16951557993888855,0.0
0.24097495000000002,18.858356665615457,0.4441721258701825,7.670931800000001,1.0283488666666667,0.16323877622683838,0.0020444393157958668
0.1673499066666667,19.800354694599598,0.5306899755617058,8.278409433333332,0.9652975133333334,0.14850723743438715,0.0012169679005940668
0.2117703066666667,18.600065227992335,0.48870463081188964,8.819232333333334,1.0482541233333333,0.18756374716758725,0.005452791849772099
0.21604023000000003,17.846731905996283,0.4692933811450452,9.188107,0.8061268466666668,0.19094288349151609,0.0019537607828775667
0.143319373,18.924155314209877,0.5381680908214115,8.7956935,1.0503020466666666,0.20345258712768555,0.003463983535766567
0.126440102,19.838614476306983,0.5417193061359727,8.720894666666666,0.85589076,0.17993335425853726,0.006129821141560833
0.163192102,18.928983801075926,0.5309766568873628,8.476023666666668,0.84282859,0.19203276932239532,0.0024593671162923
0.13617626433333332,20.408779493135892,0.561186517225552,7.858127566666666,0.8768378166666667,0.19912263254324594,0.002404133478800433
0.138271745,20.428420998269292,0.570697989240506,7.191710833333333,0.8844003166666666,0.187699556350708,0.006033976872762001
0.1940741433333333,20.13598335085878,0.5874147316620149,6.5059567,1.0223405333333333,0.1929759283860524,0.0066626866658528
0.22562246066666666,20.72987867801107,0.5940191941313081,6.506487833333334,0.9469658666666666,0.18043850362300864,0.0028007030487060334
0.19245594666666666,20.540609699945012,0.5994606607674426,6.545974333333334,0.9907971999999999,0.22717162470022836,0.0013381640116373666
0.17733261,19.625486584659857,0.5854491470602841,6.848901433333334,0.9421464166666667,0.21228769421577454,0.006202697753906167
0.14299941333333335,20.641979965819747,0.6008453137249292,7.664321,1.0189336666666666,0.21077349285284672,0.0026748180389403998
0.10596614,20.919529154096026,0.6282181654669216,7.775461133333334,0.9433788666666666,0.18793443838755286,0.0018356641133626002
0.10215224799999999,20.90477670433884,0.6092631598547076,8.523460133333334,0.90912981,0.2233951985836029,0.003522634506225567
0.14307513166666666,19.161974392408577,0.5497607622605707,9.526603666666666,0.7408740333333332,0.25853700439135235,0.0
0.11042741333333335,20.263436747592248,0.5757821456597548,8.914307333333333,0.7835295233333334,0.2656286458174388,0.0
0.14398016333333333,19.42803537416679,0.5789792935927923,8.334764933333334,0.9082279799999999,0.24648116528987885,0.003747860590616833
0.088469586,21.568046178465124,0.6185002347344636,8.081848899999999,0.7863382133333333,0.24152527749538422,0.003007173538207966
0.135993485,19.160120136845293,0.5623558581611645,8.336116333333333,0.8144703766666667,0.2653249005476634,0.0031950473785399996
0.10300663066666667,20.56990184885863,0.6100886232835502,8.428105500000001,0.7199407533333334,0.25986117621262866,0.0026520093282063665
0.092400733,20.82919938528758,0.625803691899092,7.977051799999999,0.8044742399999999,0.2156078567107518,0.0013371308644612332
0.06488233633333333,21.169109972141058,0.6386769822571868,7.867321799999999,0.8808767133333332,0.19626067578792572,0.0060172080993652
0.10054212333333334,21.790867382265066,0.648943866299419,6.527236666666667,0.8944394033333333,0.20003687093655267,0.004541794459025033
0.09469658833333333,21.989968413967603,0.6671367734190826,5.886666766666667,0.8896295233333333,0.17663304507732389,0.0013460318247477
0.11286828666666669,19.619995079021777,0.6023760310178846,7.606777633333333,0.76021138,0.19012069702148438,0.0038522879282633336
0.09114554000000001,20.40762620040697,0.609863346184475,7.4311228,0.8101937333333332,0.18176605055729544,0.0016687711079915334
0.10844330666666667,19.725364003823696,0.5907641689408986,7.042729866666666,0.5691584066666667,0.1979922205209732,0.0034381548563639
0.08403863766666665,20.886890545992,0.6129791604854465,6.7891371000000005,0.7680577999999999,0.18342046439647672,0.0045580863952636
0.09823061366666667,20.742754479517927,0.6016461690192781,5.710146300000001,0.7394583,0.19416392346223188,0.007014274597167899
0.09984525666666666,18.66808538295322,0.5292307733076594,24.51446266666667,1.0213629466666667,0.27997307479381556,0.0042025248209635
0.23253339333333334,20.84260340597827,0.5513873038516142,12.207962666666667,1.1102441666666667,0.2277733186880747,0.005843957265218067
0.25807554666666666,23.10969794482536,0.5911164625976625,10.967832666666666,1.1295266333333334,0.1929529060920079,0.0056417783101399
0.34686793666666665,21.68894408230834,0.5769865340043434,10.204931,1.1079533666666668,0.20064105093479156,0.005227009455362933
0.39450770399999996,20.861899470882392,0.5557731450951479,10.831726333333334,1.1560352333333332,0.22942621260881424,0.005457321802775032
0.22182169599999998,27.343607172452604,0.7015179492305017,6.382705666666666,1.6191004666666666,0.19599831104278564,0.004790623982747367
0.3013359443333333,26.997582442283022,0.6817836319622517,6.691354733333334,1.2464141466666667,0.21628149350484208,0.0028733412424723002
0.215578468,25.236798927238386,0.6832562554665039,6.948094666666666,1.0683970666666667,0.17165822535753247,0.006148258845011333
0.10884155666666666,22.378347482523882,0.6523260726058582,7.201997966666667,0.8312772,0.18679831425348914,0.004758516947428334
0.1696166166666667,18.805511620321887,0.5689839133088789,7.616395,0.9450665866666665,0.24331280092398325,0.002005974451700833
0.10465947999999999,19.645410575648246,0.6034570947534644,7.9899320000000005,0.7590762533333333,0.20934993028640744,0.003708680470784467
0.12196261466666668,19.596008758493827,0.6140344100955362,8.584426,0.5629296566666667,0.2194253206253051,0.005166769027709933
0.12870356333333333,21.23611582814573,0.61820172354183,8.795255166666667,0.9041506333333333,0.22487964729468027,0.0027461846669514667
0.12427412,21.641246901261535,0.6243772989135793,9.000602333333333,0.5822383233333334,0.2024351805448532,0.0021332105000813665
0.11627133766666668,23.306731347204643,0.6387305483745426,8.97205,0.7682317866666667,0.19205004473527268,0.003515879313151
0.14069329766666666,22.857250502063494,0.6148273289162712,9.243450666666668,0.8159381866666666,0.2064981460571289,0.0023409525553385333
0.11710093333333332,23.18473601202847,0.6071037064025472,9.533661666666667,0.7948476966666668,0.22932496170202887,0.0021095275878906003
0.12396381866666667,24.990365060581485,0.6675590720978063,8.605149333333335,0.9457892633333332,0.1871721645196279,0.0045404434204101
0.15058089833333332,22.833663890617505,0.6105890969502641,9.606204333333332,0.8248503500000001,0.21155585845311478,0.005320469538370734
0.12658542533333336,23.612521691560584,0.6479311771981425,8.6026249,0.9184152333333334,0.19320730368296304,0.0035328865051268998
0.15338577866666667,23.557410779277813,0.6310947925316871,8.929297666666665,0.94078602,0.20377787450949347,0.0011497338612874333
0.32707108,21.517741988562857,0.5839289686877328,9.120367166666666,0.9656399133333334,0.22440568606058753,0.003313700358072866
0.20847953,20.588429297806474,0.5782301781553848,10.316787666666665,0.9821556866666667,0.22844747205575303,0.003431081771850567
0.22410184,21.73627622563035,0.6062054887831331,9.521884333333334,0.9585159666666666,0.1954505989948908,0.0031974315643310334
0.2241724186666667,21.90180163515821,0.585105889039048,9.841667666666666,0.9806028333333333,0.2318377296129862,0.0007654825846354
0.10565385833333334,22.955477397392027,0.6196046823702953,9.874774666666667,0.9218436799999999,0.2146550168593724,0.0013847351074218665
0.09764557333333335,22.428220835391787,0.6002010875179478,10.9661305,0.7722137766666667,0.23110301792621613,0.004715045293172166
0.08225136666666667,23.366134626359038,0.6133312408516733,10.033844333333333,0.8440596666666668,0.2323208302259445,0.0
0.125717548,22.73330822088539,0.6197720631020042,9.123197,0.9931748499999999,0.22325085103511808,0.0
0.11356845533333333,20.904849763926073,0.5461502478448524,11.360333333333331,0.7984163566666668,0.2657434095939,0.004142284393310533
0.12171314666666666,18.97437033764517,0.5470105227796879,11.937933666666668,0.7513379366666667,0.23421466350555417,0.0033218860626220334
0.11831236666666667,20.655849609344585,0.550257323234787,11.087038666666666,1.0046571433333333,0.27135027945041656,0.0013376077016194335
0.21599045166666667,20.491467356976543,0.6052864736633271,8.232620466666665,1.382173586666667,0.25937437017758685,0.0018900235493977669
0.20147487,15.994292344086444,0.5205386002237969,24.45786133333333,0.9304514999999999,0.2575973222653071,0.0015579064687093
0.3797900386666666,23.9457902949915,0.6205340342448616,4.2407364,1.25678812,0.13572974254687623,0.005836804707844999
0.2686646866666667,25.035426074462496,0.6134923038956184,3.340471466666667,1.1817003199999998,0.0899606868624687,0.0011632442474365
0.35373923333333335,21.760103968898978,0.5114087648489454,4.036375766666667,1.2571766,0.11498694121837615,0.0
0.36893684,21.01435725391222,0.47117791575412155,4.527533,1.1649153666666667,0.12501999735832212,0.0013843377431233667
0.36491870666666665,20.382741272594696,0.525622622553944,5.2714247,1.3789635,0.12726400544246036,0.0006676514943440667
0.25249187333333334,19.57687604864125,0.500045823863743,7.4367711666666665,1.0117128666666666,0.15666648248831427,0.0
0.22132835000000003,20.642183157141517,0.5763648536471563,7.513821133333333,0.9352979000000001,0.15428760399421051,0.0
0.19483517666666664,19.00831033729924,0.5146628514004159,8.125814,0.8863142333333333,0.18934417764345804,0.007654110590616801
0.11340517866666666,20.292268427572115,0.6076070740439,8.312747133333334,1.0076707533333333,0.1760150045156478,0.002112785975138333
0.08998616,21.042813194007348,0.6290181713773887,8.670808333333333,0.8616410599999998,0.2017679661512375,0.0025902589162190666
0.13550078766666668,20.051096889348614,0.6189428951671748,7.947863333333333,1.0917693133333335,0.19810694456100456,0.0
0.14479124266666668,19.13491720795182,0.606201899943669,9.266972333333333,0.9737860999999999,0.21611031393210092,0.008266448974609333
0.12046073666666668,19.646724016270333,0.6038559290082154,8.6373745,1.0506794000000002,0.19189805785814915,0.006024440129597933
0.14062709666666667,18.979039178582855,0.6200933937100267,8.377220633333334,1.2044326333333333,0.20522563159465787,0.0020009676615397
0.10658554333333332,21.21970391967112,0.6361739731951647,8.152867333333333,1.0000856,0.1914931287368138,0.002166668574015267
0.10825217666666666,20.70826160267496,0.6222477286825202,8.673533666666666,0.9644896466666667,0.19347181916236875,0.0023744106292724336
0.12251487333333333,19.59929996809309,0.657672937639948,7.886883900000001,1.2506120333333335,0.18173562486966446,0.0019517739613850668
0.13401051833333333,19.988029038500702,0.6189145485550921,9.072693333333333,1.0906580133333332,0.20628264546394348,0.0015913645426432
0.11100656266666668,20.453527061419447,0.6150867349363501,9.747018333333333,0.94251306,0.22131219506263733,0.002083142598470033
0.12053037866666666,19.537897493366412,0.6144798903559139,9.4280975,1.0055133333333333,0.2076905121405919,0.0019360383351643667
0.19444042000000003,18.424300542072775,0.5862481991812395,9.016881133333333,1.1480216,0.232020303606987,0.0013407071431477669
0.16638670333333333,19.72387291647941,0.6170711016160974,8.333861066666666,1.0325789333333333,0.21867003043492636,0.0
0.09847549500000001,22.247080009710146,0.6583676905194419,8.006392333333332,1.1136691333333333,0.1926634659369786,0.002511898676554333
0.140445949,22.155808579578025,0.6565443850205018,6.977239766666667,1.0645285,0.20691027740637458,0.0020143191019694
0.2167491553333333,20.51984273320201,0.6386823726871039,6.6856133333333325,1.2558099133333334,0.21735849479834232,0.0037410259246826
0.11653266333333333,23.32698342839237,0.6775635576429258,6.4289159,1.1335829666666666,0.23550444841384885,0.0033560593922932667
0.18905747666666664,20.946933397659368,0.6438914242093026,6.194549233333333,1.1897335666666666,0.2187721828619639,0.0
0.08603303166666666,22.785171658211,0.6785323504891393,6.7970155000000005,0.9914194333333333,0.20182290176550544,0.0033187866210937
0.069939732,22.90329372519423,0.6612498661969081,8.273789766666667,0.8924342333333334,0.230955551067988,0.0023606618245442332
0.11868081766666667,20.947545595158882,0.6343171301335109,7.856827233333334,1.0102400666666667,0.20757992068926492,0.003523429234822567
0.073552045,23.372427991202187,0.6825093373339012,7.1893028,0.98125441,0.18821742633978522,0.0
0.135126809,21.700263577412212,0.6610531225405102,6.5245595666666665,1.0825821666666666,0.20521710813045493,0.005602121353149366
0.11366466400000001,21.915124290158957,0.6751298924416366,6.915927533333334,1.0933184999999999,0.1883250524600347,0.006129503250122033
0.12007783966666669,21.496318463146405,0.6767263330588543,6.925753066666666,1.0951217,0.1687420432766278,0.0027803579966227
0.16887306333333332,18.411736448211204,0.5670454815593282,18.752489666666666,1.3772826333333335,0.29935465256373084,0.004317839940388966
0.4076672906666667,22.83032227888441,0.5645015933790577,10.0193,1.4098829000000002,0.222793827454249,0.0033479531606038
0.2639616753333333,25.457513407503495,0.6784319764023078,6.609077433333333,1.4271831666666668,0.17779531081517533,0.004165887832641601
0.46043988333333336,23.348540628810824,0.6448616783428732,4.891770733333334,1.1462522666666666,0.15243651966253913,0.0031015078226725
0.6748866466666666,23.57739272733515,0.6298389373481097,5.424421333333332,1.4023653566666667,0.18461109201113382,0.0077626705169677
0.4714338433333333,24.633096013146588,0.6505517322794502,4.903782433333333,1.1330406,0.16652781764666238,0.004350185394287067
0.5706290566666666,25.072257879102647,0.6702156559914307,4.829417533333333,1.3376072133333332,0.15865601102511084,0.0011061827341715333
0.3073137633333333,26.63376292536383,0.7132207022078836,4.720348433333334,1.2108471433333332,0.1526792446772257,0.006141901016235333
0.52188216,22.483929810161413,0.6344847000149838,5.3937713333333335,1.4970586666666665,0.1522608598073323,0.0006690025329589667
0.33681539666666666,23.660567852483297,0.65692921013062,6.2289129999999995,1.3118077333333333,0.1872339049975077,0.0
0.4158182733333333,22.23690026869396,0.6401402238337487,5.600095333333333,1.4899883333333335,0.1906135206421216,0.0050424734751383
0.2970486766666666,21.955660059267785,0.6405909144539168,5.880668333333333,1.4290558466666667,0.19302519907553986,0.0010924339294433334
0.5199072966666667,22.3923875847167,0.653354727636971,4.6859630999999995,1.7976013333333334,0.1563625708222389,0.0016435782114664667
0.5867148333333333,22.458694628160945,0.6383125231285244,4.928025333333333,1.7368714433333332,0.19348240643739698,0.0
0.9581937366666665,21.65715443128073,0.602212305716847,5.204704499999999,1.82351415,0.20919714868068687,0.003057320912679
0.86353084,21.970053155888916,0.5983353089253716,5.0845994333333335,1.56038389,0.21601481239000953,0.0008905728658040332
0.5706231433333334,22.722306217353623,0.6445915809783106,5.318848,1.6189322666666666,0.18908936281998945,0.003802061080932567
0.39862615599999995,25.604894633203866,0.7089571051831359,5.2128035,1.6744912666666665,0.19091011832157767,0.0011809666951497334
0.50320505,21.91048706165216,0.6302836281529715,5.431508233333333,1.4872637666666666,0.17813653250535325,0.0011812051137288333
0.29987768666666664,22.428362781786646,0.62935849233068,6.8703894666666665,1.2073745133333333,0.1936351557572682,0.0053009986877441
0.5570903799999999,20.98276649164299,0.5951470421911765,6.651286666666667,1.2509012233333332,0.2047035644451777,0.0034073193868001
0.33627508666666667,22.212161390280812,0.6381395850326204,6.7224092,1.3133917,0.19189274807771042,0.0037777423858642
0.5889811166666666,20.499003478926767,0.5890043134996749,6.666232333333333,1.2587821000000001,0.1980885614951451,0.004794915517171166
0.3407335123333333,22.29350244430873,0.6294753909031088,7.4569529999999995,0.9350700766666665,0.1763813570141792,0.003399848937988267
0.29926389,22.226481933903695,0.6031027780023871,8.313918433333333,1.0291971,0.18077061076958975,0.0028657118479410667
0.3202387233333333,19.75987372163539,0.5688854574581453,9.038277666666668,0.9214178566666668,0.18949594100316366,0.004102150599161733
0.3018807083333333,23.530925334271586,0.6350806772229373,7.182636566666667,1.0970282100000002,0.22315713763237,0.0069413185119628325
0.28220697666666666,23.1945774939946,0.629940593701789,7.6906155,0.9579361666666667,0.22230900575717286,0.0066440105438232006
0.25643147666666666,22.858716182048777,0.6249956907867252,7.56356,1.0215476000000001,0.20769364138444266,0.0023988087972005
0.37563605,18.785176093987932,0.5357034079732204,9.302255666666667,0.90706232,0.22529928386211392,0.0
0.3033073166666667,20.395481848112986,0.5681869408858066,8.761722666666666,1.0777636,0.24328414102395376,0.0037000179290771
0.14846954666666667,21.721621310607887,0.6287664797534228,7.8719217666666665,1.1133233,0.2024744302034378,0.0040133794148763
0.22180439766666668,20.876090715200476,0.6160587997581509,7.264863399999999,1.22658252,0.20373373230298353,0.0033309459686278998
0.08427429133333335,22.204080011647676,0.6100251003620952,8.369589533333333,0.74652677,0.2025329271952311,0.0074135462443033
0.11609249266666666,21.082081175305287,0.609821004533748,8.000035,0.9934902333333334,0.23956432938575742,0.0025676886240640997
0.17760094333333332,19.673484047881598,0.6275191980423533,7.108518,1.2213780133333334,0.2180834710597992,0.0019994576772054
0.09993150833333335,21.473684719237742,0.647562510952094,7.501147666666667,1.0219163,0.19315296908219656,0.0034376780192057004
0.08413447333333333,23.09240025747086,0.6691208259528062,7.0901354,1.1092004666666668,0.1957782755295435,0.0035305817921956
0.22386497000000002,19.72547121517798,0.628484832663164,6.0109638,1.3679411133333332,0.19421149045228958,0.0
0.13327352666666667,20.206347508326633,0.6561420758074835,6.228944233333333,0.7116743,0.1872729261716207,0.004244486490885367
0.07886012433333334,20.826627006592044,0.6338542633629446,6.918996666666668,0.5944614333333333,0.20535622040430698,0.0006346702575683334
0.12786559,20.54079850478779,0.6309030031979778,5.680487666666667,1.0227571166666667,0.19090118010838822,0.003003835678100567
0.09285597999999999,17.96695896100984,0.5244284057310359,27.816923,0.8888550799999999,0.27409204343954724,0.0014598369598388665
0.24654753000000004,26.35535680380296,0.6426156443935331,7.916391666666667,1.0778656166666667,0.16547224422295884,0.003938198089599567
0.19312057333333332,25.007847004097375,0.6391554595361683,6.781195866666667,1.1313475333333334,0.18883344779411945,0.0026810963948567666
0.2839522783333333,24.263002473077247,0.6783217856339414,6.2068103,1.3913195,0.17779934406280515,0.0029738744099934663
0.4931253616666667,23.251546952173655,0.6535133884530637,5.409942633333333,1.3746521333333332,0.1631548181176185,0.0
0.29318418,23.527843280945202,0.6663401171042515,5.6590976,1.17186535,0.15637591977914173,0.0038595994313557667
0.2381278403333333,25.263611798727695,0.709120986389198,5.6658672999999995,1.2417888666666668,0.15754735718170795,0.0016512076059977
0.221762621,23.40082587598353,0.6455132645735376,6.954548433333333,0.9284789233333334,0.19199102123578385,0.0039312044779459335
0.37354689,21.40223469125901,0.6118752564293969,6.6974021666666665,1.0120389566666665,0.18805999557177222,0.0043067932128906
0.21863961666666665,23.382964380302965,0.6596807504997058,6.576667633333334,1.0388549466666668,0.16956952214241028,0.0033665498097737007
0.190915285,21.369115509607596,0.6352329959590642,6.863296000000001,1.1108157,0.17872333029905949,0.007153749465942333
0.11031253,22.950844282330696,0.6815958449177222,6.594648500000001,0.71323477,0.18832938373088834,0.003967603047688767
0.18879670333333334,21.79595860986588,0.634078230123043,6.976160766666666,0.8979000666666668,0.18312878658374152,0.0023364226023356
0.19447888666666666,21.524736985006438,0.6404311729054812,6.843366166666667,1.1951015666666667,0.18290054798126212,0.0045510133107503
0.123173045,23.567592008617638,0.6643915899100211,7.573470866666667,0.8834141033333333,0.19373500347137443,0.0050663948059081676
0.12994560833333332,23.560169873871146,0.6691879210771311,7.176778966666666,0.9544346,0.17761133114496863,0.006594419479370066
0.12090183633333333,23.964633634508928,0.6643731987708662,7.692145333333333,0.8702501666666667,0.20601578056812286,0.006166219711303667
0.11950748133333333,23.436265062638427,0.6685988737599287,7.210903666666667,0.83189219,0.1875616212685903,0.005471388498942034
0.114487801,23.43872374057104,0.6672923695328176,7.760858833333333,0.7904391000000001,0.19520789881547287,0.004925409952799433
0.12141283333333334,23.582886037267162,0.6685578906003539,7.2821854,0.8817440666666666,0.19688750306765238,0.0
0.19964106666666667,21.366555617505927,0.6216935187312693,7.5464698666666665,0.9767898333333332,0.24789460003376007,0.004342397054036433
0.22506781866666667,21.379111921930065,0.6205650992365493,7.555273066666666,0.8344447433333332,0.20651483535766593,0.0016029675801595
0.24971564666666665,22.202343765167374,0.6447883593489482,6.786677999999999,1.1088419,0.1980159431695938,0.0
0.14973114333333334,22.5479153445537,0.6216726522939643,8.932795533333334,0.8935086533333333,0.259893387556076,0.0005031426747639666
0.08481117999999999,25.014273434038852,0.6549916707409792,8.466358466666668,0.9210467833333333,0.22171393036842343,0.0034073193868001
0.5120923866666667,19.844348999808886,0.5972709965214166,6.541045966666666,1.3625512100000001,0.21553338070710495,0.0
0.29802069000000003,21.737566215986448,0.6104891980932889,7.235674700000001,1.03695011,0.2372391720612844,0.0029445489247639667
0.10731788933333332,24.217077064776344,0.6597949533242153,8.652319666666665,0.7237693333333333,0.23250414431095115,0.002469460169474267
0.350908398,21.44196293430979,0.6339502508801812,6.826908733333333,1.0593572666666666,0.19894869625568387,0.0013406276702880666
0.25095628666666664,20.763083569457134,0.5807648216789086,8.010587066666668,0.8287491333333333,0.2619817753632863,0.0028605461120605334
0.14620714666666668,21.70922411461974,0.620696966819743,8.406388,0.7597280533333333,0.19498100876808167,0.0030045509338378668
0.12695247333333334,22.579759752879266,0.6153158337547905,7.868013433333334,0.6593186233333334,0.22346138954162595,0.0
0.13260496166666666,22.77245786310857,0.643611680911885,7.129396966666666,1.1261400466666667,0.22999257842699686,0.0030604203542073
0.3264446733333333,22.43881735191556,0.6775736076431275,4.8500821,1.495817,0.25863442321618396,0.0014870961507161334
0.13291146833333334,24.407344846512604,0.679123999097856,5.614169366666666,1.1742654566666666,0.25780853629112244,0.0
0.09977078333333333,22.989046865663425,0.63782773126551,7.325355133333333,0.7465731666666667,0.24915811419487,0.007658799489339166
0.09379635933333334,23.382708745607857,0.6809311120349011,6.080120133333334,0.9764512566666665,0.226173664132754,0.0013577938079833666
0.08676687999999999,22.11465721019827,0.6489694709218273,7.918498866666667,0.8302402666666667,0.2489551752805709,0.0033542315165201665
0.25077689333333336,20.233272409627062,0.554295221921442,12.552235333333334,1.0333085333333332,0.25066077212492627,0.009105285008748333
0.2594749963333333,25.1183351913475,0.6319894076187036,8.202748999999999,1.1100624666666665,0.1739915336171786,0.0034879048665364333
0.21607737666666668,21.84471137417235,0.5833460858027052,10.479284333333334,1.4361637666666667,0.18778519580761588,0.005137443542480433
0.29199377666666665,21.96241993788961,0.5934012145950794,10.389639333333333,1.1955547666666668,0.19963088383277253,0.003486633300781233
0.21460556499999997,21.80312213457125,0.5663011367675163,10.990797833333332,1.0843290466666666,0.20410136878490448,0.0031566619873046667
0.10824122533333334,23.546735241095607,0.6135128440015318,11.049598000000001,0.9224843166666666,0.20232227941354108,0.0017166932423909335
0.15927112999999998,25.932369327476206,0.6467827838745573,8.277569666666666,1.1403802333333333,0.18733713527520493,0.005426963170369434
0.15265394333333335,22.12930503039597,0.5970065976402926,10.012227333333334,1.2481041333333334,0.19656333327293393,0.0021153291066487332
0.09986829833333333,23.05136722840875,0.592367906941528,10.738223499999998,0.91282388,0.21766147017478943,0.0068964958190917665
0.1921040966666667,22.08547977588388,0.5789264155320087,11.092671000000001,1.0887996999999998,0.2010030448436737,0.0034175713857014667
0.14651868166666668,22.214483476811537,0.5979336582839321,11.035887,1.0791451833333332,0.2177699009577433,0.0052378177642822
0.158112845,22.452035863395892,0.5851865791312443,11.202131333333334,0.9758384333333333,0.21951093276341757,0.0035170714060465333
0.2520202306666666,21.163075576139576,0.5487072999318309,11.495133833333332,0.9628095566666666,0.2509894569714864,0.003948052724202434
0.12054951666666665,22.098355852061413,0.6049612640557811,10.042850666666666,0.8422411866666667,0.22063998381296793,0.002875010172526
0.225316361,22.64508265540933,0.5753955063142954,10.4659475,0.8320161033333333,0.23159281412760416,0.0026210943857828666
0.14263044666666666,23.9255107390024,0.6300695228591212,9.105335833333333,0.9347225666666666,0.18189625690380729,0.0006717046101888001
0.2794652813333333,25.308243294438302,0.6789269365325482,6.332317833333334,1.1631728000000001,0.19079441080490747,0.0016626516977945665
0.3687228633333333,26.715243959219553,0.6912261662168255,5.8650692,1.1856582433333334,0.1934826423724492,0.0027767817179361665
0.262389635,25.920183181155185,0.6838703851427756,6.4844298333333334,1.2623997,0.18745309611161545,0.0027494430541992
0.5335282433333334,22.543119640220876,0.6166584034581538,6.986091399999999,1.2270229,0.20407393078009284,0.0034551620483398333
0.22631302,20.814045779011675,0.5773650970825188,10.261999333333334,0.9210664,0.2144071559111277,0.005308707555135067
0.22055869166666667,21.30462243609775,0.5582892204960023,10.552353666666667,0.8148654666666667,0.24002934992313377,0.0005876223246256333
0.4228889333333334,19.43179362513502,0.5584160809997595,8.480566333333334,1.2488074999999998,0.2584974765777588,0.0
0.224533325,27.308657611959777,0.6963450745671117,6.042144166666667,1.0795114733333333,0.22957827150821686,0.0032381216684977
0.16220460233333334,29.177969326089414,0.7497298678157108,4.961799066666667,1.2683013666666667,0.24894273281097412,0.0026745796203613
0.33134156666666664,23.716667754824268,0.6456687683421425,6.1411986999999995,1.3191244666666666,0.23655125995477042,0.0020383199055989333
0.11646456166666667,23.983107251981448,0.621827217529179,8.284879333333334,1.0127331433333333,0.23420491317907968,0.0007308324178059666
0.09585522233333334,22.701635745726836,0.595176016496509,9.400043666666667,0.9851863833333333,0.2613879591226577,0.0027517477671305333
0.18004204666666665,21.881534972102674,0.6102403062686851,8.130482333333335,1.3518789333333334,0.2875979542732239,0.0020310084025065
0.4038546416666667,22.585469031016412,0.599216266958902,4.959421333333334,0.9895336433333334,0.17071065555016196,0.0
0.19803189333333335,23.3132893420965,0.6871063657626405,4.8375183,1.2780030333333334,0.15550506114959714,0.0
0.24996802333333334,21.163795543871135,0.5816803460815521,6.6217101666666665,0.9197902566666666,0.19676890472571054,0.0
0.19994045500000002,21.925024744288663,0.6684492800718439,6.854007766666666,1.1410884766666667,0.2031596352656682,0.0019951661427815666
0.2219362,21.203539612439727,0.6324116377059669,6.8106117,1.2710136666666667,0.18168630699316657,0.0034780502319335664
0.35875238066666665,19.745582131695993,0.595896371327164,7.5228335,1.4186594333333333,0.17153962453206376,0.0020741621653238666
0.08263882500000001,24.004136743734495,0.6826960811724595,8.2553549,0.9873798333333333,0.1847869704167048,0.0
0.24662240333333332,22.178626368409926,0.6576127518932736,6.1113420000000005,1.3131009666666666,0.16382839282353714,0.0034430027008056333
0.10995157066666666,23.7868210714376,0.6673210733614026,7.213199666666667,0.8359115166666666,0.17440514266490936,0.0030409495035807004
0.16704296833333335,21.835075612567056,0.6448997118818063,7.538484766666667,1.2249898666666668,0.20470414062341047,0.0015261967976888
0.23260499666666665,20.59442063375868,0.6177630326412912,7.817579066666666,1.0912600666666668,0.20463893810907996,0.006684780120849567
0.36573541000000004,19.91068215623491,0.6204141284878196,6.047850633333334,1.6185157333333333,0.19884333511193594,0.0047189394632974994
0.3332933433333333,22.71466464663979,0.6765833984922679,6.209233766666667,1.4185246233333333,0.1954868882894516,0.0049183368682861
0.4571010566666667,21.151778286597146,0.6311980853741314,6.747350666666667,1.7056291000000001,0.2587364415327708,0.0
0.06887895066666666,23.702451469361222,0.6362727305062252,9.299262333333333,0.69137368,0.2452263037363688,0.0028589566548665336
0.14424829833333333,21.809621115252185,0.6165104690006982,8.565160933333333,0.8002130833333334,0.2345026731491089,0.0
0.11297155433333333,22.705855321132763,0.6379667568727589,8.468464766666669,0.7977702666666667,0.21333134174346924,0.002375443776448533
0.19667403000000003,19.568665053409227,0.6139455321782444,8.521011666666666,1.0323775266666668,0.21003103256225578,0.0014460086822509668
0.07093774766666668,23.286695051550538,0.6497355947166014,8.616847666666667,0.7166746666666667,0.18048688272635136,0.0022394657135009666
0.119653464,22.50817865769471,0.6494384885587069,8.0139217,0.8677855666666666,0.1931342134873072,0.0029548803965250333
0.12015115500000001,22.79256306404119,0.6326415296409921,8.418513066666668,0.9249532500000001,0.2240811735391616,0.006374994913736933
0.25317578,22.322634194062207,0.6666926417446009,6.0739098,1.3336062,0.20596158007780707,0.004117409388224267
0.18140555666666666,22.147534236903578,0.663933975310029,6.5883021,0.9856195666666667,0.18698155383268988,0.0020063718159993335
0.4436472866666667,19.942577490881323,0.6017971273218581,6.887284666666667,1.6680099000000002,0.25279885033766425,0.004632393519083633
0.3402440133333333,19.7074799700318,0.5978296047561202,7.999607533333333,1.14276238,0.20021377503871918,0.0033771991729736
0.11978279000000001,22.40281610946757,0.6540346866338341,7.662377666666667,1.03882995,0.19157290458679196,0.0015781720479329335
0.2694398666666667,19.15342967944787,0.5850444293296757,7.748794166666666,1.1293810999999998,0.23733787735303238,0.0030182202657063665
0.23208744666666667,19.858545220679115,0.622218327868171,7.304329833333334,1.2115265,0.20243802169958747,0.0
0.16332459666666668,20.336055484450295,0.6157591663735174,7.535000466666666,0.9913186,0.22210883597532902,0.0016199747721353998
0.07760339666666667,20.61691204515329,0.592880604225343,9.693771666666667,0.71397425,0.2210492591063181,0.0051919619242349665
0.06628138466666667,20.807228712893462,0.5732455713345487,10.753482,0.5946137033333333,0.2731068879365921,0.002923568089803033
0.20130699433333335,18.905477541650157,0.59398589798029,7.6442787999999995,1.0982858666666668,0.24937348564465842,0.0
0.20677674533333334,22.937750979932755,0.6943671398160317,5.0053941,1.199553253333333,0.19233826299508414,0.0008405049641926999
0.06201908933333333,22.474944481780142,0.6307311422595615,8.193004166666666,0.7869611000000001,0.2057872911294301,0.0
0.083929301,23.272655503781618,0.6857477373225485,6.356879233333333,0.7561968166666667,0.20044591526190436,0.003458102544148733
0.53455715,26.88867155067727,0.6994893567367012,4.644292833333332,1.0520750666666665,0.1602865134676297,0.003719409306844033
0.20409679333333333,23.240851372211342,0.6657118011512472,5.316528933333333,0.7507975800000001,0.16272984693447742,0.0012310345967610668
0.25957709533333334,24.037321586504294,0.669972716099216,4.574476099999999,1.2136364000000002,0.15247163176536557,0.003354310989379833
0.22159177,22.6528664901323,0.6524854357472095,5.573231100000001,1.2629163433333332,0.15405190984408057,0.0
0.16075912,21.49068989876734,0.6261488431674018,7.3372113,1.2354342333333335,0.16788698484500242,0.0034072399139404
0.12961012800000002,22.884445258764817,0.6433211687426228,7.128710333333333,0.9608006866666668,0.16999203463395438,0.0020039081573486003
0.1191875833333333,22.331903622600425,0.6763077155602715,7.245009666666667,1.01298649,0.15128775437672928,0.005855480829874633
0.12454662999999999,20.977729537133694,0.6346387916248865,8.468265233333332,0.8663114466666667,0.17004633943239844,0.007035096486409434
0.12320006333333333,20.46494384270095,0.63063825836982,9.050100933333333,1.0169672866666668,0.196907103061676,0.0034490426381429003
0.10799040333333333,20.422518767062527,0.6640991024239361,8.5815787,1.1819524000000001,0.18932624657948804,0.006285746892293266
0.07346698166666667,21.705933987377534,0.6518941280669266,8.518545433333331,0.9907916666666666,0.18538015087445572,0.0042449633280436
0.08015681166666666,21.662137962368163,0.6509888556727454,8.531543333333333,0.9724306,0.18242838978767387,0.0024613539377848002
0.12841440333333332,19.605945189603194,0.5914435916281514,8.738479,0.9180323666666667,0.17765742540359494,0.0029512246449788
0.19645680666666668,18.235089332296294,0.5955853155261904,8.275382333333333,1.2572942666666667,0.22186950842539468,0.0
0.155701805,20.52749529108093,0.6247865650574645,8.237371666666666,1.1318124166666668,0.21085135638713834,0.0
0.17835885233333335,20.203937342888644,0.6077034893575338,8.348800333333333,1.1756977833333335,0.21165298422177634,0.0034230550130208335
0.10198491999999999,20.850624630077505,0.6186327513553884,8.544526566666667,0.9724600899999999,0.2011766235033671,0.0037677288055419666
0.08367131133333333,21.319334539189736,0.6152555770884622,9.344505166666666,0.9298924300000001,0.2088027050097783,0.0021028518676757665
0.08924131833333333,21.177923795285437,0.6239334470458219,9.086190833333333,1.0348468333333334,0.19289782643318173,0.005185683568318633
0.22660227,18.51081480964787,0.5735984695837192,8.262611,0.9868222866666668,0.2010132620731989,0.0012531280517578001
0.17249055,19.374847709641134,0.6000040060054104,8.673987666666667,1.1447174333333334,0.22388909757137296,0.003610213597615533
0.15163891466666668,19.59591479666977,0.5980844258458032,8.381305666666666,1.1771087,0.2486972709496816,0.002794027328491167
0.07482204333333332,23.002125727850256,0.6659519431649494,7.870465566666666,1.03241442,0.2160817335049311,0.004993359247843367
0.14168490333333333,21.373309450142216,0.6345488797395837,7.591910333333334,1.0342166533333332,0.2251975287993749,0.0
0.18609774333333332,21.527119009480362,0.62790564160664,6.9340945666666665,1.1381031866666669,0.22280763586362196,0.003398338953653967
0.16511017,22.06191088084434,0.6709275767168247,6.646020166666666,1.3125325666666667,0.18887666861216226,0.0023600260416666665
0.32867806000000005,20.51620591993476,0.6434974180425789,5.630850333333334,1.6740562333333333,0.2296522408723831,0.0014801025390625
0.2054095433333333,22.414025099967745,0.678217974890957,5.564676133333333,1.3722325,0.216659814119339,0.0
0.11841930499999999,24.529721034883362,0.7314925586503479,5.453998133333333,1.2527486533333334,0.19979748378197348,0.0033924579620361
0.12094835999999999,23.726030908877608,0.7235750343830053,6.169208666666666,1.1886854,0.16591448088486985,0.0031561851501464666
0.20324546,20.411755264226045,0.6467768404418658,6.563100299999999,1.1203034333333333,0.18125316997369126,0.0
0.12529897666666667,22.059586333195426,0.7050835217363559,6.226579399999999,1.1691478999999998,0.1396273002028465,0.0
0.89631192,19.848347862471893,0.5422267570652263,4.993017233333334,1.3394553533333333,0.17424747844537092,0.0031537214914957334
0.43293675000000004,21.134126449216144,0.5890461517311881,5.771189766666667,1.1255412333333334,0.1958726247151692,0.0023858547210693333
0.39800081000000004,21.49189102210028,0.6394778100196454,5.6238491999999995,1.5271899533333333,0.16741859167814252,0.0015663305918375333
0.9261655333333332,19.644711828529307,0.5729554104303575,4.821542,2.1503310333333334,0.17103653152783704,0.0008767445882161334
0.8833170333333333,19.63908256862506,0.5814928039498978,5.452306133333333,1.9633596999999998,0.20817741503318146,0.005220174789428667
0.3044748533333333,20.637912754888127,0.6190119586448821,7.912922333333334,1.3166607000000001,0.1709449191888173,0.004200299580891901
0.27659020666666667,22.375022061218647,0.6292203796612778,7.934474000000001,1.26069581,0.18462634583314255,0.0027449131011962665
0.297384755,22.07825244604217,0.6504859754201305,7.117831933333334,1.2797246333333332,0.18215552965799964,0.0040648778279622
0.23802924666666667,19.561479048124568,0.6093979116718402,7.501882766666665,1.3253905,0.1993019382158915,0.0016541481018066335
0.3164031,20.438097836870273,0.65421622499527,6.112348066666667,1.532136333333333,0.20558733244736985,0.0020954608917236003
0.16893357533333334,24.62853716541008,0.6752164740527578,6.490281566666667,0.9934068766666666,0.18671419223149613,0.0
0.18786515833333337,23.500414699148156,0.6770582310167507,6.242214333333333,0.9816410000000001,0.18522198746601737,0.0030315717061360336
0.16882659133333333,23.639776183406514,0.6812128464134402,6.031149999999999,1.0385901666666666,0.18718694150447845,0.005295912424723301
0.126694466,24.741466804289715,0.6993377211291717,6.015870866666667,1.0335296799999998,0.17957002917925513,0.0034209887186686
0.13569163333333334,24.185809322044054,0.6891932375302776,5.902261666666667,1.05121291,0.1884567613403002,0.0031954447428385
0.13469718666666666,24.5066554706244,0.7078519077367793,5.738842299999999,1.0180580766666665,0.17217579732338584,0.0013403892517089668
0.32297131333333334,21.912449602010742,0.6608909887635225,6.3820454333333325,1.4023884000000002,0.1870331217845281,0.003933191299438433
0.15752992833333332,24.313212458769346,0.7174193166716688,6.1870485,1.1435416333333333,0.14203955729802448,0.005382219950358066
0.15996478,22.88027728715714,0.6545976003221884,7.971927633333333,1.05765288,0.16536700228850043,0.006611188252766867
0.38082314666666667,19.450404255454398,0.5863829894794711,8.114495166666666,1.0993038133333333,0.18865293264389035,0.005671183268229133
0.4022611733333333,19.880312767911917,0.6011211778676137,7.736154433333333,1.5124676333333333,0.22900966306527457,0.009614706039428668
0.36236430000000003,19.84646213610023,0.6160777704890089,7.459250133333334,1.1847466166666667,0.18894809484481803,0.004894495010375967
0.2347879966666667,21.81491987048599,0.6611034823496228,7.085793266666667,1.1163768333333333,0.15833437442779538,0.006826957066853799
0.28192981,20.68978878106022,0.6070651022759859,7.879284000000001,1.1192022333333334,0.21786598116159436,0.009556372960408467
0.5681712966666667,19.350943187768465,0.5695581351343187,7.156467366666667,1.1859804333333333,0.2100425759951273,0.004023313522338833
0.3779884,19.312374032888773,0.5787494030221496,7.439477833333332,1.3526944233333333,0.21965419252713517,0.007078170776367167
0.28910064333333335,21.078102775965576,0.6427780246494127,6.161372533333332,1.3197391833333334,0.1894065663218498,0.0035885969797770003
0.2965589233333334,20.64962841068375,0.6072975951561795,7.3736218,1.00808502,0.20955265065034226,0.0038794676462809
0.25553701866666667,19.82119020748355,0.6064669970180853,6.9826623,1.1467444333333332,0.23028147717316946,0.004099448521931934
0.26264978,19.493675181619533,0.6075191981685449,6.173563166666667,1.0749793666666667,0.22515491644541416,0.0031669139862060005
0.3118413333333333,19.34108557403479,0.609973742291135,5.904177766666667,1.1802908666666667,0.24122068782647452,0.0
0.14821410666666665,20.35172976195636,0.6599023936435447,6.337750266666667,0.9352935800000002,0.1829723467429479,0.004023234049479133
0.12046331133333332,20.899586251028854,0.6597185905878155,6.312929666666666,0.8931720799999999,0.1689052581787109,0.0058654944101969005
0.10558092533333334,17.261333676446142,0.4906024420425576,27.233637666666667,0.56144844,0.24276465177536008,0.002698818842569967
0.62193603,24.965502129798463,0.6366401806274538,3.5708225666666666,1.2417576666666668,0.1262737413247426,0.0033500989278157332
0.6976806333333334,21.132431610495576,0.35971470626199503,3.578408566666667,1.0385421833333333,0.08068624759713806,0.006558736165364534
0.296158095,22.689447613530376,0.4771808150203312,4.101099466666667,1.0538920333333335,0.08707519869009646,0.0015756289164225
0.30437697999999996,20.706899306362704,0.4430416352848348,4.804546299999999,0.9806336566666666,0.1144564772645632,0.003929694493611633
0.17153744466666665,20.80098555263766,0.4608042123787426,6.146958833333334,0.86478051,0.13133336603641502,0.0
0.16253355,19.906630126685254,0.4434507513727332,7.3940532333333335,0.7314126,0.14437436560789743,0.005429983139038033
0.18304555999999997,19.30104529167188,0.4495130490189138,7.491477666666666,0.8906575999999999,0.1703104873498281,0.0020463466644287
0.1672511866666667,19.582237234490957,0.5083245045698912,6.897995166666667,0.9773215000000001,0.13528869797786078,0.004521052042643167
0.24796988666666667,18.95297663265843,0.4658321379754773,7.3642988,0.6940040466666666,0.16266454507907227,0.0019185543060302667
0.17335665666666666,19.20896961632765,0.498440962026611,7.572519966666667,0.8069763666666666,0.16868006934722266,0.0016934871673583666
0.1748200133333333,18.669441584920822,0.5501135017838998,7.025902333333334,1.1088696999999998,0.1570351844032605,0.0
0.19429228666666667,18.506287344169134,0.5403625787891898,7.668299,1.0571004333333334,0.19261530786752698,0.004570802052815699
0.12214947233333334,19.588427594819123,0.5710785360327196,8.308090533333335,0.9892708,0.1826174110174179,0.005380312601725233
0.19575205666666665,17.880866361786513,0.5257298832393925,8.083113333333335,0.99190218,0.22156283756097153,0.002910931905110667
0.20007281000000002,17.51102877361183,0.5194276353424018,8.023723666666667,0.9789091033333334,0.23030648132165268,0.0011025269826252999
0.12486509600000001,19.422031666089566,0.5559998115288423,8.035563000000002,0.8792629466666667,0.20195874075094858,0.0020993550618489333
0.079151122,21.7409808834022,0.6074875486365697,7.382590400000001,0.73749685,0.19065174957116446,0.0
0.22276655666666667,18.721094086768545,0.561519316716557,7.741868,0.9123776133333333,0.20394994815190634,0.0016520818074543667
0.17694338333333334,18.965646386194773,0.564116158313977,7.6185786,0.8729264333333333,0.20699869096279144,0.0054735342661539335
0.18751934866666667,19.40633884003365,0.5741026200594868,7.615293133333332,0.8084704466666667,0.20743610958258307,0.003427346547444634
0.09681423666666666,21.759952748637982,0.6026408571607308,7.801774566666668,0.8515858999999999,0.2121070971091588,0.0
0.2761648983333333,18.58130935724264,0.5521030329094355,7.917233833333334,0.6962333633333332,0.2271803791324297,0.0027151107788085664
0.18473189133333331,19.41045301651255,0.5561004984483245,7.9213971333333335,0.8206428333333333,0.21518343687057487,0.0053726832071939665
0.17794224733333333,19.12195941467031,0.5361277043742203,8.240979000000001,0.7206798766666666,0.26984369258085883,0.0073033968607584
0.14535542666666665,18.954499275154834,0.5640525531814112,7.828247,0.9019713633333334,0.23942121863365165,0.003424962361653633
0.12275309233333333,20.541414907821906,0.6068886005622799,7.635952333333333,0.9705531666666666,0.2148192524909973,0.0043879350026448
0.08854734766666666,21.142926640724337,0.6018585385991704,8.0289898,0.9299471066666666,0.2328019837538401,0.0030899047851562
0.10687735433333333,20.41896688351258,0.6008659579328098,7.930417433333333,0.77737552,0.2015696316957473,0.003572463989257767
0.11602098666666667,20.27607162180206,0.5937327060475472,7.931721566666667,0.6979754799999999,0.1926550517479578,0.0
0.102672842,20.877159992339593,0.6067702955206405,8.019893533333333,0.6939661833333334,0.21444684763749441,0.004024823506673166
0.12050664066666668,19.953597998328018,0.6068067994521412,7.615301900000001,0.8847473433333334,0.2012760589520136,0.005461851755777967
0.11415190833333333,20.995001670030224,0.6244933945216707,6.991320233333333,0.8614787833333333,0.16719190527995423,0.0015038649241129333
0.07921113233333334,21.467872570582035,0.6225607777701779,7.2959751666666675,0.7977047666666667,0.15363368391990653,0.005023797353108699
0.40442268,23.994357556293465,0.6053677509432421,3.7100576333333333,1.3242941433333333,0.10243407761057217,0.004297653834025033
0.7704187666666668,20.53520688010341,0.4317479724707964,3.439769566666667,1.1997309,0.09211211030681926,0.004173199335734033
0.9023030333333333,17.964875747948742,0.39149910471641025,4.304251166666666,1.4480766999999999,0.1354819536209106,0.0058333079020182
0.19101030333333333,20.887393083494903,0.550272779409181,5.673188166666667,0.8138740466666666,0.13459334770838413,0.0040508906046549
0.13649055000000002,21.553418067405357,0.6097839206006678,6.249193666666667,0.7885862333333332,0.14057672768831248,0.002741972605387367
0.15894280666666669,20.576457211243724,0.5107001125827043,6.6679795,0.8539910666666667,0.1455195322632789,0.0042785803476969
0.12088920466666668,21.30858285192122,0.5905707968863626,6.9647429999999995,0.8069918,0.15318608283996576,0.003811518351236967
0.15489259666666666,19.596466281234804,0.55377558189863,7.181419999999999,0.6447141633333333,0.18033741166194275,0.003601312637329067
0.09510885000000001,22.55936145916198,0.6355076555808413,5.921112233333333,0.8949599233333333,0.1569659436742464,0.0011991659800211333
0.089029205,21.02988458869717,0.5984759320328958,6.391395500000001,0.8107002400000001,0.1608246763547261,0.0033939679463704333
0.08455650333333335,21.085194387302316,0.6009326161317584,7.349674,0.7428516000000002,0.20914660394191742,0.0029198328653971
0.06938221633333334,22.007634981687175,0.6193052363594301,6.981415899999999,0.7818572399999999,0.16414480408032733,0.0
0.13951488333333334,19.021081608922113,0.5538020368779571,7.4134509,1.0636795799999998,0.18277514477570853,0.0008403460184733001
0.088015858,20.799157307115866,0.6106811512954184,7.746197433333333,0.9840021999999999,0.1896479775508244,0.0027706623077392335
0.13348313166666667,18.42122153357468,0.5871634201268418,7.8109499,1.267325,0.1912265519301096,0.0032976468404133665
0.12464905666666666,18.788874202097656,0.5674709228735907,8.161811899999998,1.12188062,0.20747119188308707,0.0035171508789062
0.09778704666666667,19.12404432212857,0.5957430712243816,7.4802028,0.9418766499999999,0.177772286037604,0.002169926961263
0.09774402133333333,18.87245590827291,0.5507413424187105,8.845657,0.6765582,0.23094686369101203,0.0056667327880859
0.09587569,18.761044832491276,0.5495063650044575,9.069444666666667,0.9195884666666667,0.20910969376564023,0.004898389180501266
0.08849080066666666,19.0914124099931,0.5860009660840416,9.249444333333335,1.0413857666666666,0.2038098325332006,0.0014941692352294668
0.09189234866666667,19.77572397926024,0.6248229976650301,8.370238666666667,0.9283715999999999,0.18052970866362253,0.0
0.19542471166666667,17.215032410933627,0.5746433532890663,8.4309479,1.2406387666666667,0.22483316560586294,0.0
0.21444106999999998,18.093341665732193,0.5826266158457578,7.423614066666666,1.0257393533333332,0.19511904319127393,0.0020626386006673
0.08564994933333332,21.044068909108997,0.6262954623782657,7.535038666666668,0.9920240333333333,0.2105431904395421,0.0006707509358723666
0.06193929866666667,22.4971330242432,0.6428905136881778,7.640964033333333,0.84415855,0.2238956739505132,0.0062301953633626
0.15201957000000002,19.649659954692336,0.5934260431362126,6.962915733333333,0.8567676533333333,0.20629695057868955,0.0019677480061848665
0.10722601999999999,21.21335241130291,0.6241402227060048,6.934914466666666,0.8492111666666666,0.2095433870951334,0.004758278528849267
0.25829685,19.470881482994276,0.6022154612439566,6.027598566666666,1.0884685666666665,0.21737781663735703,0.0022619565327962003
0.19570863833333332,21.780408318422754,0.6649103419708228,5.352401,1.1702023333333333,0.1949226309855779,0.0013105074564615665
0.06584809366666666,24.828184000453387,0.6860927077350448,6.446337666666667,0.8368042400000001,0.20885060230890906,0.0038420359293619335
0.07206074333333333,24.48812086978676,0.684826670299226,6.263216766666666,0.7796863733333333,0.20835453768571213,0.0011968612670898333
0.137116185,21.711038675728037,0.6415515678332878,6.658256999999999,0.8818321333333333,0.2416387051343917,0.0023190975189208668
0.18695751566666666,20.719144059174937,0.6239021983960414,6.219242333333333,1.0284220800000001,0.24895583589871725,0.0027793248494466
0.14227359,21.043571776662933,0.6254767390101845,5.845402033333333,0.8607613666666666,0.22170906265576681,0.0036700566609700336
0.1837964433333333,20.947256854641804,0.6266771019339181,5.426220766666667,1.0848767333333333,0.2106722791989644,0.003547668457031233
0.49248142999999994,23.195106247156335,0.6097639690978602,7.882051766666667,0.9577461333333334,0.161981721719106,0.0
0.17008503,23.88256433970525,0.6665170349260094,6.908303966666668,1.1140544866666666,0.15135908871889112,0.0013362566630045333
0.14095092166666665,24.944815836158387,0.6636555626342199,7.422294333333333,1.2558982333333333,0.16067506372928617,0.0018697579701741334
0.12596621666666666,23.880620693965565,0.6596808011061029,8.198524166666667,1.3474773666666666,0.1733387311299642,0.003435134887695266
0.17070269066666666,24.269578477928434,0.6687914954446219,7.619654333333333,1.4237153000000002,0.17267398536205283,0.0016952355702718
0.277249105,22.828541317883964,0.6773070805046935,6.7067383000000005,1.672015,0.18749139209588364,0.002327601114908833
0.131840465,23.32901014297845,0.6730731928477142,7.7174800999999995,1.3282181,0.1913028582930565,0.0015968481699625333
0.24950180533333333,22.610593498460563,0.6603229985857987,6.021836366666666,1.2076980666666666,0.1963399102290471,0.004363775253295866
0.14283591333333334,23.60462436852821,0.6861851041620061,6.012629766666667,1.1621059,0.22431698938210806,0.0040357907613118
0.1735551816666667,24.044724233209962,0.6982358115471708,6.3037866,1.3199940333333333,0.18526264528433478,0.0057814121246337336
0.5826136833333333,20.02242841205563,0.612119115022545,6.5490441,1.8612452333333334,0.2238152970870336,0.004042387008666967
0.346738241,20.62282304582557,0.6161394834721176,7.942847566666667,1.6233832,0.23043247560660038,0.0016827583312988002
0.46480381666666665,17.410112014068734,0.5757517470080488,7.601039666666666,1.8785474333333336,0.22513915598392487,0.0019133090972900332
0.6981705166666666,21.451004688184728,0.6156525808417223,6.0043742,1.9798064333333334,0.27027505139509833,0.0037871996561686
1.3036750233333334,23.364651286727213,0.632638037550573,3.4030890666666664,2.5368450333333334,0.21082276105880735,0.0030136903127034004
0.7766630066666668,18.870314732660074,0.6122905929923367,5.6836356666666665,2.4539551,0.23050238192081451,0.0
0.5404307666666667,18.688454796293733,0.6066069692315014,6.417170033333334,1.9170550666666666,0.20054832597573594,0.008264303207397433
0.22350506466666664,19.273158288406524,0.5647070729703855,9.850943666666668,0.8977311,0.2027585953474044,0.0022788842519124333
0.42977198333333333,17.959151407861214,0.5712929501695767,8.478862,1.5839942999999999,0.20962903400262192,0.0018009344736735
0.30710476000000003,18.779570077841836,0.5433307240076346,10.365504666666668,0.8538998200000001,0.21847159167130784,0.0
0.29297253666666667,18.61731630430762,0.5539027643998176,9.372092666666667,1.2485397466666666,0.23130677640438077,0.0
0.24297142333333333,18.9133384667435,0.5986156250666624,8.718411666666666,1.2882867666666666,0.1890936493873596,0.0033963521321614333
0.32947462666666666,18.47737487784541,0.5681504298009917,9.286493666666667,1.2874095,0.21410987774531043,0.0
0.23683276333333333,20.327032625418013,0.578604778309661,9.338820333333333,1.0756603666666666,0.22799849510192868,0.0047712326049804
0.125609216,22.192723850496595,0.6393244519392027,8.219489333333334,1.0331451166666665,0.20028292636076606,0.003822485605875633
0.2772802773333333,18.077032241593493,0.514154329893313,11.201509666666666,1.1093925666666669,0.3251233051220576,0.004711071650187133
0.49054700866666673,24.233653755495187,0.664745627251578,4.4824436,1.6021640666666668,0.23221329351266226,0.004103342692057267
0.21033744333333335,21.62449079922905,0.6814889712490215,5.155441866666667,1.5898905666666667,0.22600578268369031,0.003470023473103833
0.5995816533333334,18.583364542460295,0.6289982771462381,5.4280968666666665,2.0951950333333333,0.23839742441972098,0.0049219131469726
0.5025290376666668,22.894924227737818,0.7012099361649734,3.728790333333333,1.9084568200000003,0.21023389945427576,0.0
0.30795073833333336,22.212337594900955,0.6930315459741155,4.739251533333333,1.5231869333333334,0.1880026484529177,0.0015157858530680333
0.15719004,15.844639362047666,0.4781712395432011,30.406318999999996,0.6031949233333332,0.24662260214487705,0.008801857630411768
0.21576523,25.99804108417666,0.701111314154749,4.051990466666667,1.1631461766666666,0.13103023916482923,0.0021559397379557
0.64427824,17.81141389116048,0.2958644179439547,3.568815166666667,1.0751014333333333,0.0937434037526448,0.0046663284301757335
0.16941993666666666,20.33701746671481,0.40816882017509765,4.9088271,0.8582282666666666,0.11173993100722628,0.001786470413208
0.2593904833333333,17.88316962349241,0.4037570821671696,4.9311248,1.2191742466666666,0.13055740545193353,0.0020017623901367
0.2855630066666667,16.38104658489184,0.39196201552660853,5.572128133333333,1.0079630433333333,0.14811789741118747,0.0
0.16650573,17.77350847058584,0.49666489832051247,6.707742333333333,1.1429375333333331,0.1636472394069036,0.0014223257700602
0.1722832,17.564134568142634,0.5696217344103198,7.1790354333333335,1.3172208333333335,0.19864700734615326,0.003809213638305633
0.18141006333333334,17.849874232824224,0.5263368867061361,8.008676200000002,0.9967355766666667,0.24961358805497488,0.0034879048665364333
0.14147089933333334,18.778238998263703,0.5605097355788207,7.752864333333334,0.98843915,0.2678356170654297,0.006862560907999666
0.13011104333333334,19.789552700420312,0.6231411393999033,6.549368033333334,1.1923313566666665,0.22478131949901572,0.0
0.17083573,19.492568812976277,0.6517513093747968,5.501562,1.3596505666666667,0.24752827237049738,0.006854375203450467
0.125235802,20.769881253709826,0.6520491064747591,5.4356284666666665,1.0146360333333335,0.2846420407295227,0.006277084350585933
0.13127457,21.869053009302377,0.6945134869962145,5.011240466666666,1.2291277666666665,0.28335785865783686,0.004013061523437466
0.16514523333333334,20.519293397920897,0.6960227858832969,4.571993233333334,1.4564658333333333,0.28858912487824756,0.001179297765096
0.10769891333333333,21.99651444503951,0.7218561012991772,4.871062866666667,1.4657905333333334,0.31897976994514465,0.003294706344604433
0.113066212,21.15276295556884,0.6626729169181204,5.595754100000001,1.2612303666666667,0.3577437400817871,0.0022633870442708335
0.08318775666666667,22.55468417638083,0.6728069506683712,6.067529,1.2431814333333333,0.3416205147902171,0.0
0.11170679433333335,19.845851352126743,0.6213276847425866,7.122212866666666,0.8730996799999998,0.3065853913625081,0.007273753484090133
0.17907937333333335,18.013657019645642,0.6172290272447071,6.5456622,0.9452181166666668,0.2653571267922719,0.0005900065104166666
0.10334199666666667,20.757757800182425,0.6631552910874919,6.353673866666667,1.1041057,0.2612557709217071,0.0007231235504150333
0.14138733,18.806711654820123,0.6023939328808628,6.9157478999999995,0.8831291566666667,0.2873711884021759,0.0038080215454101333
0.10488315666666666,19.80433588429421,0.6294254516587244,7.3491058,0.6736056866666668,0.29834965368111926,0.0035879611968994
0.057735257000000005,22.050868409579333,0.6327788055182699,7.863012,0.8040198666666667,0.31093332668145496,0.0025074481964111003
0.069488764,21.831077182765664,0.621183991793793,7.887466166666666,0.7706464533333333,0.33010269701480865,0.0034934679667154665
0.14022356333333333,18.260340276545502,0.5695085633669946,7.6465,0.5665568866666666,0.3472516139348348,0.006249825159708633
0.13648730733333334,19.12460796557637,0.5824564717077073,7.391036233333334,0.7805705766666667,0.3133239646752675,0.0
0.08668603666666667,21.69597679812935,0.6031143536830027,7.447312333333333,0.8004355200000001,0.34625151256720227,0.000584602355957
0.06932645999999999,21.300126481652683,0.631158079377399,7.419650166666667,0.7106841666666667,0.31438054144382477,0.006490389506022101
0.051460712,22.707906401251876,0.6281408141033603,8.110140000000001,0.7427602166666668,0.34202539920806885,0.0027484893798828
0.04547206733333333,22.96815323941459,0.6478908992592752,8.1408359,0.83066213,0.32237785557905835,0.003989696502685499
0.054693608,22.23809947764757,0.6395763147474384,7.532599500000001,0.73313059,0.31532162924607593,0.0020996729532877334
0.05433199466666667,22.70845563938873,0.6468490348525378,6.766821566666668,0.8012231233333335,0.29833077390988666,0.005480289459228499
0.06863030133333332,21.818256986077444,0.6758233626315073,6.2936805,1.0772156,0.27296508351961773,0.0032838185628254663
0.08582488166666667,20.52635018581803,0.6566133992238288,6.093185666666667,0.8505760533333334,0.2890805453062057,0.002707560857137
0.127195355,17.486801551941827,0.5041921777163927,26.02564,0.9075083333333334,0.3378162980079651,0.0019723574320475
0.43996867,21.039765482981682,0.5688235054639806,10.412992333333333,1.1287585,0.17656090110540387,0.002426067988077767
0.19586309,25.960097525244546,0.6382674455691661,8.498662000000001,1.2366011666666668,0.1674931397040685,0.002868731816609667
0.16339478666666665,24.770846315493753,0.6044533628565624,10.044091,1.2007626533333333,0.20973182221253714,0.0048882961273193
0.2889093466666666,20.531812414795358,0.5564022412386505,12.595908666666666,1.0579711533333334,0.25099008033672965,0.0028440952301024996
0.38519133666666666,22.829049338798047,0.5964236302440337,8.759673,1.0144519333333333,0.1973073507348696,0.002753496170043933
0.13691433666666666,24.12508723260824,0.6257617565832135,9.971961666666667,1.3477054,0.19346377998590467,0.0033034483591715333
0.36730030666666663,22.873301653235654,0.5673966269682507,10.274939833333333,1.2641594833333334,0.19233755518992743,0.008020957310994434
0.22261849666666667,23.49540373325318,0.6374350122278056,7.4417637999999995,1.1573358333333335,0.18545302251974735,0.0021545886993408
0.26772751199999995,23.55942552319981,0.623025274167202,8.071325666666667,1.1929214333333333,0.22011375923951462,0.0
0.282840228,22.167650964225768,0.609897232841885,8.981944333333333,1.1884963333333332,0.19825649758179983,0.0014231204986571999
0.13042887766666666,24.54514222230922,0.609424257252348,9.606728666666667,0.8782196533333333,0.20741599798202506,0.0050534407297769994
0.1802985,26.20147028302649,0.6739754573726451,6.936507633333334,1.08627099,0.16876824200153348,0.0043879350026448
0.4798945233333334,24.371036571684655,0.6062858379321022,7.965440166666667,1.4112692333333332,0.2536774228016535,0.0018154780069986668
0.3104271406666667,25.653515957286327,0.6475225337629015,7.0787952333333335,1.2687863000000001,0.19672869642575577,0.0009042421976725
0.14247770799999998,25.628282648626254,0.6652420386166606,7.749185333333334,1.0930007,0.19912359863519669,0.0036361217498779
0.163830254,25.06017269591136,0.6375176212452848,8.600038333333332,1.0789155866666666,0.22066412369410196,0.0061377684275309005
0.155271625,24.924110200282303,0.6581882949334971,7.293711900000001,0.8457079333333333,0.1788451770941416,0.004257520039876267
0.3506635976666667,24.82250521703195,0.6590442810728199,6.605332833333333,1.2849711133333332,0.1921472450097402,0.001977761586507133
0.18073147666666667,26.30417086054229,0.6820758592568242,6.684354166666666,0.8964692433333333,0.21627859771251676,0.0023541450500488
0.21653468666666664,25.8916892525144,0.6733564194979396,6.533779200000001,0.84657762,0.20385196805000305,0.0022663275400797334
0.2372369666666667,25.448073892849777,0.6844623131223501,6.0772863,1.0598493866666667,0.19396587709585822,0.0037275950113932004
0.25775534499999997,26.439945321537948,0.6899976420316608,6.106546999999999,0.9777541466666667,0.19765489300092057,0.005832831064859966
0.23993747333333335,24.191910199221216,0.6645241624224166,6.5843267999999995,1.0853313333333332,0.20625705023606614,0.0009435812632242667
0.154445108,26.012642274866636,0.69643282389839,6.4657528,1.0906665,0.1781570141514142,0.0021030902862548668
0.22303243333333334,22.716817310237303,0.6305702374898395,7.985739466666668,1.1837041333333334,0.22512212892373404,0.004423697789510067
0.13305413466666668,22.60444472667997,0.6024079650656856,9.954224666666667,0.8602924000000001,0.23347416520118713,0.0
0.2185032193333333,23.65702582470854,0.6262706386051954,6.909609000000001,1.1671765666666667,0.256164292494456,0.0034956137339274
0.12454781,20.93812267937209,0.5529017116464924,10.494347333333334,0.8752858033333334,0.2394956350326538,0.0012760957082112335
0.13125994566666668,22.66350985028106,0.594906084596548,8.567603666666665,0.8397587,0.23727584878603616,0.0068471431732177665
0.20932308533333333,22.682579732500585,0.6253187214542905,7.749392766666666,0.8665519433333334,0.23294108857711157,0.0024913946787516
0.16734829599999998,20.35562364679468,0.5835193508360145,8.643980533333334,1.0384723666666666,0.24383091926574704,0.004713296890258733
0.15250722966666666,21.08318480174408,0.5935428765265603,9.119983166666666,0.8414907166666667,0.24400688211123148,0.004848718643188433
0.09020679566666667,20.736341225678093,0.595508863812351,9.927137,0.6720464333333332,0.20808150370915726,0.003957430521647133
0.08006258,21.95352733483254,0.6242619172821572,8.974478666666668,0.8057784,0.20232478777567545,0.0032645066579182667
0.231590094,22.029222533035234,0.6423341408186628,6.476997,1.3219181666666666,0.21367399891217545,0.005290746688842734
0.31484444133333334,22.28949380234231,0.572754639568637,10.650544666666667,1.2180673,0.2003281364838282,0.0039119720458984
0.4490619966666667,23.45125535968431,0.6614113179487336,4.317907333333333,1.4645764666666665,0.1565782142182191,0.0
0.2644996133333333,25.84735601710111,0.7338035439649718,3.971103533333333,1.5227763333333335,0.15903745839993155,0.0009034474690755
0.41384612000000004,22.198504597140854,0.6319807066600114,5.1745263,1.3887381,0.19317242999871573,0.0039443174997964995
0.4259481766666666,22.61088945771638,0.6518808503076658,4.520869333333334,1.5321168166666668,0.15575758616129554,0.002189556757609
0.2523507266666667,23.308728696721158,0.7084025049438365,5.5141594666666665,1.6000279666666668,0.19701759020487467,0.002669175465901667
0.24040672233333335,22.43954135625152,0.6580453356356845,6.879482200000001,1.1108711866666665,0.18491692344347632,0.004014253616332967
0.4424855533333334,23.41109432889357,0.6686747044676334,5.300538333333333,1.5556501,0.1592021907369295,0.0
0.202487812,22.483649385976197,0.6584140025997415,5.947211366666667,1.1753149333333333,0.17105632523695624,0.0042039553324381
0.16353378166666666,21.567690017725255,0.6368229949595254,6.178000000000001,0.9267870500000001,0.18318213025728858,0.0048873424530029
0.17819303333333333,20.110509712740583,0.5984623748816819,6.398532433333333,0.9914732233333333,0.19827773670355475,0.0006688435872395667
0.3253876533333333,19.612054236720024,0.5985172313781194,6.118957900000001,1.1041803000000001,0.20008779813845953,0.0038633346557616667
0.29565806,19.134837521931942,0.5751293299348795,6.0123943,0.9774484233333333,0.18611807127793625,0.0
0.24470159133333333,21.45216439819579,0.6375204866633345,6.159886,1.0351607766666666,0.19726449996232986,0.006143490473429333
0.19944925999999996,21.6278889729121,0.6747198515839342,6.228132066666666,1.024218,0.16966916869084037,0.006018241246541299
0.27261763,21.01945187856003,0.6211242965555895,6.448994333333334,1.0067508766666666,0.20595840116341904,0.001664400100708
0.16282566666666667,23.025011803230814,0.6873595734007593,6.3900864,1.0577544833333334,0.19398364424705503,0.0015554428100585666
0.18066084999999998,22.96963127249765,0.678501251900471,6.0757218,1.0724729,0.17323688417673108,0.006100575129191067
0.14427185666666667,22.691432844320882,0.6589422579941036,7.372944899999999,0.9921969666666667,0.21588220695654547,0.0
0.16540409999999997,23.15015821722976,0.6593388583166226,7.255107033333334,1.0296972666666668,0.19227594137191772,0.003450870513916
0.22615866333333332,20.20065554472968,0.5963504778712156,8.400131666666667,0.9850990999999999,0.20982348918914787,0.0020107428232828666
0.19683667000000002,19.603541103347535,0.5991510053360921,9.160712,1.2015234333333333,0.2050060927867889,0.00335693359375
0.08931389999999999,22.456004598713434,0.6214612784082102,10.400834666666668,0.80139111,0.21692553659280134,0.006525278091430599
0.06637718133333333,23.527039503761518,0.6028718749998484,11.610993333333333,0.6438105166666667,0.2301334937413533,0.0034514268239339003
0.13725246666666668,20.916558756420073,0.5790461782874831,10.802976000000001,0.7213847866666666,0.22310399512449897,0.0
0.13192053333333334,21.553976549932646,0.57645769476621,11.371685666666666,0.7565218233333334,0.23969820638497666,0.0
0.21077208999999997,19.262405164428657,0.5600398340425892,10.085341333333334,0.7803055833333333,0.2301532824834188,0.004520416259765567
0.23278595000000002,21.907596439906424,0.6569979875912509,6.8385235,1.2192162333333334,0.19082879523436228,0.001973628997802733
0.32212160466666667,22.61356214261866,0.640905697543935,6.872612433333333,1.1593177133333332,0.22339916229248044,0.0
0.12023774333333333,21.137818270614357,0.6204147681023885,9.160995,0.7500398233333333,0.17877787848313642,0.0006794929504394333
0.48289257933333335,18.944199512023115,0.5843699457802818,7.3573507000000005,1.3627199866666666,0.22951239347457883,0.0018160343170166
0.16535387000000001,20.678319719622284,0.5997956623086657,8.572034,1.0771460666666668,0.21897067626317335,0.0011418660481770668
0.23975561999999997,17.126487575358663,0.5506860136446723,9.398147,1.07109888,0.21637102961540222,0.0053238868713378325
0.179041272,20.724550927835175,0.5964290316724988,7.8844952,1.055588,0.19620326658089948,0.0020647843678792
0.153791591,22.048440053921734,0.6121767199686197,7.963051233333334,0.8430018666666667,0.22196980814139047,0.0064621766408284
0.10760020666666666,22.67893501359784,0.6410653786396306,7.819086166666668,0.9300430466666668,0.19867484271526334,0.0035238265991210664
0.11013542333333333,17.657949207798648,0.5293501094280533,25.274300666666665,1.0316556466666666,0.22228658696015677,0.007851362228393501
0.20186042,26.140722878880393,0.6307355975080947,8.114100866666666,1.0233140666666667,0.19061611841122308,0.0
0.22446920666666667,25.494775429266443,0.7089050611994038,5.6615210000000005,1.2888297333333334,0.1808103943864504,0.0022402604420979667
0.2877256833333333,21.62538266744671,0.6532559674447018,5.705840566666667,1.3475124766666664,0.17070653786261872,0.0014410813649495334
0.20291920833333332,24.320398095754147,0.6906495271866381,5.763460766666667,0.8991575333333334,0.17358406384785965,0.0
0.14882500666666668,24.682380298689782,0.6814608723209941,7.021485133333333,1.1068926000000001,0.22724714875221252,0.008848349253336501
0.191467465,22.89294692629366,0.6298659362649371,7.463660333333333,0.9394369333333333,0.1961552302042643,0.0035985310872395336
0.22821375666666668,22.013808253219008,0.6369107303304639,7.135500366666666,0.9844663066666667,0.19545654952526093,0.0020088354746500333
0.29336798866666663,21.89811468249467,0.6492812604364475,7.349952533333334,1.3018762333333334,0.18335974464813865,0.0011483033498127999
0.2757089483333333,20.586805673111765,0.5844294167391116,8.1680902,1.0822419333333333,0.20246280233065284,0.0032522678375244
0.12735020633333335,21.56528482785197,0.6206118687615945,8.828585666666667,0.6906312633333332,0.2454726298650106,0.0005946159362792666
0.14447725466666667,21.789412262159985,0.6306227446593144,8.2097325,0.8342898866666667,0.23665380726257956,0.0041403770446777005
0.22704521533333333,21.63243096001168,0.6295990434314311,7.772398,1.0689293333333334,0.21607435246308646,0.0036261081695556333
0.28701466999999997,21.132379526944348,0.6178963324531541,7.662453533333334,0.97741445,0.1942084729671478,0.004549821217854767
0.35764375666666665,21.439391851156728,0.6244373904395794,7.2944974333333334,1.3755746666666668,0.21064422031243638,0.005885918935139934
0.22218318,21.564247587088214,0.6229677026008188,8.274668333333333,1.2990032333333332,0.21230340003967282,0.003540436426798467
0.12786468066666667,24.454622121709008,0.6502039750079652,8.172909166666667,0.9617274666666668,0.2094700187444687,0.0025753180185953666
0.084476561,24.419700725704043,0.6599295657236043,8.592348666666668,0.93458378,0.18751842031876242,0.005289316177368101
0.14262150133333334,22.882810444077965,0.6158867615415201,9.105752433333334,0.9160099766666665,0.22947034239768982,0.003361225128173767
0.08958488466666666,24.005784819732327,0.6269323983023113,9.537240500000001,0.9113952,0.20364052553971604,0.0021243890126546
0.11800425566666667,25.18032809775792,0.6542148327879826,8.664265666666667,1.0599410999999999,0.19816594570875168,0.0034443537394205667
0.09466252466666668,23.428561275039797,0.567664452194328,11.362874333333332,0.7829031333333333,0.2680714080731074,0.002785762151082333
0.13342544666666667,22.90505116061264,0.5615985686551328,11.3505855,0.7985862133333335,0.2642322331666946,0.004168828328450467
0.13319190666666667,22.943571393089744,0.5593831681898233,10.649313333333334,0.96437199,0.2972754736741383,0.0006693204243977667
0.17781954666666666,23.410475340080524,0.5778648300351784,10.357446999999999,1.17172811,0.3115398585796356,0.002805391947428367
0.11251455133333334,25.58538395801486,0.6503255306698364,8.1976984,0.84055874,0.2484525889158249,0.004133780797322567
0.08742666,25.51516383627278,0.6126123745826045,10.063306666666668,0.80347091,0.27562275528907776,0.0016910235087076668
0.14239125,24.803549031339216,0.657217332819877,7.4631126,1.0248794466666666,0.21467031041781104,0.0045020580291747665
0.14819301666666665,23.022245657923794,0.5916625105699079,10.162165666666667,0.6957886166666668,0.25819660226504,0.0020521481831868335
0.15882877133333334,22.205949854769727,0.5909711228986418,9.136935666666668,1.1087463866666667,0.27525533239046723,0.0014615058898925666
0.06860721066666665,24.90567857987584,0.6299642017927276,8.991001166666667,0.9234853300000001,0.21831344564755759,0.0019410451253254668
0.16167834,22.888185088822492,0.608806126506553,8.611097666666666,1.1761881666666667,0.25901757677396137,0.0014062722524007
0.14575645,21.39243996323837,0.588755268151014,8.362329666666668,1.1288520666666666,0.27889078358809155,0.0018108685811360666
0.207121612,23.44733782482713,0.6422930843200848,6.796189933333333,1.5335480333333333,0.26408618191877997,0.0018110275268554668
0.18191237233333335,27.873228927012104,0.7296410591168301,4.756001666666667,1.4847319600000002,0.2657434120774269,0.0053144296010335
0.204582438,23.162215604252793,0.6737670808481799,5.675892666666667,1.2421326666666668,0.25149668753147125,0.0006170272827148333
0.154675122,24.588105552359462,0.6859527598577664,6.143152833333333,1.1486936333333333,0.24237031241257986,0.0013675689697265332
0.18778596,24.12676891585572,0.6769576877585326,5.6195482,1.1567788333333333,0.2665503074725469,0.004653294881184867
0.089706037,18.17664113033598,0.5104055775996031,26.72653133333333,0.78908725,0.21649315456549323,0.0031492710113524996
0.91515718,25.99535495977337,0.6802873339168286,4.7491153,1.4260623533333334,0.18112185845772424,0.004711866378784134
0.7923343433333333,22.313448975573863,0.42150717481056627,2.9851761333333333,1.21615261,0.07185979187488555,0.0034341017405192
0.62461132,21.20168875947157,0.4248013029619943,4.129016766666666,0.93564758,0.08865022038420035,0.003127415974934867
0.12787515666666666,24.237924838374628,0.5479044418853677,5.108763866666667,1.1138401,0.08590770761171973,0.0052067438761393
0.45351757333333326,18.65005430331971,0.3601051863661479,4.950806133333334,1.0267392,0.09514823555946345,0.004743734995524066
0.18396530000000003,22.708827901295724,0.5526906979376406,5.1983654999999995,0.9737077666666667,0.11734820902347559,0.0021944840749104667
0.22299294333333333,20.29775913047547,0.456159030218205,6.0833877,0.8526146833333333,0.1210108324885368,0.0038534005482991334
0.26879643166666667,19.74008491880184,0.48086494906188615,7.363006933333334,1.0886686433333332,0.15882242222627,0.0034281412760416665
0.25756560666666667,19.021354471086116,0.46943988139106047,7.168584533333334,1.1241347666666666,0.1508060793081919,0.0020728111267089666
0.21186179866666666,20.502865358362172,0.5016299652348859,6.5701931,0.9340791700000001,0.12033359458049137,0.0060639381408691
0.20672768333333333,20.54185413483059,0.4946707841060815,6.466627266666666,0.9027572,0.12820637226104734,0.0031549930572509666
0.16210503666666667,20.861669107108426,0.5306994195055542,6.7077917000000005,0.8484657666666666,0.14104912678400672,0.004355271657307934
0.23780026166666668,19.252577449694748,0.47893559911166567,6.824449133333334,0.9778532666666667,0.16831559439500168,0.003655989964803033
0.22437597333333334,19.715518981928494,0.5164873050796696,7.017964,0.9212385333333333,0.14458984633286795,0.0024530887603759666
0.2553764,19.00131235077841,0.5367709117880244,6.711067466666667,1.2399156,0.16868224740028373,0.0054579575856526
0.14286685666666668,21.490181866633492,0.5630551116335484,6.348975800000001,0.9819893433333333,0.170157715678215,0.0034915606180826665
0.16461122566666667,21.15118632281555,0.5659725801978527,6.666986733333334,0.8034293833333334,0.1866587897141774,0.0019450982411702332
0.22997363333333334,21.272177243191763,0.5467875098239235,6.303281966666667,0.84853448,0.20314349730809525,0.006603161493937133
0.21639165000000002,20.80913870510702,0.5583002034440934,5.885445233333333,1.0484686333333333,0.1972687244415283,0.006160815556844034
0.236213361,21.223709432773752,0.5726931581742124,5.673301100000001,1.0720797,0.17541501919428504,0.0
0.4976605686666667,19.03886870831119,0.503795514258628,7.337936666666667,1.1013842833333334,0.25914355615774787,0.005840142567952434
0.19206362300000002,22.30584252150787,0.5889840188792732,7.145518666666667,0.9361871666666666,0.2038151497642199,0.004029273986816367
0.23801470733333333,21.34714014402066,0.6062372606351976,6.639692166666666,1.04743398,0.1732032125194867,0.0036094188690185005
0.28444458899999997,19.541205342097637,0.5544203528356473,7.3778397333333325,0.8756578466666666,0.20561423897743225,0.002553462982177733
0.2765513233333334,18.416202711749353,0.5402640372512363,8.087672533333333,0.9835171100000001,0.23235317071278885,0.0006690025329589667
0.23914766333333334,17.91622804366776,0.5233782419940961,8.849081499999999,0.79822768,0.22352213164170578,0.001604159673055
0.24791165999999998,17.755071107298818,0.507540510782564,8.595253533333334,0.8162879566666666,0.24720051884651184,0.0011929670969645
0.30241282999999997,18.16437964263314,0.5265269744492818,8.353168766666666,0.9427547433333334,0.2301203360160192,0.0
0.3872585033333333,17.818557782522518,0.4965501112281336,8.117326833333333,0.8423248666666666,0.24309482673803962,0.0044620037078857
0.22807466666666668,20.301033911893168,0.5613750321023304,6.757761299999999,1.0644444333333334,0.2145995150009791,0.0011144479115804
0.3541842416666667,19.372622937219052,0.5399155422758779,6.906068433333334,0.9117851,0.21437495946884155,0.004287004470825167
0.30408235333333333,19.35296572647822,0.5610934690932478,6.5956356666666665,0.9008422100000001,0.19864720602830246,0.004131317138671833
0.2917157833333333,19.44726828695774,0.5776254804847974,6.402975033333334,0.9504693333333334,0.1876779347658157,0.0038743019104003
0.33379850666666666,18.744396811603295,0.562223798943604,6.7046852,0.9444162333333334,0.19394134978453317,0.005092938741048133
0.24042465333333332,19.25225905971127,0.5628786469798459,6.987562233333333,0.8981608533333333,0.19406056900819144,0.005446036656697567
0.18004699000000002,19.97723267730664,0.5948919161128728,6.829971666666668,1.0081685433333334,0.18364837517340973,0.004786173502604133
0.24617422,19.19210560935336,0.5778465696451969,6.648535666666667,1.1601768333333333,0.20473122100035349,0.0038232803344725994
0.2236377833333333,20.960212126272854,0.5762916999652431,6.807605,0.7993096833333334,0.20484812557697293,0.006650209426879834
0.21139796,20.250353043296304,0.5469083422504951,6.020983666666666,0.7069286333333333,0.1902868101994196,0.0014942487080891666
0.14835320333333332,21.944302810832642,0.5922848274791724,5.205221833333333,0.85061172,0.15987432003021237,0.004392703374226867
0.21398787666666666,21.350509531438245,0.5468299251472453,4.8737372,0.8643938666666666,0.17660733560721076,0.006130059560139967
0.1384114266666667,21.93264198946739,0.5607058643113422,4.672118966666667,0.9070598133333334,0.16544011483589804,0.003124952316284167
0.08678768866666665,18.452996948421475,0.5372964542320342,26.518109999999997,0.8322961666666666,0.2368113100528717,0.0025242964426676335
0.15506967666666668,24.09551731346566,0.6042292399847998,9.340743833333333,1.24717,0.19254535933335618,0.0015675226847330333
0.11997755866666665,28.641324255225374,0.7362409330408665,5.6326739,1.08491241,0.15333070109287894,0.0013550122578938667
0.1717272533333333,23.02088412882665,0.6750943217689449,6.876319666666667,1.5003382666666667,0.18813350299994147,0.0014375845591227
0.24138644333333334,25.470728248570662,0.7013892133527385,5.190928666666667,1.0395166999999998,0.1657755225896835,0.003338019053141267
0.16528492000000003,24.555502312878776,0.6996372693872787,6.126596766666666,1.1977519166666668,0.17866409818331397,0.0027771790822347
0.23822306333333332,23.38330700030022,0.6891453777607461,5.974073433333333,1.2710781,0.18173843125502265,0.0
0.14894888,22.34440055475277,0.6578382996172455,7.298112333333333,1.1840419666666666,0.19310585906108216,0.007703622182210233
0.35490827333333336,22.289188426451542,0.6550831502154316,5.225537166666666,1.5548227499999998,0.17138089487950003,0.0035049915313720334
0.21898023000000003,21.35685326525019,0.6273609211765815,5.202362966666667,1.2301821533333335,0.20225079854329422,0.0
0.16132882499999998,22.199064131896804,0.6453146989441878,6.234003433333334,0.9799462333333334,0.1987125972906748,0.0025604565938313665
0.14306388333333334,21.74489594030214,0.6190176926912906,7.545618333333333,0.9776561999999999,0.22739754120508826,0.0013725757598876667
0.21108920933333333,22.156882410613832,0.6468421701237009,6.968136633333333,1.3069662,0.2202550619840622,0.0020296573638916003
0.212667088,21.665803662782167,0.6390113303688221,6.666459799999999,1.1732453,0.2129604717095693,0.0042238235473632665
0.20326367266666664,21.789837288994658,0.6424197321996648,6.8972058333333335,1.0301085333333333,0.2120702018340428,0.004725138346354133
0.15292632833333333,22.79821054757943,0.6356610171703925,7.607964533333334,1.0027494133333332,0.22029836972554526,0.0017271041870116999
0.26274910333333334,20.297427201894074,0.6118847684551882,7.577702066666666,1.3105071333333334,0.22011340161164594,0.008544683456420865
0.26387950666666665,20.755329372081846,0.6036013171463411,6.959598866666667,0.89815662,0.20555402338504788,0.002194960912068667
0.19022664333333336,21.88858314175535,0.6445943938719786,7.398250666666667,1.2664875866666667,0.2278671363989512,0.0005783240000406666
0.11625342033333334,22.71251713235223,0.6447468239567845,8.480341999999998,0.9422961000000001,0.2370229711135228,0.0013374487559000333
0.18379148666666667,21.50726908793871,0.6205213382630955,7.740184166666666,0.9613638333333334,0.19894850254058838,0.0033408800760904665
0.07475314,24.150953892343846,0.6466337042783752,8.7111418,0.7626770466666667,0.2165463492274284,0.0041648546854654665
0.082489575,23.941430648657416,0.6694809407502379,8.118649499999998,0.9008974,0.17632810274759927,0.0043568611145019
0.18852686333333332,23.056591557753098,0.6543325023004377,7.332021,0.9333199166666666,0.23069051404794058,0.0016130606333414667
0.18884923500000003,21.853321956072694,0.6601474035858159,6.9813586333333335,1.3041789333333333,0.19714029630025223,0.0024232069651285667
0.06369966266666666,24.8500024956066,0.6656519505647157,8.022336233333332,0.9196101433333334,0.19636148711045578,0.0055314699808756
0.06876308933333335,22.422837574335443,0.601361533376129,9.872617333333332,0.8493157866666667,0.2213286111752192,0.004907846450805633
0.09447485566666668,21.635255110892164,0.6247873608893808,8.832264333333333,1.0245426333333334,0.21378606557846067,0.008116563161214134
0.13060023,19.319887967358554,0.5899678551393405,8.857159333333334,1.1299972666666667,0.26873143513997394,0.0027499198913573998
0.158102342,20.098606201496235,0.6127715862306881,8.0504811,1.2598388333333332,0.25882359345753986,0.0081112384796142
0.16684580666666668,20.948992220074363,0.6692245118495426,6.1616322,1.3503276333333334,0.22270941734313962,0.0
0.18739879233333334,20.476113867371485,0.6061099368200357,7.419535199999999,1.1445223999999998,0.23928631842136383,0.0
0.1692642666666667,18.00373247916666,0.5920748064841423,8.012815466666668,1.2520463,0.23113197088241577,0.004301865895589166
0.13257061533333334,21.16149900371364,0.642049071271695,6.717386866666666,1.0973089466666668,0.2296877006689707,0.008062998453775966
0.08586836166666667,23.336693574579815,0.6972360858875121,6.162630666666668,1.0910272166666666,0.20120936135450998,0.0034021536509195667
0.18067472666666665,19.61526675402479,0.6542852772699667,5.659934233333334,1.2299728333333333,0.20943697293599448,0.0033477147420247332
0.14805638066666665,20.769171753434563,0.6998114462305464,5.585381766666667,1.4359312166666667,0.21598891168832776,0.0027830600738525334
0.11997500099999998,20.860537058211175,0.6653875189201829,5.774843066666667,1.2512472333333333,0.2345737641056378,0.006355524063110266
0.12078574333333332,24.463242568649758,0.5865169421003293,10.987125,1.31092115,0.20112425088882444,0.0013610521952311001
0.19729431333333336,23.51914015014005,0.6393495368711347,7.898539333333335,1.1632098333333334,0.17216885834932324,0.0
0.20896208766666668,23.939994207127402,0.6327316005084532,8.016121,1.1613713,0.19599720338980353,0.0005844434102376
0.16814623333333334,23.84650981847496,0.6439682343838871,7.6005912,1.0965571,0.18289033571879068,0.0013383229573567669
0.16636389333333335,23.38937909271159,0.6526482093399085,7.499775333333333,1.2762880666666667,0.191580906510353,0.005901336669921833
0.147528231,21.47884911905592,0.5846792694186947,9.903469666666666,0.9760118866666666,0.21837093184391657,0.0075117746988932
0.18447561999999998,20.778901516678033,0.5923737070693583,9.701846333333334,1.1153965333333333,0.21994859973589578,0.006285508473714167
0.08950476666666667,23.491624484270915,0.6438238440448315,8.925179,0.96054269,0.20297545691331223,0.0
0.069649792,23.37655653728632,0.6305482782563074,8.571866333333334,0.7841013633333334,0.22814725091060004,0.0022300084431966
0.09188304800000001,23.178709314635856,0.6266497633895288,9.414839333333333,0.96855811,0.23133938014507294,0.0020525455474853
0.09076415133333333,23.875815638025063,0.6568496093084194,8.73674,0.9166381899999999,0.2048428853352864,0.0
0.110646282,24.655882469904316,0.635337894648495,8.870318166666666,0.9184519400000001,0.2165193657080332,0.005743821461995434
0.11265491666666666,23.68093483955386,0.6280868838327797,8.861570666666667,1.0041538666666667,0.22248178223768866,0.002408901850382467
0.118228066,25.097002807347877,0.6304649435974689,9.261312666666667,0.8288626899999999,0.21178759634494781,0.002852042516072567
0.14895881133333333,24.25570754904665,0.6435227355008738,7.986289266666667,0.9924628333333333,0.18887580931186676,0.0052688916524251
0.09156609766666667,25.429838582335634,0.6497361506542468,8.595485666666667,0.8560653199999999,0.19084482888380683,0.004908641179402633
0.16283574333333337,23.8023088147814,0.6215257998170352,8.601700166666667,0.8099158900000001,0.21105195581912994,0.005340814590454067
0.18531028666666668,24.55737779810114,0.6487103287015096,7.702400999999999,0.9701844666666668,0.17843739688396446,0.0054402351379394
0.13780228,25.403834772412115,0.6664550818211256,7.8243271666666665,0.8217444233333332,0.19094117482503248,0.0028228759765624666
0.236844278,23.506309127746828,0.6364200288035161,7.568091,1.0453710999999999,0.20887938141822815,0.004467407862345367
0.25178335333333335,23.166922675164983,0.6397193399596725,7.215533366666667,1.2372792666666668,0.2050510595242182,0.0035510063171386337
0.2671732766666666,23.465341168999412,0.6141567127875872,8.506733666666667,1.1296156033333333,0.21585301061471296,0.0014438629150390332
0.14177296133333334,23.36300209038531,0.6064187755032423,9.92995,0.72196271,0.22469354669253025,0.004313071568806934
0.3049812333333333,22.491022240141003,0.6136904026038867,7.712228466666667,1.1094635666666666,0.22559955219427744,0.001026709874471
0.159988655,23.045494161701516,0.6066166367947536,8.893457333333334,0.8124226666666666,0.2264602681001027,0.0008440812428791999
0.17820412966666666,22.84265888509765,0.5985884398706697,8.985247333333334,0.9237080533333334,0.241948073108991,0.0026460488637288
0.14468060333333332,22.78043892972329,0.6215244802838753,8.252236833333333,0.9972520466666667,0.21420226991176602,0.0012660026550292667
0.10956347,22.51217832028533,0.572861103140359,9.859217833333334,0.9247307666666665,0.26491330564022064,0.0027056535085042
0.095372586,21.506654258283476,0.5607713939600337,11.406513833333335,0.8815233466666667,0.2673179308573405,0.0024800300598144336
0.04720774333333333,23.038530572188932,0.5894271010084396,10.551130666666667,0.8983455133333332,0.24373461802800497,0.0048832098642984335
0.17177140033333335,22.812675219499898,0.637641555714723,7.373555633333333,1.3056808,0.2528232336044311,0.0036209424336750996
0.13489906366666668,23.70886366840381,0.6371644246766167,7.620405633333333,0.9749171866666666,0.22323312858740488,0.007359107335408468
0.094965547,18.51623308050338,0.5652353042992229,25.156135666666668,0.9118931833333334,0.24184444049994147,0.002633889516194633
0.14389023833333334,23.85411254577511,0.6106003243497814,9.996117666666668,1.3182322333333334,0.21324434876441956,0.002174377441406233
0.2222923033333333,22.50184478302566,0.6215831852391843,7.268161766666668,1.2691382333333334,0.21488383660713828,0.0016957124074299668
0.2805063156666667,22.683155310303942,0.6652530174040341,5.829786066666667,1.3749363,0.18707731614510215,0.004882812499999966
0.38960119000000004,21.913896850690055,0.640512153222727,5.0530419,1.46609562,0.1768321593602498,0.0011767546335856
0.31629752333333333,23.508000412320285,0.6724331914275483,4.768608566666667,1.24913895,0.18679240097602204,0.0013392766316731666
0.3931331466666667,22.639606623438564,0.6439305530254867,4.515883666666667,1.2548231333333333,0.18625629196564353,0.0014181137084960666
0.44213277333333334,22.24447204779467,0.6192560392943284,4.311640266666667,1.2390893200000002,0.17274582882722214,0.0007821718851725
0.7165640233333334,22.321604983308287,0.6165764810210382,4.008471566666667,1.4919223666666666,0.15481501320997867,0.0
0.5741208666666666,22.199258688276757,0.6790464409755032,4.329045533333334,1.7772915166666667,0.18414582312107083,0.0016259352366129335
0.452138655,23.174599147081096,0.6698801996164843,4.4641684,1.3435694333333335,0.18975879251956937,0.0024925867716471335
0.4358463666666667,22.23786655254862,0.6364678147185617,4.3842226,1.2071771333333332,0.19669267535209653,0.0
0.16053404866666668,27.436617575556983,0.7463464817026049,4.7637442000000005,1.0073969233333333,0.22979242851336792,0.0057250658671061
0.2651466133333334,24.37458630129321,0.703389255906998,4.833915666666667,1.3149384,0.21783881882826486,0.0
0.24572561333333331,25.65722849344428,0.7183865823074859,5.048125,1.3912323666666666,0.2160268475612004,0.0019574960072835
0.37560822999999993,22.070020866327628,0.6507027819100218,5.098017466666667,1.3963690833333333,0.22044888635476426,0.0026313463846842334
0.23200325533333332,23.654693826944847,0.6885049223177712,5.7635304,1.2504313333333335,0.1968396256367365,0.0033750534057617
0.2581439233333333,22.55474032995588,0.6432354443208136,6.439908366666667,1.1276582666666666,0.20934664209683737,0.002692540486653633
0.15439559333333333,22.93049838173504,0.6840733204199777,6.914603933333333,0.9351548,0.17899579554796216,0.0025738875071207334
0.15072789233333334,21.524063073823616,0.6234882311033335,8.841399333333333,0.9608501633333333,0.20832818249861396,0.0014064311981201
0.27209685333333333,19.2794313985106,0.6082043223866463,7.786483233333333,1.1776760499999999,0.18018948286771772,0.0038059552510579333
0.06900805666666666,24.368706810024932,0.6607004332632218,8.8412755,0.8857334666666666,0.18076956272125236,0.0035339991251627334
0.17413547166666665,20.215599139416174,0.5857167240582885,9.576124,0.7845204,0.2139658431212107,0.007084051767984966
0.13703723,22.10786218886784,0.6383366055584065,8.335038433333333,1.0210973966666665,0.19511831551790235,0.005518356959025034
0.21012877333333332,20.819455682206563,0.6076785069848394,8.6724518,1.0776056533333334,0.20933313171068824,0.0027348200480143
0.12392747133333333,21.52069444960391,0.6358638295234451,8.355550666666666,0.9843131999999999,0.1798281868298848,0.0031169255574544
0.226917708,21.166371141063816,0.6269947002669644,7.625764666666666,1.1243007,0.19313800831635788,0.0024074713389078666
0.08642749166666668,23.238879413227497,0.650077127178336,8.663922133333333,1.071299,0.19010831912358594,0.002890904744466133
0.1716080246666667,20.876607244163896,0.5718224368390781,8.881877066666668,1.0175139800000002,0.22409642736117044,0.005537986755371066
0.17003017166666667,22.101997307806396,0.6422410556627813,7.378294333333333,1.2550064766666666,0.21617186069488525,0.002733945846557567
0.20139986333333335,19.034117453534627,0.5961155333354394,7.83342,1.2673001333333334,0.22054028014341984,0.0023533503214518002
0.09510450666666666,21.778488426088643,0.6334615168170287,7.414446699999999,0.9921582533333333,0.22336713473002112,0.0022731622060139667
0.20998567,19.041441875510802,0.6214171560711138,7.180950366666667,1.14302741,0.23935724794864646,0.0049911340077718
0.2960528506666667,20.833384476436482,0.6629658144149362,6.317117433333333,1.5162171500000001,0.23374838133653006,0.0
0.3500298366666667,17.98140463068673,0.5999289304696408,6.8365056666666675,1.6652588999999998,0.28077819943428034,0.0028189818064371665
0.1911593153333333,20.490199452754073,0.642145743525398,5.9638,1.3572776466666667,0.21862350900967908,0.004650195439656533
0.07236141866666666,23.214542704845694,0.689422012715098,6.482919866666666,0.8019460733333332,0.20544870197772977,0.0017801125844319335
0.20630632666666668,21.480647360054803,0.6547728767869115,5.3472463333333335,1.2558554333333334,0.2046470592419306,0.0
0.08370425599999999,24.397362251820994,0.7094807547066534,5.634531333333334,0.96494519,0.2106414536635081,0.0038923422495524
0.13686798,21.7358722803982,0.6787308290285542,6.179249433333333,0.9855762599999999,0.18301888306935624,0.0035956700642902997
0.27431802666666666,19.210001586696915,0.3992761034083385,4.0002185,0.81259502,0.09420098488529516,0.005525509516398067
0.08153046133333335,22.753166732130143,0.6003137034136098,5.827710666666666,0.9346417666666667,0.12533435473839435,0.0
0.14629358,19.1441196112981,0.4987182066805634,7.350108633333334,0.887788,0.1573996692895889,0.0007046063741048001
0.14850875333333333,19.03602060398448,0.5182842489365523,7.288705,0.8708671166666666,0.17288617293039954,0.005987803141276
0.13863553866666667,18.652142870089243,0.5481317111482976,8.375983666666665,0.6994808999999999,0.19805255035559333,0.0017711321512858
0.11368163666666666,18.364656329110414,0.599045515956744,8.464353566666666,0.8953981666666667,0.19264673690001163,0.0030078093210855667
0.11273510533333332,18.297122264593238,0.5495805300518036,9.480431333333334,0.85260808,0.26927268505096436,0.007614930470784467
0.15229883333333336,16.915245868422165,0.5621941955175999,7.769957266666666,0.934632,0.2464061180750529,0.004783074061075834
0.09347945666666667,18.59540476015092,0.5900633653712897,7.606243200000001,0.8233554666666666,0.2936789393424988,0.0041965643564859665
0.060133159,21.44544749326693,0.6924177392953325,6.882179666666667,0.8161316,0.23846150437990823,0.0025315284729003668
0.11269444,19.352096197485476,0.6384709992080461,6.315789466666668,0.9918929333333334,0.29213463266690565,0.0027375221252441333
0.06329216766666666,22.138764621763556,0.6662794110181945,6.167220833333334,0.81588479,0.3228829950094223,0.0
0.06870858866666667,22.352203384912357,0.6937434641521039,5.955242233333333,0.78816155,0.2993790904680887,0.0035587946573893
0.10470956800000002,21.01759387529686,0.6982509616658605,5.451881133333333,0.7521966066666667,0.33943068484465283,0.0019288063049316
0.061945888000000005,23.10715827383436,0.7312231045921248,5.301618033333333,1.0582010000000002,0.29957292477289826,0.0047374566396077
0.14643936,19.761877198752774,0.6567125870473598,6.106734166666667,0.9021842866666666,0.3392669906218846,0.007434288660685167
0.34613147,15.889207688777555,0.5779371845189211,6.468558300000001,1.1427003333333332,0.34177624185880023,0.0
0.14536769833333332,19.37150995325728,0.6549650265021977,5.5898279666666655,0.78101639,0.2966595192750295,0.0007700125376383333
0.44019723000000005,15.978835978533168,0.5446658112421688,6.294251366666667,0.7461643133333333,0.3497062524159749,0.0031402905782063335
0.19442773666666668,18.08572024136218,0.5962618710798414,6.653074666666666,0.6970902466666667,0.32177889347076416,0.007024526596069333
0.23121992466666663,16.849481629878785,0.557001889947718,7.173688800000001,0.6849687333333333,0.34668832023938495,0.0028153260548909333
0.09562345833333334,20.49313703385025,0.6154953834608888,7.682809333333334,0.7056859066666666,0.36834461490313214,0.0021347204844156665
0.13984959500000002,17.60801251449219,0.5904432649112493,7.982746999999999,0.5341984700000001,0.3572712143262227,0.0005831718444824
0.18586042866666666,16.84045253407604,0.5457621489524714,8.313459666666667,0.5494391766666668,0.3656829098860423,0.0025993982950846
0.17858284333333332,16.650824003755705,0.5483668605290372,8.734564,0.49380963333333333,0.366434966524442,0.0021344025929768665
0.19696854333333333,16.793427128619108,0.5379446302297514,7.950517866666665,0.6214383733333334,0.35927307109038037,0.0
0.3015624633333333,16.26104200596714,0.5130607700605382,6.950750666666667,0.8103533433333333,0.3462415486574173,0.0015680789947509668
0.08074598833333334,22.59218034097668,0.6813578272568893,5.839607,1.1266325666666666,0.29109114408493036,0.0013930002848307
0.1131431,22.04764539712818,0.6654261593487517,6.257428833333333,0.93576983,0.30782753229141235,0.006424506505330333
0.08791232833333333,22.07327137504578,0.6750609025224396,6.638226799999999,0.9684419000000001,0.3296476403872172,0.005611419677734333
0.08113333633333332,22.31266422401984,0.6970262452972329,6.0264525,0.97641699,0.2948334217071533,0.002060333887736
0.043310042666666666,24.568771390689907,0.7346307086849869,5.998242333333334,1.0833387333333333,0.23861927290757498,0.0
0.33957399000000005,19.743079402850913,0.5408689187453527,13.116967,1.2538212666666666,0.24389105538527167,0.0010298093159993333
0.5071398166666666,21.757160952777156,0.6195634613408144,6.909904433333334,1.5293307,0.18984738240639365,0.0034519831339518
0.26747818,22.78972285462216,0.6665246040771723,5.699540733333333,1.2692682133333333,0.16158307840426758,0.0044527053833007665
0.4164754566666667,24.490299188803817,0.6823188241137149,4.807671466666666,1.3949221166666668,0.16836346437533697,0.0013647874196370334
0.29081306333333334,22.342487928182223,0.6706072410040896,5.755753333333334,1.5702868333333333,0.17736695458491644,0.0034921964009602333
0.2146181833333333,21.361518357321724,0.6415268227500766,7.305156666666666,1.2824290000000003,0.1754972139994303,0.008677403132120733
0.2950122366666667,20.34020225661863,0.598471724015699,7.529217899999999,1.14378405,0.17228862891594565,0.001980145772298167
0.326082222,22.046862204682242,0.6523745106706315,6.1391429,1.4039984333333335,0.16049009561538694,0.008455991744995067
0.30946545866666664,20.244291712976338,0.6145031204161826,7.405874566666667,1.2674450833333335,0.15632487336794532,0.001162846883138
0.18538231666666669,19.35581251616644,0.5709425121990943,7.013784166666667,0.8172717,0.16052171587944022,0.003167470296223933
0.20957117333333333,17.30899320976751,0.582872580167542,7.393371666666667,1.0546888433333332,0.24796473979949948,0.0005913575490315667
0.10783942133333335,19.440766310220422,0.6579484620304276,7.3317817666666665,0.6811054100000001,0.21060786644617716,0.0012042522430419666
0.12147068833333334,19.62570439635396,0.6116174010005341,7.548411233333334,0.7356903200000001,0.2022115339835485,0.0044412612915039
0.15983774333333334,19.81652215463302,0.6225447992565498,7.371554,0.9265702333333333,0.23170974850654602,0.003942807515462233
0.19165044533333334,19.91285042767136,0.6176949025772457,7.299134966666667,0.9605703933333333,0.23383079965909323,0.0012400150299071999
0.11185135333333333,21.763367205483252,0.6507641482197456,7.1360768000000006,0.8222357333333333,0.19375482201576225,0.004746993382771766
0.14819270433333334,20.92071338244501,0.6275700861314518,8.425313,0.8664257333333333,0.22797328233718864,0.004962603251139301
0.13769994933333332,21.941828053787805,0.6673445178347813,6.9227527,0.9387082333333333,0.1887115935484568,0.0016887982686360334
0.12256564199999999,23.072276289328176,0.6598404814249285,7.413114833333334,0.7981007999999999,0.19831194480260209,0.0007137457529703666
0.12556436,22.76570224406888,0.65460533414771,7.464267266666667,0.7733621666666668,0.2048910558223724,0.0037336349487304336
0.10307064833333333,23.506954317423908,0.64827442033961,7.958945466666666,0.7475958866666668,0.22664112349351248,0.0052546660105387
0.11003525633333333,24.14690787701086,0.6621861091697313,7.457968766666667,0.9503103966666667,0.2292295644680659,0.007432142893473267
0.25610308666666665,20.27818279294762,0.5727011120371479,8.573289,1.1944381333333334,0.3015507360299428,0.003878990809122667
0.20146662666666668,21.366407414836573,0.5635142997488739,9.5083665,0.9091934999999999,0.29688892265160877,0.003450870513916
0.48058427666666664,18.223635248870767,0.4993217127461649,11.017778666666667,0.7644285333333333,0.32533223927021027,0.004574855168660467
0.26336343333333334,20.021195643170586,0.536750326123998,9.705514166666667,1.14552862,0.32781888047854096,0.0046178499857584335
0.3336213266666667,19.567325540150108,0.5233734726608744,10.564853333333334,0.8873709166666668,0.3262221217155456,0.0033450921376546
0.24047230666666666,21.355071824080813,0.5448803297298737,9.7280935,0.9463877466666667,0.33030521372954047,0.0
0.10094805333333334,23.144181225635915,0.5777088927163508,9.964387333333333,0.6093560533333334,0.29025285442670185,0.0030813217163085664
0.10508156333333334,23.030950704600148,0.5780983895766131,9.388531333333333,0.7433720533333332,0.3155223727226257,0.0028703212738036663
0.12591999666666667,20.145795647922622,0.5153142642798786,11.940169333333335,0.67169885,0.343130886554718,0.005186557769775366
0.143922671,21.934124906715393,0.5578946098449689,9.122028333333335,0.8824522866666666,0.2988785703976949,0.006954828898111933
0.07264383666666667,24.53335508971926,0.6275996671506249,8.066806333333334,0.74069158,0.2469206005334854,0.006785472234090134
0.2525458166666667,19.696930148090733,0.5719585404905563,7.980978466666667,0.8009288333333333,0.26369332273801166,0.0029307206471761
0.12519096999999998,21.27126086272822,0.5963528009647145,8.185683633333333,0.9649010033333334,0.25115191439787543,0.0017778078715006333
0.11010842266666666,19.97201382233522,0.5302628394067109,10.224918333333333,0.9643342100000001,0.3088109890619914,0.0012541611989339001
0.06624725666666666,22.856549027637374,0.5673340506284325,9.322905666666665,0.8089076166666667,0.2737938563028971,0.0
0.09627343466666667,21.98702895608443,0.6296131056720639,7.952485233333333,0.8057213766666668,0.2299286574125289,0.004405816396077467
0.11338082333333332,21.4911181525119,0.6314357323004217,7.644998133333334,1.1996809333333334,0.24642874797185263,0.0026823679606119664
0.07419472733333334,23.344086621976576,0.6423384002330027,7.422561666666667,0.9694135333333334,0.24037572244803107,0.0033409595489501663
0.7684781846666667,24.859513520768843,0.6613479349344191,4.851975833333333,1.4389107333333333,0.1626173059145609,0.002329667409261033
0.5064232166666667,19.61466982782811,0.45744180052218614,4.904186166666666,0.9999701999999999,0.12200456360975898,0.0041456222534179
0.22830432666666667,20.225538584589106,0.5080959490050544,5.6452788,1.01710978,0.14791734764973322,0.0019849936167398666
0.28996414666666664,19.39542842178065,0.4774862145520368,5.657186666666667,0.8975129933333333,0.14239143828550968,0.004568735758463533
0.27746812,16.72074144815973,0.4494861427128083,7.556333133333333,0.6818250833333334,0.17332070569197333,0.003065665562947567
0.08639167233333334,21.129787645768378,0.5973156999555743,8.486747333333334,0.8823586900000001,0.19180172185103098,0.0
0.08953912533333334,21.16981812880274,0.6142802660652813,8.044915,0.91614582,0.17182788501183185,0.0025668144226073998
0.15248431333333332,19.8248062480923,0.5600863521304976,7.590794333333332,0.9976170333333333,0.18841256201267242,0.004304488499959267
0.10953348833333333,20.040369336449203,0.6102737504036134,7.986500333333333,1.0438688,0.18571374317010245,0.0035429795583088665
0.057123901,21.77226917138688,0.6227681988802795,8.790695433333333,0.8179824333333334,0.20688595871130624,0.0
0.089818045,20.86414141992024,0.6147766594811913,8.454641666666667,0.8615571333333333,0.20248155295848838,0.0020111401875813665
0.09823722866666668,20.752589155402468,0.6248175549911661,8.3065458,0.9883246,0.23602616041898727,0.0064125061035156
0.153495578,19.10688387908512,0.6095644955668248,7.871221466666666,1.1767758333333334,0.23348594208558401,0.00562318166097
0.07338704533333333,20.93324187783407,0.6301577279231722,8.2068592,1.0169078,0.233029176791509,0.0012354850769042667
0.06895626766666667,20.884231619185584,0.6205994248024423,8.345161833333334,0.8157163466666667,0.2302068074544271,0.005379676818847633
0.06274135433333333,22.52540065652384,0.672830020142141,7.410378166666667,1.0399528866666665,0.2194408824046453,0.002059141794840467
0.10325188333333334,21.425463930478557,0.6589263282993176,6.9785861,1.1497374666666667,0.24036423613627747,0.0050218105316162
0.20805006,19.356788341478218,0.6453934800592777,6.261812,1.2894411666666665,0.2325999612609545,0.0
0.10605995333333333,22.166804368610133,0.6839100359622199,6.500289133333333,1.1545948333333333,0.2614566485087077,0.0026301542917887334
0.062964226,23.233533242622638,0.6824714948205668,7.209841533333333,0.9258354566666668,0.26124911010265345,0.006177186965942366
0.060261917,22.127050551184695,0.640600772394413,8.128985,0.8141303,0.2714305768410365,0.004172325134277333
0.07713115666666666,20.759383454488315,0.6241234380876286,7.895972333333333,0.9719431833333333,0.276851365963618,0.0044652620951334335
0.04374815266666666,22.373136887558093,0.6269665175297904,8.819218666666666,0.7851340533333332,0.3062675893306732,0.006810824076334601
0.058876877333333334,21.63594630869649,0.6120576684743516,7.965023133333333,0.8174795666666667,0.3797531723976135,0.004738569259643534
0.04435867366666666,23.16012391100622,0.6736087206339273,6.779577333333333,0.8409970833333333,0.28395187358061474,0.0011020501454671
0.04580777666666666,24.411200737132514,0.7099778249957435,6.0711951,1.0033401800000001,0.2650546928246816,0.0
0.070010333,22.766158681366605,0.6883241451846963,6.216147533333333,1.0666718666666666,0.28656066954135895,0.0056324005126952665
0.10907367666666667,21.474185574216687,0.6885670313210402,5.419946899999999,1.1895991566666666,0.2717794229586919,0.0033034483591715003
0.11129172566666667,22.693401887094407,0.7252856464749748,4.4151989333333335,1.1197507833333333,0.21340378622213996,0.003950198491414367
0.11934669066666666,21.93386218472068,0.6981287676578068,5.0723909,1.1994880333333333,0.27150317033131915,0.0008351802825927666
0.7969132166666668,22.339658997316736,0.5557299610479488,8.737463,1.0946100833333334,0.2142882794141769,0.003986914952596
0.3018059933333333,24.12097197015775,0.6845581290524869,4.7027646333333335,1.4439514833333333,0.15945175910989437,0.0
0.32848157333333333,22.439481694425876,0.6220540402279524,4.384341,1.2799873666666668,0.15200602759917575,0.0026897589365640997
0.2707630266666667,22.73689004175061,0.6491143759226525,4.390474733333334,1.1441805466666666,0.15485728283723194,0.002334833145141567
0.18801273866666665,23.975424054499374,0.6619518745476688,5.076025966666666,0.92527941,0.14682333047191296,0.004201173782348601
0.349932349,21.92021142522279,0.623658998918705,5.000140133333333,1.2693648333333334,0.15126968671878174,0.005040963490804
0.32347424,20.33423551744556,0.6039869791682274,5.426473666666666,1.3497169,0.17292314767837516,0.005352576573689732
0.2584615646666667,19.84290694270258,0.6040076571524962,7.4267389,0.8292673866666666,0.1918856849273045,0.0030490557352701665
0.28343134666666664,19.784771581766744,0.6184429463065647,7.006465766666666,1.3011691166666668,0.19731884201367692,0.0017766952514648002
0.105283202,21.435308714649285,0.6283759535745769,8.4560721,1.0139462000000001,0.20527833948532737,0.0008443991343180333
0.5184956866666667,17.66418138034852,0.5559686529037817,7.410200566666667,1.2722340466666666,0.20753200352191917,0.0
0.17525761666666664,20.211321642673784,0.6311270606699678,6.915033833333333,0.8646270333333334,0.20599980155626932,0.0045210520426432
0.12747761999999999,20.843533768767543,0.625687611105972,7.514067366666667,0.7253496133333334,0.2070777664581934,0.0016806920369466002
0.09808582633333333,22.70899225724409,0.6516401098490129,7.669760166666666,0.8584478666666667,0.20068635046482086,0.004037539164225233
0.10566650566666669,22.41700969679171,0.6393488546750474,8.122914666666667,0.7874786,0.21496663987636566,0.0040667057037353
0.12871456666666667,21.61757234070048,0.6471090810620176,8.168667166666667,0.8969545666666666,0.2178394794464111,0.0012633005777994667
0.12208869666666666,22.03050035782324,0.6300480444103795,8.314703,0.9389526666666667,0.20076213777065274,0.0042179425557454
0.16240844333333335,21.28983839208469,0.6209252435404539,8.405734666666666,1.0067571333333334,0.2410199592510859,0.0026533603668212665
0.06042874200000001,26.14022060979623,0.7003166297775992,7.4127128,0.9366811466666668,0.2089597384134928,0.0020623207092285
0.10927761000000001,26.106051876470733,0.7223075991065265,5.902813966666666,1.0382301333333332,0.18393923342227927,0.0059762001037597335
0.18962078999999998,23.23174169605173,0.644415914379541,7.472704966666666,1.2847781333333332,0.21334046125411987,0.0034200350443522004
0.16266838666666666,24.53105485143189,0.7035856665701203,6.4781384,1.3252964999999999,0.18775211771329245,0.0021696090698242
0.27091540333333336,21.771682429909532,0.6437535308221362,6.7463205,0.9498894333333334,0.16982663671175635,0.0021341641743977667
0.13894636333333332,24.880259085963758,0.6883192737064193,6.596591766666667,1.10539704,0.22333007554213202,0.004561503728230766
0.21309402333333335,20.65728405232716,0.5804215053484131,9.417872666666666,1.4301266000000001,0.27002357443173725,0.003825346628824833
0.12686592666666666,24.30695450117625,0.637193956138619,8.113998,0.7385962133333334,0.24345088005065915,0.004143397013346334
0.19289305833333334,22.75857934764693,0.6203641771955228,8.402614766666668,0.8107390833333333,0.20609613756338752,0.0
0.25287911,21.26803902714729,0.6003314198987096,7.735835166666668,0.89141875,0.24980911115805304,0.005090554555257133
0.11745879799999999,23.84028323255288,0.6432027136901958,8.034566566666667,0.5360131466666668,0.22266005973021186,0.0026981035868326665
0.27406126000000003,22.570608057576475,0.664668353201841,5.788780933333334,1.1374233333333332,0.21923917531967163,0.004150867462158167
0.13879601533333333,22.70440170540289,0.596056407793172,8.213958,1.1833963666666667,0.32212336858113605,0.0031122366587320663
0.2652928033333333,22.136935346592125,0.6665462377541668,5.3848662,1.5069413999999999,0.2691624909639358,0.0027666886647542
0.16144784133333331,25.27904619343631,0.7285133422100579,4.871837533333333,1.18928652,0.24994271993637085,0.0038566589355468334
0.48395816666666674,18.926009509834465,0.6129496584399,5.620216233333333,1.6237032333333332,0.270162895321846,0.007621288299560501
0.084895871,26.46938032474843,0.7217354484645324,5.964265466666667,0.9849190666666666,0.24834679812192917,0.0027434031168619664
0.18513513499999998,22.668644831354168,0.6851618399601617,5.618788666666667,1.1859199333333332,0.271014004945755,0.0014761288960774667
0.06848085066666666,24.73750793688771,0.6823816852044975,6.752905166666667,0.9812963899999999,0.254309023420016,0.0033778349558512334
0.05792534333333333,23.922824257091666,0.6669004211747332,6.982520133333334,0.7761066,0.23024048407872513,0.0
0.18529878000000002,20.594523471934924,0.6690486817499268,5.970311633333334,1.2392159999999999,0.23570650815963742,0.0037210782368977333
0.10151413,25.813127991043597,0.7555032643768822,4.589837766666666,1.0543922466666666,0.21956416716178254,0.0
0.11105178666666667,17.668039403765913,0.5057613998846674,27.576789333333334,0.6512162266666667,0.25009582440058387,0.0005889733632405334
0.158689685,23.08718890873887,0.5622257723499448,12.269841,1.1391417333333334,0.23800168931484222,0.0020553270975748666
0.35831456,23.87388607363467,0.6523369152186328,6.7630696666666665,2.0881399333333337,0.19363196939229962,0.0034074783325195
0.287268358,24.342323584506023,0.6274231758806682,8.283438833333333,1.6529003333333332,0.21025614937146506,0.0006690025329589667
0.4182964333333334,22.574414416078486,0.6118180970721349,7.472564166666667,1.5640740666666666,0.2054755464196205,0.0013277530670166
0.24073556333333332,22.164853422475307,0.5216921861148484,12.158322333333333,0.7698622500000001,0.330423429608345,0.005865653355916299
0.132351232,26.071232317929173,0.6575565801164545,7.990975766666666,0.8595968833333334,0.2148453493913014,0.0
0.34522259000000005,24.448946755659666,0.6403172802763705,6.719976,0.8799929566666668,0.21134364604949943,0.0028020540873209335
0.28265375333333337,22.37037132854591,0.6225651837075562,7.155449999999999,1.5489665666666668,0.2004332294066747,0.0005830923716227001
0.245885469,23.924396709462112,0.6426654486648467,7.177213366666667,1.2374001466666666,0.20804747442404425,0.0021673043568929
0.15974450866666667,24.333115983792197,0.6250713474487409,8.607816333333332,0.8049510566666666,0.18976388374964392,0.0040942033131917
0.2555156316666667,23.550389872380254,0.6126532334881177,8.007116,0.7358921433333333,0.23145680626233414,0.0027263164520263668
0.33334080499999996,20.916256366428225,0.5292584461405035,11.45217,0.73097361,0.29451856513818103,0.002041498819986967
0.20069624899999997,23.087479380304874,0.579582072079043,10.543236666666667,0.7470555133333333,0.257703294356664,0.0033245086669921333
0.30837155,23.715155640441065,0.6183964804521637,7.735935733333332,1.19435792,0.2339466561873754,0.0033841927846272666
0.18366507099999999,23.715111065301425,0.6085649643199048,9.486695,0.7661220466666667,0.22270830969015754,0.007823149363199833
0.35173448999999996,20.980055995022216,0.5882421509114332,8.485627666666666,0.7242754466666667,0.2156099577744801,0.0020839373270670333
0.3230712966666666,23.951128506405997,0.6493118737955664,7.119135033333333,0.7844364466666667,0.17967477440834043,0.006231864293416333
0.22753384833333334,25.10756824292895,0.6587145130775297,7.047836966666666,0.9408138899999999,0.185939888159434,0.006756544113159167
0.15514101366666666,24.709839360139487,0.6149260258801071,9.341278666666666,0.7778729466666666,0.23486014207204184,0.0035626888275146
0.15438610666666666,24.21267172467636,0.601015184331598,9.857318999999999,0.69971074,0.24693515896797177,0.008120695749918534
0.31933380800000005,23.855763156049722,0.6118384129303726,7.650758766666667,1.04577621,0.23992800215880075,0.0020070075988769336
0.10863474966666666,26.49849803008858,0.6408687287047798,8.850327,0.7610077833333332,0.23587407668431593,0.0017627080281575334
0.14387204,25.648620555717155,0.6309430214367359,8.329649000000002,0.8780886866666666,0.2552153592308362,0.0041399002075195
0.23109391833333334,23.91134007207705,0.5941886667837841,9.2763499,1.1840162333333333,0.29076031843821204,0.004753907521565699
0.26323864333333336,22.60470513956403,0.5643297141948962,10.102681000000002,1.2318267666666667,0.2951321502526601,0.003496646881103467
0.15208897866666668,23.868572311838054,0.5902361995738806,10.110602833333333,0.9343023766666666,0.29110291600227356,0.0014244715372721333
0.16646899333333334,23.757377677460074,0.5869684585998721,9.582731333333333,0.9631427333333332,0.29728737970193225,0.0
0.10668041366666665,23.68211857303082,0.5853755144649354,9.709857000000001,0.76553352,0.2628136128187179,0.0033743381500244
0.20924695666666668,22.07843493314873,0.5675591585714951,9.279164333333332,1.2912894799999999,0.31872191031773883,0.0046629905700683
0.22997146933333334,23.512868648609782,0.6151564504615514,7.5001115,1.08497932,0.2619136373202006,0.0
0.1848737566666667,23.25651745088918,0.6140403670627457,7.164743666666666,1.1567312,0.24989664057890573,0.0028545856475829996
0.26542877466666664,21.151930418601363,0.61448321067598,6.9829009,1.26061755,0.25961354374885554,0.0034068425496419003
0.14355354333333334,24.447527116223906,0.6906709087730344,5.911535266666667,1.1696603,0.20277824997901908,0.003070116043090767
0.06251556833333334,23.808205628742694,0.6300401574461622,8.431681,0.9201824866666666,0.2236945629119873,0.0019179185231526666
0.10032406766666667,21.463895531572177,0.643701796173337,8.356376,1.0782858333333334,0.16824236015478766,0.004801670710245734
0.10327209,18.525202146771402,0.5339108962918099,26.13104366666667,0.7390952666666667,0.2650837004184723,0.0013354619344075334
0.69910733,24.15863783600075,0.6515234627389523,4.9738555,1.23625632,0.16181289652983347,0.003210703531901
0.23917633666666668,25.012820607568216,0.6905323613395747,4.4861162000000006,1.2188764666666667,0.13270927717288336,0.0034212271372477
0.2669699033333333,22.65777539802075,0.6486702382340863,5.512237766666666,1.3420187,0.14635143429040906,0.0027112166086832663
0.12956752666666668,24.789201882574705,0.7143222762957407,6.360034333333334,1.1138871666666665,0.15494690587123233,0.0
0.24762320333333332,20.04383054561767,0.5946671451415579,7.6804638333333335,1.0784127666666667,0.15919314573208487,0.0026485919952392335
0.11726179133333332,21.303312719021996,0.6239472322225189,7.931851666666667,1.0599383633333332,0.1618783722321192,0.003961881001790333
0.11702325499999999,21.279422599870806,0.6127996151807188,8.384984566666667,0.8442495333333332,0.17845405638217923,0.0041854381561279
0.10128973866666667,21.882230999539036,0.6535847110572472,8.054497333333334,0.94391771,0.18758115669091543,0.0020953019460042
0.17761004466666666,20.661012375040283,0.6155185267334017,7.863621166666667,0.8813835133333333,0.16065815339485803,0.0079593658447265
0.079356945,21.643422216837905,0.6512336561482065,8.441375,0.8525965333333333,0.1777143875757853,0.0
0.159843824,19.451877523481958,0.627775426981635,8.620701666666667,1.10890015,0.18155497809251145,0.0032734870910643998
0.1627334,20.153655467036874,0.6323940613010084,8.926529,1.1168363666666667,0.1991528570652008,0.0
0.20110665500000002,18.374294205019055,0.608778465193265,9.41699,1.2015428666666665,0.19782686730225882,0.0046420892079671
0.15829739333333334,18.46127148174976,0.5958710860496672,9.268577333333333,1.1234952333333335,0.22028016050656637,0.005475759506225566
0.07992644333333333,20.995248430184564,0.6565119193251219,9.145052666666666,1.0976349433333334,0.19682190815607703,0.0
0.2057422706666667,18.614412821240958,0.5789769380220774,9.816411666666665,1.2051918666666668,0.2509014308452606,0.0028241475423177002
0.05956784066666667,21.681798537511046,0.6058959159485974,10.905608166666667,0.8969054866666667,0.21621819337209058,0.0027426878611246665
0.13642900666666666,19.342079155487138,0.6054948294231721,10.202037333333333,1.0791554166666666,0.21536995470523831,0.0037585894266764
0.13734725333333334,19.877797694161682,0.6170745827636949,9.553668666666667,1.0949300999999998,0.1937004476785659,0.0022263526916503668
0.09121772333333333,20.447042461029564,0.5950725800225479,10.513684666666668,0.9486730033333334,0.23116622368494666,0.0020420551300048668
0.10753418,20.183548203955933,0.6061435509595463,9.701277333333334,1.00117385,0.2164911180734634,0.0018001397450764667
0.13106056333333335,20.64923806888267,0.6227147815524151,8.846093000000002,1.0258225666666665,0.20667613049348196,0.004811684290568
0.115080479,20.21078528656192,0.6091956126085604,9.023111333333333,1.0595213666666667,0.22670897344748178,0.0015807946523030334
0.12938888466666668,20.13065811861858,0.6358456899614736,8.313128666666666,1.2721068333333332,0.22321203847726181,0.0017209053039550666
0.1243787933333333,19.842885661287905,0.6003732032795879,8.591828,0.90705537,0.20476518571376798,0.006085316340128567
0.11912753333333333,20.58136281045974,0.6116354815726502,8.399481533333335,0.9128129,0.22677311301231384,0.002435604731241833
0.22319756000000002,19.184487983730037,0.6119028823805476,6.932421533333333,1.2792228333333333,0.210059513648351,0.0006689230600992667
0.11009503333333331,21.775832430026906,0.6579444980043297,7.052858166666667,1.0157195666666665,0.1955720782279968,0.004509369532267201
0.0769474,23.163595435444435,0.6820028140613812,7.255154433333334,0.99750271,0.1889272381862004,0.0034348169962565
0.12806164833333333,21.810614834302253,0.6585009811568171,6.7758959333333335,1.0894674566666664,0.21807011961936948,0.005365769068400032
0.11188760766666667,22.222926851450566,0.7005284069514884,6.1747071,1.2335401000000001,0.19874389221270874,0.0016125837961832668
0.087145804,22.372969574388964,0.693154599972099,6.4370042,1.0662776999999999,0.19659511248270667,0.004468599955240834
0.16378745433333333,22.052142633091666,0.6685594031976313,5.781876433333333,1.1518484533333333,0.17951195687055588,0.0034314791361490667
0.083151482,18.238478503072866,0.502891490310022,27.762527000000002,0.8435188966666667,0.2904888689517975,0.006488243738810167
0.139265848,20.674484611747094,0.5438971753458589,15.597638666666667,1.258310866666667,0.2978211045265197,0.004816691080729133
0.11855172766666666,24.62681843607278,0.596510618093898,10.450062,1.1902641333333335,0.19680718580881748,0.0
0.166225911,22.892979934113043,0.597709017253507,10.177028666666667,1.0780161433333335,0.1934866507848104,0.0013825893402099334
0.15372662266666667,24.06786370526784,0.6245622404751463,9.408104000000002,1.0076221233333331,0.19280909995237985,0.0046569506327311
0.11454049666666667,22.86508694585679,0.611647018444719,10.376535666666667,1.1199701,0.1848833287755648,0.008586565653483
0.157912305,24.17934121184227,0.6506051795966411,8.764060666666667,1.0454778,0.1811800549427668,0.0034155050913492664
0.43519810666666664,21.476005870519515,0.6064227945991253,7.465312999999999,1.5262936,0.23488190770149228,0.0045080184936522995
0.14827407833333334,25.486363020289463,0.7242291733782884,5.8746829,1.3202813333333332,0.19183742751677826,0.0018371740976969335
0.279140732,22.241621100477982,0.6422300654061628,6.269315633333332,1.2616642333333334,0.23370821277300516,0.004834016164143833
0.09358701866666667,23.897645997855417,0.6831017786293172,6.728084666666667,0.8649780133333334,0.22991274297237396,0.0017937024434407332
0.13316214266666668,21.479494900149962,0.6587091055390276,6.7838401,0.8173792333333334,0.21010369062423703,0.004117568333943666
0.23160372333333334,18.883290284763703,0.5908809902465518,7.450277966666667,1.0892714333333335,0.23240190744400022,0.0008874734242756999
0.20251084933333333,21.429825962713977,0.6374036822751096,7.1634036666666665,0.9377612066666666,0.21919595201810196,0.004125912984212233
0.06524321766666667,24.73412065416775,0.6915388780693319,7.225554666666667,0.90807788,0.19262222448984778,0.0
0.08239264666666667,23.70272402565641,0.6800094217561616,7.374022233333332,0.8288576333333332,0.21184893945852912,0.0
0.07675313,25.01126551034733,0.6895215131309365,7.471513333333333,0.86102895,0.1901010200381279,0.0
0.07181384,24.721680816280767,0.6680755407942792,8.1155016,0.8373733099999999,0.2080237120389938,0.0024456977844238
0.11261831466666668,23.03772686740453,0.6531659292728625,8.060170999999999,0.92362199,0.21024758368730537,0.002091646194458
0.17945597533333332,22.989691222559046,0.6472775070850666,7.577517733333333,0.9676745666666667,0.20071790119012192,0.008342027664184534
0.18759602266666667,22.996949650069464,0.6476832147753532,7.658931666666667,0.9091574666666666,0.20148010800282157,0.002853473027547167
0.20436995500000002,22.44990224052351,0.6477841115324151,7.656092166666667,1.0537837533333334,0.18471775452295935,0.003778298695882134
0.1481321,22.357128695781626,0.6302542671598333,8.521139533333335,0.88918695,0.19528710842132568,0.0015206336975097333
0.14784516566666667,22.71094242481801,0.6397580678347801,8.462314666666666,0.9619709466666667,0.18591102461020148,0.0025850931803385333
0.20658750333333334,23.725204648123178,0.6681895262859642,6.7135964,1.0666109000000001,0.16570884486039475,0.0
0.25471992866666665,21.64830515731384,0.6329542003547441,7.1926162,1.1057956666666666,0.19822723170121506,0.004405101140340133
0.3498982533333333,20.46582847631306,0.5936197249335695,6.9767068,1.2149334833333334,0.2331317017475764,0.0012532869974772
0.19996852766666665,21.371997930069142,0.6019005168063228,8.4868039,0.9340959333333333,0.2229307542244593,0.0033905506134033
0.13793941333333334,22.242658149650495,0.6207270644096993,7.806912499999999,0.82214689,0.20060928662617997,0.004159927368164033
0.20656390333333333,23.17456973308541,0.6740742806845114,5.720388566666667,1.0564488333333333,0.1971089194218317,0.0053146680196126
0.22113180333333335,20.329300042319314,0.6530068776356487,6.434758433333333,1.3917866666666667,0.2182948291301727,0.0017050902048746667
0.12039218333333333,21.642764051565877,0.6188320219763472,7.4541482000000014,0.9163813800000001,0.21526498099168137,0.0035281181335448998
0.07700339933333333,21.892524356290096,0.625406287310012,7.818867866666667,1.0012327166666666,0.23437985281149543,0.0047774314880371
0.05570522566666666,23.211288571479418,0.668447962968371,6.730818299999999,0.9428009466666668,0.20967956384023026,0.006740887959798133
0.078688935,21.23917962709237,0.6597602406262025,6.710355866666666,1.1090578333333332,0.202336311340332,0.0003451506296793334
0.076079194,22.0398049649486,0.6541549416266954,6.649193599999999,0.9556769333333333,0.20038719475269318,0.004787127176920533
0.050027977,23.719761877178854,0.6910184821893934,6.136662333333334,0.9526883666666667,0.1814203063646952,0.0027337869008382
0.37909207100000003,23.152447704055433,0.5991970278719886,9.209348666666665,1.2165806000000001,0.1773917774359385,0.0021530787150065
0.4310564766666667,23.23964227298207,0.6516385708113924,5.123590166666667,1.1305944666666667,0.18041981756687156,0.0012542406717936
0.159854592,24.342077963552786,0.6651875350278477,7.030761900000001,1.1160108166666667,0.17131458222866058,0.005316336949666301
0.13016268566666667,25.004515787364223,0.6433468996910764,8.196865666666667,0.9558040000000001,0.18994690974553421,0.004691680272420233
0.32213280333333333,23.39430800434745,0.6347525485992769,7.3918982,0.9657270333333332,0.17738053450981772,0.0054636001586914
0.3551975133333333,20.389101693711897,0.584405134708147,7.591804600000001,1.2178393866666666,0.21782341599464417,0.0
0.16442795833333332,25.358556814427526,0.6934742262707783,6.971754733333333,1.2077471333333332,0.18005875746409097,0.0008264382680256999
0.15697357999999997,23.45346259804001,0.6529362430546564,8.0051164,1.0340747533333332,0.20384125908215836,0.0021845499674479
0.17117348666666665,19.255923936837405,0.5864964062826564,8.708793666666667,0.5476449933333333,0.23210086425145462,0.0016834735870361
0.10541440666666664,20.59402585793182,0.6053376460763847,8.745600666666666,0.6220298566666667,0.24139103293418876,0.0023844242095947
0.10331026666666666,21.260514643441542,0.6375443366482458,8.476384166666667,0.8878260466666666,0.22172265748182932,0.005427916844685867
0.08757993999999998,21.883696047564047,0.6183434048348802,9.0583935,0.7765424766666666,0.24458869298299155,0.0054258505503336
0.10534533866666668,21.419628114064068,0.6267036331418295,8.241560533333335,0.6666211066666666,0.22743310034275052,0.0027326742808024
0.08260705333333333,22.917880554409738,0.6524979149740765,8.376277666666667,0.8961869766666667,0.21546544631322226,0.0011771519978841
0.16606479999999998,20.709197381586552,0.5945101379180726,9.188291,0.8969236,0.23376830418904623,0.003007014592488566
0.10500122333333332,23.459873542500787,0.6328445045261288,8.883482666666668,0.8606969699999999,0.26826938986778254,0.0021930535634358665
0.13272958833333334,21.878391237216956,0.6511058362949959,8.378896466666667,1.04588352,0.2027109662691752,0.0
0.15529446933333332,21.710146873535763,0.5935941690771503,9.774695666666666,1.0208589333333333,0.24831842879454294,0.0045071442921956
0.10839579166666669,22.503421684617905,0.6044952066201686,10.743307,0.7200408433333333,0.22950947781403855,0.0019345283508300666
0.15050145,21.821820622934,0.6072925550016927,9.443823,0.8805635833333335,0.22127860287825266,0.005881388982137001
0.12460099666666667,23.114665490695216,0.62631416814385,9.517462,1.0117644666666668,0.21060500542322794,0.005015532175699834
0.20640444333333333,22.176061721084846,0.5947854314438791,10.011626666666666,0.9174576600000001,0.21365134914716086,0.0064791043599446325
0.18858614333333334,23.31510321113335,0.6343088618613187,8.2705752,1.0936404333333334,0.2198991427818934,0.003131389617919867
0.17585446933333335,24.896593623274185,0.6549471777067754,8.032294666666667,1.1591688133333333,0.2017457683881124,0.004006862640380833
0.18089752666666667,24.126053048825938,0.6433408063298335,7.670037766666667,0.9886597300000002,0.22833669185638428,0.004955291748046867
0.2941485623333333,23.700442607893475,0.6233645107631252,8.260823666666667,1.2123649466666666,0.2367568910121917,0.0011065006256103333
0.08950113,23.45533967334086,0.5795542301051826,10.279552,0.8673354666666667,0.287392795085907,0.0017031828562418334
0.14924737200000002,23.05675525607946,0.6068153936159278,8.870527466666667,1.1659288333333333,0.29615965982278186,0.0021170775095621665
0.42937095333333336,21.669413067950824,0.611991270172036,6.699656,1.6581722999999997,0.2800973057746887,0.0
0.21779524866666666,22.25998257366403,0.5745958495833312,9.03593,1.2470147833333332,0.3118825952212016,0.0
0.17942381,22.98527189120601,0.6528990662107762,6.419620966666667,1.3816029,0.2618567744890848,0.0024569034576416003
0.17180743233333332,24.113379142831473,0.6532977684487538,7.183280166666666,1.0614046666666666,0.22135858237743375,0.0031116008758544666
0.2841826566666667,22.238949267394528,0.6162427040025162,6.293813566666667,0.9947006333333334,0.17098617553710935,0.0015144348144531
0.13663958666666667,23.584219586173674,0.6591217483053289,6.265215666666667,1.1387486666666666,0.1771222278475761,0.0014141400655110666
0.27964896,21.18415817980136,0.618201367164544,6.468187866666667,1.4321856000000002,0.2308886796236038,0.0058517456054687335
0.11890917433333333,23.32302706356946,0.6672650205717825,6.764989666666668,1.1159140166666666,0.18248381962378815,0.0034146308898925664
0.20457797666666666,20.648804783719886,0.6336810153918838,7.0135696,1.2721094,0.178614874680837,0.006033102671305299
0.05590803,24.848052747920093,0.6738692721197125,7.901596899999999,0.79526545,0.20577181379000345,0.0025880336761474336
0.09331511199999999,23.39170261159514,0.6786424597520312,6.9974017,1.1227013,0.19152107834815976,0.0
0.10726323666666666,22.629819983979687,0.6762099816727204,6.8220901,1.0089821666666665,0.17999336123466483,0.0034122467041015334
0.33986638366666666,20.18545011873014,0.6456897502764383,6.258830866666667,1.5182488866666668,0.18612997233867637,0.0021703243255615
0.25508781333333336,19.75646658134087,0.6290281236964407,6.4294956,1.4930424666666664,0.2221535990635554,0.0008675257364908666
0.17422336466666666,21.178444028719365,0.6590935473533771,6.755993133333333,1.3458716666666666,0.21760652959346763,0.0010484854380289667
0.18090184499999998,21.6601853141773,0.6611753159638621,6.2303256666666655,1.1959902666666666,0.20889490346113834,0.0005825360616048
0.2481359466666667,20.88217040221401,0.6498604527662875,6.7114526,1.4614224666666666,0.2188273494442304,0.0027065277099608998
0.16308198666666665,21.772507684789787,0.6329233401634585,7.595858833333334,1.1223372833333334,0.24061087767283115,0.0029077529907226333
0.15601703333333333,23.548714529249736,0.6888535698080712,6.080275966666666,1.2495455433333331,0.18910117447376248,0.0016438961029052667
0.18421498133333333,22.406548727548355,0.6575656159536037,6.985421566666666,1.121342,0.2066077639659246,0.0025017261505126663
0.154233825,22.8332705971314,0.6636852522388842,6.712114666666667,0.95860272,0.20903576910495758,0.0034650166829427002
0.158361885,25.227012406468532,0.7526040519420691,5.0434536,1.4968051666666666,0.1935452098647753,0.003922700881958
0.23261496,23.503932006091986,0.7045290153051896,5.403225033333334,1.4647778666666669,0.20894129077593485,0.0030421415964762
0.22823603133333328,24.44577706610255,0.6854115874277241,5.695339333333334,1.0485000999999998,0.219396727780501,0.0016226768493652333
0.14461866333333334,26.11805141453614,0.7338759878278603,5.1676765,1.0154656466666665,0.20971675217151642,0.0022038618723551335
0.24597523333333335,23.066784991222306,0.6671928911225615,5.6933063,1.06145135,0.2241558035214742,0.005228996276855466
0.22151794333333333,24.158709627362338,0.6796047935323117,5.973613766666666,1.0263289333333334,0.23714440067609147,0.0026454130808512
0.298353185,20.9459901883663,0.6011857040461751,8.0278565,0.9563279166666666,0.2302697797616323,0.0
0.2178730933333333,22.49705200839027,0.6649299609395923,6.9884688666666674,1.2037236333333334,0.1806147123376528,0.0024633407592773333
0.22769410333333337,20.287336357880374,0.585641318093271,8.380874666666665,0.97482318,0.22323710719744363,0.004647413889567033
0.14940437666666664,21.542558936690977,0.6154121748429255,8.307906466666667,1.0798204166666665,0.23216142257054642,0.0021799405415852667
0.278322115,18.423148430093324,0.5781063308058836,7.786567333333333,1.3394747999999999,0.27202023565769196,0.005493958791096967
0.11249337799999999,21.157384270373786,0.5838716775816791,8.371230033333333,0.8755431766666667,0.2273894598086675,0.0033605098724364996
0.09725598333333334,21.994654234690984,0.6505027123001198,7.495827233333333,0.7612965633333334,0.19901343186696366,0.0013420581817626667
0.375783333,21.34436605745883,0.6345946657726037,6.242243566666667,1.4790943666666667,0.22329628964265189,0.0023639202117919666
0.31281009666666665,17.67378269365787,0.6100236237632903,6.619047999999999,1.8218851666666669,0.27628221611181897,0.002235730489095033
0.201522992,20.48534360502857,0.5892977590633438,7.292570766666667,1.0953171166666666,0.2625703116257985,0.0015998681386311666
0.12465603800000001,22.80595769650563,0.5493330071070378,12.913927666666666,1.0753551333333333,0.2769947399695714,0.0082821051279703
0.4372528633333334,23.767992945083126,0.550677902832594,3.9804281333333336,1.2473250666666666,0.10469226539134974,0.0
0.48625484333333335,21.761158693755686,0.392376173680685,3.994467666666667,1.10170491,0.09899363915125524,0.0006707509358723666
0.3272523866666666,20.282325975049588,0.3531899954895876,5.1101920000000005,0.952159,0.13332918534676227,0.0025184949239095
0.46779248,16.538625049205685,0.3242635223143741,6.853050666666667,0.9313731666666666,0.1653543760379155,0.0028411547342936
0.44007957333333336,15.793770454982573,0.35158454914896026,7.7767688,0.9424217666666665,0.1757149944702784,0.0017092227935790669
0.39456106333333335,16.80092295737953,0.3810312432823597,8.324428,0.8196942666666667,0.1710430334011713,0.006557464599609333
0.25919977833333335,17.84282986549925,0.4155624959267519,7.8455135,0.8774037166666666,0.1513037929932276,0.0025542577107747332
0.1978553866666667,18.55691369559915,0.45351000572109584,7.545094833333334,1.0185513000000002,0.15720892449220017,0.0021706422170002667
0.33773157666666664,16.6458401849302,0.3997875465963467,7.517502,0.93363725,0.1966741929451624,0.005446990331013968
0.31755126666666667,17.39542852432664,0.44731290068062934,7.021338366666668,1.0892739666666669,0.19307950884103772,0.004668792088826467
0.16657482,18.89009603019219,0.5059481891725358,7.184431433333334,0.9598802333333333,0.18140509724617002,0.004484335581461533
0.23579794,17.454278618047766,0.4973367683618553,6.9059588000000005,1.10427422,0.19465182224909464,0.002010504404703767
0.2571936666666667,17.276641799918874,0.5154521117821196,7.047650866666667,1.0063682466666666,0.18291585644086203,0.005145231882731066
0.1881342,17.905450996163903,0.5099363949521959,8.103394666666667,0.9066611,0.23476345837116241,0.0022610823313395
0.14990429333333333,18.904156013185922,0.5711917968576724,7.925251666666667,1.0992309999999998,0.22826806207497916,0.007682720820108999
0.14485303000000002,19.035457473786774,0.605819767130139,7.4244658,1.1847724333333334,0.22279639542102805,0.003868977228800433
0.177169641,18.31672657607243,0.5598791332195824,8.523722333333334,1.0413724333333334,0.23749072353045145,0.0
0.11263790333333334,19.472066426566208,0.5691690472083718,8.376638566666665,0.7767158966666666,0.2455950925747553,0.0012242794036865
0.13217616333333335,18.60000281109563,0.5579750189263949,8.795209666666667,0.8400728333333333,0.25619083642959595,0.0018543402353922332
0.085761319,21.016006497783284,0.6165783529918318,7.941449633333334,0.94619218,0.23426343500614163,0.007804393768310499
0.129624765,18.643303996667274,0.5573333658107212,8.760208,0.6874661033333332,0.2715337971846263,0.0
0.10066559933333334,19.885294383146945,0.5910663115381573,7.852751566666666,0.78251605,0.2574457873900731,0.0033428668975829996
0.09258993533333333,21.847460094386395,0.6451970575747848,6.7830623333333335,1.0279700166666668,0.25441234310468036,0.0046803951263427335
0.11804470466666667,20.052447449797175,0.5776574352694445,7.429918466666667,0.8742046466666666,0.3538223107655843,0.0047054290771484
0.10194948599999999,20.823781791673657,0.629037982828223,6.820525933333333,0.8400967100000001,0.25778901080290473,0.0046381950378417665
0.07712810633333333,21.61606712095129,0.6244765939441423,7.062463666666666,0.8629806433333332,0.3237393945455551,0.0020577112833658666
0.10107882,20.443018200146692,0.6345042739284327,6.698815333333333,0.8929798133333332,0.284181515375773,0.002696275711059567
0.075697447,22.087815452294336,0.6461465359771531,6.6777147,1.0827936666666667,0.30243839820226026,0.0032824675242105997
0.11577369133333333,19.703948372748687,0.591292164716836,7.402456099999999,0.8503070866666667,0.3120578825473785,0.004062016805013
0.10522203499999999,19.534167844431234,0.6016077914659318,7.931174333333334,0.7640787433333333,0.2978014796972275,0.0022692680358886667
0.061552098666666666,21.833996146996654,0.6233309067429104,8.266828833333333,0.8730972333333332,0.2951592206954956,0.0045848687489827
0.060117444666666665,21.42610329348018,0.6181142648686546,8.385619833333331,0.845703,0.28635170062383014,0.0015524228413899336
0.059248883333333335,21.73087324490125,0.6158244845683695,8.791744333333334,0.7492834866666667,0.29015599687894184,0.007489999135335267
0.07652790333333333,20.571729140313305,0.6144447019823485,7.988893433333334,0.7530300766666667,0.25596174597740173,0.0016535917917887331
0.09056656133333334,20.40678887907829,0.6081965421571374,7.5115861666666675,0.8277385333333332,0.28048842151959735,0.0
0.09286099133333332,20.584409446195675,0.6169529190883853,6.665999666666667,0.8559060666666666,0.2886180579662323,0.003482977549235
0.15301786866666667,20.1287900425019,0.6272605522435976,5.9831551,1.1798623633333334,0.2881574829419454,0.0
0.13400925,16.728246967046843,0.5080456135996053,26.530992,0.6577650933333333,0.24784519275029496,0.0013432502746581999
0.8119283933333333,26.207484299841894,0.6451960965109005,2.8552954666666666,1.6467288,0.1065648148457209,0.0021672248840332
1.3414796866666665,17.45212732352294,0.246397215723169,3.5959066000000006,1.1255603666666667,0.08697039509812987,0.0012170473734537666
0.9133763766666666,18.604849694884454,0.3035275602011665,4.090663033333333,1.19376759,0.09242409219344455,0.0
0.6641715899999999,19.500662870645755,0.3469453276976006,4.209373200000001,1.2939453333333333,0.09178420404593145,0.0042154788970947
0.57012915,19.031638440338018,0.3226851063125567,4.598172,1.1778214133333333,0.09852974613507583,0.002516905466715467
0.5291752633333333,19.134232983358256,0.3495609017106602,5.577936666666666,1.0498367666666668,0.12708614021539683,0.0006118615468343
0.27778279666666666,20.616734090321913,0.489757652506109,5.959835899999999,1.0601621,0.09824184328317637,0.005105574925740534
0.3333481266666667,17.94487780239717,0.38086169198509445,6.596524266666666,0.8509634833333332,0.14624151587486267,0.0013094743092854667
0.3261804933333333,18.212696266090752,0.4214341925731388,6.807661166666667,1.0505401666666667,0.17574057479699448,0.0
0.12150949666666666,20.48845374362455,0.546109481888387,7.087102533333334,0.8461399000000002,0.16819989681243894,0.004744768142700134
0.11260502833333334,19.91950774305433,0.5305212489417929,7.268633133333334,0.6589349000000001,0.15732335547606147,0.0059088865915934005
0.10038238333333334,20.252516875615466,0.5502447360234733,7.726703999999999,0.8679585133333333,0.2125482062498728,0.004591147104899033
0.13429933333333333,18.519442459505502,0.5305433616670436,7.775812866666667,1.0133832,0.2514202743768692,0.002093235651652
0.11063924333333332,20.143405494438724,0.5481096872016687,7.5809752,0.6629684566666666,0.265010026594003,0.0
0.08503867166666668,20.086227720002586,0.572972038517217,7.148096166666666,0.7077200666666666,0.23128127555052436,0.0025522708892822
0.06747459433333335,21.452273746294235,0.6387266844388947,6.4904307,0.8282321,0.20767435928185776,0.005531231562296501
0.11156596333333334,19.65476787689654,0.6095232531180929,6.9303647999999995,0.8616296999999999,0.2404149373372396,0.0032273133595784004
0.12741522333333333,19.863921893844402,0.6104786977852078,6.791082,0.80885715,0.22607648869355515,0.006957372029622366
0.10106002166666667,21.177000643650292,0.6295308085338425,6.664659166666667,0.8630877166666666,0.2610863943894704,0.004935344060262001
0.133652529,20.82871030763249,0.6412078693068773,6.6905545,0.8638086766666667,0.2141625881195068,0.0012079079945882
0.10451647800000001,20.481351959737776,0.624435251978018,7.349483233333333,0.6821748666666666,0.2628813187281291,0.0028090476989746003
0.09905651900000001,21.560902929655935,0.6509163868391107,7.203933866666667,0.8445986866666666,0.2343250960111618,0.0
0.084622696,21.642941733234135,0.6140034916953966,7.729501666666668,0.6193368666666667,0.3140609959761302,0.0015253225962320665
0.14722332,19.6863135392499,0.5837651124793976,7.832528466666667,0.6094670333333333,0.33795777956644696,0.004634221394856733
0.16629774933333333,19.658826577069686,0.5857816873394511,7.550544866666667,0.6965635166666667,0.35085644324620563,0.0
0.10011076033333333,21.522435539620208,0.6551485706458868,6.668841833333334,0.6297239133333333,0.3280862967173258,0.0033903121948242
0.14982030999999998,20.543058712833297,0.6434756567055973,6.012791533333334,0.84828578,0.3244277487198512,0.0035026868184407332
0.11190819533333334,21.604273153487526,0.628886592018394,5.904599133333334,0.8381118866666667,0.33204259475072223,0.0051488081614176
0.1556570846666667,20.259184486978505,0.6417112264316048,6.223997966666666,0.46056899,0.3597947706778844,0.0019155343373616334
0.16464382600000002,20.488274571646613,0.6451357489656057,5.7820158,0.6520120333333334,0.3133594940106074,0.0033142566680908
0.11326942333333334,21.407278903732692,0.6314117131941462,6.270130333333334,0.7610821799999999,0.3461020290851593,0.0012232462565104
0.06230323000000001,23.022843490939938,0.6609610774127469,6.4749789,0.7947364333333332,0.31757280727227527,0.003237247467041
0.08949751666666667,21.550073784852497,0.6528722649901794,6.000903433333334,0.9655134999999998,0.2698668191830316,0.0
0.09442783833333333,21.000353181522872,0.6189016528124354,6.463439233333333,0.6402943233333334,0.3025924215714137,0.0057164827982584335
0.07648032033333334,21.019764347615418,0.6430471248328558,6.339775133333333,0.6374793333333334,0.2616170843442281,0.0
0.14002813533333333,17.01090369937627,0.4926012426711435,25.786075333333333,1.0570566,0.29717162748177844,0.0034468173980712665
0.5348262886666666,24.152376108577656,0.5870468950763233,8.704140333333333,1.2624112,0.18715389817953107,0.004821856816609667
0.2629962983333334,25.779385537430063,0.6688254186147171,6.268735566666667,1.2899805533333333,0.16442636648813877,0.007663965225219667
0.1502480283333333,24.971584956110082,0.6369720121964334,7.543839666666667,1.2667538,0.19535775482654572,0.003445625305175767
0.117725712,23.055757416663045,0.6253524132036161,9.007501666666668,1.13821255,0.17855060348908103,0.0027119318644205667
0.075108983,24.52029050500239,0.6417866695300687,9.107856166666666,1.1161807,0.1894805058836937,0.0048338572184244335
0.08795276566666667,23.85329729040323,0.6345488758442027,9.504861,1.0204493666666665,0.17761657635370887,0.0
0.215516322,21.738847318518847,0.5968410454961682,10.363906333333333,1.1431137,0.22533896068731937,0.005811532338460267
0.21785214500000002,20.02465690616962,0.6092300681243722,9.032893,1.4143764,0.22399652004241943,0.0017522176106770666
0.161732065,21.361668601297016,0.6007976986710898,9.305483333333333,1.2018091499999999,0.24987512826919547,0.0027991930643717334
0.20429991766666666,21.64032336554506,0.6051362271473534,10.110947,0.8018712566666667,0.2027758161226908,0.0022954940795898333
0.066362151,24.093098727828536,0.6021464355642318,10.889540666666667,0.70223639,0.2233648200829824,0.0
0.291775318,23.344806587881788,0.6438535497696263,7.227864100000001,1.3709805833333333,0.19568535437186554,0.006426175435384066
0.21361132333333333,23.88847219263037,0.6547684482502646,6.885214166666667,1.1912469866666666,0.2402656376361847,0.0
0.2664203033333333,24.174740988695607,0.6726236757089618,6.032900233333334,1.1227654833333334,0.21728449066480002,0.0027089913686116334
0.21502098999999997,23.979554217174854,0.619318074626572,7.695796433333334,1.1296362666666668,0.2903526723384857,0.0006752808888753
0.147843542,22.89062026293766,0.5827650217313133,10.104255333333333,1.0163689500000002,0.28919733067353565,0.0007327397664388001
0.19691650533333335,21.8906135913674,0.5905082334671371,9.844659333333333,0.7685473766666666,0.2109396855036417,0.0059955914815266334
0.064179633,25.0322725216856,0.5880452273935048,10.727027333333334,1.0834088233333332,0.24379268785317731,0.0025494098663329666
0.07386404266666667,24.68076271300011,0.5998025465294201,10.696251333333334,0.9777707933333333,0.2389031698306401,0.0025556087493896333
0.18085309333333335,23.03692666458528,0.6010115744013097,9.011023,1.0426947333333334,0.2553371886412303,0.0019974708557128668
0.40478292,21.070527622114106,0.6210660454466171,7.062159433333332,1.1403722,0.21106273929278052,0.006790955861409434
0.22976832166666664,24.985302101636265,0.6618611861256349,6.279683266666667,1.4413923000000002,0.26981214185555774,0.0022118091583251667
0.20185254,25.74614449546695,0.6951073702623556,5.647461166666666,1.2538866666666666,0.23174621164798734,0.0048279762268066
0.10972939100000001,26.462980161034153,0.6750064664966362,7.030258333333333,0.8121921900000001,0.2480171422163645,0.0008570353190104
0.38287642566666663,21.696689636054426,0.6093313378834376,6.790120333333333,1.2556153099999998,0.27245346208413435,0.0012539227803548
0.17144611433333334,23.468800411432067,0.6401894317913933,7.650069566666666,1.067022,0.26319243510564166,0.0018170674641927
0.24850265000000002,21.326991204944587,0.6422236337468153,7.136169,1.0392573799999998,0.26522576808929443,0.0012995402018229
0.18963006666666668,23.489276758022353,0.6480237298086728,7.1134199,0.9858278100000001,0.2717796713113785,0.005630970001220634
0.32592720000000003,18.312215098725094,0.5810360457681113,7.781794333333333,1.3055324666666666,0.29664241770903266,0.0072327454884846334
0.17540741666666668,21.052027975448265,0.5885034427195094,8.702631333333334,1.1937132133333332,0.2737409720818202,0.0
0.08062936266666666,23.73295671622694,0.6218223400570084,8.402791666666667,1.0329647333333334,0.24292250474294028,0.005883375803629533
0.09641968566666666,22.189666455505364,0.6169608666678382,8.339896233333333,1.1717747,0.25746623675028485,0.0052268505096435
0.11679515133333333,23.720096200589623,0.6801145335347242,6.812350800000001,1.22772579,0.21493664383888236,0.0034741560618082334
0.13348186499999998,26.73796053206861,0.628994612568392,8.979011999999999,1.0467861333333335,0.213028555115064,0.006280581156412733
0.16463307800000002,25.457833260993286,0.6624891554894029,7.7250662000000005,1.0339012133333334,0.17686173816521955,0.0031934579213459997
0.23527007666666666,24.28952964151946,0.6585587104613035,6.9443182666666665,1.0946139333333333,0.17455050845940903,0.005777915318806934
0.332127042,22.265704559286917,0.6194012875191973,7.357405433333334,1.1151446833333334,0.18581179281075788,0.0052796204884846655
0.18078888999999998,20.289674321688306,0.5842831280688824,9.063555,1.0226830433333334,0.2102827777465184,0.004208167394002233
0.12167403666666667,21.643236140229558,0.6182155238549945,8.992304333333333,0.9247118666666667,0.192032128572464,0.0
0.12469156166666667,20.591589558750794,0.5936638954176939,9.364051333333334,0.8238002066666666,0.19012063741683957,0.0019800662994384666
0.1390890466666667,20.034285117688494,0.6035657061486263,9.578481000000002,0.9998164666666667,0.20645433167616525,0.0013386408487955665
0.084425085,21.588033837913056,0.640050013492206,9.196378333333334,0.9828894466666666,0.19328056275844566,0.005508422851562466
0.11954330166666666,20.562281041910207,0.6216332570793722,8.6943925,0.7642542766666667,0.1990922043720881,0.0009028116861979
0.11744282733333333,20.11139228859942,0.6375142372699327,8.925378666666667,1.1064846866666667,0.19344533979892728,0.003698507944742833
0.07495993533333334,21.92156986999312,0.6548619685306879,9.394915666666668,0.8882128333333333,0.1914404481649398,0.0032670497894287
0.10457281333333335,20.796801573912532,0.6146369477750934,9.158728333333334,0.91192639,0.19649084905783334,0.003843228022257467
0.12362419166666667,18.825486474401135,0.6075828379827227,10.204470333333335,1.1171799333333332,0.22241574525833127,0.0026713212331136
0.05465887466666667,21.511282537302037,0.6286018252901489,11.216867333333333,0.8390999233333334,0.24885925153891242,0.004037380218505833
0.10203288466666666,20.61611615327024,0.6173213315771391,9.593546333333334,1.0115355,0.23294307788213095,0.005327781041463166
0.05523287566666666,22.56360467902549,0.652912033363758,8.891604333333333,0.9592301633333333,0.20427218079566956,0.0026228427886962336
0.06361935333333334,22.121939392544636,0.6495212862869898,9.281111666666666,0.9514353166666667,0.20386742055416104,0.0
0.08109769666666668,21.187614744890997,0.6128223760129711,9.594351666666668,0.98952585,0.24276831249396005,0.003118038177490233
0.049916811,22.79778931027757,0.6563066482121083,9.614108333333332,0.8821213433333334,0.21409711241722104,0.0018130143483479667
0.08852885466666667,20.948635020683472,0.622261908599164,10.205279500000001,0.9547712333333335,0.21459351480007172,0.004111528396606433
0.08015333200000001,21.21755822318478,0.6152546965507364,9.980391000000001,0.8664874899999999,0.23579906920591984,0.004081249237060499
0.07423119633333335,21.441839305951337,0.6206676942235914,9.902486666666666,0.9742025166666667,0.2246989011764526,0.0036564668019612337
0.07415351366666667,21.157999609963113,0.5884351409754259,10.240336666666666,0.7643656966666666,0.25777892271677655,0.0035462379455566333
0.07996815033333333,21.50236573342171,0.6032124205497889,10.146137000000001,0.8885480866666667,0.2550731996695201,0.003976662953694633
0.07100851333333334,22.575336548472308,0.6487850742547682,8.733553166666669,0.9944144166666665,0.21764926115671793,0.0061868031819661
0.09809532666666666,21.66685186353639,0.619037672304,8.6877795,0.9692997,0.23424984018007908,0.0020054976145426335
0.11521172333333334,21.65289003402965,0.678063934487167,7.2524844,1.2916020000000001,0.2000796397527059,0.0026980241139729667
0.1886684633333333,20.229383320548305,0.6285703410698781,6.934143333333334,1.2381127,0.219273418188095,0.003449598948160767
0.150515062,21.576164193246743,0.6493192486691144,6.336689866666667,1.1810037,0.19891367355982456,0.0013381640116373666
0.16974736666666668,21.446351311125408,0.6725359124177978,6.2397761,1.3729322,0.22543796400229132,0.0009136994679768666
0.27662169,20.650629737533997,0.6266561149020279,5.843877766666666,1.2494322666666668,0.2131095429261525,0.002771139144897433
0.21157451333333332,20.83572887658775,0.6597510071404126,5.807518333333333,1.28539001,0.1815066238244374,0.0
0.25693286666666665,19.48210563714731,0.6066460454292707,6.263665166666667,1.1787575666666665,0.19111011922359467,0.0011962254842122334
0.8806636466666667,25.71256429126343,0.4285037660046624,2.1821010666666667,1.1798763333333333,0.0443115892509619,0.0
0.45693173,24.091602027773135,0.3985019371615068,3.4541456333333334,1.1137197666666667,0.0770844419797261,0.0021745363871256335
0.61357308,20.663065271377302,0.3779706888564922,4.3100677,1.0059803,0.08498769750197722,0.0
0.5337258633333334,19.86656945450901,0.3718908123857348,4.874266766666667,0.9921355333333334,0.12239886323610942,0.0033873716990152664
0.37568028666666664,18.89674781056748,0.3989260419930094,6.602056666666666,1.0178735333333333,0.15600336591402683,0.004604736963907834
0.30886901333333333,18.169002061661406,0.41618255806200716,7.968647333333332,0.9941276333333334,0.1690685947736104,0.0052554607391357006
0.17915083666666667,19.374275852232117,0.4895806108160314,8.308241333333333,0.9507870566666666,0.14978907008965803,0.004244883855183867
0.16917695,19.74505780252961,0.5223137870138901,8.659418333333333,1.0394986833333333,0.14643440147240952,0.0010875066121419001
0.32050340000000005,16.903678274604886,0.4485440106885638,8.850023,0.9198697333333333,0.17063014209270475,0.0016961892445882
0.2203628,18.977192032613306,0.4804676874244221,8.659597,0.66491588,0.19741294284661612,0.00088898340861
0.23102827333333334,18.425718114855783,0.5006653198687753,7.915591299999999,0.9610773466666668,0.21285918354988098,0.004792133967081666
0.11656629666666668,20.67471785840041,0.5268301048808579,8.507475166666667,0.7769362666666666,0.21433188517888382,0.0033835570017496665
0.3391266133333333,17.334656120103148,0.4776368538124103,8.294185433333334,1.0217755566666666,0.22589795788129172,0.0051477750142415
0.21915775666666668,18.948034721831966,0.506416162249005,9.019471866666667,0.8537907533333332,0.22729506591955814,0.0026790301005045337
0.11111960666666669,21.379675307118486,0.5661175035481661,8.497822066666666,0.7830890233333333,0.2139266381661097,0.0020511945088704333
0.2584353913333333,17.995786217804707,0.4932272605815821,8.856781833333335,0.8326323666666667,0.2430874208609263,0.0036147435506184663
0.15754331200000002,19.5908269084785,0.5383720905271067,8.650223233333334,0.7977290333333333,0.21813126156727472,0.005271116892496666
0.21766987999999998,18.81049776804843,0.5363395178718123,8.178657333333334,0.8251723700000001,0.20085125168164567,0.0027634302775065
0.27728854333333336,17.43391575469514,0.538822103571009,8.152629333333332,1.0878260666666666,0.19849008321762085,0.005210320154825834
0.22337671866666664,19.60483801021833,0.5649050910398493,7.860329166666666,1.0829898,0.21069782972335815,0.005739291508992433
0.45776221,16.86607965037119,0.5090156275670882,7.793130566666668,1.0865096666666665,0.2524937689304352,0.0022169748942057
0.37783937166666665,18.538237418089803,0.5373814469536964,7.823143999999999,1.1128967,0.23254409929116562,0.0025055408477783
0.288095992,18.73337272716398,0.5389654490259618,8.180773766666666,0.9050950666666666,0.21452290813128153,0.0014804204305013
0.20595671666666668,19.204031828650766,0.5466298524037447,9.080362733333333,0.8334580833333334,0.2252047757307688,0.0017769336700439
0.17030985866666667,19.758260877281078,0.5545432244709981,9.060215333333334,0.9089483333333334,0.2215381910403569,0.0033535957336425664
0.15214604,20.07509636689549,0.569553649284876,9.037135333333334,0.9377237766666666,0.22507755955060318,0.0056381225585937006
0.17604597333333336,18.338434209764884,0.5049043971408199,10.871876499999999,0.6298851499999999,0.26874485115210206,0.004705270131429
0.1784341,18.716533339477706,0.5568209362477177,9.206336333333333,0.8564634366666667,0.23496110737323758,0.0029655297597249003
0.132343956,19.33500761455541,0.5706083022352336,10.410177333333335,0.8942769666666667,0.2374995251496633,0.0015384356180826668
0.16492402833333333,18.98407667381028,0.5630296368518851,9.103179833333334,0.8667344166666666,0.24734695752461747,0.0015181700388590333
0.20234948333333333,19.248212196549915,0.5703415767495464,8.69227,0.9623002666666666,0.25065769751866657,0.0005343755086263
0.166569838,20.957146813988626,0.6160657767734646,7.364852133333334,0.8782017333333333,0.19282686710357663,0.0015137195587158001
0.16802979333333334,21.092239367182824,0.6212682986072243,7.356658,1.0899452333333333,0.209577406446139,0.004532972971598267
0.26994665533333334,19.494003093405563,0.5626660450194744,7.438941233333334,0.8735796233333333,0.2269338071346283,0.007231871287027933
0.14650755666666668,21.7346756048222,0.6243206198011721,6.7545755666666665,0.9215776633333332,0.22391094764073685,0.004650195439656534
0.16874513666666668,21.290015258635393,0.6544984890012697,5.949149766666667,1.2112830333333333,0.1823325703541437,0.0028477509816487337
0.33677512333333337,18.853586373398322,0.5620760477649706,6.028096633333333,0.9524548333333334,0.20154485603173575,0.005838950475056934
0.20389872333333334,19.639033169768002,0.5868310944657568,5.9665061,0.9697360399999999,0.17624153693517045,0.005338430404663033
0.09675019533333333,22.206702114741347,0.6650786109692423,5.698652966666667,1.0144964333333333,0.14494320253531134,0.0020104249318440666
0.11967009,20.611843516862333,0.5954592343982784,6.710493266666667,0.7143885999999999,0.16006217400232947,0.0054232279459635
0.11817674333333333,20.51529228554699,0.585878676463945,6.4831669666666665,0.88798163,0.16172214349110917,0.002958854039510067
0.12072997499999999,20.752698060008814,0.5960043242605921,5.8864057,0.9715165333333333,0.13885460048913953,0.0030899842580159333
0.21695629333333333,19.158225659064996,0.5024205006977688,5.7769631,0.9186193766666667,0.18644941846529642,0.0
0.19440310333333333,20.7166683983301,0.5252245567275706,5.4296404,0.9632072533333335,0.1594432145357131,0.007443745930989534
0.25077331999999997,20.025687545940325,0.47398896807334095,4.941018,1.0359002333333334,0.1354616706569989,0.0037205219268798668
0.09123651866666667,18.32448892155761,0.5361364857764924,26.208122000000003,0.9343785000000001,0.24684378504753113,0.0025544166564941333
0.23810644800000003,22.927660435810452,0.5649853063293376,10.314195666666667,1.2398321333333333,0.22726017485062278,0.005793730417887333
0.36713866,24.914237049579782,0.6480596132545432,3.9374773,1.3679151,0.11825901021560027,0.0013381640116373666
0.313544451,24.13323931476154,0.5912194138162786,3.8317701,1.0747360333333333,0.09592885896563526,0.004500706990559866
0.46120080999999996,19.297577746979186,0.3855909081736206,4.569668733333333,1.0042034,0.10427841544151302,0.0034162203470865667
0.17355168333333335,22.328553385762916,0.5379996135474348,5.4681242333333335,1.0535579666666666,0.10713056226571395,0.0031565030415852333
0.37470614999999996,19.65350491699183,0.43986495739371506,6.5772469,0.9790787999999999,0.12919790297746653,0.0032127698262532332
0.31985805666666667,19.473422509623102,0.43682276934279446,7.662503733333334,0.8815489666666667,0.15256259838740024,0.003521203994750933
0.31715223000000003,20.310123139234637,0.46182731260735815,7.438704866666666,0.8345910666666666,0.14761182169119513,0.005267779032389266
0.32094451,20.429151707750155,0.5149395233925427,6.346391100000001,1.2090784666666667,0.13362790644168854,0.0045524438222249
0.23177232,20.225411194266012,0.4874690205638581,6.708544033333332,1.0899052,0.15145727992057798,0.003379821777343733
0.1328064733333333,22.211099227988793,0.5326254932733514,6.142742999999999,0.9795252766666667,0.13696411748727155,0.004681905110677033
0.10661165833333335,22.01815960391779,0.594650614976227,6.626280766666667,0.8715923,0.14860514799753818,0.0016787846883138
0.12212008,20.58329695739088,0.5165133126879161,7.400190466666667,0.7140280533333333,0.18234888215859732,0.0047368208567301
0.12352803333333333,19.583935610453057,0.5067049977886223,8.168514866666667,0.84945659,0.1988878895839055,0.0038007895151773666
0.06694903666666667,21.446735711517096,0.5785114397875518,8.721927866666666,0.70592412,0.19568191965421036,0.006695508956909134
0.148021031,19.229183394367897,0.5293178377171142,8.153565166666667,0.91948065,0.2058237940073013,0.0050854682922362995
0.10447742566666667,20.045700427699995,0.5166642633986983,8.135140766666666,0.72958421,0.22419486939907066,0.0047225952148437335
0.119515985,19.879457169327864,0.5549147384139894,7.915847433333333,0.8634191566666667,0.20552421609560642,0.0046882629394531
0.180481181,18.873787850668943,0.5133621066617903,8.390756833333333,0.642678,0.22837725281715393,0.006227652231852167
0.17305981333333334,18.99288688956313,0.5215153452853202,8.411731333333334,0.8154976,0.218633363644282,0.0060991446177164335
0.11870013,20.622188074906887,0.5759589327077025,7.6407826666666665,0.7567914533333333,0.1976233472426732,0.003413836161295567
0.144113228,20.55462433217623,0.5709466736277209,7.773890866666666,0.8295944766666666,0.2205565720796585,0.0009860992431640332
0.12473038433333333,20.83646723918371,0.566110483892227,7.723037333333334,0.7736071666666667,0.24340413014094034,0.0068421363830566
0.20514492666666664,20.20812574228887,0.5977938153660619,6.721495099999999,0.9674576233333334,0.20920264720916748,0.0020043055216471335
0.15966359333333335,20.360107131277562,0.6017366767588798,6.482032766666667,1.0388372333333333,0.20583486557006833,0.006573359171549433
0.2925154933333333,19.275742330589665,0.5638125062425271,6.4822718,0.9835951466666666,0.2557436029116313,0.0077892144521077
0.19491154666666669,20.75218587114965,0.5807662155909581,6.7561561999999995,0.8753028233333334,0.23314610620339712,0.0
0.15632517333333334,21.03547298122874,0.6135971454674054,6.347299,1.0097362333333335,0.20612507065137223,0.0
0.1908831466666667,19.75267306074235,0.599483453295243,6.560499566666667,1.0736318,0.1769834458827972,0.0013384024302164667
0.15583464733333333,22.297702213216382,0.6228964700220948,6.6265078,0.6835567766666667,0.20513029893239335,0.002074082692464167
0.14076582066666665,21.77546731404293,0.6475331050990583,6.2276889,0.9913019566666668,0.17806391666332877,0.005531469980875632
0.20983197,20.4092391003924,0.6007494584378879,5.5782316,1.0528711533333333,0.15806830177704492,0.0033541520436604667
0.14362577533333334,22.498669108988853,0.6299800892917116,5.656553433333333,0.9913630000000001,0.17667883634567258,0.002204895019531233
0.20661447999999996,21.47886134146044,0.5994579707271158,4.8241171000000005,1.0800089999999998,0.16084911674261093,0.0033923784891764
0.4233452,21.20916293247625,0.5554140634720287,4.0150254,0.9867321800000001,0.20276636381944016,0.0
0.4812824166666667,28.546088698150886,0.7463828271999052,3.538263433333334,1.3093859666666667,0.14912908772627506,0.0020719369252522666
0.8609787,20.56574714375651,0.33505095318819733,3.5083822666666666,0.9638352666666666,0.08079321682453154,0.0047787825266519994
0.37250031,23.98367277342258,0.5395462595406382,3.1712385666666663,1.3073352666666664,0.0666804028054078,0.0014557838439941335
1.4728993466666669,16.823055191403874,0.2898549261047472,4.8043418,0.9945562666666667,0.10323403527339296,0.0021997292836507
0.6000085966666667,17.61771999931886,0.391301953274602,6.368884733333334,1.2414785333333331,0.16326977312564847,0.0036640167236328
0.402743,17.511880868426832,0.4030035104072187,7.070997866666667,1.1520658333333333,0.15847034504016236,0.0010317961374918334
0.36601377000000007,17.43241747932181,0.4606410524842916,7.044243266666666,1.3520891433333333,0.14714978386958436,0.003298282623291
0.21849101,19.18122243256094,0.4749963102259354,7.4239603999999995,1.0303168166666667,0.14320029318332667,0.006052652994791633
0.18464042866666666,19.64819491755993,0.4888672388634088,7.2999245,0.8019071999999999,0.15758399417002994,0.0015556017557779665
0.139085165,19.991330906796808,0.5456063711824525,7.590630733333334,0.75552384,0.18831682205200187,0.0019783178965250333
0.10916443333333332,20.4038909920129,0.5553854825419622,8.300317866666667,0.7261960533333333,0.17990625401337937,0.0026508967081705337
0.11423392,19.253178244352167,0.5162438733379954,8.857872666666667,0.7792802166666667,0.17921829720338178,0.0018533070882161334
0.25111913999999996,17.7723322937654,0.48897520170048403,8.348832833333333,0.9369887499999999,0.2106481840213139,0.0033701260884602333
0.177623085,19.299917996988864,0.5377990994361822,8.107870833333333,1.0224210766666666,0.21346588432788846,0.006106774012247667
0.21384522333333333,18.13408276103223,0.49643816419781994,8.797994333333333,0.9765960099999998,0.2449403504530588,0.0021042823791503668
0.13331624866666666,19.24625786941358,0.5011875339895301,9.57708,0.7768635833333333,0.27975910902023315,0.0033822854359944338
0.12157549666666666,20.565072227247747,0.5660415544994618,7.6468715,0.8697048133333333,0.20790406068166098,0.0
0.15174035700000002,18.50647025950492,0.5499043956175433,8.7009618,0.9622429666666666,0.2253487706184387,0.0034140745798746336
0.15317080800000002,19.175248998011515,0.543143461726569,9.289054333333333,0.8612432333333334,0.23059372107187906,0.0014376640319824
0.16910347333333334,17.86032070900742,0.5504139676735514,8.936546833333333,1.0496237866666667,0.25378914674123126,0.0032731691996256335
0.15347312333333332,18.84561422246111,0.5538406172202627,9.225373333333332,0.8671334266666667,0.22591316699981687,0.0020048618316650334
0.1785297126666667,19.1874905949938,0.5490750044577876,9.558293666666668,0.84498125,0.2278799513975779,0.0028892358144124003
0.18362325666666668,18.3758544841599,0.5625903290539586,9.118846,0.86806625,0.20959492524464918,0.007816473642984966
0.20305868666666668,18.962607052846465,0.5585134876931134,8.924933066666666,0.8808979200000001,0.229772686958313,0.0020644664764403998
0.1869587583333333,19.439140219705624,0.5647961672124703,8.498256666666666,0.8181606666666666,0.22322882215181986,0.0033384164174397666
0.09461332066666665,20.951954717153498,0.5955234962787501,8.611519666666666,0.8637032666666666,0.24797619382540378,0.0053767363230387
0.14503017066666665,19.727703268865536,0.5697833413815965,8.801793533333333,0.89427874,0.2520271490017573,0.004149834314982066
0.12031427866666666,19.90655529733823,0.5701027340632474,9.388464,0.8091625100000001,0.25090934336185455,0.0034041404724121003
0.11170239466666666,19.845028284061616,0.5935794565516747,9.215683066666665,0.8849350066666667,0.23131266733010603,0.0011107126871744667
0.101549865,19.28679621530384,0.5442353441262373,10.233765,0.8250399666666667,0.26280491550763446,0.0048823356628417665
0.12468275333333333,19.145803621748957,0.5864889644453891,8.837549000000001,0.7590844766666667,0.2151133517424265,0.0025944709777832
0.27615506466666667,18.965569396373116,0.5920883637634877,6.668719299999999,0.9500064133333334,0.16960443059603367,0.0
0.2088067233333333,19.32488113663504,0.5978202162740104,7.011546133333333,1.2162391000000001,0.20741873731215787,0.008101701736450166
0.120676854,21.19158550853622,0.6265328144756587,7.209216933333334,0.9103968333333333,0.19744637360175446,0.004550139109293566
0.13585891,20.527044356219225,0.6084443371989433,7.304310533333333,0.9934538133333334,0.22688011328379312,0.0061945915222167665
0.12119224466666667,20.50005212216188,0.6229441172455902,7.249352466666667,0.8595359933333334,0.1780942976474761,0.0049301783243814665
0.34358997666666663,23.32807889911633,0.5757665766286278,10.6400645,1.093691,0.20975794891516364,0.0030379295349120664
0.5430257766666666,22.26483873669527,0.6254283663682833,4.4731966000000005,1.6270067333333333,0.17022938778003058,0.004057486852010067
0.14566961133333334,25.505603320058885,0.6844551808315752,5.004654866666667,0.8403024,0.15591970582803086,0.0034623146057128668
0.20820500666666666,24.427436119308965,0.7141811358996998,4.4147006666666675,1.2226782,0.14809784293174738,0.0033496220906575336
0.417469006,22.585627803249306,0.6596155118632848,5.308381833333333,1.5627170000000001,0.1891747415065765,0.008883078893025668
0.17430524666666666,23.569495793517984,0.6891603413273516,6.515311666666666,1.1992971766666667,0.1741821418205897,0.0
0.29959283333333336,21.607918686893317,0.6560460248808052,5.9941441,1.3591740833333332,0.17694448431332901,0.0034654140472412
0.6549983,18.620088115330535,0.5571567354592161,5.085628466666667,1.8217232999999997,0.2031078139940897,0.0019219716389973667
0.138028638,22.018212911759687,0.6728768409461908,5.5584256,1.04708489,0.18898840745290116,0.0
0.16830289666666665,21.946548522782734,0.6405060204413919,5.429739733333334,0.81244958,0.18018148094415662,0.0035564899444579996
0.14109286666666668,23.79943658745275,0.7323839705296452,5.4362498666666665,1.0969825666666668,0.1655127853155136,0.0013366540273030334
0.20415606533333333,23.51188503122356,0.6949957907941702,5.8871397666666665,1.0122165,0.18893264730771378,0.0006690820058186667
0.23309589666666666,22.14052914234452,0.6544610466094832,6.6597599999999995,1.0563526533333334,0.21651736895243326,0.0013367335001627332
0.16478752333333332,23.6412630865769,0.696961829421589,6.117969833333333,1.06650501,0.1645244682828585,0.0064569314320882
0.23729616666666664,21.460363072406732,0.6456343158170988,6.816602266666666,1.05742109,0.20628112057844797,0.004920005798339833
0.3485326516666667,21.700878005471196,0.6309297506064732,6.915731,1.1919232666666666,0.20160308976968122,0.0033683776855468668
0.18052789666666666,24.73333001026744,0.7293796710027015,5.579138666666666,1.1487106333333335,0.1608917911847432,0.0017595291137695
0.25986821666666665,23.76013063404443,0.669326050142406,6.495613133333333,0.9966966333333334,0.18506771077712372,0.0043068726857503
0.46051932133333334,23.116385457742805,0.6699271668540926,5.821962199999999,1.5147321833333331,0.17046479384104407,0.0027403036753336336
0.20506153500000002,25.39073774817569,0.6999299354881128,6.228083466666667,1.2554433666666667,0.20424896727005637,0.005048354466756133
0.2066919633333333,26.37362027179226,0.7350915919704001,5.358942833333334,1.3289730133333333,0.179910031457742,0.0020987987518310334
0.5017995566666666,24.206721253469045,0.6974641232901352,5.088507833333334,1.9905783233333334,0.2066811993718147,0.005350907643636033
0.27332013800000005,25.42334848958213,0.7015927575579445,5.3790544,1.1624342333333335,0.2010258187850316,0.004709879557291667
1.0052580100000001,24.08886949955475,0.6666954075840477,4.998079,2.010569483333333,0.22540955493847525,0.0013456344604491999
0.5633482366666667,20.627838753505475,0.5991278587531705,7.283489800000001,1.6959601666666666,0.24370383222897848,0.0051937103271484
0.130139373,22.871789521124782,0.6525216367926421,7.823229666666667,0.8250120333333334,0.21692008773485819,0.004194021224975567
0.11540632,21.77129011352513,0.6135385492972033,8.614142666666668,0.85567662,0.21042558054129276,0.0034781297047932667
0.15114758533333336,22.039576221354185,0.6265431711121776,8.092955866666667,0.9256865866666666,0.20961250861485795,0.0074888865152994664
0.13062459566666668,21.578101564912117,0.6236052481400253,8.145241666666665,1.1238624933333334,0.22348459561665854,0.004818836847941033
0.13748666166666665,23.337212593993303,0.6514997733245725,6.738822433333333,1.2845735799999998,0.2505059689283371,0.007494688034057566
0.10870730933333332,22.623824624995905,0.6357876008409433,7.653897966666666,0.9469423899999999,0.24496378004550934,0.004547119140624966
0.07110876133333333,24.122005163525188,0.6840156674383303,7.1507334333333334,0.9587330799999999,0.18741356829802194,0.0050069491068522
0.13530876366666666,19.91506295608252,0.6233106035959283,7.6705964,0.9700761999999999,0.2664579898118973,0.0029358069101968996
0.09948836966666667,21.91427344069135,0.6544214180349914,7.027439566666666,0.85400401,0.2211324324210484,0.0049608548482259
0.06810684566666667,24.900566080624476,0.7032639308385119,5.907598666666668,0.8969130399999999,0.24771198878685632,0.0063575903574625
0.33511989533333336,22.669377972109128,0.5663567828187698,11.343857666666665,1.05520725,0.20195297151803968,0.004086653391520134
0.164218962,27.167139100974918,0.7034311526497982,6.6699501,1.3480892666666666,0.16641658047835028,0.003527164459228467
0.27891901366666666,24.49611001950746,0.6408378401719571,7.875303566666666,1.015015166666667,0.17695544660091397,0.003867228825887033
0.2834107086666667,22.104493074700667,0.6443466975640869,7.506088233333332,1.3872967999999999,0.17787687977155045,0.0026894410451253
0.299250425,25.33580171687417,0.6673032405441309,6.325547966666666,1.13596558,0.1886628369490305,0.0
0.22621973233333334,21.843437473163636,0.6065517414471547,8.957864666666666,1.2948180466666666,0.2099615807334582,0.0033497810363769336
0.17625181,21.767334398493315,0.608825373557979,10.035248666666666,0.9754738,0.19593241810798642,0.0024327437082926335
0.11113186666666665,23.415799754049385,0.6233716207733044,10.131901666666666,0.8447938333333332,0.22927820185820258,0.0
0.11247877233333332,22.306004829107465,0.6177646336602053,9.813393333333334,1.0022367666666667,0.1946846395730972,0.0027034282684326
0.14516802333333334,18.673097969091174,0.5697912363595207,10.622210666666668,0.7835231133333332,0.2422344883282979,0.0018555323282877332
0.18222723833333332,18.635990254625217,0.5825768018444292,10.404676666666667,0.8949393,0.22870178520679474,0.007024923960367799
0.06916091733333334,22.65416962210868,0.5951129113830904,11.333121,0.8096422200000001,0.24833186467488608,0.0037073294321695663
0.08889796500000001,21.698829722202703,0.586168440806596,10.944764999999999,0.7011764166666666,0.2397565792004267,0.0026951630910237337
0.12613992533333332,22.25651042764636,0.6166173542793186,9.383904333333334,1.0586206966666667,0.23911161224047336,0.0024344921112060334
0.08567278699999999,23.57264446936071,0.6322296679898161,10.234980333333333,0.8691753666666666,0.2017282396554947,0.0033237139383951665
0.21977150333333337,22.53985384435416,0.621425299101778,9.392200333333333,1.0146977533333332,0.21941012392441428,0.006254037221272765
0.19160659666666668,22.304754686894043,0.5966994019495956,9.395944333333333,0.9760536666666667,0.2452511141697565,0.0014794667561848667
0.13137243333333334,24.074432641862376,0.6310027943766154,8.936615666666667,1.0618554133333333,0.24952443192402515,0.0016274452209472333
0.10519505566666666,23.031585367903066,0.5820769546584971,10.674362666666667,0.9847058466666666,0.24721777935822806,0.0013686021169026666
0.13111137000000003,24.890220063736276,0.6491415684078928,8.031949766666669,1.0889038066666668,0.2237215191125869,0.003428856531778967
0.08090682266666667,25.074589526885926,0.6165059626920059,9.705863,0.9113092166666666,0.24744494259357452,0.0059399604797363
0.09063601166666667,23.6914897607676,0.5930353614144622,10.516435000000001,0.9716765166666668,0.2575099716583888,0.006224791208902967
0.17458849666666665,22.595254439781936,0.6448486981003831,8.193839599999999,1.4902675666666667,0.21082994590202964,0.0026439825693765997
0.12810623799999998,21.96842066352271,0.5750967588486166,10.017900000000001,1.0675855466666666,0.28048433860143024,0.0023567676544189336
0.12193105366666668,22.30360142810822,0.6244456816255024,8.536811766666668,1.0837430333333333,0.2202975650628408,0.0054407914479573
0.14140711,21.73769221364296,0.5802455228732967,9.017703,1.0212571,0.279606560866038,0.0011213620503743333
0.05646291,26.71227892774229,0.6660739812151024,7.399797266666667,0.94122585,0.2423035899798075,0.0078237056732177
0.13207417000000002,22.87417726969383,0.6206634013439093,8.155035666666667,0.9894511,0.27100666364034015,0.0032688776652018
0.12067432133333333,24.404066211998195,0.6440931525961058,7.030908766666666,1.1241917399999999,0.25598545869191486,0.005478858947753867
0.08119275366666666,23.758554792863645,0.6198443130561371,7.820393,0.9833772466666666,0.26820846398671466,0.007260004679361933
0.2710351266666667,20.34270002786485,0.6015931071074124,7.408822000000001,1.4088773166666666,0.28390088677406305,0.0047662258148193
0.08278634933333333,20.74957151878054,0.5924655540141434,9.633685,1.1207401866666666,0.24295972784360245,0.0022215048472086336
0.22223370733333336,20.716690841866466,0.6504824791661662,6.8349362000000005,1.3405081,0.1996303846438726,0.0018387635548909335
0.38271630333333334,24.706991111187694,0.6857493327323511,4.033652666666666,1.2219697,0.16500164816776905,0.0019614696502685334
0.15098669766666667,24.20529005515878,0.6882583657794851,4.871099,1.03619625,0.1607612495621045,0.002313534418741833
0.11184185666666668,24.04505419205635,0.6852584469771054,5.6089343000000005,1.1601202666666668,0.17704403648773823,0.0
0.10108017466666665,22.953534064071977,0.6546842497226066,6.6685953,0.7350992900000001,0.19153230885664616,0.0033400058746337665
0.10467099966666667,23.88171433912905,0.7025618650472124,6.409160666666668,1.2024572100000002,0.1858280648787816,0.004270394643147733
0.08525512766666665,23.872388681878302,0.6926988922320625,7.185557233333333,0.8502936133333333,0.21167300641536713,0.0025955041249592667
0.10610921333333334,23.102549237603057,0.6813668580232322,6.969669433333333,1.0569127666666667,0.18705920378367102,0.0028971036275227667
0.26816836666666666,22.14767214686927,0.6695063491965619,5.994950800000001,1.3788571666666665,0.21919404218594232,0.004830201466878199
0.15896585933333332,23.012485216222178,0.6739439043909677,6.392825600000001,0.9516982666666666,0.19961608697970704,0.003942330678304
0.14544445866666667,23.298561695300993,0.6910008941539698,6.115894966666666,1.1665149,0.21080538630485535,0.0019224484761555666
0.227135895,22.772632349574504,0.6872790338456188,4.9243948,1.2389957333333332,0.20599977175394693,0.0027375221252441003
0.10943898866666668,23.303019456306956,0.7001964729099753,6.139765799999999,0.6834224600000001,0.22929923236370084,0.005204121271769133
0.11592689333333332,22.48799538482122,0.6796779076238512,7.014057666666666,1.0190488533333333,0.1875258286794026,0.0018410682678222333
0.18889253666666664,19.423665107317667,0.6108038605085451,8.261130533333334,0.98687304,0.2349772254625956,0.0034611225128173668
0.089977425,24.100553622826112,0.6669044678976093,7.092503433333334,1.0742787666666667,0.22585507233937574,0.0019209384918212667
0.094999,23.487577925111854,0.6400691590410944,8.423501100000001,0.9843876799999999,0.23234939078489938,0.0032544930775959668
0.16395136666666668,20.801175178383154,0.609410817815319,8.084945466666666,1.2114368666666666,0.2469357947508494,0.0025898615519205337
0.10682587833333333,22.643351424978192,0.6608241961119194,7.049891033333334,1.0277372666666664,0.19249154130617774,0.003236532211303667
0.167185629,21.808736960397596,0.631103503084922,7.168883,1.1186871333333333,0.22571573158105215,0.0
0.18733023000000001,22.063802793418642,0.620582632674517,7.339829666666667,0.9810761433333332,0.21191855768362675,0.0033752123514811
0.13854943833333333,23.02492241020329,0.6533430783529682,7.2138689000000005,0.8847483199999999,0.22803661227226257,0.0051639080047607
0.087010468,24.756468969278554,0.6703307790392897,7.5125524666666665,0.75484785,0.19860990345478055,0.0019426345825195
0.2643043016666667,21.375201853583814,0.6225906916286131,7.861986666666667,0.86503428,0.22174753745396933,0.0013383229573567669
0.125340125,23.650149398145697,0.6422042689167214,8.504070766666667,0.7788491533333334,0.20589376489321384,0.005074103673299133
0.3035065453333333,21.383891097042333,0.6085272053476534,7.804491766666666,1.347587833333333,0.26913988341887785,0.006088177363077767
0.16548999733333333,20.677906923900462,0.5873600372195088,9.119459666666666,0.8933383666666668,0.22061118483543388,0.0027958552042643
0.16396821866666667,21.310577142202952,0.6022865307304474,9.113183666666666,1.16163475,0.23356077075004575,0.0028009414672851333
0.24694449,19.120859324986423,0.5908857424919218,8.126201266666666,1.3100344000000002,0.22944032649199167,0.0034396648406982335
0.1351469346666667,21.881287314806727,0.6195732317178213,8.061935,1.1711743566666668,0.24078262845675147,0.005441029866536433
0.19856258166666665,23.2704196327788,0.6733671028605036,5.881096066666667,1.3156341333333332,0.2644549210866292,0.0061089992523193
0.26500490866666665,23.439270279770863,0.6931692213127502,4.8201926,1.4783195000000002,0.24678935110568997,0.004513581593831366
0.14691533166666668,25.827775212115426,0.7506744121272447,4.284351,1.2722966666666666,0.2433628141880035,0.007304350535074801
0.12856247466666668,26.465202160824216,0.7465567225023763,4.185474333333333,0.9629797666666667,0.23210593064626053,0.0106723308563232
0.20095285,24.907299134267447,0.7476147348695177,3.9517022999999996,1.3850204333333334,0.22873669862747192,0.0
0.16947068533333334,24.152454470062963,0.7100880293384927,4.535539066666667,1.1239497833333332,0.2248915210366249,0.0073475837707519
0.261304884,23.66817090947212,0.7029550293262826,4.801616233333333,1.3748113999999998,0.2647502024968465,0.0
0.2427193,21.18587095038558,0.6687509659678582,5.111085533333333,1.2740757333333332,0.23878530661265052,0.006410837173461866
0.2304805,19.484083224105408,0.6219946633303016,5.517381866666667,1.2023196,0.2505627026160558,0.008446852366129467
0.080096715,24.695728184072763,0.733991659512315,5.260205966666668,1.1167938333333334,0.2226073443889617,0.0033768812815348002
0.15002869766666668,24.151723731542017,0.7300932546395128,4.61238,1.2577177866666667,0.1859190637866656,0.003396113713582333
0.1751194766666667,15.606464521367243,0.47029205328008766,28.710836999999998,0.7424141166666667,0.29865011572837824,0.0034226576487223002
0.23813436,16.677603158473875,0.5041817787539948,20.27145833333333,1.467859833333333,0.3377036899328232,0.0064928531646728
0.5912577,16.948115577614985,0.5072472908080067,14.421537333333333,1.1378318466666668,0.25410811106363934,0.004037221272786434
0.17277908333333333,22.919083026105493,0.5809868906697643,11.219089333333335,1.3572983666666667,0.2180501619974772,0.0034003257751464666
0.24287135,21.46521650601976,0.5738180854230918,10.629140666666666,1.3720325666666666,0.19776034851868943,0.0034027894337972
0.3065205233333333,21.43043714156593,0.5794187205390151,10.524258333333334,1.1370930333333333,0.21221885085105893,0.008345206578572567
0.16595837666666666,22.888101045383397,0.5895636974372405,11.542516666666666,1.1601626999999999,0.18703923622767127,0.0021641254425048668
0.17654760666666666,21.64313797376251,0.5568390764919885,12.577016,1.1094455333333333,0.21170136332511902,0.010226806004842067
0.18267166333333332,23.240901149512695,0.6181081962708221,8.810970666666668,1.1924825000000001,0.20586897432804105,0.0062020619710286
0.13031604,23.415217079865073,0.6306011921316356,9.48879,1.2501958,0.16556480775276816,0.0056308905283609665
0.199681939,21.670900530407874,0.5813385257515598,10.451915333333334,0.9136675333333333,0.2094070315361023,0.002723852793375633
0.23606025,19.495755171581283,0.5633935190764583,12.108718333333334,1.0287715466666667,0.2203421890735626,0.003379185994466133
0.09763265666666666,24.511810674122746,0.6122308335828848,10.174744666666667,1.1644649533333333,0.2116279055674871,0.0035312175750732335
0.15743206333333334,24.246398987460996,0.6107328649153178,9.870562666666666,1.2753801999999999,0.2031071732441584,0.0054814020792643
0.21694053233333332,20.58290498622865,0.5742356296017826,11.366917333333333,1.2638952666666667,0.21161894003550208,0.002860307693481433
0.294307355,21.90598134537757,0.5403254474860137,11.590645666666667,0.8500273133333334,0.23180176814397171,0.009530226389567
0.120605654,23.12423982202135,0.5660115478226996,11.805642666666666,0.9284173666666667,0.229061687986056,0.0061996777852376
0.16191199833333333,24.156023960572284,0.622863498563854,9.266950666666666,0.7892194066666667,0.1969995697339375,0.007925828297932867
0.24596919433333334,22.435363004761026,0.5620654900327752,10.849721,0.9586828433333333,0.2428769419590632,0.0017009576161702332
0.30795064233333336,23.305688468873484,0.6132990468741405,8.984436333333335,1.4689660866666667,0.2086295783519745,0.0034805138905843
0.13756869,24.058905791944465,0.6027641926363501,9.913182333333333,1.0564275,0.20293206473191575,0.0010658899943033666
0.370752928,22.261910507982872,0.5822684177967787,9.950044333333333,1.0355440266666667,0.21499762435754136,0.002559105555216467
0.38603717,22.94001925378018,0.5951680363136984,9.307837,1.1140601833333335,0.2232890104254087,0.0033182303110758002
0.5252586053333334,23.816536870327795,0.5978627740801997,7.577879200000001,1.1762761,0.262755552927653,0.006279786427815699
0.3330732586666667,23.28593888604865,0.6120616801446422,7.7306919,1.0235515333333334,0.28576625883579254,0.0049208799997964995
0.33998997466666664,24.327365614751603,0.6010313781984001,7.624256866666666,1.2127095,0.27943602204322815,0.0048569838205973
0.316360382,21.686952811111883,0.5826387852672972,9.742255666666667,1.1044005666666667,0.22842089335123697,0.0013393561045328666
0.13074623666666665,19.922935801827222,0.544870535978594,12.128181,1.1321730333333333,0.27145426472028095,0.006981929143269834
0.2443534466666667,20.354458973239243,0.590062500270513,8.558411999999999,1.30599141,0.27696503202120465,0.004398504892985
0.07696459666666666,24.602843796961775,0.6149413304395436,8.585920333333332,0.9773507566666666,0.26854176322619117,0.0076994895935058
0.06763232466666666,23.353399015225552,0.6038617159027896,9.529789333333333,0.9718130666666666,0.2411729246377945,0.005915880203247033
0.12701589733333332,20.639434938341484,0.5560397125632481,11.7944325,0.8415548533333332,0.23957753678162885,0.004009167353312133
0.4932447166666667,25.723969915040623,0.7032524620362773,4.7395015,1.3658047,0.1605231513579686,0.002707084019978833
1.1204226866666667,19.477843529634125,0.42083528028585565,4.435924666666667,1.487471,0.10864021629095073,0.0015948613484700334
0.35193406666666666,22.04632724024982,0.5543415375243034,4.867347233333334,1.1954337333333334,0.10150820761919016,0.0061260064442952
0.22647503333333333,22.229819182580854,0.5302327720754723,5.0882176,1.090284,0.11156208564837766,0.004681746164957667
0.31834581666666667,19.138228782987994,0.44252421799652647,7.191187500000001,0.80121551,0.15695168574651078,0.005562067031860333
0.22282086466666665,20.24242865452506,0.5078787500780835,7.285579833333333,0.8610256266666667,0.13900123039881387,0.0013848940531412668
0.32513805999999995,18.5615776447905,0.41749231707222173,6.593761466666667,1.0508186333333334,0.14453429728746411,0.004423777262369767
0.27210617,18.99799502336512,0.44788417882274495,6.674560700000001,1.0423917333333332,0.11815020938714343,0.006551901499430299
0.2555698866666667,19.368588802390494,0.4559490727241802,7.095800333333333,0.9457733,0.1418496469656626,0.0034106572469075
0.23591819666666666,20.03279887527313,0.5227965199253134,6.545736133333333,1.0848485333333333,0.13718882948160166,0.004411776860554933
0.31562827,18.253746528086207,0.46968916383477116,7.044262333333333,1.2812576333333334,0.16543953617413834,0.0005832513173421
0.16728789333333335,20.320491018808994,0.5630949955242119,6.983389466666666,1.0090614666666666,0.14902908106644944,0.0050862630208333
0.2768426013333333,19.89175603980924,0.5097617222318118,6.820885466666667,1.0035766666666668,0.18522191047668457,0.0034063657124837003
0.14256491333333335,19.3337093650493,0.5045344475344977,9.155674,0.6674178966666666,0.23093206683794654,0.0001688798268636
0.10881186666666665,18.734951825848682,0.5174078571144789,10.475675,0.5578011366666668,0.27201129992802936,0.0027490456899006664
0.13045585866666667,18.150100592909784,0.5199862621128254,10.209712999999999,0.5936519699999999,0.2304166853427887,0.006706714630126933
0.13514026333333332,17.67355417261299,0.502052021294314,10.767653000000001,0.6730680066666667,0.2675970743099848,0.0034307638804117664
0.20346268,17.474769262204816,0.5216525589742985,8.792666666666667,0.70884132,0.23919246594111124,0.004785140355428034
0.16330243533333333,18.666165571343306,0.5817426986653135,7.936678166666667,1.0755582666666668,0.20859129726886746,0.005136251449584933
0.18393688,18.404429453273227,0.5854122954700215,7.5053035,1.1619517,0.2054667621850967,0.005521774291992167
0.23557058466666667,18.02257557698984,0.5430756155787625,8.693179466666669,0.8928615,0.24417299528916678,0.004286130269368467
0.19728010166666668,18.482058791378503,0.5398337958871542,8.676822433333333,0.9053356833333334,0.2451599190632502,0.005002339680989534
0.33708283333333333,17.449482556965258,0.5348325723934705,8.1927205,0.8921920499999999,0.23329733808835348,0.0047951539357503
0.25097618000000005,17.56996830111189,0.5235254611568001,8.847398666666667,0.9138323666666667,0.24728733301162717,0.0
0.17727235,20.438687392072186,0.587240788805036,7.490453233333334,0.9693505099999999,0.21577154596646628,0.0017127195994058998
0.16838916999999998,20.166606722538344,0.5531353457640279,8.068486566666666,0.7461491366666667,0.24812801678975419,0.0014130274454752332
0.15121419333333333,20.16254102605673,0.5645075785026846,7.9355285,0.79382666,0.21873586376508072,0.005520423253377233
0.14155006533333334,21.524627771671998,0.600640236336238,7.648355800000001,0.8644407866666667,0.2126224984725316,0.0017963250478108667
0.1455431,21.090681804863156,0.5877550451909026,7.4530476666666665,0.87974031,0.2374513844648997,0.0020491282145182
0.203947938,19.98464145865534,0.5545919292099205,7.8644123666666665,0.90210445,0.24665082494417825,0.0038672288258869997
0.24225634,19.682732826117043,0.5775874647003157,6.897497166666667,0.9312604499999999,0.22227712968985236,0.0057520866394042665
0.28092961666666666,19.02590853766738,0.5393965975919149,7.559713766666666,0.906848,0.24346104264259338,0.008010387420654267
0.40778248666666667,19.463396793842254,0.5616492992134258,5.971872233333333,0.9451126166666667,0.2075646867354711,0.0042621294657389
0.28086378,20.34198498490613,0.5780301221604803,6.109764533333333,1.0405569000000001,0.18918097515900925,0.009650548299153601
0.4202941,19.06493033151555,0.5552268867573259,5.972406533333333,1.2219536,0.18654449780782065,0.0
0.31858351333333335,19.255412598148848,0.5577635146471427,6.3880015666666665,1.1336629466666666,0.19037289420763645,0.009231805801391532
0.2543548766666666,21.405733221632744,0.5899760853116042,5.608620666666667,1.0190914666666666,0.18000530699888861,0.002145369847615533
0.5020785799999999,18.05530228832229,0.51427350350563,5.846441866666666,1.6348467666666666,0.22126344591379166,0.0061664581298827665
0.41853918666666673,18.21325520925549,0.49455614183590607,5.4008137666666665,1.1635212333333331,0.20403113464514408,0.004721641540527333
0.4045857116666667,17.87109777070168,0.46266314706806605,5.919524833333334,1.0687633200000002,0.20350635796785352,0.0030440489451090333
0.15092858166666664,24.16817648894595,0.4414223481276717,2.9671153999999995,0.9682874,0.07081757858395571,0.004985968271891267
0.23102153333333333,19.392807684361888,0.3385499008566297,3.9410386,0.72396078,0.13129534572362891,0.0024890104929605667
0.214566712,18.993065381076747,0.3873374987567339,4.650830166666666,0.8055309333333334,0.14007323483626044,0.006893714269002233
0.1964327966666667,19.01659479001386,0.40918534408090873,5.413700133333333,0.7988471800000001,0.12901062518358225,0.0034794807434081667
0.18344668333333333,18.037654417726312,0.4420096071965407,5.165823966666667,1.0612698,0.1225901767611503,0.005707740783691367
0.19645921666666666,19.493609748422013,0.45340922170731374,5.270756233333333,0.9254764333333334,0.1439225599169731,0.0036964416503906003
0.14570454666666666,20.833689053269836,0.5567517243037933,4.576212000000001,1.1200685000000001,0.10717050731182094,0.0019873778025309
0.15063476633333334,20.751810669150284,0.5260079418436292,4.939922500000001,1.0866062333333333,0.151279737552007,0.0
0.19465665666666665,19.323034459873114,0.49148086886185355,5.3224566666666675,0.9447029466666667,0.23991717398166656,0.0026103655497232998
0.08496157333333333,21.698605523842502,0.6064034040761027,5.198803000000001,0.9636493,0.1832934468984604,0.0025262037913004335
0.110350148,20.22562439930458,0.5730971404949052,5.241879166666666,0.9384545166666666,0.17909433195988333,0.004183530807495067
0.10787705933333334,19.95605901370503,0.5868834331083574,6.2652833,1.0129734666666665,0.22912228852510452,0.0033987363179524663
0.07445709533333333,20.773552846946515,0.6019518818942116,6.386474666666667,0.9115084466666666,0.2027459839979807,0.002361615498860667
0.09817570333333332,19.412548946550313,0.5582837873873485,7.423009866666667,0.7582094833333333,0.22624132533868155,0.0020538965861002334
0.09248528,19.17114266579979,0.5870294872605178,7.4107881,0.9080370200000001,0.20785974462827042,0.004416306813557934
0.08278388599999999,20.228425778263077,0.5947497912717529,7.764464866666667,0.7206792433333332,0.23325095077355698,0.0034643809000650667
0.09480858600000001,19.69196959031914,0.6073153675800821,7.2328915333333335,0.8636523466666667,0.201065664490064,0.0063694318135579
0.1673436686666667,18.3873825821976,0.5655197150586587,6.872216266666666,0.7345602833333333,0.23671266933282212,0.004959026972452767
0.07204811566666666,21.76724196654631,0.6567665598922434,6.745036333333334,0.9173294666666667,0.1799474606911341,0.0021254221598307
0.10943949866666668,20.225766045676917,0.620925169917579,6.705333633333333,0.9566359533333334,0.2072650839885076,0.0034569104512532332
0.1849483333333333,18.872720277564095,0.6112683791416554,6.525178466666667,0.9726291666666667,0.23956612745920813,0.0017588933308919
0.10624777333333334,20.739225618931034,0.6191006265228087,6.4517085,0.91399461,0.2730314036210378,0.004947821299234967
0.09338061800000001,21.514527666367147,0.6420090263922028,6.238893766666666,1.0766422666666666,0.2648906211058299,0.0019498666127522669
0.17533620466666666,18.8188149124664,0.6015511542303091,6.619350333333333,1.2662783,0.27817053596178687,0.008246183395385699
0.15049702333333334,19.608450150139053,0.6267640190002209,6.143113666666667,1.1326053900000002,0.24930998434623083,0.006159464518229133
0.16192214,19.29308311354443,0.593557060829709,6.591148100000001,0.9686995,0.26430027186870575,0.008056640624999967
0.10810824166666667,19.877091422439605,0.6015063322768797,6.929742566666667,0.9480683666666666,0.2712210516134898,0.005032459894816033
0.09896126000000001,19.258873166162605,0.6206673833887196,6.7561125,1.0282474666666666,0.21202283849318823,0.0015749931335449
0.09181699366666667,18.81542442956054,0.5818859173187405,7.911927433333333,0.7727990533333333,0.22341223557790116,0.0
0.08581763766666667,18.780513562606547,0.578429462073657,8.803121333333335,0.7238018333333334,0.21806434293587998,0.006377776463826433
0.10674727499999999,18.085574916357555,0.564770166380626,8.123178433333333,0.7272464900000001,0.19859910011291504,0.004828055699666299
0.11814356333333335,17.63216488708493,0.5359398954978299,8.9630151,0.7770406133333333,0.26084523896376294,0.0032249291737873665
0.087108378,19.22755994861702,0.567077178096793,7.3156249,0.69808868,0.19786587357521054,0.004072586695353167
0.12239047533333335,24.087164878888103,0.6041381030212629,10.766109666666665,1.0449138,0.1885536586244901,0.0
0.325630045,26.223293332481024,0.6954274965585658,6.164419133333333,1.5837329999999998,0.18104303876558933,0.0049499670664468675
0.33407221333333337,23.452652828467453,0.6562898892193471,6.136359266666666,1.3108907666666667,0.1762570564945538,0.0051157474517822
0.3542744466666667,23.76463017540816,0.6607485666598477,6.318810333333334,1.2491203333333332,0.1764729817708333,0.0
0.314189778,23.605365571995296,0.6535269064791325,6.932550666666667,1.4492014666666666,0.17868163685003913,0.0040345986684163
0.33016219666666663,24.02409922027771,0.6638788411971909,6.864386566666667,1.25973218,0.20381701737642285,0.006558815638224233
0.2738852016666667,23.66076886213772,0.6283050057546774,7.3076121,1.0333528833333334,0.1874582767486572,0.005401611328124966
0.18317131133333334,24.872506808197986,0.7063764018199409,6.8742681333333335,1.4876137333333332,0.18123252689838407,0.0026131470998128
0.24471781666666667,21.80471315047652,0.6248091208374018,7.1595558,0.8223527266666667,0.19303895781437552,0.0034535725911457997
0.13261806333333334,21.12483161436104,0.6426683821371624,7.085478433333333,0.8680843133333332,0.18495935201644895,0.006683270136515232
0.10553779733333334,22.94949921079031,0.6565296658670382,7.288658266666666,0.7590431933333334,0.19116002321243283,0.0045046011606852
0.1822807466666667,22.87814647223782,0.6552608847195398,7.161553133333332,1.08362409,0.20071974893410996,0.0056686401367187006
0.1735124766666667,23.951404196691687,0.6574263586839411,6.6753715,0.9582996133333332,0.21831821401913962,0.004252513249715167
0.16373907533333334,24.88931194536998,0.6738362538758694,6.917613366666667,1.0191272666666666,0.23175207277139023,0.0
0.13987779666666667,24.29461217866924,0.6602934426490341,7.611226666666667,0.9754283966666667,0.210565706094106,0.005212863286336233
0.20506611666666666,23.31993107386894,0.659576858744872,7.339058233333334,1.2583560533333333,0.1801152204473813,0.003441731135050433
0.21039605866666666,23.318476078728853,0.6255982270707241,8.103646666666668,1.0955578666666665,0.2081399311621984,0.0068593025207519
0.16959987466666668,24.15471528415668,0.6411558625619684,8.441821,1.0335232666666665,0.19966239233811697,0.0067810217539469
0.20971412533333333,22.687100148565303,0.6109103349326831,9.058995,1.2187516666666667,0.21401719748973844,0.004081885019938134
0.12987747066666666,24.740915385055285,0.6151374073813822,9.178830333333332,0.8244635566666667,0.2351608375708262,0.0019589265187581334
0.18096931333333333,23.15290167881717,0.6122366892409187,9.849725833333332,0.8513891,0.1804864505926768,0.0015164216359456002
0.12550400333333334,24.44526099901285,0.6454796756728206,9.541126333333333,0.9884299533333333,0.1669758756955464,0.0046370029449462336
0.11077398333333333,24.02134714575695,0.5741573116887335,11.550578666666667,0.6932250866666667,0.27046026786168414,0.0022045771280924335
0.147921212,24.210829951793936,0.6560775537879818,8.412401000000001,0.9733844166666666,0.16160251448551813,0.0026464462280273333
0.30059558133333336,23.20028318866495,0.6352129394257412,7.012694666666667,1.1553889666666668,0.20971005161603287,0.0012092590332031
0.34545599,23.90093044008022,0.6523907958373768,6.258069566666666,1.0543419433333332,0.21293790141741434,0.0
0.29403546666666663,24.284819447963304,0.6344047385514858,7.329822433333334,1.0025825666666668,0.22388483583927152,0.0
0.19809467066666667,23.38254189262932,0.617422528414607,8.202716733333332,0.8396158866666665,0.23481599489847818,0.004219134648640933
0.1649262,23.981944081091182,0.6255028311811275,7.910870833333333,0.8893433333333333,0.23844375709692636,0.001726229985555
0.12260805666666667,24.418575159600806,0.6185566958641076,7.8396238333333335,1.03226872,0.2718485395113626,0.0055103302001952665
0.22536205499999998,18.73208915749435,0.5845811182243928,8.425449466666667,1.4738168333333332,0.24539850652217862,0.004303057988484667
0.16084398,19.49204692447476,0.5607972543691235,9.379021333333334,1.0112172766666665,0.2687142491340637,0.0021197795867919666
0.125821382,21.46747655749209,0.627021751976425,7.580083999999999,1.3272818,0.25798821945985156,0.0038315455118814665
0.10042317333333332,18.61162687248381,0.5393222662958139,23.578347666666662,0.9960941466666666,0.25168022016684216,0.0038601557413736665
0.204961755,20.987475537484222,0.5543929238133247,14.44561,1.3272269666666667,0.29749747614065797,0.0034340222676595
0.191053616,22.338438268318985,0.5629003917754817,11.846634666666667,1.0426857999999999,0.22430975735187528,0.0013379255930582668
0.12434819833333334,22.201480672025628,0.5711300274923597,12.206162666666666,1.2825648,0.22297491629918417,0.004679679870605433
0.5434157266666667,18.390055346464248,0.5495283697069445,12.916089666666664,1.0479862666666666,0.24195030828317007,0.007653792699178
0.26083218999999996,28.402304950801355,0.7083555475688997,5.5787881666666665,1.0100908666666666,0.20042578876018521,0.0
0.585815649,26.504896586679706,0.6651766772221157,5.681245,0.7666789766666667,0.19546836862961448,0.004133224487304633
0.14175763333333333,28.89201901222748,0.7278340756047386,5.772303766666667,1.0667867666666666,0.19456925988197324,0.0
0.22043061,24.977933281152385,0.6679540240550774,6.189058500000001,1.0739875266666667,0.1941810796658198,0.0047688484191894
0.17077948466666668,23.06047365004604,0.6664268759899924,5.9864401,0.9191363866666666,0.19779555499553678,0.002775112787882467
0.26275814,22.126917467253268,0.6376384039520238,6.6026411,0.8588422000000001,0.23815897603829694,0.0034434795379638668
0.290401905,24.121599768071523,0.6407234294494987,6.936409266666666,0.93564282,0.2541303485631943,0.0
0.15796962866666667,24.564036248477578,0.6540355305827865,7.1337281,0.82284961,0.23374932507673893,0.004364252090454067
0.177341525,24.72729368192313,0.6664275654418895,6.840149133333334,0.95660232,0.20647731423377988,0.003920475641886333
0.16537824133333334,25.36745767589326,0.6607875850886313,7.185612666666667,0.87194508,0.2127338846524556,0.0026402473449707
0.100428091,26.24179435453219,0.6716406412239754,7.273605666666666,0.8582198666666668,0.21000061432520545,0.0029600461324055666
0.168491882,23.94861394523826,0.6268755422911748,8.024525766666667,0.7295977666666666,0.23581925531228384,0.004863659540812133
0.25702384866666667,23.097629855010307,0.6337818303153577,7.3372823333333335,1.02897382,0.21127463877201078,0.0
0.14785104766666668,25.014115924068506,0.6517055521083804,7.7585385,1.0614443833333334,0.22612555821736646,0.004664341608683234
0.13727272999999998,25.754859842684183,0.652063879131274,7.301929133333334,0.8881465433333333,0.2323314150174459,0.0049328009287516
0.099009215,25.705943518768635,0.6608348412479277,8.164368333333334,0.7416325333333335,0.21067443490028373,0.005663871765136667
0.09449818633333333,25.31737673953222,0.6531337533113021,7.849980833333333,0.7887304,0.2278604060411453,0.0040098826090494664
0.19210299666666666,21.519712990919743,0.595515988411501,8.790919666666667,0.9174879100000001,0.23338303466637925,0.005097309748331666
0.09844827,22.03013862381209,0.5981554763947043,9.905903666666667,1.0042107666666666,0.24619216720263162,0.0042791366577147995
0.2445219793333333,22.27709961278883,0.5993232452200155,8.957492,0.7230696833333333,0.23621223866939545,0.002774953842163067
0.3400196933333333,21.131989459826915,0.6180440922005314,6.953350466666667,1.0853201533333332,0.23321736852327982,0.0036126772562662334
0.08283819566666667,22.52453660826446,0.5772933606127696,10.518675333333334,0.7331334266666666,0.26853203773498535,0.0016836325327555333
0.05885939133333334,21.967749532396468,0.5661758077345893,11.545773000000002,0.6346587566666667,0.2696927289168039,0.004883050918579067
0.10270250466666668,20.863591323940994,0.5669843916091878,9.798080333333333,0.9090868099999999,0.3194722334543863,0.0015903313954671002
0.09689429033333334,22.026761325096974,0.5881543481209365,8.378716333333333,1.0125222666666667,0.2921078304449717,0.0013390382130940666
0.09022879866666667,20.3809804170165,0.5591887796549002,10.182743333333335,1.046913,0.3154579401016235,0.0020225048065185334
0.08898151333333333,21.34708729990488,0.5916239754841914,9.194345666666667,0.8389879333333333,0.28441644708315533,0.0036813418070475
0.10452648266666668,20.83312454965883,0.5895231993386228,9.043082333333333,0.8026636133333334,0.2575771013895671,0.0005231698354085001
0.2754179353333333,24.087835396219475,0.6042664068982864,8.683372666666665,0.9380523566666668,0.1714270859956741,0.0016574064890543334
0.1960793633333333,23.980516411937728,0.6641053401615431,5.170129566666667,1.0513656333333332,0.16871203730503717,0.0
0.12988503233333334,23.978094188802995,0.6817444830516818,5.590662333333334,1.0271943466666666,0.18315015236536658,0.0033866564432779665
0.14465363,22.36815932107818,0.650315446384747,5.775649999999999,1.2073947333333335,0.20384046187003454,0.0032151540120442332
0.16645342333333332,20.513197600163465,0.6292385303430496,6.7120052,1.2276185333333334,0.18613558510939276,0.0013782183329263998
0.13258695666666664,20.84391389592011,0.6394499998759177,6.656738533333333,1.1915835666666668,0.186188668012619,0.0076229572296142335
0.077570582,23.13065891313815,0.6606427190076988,6.957953666666666,0.6022913866666667,0.18435566127300262,0.002126852671305333
0.3555383733333333,23.12504268578046,0.6737732890853966,5.0432456666666665,1.6316132833333332,0.20458822449048356,0.0009385744730631334
0.11354919333333334,25.092237850646484,0.7169497974732807,4.771111333333333,1.0763072433333332,0.18529815723498658,0.005334218343098867
0.2236458166666667,20.778948430035232,0.6180023740914994,6.2734204,1.0753914133333333,0.20017494261264798,0.005628426869710267
0.21769829,18.900145232944112,0.631676582843687,7.2568959333333325,1.4559268,0.19469572852055225,0.006267309188842734
0.149945832,21.446837916233232,0.6415036747601688,7.826873,1.0970147333333333,0.182986336449782,0.009155352910359633
0.14377578833333335,20.84184856529253,0.6183994998055818,7.590860033333333,1.1003969666666666,0.22663788497447965,0.003524939219156866
0.23825479500000002,21.911571574260687,0.6502399126804483,6.188118333333333,1.2236901500000001,0.2052175228794416,0.0046603679656982
0.18826053333333334,22.113326828746995,0.683171543978943,5.823854799999999,1.3688848,0.2006918961803118,0.0
0.11680445500000002,23.972810036050166,0.6973672783160012,6.083725766666667,0.9712465666666666,0.18473823865254715,0.005605379740397099
0.13948828666666666,22.684386798894817,0.6504236754881978,6.585613666666666,0.99962398,0.20607390006383255,0.0
0.077243621,25.132492587738284,0.687781412256323,6.924002133333333,1.0691948666666666,0.19154447813828782,0.0017697016398111668
0.07124422899999999,24.99233330559007,0.6983163341140844,7.023034266666667,0.9071107633333334,0.18278705577055607,0.0046337445576985666
0.13973290666666668,22.17146849965955,0.6716234277590233,6.903569999999999,0.9685902133333332,0.18392462531725562,0.0023708343505859336
0.3154374933333333,19.57412980774174,0.58515540070262,7.687160666666667,1.3380506133333334,0.2531567886471748,0.002861181894938133
0.18955574500000003,23.39911291612812,0.6541510384610595,6.950233933333333,1.2194140766666668,0.2196094865600268,0.0044116973876952665
0.09343375333333333,22.189911602295542,0.6233030461562762,8.630854666666666,1.0498404333333333,0.22811860342820478,0.0034465789794921337
0.16200116666666667,20.871093480137308,0.6199697194062641,7.7736529333333335,1.2642335666666666,0.22329188883304596,0.0025641918182372665
0.4788819633333334,19.876402175879946,0.6360834855067704,5.743382233333333,1.9895698000000002,0.23350163300832108,0.005015293757120734
0.10457318533333333,22.693089335164427,0.6390549080762895,7.629371033333334,1.0346001333333332,0.23507009943326315,0.0030858516693114996
0.06303325233333333,22.7501714519265,0.6080199697121599,8.580472166666667,0.7765748800000001,0.2529437641302745,0.0020255247751871665
0.39752305233333335,21.860269216441043,0.6517774625300419,5.279348866666666,1.7427601333333333,0.25340080261230463,0.0006371339162190667
0.13986437133333335,21.909045923116878,0.6690285483840648,7.065086566666667,1.3277678999999998,0.22402627766132355,0.004212299982706666
0.06909062333333334,23.185542091229042,0.6218978171759152,8.001330333333334,0.8010248833333332,0.26645842194557184,0.0
0.07259903466666667,21.00712725863058,0.5696475245778262,10.357153333333335,0.7100625933333333,0.28042404850323993,0.0023103555043538
0.069286774,22.561530486162734,0.5879347235936477,9.451897433333334,1.03141298,0.28771554430325824,0.0070906480153401
0.06012345499999999,22.96053038909788,0.6357890289614576,8.079048333333333,1.0352340133333333,0.2974659254153569,0.0021855036417643002
0.07813561666666667,21.836413583246316,0.609478361485036,8.305488666666667,0.8096774333333333,0.3126915593942006,0.0017743905385335
0.2585414266666667,18.88442589508145,0.6639893606153283,5.1390147,1.5618435333333334,0.26200174788633973,0.005454222361246701
0.3135140533333333,19.935917837178774,0.641121881263735,5.304793833333333,1.1599868000000002,0.2655503948529561,0.0018202463785807
0.17419843000000002,21.00539357250982,0.6718874012595496,5.1036151,1.1850684866666665,0.28278597941001254,0.0023994445800780665
0.13114733766666667,24.029536029979425,0.7292099066586921,4.846847333333334,0.9910483999999999,0.22549580037593833,0.008750836054484033
0.32795652666666664,25.787563236192213,0.7044930592831905,4.6489210666666665,1.17897881,0.14556870361169175,0.0014114379882812333
0.6747548933333333,18.44709552542284,0.39269918590579383,4.9972612,0.8303668000000001,0.12363822261492408,0.0067005157470702665
0.68998981,17.817540741152992,0.3846999954366144,5.6248636,0.8790518866666667,0.14008895556131995,0.0028869311014811
0.2650289433333333,20.534121534378524,0.4806826301520723,5.223919366666667,0.8006962666666667,0.1277728180090586,0.0011722246805826668
0.23126206333333335,20.190944424109603,0.4932108290709829,5.976823966666667,0.9492361666666667,0.13239358117183048,0.0048240820566813
0.3287107733333334,17.618198545390438,0.40852743471130243,7.3587008,0.7553052666666668,0.16498795400063196,0.0009366671244303333
0.318843365,18.92442024013633,0.47917962903223293,8.306319833333333,0.7102252633333334,0.18090344965457913,0.0020363330841064336
0.23069074599999997,19.012487999378745,0.47621517000372277,8.3057101,0.7629304,0.17898948490619657,0.0031697750091552665
0.17063792,19.024140403507435,0.5054707355020748,8.461773333333333,0.8382896433333332,0.1640476286411285,0.0051046212514241
0.13747416466666665,19.838185178811305,0.6047270801267223,8.899944333333332,0.8261687133333334,0.17714473605155945,0.0031030178070068
0.18673755666666667,18.206519066035153,0.5050907074610222,7.444640833333334,0.9244335666666667,0.16817572712898252,0.0
0.15797779766666667,19.347411315046614,0.5274120538037446,7.511327433333334,0.7267278533333333,0.1604008053739865,0.0056156317392984665
0.10870805666666666,19.92702105584246,0.6034888926764427,7.278704,1.02005461,0.1789612993597984,0.0041158199310302335
0.123267945,19.759615627087246,0.5517143689331953,7.889562333333333,0.8215466899999999,0.21366707980632774,0.0013528664906819335
0.19852628333333333,18.34305164805625,0.5142756441224782,8.803073766666666,0.8468309333333334,0.2824423710505168,0.0
0.08936595933333334,20.110956339821072,0.5557821752722142,9.232322333333334,0.6057733166666667,0.23921702305475867,0.0017612775166829335
0.092258135,20.222737598493314,0.5806454452452704,8.611315566666667,0.6308096266666666,0.2206691851218541,0.0010392665863036999
0.08115524666666667,20.290167225828263,0.5810266256267308,9.426780333333335,0.5854822833333334,0.24992135167121887,0.0033884843190511
0.075407095,20.547115619136108,0.5668007060194967,10.005858833333333,0.7011815466666667,0.29352826376756025,0.0024495124816894336
0.09638994466666667,19.851395775496083,0.5518665307263996,10.657384333333335,0.6507265766666667,0.2750391960144043,0.0045674641927083
0.06911049666666667,20.660304625920283,0.564236866490789,11.335192999999999,0.6876261,0.29653781155745185,0.0023279190063476
0.09479720200000001,19.485998378616173,0.5639724513050846,10.782047999999998,0.48620938999999996,0.2996078977982203,0.003710667292277
0.07831080333333335,20.242347098731543,0.5630094944308008,12.456050666666668,0.5294178566666666,0.30452681084473926,0.0
0.065573692,20.783137450724336,0.599978262493649,10.939076,0.6180553999999999,0.23765880862871805,0.0024325847625732
0.09102508,19.358658089385287,0.5311883016471985,12.950541000000001,0.5529402999999999,0.31686819593111676,0.0060350100199381
0.09729657666666668,19.135930059306393,0.5205611462550611,12.881623,0.5743067333333333,0.31966189046700794,0.0029041767120361
0.08334108866666667,20.505024468957085,0.545631891892928,11.033992666666668,0.6443142533333334,0.31591135263442993,0.0033581256866454996
0.11334681666666667,18.982314501201678,0.5505087656022484,10.548615333333332,0.5684080499999999,0.29460975527763367,0.0033418337504069
0.11314901466666667,19.68439603455484,0.5595772481252883,9.863161,0.6516746333333333,0.2575325568517049,0.004097143809000634
0.12813850666666668,19.402012311604203,0.530280574952349,10.113945666666668,0.5707648666666666,0.3175692359606425,0.00096329053243
0.09114191533333334,20.508309771971668,0.6002923230193784,9.180129133333333,0.6663752033333333,0.23405520617961884,0.0026007493336995
0.10436311466666666,20.06371904289671,0.5824003570561932,9.235244,0.7494770466666667,0.22090148429075873,0.0022780895233153998
0.11164474899999999,20.338306362897033,0.5962671543086437,9.124413333333335,0.6468882733333333,0.24232067167758942,0.0018805662790933998
0.11797774333333333,19.677566207737673,0.5758807366061941,9.374221666666667,0.6904141833333334,0.2343312601248423,0.0005065600077311
0.13225947600000001,19.556385584663136,0.5742758235058668,9.501245166666665,0.7354267,0.2448900739351908,0.0
0.11337817,20.481737992627878,0.6274789796278708,8.116943333333333,0.7735559333333333,0.17815003047386804,0.0017311573028564334
0.10757612566666667,19.983705916389045,0.5872163105863114,8.697711666666669,0.7539844333333333,0.2154797464609146,0.0
0.09891670133333334,20.091660324406188,0.5857428106466153,8.555968166666666,0.6654500633333333,0.25247257947921753,0.0034195582071939665
0.14804682333333333,20.15257210759677,0.612444084900397,7.1255004,0.76991011,0.21414386232693985,0.0033611456553140997
0.10385743799999998,22.15890707691605,0.649586467248397,6.486424333333333,0.9234651666666666,0.16174925367037454,0.004498879114786767
0.14047219933333335,19.70916160936821,0.5579824552114804,7.105779999999999,0.8665416366666666,0.19834886491298673,0.0009111563364664668
0.45754675333333333,24.392115833496167,0.6567185291269332,5.728617533333334,1.1719828333333333,0.1699085434277852,0.0019582112630208335
0.1968966466666667,23.943944648489175,0.6537377866956167,4.558269199999999,0.96265012,0.16854128489891684,0.0020674069722493335
0.11944488566666667,23.606098914868152,0.6582601396954715,4.856288566666667,0.9944187333333332,0.17323495944341016,0.0
0.10208103766666667,24.24168445188235,0.6804513606396901,5.900451799999999,0.9495406066666666,0.18394031623999277,0.0034955342610677002
0.08502719566666667,22.813507562959444,0.6455437889522924,6.878423699999999,0.9312384266666666,0.18826960027217857,0.0017657279968261667
0.06033236,22.951453083074487,0.6626083525174533,7.413948833333333,0.8759811533333334,0.1684070453047752,0.0032665729522704666
0.08910453533333333,21.676184679409214,0.630852872905671,7.525546666666666,0.7793684333333334,0.1681094070275624,0.004036585489908834
0.09049086533333334,21.41990550172714,0.6505180823804154,7.637158566666668,0.9036146333333334,0.20230049888292947,0.0006422201792399
0.06863593233333333,22.27695543831281,0.6544017264155834,7.237668033333333,0.9578341833333334,0.21011191109816232,0.005459149678548133
0.08686706666666667,20.752769490021468,0.6627722063445315,7.126383833333333,1.0704680566666667,0.18301484237114587,0.0
0.06393405733333334,21.812867287494765,0.6539305203273116,7.171039699999999,0.9258665633333333,0.1909278184175491,0.0026036898295084335
0.05355920533333333,21.96812208296566,0.6738326269205496,7.399750099999999,0.9537661566666666,0.18158884843190506,0.0019200642903645666
0.040949912666666664,22.53564888771139,0.6625200745865892,8.226868000000001,0.93340231,0.18825431168079373,0.0003742376963297333
0.050836559,21.28814779636404,0.651133438703758,8.5619832,0.9678598866666667,0.22043435772260025,0.0015650590260823333
0.040031519333333335,22.02503071368025,0.6380989012859671,9.295945,0.78367129,0.19764880339304605,0.0
0.042216239999999995,22.108612405097727,0.6350245024058946,9.348568666666667,0.9377412333333334,0.23769997060298917,0.0
0.045992381666666665,21.57579187580914,0.651789039506597,8.468868966666667,0.7565914333333333,0.19827644526958463,0.0036931832631428665
0.07256683466666666,20.367526065683737,0.605659632500613,9.125386866666666,1.02277465,0.24964777628580728,0.0025873184204101333
0.04690196666666666,21.623295056391697,0.6545438866040116,8.069977766666666,0.7728450166666666,0.2104302644729614,0.006167809168497666
0.04443001633333333,22.6145348202576,0.6548456402497563,8.046356666666666,1.0499591,0.2257935106754303,0.0034678777058919
0.057265391666666665,20.816227359499504,0.6309849499347097,8.670022833333332,0.6709024533333333,0.2319449534018834,0.0
0.068808683,21.16893977191295,0.6454151307790748,7.5539533,0.99261804,0.24105108777681983,0.005822181701660133
0.04509290466666666,23.158543359096274,0.6577369528059683,7.567453366666666,0.9277895433333333,0.21642979482809702,0.0008281866709391
0.045411749,22.17523951575593,0.6544258312879622,7.333067666666667,0.9251189833333333,0.24189807971318558,0.0033740997314453
0.06593924999999999,21.102730239201247,0.6442622083670136,6.722618766666667,1.0771557,0.25428978105386096,0.007520437240600533
0.065690852,21.446229625976482,0.6699591383320788,6.2865997,0.9426147566666666,0.21152330438295996,0.0034475326538085664
0.07009280999999999,20.95140053425832,0.6726761468636969,6.601225666666667,0.7177360333333334,0.21743911504745483,0.003418763478597
0.05487106666666666,21.846965728363056,0.6633531112934016,7.1696154000000005,0.9172659800000001,0.2298051963249842,0.0
0.06918786,20.788367896464596,0.657246465989294,6.506631233333334,0.9139415866666667,0.19256772597630814,0.0
0.12459655666666668,18.684542764659938,0.6446523164467096,5.890957866666667,1.2205825666666668,0.21660631895065308,0.0034490426381429003
0.6654843633333334,25.852564260932866,0.6810700101527282,4.528183599999999,1.0340299666666666,0.157404159506162,0.00411057472229
0.5368650733333333,21.800225463214176,0.5154973869676046,4.295829333333334,1.0867815166666668,0.1268245403965314,0.004813273747762001
1.3482033666666666,19.806950330221937,0.4704437310542929,5.401482566666666,1.0291880533333335,0.138012188176314,0.0022331078847249333
0.5387922733333333,18.69873191722823,0.4231554826617505,5.513163266666666,0.9585005833333332,0.12360224872827526,0.004451751708984333
0.40943890333333327,18.94518248229179,0.4847480421610839,5.6759195,1.2557646,0.11969221383333202,0.0034214655558268
0.32047955,19.93454298467481,0.5358968692222648,6.260020533333333,1.2719068,0.1400389298796653,0.0028324921925862337
0.26909871,18.829476999728268,0.49204447289899694,7.438173866666666,0.9014385666666667,0.14756783097982404,0.0012516180674235
0.1378157683333333,20.525373685277664,0.5501386944166055,7.675953000000001,0.6816511533333333,0.15021302302678421,0.003454605738321933
0.12881176333333336,21.816599507818193,0.6138873668433733,6.6971842,0.9642135666666666,0.14835335810979203,0.005385160446166967
0.25616416999999997,18.84206437671809,0.49049262488074946,6.931820566666667,0.7445697166666666,0.15747130413850144,0.010012865066528265
0.18148379,19.992035328020986,0.56802420119651,6.553584600000001,1.0945893899999999,0.188214639822642,0.0067787170410156
0.20813566000000003,19.796735570036432,0.5391959095942438,6.3870255,0.9330538000000002,0.17675181478261945,0.004648129145304334
0.19353728,20.041880605574416,0.5635743192110466,6.799983833333333,1.0784849,0.21585758527119955,0.006718635559082
0.3346692666666667,18.49025643829712,0.520760185028635,6.2399013,0.9706705266666665,0.19353111584981275,0.0065535704294839995
0.16413335999999998,22.301743244761553,0.6290802264339489,6.16438,1.1695246666666668,0.1807536234458287,0.0055064360300699335
0.13898680433333332,23.168799440777118,0.645245978984495,6.389242433333333,1.0655853800000001,0.17929393549760184,0.0
0.25101159,19.980608259013014,0.5596375440125806,6.920823000000001,1.0126535633333333,0.19774942100048065,0.002727588017781567
0.3760101333333334,18.428156992050184,0.5460547096172333,6.477910033333333,1.0165963,0.18431048343578968,0.0051174163818359
0.13971656999999998,21.717844441113225,0.6264470409929963,6.7393101,1.0801686566666666,0.1856248701612154,0.0033868948618570667
0.139664308,20.545713412341644,0.5560813929072891,7.873468233333334,0.8234785166666668,0.23943580190340677,0.0033782323201497332
0.101382386,20.83249643805597,0.6096224958690178,8.156467666666666,0.9405188500000001,0.19050030906995133,0.0088586012522379
0.17451286533333332,19.64793850522476,0.5700743144388665,8.4643929,0.9222976666666667,0.24723102152347565,0.003948529561360633
0.17540506333333336,19.197906879626814,0.5648079670489201,8.708416,0.9194602233333332,0.2241898775100708,0.0034267107645670337
0.09864956233333333,20.39398397330875,0.5966242798973564,9.370228333333333,0.8215140666666666,0.19698670009771976,0.0054246584574381
0.1309975396666667,19.438672144421915,0.5802970676536114,9.713669000000001,0.8635125066666666,0.22506822645664215,0.005272626876830967
0.10009663099999999,20.92670926608216,0.6152009601669838,9.204521666666666,0.8953826666666668,0.19596936305363968,0.0028582413991292
0.1323996013333333,20.155614428997577,0.6040836428996744,9.495911666666666,0.98067735,0.21047449111938474,0.0068562825520833
0.12786574466666667,20.590667186174304,0.5945445298929816,9.278365333333333,0.8543650833333333,0.23098655541737875,0.0027831395467122332
0.14988722,21.046171215252986,0.5817419614276144,9.076435333333334,0.8584426199999999,0.26726247866948444,0.0015517075856526666
0.14062097333333334,20.32051286135629,0.5950628134905701,8.967878666666666,1.02443848,0.24605387449264524,0.0
0.14758458666666666,20.298623514395008,0.5718283271804832,9.368690833333334,0.80216222,0.26803931097189587,0.004698514938354467
0.16271807133333335,20.337372913262787,0.5878912384903304,8.2469373,0.98594268,0.26967131098111463,0.007903258005777966
0.13564169,20.694777523872716,0.5790860990325521,8.551221833333335,0.8156167,0.2616042544444402,0.0053332646687825
0.12537267266666666,21.42041404306652,0.6353319739277848,7.306480866666667,0.8929714633333333,0.1871563841899236,0.0063079992930094005
0.13751549999999998,21.068252018577535,0.6235615592717904,6.931125300000001,0.9537051666666666,0.20786733428637183,0.004298845926920533
0.15633224999999998,20.522968339021002,0.6251648756478237,6.873396166666667,0.8667290333333334,0.19631300369898472,0.0030341148376464666
0.17460693333333333,20.612126586244116,0.6297966204041062,6.3447117,1.0508844833333333,0.21048726638158158,0.003978490829467733
0.17747976666666668,21.238122875157945,0.6431659224257602,6.0125879666666675,0.9497399666666667,0.19831405828396473,0.0
0.15849652,22.19122730645344,0.6960692386658348,4.970139033333333,1.1741542666666667,0.18041212111711494,0.0007228851318359333
1.04353003,21.647948206052295,0.5201703443882235,10.619881666666666,1.06775612,0.20223784446716309,0.005365371704101532
0.23288866833333333,23.17116224325024,0.6006625818226761,9.788468,1.3246483666666666,0.19427572687466932,0.0016048749287923
0.17739700733333333,21.9118530125678,0.5800071119794113,10.694503,1.4175557666666665,0.22840115924676252,0.005602041880289667
0.091922952,22.793000533402253,0.567569660200545,13.510250666666666,0.9974129666666666,0.23325209319591514,0.0028035640716552665
0.28641888200000004,23.297169972137656,0.5874424093658822,9.033964666666668,1.3748565766666667,0.2198338061571121,0.0010662873586018667
0.1964919363333333,23.905257806351802,0.6247229629141334,9.061787833333334,1.6696699000000004,0.19498074799776074,0.0026303927103678002
0.22825193666666665,22.91307337965388,0.5974759904203419,9.289306666666667,0.7520803699999999,0.2024885118007659,0.005413373311360666
0.2456406946666667,22.568829484328777,0.5888370781163407,9.698363666666667,1.0005090333333333,0.22597913940747572,0.006587266921997033
0.35232497,21.49063453705232,0.5919800116565913,8.030178600000001,1.4422909333333334,0.21922769149144491,0.0
0.14298632333333336,20.596689534855233,0.5638523106289585,12.033919333333335,1.0416452,0.24065467218557993,0.0028796195983886667
0.302546661,20.16825321352562,0.5316909157858122,12.904814333333334,0.8155477666666666,0.21553968389829,0.0055270989735921
0.12868761733333334,21.716774478104416,0.5659061054772786,12.36824,0.8806681333333334,0.24185009300708768,0.0
0.13091772499999998,23.48515305852453,0.5816524913242859,9.986328666666667,1.05566855,0.2306856314341227,0.0051325956980387
0.3418181066666666,19.998601534990552,0.5761344236268523,8.885351333333334,1.8320562000000002,0.2502166926860809,0.005125284194946267
0.1492118066666667,21.416047960832724,0.5886238799431015,11.236157833333332,1.1379794733333333,0.19595336417357123,0.009547472000122034
0.09956786333333334,23.441302764776733,0.5767035960026596,10.845580333333332,0.9689701333333334,0.2147710074981053,0.004776557286580367
0.09276430333333334,25.283413310333923,0.6267118069520563,9.334827333333335,0.8313623533333333,0.19177810102701184,0.0061254501342772995
0.106735992,24.568499870292992,0.5874816838354615,9.958559333333334,0.81588014,0.21293334662914273,0.002742052078247067
0.14578198766666667,24.031350056593883,0.6076230161608017,9.567766333333333,0.9358739866666667,0.1899743278821309,0.005093653996785433
0.11551426999999999,24.712296756003607,0.6467415107977194,8.965699833333334,1.0851191,0.18436190982659653,0.0032162666320800335
0.1457758,23.518469307880864,0.6071501020862972,9.331993000000002,0.8257785666666666,0.21976863841215766,0.005220095316568933
0.10869788000000001,23.4148025258911,0.5982730198314999,10.310540333333334,0.9891901533333334,0.23208456238110856,0.007107496261596634
0.1982322613333333,20.66315157066909,0.6011993662208247,8.831538333333333,1.2960508333333334,0.2241695920626322,0.008040587107340435
0.17538883333333333,25.881539026622477,0.6832389032120977,6.492658733333333,0.9685973466666667,0.227118673423926,0.0038563410441080337
0.10514130233333334,25.75977243193076,0.6779144126414117,6.605856466666666,0.9182599033333334,0.228410467505455,0.0
0.15719051333333334,23.12035140770187,0.6606437182696783,6.406883400000001,0.8686713866666667,0.23917359610398606,0.005216042200724267
0.06629747600000001,27.113491060093594,0.7232737924715732,5.733988866666667,1.0845869833333333,0.2416296899318695,0.0049638748168945
0.07424801566666667,26.684361011899654,0.7128629459255732,5.740546299999999,0.9266859866666667,0.24710860600074128,0.0018815994262695
0.21953219333333332,22.783475643455372,0.6710068498412695,6.020046499999999,1.1869481666666666,0.23279584447542825,0.008178313573201467
0.1854721686666667,22.273153152874613,0.6433070073590902,6.908368066666667,1.1830454000000001,0.24796423812707266,0.003031253814697233
0.124490995,20.54421083486997,0.5738515480377173,9.687100333333333,1.2460987433333333,0.2979041983683904,0.0061267217000325
0.064784535,20.71823368660276,0.5458783978468138,11.721283,0.9122382333333333,0.2934673229853311,0.007810910542805968
0.31918894200000003,21.483648361291827,0.3717726152496055,3.0088099666666666,0.9862481900000001,0.0711512093742688,0.0
0.25308369,18.45106838428909,0.3020829091979036,3.9069006666666666,0.59740866,0.08543221155802404,0.0026719570159912
0.23704680333333336,17.868337561717965,0.30783988954321395,4.661608933333333,0.6253408266666667,0.09117406606674189,0.007546106974283766
0.17580432666666668,19.004186282142125,0.367717948211639,5.809022233333333,0.68727769,0.11704426382978754,0.0050067106882731
0.11918689666666667,19.838636998052802,0.45287610515007076,6.319332800000001,0.7778153099999999,0.12600596745808915,0.004581610361735
0.10386148900000002,20.77037290746472,0.5443181066968616,6.469270533333333,0.7554520566666666,0.13817746440569556,0.0067059199015299
0.13114911,18.713383329089528,0.4510486411317314,6.8533713,0.6227489133333334,0.15269341816504794,0.005854209264119434
0.19562031800000002,17.3019853539564,0.4327923111052964,8.152127833333333,0.64312214,0.18708836038907364,0.0060659249623616
0.144640508,18.07722641533608,0.47865654614890163,7.553078166666666,0.7770703666666666,0.1723751972119013,0.0030280749003092004
0.10095949066666667,19.714453185637154,0.5811259793214777,7.751365333333333,0.8355445333333332,0.20049670338630673,0.0042921702067057
0.109784895,20.000106205796992,0.5401654018051388,7.591969,0.7394741566666667,0.21849549313386282,0.0038669109344482335
0.08630890166666667,20.189123370322374,0.5726621129495347,7.7829467,0.7785625033333333,0.2584331234296162,0.0020539760589599
0.099114908,19.829315222291935,0.5499332050860443,7.071289533333332,0.8053257,0.29930373032887775,0.0026748975118001
0.07426917833333334,21.052888755493814,0.6105952651612089,7.107607333333334,0.8130313533333334,0.2990645120541255,0.0043687025705973
0.07781188666666668,21.501919298945737,0.6241970464620246,6.6548221666666665,0.98037698,0.29955312609672546,0.0046780109405517
0.16555908533333333,19.865889437185043,0.6105978922184225,6.1451706,1.0904059566666666,0.3144814819097519,0.0036576588948567666
0.17631036,19.181353412830656,0.6259483788752007,5.608186233333334,1.2185987,0.28526004155476886,0.0
0.09925510733333331,21.500785933281648,0.6662790276462481,5.938339966666667,1.1453736333333333,0.26625264436006546,0.0033399264017740667
0.068064047,23.53876372598222,0.6837253794441044,6.4647058,1.0041147933333334,0.2628186345100403,0.003523429234822567
0.11246415700000001,20.140626024346464,0.6241249854190623,6.8344049,1.3175423000000002,0.298808013399442,0.0020155111948649
0.12479138000000001,19.447398390618538,0.6157642072907695,7.075486166666667,1.0166937666666664,0.2628425757090251,0.0040768782297769994
0.07455278566666666,21.68116562449399,0.6354481347237814,7.7307566,0.9069677133333333,0.25690480569998425,0.0052344799041747665
0.08222631166666668,20.013992576920504,0.5915709548715449,8.8621668,0.8071838000000001,0.32048079868157703,0.0033555030822753668
0.07305692633333333,20.89276885084423,0.6089418261639127,7.9719413333333335,0.7853196666666667,0.30671043197313935,0.0034410953521728
0.07312663266666668,21.51742328868288,0.6301016520541975,7.7225334,0.9873251666666666,0.3435198764006297,0.0043973128000894994
0.08029484999999999,21.126371212649005,0.6255965390002242,7.450726799999999,0.9007620800000001,0.30168509483337397,0.0063085556030272995
0.08492634733333333,20.57402674983278,0.6236826838112296,7.547940833333334,1.02984379,0.2926543354988098,0.004037300745646133
0.080230448,20.756758232657102,0.6085027937682898,8.212228533333334,0.8872059666666666,0.2979695002237956,0.0026929378509521333
0.07044794133333333,20.538288014841722,0.6054352395954693,8.714893,0.9393067133333334,0.3076573461294174,0.0024441083272297667
0.096029525,18.937795439616906,0.5688006059756753,9.1860805,0.6893494333333333,0.2906942814588547,0.0013391176859537668
0.069927267,20.556942787158224,0.6033225350990913,8.450271333333335,0.8371610333333334,0.2587101956208547,0.0018381277720133334
0.07279498200000001,20.12329113816651,0.6016532399209563,9.0522371,0.8297831666666666,0.26256973544756573,0.0006003379821777334
0.07186868066666667,20.657359950503643,0.6390176104249292,8.040236666666667,0.8777239633333332,0.2546715686718623,0.0
0.090954039,20.045349748278188,0.652996777166854,6.891867633333334,1.0322674666666667,0.23448213934898374,0.004754145940144833
0.11453559533333334,19.744935618874816,0.6401660788242168,6.413992633333334,0.8879414466666665,0.24208634595076237,0.004467566808064766
0.08041593066666668,22.265242643082626,0.704330523829273,5.3330867,1.1182001,0.21562488128741575,0.0016042391459147
0.189013595,19.847480101117505,0.6697943999365368,4.5631588,1.1886949466666668,0.22302271922429395,0.0
0.23690495333333336,19.658170942216856,0.6479736708683844,4.5088835,1.0519073499999998,0.2728987435499827,0.0013378461201985666
0.34337744666666664,28.14069413730517,0.7403732942176232,4.846712166666666,1.2366011666666668,0.15817538152138386,0.0006678899129231667
0.46293176333333336,22.2207722209898,0.3358801435364966,3.9372098666666666,1.0758161,0.09204885611931479,0.0031203428904215
0.30336922000000005,20.03122339379626,0.2751361058511498,4.140867966666666,0.8786668500000001,0.0980388224124908,0.0034455458323160667
0.6555277833333333,16.45352371054461,0.2485620799203052,4.820616066666667,0.7598269766666667,0.1276064962148666,0.0041069984436035
0.21506566333333335,20.576960431754582,0.4580904606950022,5.136841633333334,0.9541116333333334,0.10519110163052874,0.0005843639373779
0.31846618,17.246248695113763,0.3394353506725352,6.4821881333333335,0.8110045333333332,0.13673917949199668,0.007627089818318634
0.20751181333333335,17.90822180499764,0.3813953419759984,7.334810433333334,0.7448220633333333,0.12318833172321318,0.002112070719401
0.15923578666666666,18.590199734613503,0.44160641344056256,7.840462666666667,1.0192401333333334,0.14391636848449704,0.003233512242635033
0.12916743833333333,19.990045814680517,0.4835833479277214,7.273341166666667,0.9319315499999999,0.14108135302861527,0.0
0.18197805133333333,17.797886897991503,0.4462449585185831,8.644033233333333,0.7314549766666666,0.19946756958961484,0.0
0.19682137833333335,17.911322096587146,0.4652574721218081,7.670635233333333,0.7866466266666667,0.20178519686063126,0.005763530731201134
0.08924107799999999,19.588907880411067,0.522529002966297,8.814200333333334,0.83747045,0.24776284893353775,0.0
0.064889319,21.26561642462775,0.5751662859192788,7.746809333333332,0.8900136533333334,0.1829469303290049,0.004072984059651667
0.12189699333333333,18.347749662105684,0.5120389148493311,8.206145333333334,0.79287287,0.2259976466496785,0.0034527778625488
0.15212394233333332,18.91100535099381,0.5327213831334044,8.101098166666667,0.8375867066666666,0.23407053450743354,0.0017917950948079335
0.07832281166666666,20.75137665465473,0.5760117904486832,7.852586466666666,0.81612089,0.2537440260251363,0.0020951430002848002
0.15803386666666666,19.222969110301705,0.5644423100204866,6.816527233333333,0.9100019866666665,0.2426420946915944,0.0019883314768473002
0.08380843133333334,21.440007030333266,0.6052102387399386,6.763845466666666,0.9304687666666668,0.2584847509860992,0.0011590321858723667
0.13141722666666666,20.027234097639504,0.6241104679971923,5.868771466666666,0.9734638233333333,0.20676233371098832,0.0040054321289062006
0.17906281,20.496153626285757,0.6164150902343171,5.978279100000001,0.8976864133333334,0.22093208630879715,0.0017895698547363002
0.3713581733333333,17.35036478817224,0.577221505905655,5.571771699999999,1.0709702333333333,0.2734241187572479,0.006601095199584933
0.38523691,18.556328554789108,0.5900283183321257,5.847456533333333,1.2443316500000001,0.2728624592224757,0.004175265630086233
0.15441658,20.779791778980684,0.6300017676968147,5.6750167,0.7371108500000001,0.25274603565533954,0.003963232040405233
0.11972300666666667,21.51385316571874,0.6441021512718423,5.8341438,0.6548142666666666,0.26226362586021423,0.005337397257486933
0.08967039466666667,23.25695577396745,0.6712124525738865,5.265332699999999,0.7372998133333333,0.26249009370803833,0.0029141902923583668
0.21116386499999998,21.57545953983939,0.6274951023268597,5.455029333333333,1.1187133200000001,0.30435900886853534,0.0061254501342772995
0.10467852133333333,22.49527172449612,0.6408129542809178,5.753681866666667,1.0592364,0.33540353178977966,0.0036412874857584
0.073271841,23.161976336748122,0.686291510845856,6.089988900000001,0.9704727000000001,0.26128315428892773,0.0034747918446858665
0.09646624399999999,21.34300409665231,0.621630460235737,6.961902500000001,0.7769303166666667,0.3124232292175293,0.004726807276407867
0.11814600833333333,19.62558965257523,0.6125565401056581,6.649688766666666,0.5756564766666666,0.2656023253997167,0.004734834035237567
0.118500622,20.151897680644968,0.6154648401473609,7.023516,0.73107831,0.29833608865737915,0.0
0.12455749966666667,21.332086034023533,0.6347963285228336,6.043274566666667,0.9887962566666665,0.21991021931171414,0.004934151967366501
0.11732637333333333,21.693351435505523,0.6555346563179202,5.8936271666666675,0.7462188,0.27110818525155383,0.002520481745402
0.19050422,19.463405927734765,0.6189432074473608,5.6416257666666665,1.1210694333333333,0.26711498697598773,0.0034111340840657332
0.10646453633333335,21.61980417332437,0.6836407287278413,5.4506391333333335,0.9840529866666667,0.27611825118462247,0.0033595561981201
0.13464295333333334,20.824204926687184,0.6378621720080865,5.513171233333334,0.8239839666666665,0.25959133605162305,0.0031800270080566337
0.31908608,17.843150355430723,0.3307933823098683,6.2327085,0.7037487966666666,0.14581690728664393,0.0021260579427083335
0.15081570166666666,20.748920327798334,0.47475936379352385,6.322319666666666,0.8455845499999999,0.12570395569006595,0.0036714076995849002
0.14624911999999998,20.389789441007455,0.4591209313254434,5.690383366666666,0.9937694333333332,0.12935070693492887,0.0012540022532145
0.19339785333333334,18.856981767753485,0.45145815484087026,6.297069066666666,1.0211977666666667,0.13606827706098554,0.006024758021036733
0.18580949333333333,19.45224316922813,0.47895683822524954,5.998124566666667,0.9939566533333334,0.1513402213652928,0.0017372767130533666
0.29162496666666665,18.078278889025643,0.478506209014484,5.490346,1.1729104133333335,0.156636560956637,0.0013573169708251667
0.3815836733333333,16.929279640713762,0.4579409104590111,5.449999266666667,1.1651134666666667,0.20767332613468167,0.0061059792836507
0.40997493,16.198700948493126,0.4822378245040033,5.604065066666666,1.1498181,0.23441981772581735,0.0
0.2285990033333333,18.044840342697402,0.5499888636843023,5.2848105,1.2448868333333334,0.22619352738062537,0.0030918916066487337
0.21019145999999997,18.110868572768002,0.5380716335281455,6.1377444,1.09838029,0.24594734112421665,0.004791180292765267
0.20603889333333333,17.926374817561825,0.5498250501292283,6.626093999999999,1.0576709666666666,0.22630397975444794,0.0020248095194498666
0.077811971,21.430957296512958,0.6387991747038848,6.523355,1.0655379866666668,0.18533806999524427,0.0020069281260172334
0.12386698266666667,19.541569874261416,0.6264794683712767,6.558616166666667,1.0682517333333335,0.19255884488423666,0.0034489631652832
0.12586268566666667,19.814615358204406,0.5812500057703908,7.978812766666667,0.8322993666666667,0.2819829632838567,0.004560232162475533
0.12490931133333333,19.239707096887578,0.6302358004173412,6.638055466666667,1.2369589333333333,0.21532689034938812,0.0024107297261555666
0.08747502,21.690102506598475,0.6513747493336036,6.671719033333333,0.9851077666666667,0.2341097568472226,0.003490050633748333
0.08200546766666668,22.234870253631488,0.673676391460639,5.913216466666666,1.1415166333333333,0.2250798592964808,0.003643512725830033
0.12735171833333334,21.23174762202655,0.6638183517448312,5.894302366666667,1.0977385000000002,0.2388566533724467,0.0026752948760986
0.14844867666666664,19.97376737769675,0.6558606736614492,5.792755233333334,1.1700166666666667,0.2389729619026184,0.0021199385325113332
0.14353280333333332,20.342802798917518,0.6467186695474901,6.003383666666667,1.2635620666666667,0.2678760488828023,0.0034119288126627334
0.07206272366666666,22.593879239763595,0.6610674614497661,6.3757195,1.0713447233333333,0.28391875823338825,0.005407015482584566
0.12061489666666668,19.518186823746216,0.6167585369275779,6.422532100000001,1.0039390833333333,0.27432723343372345,0.006785949071248367
0.091977349,20.73894572104028,0.6399938652310677,6.493627333333333,1.1215153666666666,0.2593725224335988,0.0
0.11971002866666665,18.961898917189636,0.5932112017683481,7.091239466666667,1.1021552000000001,0.2962232232093811,0.002179145812988267
0.08974484133333334,19.809885101119036,0.5890684796929119,7.406327900000001,0.7336026800000001,0.2791566848754883,0.004015366236368767
0.09727414333333333,20.167618310811545,0.6121946838942024,6.821169266666668,0.75907997,0.28002460300922394,0.0
0.10617835799999999,21.093043196942286,0.6576346616707339,6.083093066666667,0.9787184533333333,0.25113873183727264,0.0013984839121500333
0.10451229,21.186442639839495,0.6560131104567205,5.759059566666667,1.0981669166666668,0.26256071527798963,0.0038939317067464003
0.13563938666666667,20.734429867006583,0.6362126322358539,5.572708333333334,0.8921820333333333,0.26173437138398487,0.0024480024973551
0.10725106333333334,22.311037452617043,0.6619999702455287,5.2965127,1.0973357833333333,0.2536932528018951,0.006324529647827066
0.17814375666666668,19.1054680390517,0.5567623583879774,5.7618637,0.83885884,0.23135153949260712,0.0014650026957193998
0.15288052,18.86063568701886,0.5535216578448582,6.199315500000001,0.7927694366666665,0.24752735594908395,0.0013826688130696334
0.08969094666666666,20.33947449249699,0.5779654104143881,6.155459333333333,0.7145563466666666,0.22571996847788492,0.0037833849589029665
0.10273649866666668,19.898363708378,0.5682297532122734,5.798201233333333,0.69846241,0.1913686667879422,0.0008437633514404001
0.15346943,20.286914017258514,0.5438722966653712,5.444755666666666,0.9312511,0.2105092108249664,0.005381902058919232
0.1382634,19.67797182032365,0.4923443322414185,4.927271,0.9622202866666667,0.19995424648125962,0.0017372767130533666
0.18767877,19.537766803664866,0.47174706541546413,4.9911047,0.75771889,0.20181441555420557,0.0005819797515869
1.04760035,26.422761573456526,0.6466277461679429,2.8638999666666667,1.5302465333333333,0.09469694147507346,0.0
2.8355247833333332,21.998640922037747,0.19398416248263328,2.6611916,1.2047120333333334,0.06820235649744663,0.0014275709788004335
1.81605042,20.357766815509333,0.13515278760360802,2.8222918666666668,1.3510317666666667,0.08475978175799047,0.0055170059204101
1.2019657766666665,20.32477085835828,0.16212913537817075,3.674419733333334,1.1084295666666666,0.11438891539971026,0.0
1.22296781,18.031759656160265,0.1520573828245432,4.308753733333333,1.0535093666666666,0.14141020923852918,0.0014832019805908001
0.7370399566666667,17.763642827800243,0.17821728117140948,4.795680933333334,0.9819657766666667,0.13109581172466275,0.004868110020955367
0.32064010333333337,21.41858368086464,0.23710913828690752,4.224254433333333,0.7819307533333334,0.09468848506609595,0.0016730626424153333
0.7864136300000001,17.71288536408706,0.19863263856060634,4.907298433333333,1.0486891333333332,0.12789857635895405,0.0008824666341145667
0.45152304666666665,20.24005602576379,0.24606246305388457,4.5332014,0.9915797833333334,0.11396883179744083,0.0018612543741861668
0.39964427666666663,20.869424248439106,0.2587440936548934,4.373010466666667,0.8570486266666667,0.10104332988460857,0.0057463645935057995
0.58887899,20.41392713045462,0.27060034964894353,4.9801579333333335,0.8983422900000001,0.16102575759092966,0.0033726692199707
0.6667403766666666,19.433711687938963,0.2628060136232413,5.121818466666666,1.0141690766666667,0.14306179682413736,0.0034542083740234336
0.32400077666666666,20.583467806426267,0.31034773845078,5.320534266666667,0.6819890933333334,0.14792922635873157,0.0010901292165120334
0.38971368,20.07217634167542,0.29697495361616727,5.307275766666667,0.8455291333333333,0.14011833568414048,0.0012539227803548
0.3496386266666667,20.52435594849155,0.31846151041407306,5.191445766666667,0.8844962933333332,0.13153232137362156,0.0013392766316731666
0.5188928199999999,19.041322798331986,0.29323156768117065,5.7466686,0.8568039333333334,0.16861315071582791,0.0033698081970214666
0.41029117000000004,20.50913670127255,0.342664538906346,5.118428333333333,0.9251141,0.1564266333977381,0.0028045177459716662
0.8404334433333333,19.79959081525475,0.3158791264853347,5.030208200000001,0.8994841666666668,0.15190079559882483,0.0008553663889567
0.6769585466666665,20.875106753333945,0.3432832889712856,4.978074,0.9439830366666667,0.15754531820615128,0.0019474029541015332
0.8187877800000001,19.58284538658844,0.3113962944218786,5.242571866666666,0.9116543133333331,0.1837512503067652,0.003045399983723933
1.1768710966666667,21.665856682597806,0.35406578323212917,4.801739733333334,0.9715829333333333,0.15258577962716416,0.0033504168192545337
0.5201201266666666,21.927405844618637,0.3592665140769635,4.7865107,1.0070014,0.17769902944564817,0.0017189184824625333
0.8767710666666667,21.122309102078223,0.3632263240417026,4.6139087000000005,1.1629949999999998,0.16637263447046277,0.0006693204243977667
0.42335027333333336,21.875280751766706,0.36813070496080974,4.885030899999999,1.0319432333333334,0.18076868851979574,0.005313316980997667
0.24400550666666665,23.646414201245406,0.38989152553053624,4.8975534666666665,0.7788537233333334,0.15556877851486206,0.0032362937927245664
0.7088048266666668,18.934956666966418,0.33368271009675343,5.421282333333333,0.7860588000000001,0.1579418505231539,0.0027227401733398333
0.32122766666666663,21.424841945101168,0.37438489588905677,4.9319504,0.9600866666666666,0.16152328252792356,0.0008904933929443333
0.24940469666666668,21.189881910557386,0.3943032335851104,4.6649302666666665,0.8655208666666666,0.13965078194936115,0.005324363708496034
0.34065964,19.816777674477134,0.37536697219618437,5.115067466666667,0.8809975200000001,0.14185766379038492,0.0009549458821614333
0.39032219666666673,20.141224272595608,0.37061810144681084,5.546241766666667,0.97771258,0.17640184362729386,0.0069308280944824
0.44282961,19.641114593222863,0.3645218987362117,5.539935866666667,0.9861261,0.16294443110624943,0.0037447611490885337
0.51550795,19.478577254352242,0.3633514189886782,5.480359433333334,1.0354045,0.17630462348461148,0.0018374125162760333
0.41811210333333326,20.670439537269417,0.37640103181080625,4.9207339333333335,0.92963892,0.13808871308962498,0.0032351811726887996
0.34461519,20.79567895383717,0.37821474963799995,4.919942366666667,0.98990338,0.12599866588910422,0.0027939478556315
0.42709436333333334,20.713570001633677,0.3812081313837423,5.712443233333333,0.7612659333333333,0.15916485339403147,0.007060766220092734
0.4054922566666667,20.582591966432158,0.36461968107252085,5.741664233333334,0.90768623,0.16959405938784278,0.0021611849466959335
0.5062023033333334,19.432525253032043,0.33429686482782883,6.004639633333333,0.7946871,0.1656069606542587,0.0
0.4926433866666667,19.75245915226221,0.3529156659218975,5.7832575,0.8796571000000001,0.1623116830984751,0.0068007310231526326
0.49552156999999997,19.624966924244607,0.3401835154216873,6.251731799999999,0.74884292,0.17662660032510755,0.0
0.38274427333333344,19.245806582611532,0.33748076444370145,5.959821833333333,0.7462768666666667,0.19965368509292603,0.0005989074707031
0.45382843333333334,18.36967833461227,0.3170539005013954,6.250244866666667,0.7561817999999999,0.19008272886276245,0.0017393430074055666
0.45402097999999996,18.70717184103811,0.3110648590228558,5.459101266666667,0.7929842666666667,0.1824328651030858,0.002501169840494767
0.4818366766666667,20.546940665959934,0.2829097376105228,2.883809266666667,0.9711535633333334,0.08250075330336883,0.0020981629689534333
0.25150244,20.239187906131647,0.3022017808582512,3.0835119333333334,0.7970101666666668,0.0773883834481239,0.0029439926147460673
0.18939210333333334,20.77711608510772,0.3836306904488405,3.5070686,0.8008094833333335,0.08829557398955024,0.0015594164530436001
0.129564794,22.660558620808747,0.4937623815432519,3.9089321,0.9867005266666666,0.08648227155208583,0.0013405481974283666
0.21421331333333335,19.493209433756828,0.3996230376419431,4.709025633333334,0.8137371833333334,0.14111900826295212,0.0034733613332112337
0.121643768,20.316714131390864,0.509279265744005,5.411354866666667,0.7563924233333333,0.11483575403690337,0.0039958159128824665
0.146079855,18.3540587990651,0.478847618457362,6.018084133333333,0.7498923999999999,0.15803046524524686,0.006052811940511033
0.10521004566666665,19.736404808240366,0.5474351537101035,6.0486844333333325,0.9214538333333332,0.12731027354796723,0.002427339553833
0.116838942,19.066619972613502,0.5372232696576607,6.2170542,0.7706866133333333,0.16230945785840348,0.0033504962921142335
0.10675280166666667,19.07052598972483,0.5450817846932643,6.517713666666666,0.8389571766666667,0.18257563312848404,0.002051115036010733
0.068749409,20.485435442252285,0.6010051075956604,6.500501,0.6775246233333334,0.18015402058760321,0.004323879877726234
0.061840739,21.64407867357289,0.6095727126290441,5.7451341000000005,0.7464787033333332,0.17353921631971994,0.007043838500976534
0.16880084733333334,18.74745980844629,0.5059757945199745,6.3871999,0.8393349466666667,0.2534684687852859,0.003919442494710233
0.13217541666666668,20.05566840957088,0.551126947737344,5.8844525333333335,0.7680565500000002,0.2272998640934626,0.0006103515625
0.188333292,19.131986632885283,0.5495802849504828,5.4377025,0.8957474799999999,0.24331146975358328,0.0018235842386881333
0.08068407966666667,21.875582011201818,0.6421352501849393,5.397546333333334,0.97343601,0.22261584550142288,0.003588596979777
0.10992102166666666,21.337889528086208,0.6289434542610212,5.5545252666666665,0.83204762,0.24798482159773505,0.0047938028971354
0.08500184166666667,22.098440615496244,0.6393333118049166,5.6339385,0.9359721333333333,0.22821046163638428,0.0028350353240966333
0.06105596,22.9775982189925,0.6736283114186375,5.999939466666667,0.9196406166666667,0.2170775979757308,0.004163821538289367
0.058333675,22.684758812275835,0.6812123422265132,6.374320566666667,0.9041031666666667,0.1901237194736798,0.0048451423645019
0.06089522666666666,20.97597305280644,0.6303655864659942,7.420558666666667,0.8343734433333333,0.22671707471211752,0.0
0.07017166733333334,19.63621470839622,0.5688491015503749,9.117445866666666,0.6553078366666666,0.29772938291231793,0.0024062792460123666
0.044273257,21.83777032838547,0.646587989216667,7.7927133,0.8105676166666668,0.1973173369963964,0.0033508936564127334
0.056582256666666664,20.86170845177058,0.6217157157615114,8.559546,0.7883811133333333,0.24241205553213754,0.0014306704203287668
0.06922635066666667,19.14415334087654,0.5963785529042338,8.790515166666667,0.7679793766666667,0.2733199099699655,0.0
0.038705835,21.756101953979538,0.6420414938530798,8.181675333333333,0.7940656633333333,0.21777490774790442,0.0012399355570475
0.041031932,21.35963038505457,0.6414726206339236,8.149114866666666,0.8115686566666667,0.2211098919312159,0.0034214655558268
0.05623092633333333,21.11838477384817,0.6297272760432683,7.6131883333333334,0.8575649933333334,0.2657696654399236,0.003762165705362933
0.08167166666666667,19.82114498063829,0.5931806808515687,7.641390666666666,0.5661045833333334,0.24309039115905753,0.002942959467569967
0.068969874,19.955589799485278,0.6240953466056872,7.694572333333333,0.7847516933333334,0.21113644043604532,0.0
0.065048296,21.04084999753649,0.6264649756122799,7.502767333333332,0.8150860166666667,0.23515395323435465,0.0
0.08344581766666666,20.858667982276092,0.6352535014348781,7.237664166666668,0.9107425466666665,0.2548895180225372,0.0006693998972574666
0.0702356,21.658672187921393,0.6872434429475449,6.334571599999999,1.0318060900000001,0.1885750244061152,0.006143808364868133
0.09583687533333334,20.878565660898186,0.6497104902010972,6.697660166666666,1.0019925533333334,0.21947333216667173,0.0054845015207926
0.13465617,19.844973162755178,0.6411548971681668,6.635053800000001,0.9158400833333333,0.21212003628412882,0.0016537507375081334
0.11544864333333334,19.501071278689366,0.6087521791776879,6.611881666666666,0.97629818,0.18125409384568525,0.0022404193878173334
0.12146543466666666,17.645862657090817,0.5151226402114789,25.735653333333335,0.8876404000000001,0.268055573105812,0.0060320695241292
0.20503701133333332,17.666924145705334,0.5007173312329541,19.919058,1.1848751866666667,0.3090979953606923,0.0034526983896890997
0.17615039999999996,22.911888437864956,0.5778849701558513,11.588048,1.0225655833333334,0.23587762316068014,0.005016167958577434
0.2863452033333333,17.901297683237292,0.5374005413936475,14.0234065,1.3121601866666666,0.24742003778616586,0.0034419695536295337
0.19343564533333335,20.137915001840724,0.5310672789168754,14.577595,1.10070395,0.2438984016577402,0.004892269770304301
0.144339669,21.536023763566245,0.5275094476730625,13.711102333333335,1.0150136766666666,0.22959628701210022,0.004187345504760733
0.21571978333333333,21.203918939938166,0.5743907049954108,11.643964666666667,1.0644849333333333,0.24229957163333884,0.0
0.333253534,19.656116046911396,0.543283656809741,10.95375,1.4156727666666666,0.24909919500350952,0.0036524931589762
0.131209778,25.53781473847971,0.6557534038363592,7.304854433333333,0.9753834566666667,0.21249150733153022,0.0047716299692789
0.11103345166666667,23.354740068770084,0.5577931847891778,10.976592000000002,0.9143743666666667,0.24184115231037137,0.0
0.16596634333333332,23.8651977376108,0.6091540315693726,9.494611,1.0218527333333334,0.2256141553322474,0.0
0.18226408466666666,23.064326004508704,0.5884687730432725,9.466878,1.4066086,0.2500391999880473,0.0024950504302978
0.20967520066666667,23.589450047477154,0.6112347661476213,8.473463466666667,1.3245050666666667,0.24564629048109055,0.0025856494903564336
0.111341181,25.205078699620213,0.6384850761143586,9.091828,0.7974844533333334,0.20336959014336262,0.0025192101796468
0.290773031,22.02679608094792,0.5900133550970136,9.407235,0.8503462700000001,0.22633016606171927,0.0
0.08774879833333334,25.809112141922146,0.6313765464099355,9.239812333333333,0.82839728,0.21437604228655494,0.0
0.1410183,23.766347261324384,0.5928133566307223,9.157743333333334,1.1459048,0.24644776185353592,0.003679037094116167
0.17973884133333332,24.224307416963498,0.611336364682819,9.658937333333332,0.9032515666666665,0.21053480605284372,0.0034039020538329666
0.10584538766666667,24.71506748370697,0.6185101004756701,9.605290833333333,1.0585847666666668,0.2092344512542088,0.0014441013336181335
0.16702350233333332,23.34770984453901,0.5937125295082518,10.346493,0.9313053433333334,0.217414324482282,0.0028301080067952
0.2764327553333334,20.964572623704196,0.5614914937488028,10.551630000000001,1.2211952466666667,0.23191761970520017,0.0021954377492268665
0.2980325413333333,22.967177873284143,0.5964240004106353,9.988531666666667,0.9488357466666667,0.20268224179744718,0.0032220681508381664
0.22456846866666666,22.566698083716364,0.5742890801302147,10.329849,0.9336104199999999,0.2485183080037435,0.0033418337504069
0.20537263433333333,21.936642902878916,0.5687920635460154,10.996055333333333,0.8174275666666667,0.2657452374696731,0.0021479129791259666
0.170209288,19.875710566263404,0.5569349945445506,11.668345666666667,0.9936153133333333,0.2456458806991577,0.0023258527119954333
0.08723003066666667,22.325648208402782,0.5590342310738851,12.214908166666667,0.9934359666666666,0.28383602698644,0.0023690859476725
0.06729602166666666,22.00156753523301,0.5443180464597742,13.271347666666665,0.97535645,0.28109464546044666,0.0013400713602701668
0.18272477833333334,22.10131117912154,0.5765576900191207,9.927330333333332,1.2514010500000001,0.299807608127594,0.0017035007476806335
0.069957308,26.320753065898348,0.6613016615070774,7.6949518999999995,1.0012818066666667,0.2247874140739441,0.0043056805928548
0.14707101666666667,23.72018844352674,0.6525398195813036,7.501214466666667,1.0316136,0.2367516259352366,0.0040171941121419
0.14536235,16.31179020392864,0.4891991489617699,27.538348666666668,0.8657657533333333,0.2915600736935933,0.0019667943318684667
0.3699650733333333,26.64454185582682,0.7034471559092416,3.5810057333333334,1.2160924333333334,0.14441188424825666,0.0
0.33976838,24.931632694929363,0.5824029252858361,3.7669760999999995,0.9731601333333333,0.10300786296526589,0.0035332043965657003
0.7854188899999999,19.66248703143233,0.38522023769892194,4.1047655,1.1688332333333333,0.10664966205755866,0.0
0.31352513,20.53484574824654,0.4346774737938434,4.724166166666667,0.9307057266666666,0.11411787072817485,0.0015638669331868333
0.31258694666666664,19.364182719197103,0.4176562119652467,6.0485932333333325,0.9501557533333335,0.12862968444824216,0.002262274424235
0.21030066333333333,20.522838629722468,0.5039991037069204,6.2804236,0.9543416766666666,0.14604553083578745,0.0010042985280354667
0.1702008833333333,20.965245754744554,0.5190174830711091,7.249427,0.8964883333333334,0.15857511758804319,0.0
0.16211442666666667,20.44991761397843,0.5152774431517734,7.708790666666666,0.9538981866666667,0.15912033120791116,0.008381764094034799
0.13290118466666667,21.1482461136942,0.5599967527869079,6.9901844,0.8620565333333333,0.1357754270235697,0.003828446070353167
0.17192005666666668,19.15818006825678,0.4876319813171608,7.136480466666668,0.7274934133333333,0.15609356015920636,0.004057725270589166
0.11434126866666668,20.054278648310714,0.5625463947954319,7.097247,0.9856405533333333,0.14767641822497046,0.0022123654683430666
0.10199242333333335,20.61780619471457,0.5739627275449452,7.429104333333334,1.0346368799999999,0.1592760384082794,0.0027292569478352333
0.13805776,19.856196687534496,0.5479279177123332,7.7372032,1.0045766200000001,0.19017533461252842,0.0015972455342610666
0.13775774,20.002006484523843,0.5359208906681859,7.6619725333333335,0.7769683066666667,0.17708239952723184,0.0080154736836751
0.14918528566666667,19.086135809412966,0.5436712468204753,7.671636866666667,1.0122179,0.16738590598106384,0.0027595361073811664
0.078004981,21.350427875809505,0.5668455000380508,7.859433333333334,0.7184641866666667,0.18729967623949043,0.0042359034220377
0.10679456500000001,20.224110805586577,0.5633426247354008,7.984252466666668,0.6413026033333333,0.1908012777566909,0.0013388792673746667
0.17157461266666665,19.387458635553724,0.5531721185829732,7.2951729,1.0409051333333332,0.18981264531612396,0.005874395370483333
0.080741247,21.479752283806068,0.6285125067293972,7.427882333333333,0.7483295333333334,0.15909715493520096,0.0017666816711425332
0.15212747333333332,19.805764720380225,0.6082402596098961,7.314517566666666,0.9744846666666667,0.16594087084134415,0.004875421524047833
0.27031694666666667,17.59380368927999,0.5202871207020595,9.325066999999999,0.8877748233333334,0.2111773739258448,0.0013190110524495334
0.12886300533333334,19.434207270103617,0.5673844002950588,8.654876133333333,0.9710103466666666,0.19501236577828726,0.0036138693491617664
0.15465881533333334,18.81922146976036,0.5252600758818269,8.683358233333333,0.80096223,0.21016619602839148,0.0017290115356445
0.11922456333333331,19.327779866815217,0.5309073170860382,9.793823999999999,0.7432139233333332,0.21530729532241813,0.0012163321177164667
0.10519618666666668,19.490342528422744,0.5317619303372702,8.979259333333333,0.7021623899999999,0.2203137675921122,0.005441745122273733
0.120984354,19.91849364228916,0.550019099950264,8.610949533333335,0.8377069166666665,0.21198240915934238,0.0
0.10598136466666667,20.520986775473848,0.5677888743247502,8.386811466666666,0.8106184000000001,0.216975008447965,0.0048428376515706
0.15889828666666667,19.597022060727046,0.5393370693959071,7.816723533333334,0.8471826166666666,0.2210101087888082,0.0016760031382242668
0.14915673333333335,20.48262850071096,0.5747272285723407,7.703498433333334,0.77034239,0.22225714226563772,0.0010599295298258334
0.14252694666666668,20.788007430340212,0.5800188817576093,6.8087851666666666,0.7458597233333334,0.19303085903326667,0.0023850599924723002
0.19941826666666665,19.81402851823068,0.5816950874438441,6.345831866666667,1.0152992666666665,0.1747777163982391,0.0026876131693522004
0.19058249000000002,20.33439630224453,0.5877384708871426,6.1812097,0.9148219433333334,0.18804199496905005,0.0
0.174901008,20.831422611265072,0.611065392173177,5.8190092,0.9649012199999999,0.16505706806977585,0.0012567043304443333
0.122609178,21.874520893415408,0.6295569712315414,5.542733466666667,0.9226272733333333,0.1594274118542671,0.0009610652923583667
0.11228628666666668,22.092324185067028,0.6500068264397408,5.558626366666666,0.8254202033333334,0.15085139125585553,0.007537762324015266
0.10485568666666666,21.990716302035064,0.6253487275313971,5.511682566666667,0.8017042666666666,0.1706814393401145,0.002803881963094067
0.14386127333333332,21.01320257687284,0.575030546255592,5.440727233333334,0.7654302166666667,0.17860716332991913,0.0026509761810302665
0.2766528623333333,23.652801199047502,0.5992477260421079,9.613328000000001,0.9348028433333333,0.19861246148745212,0.003941535949707
0.2524250983333334,23.61182449875697,0.6504719459716735,6.918614866666666,1.3421394333333332,0.17707184453805283,0.008303006490071567
0.22994468199999998,22.116220656060708,0.6043031374137477,7.722950066666667,1.02255602,0.18294325967629751,0.0035243829091389667
0.154819066,23.925888948545225,0.6654421331138435,7.404886333333333,1.1403665666666665,0.1799302101135253,0.003046751022338834
0.27979541,19.931116530181168,0.6071076992730915,7.949599333333334,1.3023495999999999,0.19669847687085465,0.004086097081502267
0.16494404333333332,23.633761750494077,0.6790018595994599,7.185034900000001,1.2932870200000002,0.16790892928838722,0.004161596298217733
0.190555009,23.075474552705753,0.6516916057532754,8.536158333333335,1.2873285333333333,0.19906541208426154,0.0034786065419514667
0.34907482,20.605947311249622,0.6240183854992182,7.2425061,1.4540460333333334,0.19724276661872864,0.0034212271372477
0.28806348666666665,19.86732544654527,0.6113497308395469,7.093042666666666,1.19107982,0.20217779527107868,0.0
0.20387677,19.06185678608639,0.5930811343733174,7.734360766666668,1.1381422666666667,0.2413438359896342,0.0013678868611653333
0.09428833333333335,21.937974223278246,0.6672428639871762,7.038649833333333,0.8635467033333333,0.2038161903619766,0.0016465981801350668
0.17735524800000002,20.050948809452052,0.603657785594505,7.660126533333333,0.9557356800000001,0.24656559278567633,0.0017956892649332668
0.135029318,21.12246599795667,0.625621573685108,7.5886335,0.8486024200000001,0.21523864567279816,0.0033767223358154
0.09887072000000001,22.501622766544727,0.6740978153107505,7.386916799999999,0.9013616,0.19370594620704643,0.0007228056589762334
0.15663547666666666,21.195921893370834,0.6280194478801404,8.157589999999999,0.7937437533333332,0.22870017091433206,0.0015863577524820665
0.106293794,21.899486652549694,0.6500940617644863,8.661242066666667,0.9274915866666666,0.2292240808407465,0.0056464672088622665
0.17816532333333332,20.629222680012802,0.616366828356079,9.032863666666666,1.0918577666666667,0.25867557525634766,0.004454930623372367
0.2295009866666667,20.31468386427194,0.6066459460797508,8.198360333333333,1.1756189566666666,0.23217026392618814,0.0
0.30116185,19.829173892028322,0.6069082323115679,7.991686666666666,1.0347502866666667,0.18303983906904853,0.0033777554829915336
0.2826496866666667,21.376028904436495,0.6439410915073441,7.666015133333333,1.16494282,0.17434535920619962,0.0033729076385498
0.12398305666666666,23.035148220459362,0.6541249987625937,8.834932833333333,0.9735520233333332,0.17574756840864814,0.0009277661641438666
0.168416258,20.64958801582871,0.6076796319323771,9.762222333333334,1.0764672,0.21286270519097641,0.0026719570159912
0.14739019900000003,21.411155547891074,0.6282910193591552,9.435123500000001,1.10674568,0.2218050758043925,0.004548390706380166
0.17181050533333334,21.03531191021284,0.6341660124516212,8.700713766666667,1.0228247333333333,0.19381504257520035,0.0044584274291992005
0.22800289333333335,18.39272958861477,0.5434515807008832,10.644908333333333,0.8787380666666668,0.24717045823733005,0.0
0.18606407333333333,19.915739870580875,0.5966214398655874,9.725902,0.9090313866666667,0.2075538088877996,0.006970246632893833
0.12920045,19.92424012389981,0.5789396403128361,10.621061000000001,0.8592697166666667,0.2081531087557474,0.0030670166015624666
0.12411938,21.403360964221275,0.6123750032298537,9.346903666666666,0.8264184666666666,0.20325887699921927,0.005836566289265933
0.18709699666666668,18.49244033056914,0.5799800649985608,8.900745666666667,1.0975342333333333,0.21407878895600638,0.0036710103352864
0.09285515666666666,20.886211715882695,0.6120875993129844,8.985330833333334,0.9909116666666667,0.21486055354277286,0.002801656723022433
0.10955800766666668,19.93964682329839,0.6006627786040407,9.537135333333334,0.95888545,0.22250835597515103,0.006511211395263634
0.11997008166666667,20.503974132047237,0.594259781588461,8.768560666666666,0.9255975666666667,0.21701649328072858,0.0033526420593261667
0.086562553,24.715405581173272,0.6949797008919321,6.236176633333333,1.05886145,0.22841047743956247,0.0024598439534505
0.083873141,22.660756274630913,0.6528272422249031,7.186859766666667,1.1247166,0.2225923786560694,0.0037004947662353
0.06418518333333334,21.55602785903737,0.633747991220759,8.2737635,1.0150674866666665,0.20723595718542734,0.004806518554687466
0.30616271,15.99888858893705,0.5176451887307242,19.411782666666667,1.5406108333333333,0.27267666161060333,0.0005840460459391
0.3744815286666667,26.894540282893757,0.6675870468075654,6.858118266666668,1.3846073666666667,0.17120247582594553,0.002930561701456667
0.4623988266666667,23.288349384340183,0.5939521485195943,8.386739666666665,0.8769733333333334,0.17870096117258064,0.003128687540690067
0.14744217333333332,24.643024010782614,0.6217018577801248,8.496772,0.95962582,0.16468766580025349,0.0032638708750406665
0.30966082466666667,23.78598161322289,0.5771518012417262,10.008832333333332,0.8800996333333334,0.2009253203868866,0.0034762223561604667
0.11414366999999999,24.377842773746107,0.5911002873556962,10.619316666666668,0.8936364000000001,0.22228192786375675,0.0007131099700927666
0.23022142,22.068488713539768,0.6259106845771168,8.756679999999998,1.7272081666666665,0.18729307005802787,0.0012365976969401
0.08973902133333334,25.395141195138496,0.6291128143957532,9.729206666666668,0.9727143333333332,0.18266873310009632,0.0047515233357747
0.15406296833333333,24.296728259801142,0.6425832656755066,8.150280933333333,1.005453,0.18154660363992056,0.0042001406351725
0.09840260666666667,23.471455443496314,0.6319304656779202,8.773739666666668,0.8452916533333333,0.1997958645224571,0.0024894873301188
0.16147042133333334,22.91848887106893,0.6010953930965314,9.033924333333333,1.1330326333333334,0.23745511968930555,0.0009140173594156666
0.15876147466666665,23.187419468156587,0.5959723496440797,9.295106,1.1839076666666666,0.24475746353467306,0.0029185612996419
0.07844322699999999,25.48787688230875,0.6299107989290751,9.424698,0.7207987,0.2326611032088597,0.0
0.25439374666666664,23.392749528307927,0.6650357867246209,6.6139554333333335,1.2601667333333333,0.20739200711250302,0.0027890205383300664
0.23856612466666668,24.852542804967715,0.6588216256019009,7.2142653333333335,0.76400342,0.19615836441516873,0.0027789274851480997
0.09506587266666666,24.509780744567607,0.6113303411937104,9.525088666666667,0.8759452533333333,0.24230832854906714,0.0014720757802327332
0.14327693,23.703628742900136,0.6289122757341105,8.910818333333333,0.72966545,0.20278616746266676,0.0020975271860758336
0.27193816,23.692857164649713,0.6396153358862172,7.059941466666667,1.1120989666666665,0.1881453990936279,0.0007217725118001
0.117911219,27.036885055900992,0.6836210360867344,6.935701866666666,1.1727353833333334,0.21066425492366156,0.0009096463521321333
0.48907207333333336,22.667139419299854,0.6368793101729704,5.903498266666666,1.9255110666666664,0.20939600467681876,0.0046122074127197
0.22878043999999997,26.206079149064678,0.7078449947837145,5.665135799999999,1.3201863,0.19420636693636573,0.005021572113037067
0.13610080766666666,27.967039152165068,0.7217826270810899,5.828754433333334,0.9443510533333334,0.18510907888412467,0.0034434000651041665
0.10413695966666665,28.268981395471915,0.715556708052668,6.169730333333334,1.0886168,0.20826097329457596,0.0007100105285644333
0.27668341,25.99064772034016,0.664558885091843,6.565704,1.15203228,0.23147264122962952,0.0018332799275716002
0.22367199133333335,24.74329224430069,0.6550347746430059,6.864161966666667,1.0139026500000001,0.22085081537564588,0.0031719207763671667
0.23636073533333335,26.457489142796632,0.6895615765366768,6.1853693666666665,0.7919895533333333,0.20250555872917167,0.0021508534749348665
0.24533746333333337,22.62002224172079,0.6037951290802323,7.698025466666667,0.9125294633333333,0.25975218415260315,0.004988431930541933
0.14984123333333332,22.964140790197828,0.5946387482883874,9.120891,0.9034597333333334,0.2347656935453414,0.0027610460917154665
0.14426624666666668,23.383889732432205,0.6218420846260517,8.271814000000001,0.7929955466666666,0.25230977435906726,0.003212849299112933
0.13369053533333333,23.53129549853624,0.6310419339543322,8.069463833333332,0.8521836833333333,0.2297267516454061,0.002717733383178667
0.07260029733333334,23.74299255418404,0.6248256458077077,8.932834666666666,0.7549487166666666,0.21720751126607252,0.0
0.11696960466666668,23.728729979963447,0.6400779031050504,7.719816233333333,0.8794109033333334,0.20281342168649033,0.0017523765563964668
0.16155475333333333,22.517388361758606,0.6284697266115754,7.014797766666667,1.243170433333333,0.24664535621802008,0.002342859903971333
0.07195653766666667,27.627099879628755,0.7440189221772107,5.4939841,0.8792821599999999,0.18929994106292722,0.0
0.07115661666666667,18.629009954480523,0.5546947243996333,26.376170333333334,0.8700491533333333,0.23477327823638913,0.0
0.20427102333333336,23.31317391773644,0.5633064716698598,10.260125333333333,1.0970908000000001,0.2118116021156311,0.0069135824839273675
0.31884049333333336,23.248614479291593,0.6531669599932012,6.001500533333334,1.4371810333333332,0.18216804663340247,0.003374179204305
0.48679179,21.665812152342838,0.626360956731414,4.6032535,1.4624467233333334,0.18821655462185538,0.0030902226765950336
0.45218533,22.629665018136787,0.639690862550483,4.8501582999999995,1.5850361,0.1812898789842923,0.003198464711507133
0.5615298166666667,21.13672606778394,0.6234494176002137,4.469920433333333,1.6620439666666667,0.18147293726603186,0.0013314882914225
0.4209673133333333,22.534058527096615,0.673238164999597,4.6014170666666665,1.7776835333333334,0.197035218278567,0.0038570562998453337
0.3992472433333334,21.97291648866904,0.66078026201451,5.324828,1.7220118,0.17393456399440763,0.0016170342763264667
0.30651113,21.331674490002253,0.6447709736799919,6.116596966666666,1.4130023333333332,0.1908246427774429,0.0016674995422363002
0.47868997633333327,22.829012891083902,0.6783683559059077,5.297438133333333,1.6240018333333335,0.18649572879076004,0.003961483637491833
0.8090928033333332,18.355993872983504,0.5934940248178447,5.251958933333333,2.1249086333333334,0.2362782210111618,0.0031346480051675997
0.2658559733333334,20.861466606562256,0.6505192063182839,5.945929700000001,1.3523479999999999,0.20288356641928348,0.0
0.25572156,23.055861782699868,0.6782348669923856,6.0166049,1.1218327366666665,0.21371634801228842,0.0014511744181315
0.2820906066666667,24.67664301991064,0.6820776061795821,6.1033292333333335,1.1790793866666667,0.2539397180080414,0.0049046675364176
0.10700312766666668,26.100583960119945,0.7259914940283517,5.743266266666666,0.9721875333333333,0.18984882533550262,0.005282878875732366
0.14994221666666666,23.20702443647195,0.6596115938301939,6.5867519,1.0344816666666665,0.24377790093421928,0.0025796095530191666
0.13022467866666668,23.61619097776695,0.6686092011559381,6.4754776666666665,0.8896060100000001,0.19854544599850965,0.006196896235148033
0.13265374333333332,24.229293571105256,0.6722671167837057,6.998548666666667,0.9852102899999999,0.20397961884737012,0.0015264352162678999
0.11005615666666667,24.123956566174552,0.6749315825391893,7.220832533333334,0.8099440933333333,0.1944291094938914,0.0
0.08947382,24.797000126567124,0.678748005906937,7.6961904,0.6738967333333333,0.20541943609714505,0.005670865376790333
0.14361237000000002,22.66209215524313,0.6664078910337361,7.154256166666667,1.1576129,0.18300265073776245,0.00339142481486
0.2465597466666667,21.328796844284675,0.6209739119284522,7.4480739,1.2295479166666665,0.2274178514877955,0.0023861726125081
0.22279977333333334,20.931270248938425,0.6114882901881916,7.566516500000001,0.8674433,0.19697954257329306,0.0031040509541829
0.17500195533333332,20.880514341420565,0.6092362393118439,8.580156,0.9172888733333333,0.19906593362490332,0.003752152125040667
0.23045701466666668,20.248939841946754,0.6056451235740732,7.9577808999999995,1.0839986999999998,0.23625987768173215,0.003420511881510367
0.294583838,20.08482528217677,0.5922973574660843,8.253708900000001,0.82540329,0.21351160109043119,0.0026024182637532
0.11299867666666667,19.675293608000672,0.5817637335455746,10.716556333333331,0.77795136,0.22870682179927826,0.0008403460184733001
0.07365781966666667,20.40834428150611,0.5266640712632905,11.967657333333333,0.6782611933333333,0.3217124342918396,0.0020089944203694333
0.08735260566666665,21.05932719662204,0.5852322480350548,9.375444833333333,0.8494753433333333,0.24757568538188926,0.0043713251749674335
0.06488985166666666,22.212680317214012,0.6491709681710961,8.118652333333335,0.8838239066666667,0.21910417079925537,0.005443096160888634
0.09756122533333333,19.29492276774795,0.6038826113472845,8.700664166666668,1.1272846,0.2609299371639887,0.0055130322774251
0.07504943666666668,19.83139772868832,0.6038965410063128,8.787042,0.9991708333333333,0.26062512397766113,0.0031751791636149
0.06599580233333334,21.406825062962383,0.6510234873151374,7.7268999,0.80716658,0.24884026745955148,0.0037397543589273337
0.057005463000000006,21.653656861177833,0.632610775168219,7.844228533333333,0.9656971466666667,0.25686611731847125,0.004683574040730766
0.12201751300000001,22.281471895645765,0.6485071055460256,6.129113666666666,0.9602063333333334,0.2590547651052475,0.0025665760040283
0.19257711,16.833096744346047,0.5216210762297143,23.838469333333332,1.0675714166666668,0.26876977086067194,0.002457062403360967
0.09678755900000001,27.907368477682862,0.6821700026772372,7.603862233333333,1.3967745,0.18233522276083622,0.002801020940144833
0.16638562333333337,22.957896223706616,0.6620910629246657,6.673631066666666,1.1015129833333333,0.1940798386931419,0.0035794576009114333
0.1293800516666667,26.09056995986913,0.705260002039206,6.798671,1.0251087799999998,0.19930188854535416,0.0018834273020426333
0.17146838899999997,22.644085283550748,0.6441928929252839,7.312354333333334,1.0793397333333334,0.1739639267325401,0.0020900567372639667
0.10739800533333334,22.0837210824242,0.6326413216797442,8.884460166666665,0.7847433800000001,0.19342989226182303,0.0012908776601155334
0.18664710333333334,20.085785286505523,0.5860808540671343,9.025688666666667,0.9421125333333333,0.19332957267761228,0.0033614635467528998
0.17637189666666667,20.42817028673396,0.6025276026963904,8.417736199999998,0.9821520666666667,0.17295366028944645,0.0015696684519449667
0.11786964666666666,22.253849131699393,0.6565192677290949,8.7206889,0.9480944,0.18372949957847595,0.0034216245015462003
0.09807448166666667,22.493795352903202,0.6355192278248882,9.267910333333333,0.7565695499999999,0.21118001639842987,0.0035403569539387996
0.14664527866666668,20.30733552307427,0.62894059224229,9.752866666666668,1.1788692666666667,0.23432052632172898,0.0013431708017985
0.17355508,20.834114301634116,0.6393695179357621,8.454822,1.2785865133333332,0.20942172408103943,0.0006368954976399666
0.16336133466666666,18.514263803726525,0.5599635207096707,11.596466,1.1301390666666669,0.26179692645867664,0.006417274475097601
0.10689198866666667,20.535333705464307,0.5911819436927207,10.3961555,0.9046020499999999,0.23183758556842796,0.0013437271118164
0.08961345433333333,21.85347129444203,0.6437395253997291,8.840478666666668,1.01667545,0.19223573803901664,0.004499991734822567
0.1999013033333333,19.320732334002766,0.6208289738840603,8.60943,1.2957752333333332,0.20754769444465637,0.0
0.09824510666666668,20.436606145595643,0.5932158025779058,10.412482666666667,0.9973658533333335,0.24337267875671387,0.0015494823455810332
0.06283783566666667,22.655379034593818,0.6379774494236359,9.649249,0.7557975666666666,0.1840575585762659,0.006636381149291967
0.10292702933333335,20.29195769341045,0.5790447877002673,11.592810333333333,0.7685609000000001,0.26437296470006305,0.006135702133178634
0.09755406300000001,21.554408409361894,0.6427521628118414,10.181992333333334,1.1269792333333333,0.2248767067988713,0.0019452571868896335
0.188013722,19.547996949622583,0.6036840176617592,9.436386166666667,1.2019138,0.2435726821422576,0.0022322336832682
0.20380568666666665,19.64609156550131,0.567498036362672,9.700648666666666,0.9703132800000001,0.26493785778681433,0.003186702728271467
0.16530220999999998,19.602921839732687,0.5836619143394467,9.855597666666668,0.9534471166666667,0.23609016338984168,0.003696282704671167
0.2287817,18.565542513357794,0.5910930455596776,9.149826133333333,1.1610997,0.2163182695706685,0.0053924719492594
0.2657585866666667,19.19538594807501,0.5944672531147516,8.537518433333332,1.2453667333333334,0.23039840658505759,0.004039605458577434
0.3902738766666667,17.92657448464188,0.5660952960147264,8.401223333333334,1.4076627000000002,0.27902601659297943,0.0020013650258382
0.26339893333333336,19.319936049545998,0.6192725116402925,7.210127633333333,1.4261081999999998,0.22113672643899915,0.0
0.18457310333333332,20.829103454094223,0.6632849669696536,6.975480833333333,1.3816371333333333,0.19587192436059309,0.004011948903401666
0.1648718766666667,21.744076123234475,0.6804926167763728,6.625125700000001,1.335767,0.24483189980189005,0.0005064805348714
0.24957281666666664,20.645061104701956,0.6700799725053876,5.6753331,1.5481822333333335,0.22088514268398282,0.006670157114664666
0.2292970666666667,20.675905202007414,0.6753003234781487,5.472828233333334,1.3611199,0.18728222449620566,0.0023334026336669666
0.21912362333333335,21.665221660004363,0.6692011164732418,5.605269866666667,1.2301938666666665,0.19278437644243232,0.004698991775512634
0.2531796,20.892436369863372,0.6270370697284404,5.456071233333333,1.2045000666666665,0.17360239475965492,0.002768754959106433
0.19560756666666665,21.124802661251124,0.6535525672566683,5.941969533333332,1.1728620333333335,0.16771422823270157,0.0022640228271483998
0.37944025466666664,21.404635132154713,0.610109964282926,7.003570333333333,1.5568763666666667,0.20361498494942984,0.0013425350189208666
0.29612506,21.58644064183515,0.6365809936662719,6.7559288,1.2113497666666666,0.15910550455252329,0.005094130833943666
0.20848929333333333,21.45432096668902,0.6362544108436766,7.7914553,1.3483174333333334,0.1926582033435503,0.0026984214782714666
0.3674038966666667,21.39928452432721,0.6377683790587682,6.676098666666667,1.49840129,0.17392607033252716,0.004124879837036101
0.4709595833333333,20.636142844392253,0.631848099180874,5.775607233333333,1.6841863666666665,0.19346601019303003,0.0
0.47170450666666675,21.293634491853847,0.6259125395531743,6.293046166666667,1.63904315,0.2101170793175697,0.0012367566426595
0.5307750133333333,20.037347745112395,0.5960941604083996,6.363068600000001,1.5099007666666668,0.1890415077408155,0.0029532909393310334
0.29557450333333335,22.336800640544187,0.6527307112814107,6.476700933333333,1.1655263666666664,0.17323829481999078,0.0020091533660888668
0.27247598666666667,19.87355103652505,0.6004234222598818,7.3031113,1.1045879333333335,0.19514199594656623,0.0011191368103027333
0.1666724966666667,21.38424834919285,0.6215014244974063,7.8367791,0.9939835866666668,0.2265749524037043,0.005724032719930001
0.5217920733333333,18.869909793042172,0.589279427278159,6.1789757,1.3473266333333331,0.19927134116490683,0.0005839665730794
0.19415009666666663,22.20249114347511,0.6468062152195176,6.838270866666666,0.9508150866666667,0.19988298416137695,0.0025313695271809667
0.24179150766666666,22.439859544154952,0.6456004016073403,6.744219166666666,0.8615716866666666,0.21181301027536392,0.0033533573150634336
0.18588388999999997,23.763682548465976,0.6873786351636233,5.937456466666667,1.1069471666666666,0.18324924508730567,0.0078200499216715
0.24125145999999997,21.985108109723072,0.6388474509090117,7.1321113333333335,1.2320326133333332,0.2128000656763712,0.0056547323862711
0.271504578,22.094867020895375,0.617353170182083,7.558530500000001,1.0254052433333334,0.25585767626762385,0.005441665649414034
0.11312145833333333,23.626413701063218,0.6345391215309664,8.6311165,0.80109722,0.23283624152342478,0.000584602355957
0.17558450766666667,22.8024476712454,0.6184909417949384,8.649272333333334,1.0923224366666666,0.24323766430219015,0.004359563191731767
0.25385993,21.272997347061544,0.6263721909794013,7.1606827,1.3280547333333332,0.20802182952562967,0.0020311673482259
0.29729454666666666,23.193746762011447,0.65337882597303,6.199121966666667,1.3073846999999998,0.2012280523777008,0.0023732185363769336
0.20467539666666665,24.14229956972865,0.69200026154774,6.201933433333334,1.0912057666666666,0.17700952788194016,0.0015905698140462
0.5280186233333334,20.541833159684693,0.6114703159844344,6.683167433333334,1.34525,0.19587184488773338,0.003491401672363233
0.31029399333333335,23.253386607886892,0.6522033436664678,6.690142166666667,0.9980274533333334,0.20354548593362173,0.004259030024210567
0.16023336233333332,21.360011725325645,0.5927314105536566,9.316033333333335,0.8048901900000001,0.21661258737246192,0.0033154487609863004
0.23408865333333337,19.743902478433146,0.588697767553317,8.505046333333334,1.05458779,0.2269437064727147,0.0021466414133707334
0.32039457200000004,21.63363647732964,0.636509020426662,6.804937833333334,1.5272655333333331,0.21022569636503854,0.007392009099324501
0.091295978,21.676412391418,0.578394782859659,9.655269333333333,0.7438210399999999,0.25272431969642634,0.007601102193196534
0.087719536,22.851241218773737,0.6224293069498387,8.066453000000001,0.7777368100000001,0.22390547891457876,0.0034018357594807667
0.07365942166666667,21.877816865981615,0.6239844474613983,8.555401999999999,0.8710602666666666,0.21723200380802155,0.0016283194224039667
0.15294153,19.715736236575648,0.5933836664008446,8.510641333333332,1.0398393666666668,0.217545156677564,0.004399299621582
0.15021699666666666,20.647213319681345,0.6061817742363719,7.678612000000001,1.0407418166666667,0.2615556418895721,0.004391034444173133
0.12237576666666668,21.156848490624572,0.619942879025151,7.880690866666666,0.8756716099999999,0.21512569983800245,0.005413929621378567
0.15063329666666667,20.027686457371107,0.6370620299182913,6.933323566666668,1.3127815,0.2157205492258072,0.0070233345031737665
0.12916655833333335,19.544365248723274,0.6046441872146481,8.449561233333334,0.9871754333333334,0.22747145096460977,0.0
0.13207393333333334,22.570439866026845,0.6441610416963718,6.185909166666668,0.7650021033333333,0.26257126530011493,0.0041379133860269665
0.19876162133333333,20.857125422343557,0.5787588210709648,14.115542,1.1030028666666667,0.2345843513806661,0.0007386207580566334
0.21964535333333332,24.88757278582162,0.6666529267295848,6.111294166666667,0.8843369133333333,0.18431584537029258,0.0
0.15964868333333335,23.735265945481473,0.7070891061096579,5.5201530666666665,0.7415023133333333,0.17529569069544473,0.0004433790842692
0.19118624333333334,22.29970738165797,0.6392966632403722,6.5298525666666665,1.1113016666666666,0.17778227726618448,0.0015987555185953666
0.13034463799999998,23.533000233819525,0.669845370528872,6.805770533333334,1.01263151,0.198078046242396,0.0016584396362304668
0.32012634,20.24582798473413,0.6255942319561238,6.720427233333333,1.1967960000000002,0.20471338431040442,0.004183133443196567
0.17441774433333335,23.797865410601933,0.6496048643785276,7.697654766666666,0.89627913,0.18119610597689942,0.0031952063242594
0.153180832,24.610969476746416,0.6676363691357649,7.213180333333333,0.9014912,0.20001839846372596,0.0024965604146321334
0.15255050666666667,22.95347304739188,0.6420620036520496,8.305531533333333,1.0616298666666666,0.16825670997301734,0.0
0.12958519166666668,23.18436100473565,0.6473667647692675,8.927130166666666,0.87795471,0.1586424609025319,0.0039030710856119664
0.18857956333333334,20.828035735604217,0.5684162663694642,9.323444,0.7153640366666667,0.2230267326037089,0.004027048746744766
0.13272145600000002,21.243415906330377,0.5958324708704404,9.778761333333334,0.6328665666666667,0.22653303543726602,0.0029949347178140997
0.12434463333333334,19.162352959671068,0.6021038746936247,9.391677999999999,0.45384562000000006,0.20619572699069974,0.0013631979624430333
0.22994674333333331,19.090791639868968,0.619674382421276,7.214362966666667,1.4034475000000002,0.23997732996940613,0.005589485168457
0.11064545533333332,22.272644501207477,0.6395848232019167,8.0489666,0.5502684933333333,0.20714054505030313,0.0018866856892903333
0.167927559,22.20747061497832,0.6466666144454729,7.648065133333333,0.9464507866666666,0.19185416400432587,0.0013860066731770666
0.08701873500000001,24.767910150390673,0.6514121332972364,8.680567,0.9694393666666666,0.24352413912614188,0.0014688968658446999
0.16530476933333335,22.638927050783774,0.6173680949497246,8.571697433333332,0.8952950333333334,0.23676947752634683,0.0023714701334635333
0.10144096000000001,25.539087008941348,0.6803636717663627,7.699266333333334,0.9089649866666667,0.21952563275893522,0.0020321210225423
0.17304506833333333,22.303112846548114,0.566118936309849,10.366609,0.8109153666666667,0.330145388841629,0.0006976922353108666
0.15421891000000001,25.60669124344086,0.6778443711680904,6.969189866666667,0.9963672333333333,0.2209739784399668,0.0020785331726073998
0.08102357666666667,26.550398200548454,0.6737721717387775,8.287034166666666,0.7063170633333334,0.2158700774113337,0.0
0.3628800433333333,22.266047189634538,0.6310696553344844,6.4730343999999995,1.3305004166666665,0.22634134193261465,0.0013438860575358
0.15935006766666668,25.43767073873938,0.65059199181191,7.995221999999999,0.9118809200000001,0.22012323141098014,0.0005927880605061667
0.22512242666666668,23.504157399786937,0.6153136469177705,8.272134,1.1029669333333334,0.24614337583382925,0.0027137597401936664
0.6598756900000001,19.024954176515816,0.5455554847001812,7.719495899999999,1.7922594666666667,0.26324897507826484,0.0
0.7240509233333333,18.298694318165758,0.5495483058118477,7.5505740333333335,1.8991809,0.26117043197155,0.0013573169708251667
0.43633531,20.553035454907775,0.594597278827152,7.129016533333334,1.1877240333333334,0.2240525732437769,0.0016894340515136667
0.12989177999999998,21.031481005797243,0.5447933450044441,12.255640166666666,0.8008736000000001,0.27186821897824603,0.0040318171183268
0.10166946333333332,22.115693703035827,0.5591573778288323,11.118309666666667,0.6504115266666667,0.29077335198720294,0.006926218668619733
0.077960715,25.650339192283656,0.6343364836865296,8.525908466666666,0.7014908833333333,0.24128922323385868,0.0
0.09016478266666667,23.357573133357274,0.5923337842600871,9.752523666666667,0.7581576433333334,0.2537722090880076,0.006174166997273733
0.158884332,22.18550829714697,0.598079350116454,8.736970666666666,1.01996994,0.26462849477926886,0.0023957093556722
0.07866068999999999,24.78664287311962,0.6419888887682544,7.631958566666666,0.8185552666666666,0.21886394421259558,0.0015236536661783666
0.17600329166666664,22.403189052154364,0.58666132251287,8.481701666666668,1.09084515,0.25511156022548676,0.0031450589497884
0.061501270000000004,24.481988572917796,0.6223332913357374,8.982734333333333,0.86739315,0.23497547705968222,0.002572615941365533
0.103663391,23.416428573414752,0.5995049778163236,8.776714166666666,0.9943244800000001,0.2747358481089274,0.0024317105611165
0.09379539333333332,22.75983546197823,0.6083313080795586,8.637511333333332,1.0614839333333335,0.2684903889894485,0.0014524459838866999
0.09904656333333334,22.551263595742924,0.5934510430754747,8.779253666666667,1.1539055166666667,0.34811822573343915,0.0033971468607584335
0.7527998433333334,25.698383572942518,0.6106787445805267,2.7994616000000003,1.3012408666666666,0.10945223271846767,0.0007993380228678333
0.5408946766666667,20.423724759457315,0.32029348521559603,3.0694314000000005,1.0291543666666667,0.06826227282484369,0.0
0.21011277666666664,20.850425599201916,0.4471976330476819,4.641104666666666,0.87013432,0.1019602517286936,0.004485845565795866
0.17480537333333335,20.593454277372217,0.4547255751043895,5.911266666666667,0.7985258866666666,0.09844308346509933,0.0022235711415608665
0.19941193000000002,18.825719315412474,0.4008034400977453,6.406828,0.8439769833333334,0.13577589144309357,0.006059169769287067
0.17416590666666668,18.55597493284615,0.3964942522041141,7.159230766666667,0.7758223966666667,0.12827401111523307,0.0030582745869954
0.1484868433333333,17.818669129831846,0.41235408272284974,8.727306,0.8088459333333334,0.1359358231226603,0.0040086905161539335
0.16911011099999998,17.824158671302886,0.4314368427178179,9.930741833333334,0.5712052366666667,0.18600500375032422,0.0023220380147298
0.13519772666666666,18.180884295116787,0.4736602314517542,9.187863666666667,0.7219452666666667,0.1627052227656046,0.0
0.12968121666666668,18.658102395824567,0.5134715689258585,9.169297666666667,0.7565374399999999,0.18260494371255234,0.0011736551920572666
0.10968886233333332,19.620754704946105,0.5340499924966907,8.2948075,0.9069607133333334,0.18238298098246253,0.0018630822499593
0.13576217333333332,18.00595936743031,0.5224776596949137,8.961689999999999,0.9073492999999999,0.23845404883225751,0.004072586695353167
0.10993846533333333,18.61741098454969,0.5112037222452717,9.484751500000002,0.7403766833333334,0.2251754800478617,0.0010286172231038333
0.10698150733333334,18.755841000436007,0.5522644625259135,9.098121666666668,0.8587329166666667,0.20547196269035337,0.0036444664001464336
0.11994360166666666,19.75173456459843,0.5797129733022178,7.472681233333333,0.8991479,0.20807465662558874,0.0005834897359212
0.19153802333333333,17.697066063137957,0.5607255475639507,7.315611333333333,0.9749213,0.2110382517178853,0.0033888022104899
0.11079808333333334,20.538660817201322,0.6059343592518882,7.239721233333333,1.03436628,0.21738117933273313,0.0
0.13516634433333333,20.461261578652977,0.5828940827654683,7.407860499999999,0.9211817400000001,0.25157443185647327,0.006614208221435501
0.256032,18.690455593615123,0.5829813529689359,7.076756966666667,1.0623738333333332,0.2469471444686254,0.0034030278523762996
0.11058951033333332,20.95433826039378,0.6294682400461745,6.7044744,1.0785600666666666,0.21756498515605918,0.0032506783803303665
0.07935049433333334,22.13194711385221,0.6217394989901596,7.1095885,0.98074282,0.25694417456785834,0.004951318105061833
0.11055860333333334,20.337831023620698,0.6000886484737024,7.625315133333333,0.9595615133333332,0.2416431059439977,0.0046725273132324
0.08218755999999999,20.959547170294286,0.6150724273899838,8.4150413,0.9404320666666667,0.23440506557623542,0.007063627243041967
0.080157682,20.40831637490129,0.5823974750512415,9.388567233333333,0.7128188766666667,0.2558855315049489,0.004464467366536434
0.09801251666666667,19.001255703741013,0.5484786080983747,10.290928166666665,0.6629686966666667,0.2972215116024017,0.0
0.11542848333333333,18.50451330607164,0.5223175086401183,10.417208500000001,0.70650698,0.3148367404937744,0.0029761791229247665
0.08060421533333333,20.191049439967298,0.5932530823423392,9.007533666666667,0.6670823666666666,0.27047097682952875,0.002737204233805333
0.12134676999999999,18.47121608661887,0.5596768160990303,9.893923000000001,0.6913804199999999,0.26941441496213275,0.0009808540344238
0.15268828666666667,19.02885742615659,0.5420456988637398,8.9152075,0.7603242533333333,0.3123977979024251,0.0
0.19255271333333335,20.21982599494347,0.5842503228749676,7.676011,0.8962158100000001,0.2784054577350616,0.0018115838368733667
0.11350239,21.498224705744136,0.6352629310056349,7.094725566666667,0.9971966499999999,0.223977858821551,0.0033537546793619664
0.14983815,20.157501587195338,0.60422704793413,6.589056666666667,0.8257566366666667,0.2411967019240061,0.0054821968078613
0.1299611066666667,20.499988465592256,0.598801304067054,7.260454566666667,0.7790858366666665,0.2540202985207239,0.0030365784962972
0.13210817666666666,19.59857210106578,0.5946553786740832,7.824328333333334,0.9760683833333333,0.21711691717306766,0.0041232109069824
0.089682159,21.310730141030373,0.6459801913160342,6.5988660333333335,0.8696995333333334,0.192040999730428,0.0034745534261067332
0.08404919666666667,20.618469301633507,0.6223459934454333,6.833962333333333,0.8754759233333335,0.21627248326937357,0.0046273072560628
0.06657058733333333,18.549036826125477,0.5233432692350996,27.049215000000004,0.8571014566666667,0.19371781746546426,0.008070945739746033
1.7791223733333332,21.384417887867244,0.5719775099879515,5.4466028,1.3726526000000001,0.15258566290140146,0.0047512849171956
0.8214833666666667,19.18255634466134,0.26425349317472574,4.8651813,1.01689778,0.08116139968236281,0.0
0.7095048066666667,17.31290870752422,0.21106003206936527,4.8478381,1.0189913333333334,0.10603656619787209,0.005655050277709933
0.20952186666666664,20.0102686695294,0.41627957575118274,4.6135718,1.0438590333333333,0.07855737706025437,0.0031476020812988004
0.21753756999999999,19.80557046024207,0.3580391223591337,4.812955233333333,0.8471893766666666,0.11841596662998193,0.0028184254964192666
0.24927000666666665,18.68294399411036,0.39440753243449694,5.879994566666666,0.7835135633333333,0.15042270471652344,0.0
0.3125355966666667,17.273036970963236,0.37003548030043865,5.9664532333333336,1.0592190333333333,0.14192459980646766,0.0012184778849283666
0.29377191,18.24426170444756,0.3862553665311553,6.398214333333333,0.8079047666666668,0.16752529889345166,0.0
0.21699489000000002,19.200830926663254,0.414325429567425,6.195301866666667,0.8996714433333333,0.17247255394856134,0.003707567850748633
0.2675430833333333,17.78760796580009,0.47532096239015065,5.4798605,1.3478811333333331,0.17846779028574622,0.005140940348307266
0.32184738333333335,18.809427215490487,0.49823841733513996,5.626739733333333,1.0181464199999999,0.2090580413738886,0.0013024806976318333
0.21703229666666668,20.474535859709572,0.5422491833707516,5.4085703,0.987323,0.2484772801399231,0.0019698143005371003
0.13617419,21.90832693224473,0.5920893356412184,5.5379252,0.8845282266666668,0.24089177449544272,0.0017244815826416
0.1760419,21.28793119079919,0.6227501960536745,5.2416122,1.0693745833333335,0.22360377262036002,0.0020135243733723665
0.23753420000000003,20.711734960113247,0.5976520825684026,5.5616741,0.9268230700000001,0.24520527323087057,0.0011504491170247334
0.12442612866666668,22.066355610606895,0.6429762565360125,5.5515035,1.0067360333333333,0.257586548725764,0.007069190343220966
0.10366310333333333,23.223374092463,0.6946861535770156,4.971256133333333,0.9900019066666665,0.21695893754561735,0.0025266011555989333
0.16566294366666665,20.58762184086496,0.6364325113561927,5.774612,0.9971670533333333,0.22401366631189978,0.0015900135040282665
0.07870985733333334,22.122276521788176,0.675534659062402,6.328558733333334,0.9498956666666666,0.20107284684975937,0.0040335655212402
0.12712009,19.466691124769312,0.6121156253608543,7.117241433333334,1.0870064666666666,0.2511390695969264,0.008259296417236266
0.17053507666666667,18.125722932489666,0.6058149848290976,7.0499885,0.8760212466666667,0.25442470113436383,0.004512627919514967
0.09177276833333332,20.442922702599915,0.6090578539724177,8.1831961,0.7226666866666666,0.2624476949373881,0.0030140876770018998
0.10405667166666666,19.665204750493388,0.5978085663259048,7.968218133333333,0.6676536166666667,0.2845578342676162,0.0026840368906656665
0.08059091633333333,20.40891085738254,0.6024084347008439,8.389245666666666,0.5595105400000001,0.33041031161944073,0.003918727238972967
0.07823000833333334,21.120733202470287,0.6009308190008014,7.5659313333333325,0.7996107233333333,0.37127721309661865,0.0026744206746419
0.07681416166666666,21.195341964141715,0.6347687613479213,6.926934866666667,0.6960732166666667,0.3293372392654419,0.002672831217447867
0.09971625333333332,20.883461106534725,0.6135317479705211,6.736017533333334,0.8211337666666667,0.3523840556542079,0.0048098564147949
0.08407393766666667,21.935570531430965,0.631810559635222,6.519788366666667,0.7701330766666666,0.30950137972831726,0.003493626912434867
0.079325064,21.408716382290194,0.65517013322726,6.1925915,0.9354881666666666,0.29115682840347284,0.0038031737009684
0.07386761233333333,21.807631476115002,0.6316461626114681,6.6272614999999995,0.8417263299999999,0.3258613397677739,0.004483461380004833
0.09168422333333333,20.88718625811617,0.6405152398340963,6.4803741666666665,1.01063105,0.2732458611329396,0.0076069831848144
0.13467083999999999,19.52253904987369,0.6317763708872635,6.397774599999999,1.0575638333333333,0.26958546539147693,0.0047942797342936
0.10152831133333333,19.471169871757024,0.6322295592376707,7.163535333333333,0.8687501000000001,0.26860018571217853,0.0
0.079915792,20.303738604868922,0.6466351991847975,7.657320666666666,0.7251983000000001,0.23039850095907846,0.0025080839792887334
0.07047824300000001,20.403078862741676,0.6693319585687671,7.126304766666666,0.7408865800000001,0.2134809046983719,0.0011188189188638998
0.511152385,24.835164625333775,0.631556888425029,6.6434109999999995,1.1467947,0.17719925194978714,0.004082679748535133
0.6125309766666666,21.26447685584846,0.6019481509944754,4.7099031,1.3136151666666667,0.17055828372637427,0.006167491277058901
0.40720811666666673,21.586436149080516,0.6034739831292805,4.8866404333333335,1.1880015333333331,0.15794991701841352,0.0
0.17701482,22.74193234431084,0.6512547430463212,6.130842633333333,1.0144554333333333,0.19332529604434967,0.0045989354451497
0.19761119000000002,22.337018184997095,0.6428033402147316,6.409184799999999,0.8385701999999999,0.17806867261727652,0.0034842491149901997
0.18757158533333332,23.777435557549477,0.69555953564697,5.782919,1.0353423666666666,0.17202168206373844,0.0031328996022542
0.37236591,21.35181169443173,0.6162969970204834,6.713120466666666,1.1041283333333334,0.1855979735652605,0.004071553548177034
0.3665222133333333,20.43832383062502,0.5941866731332313,6.7960259,1.3399114,0.19662460188070932,0.0013448397318522
0.21066972833333333,23.084603379845362,0.6791685869333232,6.8311798999999995,1.1244617,0.18300205469131467,0.003921508789062466
0.24374964000000002,22.399413536339168,0.6690584402105725,6.667553933333333,1.2156238833333333,0.18006378908952078,0.0025616486867268335
0.4093211666666667,20.56399768540126,0.6161000243515479,6.4984361,1.43515621,0.19614528119564054,0.0047975381215413
0.25802951166666666,23.06220706264959,0.6695192536575111,6.357068833333334,1.2730070566666667,0.20149074991544083,0.0027944246927896995
0.33135533666666667,21.264536838619307,0.6517170908424375,6.678426233333333,1.4563226333333334,0.20531973242759702,0.0006685256958007666
0.384856625,22.106589560424386,0.6366107110600746,7.033793500000001,1.3495938,0.21335607022047043,0.003121058146158833
0.36762998333333335,23.2101836901001,0.6633606996798989,6.899430433333333,1.2855818866666666,0.19398331890503565,0.0034231344858805003
0.29457045,23.162826979162578,0.6634528839897373,6.691570800000001,1.3357190833333332,0.213160033027331,0.0017728010813395
0.12853898666666666,24.817819405101943,0.7054988740120569,6.411187233333334,1.0160205,0.18684248626232144,0.005326509475707966
0.23550676466666667,23.217491357740787,0.6648569965463133,6.504874833333333,1.1227570333333332,0.2038246542215347,0.0019697348276774
0.2190572266666667,21.509460421669676,0.626635678640281,8.0468229,1.1174025,0.2023357103268305,0.004713455835978133
0.23651705166666667,22.125885169645755,0.6339870567160889,7.807302233333334,0.9813255999999999,0.19457738101482389,0.004594564437866167
0.247581335,21.615190073913634,0.6307048723673119,7.237979866666667,1.0425066666666667,0.183062953253587,0.003409862518310533
0.16099252533333333,23.336698600181546,0.660955173078673,7.471894966666667,1.0328268666666667,0.18658539652824394,0.0017422835032145
0.26505630333333335,22.05971320646627,0.6247510157324925,8.248743333333332,1.1969927766666666,0.21907103061676025,0.004654725392659467
0.3023828333333333,20.79656272523482,0.5980265489949409,8.041247566666666,1.05865769,0.22948351502418518,0.0033589204152424997
0.29395556,20.774442438184153,0.6056968588459194,8.466154833333333,0.9973318000000001,0.19692660371462503,0.0025128523508707663
0.15170674200000003,21.85446847050393,0.614171333524329,9.88971,0.8939394833333333,0.19138930489619566,0.0032109419504801335
0.14871766333333333,23.436365219648707,0.6490772587259951,7.789933433333334,0.9026252,0.1829405079285303,0.0052790641784667665
0.14355122466666667,21.515497620795525,0.5861788425849418,9.527536666666666,0.8895487133333333,0.23913413286209098,0.0
0.14578970333333333,20.805097133985228,0.5580059305493116,10.721544666666667,0.9134786,0.25632526973883313,0.0018539428710937333
0.17947063333333335,23.281556189765794,0.6664270893848255,7.149824266666666,1.2294587333333336,0.17699308693408963,0.0052414735158284
0.27852233,21.0267236194891,0.6244201034408698,6.955798066666667,1.2237979333333333,0.20694643755753836,0.0028815269470214336
0.1907322233333333,21.89731046022985,0.6118975936543697,7.565190133333332,0.9320794333333334,0.23873016238212585,0.005306323369344033
0.24549589666666663,20.448900481802063,0.6208951981218219,7.2624821,1.1823215666666667,0.23129185537497196,0.004099607467651333
0.1721129733333333,20.747905684847865,0.6119549981618636,7.535608966666666,0.9780033333333332,0.24168126285076133,0.0076392491658528
0.12563001933333334,21.634206033548992,0.6342413996866053,7.707480133333333,1.0688358333333332,0.21907389163970944,0.0
0.15039798000000001,23.92649573178708,0.7020168611735716,5.173111433333333,1.1155619133333332,0.25306780139605206,0.006932576497395767
0.15876170966666667,24.115378694053376,0.7162568852436375,5.443286933333333,1.10084587,0.23756131033102665,0.0
0.07337273166666668,23.82747154557455,0.6683688175379846,7.275591833333333,0.7758512,0.20343266427516934,0.0026739438374837003
0.08225652666666666,18.2047333410507,0.5486307524941859,27.00108366666667,0.7649157133333334,0.21650767326354978,0.0022729237874348665
0.6805801346666667,26.274336750853593,0.6479007053497582,6.503556233333334,1.0987017000000001,0.15535063544909156,0.0
0.5315137366666667,23.772654992068308,0.6520687920635249,3.6144965333333334,1.4303289333333333,0.1237250007688999,0.003934542338053367
0.21512908666666666,23.7336943257656,0.6417554975460905,4.463167033333334,0.9671419499999999,0.12218199670314783,0.0
0.24405181799999998,21.914610384250427,0.5973438615385708,5.177309966666666,0.88855072,0.14362375438213348,0.008188803990681932
0.20810724,20.56951382569361,0.5983010434338505,6.162799233333334,0.76348779,0.16550198694070173,0.0017031033833821334
0.18170677333333332,21.211902266719665,0.5992109932710333,7.547224166666666,1.0420786033333334,0.18511751294136045,0.0
0.15704775,20.93366083429296,0.6372618855759267,7.795856866666667,0.7870292266666666,0.18396291881799698,0.0067837238311767335
0.2791719,19.573526472477173,0.5655477888521826,6.908715266666666,1.0404869666666665,0.17066079626480732,0.00189208984375
0.33571916333333335,19.855390416327243,0.6129876424499682,6.600991333333333,1.3937559000000002,0.18968687951564786,0.0033718744913736665
0.3408136133333333,18.402113877733633,0.5449955372125329,6.474572266666667,1.168882,0.19947390258312217,0.0
0.1863215513333333,19.10923090646497,0.5827833983774914,6.517381933333333,0.70331347,0.17861895014842347,0.0014231204986571999
0.16051373333333332,19.322104261303885,0.5930202005089671,6.713834433333333,0.7922521000000001,0.2114664167165756,0.002686500549316367
0.07783877666666666,22.981801945233244,0.6929855240810836,6.743728966666667,0.9277647199999999,0.17468431591987602,0.007443586985270132
0.16769933533333334,20.302522860496786,0.6127799943682846,7.263559099999999,1.0088855666666665,0.19560812910397843,0.0
0.17230823866666667,20.340518356546163,0.5970941831471873,6.978509766666666,0.7364741566666666,0.1690586507320404,0.0
0.18317114666666667,21.044334192586476,0.608477588973105,6.8647279999999995,0.7082528866666666,0.17369254181782404,0.0
0.33813511500000004,20.204827647973676,0.5925616721225605,7.104947333333333,1.0765722666666668,0.2314989467461904,0.0008525053660074666
0.22375060333333333,21.951284652036545,0.6277506371171855,6.509163833333333,0.8417366999999999,0.16611077884833014,0.0006691614786783666
0.25969379666666664,22.600286548661455,0.6646412781611879,5.7772146,1.1397094333333333,0.16374083111683524,0.002846002578735333
0.28581437,22.695963947434052,0.6651514060961158,6.105288233333333,1.18747581,0.16934569676717115,0.004145622253417933
0.27080434133333336,23.429616573772005,0.6843509763516183,5.875475333333333,1.2156217999999999,0.16678920884927115,0.0027048587799072
0.8025048,19.58901997011682,0.5624253972108649,5.463162733333334,1.5155552466666669,0.20399627586205793,0.007035732269287067
0.4795849366666667,22.727599790736818,0.6748523745999501,5.502283233333333,1.6535467133333333,0.1636691490809122,0.0013396739959716667
0.38477486000000005,23.32579727426405,0.657503474496785,5.638352533333333,1.2319272799999998,0.1735267763336499,0.0026655991872151334
0.3789462213333334,22.660904984885395,0.6410926629805622,6.050440333333333,1.0012268533333333,0.1779245013991991,0.0014872550964355332
0.1807942,21.3533998314734,0.6058010746124188,8.773446333333334,0.9271938333333333,0.21415270368258152,0.0033615430196126
0.14917556,20.059926424835925,0.5828091424845431,10.771088666666666,0.8934423100000001,0.25045915444691974,0.0010880629221598
0.23061140000000002,19.228670517632903,0.578012399387958,9.326814,0.9525924666666666,0.19173961877822873,0.0052207310994465995
0.23701915666666665,19.589516049399805,0.574776151839256,8.552487333333332,0.9324036566666667,0.22140097121397648,0.0037928422292073335
0.207757292,21.563556527416228,0.6105028196557373,7.263989566666666,0.8490340533333334,0.2097902844349543,0.002832253774007133
0.16649757533333334,21.73093686057794,0.6298158950708067,7.202394533333333,0.9504209,0.19100298484166459,0.006747484207153266
0.21595186933333332,21.46675429968327,0.6388966535466748,6.562342166666667,1.0768285333333332,0.22238885362943014,0.003507534662882467
0.28123324666666666,20.464874420351673,0.6403131940822414,5.725454333333334,1.2806976,0.23371022442976633,0.0060195922851562006
0.10907709766666668,25.141513288720557,0.7061125871615116,5.666013333333333,0.9632158333333334,0.22537621359030405,0.005552291870117135
0.09391219133333333,24.474038379994482,0.7008464609257171,6.492513733333333,0.8637335333333334,0.1756303558746973,0.0053169727325439
0.12425003200000001,21.98711316937511,0.6357109651271872,7.5911502,1.0834474333333333,0.21863426764806113,0.006106456120808867
0.13630215166666668,22.521244226151065,0.6763623340605149,6.4228739,1.2093363666666666,0.18063130726416907,0.0
0.07787560466666667,23.830028145784663,0.6794544245863968,7.3146827666666665,0.8458089466666667,0.18139594296614323,0.0011613368988036999
0.28026089333333337,17.467990968464267,0.6094517561586751,7.1957494,1.6705455333333334,0.208295464515686,0.0024456183115640997
0.5049888166666666,18.621597408628748,0.5764501503741476,5.922468033333334,1.6259885333333333,0.19532639781634012,0.0
0.55726087,23.805399134258476,0.6439218489792466,5.992558766666666,1.2361419766666668,0.18328157564004255,0.004651387532552034
0.59613652,22.067951373733973,0.6127240524555114,5.161698966666666,1.2271624333333333,0.16642704357703522,0.0016454060872395666
0.19150969333333334,23.19015303812635,0.637360135640482,5.8592714,1.0778638,0.16888952006896332,0.000870943069458
0.172408329,23.11467344395874,0.6507106679404729,6.674483333333334,1.1326029,0.1808137545982996,0.00033704439798990004
0.12363243833333333,22.81106355701151,0.6752602704744753,7.133933866666666,1.0853425,0.16623648504416144,0.0
0.19276507666666667,20.599266165593946,0.5705925995624664,8.132542533333334,1.0154562233333333,0.19201537718375516,0.0040791034698486
0.15181315333333334,21.70884953074771,0.6184356155895466,7.279778133333334,0.8566101533333333,0.15564500788847604,0.0013860066731770666
0.34535049333333334,19.22969124574948,0.5415701526015797,6.916625333333333,1.1866908666666667,0.2120191007852554,0.0
0.3424772333333334,18.849392546160693,0.543690089542504,6.440800666666667,1.3498746333333334,0.19212464491526285,0.0020132064819335664
0.29374135333333334,20.778156248503937,0.5976751751338867,6.011588633333333,1.3344338333333334,0.20207049200932178,0.0012807846069335666
0.42574866,19.56701037155346,0.5567858289391306,5.5930393333333335,1.2656273,0.18191557129224137,0.0008734067281086999
0.5559397246666666,19.91105070911269,0.5804762521255794,5.821453333333333,1.5835995,0.2311919629573822,0.0027826627095540336
0.42867796333333336,18.91613930405575,0.5723054234552963,6.201504566666667,1.4436787666666666,0.2298461943864822,0.003344456354777
0.23627846666666663,21.337963042476087,0.638478393613728,5.692223633333334,1.1878499766666668,0.1788968741893768,0.004547754923502566
0.11962240666666667,22.708604447653045,0.6664662669602092,6.678354766666668,1.0654712966666666,0.1848543733358383,0.0
0.135531398,21.63741203346366,0.6546891350439171,7.548174633333333,1.0335815766666665,0.20713178813457486,0.0070119698842366325
0.191767108,20.839843061593328,0.6122996825726347,7.459816666666668,0.9410581833333332,0.20813926060994467,0.003504435221354133
0.18102495333333335,20.14754150915131,0.6269811823184365,7.641402233333333,1.2559513666666666,0.20858443776766453,0.0027776559193929003
0.13861891833333334,20.610858924475014,0.6054414956801104,8.836673866666667,0.9555478999999999,0.21974492569764456,0.0018941561381022
0.1634482766666667,19.615383853588042,0.5939936120455528,8.78625,0.9927572133333333,0.2253799190123876,0.0
0.15851839833333334,21.341801022003782,0.6131778014101573,8.628939666666666,1.1332725666666665,0.23859792947769165,0.0014170010884602669
0.22516575000000003,21.153550677152722,0.6054568246000175,6.735520000000001,1.10656681,0.2404850174983342,0.0
0.19384082866666666,21.12058982449264,0.63174013629238,6.7937115,1.2258087800000002,0.23477502663930258,0.004286527633666967
0.20336566999999997,21.953297705056723,0.6391397687225485,5.9307859,1.2363368000000001,0.2543726215759913,0.00035961469014483333
0.10710270133333333,22.954528806327662,0.6743433861097182,6.9376672,1.15148198,0.22151018679141998,0.0016247431437174335
0.22626148666666668,19.470455443472293,0.5891820580629757,7.0900372,1.2054584000000002,0.25915762782096863,0.0010333061218261667
0.12875693666666668,20.348825124443113,0.5838117610367575,9.016748333333332,0.8701729,0.2486913651227951,0.004604419072469034
0.10376125866666668,21.612662423980137,0.6540657742076897,7.723411666666667,1.1107939666666666,0.1992047081391016,0.004358530044555601
0.06590630133333333,22.954846739838345,0.6655606390365957,8.077447766666666,0.9128790999999999,0.17688735326131186,0.0022234916687011667
0.08333523999999999,21.813263369281255,0.6618879613444456,7.5443893,0.9819522166666667,0.18421561519304905,0.0012730757395426333
0.07169597466666666,22.694404399666837,0.6726024349536636,8.024491233333334,0.9365145833333332,0.19674241046110788,0.0026305516560872003
0.12628896866666667,20.762687132132502,0.6435659860009054,7.397327866666667,1.0248332666666666,0.17899489899476365,0.0
0.7871189033333333,25.578346178662404,0.6764845817527823,3.4779815,1.0435432333333332,0.1382734390596548,0.0
0.5082846433333333,23.492461645558894,0.5317979696242007,3.1025115666666667,0.9547594333333335,0.10620813692609467,0.0030560493469238004
0.5580879033333334,20.878530735169853,0.4582166829479511,3.5141737,1.0266079666666668,0.10415581862131751,0.006236076354980433
0.3381223,21.3384752845439,0.5381159684337976,4.9020753,0.9040189533333334,0.1451746970415115,0.0028842290242512667
0.21704730000000003,20.462066969231675,0.4708398776880512,5.6821943333333325,0.8381200666666667,0.15254570543766013,0.001193364461263
0.26581732333333336,20.588541047812296,0.5090460814547015,6.4428904000000005,0.9576033433333334,0.1525893633564313,0.003764788309733033
0.1814329033333333,20.69895812964903,0.49324301823422,6.1465619333333334,0.92110298,0.12516277531782785,0.0045082569122314
0.2867577466666667,19.08632681267839,0.4474611717205748,6.5278222,0.9746407,0.14373552550872162,0.0059184233347574665
0.149940232,21.570945936802726,0.5958223251307594,5.419877200000001,1.1552576666666667,0.1179769933223724,0.004468202590942366
0.20178796000000002,19.27210009472886,0.5224506428734873,6.450248233333333,1.1970663666666665,0.18132015069325758,0.0035615762074788
0.16833014999999998,19.836485921671724,0.5122509126151059,6.399682666666666,0.9313053,0.15533781051635737,0.0044186909993489
0.1722578366666667,18.022736468268885,0.519090405952907,7.234728733333334,1.2152604333333334,0.18173802892367039,0.0045048395792643
0.14180935266666667,19.409042200157288,0.5141074376929151,7.232857333333333,0.8775914199999999,0.20906937122344968,0.0
0.07811528,20.069184122418026,0.5506420225358674,8.581490133333334,0.6534530933333333,0.20151158670584357,0.0026834805806477667
0.10085974999999998,18.665236884089566,0.5310035212769665,8.741100666666666,0.84321205,0.21241056422392524,0.0045396486918131
0.11944577333333334,17.588339300940728,0.5212687340216042,9.645488,0.71562218,0.23076768716176346,0.0018866062164305999
0.09908294499999999,18.522315839679447,0.5155480266379647,9.159610766666667,0.6996340133333333,0.21462330718835188,0.0009206930796305333
0.08007814,19.714634491734618,0.5409767298420545,9.627719333333333,0.71329338,0.22875496745109558,0.0012745857238769334
0.10808694266666667,19.238996499768803,0.5470712835141022,9.316294666666666,0.6840585766666667,0.21683587133884427,0.0033742586771647004
0.22183227000000003,17.011612316823413,0.506241032170065,9.399797666666666,0.7854960000000001,0.23319638272126517,0.002585490544637
0.100554543,20.272789743140596,0.5615616179558641,8.414425200000002,0.8338293066666665,0.2158686468998591,0.0020902951558430666
0.11010834633333333,20.21684550795239,0.5577853291915037,8.624516700000001,0.7779789366666666,0.23318612078825632,0.0054374535878499
0.12572206133333333,19.835079189371093,0.5561543005247828,7.512184933333334,0.9099274199999999,0.23276945451895395,0.0024721622467041003
0.12179096,20.490533189280004,0.5764730028089802,7.599509533333333,0.8144782199999999,0.22591953972975407,0.004345417022705033
0.21197983666666667,18.616260806836504,0.5304792835398389,7.289462733333333,0.8578324999999999,0.2792341311772664,0.0033449331919352
0.18521452000000002,19.712938440132337,0.5857839876796248,7.161988166666667,0.96298385,0.20478368798891702,0.0017735958099365
0.11333692333333334,21.04956871162591,0.584662840041016,7.461089533333333,0.8192892133333333,0.21131635705629984,0.0030465920766194333
0.09840411233333335,21.876640590696862,0.6336025029885085,6.7518948,0.8276018233333334,0.14884044726689658,0.0054716269175211
0.14966861133333334,19.329612534679228,0.5632393943628454,7.682632466666667,0.7803836799999999,0.19408138096332547,0.005506674448649033
0.09078920333333333,21.53850548366438,0.6198985588817395,7.192537000000001,0.8459182333333333,0.1866957992315292,0.003331979115804
0.16877635666666665,18.989897804931573,0.5599053025102124,7.1680569,0.8401286333333333,0.1892815108100573,0.0014771620432535665
0.12301444066666666,21.004484415795314,0.6105100554340316,5.920927133333333,0.9096665666666667,0.1805650219321251,0.0044464270273844
0.10538738866666668,18.125425604863675,0.5035776474858332,28.567802666666665,0.8684859466666667,0.24625965456167856,0.0024395783742268665
0.11208405333333334,26.98523635563816,0.6444106139518467,8.182625333333334,0.9832551666666666,0.16183086733023322,0.003523667653401667
0.09037482133333334,27.125087453531105,0.67149280083465,7.8729768333333325,0.9950308133333333,0.18438410758972165,0.0
0.5941966983333333,23.630227984393,0.6179604459489353,7.483102833333334,1.1574221666666666,0.1888380746046702,0.0
0.37459112966666663,24.79660400638846,0.6370381921474565,7.740452266666666,1.4321113666666667,0.2071427678068479,0.0026059945424397666
0.2985107616666667,23.384644726940945,0.6325863160765919,7.736515366666667,1.0844682833333332,0.18488337844610211,0.0033292770385741667
0.332243085,24.033134312652567,0.645561939034798,7.1321623,1.2317713,0.18104650080204007,0.0037444432576497003
0.163203926,22.617411700940593,0.6059366500156297,9.322111,0.9080671433333333,0.17567470669746396,0.002031405766805
0.09508435133333333,22.010927891280062,0.6183125772052337,9.571581333333333,0.6488499866666667,0.20022436976432792,0.006619532903035467
0.10086962,21.433056552798025,0.5959491221378048,10.512785,0.7997502666666666,0.21975697080294285,0.0033013025919595997
0.10399763233333333,20.967997243022886,0.5812166595326245,11.619530333333335,0.9587673666666667,0.22757482031981144,0.0005825360616048
0.14629937466666665,19.915973834619653,0.5844133261369151,11.09043,1.0481635566666665,0.20760110517342886,0.008819977442423467
0.20849827566666668,20.322981079143034,0.5722325685282796,11.000847666666667,0.87961162,0.21883947650591526,0.0030950705210367664
0.15788574,21.580596684743295,0.5787165856387338,10.896116166666667,1.0247922500000002,0.21940533320109043,0.0038042863210042007
0.12160314166666668,21.203877038629813,0.5670763331275036,11.631254333333333,0.8259720766666666,0.25327514111995697,0.0059713522593179994
0.19500100333333337,21.248373952487647,0.6015122058861347,9.700406666666668,0.9231869333333332,0.20489471654097233,0.0024628639221191333
0.11290460333333334,23.025281330270484,0.6319967055805589,9.283178,0.9872711333333334,0.1602737779418627,0.0022194385528564336
0.12358936199999998,22.741188778863656,0.6170955981001569,9.575217,1.0985927133333333,0.22389620542526237,0.002648035685221333
0.2681395733333333,20.616200778587082,0.604530670957955,8.828025,1.4759205466666667,0.24827457467714945,0.0
0.15648841,23.60830227286907,0.6208436990048617,8.723100333333333,1.0516168166666666,0.2241344551245371,0.001175324122111
0.3468646383333333,23.05024545407635,0.5924103831963591,9.264045766666667,1.42327405,0.2750645081202189,0.003952662150065066
0.30891210533333335,24.742534779822666,0.6333716319016495,8.024882,1.1985160566666668,0.28041987121105194,0.0
0.7052484566666667,23.42530302128065,0.5895585540017629,7.4722239,1.7823560333333335,0.3078100979328155,0.0009584426879882666
0.74032557,19.85316286689664,0.5646866762097206,6.857247833333333,2.1192745,0.3225067456563313,0.007822513580322201
0.7946706900000001,19.54165219568581,0.5640838645772989,6.910445333333333,2.3282099333333335,0.300966481367747,0.0015888214111328001
0.18703296999999997,22.47615410017208,0.5725097173225291,10.098942333333333,1.01248442,0.29281728466351825,0.0019213358561197668
0.09965318833333332,22.270791505045022,0.5627932423120531,11.1327,0.9307631500000001,0.27221642931302387,0.004970788955688466
0.06644335933333334,24.19565056114962,0.5891020051668906,9.988630333333335,0.7525934533333333,0.26653705537319183,0.0040943622589111
0.07666230566666667,23.623075682817,0.630091221315998,8.797215433333333,0.9578293033333334,0.24105938275655112,0.0029699007670084335
0.08905949433333334,22.79974508743042,0.5784291494989493,9.874782000000002,0.9147560766666666,0.2862720688184102,0.006042957305908134
0.10667073,21.030864517328794,0.5914277256952541,9.962583666666665,0.9627650000000001,0.23217310011386869,0.004244248072306267
0.08704820433333334,21.75686226771079,0.6094604375905778,10.291101666666668,0.8897519333333334,0.21089641749858853,0.0011239846547444333
0.13670105666666668,19.97180170646394,0.5856628944295981,10.520388500000001,1.010246,0.21082009871800736,0.005254427591959566
0.26899189733333334,19.90427232016428,0.6054970186905732,8.923644666666666,0.8617834233333334,0.17746455967426297,0.0
0.3174158683333333,24.67679177995375,0.6173734831307448,8.066932,1.2029025333333332,0.17349549134572342,0.005870501200358033
0.32902331,25.48996267475869,0.6881799314550219,5.240350733333333,1.1785165,0.16773447146018342,0.0023055871327718
0.20819268333333332,23.276214317188934,0.6735898254705145,5.999338466666667,0.8717930666666667,0.1653223186731338,0.0
0.19215904799999997,24.71024476778052,0.6901872708165318,6.279259100000001,1.1253557666666667,0.15434917062520973,0.0021942456563313665
0.30042761,21.39929684934495,0.6435747937200776,6.8162845333333335,1.3532110666666668,0.18731922407944998,0.0033624966939290336
0.19674081333333335,22.068155220238065,0.6512210336791379,7.967108533333334,1.1347763666666668,0.1923566212256749,0.0
0.19228617333333334,22.761268587563467,0.6505858607185203,7.715155766666666,1.1428197433333336,0.19457444051901499,0.006095488866170233
0.21680554000000005,21.683152500484734,0.6409061472135655,7.983142933333333,1.2925354333333334,0.17680854598681128,0.004414955774943
0.336010398,19.503523758369653,0.6331221707818964,6.7519082,1.5142237666666667,0.1786596501866976,0.0
0.28469907666666666,21.323595531380793,0.6348203818610213,6.1166281666666675,1.2582218,0.1923117736975352,0.0025810400644938
0.3753886233333334,21.16803312672908,0.6343037443984952,5.6220835,1.4689136200000001,0.19375236580769217,0.0
0.14952412,22.152568257193575,0.6441657785090236,7.497422233333334,1.0661368766666666,0.19738464057445518,0.0
0.28662386,21.943090931072422,0.649995179277222,7.124964333333334,1.4444293333333331,0.18839051326115921,0.0045513312021891
0.15899275666666668,24.203326508155982,0.6855409968475903,6.547416766666667,1.2632573333333335,0.1986181984345118,0.0
0.19562662333333333,24.18093244586966,0.6871989193671294,6.0440746999999995,1.1558637333333335,0.15593810131152466,0.0034644603729248
0.3058001133333333,22.272103649748015,0.6609477551074564,6.192540966666667,1.2419064333333332,0.18063830832640326,0.0018240610758463334
0.15586247333333333,23.366732135753505,0.6783178374408925,6.7876899,1.1388772666666667,0.18663462003072098,0.005922396977742467
0.17535947333333332,22.072403666992837,0.6509121253551023,7.221136333333334,0.9972054333333333,0.1992651174465815,0.004202922185262001
0.24003530866666667,20.788695833925754,0.6213899750646582,7.492711066666668,1.19651638,0.18931859234968818,0.0037030378977457334
0.1605501,23.708415033590047,0.6763530712280662,6.449261,1.1714788666666667,0.18980553249518073,0.0009058316548665332
0.19338229333333334,23.249625317437843,0.6499655706449095,7.3858238,1.0543651333333333,0.1881484886010487,0.0006688435872395667
0.179762489,23.32612227746814,0.6580829646165381,7.545409666666667,1.0000742666666669,0.20301850885152814,0.0010201136271158334
0.17739572,23.088878028622464,0.6804901509637494,6.8699976000000005,0.8515900666666667,0.16049348811308536,0.0029451847076416
0.16817075666666667,23.325661935615624,0.6710138015200412,7.2934494,0.9576309133333334,0.1668817698955536,0.0
0.1975174333333333,23.033391635858635,0.6318326495306082,7.8894537,1.0048876,0.18438940246899918,0.0030732949574788
0.16825346333333333,22.57149303190937,0.6325874006940166,8.348438999999999,0.80809963,0.20749112466971079,0.0017813046773274667
0.21352038866666664,21.239941364342794,0.5659642833187944,9.989462999999999,0.85027871,0.2623722751935323,0.003997246424357066
0.09150806,24.340534840204047,0.6379493801657142,8.855466666666667,0.815354,0.23071015377839407,0.0005833307902018
0.17029024333333334,22.66411818030741,0.6517642421398239,6.857297166666666,0.9646299166666665,0.19406061371167496,0.0032103856404622332
0.18737181866666666,22.31820731000205,0.6335735052460988,7.028450333333335,1.0036988433333331,0.21910775204499564,0.005246559778849201
0.20985016666666664,20.128837130057377,0.5872246723119413,8.405647333333333,1.03085172,0.2171534846226374,0.004713296890258767
0.3196715766666666,21.05676628912975,0.6369737059801703,5.673446666666666,1.6088833333333332,0.24414475758870444,0.0
0.15927442233333333,24.496421157915105,0.6854128335420325,5.831813866666667,1.2040643,0.24413470427195227,0.004940112431844034
0.21028832666666666,20.987150376217787,0.6480985529405315,6.257352,1.3199187000000001,0.2227629174788793,0.0013040701548258334
0.130466472,22.41690034417101,0.661377787030098,5.911410466666666,1.1687460566666668,0.22751308977603912,0.0012783209482828666
0.045051209,25.63836952218224,0.7113034955218477,6.006406299999999,0.8178215666666667,0.17923315366109208,0.0
0.49266559800000004,25.63925670623874,0.6339115793588691,7.0097331333333335,1.3403469,0.16459741940100983,0.0008877118428548001
0.20779405433333334,26.510387055001747,0.6908270349369884,3.3978071333333335,1.0599071899999999,0.11038665349284808,0.0014273325602213334
0.26412691666666666,21.253256255104656,0.5577395587095452,4.091606133333333,1.0827236,0.12974447260300317,0.0028224786122639667
0.3739405333333334,18.208164546893613,0.42868875950318075,5.253220866666666,0.7523493,0.1562183598677317,0.004756053288777633
0.19651914666666667,20.195396758672192,0.5323502677125759,5.438491666666667,0.96358669,0.1417899851997693,0.0005077521006266
0.18162334333333333,20.839557889536646,0.5934296802062031,6.402805233333333,1.1039022,0.13573665171861643,0.0026230812072753668
0.14251906333333333,19.863543963620163,0.5768724814276848,7.700331066666666,1.0347717666666667,0.15650977194309226,0.0034218629201253
0.21671774,18.083160887303126,0.5270879890038805,7.882977199999999,1.0354556666666668,0.18459287037452057,0.005431890487670866
0.14446547499999998,19.733239830277668,0.5754631067871846,7.496407233333333,0.9401903233333334,0.17426603039105726,0.0016732215881347333
0.17990954,18.772774637829095,0.5871970940271839,6.822747566666666,1.1113676333333333,0.20267644027868906,0.0
0.09388496333333333,20.71666230117022,0.665519598659661,6.7914412,1.0977281,0.20085896551609037,0.0031839211781819333
0.13277602333333335,19.873894475247244,0.6197927286361842,6.755284,1.1399371333333332,0.2073439359664917,0.0052878061930338
0.12582984333333333,20.689742000003186,0.6532988323825554,6.5543459,1.1986467133333334,0.2256690363089243,0.0036079088846841995
0.19761082133333333,20.097174627924513,0.6658845904196655,5.7489373666666665,1.2240507200000001,0.23555054515600196,0.002212603886922167
0.1538354266666667,20.588642025425806,0.6519186473105197,5.8149394333333335,1.1218150333333334,0.22127441565195716,0.002795139948527
0.07330854666666665,23.52202283311586,0.7009484443084731,5.717641166666667,0.9239265166666666,0.21615653733412424,0.0033545494079589666
0.09380609666666667,21.844932202567207,0.6725073488863935,6.318024,0.9684805033333332,0.23155612250169114,0.0
0.07436417,22.485391846999843,0.6789614583198059,6.918295699999999,0.9514690199999999,0.222460463643074,0.0047377745310464995
0.086838476,21.129271577629822,0.6535239861694238,7.828307166666668,0.81550943,0.2230988343556722,0.0019877751668294
0.047263148,22.981567980059648,0.6417170461724863,9.810784866666667,0.8722901466666665,0.29878156383832294,0.0014580885569254335
0.07124993333333333,21.515871177487497,0.6428865333215016,8.2103911,0.88177995,0.24054811894893646,0.0
0.051410092666666664,22.51571065810089,0.6620498379765004,8.207911333333334,0.82568202,0.23005376756191254,0.0011529922485351333
0.04108072000000001,22.466569296380175,0.6275231047512774,9.176315666666667,0.7333907133333334,0.28192155559857685,0.0
0.05369748533333333,21.634486842629013,0.6136674818293609,8.874563666666667,0.8953673100000001,0.3228793789943059,0.0012777646382649667
0.07851960333333334,20.860586234349288,0.5748882145663509,9.835246333333332,0.7000219333333333,0.3845016558965047,0.004213174184163366
0.06346438633333333,21.934715888714504,0.6354219265962083,8.584555,0.9458735099999999,0.2874652246634165,0.0020075639088948
0.04755932599999999,23.99144542366103,0.6593316298443318,7.773347433333334,0.9186713666666667,0.26518117884794873,0.0016151269276936666
0.06248013033333333,22.26743501274232,0.6391338965943681,7.687817066666667,0.8286287633333335,0.28161535660425824,0.0017346541086832668
0.06382330633333333,22.349607013078188,0.666930064113625,7.289398000000001,0.8488333133333333,0.26537157595157623,0.0015348593393961333
0.05972602733333333,23.131686872989594,0.6658254008797395,7.073626066666666,0.8896995666666667,0.29575196901957196,0.005490382512410467
0.08196589,22.035051802553813,0.6825939403292046,5.980344133333333,1.0436051999999998,0.20734679202238718,0.0029667218526204
0.11054688466666666,21.175268447176055,0.6536843789185626,6.353990866666667,0.8965505666666668,0.24600571890672043,0.0011270046234130666
0.09146293266666666,21.59839304753712,0.6665361942415853,6.478958899999999,0.93732928,0.2226543128490448,0.0025470256805419336
0.10481590833333333,19.638229865012566,0.6529409840850257,6.6676676666666665,0.9477443333333332,0.22684908409913382,0.0025655428568521666
0.387946148,16.966214974727063,0.508025801426819,17.972195,1.5363485333333333,0.28278843065102893,0.0021627744038899667
0.42276435666666673,24.176632862650305,0.6595956965742297,5.1523064,1.2765947566666667,0.16022198150555286,0.0044933954874674
0.23790486833333332,23.23941323694281,0.6531528969044095,5.0721925,1.1999402,0.13714058945576346,0.0018205642700195
0.3773780133333333,21.56966985417553,0.5816269866425312,4.274656033333334,1.4060310666666667,0.11885869751373919,0.0014922618865966335
0.42717167333333333,19.937362528423744,0.5524655497609482,4.6991919,1.2714758199999998,0.13206953058640156,0.0031874179840087336
0.31219202333333335,21.155014252788973,0.609071552424797,5.355346,1.34051708,0.155554878214995,0.0
0.2774457453333334,21.824754272689415,0.6855606689465761,5.624405133333333,1.4002058,0.14840737730264655,0.007017532984415667
0.48071062333333336,21.992886264153963,0.6166667909939808,4.9884629,1.4941749166666665,0.17807695766290021,0.0044925212860107
0.2836011633333333,21.35848474595292,0.6398663826055069,5.8746352,1.318501,0.1652640104293823,0.003486792246500633
0.24995900333333335,19.25236819155954,0.5925789256557756,5.868307333333333,0.9959798666666667,0.17159196734428403,0.0
0.19886264666666667,18.05362444556362,0.5483193653056179,6.044035133333334,0.8195214966666667,0.20075570295254386,0.0012157758076985668
0.11635767066666665,20.26642492434502,0.6380708295587242,6.384369866666667,0.9044591533333334,0.21616193652153015,0.0018347899119058998
0.19966980199999998,18.026889929521193,0.5806404114102993,7.021681566666667,0.8609862333333332,0.22885570923487342,0.0025389989217122332
0.16073916533333335,18.01172721944963,0.5708040667884594,7.772229233333333,0.5985087,0.23687033355236053,0.0
0.09574186533333333,20.6185815692611,0.6679284880489417,7.777494666666666,0.77984221,0.19100064039230347,0.006699244181315067
0.09865069,21.117868765447646,0.6668216394888714,7.926817233333334,0.7505776933333334,0.20818289617697397,0.007466316223144466
0.19831508466666667,19.163243334706547,0.5901486304377377,8.199640766666667,0.7902535500000001,0.21886300047238663,0.0
0.18874109000000003,20.039316643519985,0.5944809624517481,8.455253333333333,0.72148913,0.21365804473559055,0.0014291604359944335
0.44450016,17.6202286179068,0.5496496251316682,8.383181333333335,1.2114354,0.2631739228963852,0.0018680890401204
0.24338967666666667,19.825514854149848,0.6056690562756346,8.710735566666667,0.89547331,0.18775132298469535,0.0036609172821044666
0.14189556,22.13174255850861,0.6477147128920432,8.929548333333333,0.9755423833333333,0.19540397822856895,0.0
0.19548493666666666,20.265019246513827,0.5854121714777039,10.3535645,0.8663470533333334,0.23226051032543174,0.0009952386220296
0.30552210333333335,19.818113585214338,0.582266871989204,9.104318666666666,1.01356008,0.22408348321914665,0.0
0.43195799000000007,18.49957817917208,0.5386023598446598,9.736552666666666,0.9835734133333333,0.24903098245461783,0.004756927490234333
0.3936938933333334,20.050752906855394,0.6014381877686074,8.998449833333334,1.5380342200000001,0.2638181547323863,0.0033559799194335664
0.31095654,21.666406462954967,0.6242994018354759,7.805542,0.9192649333333333,0.20196397602558136,0.0
0.6012780466666666,19.40966148702626,0.5601872562701031,8.437364333333333,1.0787466,0.22103898723920182,0.0
0.19558381666666666,22.721688468001517,0.6266792244000979,8.637917799999999,0.9841092800000002,0.21207864085833228,0.0013403097788492668
0.2517504133333333,21.660988133663494,0.6046993958193708,8.777984000000002,0.9083638333333334,0.22236049671967825,0.0017681121826171667
0.2726528266666667,19.99097973122156,0.586295551292658,8.868511,1.1519667166666665,0.22423578302065528,0.004009723663330034
0.30390164000000003,19.323106947522987,0.5880094552134842,8.959416333333335,1.0850014666666665,0.242865522702535,0.003462950388590467
0.16437686666666668,22.36822408070473,0.6582150869856834,7.36402,0.91224586,0.21034609278043107,0.0006876786549886
0.21315801200000004,20.74426731830415,0.6410112118023599,7.180516466666667,1.1211187166666667,0.21384678284327183,0.0035906632741292
0.12533328533333332,24.066545240620286,0.647131547593399,7.324702133333333,0.9730473700000001,0.24552896618843076,0.0
0.13140528866666665,22.40204346065343,0.6620730021970426,7.0900434,1.2182991,0.22450955708821607,0.003604253133138
0.18073754900000003,21.393770016894702,0.5974292792780661,7.942020833333334,1.2400738666666666,0.2950534522533416,0.0016421476999918334
0.10049198166666666,24.350516934144974,0.6606562879358695,7.1210551,1.14224082,0.2479134351015091,0.008780241012573199
0.18521713333333334,22.26738251113589,0.657424444883766,6.7092259,1.553046,0.23175811767578125,0.007117430369059233
0.10772290566666666,21.574346571404647,0.5934951254965578,9.0335795,0.9811099666666667,0.23612329860528303,0.0
0.21440021800000006,26.143006729041165,0.655189657618266,7.914457666666666,1.15387189,0.16146161158879593,0.0009615421295165999
0.35081065666666666,24.616512028392293,0.6927191648512272,4.3236365,1.37304252,0.1513014311591784,0.004624525705973267
0.3773243233333334,24.170668815963797,0.6511734704398767,4.332196433333333,1.0691043133333333,0.14048638691504792,0.0034073193868001
0.4344596033333334,23.154733382134,0.6590324364922474,4.900040166666667,1.1417732333333335,0.14236834893623984,0.0039159456888834335
0.9584572333333332,21.512832312719908,0.6153716782987777,5.4737267,1.9083290000000002,0.19000281393527985,0.0022555192311604667
0.4395564533333333,23.003876104233495,0.659880645514206,5.963868300000001,1.3781189666666667,0.17301306128501884,0.005275090535481734
0.26949239333333336,23.566560752822287,0.6527150009082314,7.5116629,1.0215511166666669,0.20689070969820023,0.0033607482910156003
0.340274972,22.565594409493176,0.6524379134952851,7.424210666666667,1.4697588666666668,0.21138781557480493,0.003276507059733033
0.23026866999999998,21.122392742118382,0.6337400052136,7.981490099999999,1.2540009,0.1937608321507772,0.0026837189992268665
0.146006406,21.249431550681212,0.6171108788315031,9.090433666666668,0.7750931333333334,0.2047076721986135,0.0
0.11766634599999999,21.89735011488249,0.6435521755993147,8.511316166666667,1.0768209800000001,0.20271598299344376,0.0034112930297851003
0.08594507333333333,24.49752008076561,0.6696282947541746,8.372129866666667,0.9522241833333333,0.20951779683430982,0.0041319529215494664
0.10441463000000001,23.63763784489018,0.6553993820418459,8.584522333333334,1.0133547,0.21039249996344248,0.0010558764139811
0.138074367,23.600215935846176,0.6501465119714682,8.407811633333333,0.9272965666666666,0.2101097206274668,0.0003716150919596333
0.15570884866666668,23.6001008687124,0.659319087600784,7.901693866666666,1.0935238333333335,0.20173337062199906,0.004287481307983367
0.19887622333333332,23.11230335380269,0.6636040587678013,7.529814099999999,1.0899325766666665,0.19056177635987592,0.0033757686614989996
0.20180717,24.109078385077478,0.6635670612963104,7.266401800000001,1.1556735,0.19877809286117554,0.0015296141306558998
0.18730762333333337,23.376536218865635,0.6582472659934151,7.853362533333333,1.0860588000000002,0.19045540690422055,0.0008409023284912
0.34430182500000006,22.158026148165902,0.6251723931259648,7.663447866666666,1.2969927333333333,0.22283132374286652,0.004801909128824833
0.16101360333333334,22.957763775069793,0.6287931176938696,8.760758966666666,0.9170283666666666,0.22325838108857474,0.007511059443155833
0.16228341466666665,24.852012267375454,0.6671271977589078,8.550337666666666,0.9974254233333334,0.2300805548826853,0.0010890960693359334
0.14696762666666666,25.97308389059369,0.687189908203893,7.898570666666667,1.0563023766666666,0.22748336195945737,0.0018111069997151666
0.9074543266666666,20.909150921739023,0.5966737703178128,6.9692259666666665,2.3087771466666664,0.2674126724402109,0.0013802051544189334
0.317731735,24.311080353692375,0.6486163924719116,6.983320833333334,1.5200565499999998,0.3040569027264913,0.006422519683837834
0.274616568,20.27831947104372,0.5111903970918675,12.177248333333333,1.2449241000000002,0.39797984560330707,0.0033343633015950336
0.21679344,21.247309411808704,0.5519320828374393,10.954116333333333,1.3071721333333333,0.34044380486011505,0.0029804706573486
0.09480202666666666,25.68885000240117,0.6413479563489521,8.906284333333334,0.8356280899999998,0.26314872503280634,0.0027668476104736003
0.10144871333333333,25.465496681461037,0.6493457786745248,7.880799766666667,0.9530866000000001,0.2483235498269399,0.0
0.17198661666666668,24.050633693738593,0.6438326179968288,7.617995133333333,1.10805158,0.2394851446151733,0.0
0.08342227833333334,25.354577115786828,0.6537313446703091,8.119164233333334,1.1526321000000002,0.2224481205145518,0.0028124650319417
0.36621597,19.191641719417838,0.5786636397439406,7.813151133333334,1.9242940666666668,0.2891039103269577,0.0015538533528645666
0.23738232866666667,25.039177163020934,0.683771640776699,5.9260041,1.5042869,0.23676071564356485,0.0020577907562255664
0.085373306,25.992667986300557,0.67663316950624,7.407558866666666,1.0329907133333334,0.21830046176910392,0.0024913152058919
0.08182575900000001,25.363425517850942,0.664766990355703,7.620478733333333,0.9942842000000001,0.23990274965763092,0.0
0.13044230166666668,17.50886638898651,0.5392117889567037,27.990260000000003,0.6538852533333334,0.241456593076388,0.0054081281026204
0.20170535,20.181782311451055,0.5460543176057752,14.962988333333334,1.4292,0.27640132606029505,0.0050579706827799
0.5659618383333334,20.0637536098408,0.5277051163294568,12.787461666666665,0.9197406666666668,0.2354471186796824,0.0
0.09987163333333333,24.594024082385683,0.5992449626161366,10.181324333333334,1.1577325333333335,0.2057289481163025,0.004851341247558534
0.4074852633333334,21.01713905554492,0.5433193087926639,11.666880333333333,0.9610937166666668,0.22988944252332047,0.0040929317474365
0.18304309200000002,23.82699004412392,0.6054484647106345,9.227869333333333,1.3966526333333336,0.2171263967951139,0.0071316560109456
0.33178726166666667,24.11959596837711,0.5807307138521857,9.109546666666667,1.0743878833333333,0.2378870273629824,0.0021856625874837
0.25041669833333335,23.688986224327305,0.6145226813065927,8.563386333333334,1.2439239866666667,0.21148804326852155,0.003490527470906567
0.15742389833333334,21.604389032694623,0.6186062046204275,8.076422666666666,1.1405165333333331,0.2165645509958267,0.0038645267486571663
0.16467208666666666,22.898576004287197,0.6112871307269799,8.5954519,1.1863626,0.2760273665189743,0.004481554031372033
0.21052230333333335,23.00099075548057,0.6389439864610459,8.554603,1.4058861,0.2072974840799967,0.0026752948760986
0.10856846466666666,23.339633101337995,0.6077932993623754,9.601685333333334,0.84055832,0.2120415965716044,0.0026372273763020336
0.06258954533333333,25.547214801665394,0.6599836015857949,8.790386999999999,1.0618832666666667,0.20712557435035697,0.005616903305053667
0.14115375,22.78516013761856,0.6113207992784377,8.472107333333334,1.0540244433333334,0.2326338837544123,0.0
0.151667525,22.044651946091182,0.6002994761893241,9.062815,1.0509914666666667,0.22810658812522888,0.0
0.08183935,23.563547182458525,0.5958349550250507,10.884230166666669,0.88182912,0.2499801814556121,0.0038247903188069338
0.23640461200000004,21.37711345721065,0.6092829249706067,8.912655333333333,1.264349,0.20961212615172067,0.0024981498718261667
0.16529922133333333,22.215530272608902,0.5810050898098266,10.686037666666666,0.8931612800000001,0.21274125079313908,0.0027153491973876663
0.31358115866666664,22.37139421808874,0.6255330237962016,7.550576666666665,1.4151866666666668,0.2291803161303202,0.0039528210957845
0.22865759666666663,23.11503690744598,0.608555287000204,8.403173333333333,1.0816420566666667,0.2288227528333664,0.0025950272878011
0.2700572266666667,20.02032827786811,0.561162632111912,9.548418333333334,1.2652463,0.23708947499593092,0.004384835561116534
0.107407614,23.848888263583177,0.621305275536809,9.529388666666666,0.83886503,0.2218124419450759,0.005637248357137001
0.32909075666666665,20.590871573547645,0.5700203694496427,8.868509666666666,1.1992481,0.26481693486372626,0.0
0.2504894966666667,24.34862469447977,0.6343218489659829,7.563240400000001,1.1143544133333332,0.22660251458485917,0.0033453305562337003
0.230326412,23.359625751645098,0.6372935649873085,7.435012333333333,1.2582515,0.21903716524442032,0.0053775310516357006
0.240056674,21.853601534451553,0.589668835930656,8.699039999999998,1.3678651666666666,0.2681684543689092,0.0028747717539468996
0.29910216266666667,21.09724441346375,0.5595251241192547,9.795248333333333,0.8465498666666668,0.26295186082522076,0.0
0.22507187833333334,21.873065755915817,0.5786089949006966,9.5044855,0.8551746000000001,0.2549666066964467,0.002401192982991533
0.28122268333333333,20.904233765490478,0.6008900505129247,7.935525666666668,1.4956409333333331,0.25770303606987,0.004864931106567366
0.17868900799999998,21.97533640358665,0.6059650311937738,9.198517,0.8968430466666666,0.20897527535756422,0.0045357545216878
