Classical,Early DL,Physics DL,Adv DL
0.8568181778886327,3.5542284333333334,4.2472902333333336,4.951779433333333
0.814878180704781,4.042175133333333,5.127098,5.121847166666666
0.8022662726661256,4.589695833333333,5.613984599999999,7.046862133333332
0.7999536901933868,5.3292192,6.020849966666667,7.113866000000001
0.7987960923899736,5.770958266666667,7.093350566666667,8.625752799999999
0.7613768439770817,6.2510752,7.746434366666667,8.631507933333333
0.7787411995123081,7.871801533333333,9.370300433333334,9.862251333333331
0.7830123903643348,7.068780133333333,8.1897682,9.2545992
0.7761435481423217,6.975419433333333,8.525588,9.976844933333334
0.7838935171420189,7.154375366666667,8.517289333333332,9.119216533333333
0.8167100592941853,7.313117333333333,8.952819066666667,9.5988245
0.825100337612251,8.1626401,8.883328833333334,10.027352333333331
0.8104207018786571,8.731856333333333,9.853641666666666,11.001204666666666
0.800560781530951,8.474298566666667,9.646077666666669,11.364766666666668
0.8182209648651435,8.221016333333333,9.646372333333334,10.3052135
0.816963685866266,8.416328,9.942452333333334,11.376564
0.822896771596882,8.413913,9.295276,9.8996255
0.8484174083271331,7.913290333333333,10.79694,12.0554695
0.8346410598905479,8.317311,9.959657333333334,10.778492333333332
0.8231551436098511,8.553912799999999,9.845962,11.124131666666663
0.8449804751993867,8.385033433333334,8.804469333333335,10.370557
0.8305275344049651,8.084049233333333,8.880092666666668,10.317130333333331
0.8156117371070853,7.995547666666666,9.086630666666666,10.136722666666666
0.8247574771769184,8.219240533333334,8.537211333333333,10.603312666666667
0.8373741756625651,7.828622433333334,8.8905625,10.410253833333334
0.834712234783856,8.3020876,8.764511,9.634193433333335
0.8580296883385884,8.082660666666667,8.3651495,9.338
0.8569795677285522,7.022156466666668,7.863433400000001,8.910559166666667
0.8799423282690447,6.366899433333334,8.1829935,9.332115666666668
0.8181958212968636,6.6013166666666665,7.958127133333334,9.169860433333334
0.8258772589396043,5.6835201333333325,7.255711833333334,8.567515666666667
0.8127316213141597,6.037803333333334,6.982804533333334,8.687838999999999
0.8182629107151378,5.662347433333333,6.997640833333333,8.3236098
0.8174287570428294,5.6565155,7.479873866666668,8.310228766666667
0.8169331949941884,6.079585333333333,7.205192133333334,7.966359666666666
0.8090561720551527,6.2862951,7.309464566666667,7.7842344
1.1034308268775146,8.519426399999999,9.578838333333332,9.233574
0.9492103994206764,5.912814433333334,6.631996000000001,6.915469766666668
0.9966524960344758,6.0158683,6.7687847,7.207841133333335
1.034220814047832,6.3043751666666665,6.8727138,7.809294866666666
0.9007054855059916,8.7025685,9.528179333333334,9.9890475
0.9881206190459318,6.6039761,7.7451808,8.566619333333334
0.9102294978465388,6.944010333333334,7.8943059,9.274947833333334
0.8344464849254104,8.922817666666667,10.35168,10.503471666666664
0.8074656950602562,10.478695666666669,11.517891,11.003806333333332
0.8112514603140989,8.931079,10.740722333333332,11.505863333333332
0.7907355809263947,9.675163666666668,10.630812166666669,10.614223
0.793499308247018,8.321505666666667,9.454324,8.977249533333334
0.8112302178958369,7.250283433333333,8.752166333333333,8.812714999999999
0.7845544589506984,8.0998263,9.432170333333334,9.783963333333332
0.7814251130669666,6.2362621,7.042629533333334,7.8621165
0.7998182815144781,6.328167333333333,7.365840533333333,7.274789233333334
0.8085834266661435,5.656340666666668,6.229646566666666,7.055689966666667
0.8228404471033786,6.867357966666667,7.513981800000001,7.478341833333334
0.7996313879285603,9.008447333333333,9.544958,9.415240166666663
0.7988089261847108,8.067495633333333,8.996539,10.1288958
0.8934637299099758,6.521860966666668,7.3069806,8.8135562
0.8497939568253278,7.062932600000001,8.145580333333333,9.2128181
0.8411945059588417,8.078799000000002,8.962874166666667,9.193092666666669
0.7938353163333831,8.612176,9.605750333333336,9.516838333333334
0.9299383834568992,10.123560333333332,10.534417,10.484320666666669
0.8713100701340096,8.481102666666667,10.093008,10.184022333333331
0.7956880904588504,7.9722658,8.502426666666667,9.240248333333334
0.8033563324672993,7.2263446,7.798357333333333,7.964924433333333
0.813301771401511,5.6224598666666665,6.379824266666667,7.429736066666666
0.8330964312918795,6.0418011,6.354197933333334,7.184742166666666
0.8163536713869322,5.762892,6.167549566666668,6.9837242
0.8543350118224414,5.004151066666666,5.2602488,6.0359393
0.8251051347039416,4.191730066666667,4.682758666666667,7.851364533333332
0.7999957637254301,5.768470799999999,6.2518301,6.810205533333334
0.8294658850417976,5.487483,6.0223755,6.683319566666666
0.8085766998336975,6.746025333333333,7.716041433333333,7.410900066666668
1.0567885729989035,5.220815633333333,5.926514,6.5440771
0.9615353875965827,3.6800087,4.382442500000001,5.206194866666666
0.8277473677117747,4.072942466666667,4.887022766666667,5.3451125
0.7961663504190916,5.563733366666667,6.443866166666667,7.059329066666666
0.813509973554451,6.494402466666666,7.761274666666666,8.494405899999999
0.8147560180135857,6.223169333333334,7.523508666666667,7.953391133333334
0.8226700791860874,6.703098566666667,7.605482666666667,8.509241666666666
0.8208869768928754,5.7832665,7.4229194,8.468821133333334
0.7977542127724003,6.170424033333333,7.091037366666666,7.783818666666666
0.8021646598752284,5.674262800000001,6.801949666666666,7.691680333333333
0.840177524336473,6.079422999999999,6.780040666666667,7.0760272
0.8048996744125416,5.430987066666667,6.286478233333334,7.441543266666666
0.8462963342355975,5.320197733333333,6.056619566666666,6.603712533333333
0.8275705200424778,5.083116766666668,5.438180766666666,6.884261766666666
0.8299937777453187,5.053682233333333,5.6696458000000005,6.554929233333333
0.8025105371499835,5.250839966666667,5.972367733333333,6.619664566666667
0.8387851266484391,5.6431863333333325,6.502259700000001,6.932338233333333
0.8376894286213247,5.893052099999999,7.131129666666666,7.754991666666666
0.8282016023465708,6.3191243,6.987630266666667,8.856106333333333
0.8430444510758749,5.458190133333333,6.5125226666666665,6.883566666666667
0.8268743023060484,5.650125166666666,6.674376133333333,8.092415433333334
0.8343248663001454,6.3567168333333335,7.117782533333333,7.5817898
0.8198836851711185,6.066682033333333,6.964640233333333,7.320769833333333
0.8531234491653698,6.4329112,7.590273199999999,8.118568766666668
0.8583551388453216,6.214679799999999,7.602614,8.066928500000001
0.8279397680848749,6.286051099999999,7.200030166666667,8.480410533333334
0.8353260261564585,5.5767897,6.345123766666667,7.1724703666666665
0.842749752248273,5.3438848000000005,6.435648333333333,7.330726666666667
0.822611401769555,5.352012833333333,7.360863800000001,8.7221289
0.8717447234874323,5.870694566666667,7.218604133333333,7.974469
0.8627110782906073,6.3717608666666665,7.579693133333333,7.721695833333331
0.8351465908132195,6.982837666666666,8.162554333333333,9.566799566666669
0.8255584225253791,8.022803999999999,8.741463666666666,10.423692333333332
0.8344286070012178,8.672329133333333,9.870306666666666,10.696256666666663
0.8569756182098169,7.523474466666666,8.880737833333333,10.977245666666668
0.9038400472992992,5.5138226,5.946834566666666,6.6443157
0.8862230715281084,6.173919000000001,7.221786766666667,8.521417
0.891869198182734,5.940542933333333,7.0340473333333335,7.306682066666667
0.8637212634028882,5.415715033333334,6.003672033333333,6.571482433333333
0.858776831767177,5.533002066666666,6.374682933333333,7.401865999999999
0.8289192247572558,6.998853033333333,7.700454866666667,7.816469333333334
0.8331242861256646,6.017341933333334,6.784505566666667,7.352542833333334
0.8177177362885178,5.979140766666667,6.844313466666667,7.2205922
0.8232101070385047,6.3573457,7.1126260666666665,7.542413566666666
0.8006908303216074,7.0162655,8.129985233333334,7.923866566666667
0.8151405177070551,6.844738333333333,7.904450333333334,9.023055233333332
0.804791758811657,7.2789838,8.5283029,8.436437333333332
0.7617983331448658,7.890007666666666,8.997993666666666,9.709406566666669
0.7501689787760983,6.985739866666666,7.927568666666667,8.707031966666667
0.7995745376217654,8.202039266666667,8.685297666666667,9.149709
0.8045843843389378,7.7158047,9.162226333333331,9.920637
0.7657668252697314,8.126356999999999,9.453096333333333,10.54495
0.7757245711833004,8.1067309,8.710079666666667,9.854239766666666
0.7738345486036753,8.0540291,8.864291666666666,9.807802666666666
0.7981949247542302,6.883717066666667,7.776311,8.0459139
0.8161010042812761,7.820958966666666,9.607999666666666,9.738376666666667
0.7917342867459203,7.910766366666667,8.827152333333332,9.677187333333334
0.7864692622121382,8.375453433333334,8.904725999999998,9.867589666666667
0.7939362664850117,7.808426,8.221726166666668,8.961380666666665
0.8435141899373949,7.0645508,7.452177966666666,8.863070533333334
0.7620414964894074,8.180319533333334,8.597057,9.981628666666666
0.8228035613263073,7.983688233333335,9.115688,9.301462666666666
0.785713310878335,10.393869666666667,11.298201999999998,11.379009666666668
0.8173785493179476,10.117408333333332,10.782494333333332,11.364730333333334
0.7947678119570242,10.071227833333332,10.761044166666666,10.986422
0.8203457045218029,7.7246256666666655,8.3553099,8.4024076
0.8197501897343898,6.077481,6.681006333333333,8.049024000000001
0.8095781935108105,5.775240766666666,6.088610233333334,8.102319233333334
0.8065279735710374,7.353325566666666,7.984021566666667,8.686661
0.792125165811993,8.378222333333335,8.616145000000001,9.242486666666666
0.7840809809066235,8.700246666666667,9.216371333333331,10.324535666666668
0.7952460754337268,7.437346933333333,8.554104200000001,9.240247166666668
0.7962309793889367,6.692496866666667,7.289886633333331,8.065987966666667
0.7962415404154534,5.889537566666667,6.3407808333333335,7.4523118
0.7999717374435762,5.8117531,6.883807900000001,6.915236266666667
0.8298051558553047,5.931856766666667,6.3765768,7.013393533333333
0.7884573860754878,5.1952122,5.757643733333334,6.795775066666667
1.4403059324725678,4.8648209,5.018070266666666,5.108545133333333
0.9513372801009156,4.337751466666667,5.026671,6.987152900000001
0.9440604870804674,4.5178969,5.113147433333334,6.705020366666667
0.8620346213771022,5.347361266666667,5.7704318,7.743452666666667
0.8031621021893618,5.487356999999999,5.8869121333333325,7.626847000000001
0.7963000551253488,6.538668066666666,7.493379166666666,8.402179166666665
0.8106123806922304,7.4381133,9.268718333333332,9.69169
0.8076500900355844,7.709509866666667,9.825864333333334,10.291776
0.8023194889429878,7.787766466666667,8.620970666666667,9.025896666666666
0.76656625713136,6.894814966666668,8.955144333333331,9.118574333333331
0.7877283885420242,7.911729333333334,8.693143333333333,9.634364333333332
0.798228046099379,7.710439999999999,8.792704666666667,10.051654666666666
0.7958766347682754,8.305629366666667,9.735609000000002,11.273225333333334
0.7903262911752716,8.774263466666666,10.343508,11.485616333333333
0.7985472024358327,9.64477,10.824622,12.822167333333333
0.8023242155730282,8.485300833333334,9.953818666666669,10.555949666666663
0.7876811376273013,8.748459333333335,10.473031333333331,11.528422666666666
0.7562261391795185,8.994298833333334,10.044139333333334,11.479634
0.8128632283911142,8.562542,9.992868333333334,12.030299333333334
0.7795248130988499,9.055430666666666,9.720701333333333,11.259797
0.8160617206486327,9.772162833333333,10.768702,12.023137833333331
0.8309983067756285,9.6346525,10.295365333333336,11.9599355
0.8183384577785254,10.4389585,11.763628333333337,13.743375333333333
0.8152092123920847,10.126954333333332,10.802826,13.292421833333334
0.8046521705780073,11.263022666666666,11.243414166666668,12.711489333333333
0.8083927982064217,10.631771666666667,12.209402,13.154717333333332
0.8139960993176995,10.611119,12.309530333333337,12.819721333333334
0.8163037462715238,10.846805666666668,11.107299333333335,12.205724000000002
0.7981196751674783,8.337586566666666,10.818593666666668,10.915373333333331
0.814926140029114,9.028253666666666,9.154973666666663,10.908921333333334
0.8190342640079219,7.919408333333332,8.4789745,9.659307
0.8170375568415619,7.547531599999999,8.2135206,9.146546666666667
0.8279955529705031,8.0943482,10.189389333333333,10.385971666666666
0.8417671684233353,8.948442333333332,9.420185166666666,11.775054
0.8461816392719301,8.279436566666666,9.665346333333334,10.436680166666669
0.8216526342535281,8.091304133333333,9.360551666666666,10.397701666666666
0.8571097750463398,8.822654133333332,10.402624333333334,10.682424666666668
0.8613640313556551,7.7252689,9.661270333333334,10.326034333333332
1.2469265122024158,25.361964,30.95800133333334,25.68632
1.1192781430627006,13.518486333333334,15.482121666666666,13.453322666666669
1.1275194188316906,9.821306333333334,10.663128833333332,10.616817666666668
1.084112233013174,8.295366766666666,8.938646666666667,8.597844333333333
0.9722895592708636,9.207371666666669,10.440164333333334,10.177557
0.944946015793892,7.622063333333334,8.152401,8.884470566666666
0.9496858427385452,5.814041633333333,6.250396966666667,6.607003466666668
0.945051205029781,5.2810552,5.932443,7.476640566666667
0.909758725126606,5.991385133333334,6.468968833333332,6.732202233333332
0.8269801013801529,6.4510397333333325,7.085939166666667,7.481195333333333
0.866588975998544,5.5056912,6.003392666666667,6.2709222
0.8334394728203866,5.938703,6.4571730333333335,6.627575466666666
0.8174835530396143,6.172406066666667,6.386035433333333,7.190603333333333
0.8003464240573699,5.358664333333333,6.086438666666666,6.560178033333333
0.7687120816070264,5.710517933333333,6.4869178000000005,6.6926967333333325
0.8006161575845926,5.757920166666668,6.4395292,6.7810767
0.7790628926661661,6.4180514666666655,6.976673166666667,7.1949109
0.7565488231491629,6.710597466666667,6.7915167,7.468979566666666
0.75218901808574,6.556497666666666,7.197616533333334,7.6428445
0.7694702299930073,7.012209133333333,7.671713199999999,7.784592333333333
0.7727493191402147,8.249090666666667,8.481621133333332,9.920607433333332
0.7500844678229975,7.670395499999999,8.590091333333334,8.915474433333333
0.7862037990941969,8.292637666666666,8.917643333333332,9.149974233333332
0.7572281152103321,8.575185,9.383353666666666,9.790731333333332
0.7518033812023012,7.487258100000001,8.677553166666668,8.918127233333333
0.7796706956681124,7.037103633333333,7.929192333333333,8.460583999999999
0.7915074979553022,6.351244266666666,7.5448184,7.603812666666667
0.7953850879463357,7.146212566666667,7.8605947,8.442457666666668
0.8012649568735101,7.087607299999999,8.053463333333333,8.350837566666668
0.7836295682022368,7.729191833333332,8.537896333333334,8.569415666666666
0.8292992919492885,8.086146000000001,9.104186,9.097035333333332
0.8260399374439361,7.0240434,8.220203666666666,8.262538566666667
0.8423214946213644,7.707626866666666,8.740461166666668,8.897591166666666
0.8213308913944384,5.818379,6.322802866666667,6.969793533333333
0.8092307012168497,5.993583666666667,6.401477833333334,6.885402933333334
0.8107525732434545,5.4087092666666665,6.309534566666667,6.649157033333332
0.8226097428864764,4.733502233333333,5.656142200000001,6.128439133333333
0.8248543657442825,5.2479887666666665,6.26251,8.612992133333334
1.071123960552346,14.60017,17.20601633333333,16.085283666666665
1.065462323539127,9.647744166666667,10.7834105,9.720117666666663
1.067751335403769,9.984992666666669,11.404734,11.420891666666668
1.0025576121727164,9.615558666666669,10.455123,9.930338999999998
1.046486777709905,8.758754666666666,10.151919333333334,9.057263666666666
1.0113010391064512,9.136966333333334,10.036369,9.578418333333332
1.0682780529308264,8.684933833333334,9.380051333333334,9.228017666666666
1.0113776543797404,7.879155333333334,8.79379,8.754470333333332
0.9817734714047988,9.316835,10.095399,9.687014333333332
0.9464537653719745,9.136394,10.163272,9.37959
0.9168144158052812,9.197977666666668,10.767131,9.917077
0.997805407490172,7.944984466666667,8.495921333333333,8.8429995
1.086143171620754,5.511258433333334,5.726627866666667,6.791474566666667
0.9348765945709836,7.814736333333333,8.434705333333333,8.239094166666666
0.9270323093785904,7.946430499999999,8.913627333333332,8.983887133333333
0.8694130741356153,9.014716033333332,9.920406,9.584459666666666
0.8615049318031632,10.556713,12.389165666666663,12.065406
0.8205776288017095,11.414025666666666,13.954023833333332,13.582672333333337
0.8213323444085407,11.24132533333333,12.773069,11.912129333333333
0.836848625649051,13.419372333333332,15.116927666666667,13.905082333333333
0.7978236195240426,11.4928545,12.350121,12.225309666666666
0.8390615512202123,11.808042666666667,12.265132,11.512172333333332
0.8100875885368021,11.023348,11.059394666666668,10.580506666666668
0.7931665229731187,9.808966,9.84791,10.0155325
0.7829506559113666,8.493073333333333,9.155450666666669,9.805058
0.8296695465965854,9.779490333333332,10.100616333333337,9.644559333333332
0.8016553882320369,12.123377,12.204576,11.922996000000005
0.7954914821877752,12.464258333333332,12.809184666666669,12.068784333333332
0.7723629622167337,12.264751,12.612153333333334,12.5325
0.8070386148955938,12.260892,13.734332666666669,13.085986666666663
0.7735378825726954,10.475927833333332,12.0157105,11.136462166666668
0.7650579141915178,9.114732333333334,10.000789333333332,10.246265
0.8048416717544087,7.829653333333333,9.221280666666669,9.324601666666668
0.9000227292705844,3.5381208,4.2435254,5.017506066666667
0.8703982403620287,4.5562627,5.043205933333334,5.531299100000001
0.8507615347500113,4.257667766666667,5.198585666666666,5.474018233333333
0.8203650225569955,5.4876668,5.975498766666667,6.518632266666667
0.8074315322058517,5.911160466666668,7.225901966666666,7.787756566666666
0.7844432223255269,6.751045666666667,8.304655133333332,8.8143725
0.8181378364714821,7.4549722,8.875462666666666,9.227017766666668
0.7934629513166801,8.038343,8.962896,8.844937766666666
0.8154191675214747,7.437618766666667,8.3491771,9.6130261
0.7871059805072766,7.501388666666667,8.057410533333334,8.911143666666666
0.7764266743518254,7.207867066666666,7.802092333333334,8.281116866666666
0.818331791179813,6.7614294,8.057262666666668,9.121955866666664
0.8420625825164869,7.173543433333333,8.58155,8.635943766666667
0.8322051367639455,6.589114766666667,8.0545077,9.000714
0.8079810303229666,6.9577439,8.3782908,8.778491333333333
0.7840478363594247,7.051713366666667,8.2011279,8.653843333333333
0.8142926567410679,6.6439147,7.671613433333333,8.451534766666667
0.8103592315030298,6.179587766666667,7.7197138,8.3109633
0.8176745633721006,6.6671194,7.516728833333334,8.980863533333332
0.8149305486227455,5.614017166666667,6.533265433333334,7.807438266666668
0.8282983567240527,6.3270094666666665,6.823812966666668,7.758029366666666
0.8143097510241063,6.230678666666667,7.6712521,8.328210566666668
0.833790649102138,7.646780166666666,8.611975166666667,9.324053766666667
0.8517598545357087,7.864679333333332,8.598226133333334,9.5008986
0.8178472976824063,8.2306629,8.694173999999999,11.014551666666668
0.8132400058724971,7.924429833333334,9.007576333333336,10.360986
0.8169893258401153,8.224955733333333,9.263786666666666,10.6078805
0.8277561449181743,8.754049333333333,10.254508666666666,10.894703333333334
0.799432645107296,8.547294800000001,10.269634666666668,10.731437333333332
0.8439734729131856,9.52692,10.817034499999998,12.580641666666663
0.8649264076322186,8.826514000000001,10.199825333333337,11.991936
0.8559040850544318,7.9373115,9.014146666666669,10.532180333333336
0.8247500706122269,7.296102666666667,7.928871333333332,9.983961666666666
0.8433615599202756,6.974635433333333,8.415335666666667,8.7651922
0.8550034362444799,6.727324299999999,7.466328699999999,8.359019766666668
0.8728251793083448,7.042763900000001,8.967095666666667,9.795013333333335
0.8221238334311676,7.443540166666668,8.557130233333334,9.586503
0.8253632083237368,7.0543576,8.1675656,9.692677166666668
0.8244329506759464,6.162923200000001,8.030584466666667,8.683233666666666
1.3227869190309849,5.333434700000001,5.255749633333333,6.244435299999999
1.3680431653520844,4.162300133333333,4.588447266666667,5.454834766666667
1.121010457204792,4.822954433333333,5.4138349,4.948757
1.0626583577300668,3.9405738666666665,4.4175824666666665,4.756469
0.9576935542751966,4.670292633333333,5.134591,5.0714307
0.862448257014651,5.306036,5.910952733333335,7.191716333333333
0.8475103747458027,4.387837866666667,4.887716733333334,5.708683233333335
0.8056193835996687,5.687091,6.557668700000001,6.9583598
0.8121081481501792,5.354419233333332,6.246907066666666,7.729920433333334
0.7779550911210004,6.114770933333333,6.868086333333333,7.420486266666667
0.7701966690815123,5.949111166666666,6.610192333333333,6.972293766666667
0.7877720863915796,5.676325866666667,6.521506666666667,6.698936266666666
0.7522651832025424,5.974815433333333,6.866675400000001,8.065143366666666
0.7446255048902355,6.854331433333333,7.541214933333333,8.319981233333335
0.7891601020736653,6.381974799999999,7.706506,7.9436296
0.8014572273726074,7.288307799999999,8.258006333333334,8.871099000000001
0.7637877424227472,6.0645695,6.9129193,8.020071466666666
0.752094568171641,8.2989591,8.244769566666667,10.298463333333332
0.761057011321094,7.130201033333333,8.110455666666667,8.6579665
0.7838445183320778,6.185436633333333,6.576898266666666,7.868049433333333
0.8026137965338386,5.740749666666666,6.3496317,7.552267533333333
0.7500445808254034,7.434354033333334,7.470071533333333,8.2461245
0.7830495692038593,6.956451,7.218046,8.157136233333334
0.7746099629749056,7.669095166666666,8.546853466666667,9.247978333333334
0.7939276468525014,9.417660466666666,10.757683666666663,11.539615333333332
0.797659322703809,7.2191501,8.336214,8.410984333333333
0.8201894611820109,7.215395333333333,7.739088,8.061528000000001
0.8095746482581859,7.3909578666666675,8.345274433333332,9.054119666666669
0.8361058353417591,6.315854166666667,7.4600361,8.2123861
0.824887973993429,6.6026845,7.624512800000001,8.252811666666666
0.8173602756674511,5.2782268,5.679695966666666,6.8685328
0.7840491993970135,6.228523266666667,6.802809633333333,7.5091556666666675
0.823556453366613,7.789854333333333,9.470758,9.856819333333334
0.9809457861830636,5.778706533333334,6.077865966666667,7.176409766666667
0.9819479283167144,5.0224614333333335,5.5703802,6.475760766666667
0.8834463028412496,6.0416,6.467466866666666,6.977255333333333
0.8212947461322188,8.422702666666666,9.069254,9.176396666666667
0.8068375733252268,8.190825333333335,9.588857666666668,9.699228833333336
0.8215530090790953,7.511640333333333,8.029206533333333,9.322576333333332
0.7991927113285406,7.041562533333334,7.910146999999999,8.318969166666667
0.8196292877408032,6.505200800000001,7.137455,7.6168027
0.7856239518544536,6.173055833333333,7.427483,7.7366797
0.7776053442413393,6.728199333333333,7.304403866666667,7.706728466666667
0.7932450079765352,6.886482766666667,7.615401899999999,7.660673133333333
0.80614057027468,7.142893133333334,7.881271833333333,8.426604
0.7674888981513105,7.240902533333333,8.080943833333334,8.958034499999998
0.7794393516319024,7.209623000000001,8.341411333333333,8.888636666666667
0.7635455372476126,7.921839566666667,8.637423833333331,8.817867999999999
0.7638442796672121,8.122604666666668,9.392352666666666,10.085929833333331
0.7536887915181641,8.374699766666666,10.1889215,10.578674
0.7527360756164901,7.819059466666666,8.985050666666666,9.095162666666669
0.8394031463185762,9.240473766666668,9.511574333333334,10.7115095
0.7874896496948023,8.824572333333334,9.928274333333334,10.142525666666666
0.8227218063132886,9.26583,9.377409,9.972949666666668
0.8472468730926508,8.479876333333333,8.887876666666665,9.1256962
0.8052260298295545,6.923942666666666,7.558407233333334,9.142221333333334
0.8316569362007571,6.859461466666666,7.640382433333333,8.5157898
0.8019618469588385,7.1120636333333325,8.133007433333333,8.538284833333334
0.8043172477416028,6.976738133333334,8.236582133333334,7.883567933333334
0.7777894454905562,9.043271166666663,9.47358,10.313459666666668
0.8009577929016265,8.414702666666669,9.419296,9.372529333333333
0.7898160460543928,8.671849866666665,9.156164833333332,8.788370333333333
0.8170237239420327,6.791994033333334,7.282110899999999,7.460478566666667
0.8195968555669251,5.807996233333334,6.659062,6.7194508
0.8168597869794764,7.802273133333332,8.588543,9.088640466666666
0.8661385871615462,9.803779666666664,11.159149666666666,11.576552333333334
0.8076333088106259,7.427080666666666,8.325253166666668,8.616831133333333
0.8308268537759371,7.329623566666666,9.048852666666669,9.0488118
0.8097938406104029,7.961236466666667,8.614211,10.609080666666664
1.31113159761302,21.052819,24.50196533333333,23.40060733333333
1.1965087024730383,5.294829666666666,5.7179465333333335,6.254060433333334
1.0936379405799244,6.156956166666667,7.255725033333333,6.907330666666667
0.9768599406840944,5.124443433333334,5.659763333333334,5.9730908000000005
0.8965668900723003,5.462696,6.2215254,6.185099
0.8708876738713088,6.725449533333332,7.613529466666667,8.831151166666666
0.857260680932476,5.9304834,7.106514799999999,7.013386100000001
0.8230970046926777,7.804041266666666,8.854546000000001,8.870558866666666
0.8297077159877876,8.562378166666667,9.018425666666666,9.404028833333332
0.8198262931129857,7.949452233333333,9.443652666666669,9.347267
0.7868960693461672,7.627892766666666,9.828598,9.1415901
0.8286038515728059,8.780873333333332,10.360954333333334,10.549836666666666
0.8066964115837237,8.330326433333333,9.982635,10.783748666666666
0.7972537790587942,9.717330666666667,11.15622,11.403560333333331
0.7938121582562556,9.751178333333334,10.077175333333336,11.767735000000002
0.7790529594346546,9.028159,10.642496,12.129031833333334
0.8060529822578909,7.864218166666666,8.470241833333334,10.072212666666667
0.7926252763659063,6.974249333333334,8.396973766666667,9.296074333333337
0.8013213708184873,6.8392369,8.003051033333334,8.708038
0.7920921234850363,6.479170466666666,8.183040666666667,9.306469333333334
0.8119920372245377,7.623940433333334,8.400319666666666,8.702641333333334
0.7915239974261953,7.140286033333333,7.6280258,8.487623333333334
0.802571046251188,7.7246601,8.379936333333333,8.829580533333333
0.799923464316835,6.850974333333333,8.322428233333333,8.182679899999998
0.8174255114259866,6.6806632666666665,7.3225628,7.5961411
0.8198678550169264,5.792326,6.767558333333334,7.146198733333333
0.8136360458223074,5.608923,6.210613833333333,7.078061666666667
0.8122402241341247,5.357716,6.5706478666666674,7.623418000000001
0.787203962283265,6.043015199999999,7.396949233333333,8.487678833333334
0.805659516098614,8.529751166666665,9.453747333333332,10.717922666666666
0.8110067358559655,8.767638333333332,9.539719333333332,10.847397666666666
0.8332536959314673,8.826101666666666,10.1027165,11.5715125
0.8064513999766415,8.472973233333333,9.455275333333333,10.358243333333334
1.159877829857015,21.587747,26.473303666666663,22.34571166666667
1.1639496221213004,4.901921000000001,5.350602599999999,5.519725
0.9925512985134928,4.6961595,4.901377833333334,5.456172766666666
0.9773234539179156,5.21175,5.464723366666667,6.339210333333333
0.908684193610488,6.0687375,6.6455361,6.937655199999999
0.8037616088628932,7.788480100000001,8.770718566666666,9.693756666666667
0.8021445420534713,8.474297,9.792328333333334,10.784638
0.8111842979197205,8.091569466666668,9.026623333333337,9.352969
0.7836559462908891,8.235094666666667,8.970489033333333,9.777468666666667
0.814322228454297,6.205515433333333,6.9256888000000005,8.5489278
0.8116662187711697,6.681505733333334,7.445930566666667,8.749235666666666
0.7942655385178486,7.34064,8.078538666666667,8.369291133333332
0.8154712372231966,8.149827533333333,9.035980333333333,9.001797999999999
0.7849365479249094,8.003542266666667,8.504366499999998,9.440151666666669
0.7935604218971987,8.897715499999999,9.475829333333332,10.614956
0.7789084876152099,9.460932666666666,10.0224,11.261649833333337
0.7378788242908421,9.649983333333331,10.259649,11.801528666666668
0.779626595596168,10.371876,10.982964333333332,12.038706
0.7789467942335179,9.97804,11.232933,12.9243835
0.7734218083451679,11.366302333333332,11.686759333333333,12.536510166666666
0.7760428229248247,8.769700666666667,10.51835,11.405598666666668
0.8019239908670053,10.252627,11.386771,12.766045
0.8152071871230425,10.429457666666666,11.135081,12.504126
0.7901909916063827,9.706845333333332,11.053826333333332,11.624609666666666
0.7862736905376438,10.153901,10.392032,11.562549333333331
0.7926458037223895,8.9147129,9.710300666666669,10.635202666666666
0.8030189867146702,7.657329700000001,8.063388833333333,8.942031666666667
0.8202011642969455,6.7210189,7.373183533333333,8.110085866666667
0.7743121633598911,6.9809741,7.524326133333333,8.814998133333333
0.8018638121059579,6.4338120000000005,7.180163433333334,7.955773133333333
0.8117941549138726,6.7796469,7.4997335,8.3414475
0.7939713660937989,6.106176466666668,6.877058333333333,8.080894666666667
0.8140346519359939,6.2439289,7.032111466666667,7.623425766666666
0.8120065230871814,5.993189699999999,7.837964166666667,7.486536333333333
0.8132411212492395,5.5825441,6.572344966666666,7.313250333333333
1.2160816032206307,26.874928,32.571252,25.791753
1.1149375090391354,13.812483333333333,15.901069,14.656000833333335
1.1705958340230025,8.0593372,9.219685333333333,9.245094166666668
1.0970662895681806,9.258165333333332,10.441302333333333,10.422016666666666
1.0464635966385731,11.768412333333336,12.977119166666666,11.987199833333335
0.9598364348187712,10.750861666666664,12.319779666666667,11.411218333333332
0.988943659808202,10.914401333333336,12.092825499999998,11.127551333333336
0.8991193269794682,11.585583333333334,12.328227,11.377336333333332
0.8900696406281124,8.366670000000001,9.975818,9.3818025
0.8541351021230771,9.549059666666668,11.060180666666668,11.058535999999998
0.8557027706240193,11.661250666666668,12.879611833333334,11.726264
0.825635595313465,11.992166333333335,12.518322333333332,11.966485666666664
0.8126018338185853,11.861050333333331,13.038627333333332,13.231767666666665
0.8010419432140657,9.949925,11.737184833333336,10.470307666666663
0.8119973658867209,10.309993333333331,11.875754333333331,11.570566499999998
0.7969439451712672,10.895079333333332,12.601116333333332,12.098075666666666
0.7721754349592954,9.911453666666668,10.775455333333332,10.971493333333331
0.8126567409025167,8.801365333333335,10.239798,10.025325833333332
0.828793809278627,7.9823435,8.9338045,9.223440666666669
0.7944483077859323,10.943523333333331,11.772360999999998,11.355131
0.7903151308811752,9.787778,10.590991,10.853779333333334
0.7929628776241398,9.984040333333336,11.331318666666666,11.253238166666668
0.809353253785894,9.804404333333332,11.042992,10.575490333333333
0.8387075319137683,8.433373533333333,9.741689666666668,10.060427666666667
0.7802202451487387,8.551651,9.973667,9.585823333333334
0.7777170355639877,9.313094666666666,10.976365,10.348414
0.8275984875509649,8.780187,9.429777333333332,10.039666333333331
0.8251672932905781,7.320935233333333,7.624705800000001,7.969329533333333
0.8164397290348292,7.334914433333334,7.812159233333333,7.569316400000001
0.8185861061693472,8.128760233333333,8.758510666666666,8.702130333333335
0.801432792694499,8.980761999999999,9.998481,9.9614925
0.8113830281590172,9.153060333333332,10.139770166666668,10.208483500000002
0.8286837476406971,9.666921,10.729430333333331,10.969782166666668
0.8061773222096623,5.684326833333333,6.691842266666666,8.458158466666667
1.217287739703207,27.410526333333333,31.681509666666667,26.908804333333336
1.1138142231026946,4.505589366666666,4.594168766666667,5.0513688666666665
1.0129049529223304,4.192878433333333,4.788784799999999,6.312124766666667
0.9735843089894416,5.416721966666668,5.9656748,6.647401866666667
0.8933964845409119,6.647660566666666,7.1428321,8.247446533333333
0.8333978996905902,8.060616833333334,8.900956466666665,9.5248535
0.819750193846489,8.802177,10.634323,11.389523666666667
0.7920823776233421,9.16703,10.448738,11.675232
0.7898754227273814,8.246754666666666,9.094230833333333,10.201085666666666
0.8049816160575154,8.617950266666666,8.968589666666666,10.502680666666668
0.7783788599248948,9.272276666666668,10.647966666666669,11.256708833333333
0.7892963708216647,9.109089666666668,10.205996333333331,11.445084333333334
0.8022787963891318,9.7941645,10.298571666666668,11.645323666666668
0.7920873330893352,9.786720333333331,10.921320333333334,11.7304765
0.793727332915155,9.092184666666666,10.040956333333332,10.958937
0.8039562001206041,8.760944,9.570803666666668,10.005060233333332
0.7618170260205165,8.712027666666666,9.913053666666668,10.146270333333332
0.788592554362554,8.954969,10.243753500000002,11.007041666666666
0.7886321224281384,8.655223666666666,9.694822666666669,11.069014333333334
0.7840690722475431,8.464167333333332,10.216019666666666,11.0692
0.7708551740818734,8.848382333333333,10.583155,10.954296333333334
0.8002848608193016,10.197258666666668,11.664176,13.402378333333331
0.7675216761925788,9.140137666666666,10.245856666666668,11.807727333333332
0.806329623911156,10.075323,10.599155666666666,11.250097666666669
0.7899776788986493,9.120479166666668,9.695138166666668,10.317576166666669
0.8100784139401133,9.399237,10.521377166666667,11.098435333333333
0.8346883179334442,8.866109,8.957298,10.439593333333333
0.8018282719587694,8.030108533333333,8.477132766666667,9.346496766666666
0.8345698247308269,6.9632939,8.389949,9.647572333333336
0.8017448392613796,6.945705666666666,8.0361072,8.389562666666667
0.8150794778042091,6.720737199999999,8.083575166666666,8.696086333333332
0.8268448167372457,6.6524698,7.724112666666667,8.893053100000001
0.8062269985828233,6.186777800000001,7.043661499999999,8.33514
0.8062392548834402,5.8646807333333335,7.041058033333333,8.2604635
0.7800376197563909,5.4834768333333335,6.7536418000000005,7.127187033333333
0.7907210215215055,5.249327833333333,6.478179466666667,8.320729433333334
1.4138847919262172,5.024160433333333,5.561689133333334,5.7533108
1.2369521571204214,6.067016,6.909619866666667,6.978142666666666
1.1826915136147216,6.827496233333334,7.582961866666667,7.089311033333334
1.1072535630458311,7.2950975,8.057103566666667,8.024295666666667
1.0390899872481023,7.6035966666666654,8.4891627,8.139854133333332
0.90142559824405,8.410540666666668,9.782863666666666,9.500332
0.8788861755801451,6.705505433333333,6.953164,8.212983533333334
0.8088738748502564,6.984311466666667,7.967404333333333,8.848937066666666
0.935728017247554,5.000337066666667,5.485025266666667,5.501943266666667
0.8849336975599938,4.6597255,5.548272,5.326339333333333
0.895811654518119,4.466860033333333,5.3364121,5.1667095
0.875547828111873,4.769784566666667,5.0088436,5.358318566666667
0.841747798565328,5.036667666666666,5.769727466666667,5.7671955
0.8621611678365003,5.561693033333334,6.224753733333333,6.3640623000000005
0.8366173808540097,5.951081133333333,6.234382266666667,6.536181366666667
0.8032263856059441,6.3064149,7.1288537666666665,6.740559466666667
0.7916327984381608,6.5768725,7.522278566666666,8.813004466666667
0.7679330448234243,7.397151466666667,8.132649366666667,8.726957566666668
0.7508072639244182,6.928339333333334,7.6597151,8.221281666666668
0.7264520815741822,6.574850499999999,7.342726466666666,7.587392466666667
0.7433578354054363,6.0997149,6.9643313,7.385899500000001
0.7978282202661294,6.757324566666667,7.339912633333334,7.5995009
0.8257837308825877,6.159573866666666,7.1992363,7.857579133333334
0.8422822200991332,6.954343266666666,7.508742499999999,7.7891228
0.7910673153122983,6.944338833333333,7.855142433333334,8.1559638
0.7902328575896229,7.152591,8.3833535,8.229765833333333
0.8281333457532062,7.353766333333333,8.2688219,8.545683833333333
0.7651235331899019,8.322002499999998,9.041138666666669,9.423600666666664
0.8076338398443151,7.928048666666666,9.391299666666669,9.6282285
0.8215243543262583,8.849131333333334,9.736927833333334,9.498115666666664
0.8114622880775856,7.954848833333334,8.775515333333333,8.696581566666666
0.8196155965505638,7.952583233333333,9.013528,9.296431666666669
0.8225863071140017,6.0944751,7.359441400000001,8.137742333333334
0.8044689840073831,5.182448733333334,6.114704733333333,6.8736221
0.7935928218788938,5.9091868666666665,6.829412666666666,7.178954466666666
0.8054888823256309,6.916685766666666,7.6912792,8.733970666666666
0.7856469724151803,7.354366666666667,7.705437533333334,9.312170466666666
1.1502514881939825,18.704522666666666,20.677096,20.695905
1.2628188045920117,6.431052000000001,6.916523333333333,7.478170366666667
1.3228429624635067,4.488524566666666,5.479170633333333,5.2191048
1.1553408989589231,4.7843717,5.461043166666666,5.778714900000001
0.9889257204172708,5.3119432,6.230852,7.470132933333333
0.9323615806788405,5.0501868666666665,5.652334566666667,6.320541066666667
0.8378541111246823,6.157316833333333,6.661791,7.287763433333333
0.8193213584107196,6.931181766666666,7.062658933333334,7.422613033333334
0.8040787823533483,6.561693233333333,7.634837999999999,8.170573
0.804958895632443,5.835437166666666,6.467507166666667,6.920392033333333
0.7943740442707082,5.885741633333333,6.984305233333333,6.895017833333333
0.8115266192786653,6.147131433333333,7.050570833333333,7.115019966666666
0.8430865726706527,5.402595333333333,6.255786833333333,7.755857666666666
0.8165011354503516,5.126199499999999,5.8840631,6.158543333333334
0.8137574160470553,5.2391602,6.164693033333333,6.2309126
0.7997042796963761,5.6988418,6.230331333333333,7.1092339
0.7638906128750097,6.1057755,6.3409464,7.750585033333333
0.7429242950630023,6.9667822,7.6896807,8.165418066666666
0.7451988792576295,7.318715999999999,8.119732533333334,8.454124733333332
0.7497421538181724,7.095945533333334,8.295955666666666,9.160619
0.7405763091992551,7.097571833333333,8.117426166666666,8.759517233333334
0.7596971259368513,6.891597566666667,7.6394181,8.545736
0.7768037911669748,6.6110581,7.988809333333332,8.330549233333334
0.7644564251949378,7.192020666666667,8.112518999999999,8.737136566666667
0.7730733501622354,8.214139266666669,8.474597666666666,9.630501666666666
0.7586492614045275,8.820669133333332,11.025592,10.519505666666666
0.7693625913592351,7.580129899999999,8.22276,9.224084666666668
0.7713659883204266,9.555038,10.165408166666667,11.079153
0.771068852171427,10.967738666666667,12.0493315,13.377765333333334
0.7861415248933077,8.1406018,9.730547,9.888535766666664
0.7782818709548721,9.618435233333336,9.983360333333332,10.902386
0.7515930042417889,8.108604866666665,9.221937,9.820022
0.7669484311235059,9.156701333333332,10.095620000000002,10.463545
0.7763392690238509,7.756789466666667,8.811968333333335,9.403046000000002
0.7828423374285073,5.851454466666667,6.856099099999999,8.318370999999999
0.7888815977421878,7.797733333333333,9.006921333333333,9.090231333333334
0.7769321651303794,7.8724722,7.909187,9.0816759
0.7974129895282598,7.625057600000001,8.331237166666666,10.258888866666666
1.1366141975135262,27.11128366666667,30.30908433333333,28.06319533333333
1.064635236905529,10.64946,12.205247666666663,10.988888666666668
0.9303791291716368,8.215012666666668,8.987398666666666,8.608667666666667
0.8891339615267745,8.006820166666666,9.100946,9.432948333333334
0.8438781854285494,7.782544833333333,8.583751333333332,8.304122466666668
0.8534537262636515,5.984059566666667,6.494789966666667,7.367975
0.8059457819856203,5.620958399999999,6.187238166666667,6.257904533333334
0.7849602575346263,6.507888933333334,6.7574684000000005,6.969321900000001
0.7595289640894064,6.222453166666667,7.418697066666667,7.595024599999999
0.764498229604107,6.676972999999999,7.770666666666666,7.826325
0.7812414309848247,6.921382033333333,7.927159,7.8036302
0.7753226436897922,7.055520633333333,7.640168466666666,8.495152333333333
0.7778115541700653,7.4576488,8.141608566666667,9.180082766666668
0.7787516789543444,7.417406633333333,8.553149833333332,9.570218333333337
0.7727131598767597,8.794878833333334,9.446362,10.050969666666669
0.7816891893824064,8.615313200000001,8.892211833333333,10.300461666666669
0.7571324510281903,8.322799866666665,9.521058833333331,10.628304
0.777336983256205,6.411152166666667,7.090796166666666,8.095391833333332
0.7822243200144979,8.585529566666667,8.486336999999999,9.2462659
0.9375928361639976,6.466829166666667,7.340011633333333,8.233392566666666
0.9236727936237832,3.917517,4.970407133333333,7.520464100000001
0.8761127999739194,4.9615928333333335,5.5518665,8.421951733333334
0.7614086950561574,8.320974533333334,8.743138,9.310169166666666
0.7982354035902843,4.9340652,6.1981764,8.4436118
0.8124057917683124,5.280963799999999,6.372341166666666,8.0086211
0.7818230950076616,6.141098,6.7783138,7.172292533333334
0.7869729885572996,8.030082133333334,8.532174,8.790072333333335
0.773819165184883,9.493439333333331,10.683774666666666,11.264212833333332
0.7787026949320527,8.031822666666667,8.892975999999999,10.538751166666666
0.8070010112073849,6.638731933333332,7.526808333333332,8.787942666666666
1.3186241576437852,5.839759400000001,6.4145113333333335,6.732596966666666
0.9818029362578348,5.748030666666666,6.519623,9.006296333333333
0.8883574448402518,6.846418533333334,7.5967788,7.4462008
0.8689644002686,6.748938,7.584270133333334,7.6849125
0.8632571114433393,6.877676566666668,8.085653833333334,7.874055566666667
0.8263287123748967,7.030262933333333,8.146922666666667,8.723047766666667
0.7562111194323342,6.547212766666667,7.1387288,8.014504666666667
0.7873448781882028,7.507073000000001,8.580605566666668,8.790399
0.7894827930020204,6.950049666666668,7.737977000000001,7.3721259
0.788402950287571,5.570959733333333,6.251146533333333,7.766165133333334
0.8178203195782979,6.051311899999999,7.048024533333333,7.9786233
0.8051943630492128,6.076051200000001,6.491984266666667,6.6980027
0.8023129630918769,6.123123,6.6971968,7.382881066666666
0.7786398248974654,6.125027633333333,6.981120866666667,7.221424733333333
0.7658229406216716,6.086990766666666,7.1298269,7.352710166666665
0.779050338018778,6.4655431666666665,7.084080466666666,7.808552566666667
0.7617521834131017,8.0485851,8.429664,9.188846666666668
0.7716868807951021,6.958949866666667,7.700987233333334,8.3060368
0.7581364084339427,6.877580766666667,7.498340933333334,8.117094333333334
0.7679877003878,6.905335,7.6076919,8.0425315
0.793840808473953,7.119396233333334,7.318470633333334,7.975013333333333
0.7600922121736282,7.722028766666667,9.247297333333334,8.763181566666667
0.7966279288401509,8.220752466666667,8.961098,9.470532
0.87131776588775,5.3726285,5.769534666666666,7.2339575
0.7722492942736552,7.470501,8.030005,9.048304666666668
0.7662309530884658,8.863608333333334,9.121361333333336,9.423321
0.7997812217107426,8.694707000000001,9.336532333333333,9.458900666666668
0.7724084013984577,8.099660533333333,8.470167666666667,8.924610333333334
0.7719532416133923,7.742786,8.243382666666667,8.484104166666667
0.764831739150628,8.0697712,8.718347666666666,9.064574333333333
0.832260997494207,5.824474133333333,6.2090758,6.910902366666666
0.793191179266881,7.123390133333333,8.070173566666666,8.4288401
0.7834491381679048,7.616310333333334,8.146106666666666,9.5118991
0.8033471296304358,7.570079100000001,8.393975333333332,8.993785333333333
0.8052496270650971,7.505275133333334,8.0353312,9.3577495
0.8809023563136877,6.4349479333333335,6.999413533333333,8.8149101
0.8281442435362356,5.688877566666666,6.9456254,7.891161
0.7966718431587548,4.402019,5.298380766666667,6.629728966666666
0.8061480828266475,4.3854105,5.443466966666667,5.958003966666666
0.8469239788194919,5.485115700000001,6.6029868,6.971076166666667
0.8093669284724441,5.806646099999999,7.069580533333333,7.6938928666666655
0.8213721022228273,6.732778766666667,7.582225333333334,8.227151666666666
0.8054634399320065,7.704493466666666,8.317148733333333,10.15531
0.7892554245759205,7.413499333333333,8.266267766666665,9.227272833333332
0.8041314364275541,6.831965766666666,8.356637500000001,9.3405948
0.8221934365661933,6.598247633333333,8.529948333333335,8.968848566666667
0.8140875260473788,6.598028199999999,7.329182466666666,8.710411533333334
0.8373633291633422,6.309489666666667,7.072876933333333,8.427721966666667
0.8187666057064443,5.892653800000001,6.900054133333334,7.528294766666666
0.8019497964539983,5.8591908,6.882324700000001,7.203422266666666
0.7946846133327843,6.064427866666667,7.452248033333333,8.0183759
0.7986092191612918,6.8072645666666665,7.556635866666667,7.940153533333333
0.8184927207176012,7.540175766666668,8.631605833333333,9.452883
0.818547952498108,8.313946333333334,9.135373333333332,9.61946
0.8039138961656596,8.479691333333333,9.015446166666669,10.301596666666669
0.8045802076234615,8.3314635,9.408796833333332,10.821248
0.7923599841676606,8.1668065,8.931721333333334,10.484983
0.8174626226046251,7.450756999999999,8.1383102,9.538925466666669
0.7849230411109942,6.902322166666667,7.6666018,8.442723666666666
0.8134914667302455,6.602651833333333,7.424651533333333,7.846622133333334
0.7974238729280154,6.442935299999999,7.869458566666666,7.725136233333333
0.7907290561110409,6.140944033333334,7.256543766666667,7.2457047
0.7964012804087863,6.297694033333333,7.568649666666666,8.073211333333333
0.8017077627906639,5.615194866666666,6.2055488,7.640597500000001
0.86789151473717,5.810446766666668,6.561355966666667,7.914090333333334
0.8150664046003463,5.992802999999999,6.643192433333333,7.570583833333333
0.8692353861607703,5.709261266666666,7.222315933333333,7.697374033333333
0.8205711732787503,6.0283345666666674,6.832441433333333,8.687315133333334
0.8504242808426948,7.383193466666666,8.005577833333334,9.395069
0.8324623393783184,7.003219966666666,7.312507766666666,8.332428
0.8464388995641157,6.472238266666667,7.818436166666667,8.3834726
0.8377026073286387,6.350632966666667,7.5728561,8.011674766666667
1.120452850142879,24.724079,28.767421,24.816196
1.14735910851473,13.396167666666669,14.843219666666668,13.368911666666667
1.1349338469024075,11.565929000000002,13.399371833333332,11.928841666666663
1.0684243120203591,12.297099333333334,14.573179,13.432566666666666
1.0758554802883278,9.478038,10.633586,10.494287333333334
1.0340766238414,9.733209333333331,11.335491666666664,9.950771666666666
0.9585070892579508,10.469467,11.960957,10.800583666666666
0.970675423908705,11.502809666666666,13.001951666666669,11.8126725
0.9325739286478508,10.553639333333331,11.451805333333336,10.627279
0.9303206631083634,8.403972333333334,9.695403333333331,9.669700999999998
0.8730684404658433,8.966294666666668,10.041308333333332,9.646912666666667
0.8442775732731409,7.148986333333333,8.132996666666665,7.914764099999999
0.8870980735628557,5.960850399999999,6.529053433333334,9.043603333333335
0.856661626727432,5.993771133333333,6.643543833333332,6.7782369000000005
0.8388937466374436,8.123984666666667,8.947738666666666,9.322229
0.911036900516546,11.247543666666663,11.623009333333334,10.804825
0.8095986879422311,10.464980666666667,11.222832333333336,10.820162666666668
0.770226246642603,9.640109,10.186054666666664,9.541781666666669
0.8354493049471738,7.5818708,7.979801633333333,8.187002166666666
0.8066565479866387,5.9406748,6.3911465666666665,6.840088133333334
0.8222329026352583,5.908562866666666,6.774215233333334,6.640165133333333
0.8332607229314802,5.6581513333333335,6.3079092333333335,6.5719799
0.8202979943910469,5.981316866666667,6.7415663,6.361905566666667
0.7995520020379479,5.8533903333333335,6.947056233333334,6.9447027666666665
0.789045957822155,5.6370346,5.877663133333333,6.216091466666666
0.7819975026835939,5.4361056,6.019369566666666,6.794860566666666
0.7754773337580847,5.226724366666667,5.682951566666667,5.616882666666666
0.7599902112655185,4.5220991,4.949199433333333,5.915522666666667
0.8260013258414701,5.810023366666667,6.2172834,6.356280333333333
0.8455379308762008,5.101721466666667,5.710033633333334,5.860467133333334
1.208618860431306,7.8030885,8.390146666666666,8.492338866666666
0.9953956585481384,5.5876128666666665,6.2432319000000005,7.0479096
0.987995496701074,8.045882,9.1855895,9.13644
0.961042001149486,7.749542433333333,8.516042233333334,8.904163666666667
0.8999300350453653,7.655188266666666,8.477416666666667,8.208277
0.8808437855691421,7.1812453666666665,7.923850233333333,8.084373333333332
0.8566236832911613,7.668408499999999,8.707966333333333,9.373538000000002
0.849604858390121,7.657913166666667,8.0290828,9.096190333333334
0.84294647416525,8.0210911,9.133555333333332,9.675116333333332
0.8137540372570952,8.160060666666666,8.873928666666666,9.187624666666666
0.8136826576960715,8.454683666666666,9.607774,10.17972
0.7840495283858693,7.103269433333334,7.8370773,7.7772049
0.7877984638420777,6.654426099999999,7.582933633333333,7.829464000000001
0.7808653436399254,6.9538853,7.748277866666666,7.884417466666666
0.7662686911658084,6.661329733333333,7.5115452,8.0653235
0.8036379368758756,6.060960666666666,7.308706566666667,8.186299666666667
0.7268260181576234,6.931965566666666,7.778686533333333,8.3326415
0.7976132525289263,5.8498774,6.5852216666666665,7.801901166666667
0.7582535594939376,8.249299200000001,8.747951333333333,9.134131666666669
0.8053204455963802,6.8294346,7.667636099999999,7.7439119
0.7723907635879644,7.079939966666667,8.112839433333333,8.765248
0.7474358674191345,8.315986,9.090126,9.021176666666667
0.7599611374852565,8.971943833333333,9.723071666666668,9.983441
0.7912088809459575,8.247186833333332,8.857287333333334,9.610410666666668
0.7760879751213677,7.613296833333333,8.624375666666667,8.948013000000001
0.7872182120037432,7.534713566666667,8.398563433333335,8.849403533333334
0.7859818993425831,7.1855288,8.0250115,8.575432433333335
0.7728792646041088,5.5826822,6.783386666666666,7.574845333333333
0.779939395262721,5.190313333333333,5.902027533333334,6.601161333333334
0.7905958293709539,4.821037400000001,5.309529533333333,6.766425566666666
0.80664338883511,5.816626599999999,6.495211766666666,7.323448233333333
0.7902841226633844,5.277338366666666,5.581550833333334,6.881883266666667
1.1778510731309837,4.603855266666667,4.8404231,5.359879
0.9039666579362629,3.587310233333333,4.407508533333334,6.0216165
0.9025943746349542,4.0133475,5.1378439,6.461087466666666
0.8724831251843757,5.0399225,5.4105148000000005,6.180289900000001
0.8283645815885642,6.066670133333332,6.949624133333334,7.7441022
0.8136518993214326,7.612718733333334,8.056783000000001,9.849162333333334
0.8136725111991874,6.841878533333333,8.368505333333333,9.073989666666668
0.8261332589452083,7.949193733333334,9.207369333333334,10.659434333333332
0.781878132551823,9.2169,9.467123,11.24692
0.809413530036201,9.723129,10.7600385,12.225645333333334
0.8105026092217477,9.192606666666665,10.121430333333334,11.3356895
0.8097142918093628,8.334376399999998,9.788405666666666,10.203361
0.7760232646249748,8.174181666666668,8.440965666666665,9.8123935
0.7942329081818297,7.509188466666667,9.084991,10.245146666666663
0.7788590850693846,7.381035999999999,8.531958666666666,9.757802666666668
0.7952123851525258,8.364545333333332,9.642002500000002,10.534539333333337
0.8184773956623544,8.775232,10.517394,10.992821
0.8009650945686286,9.349292866666667,10.474560666666669,11.406759666666668
0.7656400581773318,9.203722666666666,10.739011666666665,11.084176
0.7846325929367524,9.225742333333333,10.281434833333334,11.707207666666667
0.7872742698743208,8.634897333333333,9.455166,10.029799833333334
0.7659699962648311,8.424234866666668,9.041627333333333,10.816299333333331
0.7958579556050869,7.795600233333332,8.575035866666667,9.306640666666668
0.8217618112627553,7.9002401,9.056075333333334,9.1339922
0.8122681592073481,7.317711633333332,7.703543366666666,9.044106766666667
0.767296902465907,7.087103533333334,7.898373666666667,9.108085
0.799105154792886,7.385697366666666,7.512444833333333,9.169935666666667
0.7975595966383545,7.272963666666667,7.614900066666666,8.5971445
0.8397228557481594,6.983848533333333,7.664396333333333,9.983307033333334
0.8041399171652106,6.362629966666667,7.1928579,7.846440166666667
1.2324150276150876,23.291422666666666,28.395340666666662,23.657846
1.110455457905349,14.427406333333332,16.971862333333334,15.436641333333332
1.1136928078704047,11.315942,12.292134333333337,12.704578833333333
1.1265833087983752,11.24776433333333,13.359812333333332,11.510164333333334
1.0543065727807652,13.288802666666667,15.072373333333331,13.44840366666667
1.0705437574731411,10.083315,10.736707333333332,9.846288
0.9410526540341808,9.115624,10.039293666666666,8.935891333333332
0.919772386174066,9.584046666666667,10.311395333333332,9.740848000000002
0.8887415100281193,9.343531,10.348477666666668,10.064196
0.8813619674403022,9.716743333333334,11.097036333333334,10.261645
0.8304603306197818,9.483658666666669,10.015114,10.123789666666667
0.8293673887914256,9.564151666666666,10.982017333333332,10.506426666666666
0.8091397093048429,9.161375333333332,10.554875666666666,10.496284
0.7992209692904857,9.430780666666664,10.592414,10.944617333333332
0.7734602632801684,9.885396333333334,10.306115666666663,10.718693333333334
0.782715392432444,9.662644666666669,10.840499666666668,10.985099
0.768718285986559,9.267124,10.737632500000002,10.259808666666666
0.7837188462262002,9.416904666666667,10.477599,9.730634
0.7911289841359931,9.540209666666668,10.639421,10.276030666666667
0.7920541167787295,9.219999333333332,10.575407833333331,10.352921
0.7876791829193422,9.603702166666666,10.636203333333333,10.246819666666669
0.7882133915812624,9.983526333333332,11.455606333333334,10.855744333333334
0.7739802238844019,10.456869333333332,11.532368333333332,11.263317
0.7797235283415307,10.568379,11.683077666666668,11.278830999999998
0.7841254620360455,9.389332333333334,10.500287,10.154955333333334
0.8068239321234506,8.293091,9.230559,9.258370666666666
0.8071618179433898,9.242318,10.600494833333334,9.561766333333331
0.8102939896710861,8.844051666666667,9.848436333333334,9.753949666666664
0.7931844685681178,7.968076999999998,9.341547666666663,10.257058833333334
0.8072347297538803,7.199778133333333,8.271718533333333,8.445461766666666
1.4081581926307718,3.9702176333333337,4.341414833333333,4.4049671
0.9246603292768292,3.260987866666667,3.6096165,6.1770489333333325
0.867528757712793,4.141312266666667,5.159570066666666,5.9098982
0.829289332778847,4.599341366666667,5.692565300000001,5.644384266666667
0.8120344229655089,6.630943066666667,7.137146933333334,8.550671800000002
0.7909918963771987,7.008621666666667,7.799599533333333,8.956105666666668
0.8247100674210772,7.690682566666666,8.570058333333334,8.914179133333333
0.813089250036899,9.052569,8.488796533333334,9.455960666666668
0.7956047339393094,7.990091766666667,9.368150666666669,10.694041666666664
0.7748793490969347,7.617468,8.6057142,8.993478866666667
0.8048476229709763,7.7771896666666676,8.371687999999999,10.164573333333337
0.8205576573101477,7.921360333333333,8.965638799999999,10.288854
0.8277673910802763,7.323524766666668,8.790060000000002,10.018601
0.8144212547098256,8.430019333333332,9.430440666666668,10.175816666666668
0.8263734755561094,8.6772,9.141990833333333,10.017894166666666
0.7851854798176171,8.093748333333332,8.705717333333334,9.727315
0.8073111583055826,8.100721666666667,9.014234666666669,9.730616
0.7759103432390559,8.604253666666667,10.063460333333332,10.730953
0.7963882911509929,8.615770999999999,10.085381166666666,10.813044666666665
0.7905028431977047,9.262694333333334,10.318234166666668,11.783901333333333
0.8121173034216099,8.772701666666668,10.100285,12.318855
0.7769296278431818,9.259785666666666,10.552635833333332,11.295909666666669
0.8127769218325067,10.558553333333332,11.538617,12.537124333333333
0.8290389691526378,10.122156,11.024292333333332,12.798059333333333
0.8054158796305657,9.957847,10.712696333333334,11.487268333333333
0.8044885929683678,10.299464333333331,11.044747,12.682018333333334
0.8157588939457128,10.391488833333334,12.010252,13.428713666666669
0.8266847098686846,9.346913666666666,10.415632333333331,12.122788333333332
0.8526482566305958,8.8850992,9.679844,10.292596166666666
0.82272387738409,8.089357666666666,8.979850666666666,9.789365
0.8215836132863492,7.071196433333334,8.232670166666667,9.296133333333332
0.8599638438044278,7.634685433333334,8.870133666666668,10.133354
0.8504674671856002,6.7245609,8.217512366666666,9.323105333333332
0.8300560481133109,7.6980717,8.697576,9.1836941
1.079574925719912,19.80663266666667,22.26072166666667,19.804579666666665
1.116120914561937,6.821046866666666,7.4568842,7.320555833333333
1.0384274232264248,7.724317433333334,8.591690333333334,9.161688133333334
0.9339593711501104,8.841458166666667,10.090236666666668,9.554871
0.8557705029297763,7.333217666666666,8.220018099999999,8.486066333333333
0.8245325604045277,6.148524766666667,7.128749466666666,7.509910899999999
0.8228927104291025,7.320650333333333,8.2381285,9.6855932
0.8120020094692549,7.148698800000001,8.067600566666668,7.669915333333333
0.8514344403459013,6.749218133333333,7.527036033333334,8.0923365
0.8345645511068313,7.607734866666667,8.263148666666666,7.690629966666666
0.8135417275922597,8.147635,9.615271333333332,9.928243666666663
0.7987304788587393,8.331111,9.813294333333332,9.72683
0.7842736912161916,8.263226766666666,9.628447,9.395359
0.7726894024570585,8.267907566666667,9.436637666666666,9.149726166666666
0.7823473083751873,9.371075666666668,9.836344666666667,9.631401333333336
0.8025327126790623,9.254441666666668,10.413704666666666,9.80615
0.7788912897490133,9.888264,10.883393166666666,10.553904666666666
0.8025341417892689,9.622134,10.321106333333333,10.867816666666668
0.8251472387101847,10.012135,11.238076666666666,10.513454333333334
0.762536295532943,11.702517666666669,13.028485000000002,13.270259333333334
0.764332654158714,10.048085666666664,10.981229666666666,10.574013333333331
0.7677018466929818,10.316644666666669,11.884450666666666,10.971172666666666
0.767718377864396,10.152402666666667,11.630273666666668,11.904819333333334
0.7972693463616034,9.325297333333332,10.215033333333333,10.172499666666669
0.7673215372027702,9.512291,10.81335,11.391516666666668
0.7939518630989423,9.020474666666669,9.6594545,9.508355833333331
0.7758885383724613,9.014165166666666,10.019891,9.806562666666666
0.8277585638497696,8.868488999999999,10.012987166666669,10.570345166666668
0.8263145197481195,8.858775166666666,9.684950333333331,10.040372666666668
0.7973271362640898,8.425272833333333,9.557876,10.421630666666667
0.809411352810779,8.231843533333333,9.555352666666666,9.819951333333334
0.8134626248302474,7.325333466666667,8.1636825,9.3120082
0.8233262771933618,6.814664666666666,7.561173933333333,8.9761659
0.812738892799561,6.584701666666667,7.741862133333332,7.896553533333333
0.8192484266559391,6.234682299999999,7.31525,7.038689733333334
0.7865742426016618,7.196744566666666,7.883694533333333,8.793494666666668
0.829247846061255,7.421950833333334,8.460001666666669,9.253583766666669
1.1897835326094883,8.817142666666667,9.543936333333331,9.008945833333334
1.1407356933466688,5.371044,5.820096866666667,6.019780099999999
1.1350515539950472,4.541652999999999,5.1380859333333335,5.8605729
1.0929259128392097,5.1905012,5.883878299999999,6.918076
0.9600670068172532,4.765932333333333,5.5650143666666665,5.900188833333334
0.9131970748550444,5.960280766666666,6.548978099999999,6.885318333333333
0.9112404460670304,5.273644433333334,6.042731766666667,6.643782666666667
0.9057506932774096,4.515766033333335,5.029718866666666,6.279473566666667
0.8296729594698639,5.289723333333334,5.3902383333333335,6.791736966666666
0.7819100969275766,5.098950033333334,5.863137466666667,6.184018999999999
0.7781116996581406,5.952957233333334,6.7729775,6.966427800000001
0.8243981388281568,5.4384863,6.5239351,6.8013574666666665
0.7882472709386148,6.385294999999999,6.726142299999999,7.171081099999999
0.8083834601200834,6.273606266666666,6.896633566666666,7.551027666666667
0.7694287106979987,6.818565733333333,7.351092666666666,8.4473392
0.7778691776075292,7.244604,8.073349666666667,8.581752666666667
0.7730369749838157,7.772396866666667,8.816132333333334,8.783230966666666
0.7940880811339613,7.370594633333333,8.606748466666666,8.850439133333333
0.7745438622051884,7.3396352,8.218760666666666,8.882168666666667
0.7815509891880373,7.402956166666666,8.557059333333333,9.5558998
0.7677292841014309,8.562980233333333,10.072419333333333,10.764973333333336
0.7593626044401537,8.449778333333335,9.812217,9.989178333333331
0.7557209878918667,9.150089566666669,10.939469,10.967210333333334
0.7805410716125616,8.992494333333335,9.676886166666668,10.141739
0.7527984703965719,8.193319999999998,9.127478000000002,9.154086766666666
0.7753147763590928,7.397174333333333,8.717083,8.9912279
0.761236047432163,7.816361666666666,9.199241333333331,9.596561666666668
0.7725406528056329,7.634374133333334,8.9483462,8.655169899999999
0.7688477817279161,8.180030666666667,9.214808333333334,9.529972166666669
0.7953346859927776,8.038298666666668,9.323979833333333,9.634101666666666
0.7673192352748505,7.330804333333333,8.175059766666665,8.467356166666667
0.7887951821724092,7.195748833333333,8.079933333333335,8.424326666666666
0.7850908104118798,7.233570066666666,8.120804133333332,8.140413
0.8082424754665616,8.207257333333333,9.354008,9.718040333333333
0.7915646321848069,6.943756266666667,7.889812833333333,9.3271819
0.7848822403287897,6.804860766666667,8.071748333333334,9.3170535
0.778515972108844,7.672531566666667,8.078003,8.455343833333332
0.7953609389791801,7.564129766666666,8.156436933333334,8.387384266666666
1.099775341712679,19.09641166666667,20.910891,20.217809000000003
1.254982319480508,6.888397066666667,7.149037733333333,7.313108433333333
1.2718556428188783,4.823875666666666,5.432229766666666,5.985251466666667
0.9628932733651032,5.5206978,6.134149400000001,6.338484566666668
0.9002288022231403,5.370244799999999,6.246359866666666,7.327704966666666
0.8484860702042188,6.029406099999999,6.751259433333334,7.050232200000001
0.8237142183459031,6.876780166666666,7.3198255,8.553371199999999
0.7943256745990656,5.976026,6.514334366666667,7.763990333333333
0.7490699761780443,6.6446896666666655,7.468120266666666,7.709656433333333
0.7968539773527489,5.919263999999999,6.223867299999999,7.562779666666667
0.765918105445709,6.3150683333333335,7.730418099999999,7.191123933333333
0.7969457622399706,6.516023999999999,7.961644666666667,8.515271666666665
0.7976018782784703,7.2224628,8.5634745,8.902492333333333
0.774052908120867,6.707707133333334,8.367788833333334,8.847074
0.7949104748162759,6.1784079,7.5425331,8.262400333333334
0.8175013160103733,6.3546380000000005,7.725321133333334,8.351276666666665
0.7927829456373323,6.8497417,7.6973499,8.0772574
0.7897909334916268,6.8085972,7.8059039,8.736479666666666
0.8080384991597978,7.224098133333332,8.591143666666666,9.756106466666663
0.7914301978537722,7.7472255,8.541870666666666,9.650708333333334
0.7943344989304091,8.869092333333333,10.332729666666667,10.4636305
0.7678373815337389,9.131804033333331,9.872800333333332,10.595124666666663
0.7478613773823396,8.253288166666666,9.200630333333333,9.821431
0.7498626285496263,8.752854399999999,10.717722333333334,10.820831666666669
0.7453909038764822,9.553122166666666,10.012958,11.043914666666666
0.7595988723220787,7.790360766666666,8.548398333333333,8.812880666666667
0.7940266057949327,8.447538133333333,9.525947333333333,9.657795
0.8291487486322149,14.617434,14.59523,14.521988333333333
0.7656284480809795,10.266442333333336,11.028378666666669,11.230431333333334
0.7598080272715348,8.798587833333334,9.352168,9.679675333333334
0.7642818295605203,8.908704166666666,10.111944333333332,10.605927
0.7704027358660253,8.736576,9.494624,9.484035666666664
0.7760062861944031,8.908053666666666,9.770627333333335,9.745843
0.8003947298190898,6.940128533333334,8.071321266666667,8.795535666666666
0.7790322217193674,9.416798333333332,9.987560333333334,10.792640666666664
0.8050610058026214,7.51952,8.807649666666666,9.097718633333336
0.8213221905540328,5.2528425,6.086659333333333,7.1853533
0.7720542152282824,5.5940434,6.951560333333333,6.7265543333333335
0.8135856349683154,6.4499982,7.704991833333334,8.186779666666666
0.7903945188640634,6.274634666666667,6.900468933333333,7.998328266666667
0.7648930003320226,6.328528733333333,7.519046933333333,7.991513333333333
0.7610662198720735,6.2439293000000005,7.3215709,8.768126
0.7830746391828131,6.344981366666666,7.409781666666666,7.6644744666666655
0.744089461885463,5.676265066666667,6.722837599999999,7.9837001
0.7812519917642411,5.367186533333334,6.0132978,6.407475666666667
0.8071287116634774,5.404319366666667,6.399043,6.945407533333333
0.8188961553229767,4.813384066666667,5.570369866666667,5.6282418000000005
0.7847907139104949,5.6993133333333335,6.229827266666667,6.523209633333333
0.7936206668443955,5.858640233333333,6.428554633333333,7.214137466666666
0.7906454348385266,6.151457,6.812411300000001,7.655638533333334
0.7727744177255906,7.503536166666667,7.892903266666667,8.597890899999998
0.7763219071803217,8.602877999999999,9.073090333333331,9.7027102
0.8001489219883581,7.825493166666667,8.820803166666666,9.017321333333332
0.7753601003116728,8.643033133333335,9.265621333333334,10.161183333333332
0.8319043459665066,7.619803666666667,8.301708666666666,8.66718
0.7996570885006515,8.161317266666666,8.111482333333333,9.045739333333335
0.8196646939437428,8.016982233333334,8.098197766666667,9.013752333333334
0.795849603148571,7.649410200000001,8.142693,8.731698
0.7945928478816784,7.0650986,7.383789266666667,9.563018
0.805347330031052,6.640489333333334,6.893394166666667,8.467672666666667
0.8106021585737077,6.591727466666666,7.472628566666667,8.466064333333334
0.7946388495360991,6.400314366666667,7.338733566666668,7.735227399999999
0.8195124650227553,6.723598666666667,7.966977733333333,8.580007866666667
0.8252844472672294,7.395605533333334,8.569722666666665,9.433647666666667
0.8054447057910933,7.056749766666666,7.776338833333334,8.870623
0.8051814244313845,6.583634866666666,8.2983122,9.753848333333332
0.8118109207203226,5.9671422000000005,7.278220099999999,7.924507966666667
0.8151160452923415,5.739482033333334,7.313995666666666,7.328350833333334
0.8000585551970129,5.140254,6.640638466666666,8.133752133333333
0.8123727382793547,5.429793633333333,6.963291133333333,6.6100195
1.2017394455536294,23.791387333333333,29.526493666666667,23.71164
1.097425291957559,4.8334975333333325,5.6589499,5.8703732
0.8814197669859452,5.181949333333333,5.227136000000001,6.809763566666667
0.8852857027265443,5.589023566666666,6.369551433333332,7.020327666666667
0.8543155631450613,6.779279366666667,7.0663038333333335,8.166827666666666
0.8340517011139323,7.545837566666667,8.3206168,8.85039
0.7947761714992545,7.717984066666667,8.5769316,9.270688166666668
0.8074863934130692,7.956769,8.210784433333332,9.4651475
0.8168588811050776,7.599512199999999,8.163403233333334,9.157762566666667
0.8090566977709973,7.086041533333333,7.983320866666666,8.775606000000002
0.7882640292868125,6.542337933333333,7.403296999999999,7.8700058
0.7885344278318724,6.620958366666667,7.404053166666667,7.885512666666667
0.8048132919310458,6.702839466666666,7.729602166666666,8.122374133333333
0.7906062563525893,6.539253466666666,7.463575733333333,8.915335999999998
0.7776351416727739,6.266978133333333,7.4570939,8.350113166666667
0.7548944391808275,6.577661766666668,8.224817666666667,9.016016333333331
0.7759661143906099,6.655351066666667,8.342779966666667,8.683285466666666
0.794100121225722,7.9490151,8.434349333333332,9.2630481
0.8093647937922169,7.345774899999999,8.615635666666666,9.895487666666666
0.7955629613355093,8.158625833333332,8.832824666666667,10.3818141
0.816499413759853,7.499102000000001,8.549292333333334,9.467355499999998
0.8116527696983545,8.099378633333334,8.435710833333333,10.500275666666669
0.7970718483712127,7.647927333333333,8.916476333333334,9.901662
0.8227884844411895,8.125327766666667,8.774368333333333,9.787392333333337
0.8057369198419616,7.688998466666667,8.915554,10.423595833333334
0.7946514574195206,8.600645333333333,8.642515000000001,10.509710333333334
0.8249713457737068,7.779455833333333,8.804194666666666,9.859143733333331
0.8129695442597136,6.173586066666666,7.444859233333332,8.519330000000002
0.8486874330234467,5.963654633333334,6.315165133333333,8.3078539
0.8380202579230248,5.884821966666666,7.112724,8.525596333333333
0.8220623816069224,6.2029845,7.630408933333334,8.106926866666667
0.7904943036566365,5.8252038,7.2004364333333335,8.153302133333334
0.7817037257464113,6.5964074,8.311719466666666,8.075707333333334
0.9620261979142368,3.9540587666666656,4.7487132333333335,6.0002675
0.9404806996874956,4.020609566666667,4.854835966666666,6.02002
0.8434907670427437,4.847959,5.712070999999999,6.9522297
0.7892429758171579,5.833779366666666,7.319351766666667,8.473415666666666
0.8300893648329332,7.694613133333333,9.027313766666666,10.052837666666669
0.8083886922314628,8.120946333333334,9.406290666666663,10.306291333333334
0.7788012647490863,7.7649512,8.549391166666666,10.244610666666668
0.7881660228649577,7.840212199999999,8.540689,10.3921082
0.7842332368145201,7.402134466666666,8.568011666666667,9.849094166666667
0.8032708263264509,7.233624566666667,8.061531333333333,8.701893133333334
0.76269353318844,6.296391233333334,7.060752699999999,8.494548100000001
0.7962132117088071,7.743740333333332,8.402791166666667,9.167074666666666
0.8116100618873912,8.018857833333334,8.290479333333334,9.745387166666667
0.8193245739277865,7.677638266666666,8.3969412,8.778985
0.7940487692862254,7.344061266666667,8.282762933333334,9.352920833333334
0.7925383052381881,7.409002333333333,8.236847866666666,9.0953345
0.789943460683232,6.463906633333333,7.579631666666667,8.215488
0.8298904615493871,6.352136766666667,7.432279033333334,8.314992866666666
0.819062287403418,6.759919733333334,7.705305533333334,8.7588132
0.7970326827289433,6.793135166666667,8.0457129,8.612728866666666
0.7970177213500641,7.877899500000001,8.792512333333333,10.032881333333334
0.8231258738237588,8.1567765,9.867541333333332,10.121217166666668
0.8230272537141942,8.924900000000001,9.579330333333331,11.016939
0.8196146613302412,10.041773,10.72732,11.683113
0.8062203418745236,10.915653666666666,12.155800666666666,12.604111666666666
0.831335949466158,9.594399666666666,12.031953,13.016367666666667
0.8226205061058538,10.454734666666669,11.724982666666667,12.194126333333337
0.8266935145836771,10.404360666666667,10.527010333333337,11.684921
0.8138834652507904,9.485918333333332,10.698738,11.529208333333331
0.79199225301757,7.623606533333334,8.776305,9.769077333333334
0.7764960087252123,8.276746666666666,9.478988333333334,11.237621333333331
0.8115477644968611,7.858728533333334,9.278502833333333,10.369784
0.8341983795533285,6.290253466666667,7.9247421,8.809094199999999
0.8323519832312204,6.591090633333333,7.230561466666667,8.139761533333333
0.8776558521774257,5.848460933333333,6.946084566666666,8.089948566666667
0.8188536648627354,5.439781433333334,7.245908833333334,8.126125
0.8292377007957569,5.894166433333333,7.0926072,8.488218533333333
0.8315055448055673,5.710369666666668,7.3324583,8.0861946
0.8219180172954049,5.779685166666667,7.342407000000001,7.782822633333335
1.123455479306476,25.65861,28.464344666666666,24.254506666666668
1.2465212901770168,4.942086066666666,5.2525838333333335,5.365222500000001
1.0372490985158167,4.882062133333333,5.592540199999999,6.215174366666667
0.915173172349042,5.854736333333332,6.604755866666667,6.866082566666667
0.8745069533147274,6.252154566666667,7.2477148,7.4337621
0.881218257399207,7.299850066666667,8.600794166666667,9.210360833333333
0.820221707063848,8.2880709,9.051704666666668,9.433074
0.8033871107194007,8.0086122,9.581126,10.776449666666666
0.7909467090648755,8.737125333333333,9.816193333333333,11.023657666666669
0.8046809565738832,7.8248657,8.265308666666668,9.513990666666666
0.7746697860893397,7.167616333333334,7.779211,8.027803333333333
0.8123543768041536,7.5897938666666676,8.111364566666667,8.5351011
0.8033146297595563,7.315775166666666,8.275026666666667,8.814169999999999
0.7962292151758995,6.6461644,7.5398194,9.096553933333333
0.7962219251184953,7.600223333333333,8.202054666666667,9.262128666666667
0.7746349903322667,7.878145666666666,8.550865,9.591392533333332
0.7870697396235125,7.8889355,8.742163,9.406771666666666
0.8140106396563734,7.755732566666666,8.384243666666668,9.975563333333334
0.7825756278145718,7.988009166666667,8.800911333333334,9.621106666666668
0.7877583435669786,7.531064666666666,8.380887,9.525346533333334
0.7866994842576244,8.989594333333333,10.2416395,10.911486666666669
0.7943704868741408,8.594659,10.295749166666669,10.9923555
0.7354197072561606,9.257882666666667,11.315659000000002,11.715755666666666
0.7676674468539032,9.808875,10.293830333333334,11.254247166666667
0.786342922688617,8.534825766666666,9.5862975,10.413725
0.810775203542588,9.7079435,11.257271666666668,12.515728333333334
0.8094192155915486,8.349005566666667,9.232598666666666,9.982939333333334
0.7992084977804733,7.228170200000001,7.908312000000001,8.781474666666666
0.8176206948970042,8.461730133333333,9.459453333333334,9.857424833333331
0.7989007562702977,8.461059666666666,9.343569,10.565473
0.7742493194751289,7.078270200000001,7.8899829,9.270202333333332
0.8081182602291522,6.8760327000000006,7.717772933333333,7.960194366666667
0.7992080194083142,7.0317693000000006,7.765546066666668,9.081999333333334
0.8071966269073941,7.101572666666667,8.574332833333333,9.044112133333334
0.8116339290260446,7.289114066666666,7.861282333333334,9.180148333333332
0.8160778123504852,6.760535366666667,7.717659666666667,9.1723159
1.293378950509483,8.072351233333334,8.218270466666667,7.735717866666666
1.2481541584869678,5.6139805,6.212461866666668,6.177462833333333
1.156182300408637,5.501121733333332,5.994439766666666,6.8615839
1.0253181310785138,5.5436241,6.070511466666666,7.4457037
0.9050859100503278,6.063623233333334,6.78025,7.994815
0.902265251308074,7.877263999999999,8.473412333333334,9.057199666666667
0.8657593907569247,6.4317625666666665,7.319468133333333,7.763401566666666
0.823882541487757,7.007157066666667,7.960533833333334,8.493325266666666
0.8260445727446406,5.993517199999999,7.074680866666667,7.405391066666667
0.8131338606843368,5.1438493,6.064649566666667,6.207967466666666
0.8262151332981246,5.598836566666667,6.182832466666667,6.367636466666667
0.7783405813714307,6.065908566666667,6.7324865,7.884108766666666
0.7956982625726972,6.1756655333333335,6.6868315,7.033551266666667
0.7843001917474751,6.676917166666667,7.368767099999999,7.899778166666667
0.7575083347818922,7.712133333333333,7.873970833333334,8.497358199999999
0.8001881106415439,8.286289,8.909452666666667,9.34593
0.7694984522442704,8.498539666666666,9.424636666666666,9.740922666666668
0.7934133972365099,9.156702333333332,9.879441666666668,10.229471666666669
0.7463030740111374,9.395463333333334,9.625690333333331,10.341202666666668
0.7422999631773194,7.337777,8.102747333333333,8.655034566666666
0.7377707829992765,6.457978166666667,6.864331433333334,7.470518466666667
0.7597157999323465,6.4155179,6.935349833333333,7.316855833333332
0.7494137314644743,6.8361030000000005,7.5246678,8.6715193
0.778628445357116,7.328278466666667,8.316164333333335,8.385774866666667
0.7490749272137086,8.524946533333333,9.333303333333332,10.284585
0.7436730847896286,8.270951466666666,9.757798666666668,9.872525666666666
0.7311018456887654,8.484855666666666,10.024197333333332,10.949945499999998
0.751823687287766,8.751977466666666,9.733809666666666,9.924228333333334
0.7750976818889743,7.333732266666666,8.271782333333334,8.940821233333333
0.7749112914267298,7.283416166666666,7.937327766666667,8.705714666666667
0.7948045980042471,7.4317803,8.509380466666666,8.846616666666668
0.783232962558689,6.863436533333334,8.160156200000001,7.976624999999999
0.7817399674384274,6.668249566666667,7.1869939,7.335426000000001
0.8057743069247092,5.704927666666666,6.7090669,7.9318465
0.8005002632039756,5.693800700000001,6.460815866666667,7.435573233333334
1.1857689885397844,22.977248666666668,25.95084933333333,24.300163666666663
1.1280024920361669,5.620221966666667,6.066659433333332,6.182752933333333
0.9701639577107762,5.142257766666667,6.148075866666667,7.055942833333333
0.9119360761538428,6.915617800000001,7.317344466666666,7.940248766666667
0.8680872133621266,7.189216533333333,7.807906333333332,8.5889705
0.8615483840824639,8.374716333333334,8.769931999999999,9.842593666666666
0.8339941330059135,9.042116666666669,9.670553333333332,10.143687666666668
0.7822799356714253,7.668175966666666,8.598437566666666,10.132337666666666
0.797448253066797,7.322467433333333,8.013628899999999,8.608515166666669
0.8101000090075682,6.714441133333334,7.454361333333334,7.982965133333333
0.8133240278663697,6.584030433333333,7.5596117,7.571178766666667
0.786868027312115,6.054813633333334,6.506911633333334,6.867510333333333
0.7974992698352242,6.7462580333333335,7.755891433333333,8.293369433333332
0.8125567019431141,6.178523466666667,6.9504123,7.525485499999999
0.792141314387162,6.953392366666667,7.5865125,7.911525999999999
0.783556072811853,8.119758133333333,8.220522333333333,8.660137933333333
0.767744172846322,7.346695633333333,7.640814,9.122678333333331
0.8201971131614639,7.5302009,8.2173151,9.225442233333332
0.802916810508732,7.7951925,8.889275,9.867742666666668
0.7809789319080735,8.379605166666666,9.392187,9.780107666666668
0.8226899581925821,9.2129388,9.533096666666667,11.463689
0.8109138861994722,8.941932333333334,10.072459666666669,9.689068333333331
0.8246969170443004,8.128696199999998,8.881754333333333,9.954508333333337
0.7931962842796457,7.996730333333335,8.2799691,9.661623166666669
0.8245452290978977,7.893927666666666,8.945733166666667,9.118925
0.7876435917167565,7.418025466666666,8.278548666666667,8.440754333333333
0.8173673552999707,7.083473666666666,7.584277,8.1469725
0.8074383538606055,7.412266733333332,7.8290178,8.711307
0.825774666527345,7.746601533333333,8.818241500000001,10.076520333333336
0.8232181992431905,7.628649666666667,8.3325285,10.005715533333335
0.7860977558743572,7.650568466666667,8.846215666666666,9.711293666666666
0.8022485833291436,8.9221448,9.458618,9.924771666666668
0.7932125166787193,7.304380533333333,8.011683166666666,9.0782281
0.8200828189672227,6.860532,7.877348100000002,8.759082833333332
0.8075507614307925,6.245944933333334,7.679859233333334,8.753558499999999
0.7900209858614522,5.2708011,6.6961749,7.780968833333333
0.8318060572168943,5.2588878333333335,5.849804866666666,7.302166
0.798210296894815,5.5220313333333335,6.197850333333334,6.722864333333334
0.7901271647343519,5.1722555,6.589141533333333,7.494559333333332
0.8003373137150348,4.9153332,6.096231433333334,6.990955666666667
0.791887250765023,5.741584466666667,6.692303,8.059214500000001
0.7819158267248666,6.904617299999999,8.506504833333333,9.458463
0.7674792967890124,7.754155099999999,7.9884429,9.341067333333331
0.7755324288156177,7.492722566666667,8.848423666666667,10.225359333333332
0.8026827276364822,7.255705733333333,8.394346,9.334982233333331
0.7721294424771141,7.655555533333334,8.892927333333333,9.515509666666668
0.8131068894213412,7.3784901,8.506454633333334,9.726308
0.8129495474748484,7.669403699999999,8.092235833333334,9.594357666666667
0.8144433768859763,7.077247799999999,7.701954533333333,8.7528198
0.7937038102815875,7.637908499999999,8.164197333333334,9.361967666666668
0.823670866838962,7.5279463,8.879798000000001,9.011408133333331
0.8236173267246111,7.036630333333334,8.5962872,8.878511666666668
0.8023414135422312,6.184276766666667,7.665990333333333,8.318689333333333
0.8183864172948283,5.686844700000001,6.934714,7.168119466666667
0.7775227331945591,6.338114666666667,7.4536795666666675,7.780084833333333
0.8400283141963761,5.8916086666666665,7.673535699999999,7.803711833333334
0.8263696301887645,7.606863133333334,8.425097,8.779628333333333
0.811589374279995,7.765657333333334,8.6034345,9.475360666666669
0.8146895808995679,8.946506566666667,9.879606,10.116791666666666
0.8136429459580693,9.737672000000002,10.038931,10.100274
0.7835556829501615,9.717223333333337,9.852403333333331,10.476241666666668
0.8309356801114381,9.691855333333333,10.5162255,11.499953166666666
0.8023109687940536,9.45218,11.245585,11.386119
0.7956624825397701,10.207629333333331,10.817200666666666,12.197191666666669
0.8442973565838203,10.474292666666669,10.586415666666666,11.21357
0.8127096788296443,9.361153000000002,10.077046833333334,10.854395000000002
0.8339234905280083,8.295650333333333,9.644593,10.090205
0.8534565939401609,7.446233333333333,8.459971666666666,8.853702333333333
0.8202973956150172,6.899793433333333,8.173324666666668,8.541468
0.8150085343858721,7.317835766666666,9.014093333333332,8.6068825
0.8449236438660307,7.435147666666666,8.513308666666665,9.321363833333336
0.8096244807091271,7.836691333333334,8.837240333333334,9.861790066666666
0.8411016130618577,7.4409478,8.876091833333334,9.313441
0.8187261607731303,7.425044499999999,7.487383833333332,8.6510582
1.1608879645538417,7.139229533333332,7.680384433333334,7.331008766666667
1.0639733378640286,5.996241133333334,7.018834899999999,7.071156433333333
1.0345504290753895,7.161213466666666,8.300496333333335,8.231576833333333
1.0291703211863437,6.6915906000000005,7.6723059,8.514374666666667
0.9947276454441596,7.361882833333333,8.104708533333334,7.932163899999999
0.985291852839834,7.662629,8.701332666666666,8.511638333333332
0.9331639419067358,8.384502666666668,9.288217333333334,9.085299333333332
0.8900580084966673,9.801583666666668,11.19094016666667,10.831888
0.8556743222725319,10.184840666666666,11.127775,11.089497666666666
0.8579968378077405,8.783631333333332,9.935999666666667,9.823804666666668
0.8514563087464939,7.845549666666667,8.810392333333333,8.711717666666667
0.82059293101628,8.916970333333333,9.917664666666669,9.767023833333331
0.8194958480572438,9.475490166666669,10.683912166666667,10.667925666666669
0.7759737413764242,9.096716,10.0844935,11.331092
0.7927811124560437,8.940211,10.866038666666666,10.797581666666668
0.8232727299310924,9.195343666666666,10.039394166666668,10.071424
0.8144330350297807,9.588254,10.906202833333332,9.916460333333337
0.8008394481720614,9.198405333333332,10.419646166666666,10.037327333333334
0.8757024911882292,7.153395333333333,7.862088033333333,7.9028749
0.8625781170169744,7.100601833333333,7.798625333333334,8.5983068
0.8450463691282574,6.401906133333333,6.978177266666667,7.469528666666666
0.8201864999850885,6.501546,7.3931659,7.465500000000001
0.8241659334634139,4.3406603666666665,4.8894784,6.8435216
0.8268209410688413,5.271142566666668,5.724167266666666,7.394842433333333
0.8135592985359456,8.503466,9.03954,9.7020825
0.8168618477194599,9.744963,9.927840833333333,9.789885333333332
0.8128226427906946,10.854075,11.738427,11.132359666666668
0.7960103090207417,9.479266666666668,10.752123833333334,10.036780333333333
0.8034784436762376,8.9680565,9.125284666666666,9.303763000000002
0.806487997421538,7.559406133333333,8.220045066666668,8.962999533333333
0.7992934014369952,7.632965566666666,7.836827766666668,7.976388633333333
0.8278537139922285,7.1771019,7.965750799999999,8.0940365
0.8022488048882191,8.838500000000002,9.750670666666666,9.484181
0.8186084754422084,7.877450766666667,9.3263865,9.164897666666668
0.7961796604779471,6.5164237,7.042372133333334,7.349716433333334
1.120925904784108,14.681200666666667,16.58404333333333,14.907940333333334
0.9359440129956406,6.7366109666666665,7.375835900000001,7.2150148
0.8685376480398886,5.316574999999999,5.601018733333333,6.7618006333333325
0.8525074585881095,5.5246311666666665,6.161023,7.240092400000001
0.8036286505592155,5.525582233333334,6.399573266666667,6.653879166666667
0.8082781569909666,5.204592633333333,6.2123089,7.555177133333333
0.7913807555722409,6.4784461,7.183054166666666,8.091783533333334
0.8033380464924692,6.568785533333333,7.552410433333333,7.714154333333333
0.8195550516794182,6.142042833333334,7.0484675,7.753084833333332
0.7894551268409354,6.622223699999999,7.6912986,8.3715598
0.8103744255328156,7.260221966666667,8.059097333333334,8.592159
0.7847164253438055,7.307729666666667,8.485718333333333,8.855688666666667
0.8346022448257931,8.175882933333334,8.852879666666666,10.1156711
0.8097434714259878,8.509480166666666,9.468241666666668,10.406068
0.8084431792574844,7.580145266666666,9.036372833333331,9.605573
0.8123115709212669,7.700914433333334,8.461177766666665,9.988634666666668
0.7732644613222969,7.592339133333334,8.657259333333334,10.2685
0.7948054263916026,7.211074666666668,8.873382999999999,9.89997
0.7791488819252014,8.317841,8.723111666666666,10.250493833333332
0.7812750827579308,7.675570966666666,8.362706666666666,9.531520866666666
0.7871164132681828,7.297383233333334,8.628687999999999,9.368969833333333
0.8283212141402373,8.427444833333334,9.665886,11.810684666666669
0.8236198080379259,8.502357000000002,9.142112,10.140155533333331
0.8089193638254549,7.617788333333333,8.012138733333332,9.680351000000002
0.8043583867951197,7.243615833333333,7.811198666666667,8.732921
0.8161071230267911,7.008044733333333,7.2402634,8.642581766666668
0.8056096364297956,6.002280866666667,6.698254333333334,7.2548025
0.8095218441406979,5.323987566666667,6.268144366666667,7.487588899999999
0.7931430377461357,4.921958833333334,6.161219,6.136673366666666
0.8135619669757662,4.827984999999999,6.001083866666666,6.069363666666667
0.8403999749385748,5.611687,5.949921,6.567030833333334
0.8121708786213455,5.385721366666668,6.5120344,7.214194833333333
0.8178517801793443,5.476917866666667,6.3911769000000005,7.635836
0.7939277185778887,6.317200666666667,8.079306066666666,7.725998999999999
0.825454139821311,6.487190000000001,7.553055433333333,8.318589000000001
0.8280114171958077,6.8317427,8.224590766666667,8.2629151
0.8480527095864248,6.165897833333332,7.736587,7.5570521
0.8050201022718776,5.866214133333333,7.4593557,8.51783
0.7969544909133877,5.280518833333333,8.207422,7.396998966666668
0.8014841079393838,5.1888912,6.3954363,7.047171166666666
1.2738063947820664,28.171748333333337,31.033467666666667,28.172607
1.2244571026074988,8.6065035,9.540359,9.023515666666666
1.1812473269060817,5.536740766666667,6.3924882,6.951614233333333
1.078351727630996,5.790868666666667,6.5085577,6.4537582
1.0388380364816086,5.662771333333333,6.275002699999999,6.8835196
0.9700677140226924,6.454251133333334,7.018818433333333,8.040771
0.8897083812452871,7.296007033333333,8.330434666666665,8.981962166666667
0.8987036278938628,6.5839484666666666,7.1799816666666665,7.942787033333334
0.8429150700717166,6.165795766666666,7.035421866666667,8.258948133333334
0.8594797783675991,6.312972666666667,7.126223566666667,8.091381666666667
0.8490506944505439,6.3570322,7.182486333333333,7.604421666666667
0.8536373249281679,6.179626533333333,7.1785570000000005,7.546278099999999
0.8331172698490142,6.524277433333334,7.419485266666666,8.520277333333334
0.8006210613321416,6.857114800000001,7.608305966666666,8.677773666666667
0.8234570666959543,6.396889666666667,7.774061333333333,7.955803
0.8208327127637706,6.979955933333334,7.6732638,8.4482774
0.8016843422032173,7.426496666666666,8.524157833333334,8.869438633333333
0.7715042584883683,7.540075066666667,8.775691666666667,9.539387233333334
0.7843370840453541,8.4162822,8.796282333333332,9.7992931
0.7579301142196556,7.483443866666666,8.738679833333334,9.696958333333336
0.7941759967940394,8.426641233333333,9.098497,9.704028666666666
0.7919031343032624,8.029626566666668,8.367097666666666,9.716269666666667
0.7803416927835639,7.845335566666667,8.161555466666666,9.4859941
0.8093242331368261,8.027293866666666,8.962356499999999,9.300561333333333
0.7923899166055558,8.010051,8.678373666666667,9.854216333333332
0.8081815517604038,8.492514666666667,8.979671000000002,9.728992333333332
0.7854881889800827,6.662012066666667,7.875538466666666,8.570547666666668
0.7949950003840742,7.685429966666667,8.431527333333333,9.257049533333335
0.79533298237188,6.472023666666668,7.226132833333334,7.582987333333333
0.8622387140768968,5.538310366666667,6.089440466666666,6.6174302
0.8109225997560806,6.211358866666667,7.192558433333333,7.442628999999999
0.8115992262970871,10.454045,11.342973166666669,11.781751
0.824106976806934,6.9697968333333336,7.560431433333332,8.374167666666667
0.8275712099923181,8.918041,10.370283666666667,10.006691666666669
1.3583213510947127,7.7083601,8.667345333333333,8.298374133333333
1.0894782720639389,3.2033769000000003,3.9735140666666666,5.3188930333333335
0.9900778305805537,3.5286464333333334,4.446408900000001,4.7294929
0.866431904802587,3.757452766666667,4.901169133333334,5.717366233333333
0.8280236205011081,4.392434866666667,5.904233533333333,6.578347
0.8368052586143437,7.201529466666667,8.204985333333333,8.780132566666666
0.7983637604377085,6.531379666666666,8.227598666666665,8.952460666666667
0.781254328384346,7.4234666,8.258002566666667,9.616049666666669
0.7994534399953251,6.651563400000001,7.527465333333333,9.255071
0.7801999593405619,7.157312133333334,7.7688678,8.807422666666668
0.8112661602676337,7.439002266666667,8.141255833333334,9.279946666666667
0.8215302173384389,8.0320916,9.359689,10.857717666666666
0.8256612991146316,8.090033666666669,9.09017,11.011951000000002
0.8085536351166379,8.442476466666667,9.989313666666666,10.669809666666666
0.8107844595779253,8.358855,8.831579,10.750087666666667
0.7847824257608623,8.740753566666667,9.179258666666668,9.482940966666668
0.7812747134001333,7.887754699999999,9.558526666666667,9.807332
0.7684152149118226,7.674343166666667,8.726205333333333,9.774367
0.8108000549593024,7.684784466666667,8.268203999999999,9.807188566666667
0.7998214174556627,8.0655612,8.694101666666667,10.973649666666669
0.7925895015572495,8.362952,9.408183,10.522339
0.8027939169609303,8.5761705,9.858071666666667,11.898418666666666
0.7831438167873269,9.539269166666664,10.438496666666667,12.195707999999998
0.8224698347032917,10.152687166666666,10.358246333333334,12.3167825
0.8255184051085274,9.567584,10.3527905,12.122375166666666
0.7953267298047506,9.028563666666663,9.786656333333331,11.376620333333332
0.7981508606217268,8.218547666666668,9.067609666666666,10.038144333333332
0.8026813959617307,8.987659833333334,10.877320333333332,11.873288666666667
0.8399053884109134,9.185686,10.852945999999998,12.212292833333333
0.8344438236558784,8.723039333333332,9.779474166666668,12.023534666666668
0.8192186561180576,7.776148933333334,9.562175666666668,10.556420666666666
0.8406083267623788,7.9908681,8.396577666666667,9.650991133333331
0.8419261989589385,7.2111689,9.503214666666668,10.039244
0.8564145067289749,7.425111333333334,8.120637833333333,9.449435666666666
0.8418587963905373,6.875690633333332,8.458323666666667,9.171002333333334
0.8319147841581663,6.224991266666667,7.725182566666668,9.057315333333332
0.838261199502386,6.303152333333333,7.5477608,8.704419866666667
0.8055729213893095,5.628502433333334,7.6587699,8.435626
1.279235056634195,5.4041845,6.0695369,7.375376333333333
1.063357571900729,6.257029200000001,7.044863533333333,6.962829733333334
1.0683460539976823,5.493439766666666,5.963163333333333,7.343192500000001
0.922006542154342,7.330881933333333,8.520895333333334,8.419244166666667
0.863461520187402,7.5854525,8.418519666666667,8.760532333333332
0.8720411935154194,7.365568366666667,8.212363433333334,7.774743033333333
0.8632450254205527,6.829797266666667,7.681344866666667,9.415129166666668
0.8343619965087231,6.1792218666666665,6.426299266666667,6.566680733333333
0.8003803560027025,5.6061983333333325,5.5610356,6.049220900000001
0.8024692716602105,5.363551900000001,6.0326382333333335,6.6184929
0.7675128975142164,5.8462339666666665,6.421198866666667,6.486901666666667
0.79291601361902,6.620319133333333,7.1216801,7.525700699999999
0.7837008503112178,5.984367866666666,6.4464809,6.755055566666666
0.7761615904825724,6.022882233333334,6.661627500000001,6.971680433333334
0.751178513338968,6.1824142,7.0310599,7.327300966666667
0.7821814802596628,6.893033366666667,7.5336499,8.059418
0.7555455645629846,7.1504453,8.770806,9.1119642
0.7508024784611488,7.276107333333333,8.825133000000001,8.864282000000001
0.761036789090098,7.078475999999999,7.966474866666666,8.735091333333333
0.7763681298781716,7.4129858,8.261149666666668,8.883783133333333
0.7690088313262312,7.684969133333333,9.097049666666663,9.53672
0.763446680369316,9.866672666666666,10.425173166666667,11.780118166666666
0.7584514019454117,8.580648666666667,9.670159666666668,9.758420999999998
0.7420288116439546,8.505366666666667,9.443029,10.294895666666669
0.7583698509672522,9.084973,10.8215,10.546532166666667
0.7911501945947835,9.025018,10.170388,10.802660666666668
0.7534163114147651,8.05467,9.297208333333332,9.703714666666666
0.7741004538499935,9.492396,10.923639,11.308086666666668
0.8072456549501986,11.593360666666667,13.122878,12.418241333333334
0.8233794603112452,11.284413,12.854164,13.350366833333334
0.8038670757859312,8.768205,10.167674333333332,10.226160666666669
0.8249169987590662,9.437657333333334,10.739595,11.625232666666667
0.7850887616390164,7.805985666666666,8.935505666666666,8.531387866666668
0.8131929038483334,8.138545833333334,9.957425,9.80872
0.8066289109360593,7.3470222,7.613940499999999,8.656903833333333
1.4975931615600655,3.9347473,4.442662566666667,5.416941466666667
0.9824219207214572,4.709492733333334,4.906460500000001,5.229988333333334
0.9889922232365236,4.7263025,5.049646533333334,5.484012
1.0120485934534795,4.645819333333333,5.0967207,5.070986333333334
1.0298053904798137,4.0549693,4.491037066666667,4.758682766666667
0.9491385811592812,5.056978133333334,5.833950833333333,6.0597356
0.8879355429518913,6.035564333333333,6.652393,7.590187633333334
0.8619734389007873,5.765181666666667,6.4390535,6.584813033333333
0.8491300549337645,5.661436566666667,6.014550466666667,6.884550666666667
0.8373036333688099,5.410093799999999,5.881282433333333,5.889048866666667
0.8171216621478313,5.610101266666667,5.806448966666667,6.212897333333333
0.8065214558933368,6.058539,6.4465772,7.574060866666666
0.7801394086019867,5.992253466666667,6.5955319,7.142776333333333
0.7856173787466463,6.2723402,6.858494333333333,7.569051466666667
0.7675379345795467,5.8207904,6.390351333333332,6.943456233333333
0.7838571794794055,6.041008333333333,6.349746233333334,7.2097302
0.7755358036366667,6.495573033333333,6.910709233333333,7.298364233333333
0.7529708575633459,5.6816721,6.593421166666666,7.6030653
0.789176340203349,5.9058413,6.514666000000001,6.935769400000001
0.8065990814680682,6.286636333333334,7.1246441,7.3977689
0.7848911983757128,7.555091333333332,8.282878333333333,8.814480666666666
0.7571833970376586,8.767360333333334,9.598999999999998,10.607926666666666
0.7938225789686877,7.914302633333334,8.614815,10.20651
0.7596078858421622,7.293935933333334,8.328194833333333,8.905223566666667
0.7822661348636641,8.549068666666665,9.388737666666666,9.210979333333333
0.7677035483183515,8.058466666666666,8.603275666666667,9.676428333333334
0.7702290152841221,7.923736999999999,9.447113166666666,9.525575833333331
0.824529545624177,8.378642999999999,9.479614,10.526894
0.8038283867756825,8.837853833333334,10.119189666666664,10.545787666666667
0.7840513786026593,7.396723999999999,7.973355866666666,8.5868915
0.8109427301280885,7.250485233333333,7.8493541,8.741505833333333
0.7888911331328717,7.252724133333333,8.044640999999999,8.777686000000001
0.8171854336123033,7.421805166666666,8.23157,9.146361666666666
0.8081364208895486,7.814428666666667,8.193347666666666,9.058229333333331
0.8389112847596133,6.377271866666667,7.4611552,9.09263
1.0480985093830852,4.096312866666667,4.4175338,5.9005304333333335
0.9827903706178374,4.330121366666667,4.837199533333333,5.7963134
0.8829239159750365,3.923615,4.618985833333333,4.948015833333334
0.8687392660683049,3.6180578,3.638488033333333,5.844027033333333
0.9386056356385198,3.656152233333333,3.926212466666667,6.2317305
0.8616169996570667,3.3371103000000004,3.786951866666667,5.322465766666666
0.7767868283881155,4.751083133333333,4.792581233333333,6.046015566666667
0.78065475758928,6.4118219,6.850474766666667,7.816076
0.8171267240003605,6.182848033333333,7.740839766666667,8.062785499999999
0.8070863874996421,7.164920066666666,8.377133233333334,8.93548
0.7994584839930675,6.692519033333333,7.538875466666667,8.220781333333333
0.8098449361671763,7.515249999999999,8.393522666666668,9.426898866666669
0.7966335157158507,7.2789987,8.281515333333333,8.811106666666666
0.8013923740397554,7.299306566666666,8.492032666666667,8.961263
0.7910085243840301,7.536237333333333,8.868744666666666,10.084266666666666
0.7992970380545931,8.732634500000001,9.949831,10.508809666666666
0.7994823580911575,7.7579578,8.722359666666668,9.3333618
0.7989537870454537,7.4496005,8.276378,9.110938
0.792953186817346,7.576469166666667,8.030974666666667,8.349386333333333
0.803771994249696,7.077377433333333,7.813642300000001,8.607567733333333
0.7870044940701645,6.8754613,7.9231623,8.369771866666667
0.8074617437773403,6.541000799999999,7.548114866666666,7.868660933333333
0.8089770857295164,7.2241447,8.401531666666667,8.501610999999999
0.8125840773310342,7.649769933333334,8.518208666666668,10.075827333333336
0.8309129599922894,7.947192900000001,8.929731666666667,9.635998666666667
0.7877517897137979,8.209168333333334,8.7804505,10.095901666666666
0.7991320750706309,8.138035,8.712808666666666,9.703194333333334
0.8294942599034084,7.301285766666667,8.248803666666666,8.334080433333334
0.8198670991109948,6.903902466666668,7.878042666666666,8.328919666666666
0.8234857537598467,6.563237466666666,7.555229766666667,8.1284253
0.8180530073563178,5.638809866666667,6.740351233333333,7.3417225
0.8250029703929309,6.483227100000001,7.710908233333332,8.484795400000001
1.2674518292991113,24.959466000000003,32.035259333333336,24.97552566666667
1.206736122584658,7.241155233333334,8.263843466666666,7.653980733333333
1.0444360456414703,5.394229366666667,6.063449200000001,6.1331424000000005
0.9754913322181245,5.6723411666666665,6.1322014000000005,6.706581700000001
0.870878652752658,6.592869666666666,7.025437266666667,8.200047866666667
0.8239197704417348,8.163630166666666,8.7663012,10.267127666666669
0.8185878658161464,8.732221666666668,10.345250666666669,10.985472333333334
0.7937293021578246,8.507138166666666,9.4392,9.484415
0.7737933833043765,7.612254533333332,8.610952666666666,9.200693333333334
0.8137178147305134,7.655683499999999,8.516137666666667,8.890107866666666
0.8027532052447558,8.052354366666666,9.215542333333334,10.015526666666666
0.7928847808399585,9.198858666666666,10.103631,11.529363333333334
0.7975332443248365,8.601265333333332,10.731636666666668,10.568980666666668
0.7770671544255804,9.565975666666668,10.743742666666668,10.993461666666668
0.78742516270328,9.055935333333332,10.940536333333332,11.342373666666669
0.8031202233081235,10.206042833333331,11.240634,12.722017
0.8009203491674227,9.878999333333333,11.130711333333332,11.053754666666668
0.78691491442012,10.203991333333333,11.339401,12.875409333333332
0.7752820149886687,10.722821,10.880848,14.178437333333331
0.7907029621717573,10.249200666666669,11.595999999999998,12.898036333333332
0.7730207446038683,9.285836833333333,11.080255666666668,12.237059666666667
0.7822795483959978,9.886648,10.700085166666668,12.68604
0.8184450558783833,10.782518666666666,12.144976666666668,11.977717
0.8302503924950858,10.079123,10.751688666666666,11.478204666666665
0.8433747912119044,9.613577333333334,11.006062666666669,12.202636666666669
0.7839927601153827,9.574671666666667,10.130091333333333,11.226902666666668
0.8196514695132726,8.425540766666666,10.323528333333334,11.033392333333332
0.7844885115905509,8.133250333333335,9.109066,10.021199666666668
0.8194516629047705,6.730277666666666,7.830721,8.655294866666667
0.7796274944553225,6.5850401000000005,7.399809666666666,9.537163
0.8315261249068501,6.4931875,7.989205766666667,9.195795833333332
0.8098079380837961,6.213275433333333,7.467781833333333,8.222206333333334
0.8252802740605922,6.0910012,7.229156666666667,7.739518933333334
0.8315449041234418,6.584878333333333,7.198000233333333,8.002975999999999
0.8395960314858305,4.648220566666667,6.174496066666666,6.449554733333334
0.8477014729778629,4.606935,5.432346,6.679050133333334
0.8188145662396084,5.992606633333334,6.380840733333334,7.964284233333333
0.8285164044156487,6.666701966666667,8.122499,8.442915900000001
0.8141077731716028,7.815951899999999,8.600085666666667,9.683779233333333
0.7806146008478168,8.396357,8.814786666666665,10.553435
0.7826766697131018,8.123478,9.383858333333334,10.380225
0.7702789076851658,7.4598026666666675,9.224823,9.88891
0.7944579890998308,6.8892888,8.535136766666668,9.296314833333334
0.7680025285682156,7.483472,8.730748,9.424322666666669
0.8037191998176171,7.872967333333331,8.725676,10.086381333333334
0.7884039689749259,8.3898588,9.223922333333334,9.426662333333336
0.8048444970776568,7.218639466666667,7.766730466666666,8.897871333333335
0.7862497806507216,7.133937500000001,7.956912766666666,8.426347533333333
0.8015732008562443,6.868999333333334,7.5103973,8.059739566666666
0.7991574014113971,8.099188666666667,8.842089333333332,9.8517191
0.7936473226529756,9.246898666666668,9.044535333333334,10.826664333333332
0.7863695305502666,8.450814233333334,10.054197666666669,11.333010000000002
0.8310148843016066,8.530080666666667,9.069475,11.243727666666668
0.8227849083213356,8.4518039,9.136072,10.73313
0.8093551746777076,8.284220466666666,9.824244,9.785551333333334
0.8124332769403096,8.503764233333333,9.210264666666667,9.850442333333334
0.8329009889331177,8.440996533333335,8.973519,9.230335666666669
0.8141838983305028,8.651415666666667,9.432698166666666,9.382624
0.8250846865638769,8.590005566666667,8.962170666666667,9.494374666666667
0.7894527175504072,8.572932499999999,9.285653666666668,9.322641666666668
0.8012073481492713,8.9295002,9.201692666666666,11.012116999999998
0.8061031995405976,9.013415333333333,10.135349,10.8680695
0.8180324250112593,9.040982333333334,9.240225666666667,10.448934
0.8183417886796311,9.817193,10.579532,10.378245666666666
0.8235925911170976,8.421334133333334,9.375232333333331,10.273303
0.8223882432272362,8.589101933333334,9.033465,10.265125666666668
0.8526853879471848,8.004111233333333,8.2670388,9.478424666666667
0.8182197323066743,7.314986233333333,8.301694333333334,9.540058666666669
0.8092283363054955,6.536518766666667,7.629164866666667,8.4893669
0.8153837644343627,5.705717966666668,6.546794866666667,7.269623133333333
0.8281919842187629,5.354881333333334,6.675239733333332,7.1977903
1.1696214482101477,22.114238333333333,24.54070433333333,23.088958666666667
1.1555155140381366,8.3610322,9.062319333333331,9.166247333333333
1.0413755870935468,8.881696,10.306598333333334,9.525085166666663
1.1097150204904642,6.281577733333333,7.276067833333333,7.357466866666667
0.9873543501531614,7.5603488,8.248656566666668,7.963186433333333
0.9892515773869016,9.354899666666666,10.7819905,9.870855
1.009142992838709,7.531965,8.488631,8.626455
0.9463269760542872,7.948169366666666,8.965559,9.277761333333332
0.8982342854170605,8.460936333333335,9.647584,9.332297
0.8953744155265168,9.026613,10.440521333333333,10.152188
0.8691357878848643,9.6646705,10.668792333333334,10.561543833333332
0.8257659431027999,10.397374999999998,11.264036333333332,11.205598
0.8315985718518201,10.469736,12.250659999999998,11.175421666666663
0.8159928382413592,9.529394666666668,11.013073666666664,10.392973333333334
0.8039428523537732,9.994847,11.399112166666669,10.867025333333332
0.7791260995373092,9.184147,10.570985333333333,9.816311333333331
0.7753549150463392,8.835537,9.356513833333333,9.501813666666669
0.7738077627642969,8.660289333333333,9.697719666666666,9.430300333333332
0.7592475975173715,8.475296,9.026491,8.705931666666666
0.7915592769266547,8.86931,9.326062,10.337097
0.7802622001896259,8.815821333333334,9.564590166666669,9.3563295
0.7657352134178376,8.498601166666667,9.063577833333332,9.40295
0.7840458918091792,9.805971333333334,10.647593,10.740215666666666
0.8066303065842094,9.97998,11.467534333333331,10.659831
0.8058430876126262,9.186370333333334,10.940061666666669,10.845721833333334
0.8091449397080778,9.235179,10.039856333333333,9.751335666666668
0.7731795680487522,8.950600833333333,10.1138485,9.286033666666668
0.7920120232951003,10.016664333333331,11.247539833333336,10.746073833333334
0.8406085642029429,7.919007899999999,8.965735,8.678748666666666
0.79485740764509,9.344310333333334,9.970486333333334,9.313069333333331
0.8225486599800215,7.6459441,8.598426666666667,8.483179333333332
0.8507055453591619,7.689008466666666,8.604155666666665,8.268153666666667
0.798836290729784,8.160476,9.122899,8.9674035
0.7999394760345641,7.849406066666667,8.413639166666668,8.475445
0.8150904128241624,8.123827566666666,8.799813,9.210644333333333
1.11238602933107,11.352656,13.067109,11.622734333333334
1.1313410482460955,8.376078333333332,9.377763333333334,8.546335666666666
1.0639706537378624,7.716266099999999,8.459169333333334,7.791178866666667
0.9615595792313896,7.970537766666666,9.512214666666669,8.752035666666666
0.9498321674419208,5.550949899999999,6.2220691,6.186245666666667
0.8798123214040968,5.229785333333333,5.593537933333334,5.834697433333333
0.8336210256336232,5.597846766666667,6.146644766666667,6.989965000000001
0.8021117131608001,6.338549933333333,6.7460028,7.3517771
0.8226380476656979,6.269909966666667,7.317966000000001,7.172441833333333
0.8149471905641773,6.6384488,7.858065666666666,8.371895233333333
0.7869444771543418,6.9925384,8.110525333333333,8.443763566666666
0.8007690418956587,7.76724,8.318220433333332,8.328464333333335
0.7804855726962617,7.745207,8.489875133333333,8.8139855
0.8176092086811293,8.168942566666667,9.088764666666666,9.729091333333333
0.8180659497564243,8.675285,9.7170195,11.027025833333331
0.7713212043852065,8.4361749,8.979096333333333,10.242604
0.8038960328755126,8.586378866666665,8.995507666666667,9.213370166666666
0.8071109498251682,8.506168333333333,8.959916,10.630983
0.8115923586384058,8.821825833333333,10.3566095,10.485116833333333
0.812810879434188,9.470977166666666,9.521800666666666,11.632760333333332
0.7867763445106295,8.413321333333332,9.498165,10.831925333333333
0.7737986864153718,8.515812666666667,9.798598333333333,10.197614333333334
0.8146530926635066,7.657417433333333,8.6136579,8.688953333333332
0.7972842252185731,8.883969333333333,10.061049,9.454696666666669
0.8041323353293475,8.086847233333332,9.398576333333333,9.716528166666668
0.8009110542441314,7.674455966666668,8.681487333333335,9.019304133333334
0.8077603854600349,7.674826333333333,8.1106342,9.3488245
0.7953181051770706,6.573802833333333,7.241182833333333,8.138913166666667
0.826102107113004,7.0247897,7.518436166666667,8.298397333333334
0.8002126917577397,8.378646999999999,9.660401,10.837941
0.8120980495372235,7.9393588,8.094939166666666,9.847575833333332
0.8447583041593528,6.9274265,7.766805433333334,8.762267666666666
0.8120149688700239,6.342442766666667,7.606167200000001,8.962558566666667
0.8245079851955728,5.297812233333333,6.117654966666667,6.954267633333333
0.7786904469956727,7.6549541,8.9038199,9.783926333333334
0.7906395014123002,5.564292300000001,6.872406166666667,7.518721166666666
0.9117168187687128,6.742151833333334,7.513722133333334,8.935527833333333
0.849330190382951,6.827805166666667,7.465878866666666,7.545357766666666
0.823592601922555,6.818217100000001,7.705026433333333,8.4043592
0.806056788433478,8.567400333333334,9.223969,10.045960333333332
0.7951739200402225,8.366816166666668,8.827821,10.479833333333334
0.8102426047736792,7.624187,8.488265333333333,8.950222233333333
0.7885383884295297,8.182423866666667,9.156455833333334,9.667651333333334
0.7633401322125343,7.099687866666667,8.659290666666669,8.147599666666666
0.7750508114418878,6.873738833333333,8.0078168,8.067316533333333
0.7895415628043096,7.401696066666666,8.565201666666667,8.940428166666669
0.7546459620477052,8.671374333333333,8.913369166666667,8.819782666666667
0.7998688591148112,7.429413233333332,7.857294566666667,7.764279999999999
0.7705145296360771,6.656081233333334,7.2382269,7.800481099999999
0.8145926055631328,7.0782365,7.2624302,8.312531033333334
0.7553579304725132,6.795226799999999,7.434106866666667,8.693995533333334
0.7821364165273471,6.921280833333333,7.680232766666667,9.6842179
0.7491110113859799,8.637027666666667,9.212797,9.809413866666668
0.7599500415898728,6.429630666666667,7.427455999999999,7.972810333333334
0.7864772394108811,8.261008833333333,9.669008333333334,10.835408666666666
0.7587682988472141,7.830255466666667,8.821969000000001,9.064875
0.7594151454868361,8.246012666666667,9.642777333333331,10.807066
0.734415817562403,8.605787900000001,9.803797166666667,10.230182666666666
0.7975352276866481,8.336468666666667,9.5247615,9.389193
0.7622693726964584,10.456012833333332,11.506583333333332,11.130472166666666
0.770402859747894,8.093623000000001,9.202906,9.648114333333334
0.800128740296932,6.956109766666667,7.498593666666667,8.426508166666666
0.7786720098753707,7.812984066666666,9.050185,9.611653833333332
0.7949080037290986,8.632967666666666,9.564707,10.517397166666669
0.7815608896682282,7.618263733333333,9.050165,8.877525666666667
0.7718319947359659,7.0264281,8.188461666666667,7.987680500000001
0.7936617296658524,7.867060899999999,8.640253666666666,8.961228333333334
0.7626276469340184,7.921439466666666,9.1933125,9.894275
0.8301437982518195,7.574137366666666,8.900054,9.627770633333332
1.1500334189177348,12.360956,14.526056333333337,13.124277666666666
1.1046857987417875,6.5773866000000005,7.410856266666666,7.217359433333333
0.974304387458223,6.659310866666666,7.370459066666666,8.231829
0.9018364042677496,5.9187925,6.533218566666666,7.311922233333334
0.8984750347842573,4.9787838,5.9897283,5.879199333333333
0.8549000381753409,5.3409618,5.923594833333333,5.8197422
0.8030479378822603,5.328967333333334,6.882213433333333,6.345291733333333
0.785845186022649,5.848273466666666,6.736011166666667,6.703486533333333
0.7823269239056684,6.1948921666666665,6.797949333333334,7.34011
0.8107853482132281,6.3193488,7.158454333333334,7.214549366666667
0.8078645949001384,5.6976309,6.634752733333333,6.709509100000001
0.8104164603622587,6.6699893,7.887153666666667,8.719436333333332
0.8068220761143156,7.128094333333333,8.914584666666668,8.432295000000002
0.8566259446323125,7.8931435,9.491561,9.808804666666664
0.7945186207574126,8.576670533333333,9.820535666666666,9.857151166666668
0.8285886488670645,8.2161442,9.723916333333332,10.3915795
0.7983896023455705,8.2894801,9.698198,11.113674333333334
0.814688066441947,8.675357233333335,10.080595666666666,11.190454166666669
0.8102515995996132,9.68593,10.3192795,11.896424833333334
0.8119614658662581,9.714066,11.266077333333332,12.891062666666668
0.8092254008890173,9.725403,11.088471,11.783602333333334
0.8257670229020434,10.920551333333334,11.931710666666667,12.322851333333332
0.8274365282930578,10.011935,12.068194,13.246641666666669
0.8270266868929044,9.150880233333334,10.78766,12.203568
0.7942846267994824,10.132566333333331,10.372372,11.945799833333332
0.8164332091505379,10.880721666666668,11.9821095,12.907726333333336
0.7897639011028228,10.391590333333331,11.558762,12.219657333333336
0.7796609810540706,9.820629666666669,11.297596333333331,11.221332
0.8109433941878622,8.567549333333334,9.3085505,10.4529815
0.7901453346835959,8.368047333333331,8.957932999999999,9.548528
0.7858849440057432,7.943771333333333,8.8723605,9.179845166666668
0.7820403849747914,7.960575400000001,8.9513275,9.859559766666663
0.7934234199914515,8.525039666666666,9.316521666666668,9.887275
0.8120005537048103,8.372608933333334,8.934979333333333,10.044223333333331
0.8184408464970915,7.3283722,7.8600181,8.708587233333335
0.8131550926941838,6.495623433333333,7.209488566666667,7.787614666666666
0.8032218257657355,7.322251433333332,7.867860666666666,8.001290866666666
0.8169631300703882,5.821833033333333,6.602557133333334,7.652740133333334
0.7990645968409565,5.663757466666667,6.4765452,7.363457333333334
0.8332272967952369,4.074789833333333,5.0356426,6.2321529333333325
0.8305458645241376,5.0229505,5.427199733333334,6.0772371666666665
1.274806758369454,24.595643,29.65788,24.07410733333333
1.1372232373416855,13.106850666666666,14.343931333333336,15.540233
1.229153865608547,8.772550666666667,9.553741,8.815407666666665
1.153676889684094,8.782304000000002,9.994004333333333,10.184005
1.110174278927029,9.551816333333331,11.018775999999995,10.289974
1.1194362089283654,9.176530333333334,10.149061,9.274365
1.0150518618619169,11.337351,12.531092666666666,11.797961666666666
0.96913795053666,9.9699215,11.56356,10.958021666666667
0.9008832991019764,8.896192333333333,10.643981333333334,10.116878333333334
0.942523436633242,8.918122333333335,9.713822,9.98171
0.8564142769999945,6.839950399999999,7.426583533333333,7.334462266666667
0.8088051665371108,4.286024500000001,5.071915066666667,5.311261633333333
0.9279489895851244,2.899671966666667,3.3311463,5.2547399
0.7793216594345909,3.656650033333333,3.9495237,5.894521733333334
0.7958792813228485,3.4806379,3.9276968,6.349232233333335
0.7544003144517916,3.8064161666666663,4.300320166666666,5.9967755333333335
0.793196711287627,3.8717381,4.595812966666666,6.298084733333333
0.7617006853760208,3.386676666666667,3.6695265,5.3609579
0.8036581733725597,3.5770069,3.786497966666667,5.530998633333333
0.7164072762970587,3.804091133333333,4.313788,5.8588884666666665
0.786650351666626,5.247307633333334,5.6658422,5.9888521
0.7899975741943202,10.3621505,11.528149,10.869163666666667
0.7768880552993691,9.724763,10.873322666666668,10.636171499999998
0.8931920205276956,7.360890233333333,8.492320333333334,8.151799166666667
0.8038662514645459,9.424096666666664,9.863789666666667,10.154001
0.8693861339391183,7.690263566666666,8.340458,8.6292871
0.8571154502579187,7.288263033333334,8.047937966666666,7.750880566666666
0.8151631238623024,7.089078933333333,7.8991331,8.217473
0.8560598082805054,8.385008333333333,8.926241333333332,8.769549499999998
0.7842005705948809,10.140375333333331,11.56152,11.415563
0.936472685655518,3.5916425333333333,4.066352766666667,5.1543641
0.8160188941672789,4.582951,5.091200266666666,5.8688532
0.7997530302474312,4.5337814666666665,5.039829233333333,6.512841266666666
0.7779403542170454,5.198839833333333,5.511839300000001,6.900128766666666
0.7616372790677369,6.021365133333333,6.814689933333334,8.3884445
0.7852679810968425,6.1947988,7.2472415,8.296127
0.7893158948281208,6.304789066666667,7.081242333333333,8.561847866666666
0.7915347250288763,5.111177733333332,6.327253533333333,7.279884233333334
0.7847078396152257,5.1932491,6.067912799999999,6.702738
0.7951936565199639,4.657027666666667,6.092716,6.178158766666667
0.7999813757736951,5.664119,6.5688261,7.737679799999999
0.7870120346733519,6.507339966666667,7.098120333333334,7.876909666666666
0.8070119241341662,5.9777973,8.052361766666666,8.771464633333332
0.8011316304151263,6.576867633333333,7.980031,8.431863566666665
0.802095096226855,6.1938197,7.889002766666667,8.6768495
0.7820862934769667,6.854976466666666,7.991688666666666,8.255906466666666
0.8050286995245405,6.1179081,7.4722663,8.149141966666667
0.8182682820406352,5.974174566666666,7.493650133333332,8.011203666666667
0.7953081036615801,6.257572233333334,6.882722333333334,7.4425624
0.7902733414772066,5.554978833333333,6.906045466666666,7.625845766666667
0.8413270032322829,6.6621181,7.4037579,7.585762466666668
0.8163300317019248,6.165456,7.170124566666666,8.104311666666666
0.8506688063428373,6.959816766666667,8.202095833333333,9.171164966666668
0.8352728514174164,6.9824438,8.348181933333333,8.690815666666667
0.8429603988309129,7.616068200000001,8.500813333333333,9.217787766666666
0.7987362471159113,7.650825666666667,8.7131165,10.008687333333334
0.8134713173437079,7.365327333333333,8.375320499999999,9.557706866666669
0.8609050983973289,6.368457066666667,7.3966201,7.758166133333333
0.829217424082699,5.622043666666666,7.038521466666666,6.989597866666666
0.8446699048454113,5.2345706000000005,7.350780433333334,6.788548666666666
0.8327276512081935,5.8010288,6.762951766666667,7.302887666666666
0.851918017021224,4.943838366666666,6.267835333333333,6.570234766666666
0.8550467679782173,4.875122433333333,6.198136333333333,7.426631833333334
0.8365617487614081,4.4793281333333335,6.105787633333333,6.247260100000001
0.8266020031547633,4.4519129,5.738741733333334,6.734061866666667
0.8352194677205276,4.0827874,5.4938078333333324,6.593603833333333
0.8315803997157211,4.508198266666667,5.4902021,6.084681666666666
0.8136932864907042,4.6876715,6.691921499999999,7.182151866666668
0.9016218060558736,4.213761466666667,4.9159896,5.714682866666666
0.8180390348745,4.756199466666666,5.865973666666666,6.734945333333333
0.7673853117868141,5.0449593,5.916165599999999,7.459389033333333
0.7987595623721052,5.333043466666666,6.713039566666667,8.848709000000001
0.8077567503400269,5.957598,7.1391426,8.192122
0.795047783961031,6.2223568,7.0520128,7.656285166666668
0.7736502359861319,6.512550333333333,7.7220532,7.8962712
0.8444748743180481,6.288077666666666,7.729255933333333,9.008732866666668
0.832861962515003,7.075847766666667,7.801563866666666,9.347795166666666
0.7740904830678003,6.9062785,7.579369333333332,9.054594333333332
0.7822440758691198,6.742030199999999,7.530908433333333,8.908323666666668
0.790666414496232,6.2422841,7.405428700000001,8.724767
0.7934332291679856,7.285247533333333,8.145173766666666,9.603001333333332
0.8268309236694186,7.417030333333333,9.118360666666666,9.772948666666666
0.7756042227808614,7.1914720333333335,8.3293418,9.155160666666667
0.7794857295961668,7.095961766666666,8.263001266666668,10.234858
0.8071094201204554,7.8364601,8.852281,10.289984666666667
0.8095297864515212,7.652729833333333,9.246126,11.013701
0.7986066672167907,8.432735133333333,9.774842333333334,10.021311666666666
0.800985401591677,8.684204566666667,9.699288833333334,10.282624666666669
0.8029515537724387,8.63351,9.840652666666664,11.778253666666666
0.8089190513743381,8.770604,10.817639333333334,11.530168333333334
0.8135291898218756,8.971592,10.016554666666666,10.471438833333334
0.8434467615940076,8.168566233333333,9.858985333333337,10.780064333333334
0.7947296456897007,7.9463191,9.060261333333331,10.576187666666668
0.8383031766312086,7.009220233333334,7.8818817,8.709547500000001
0.8204998098893528,7.510281833333334,8.332897133333335,9.882102666666666
0.8308507214010131,7.141947666666667,7.904047533333333,9.5068215
0.8551548202478808,7.215758333333333,8.592722,9.640864666666667
0.8151077268133659,6.840298833333333,8.598272,9.293187166666668
0.815283886687599,6.5362016333333335,8.534028000000001,8.9655781
0.8236372477531327,7.666052633333334,8.120210033333334,10.082203166666666
0.8311778454527335,6.1842201333333335,7.5537321,9.367553666666668
0.8705349704617847,6.433790699999999,7.229190333333332,8.448873233333334
0.8392559061569528,5.688089233333334,7.095269733333335,7.7509208
1.2529038127866907,29.67516733333333,32.025021333333335,28.16458133333333
1.1203030508430734,11.798889,13.637352,11.952868333333331
1.2520885767148016,4.6611516,5.156227766666667,5.268263333333333
1.1537300975923723,5.034297433333333,5.5757118000000006,6.347344199999999
0.979060754378502,5.069273466666666,5.646804899999999,5.768453133333334
0.8254486750312408,5.270972566666667,5.911302533333333,6.284519633333333
0.8446187828843339,4.939707866666667,5.581707333333334,6.1145564666666665
0.8655938954596619,4.462457,5.351316999999999,6.220465
0.8262176603277435,5.544354600000001,6.414754233333333,6.860331633333334
0.7576004811525662,6.745210766666666,7.3704118,8.253437166666666
0.7468299583259156,6.987139666666667,8.256560333333335,8.3760365
0.7660870390231583,7.117516433333333,7.955539566666666,8.595146666666666
0.7578244493175009,7.4552886,8.339936333333332,8.865162666666668
0.7789589536479582,7.500294933333333,9.030927,9.235024566666668
0.7814657579906638,7.951128333333333,9.563716833333332,9.200277466666666
0.787553015622834,6.955223566666668,8.202081433333333,9.289828233333331
0.7598361362457794,6.213221666666667,7.600337766666666,7.818891433333334
0.769098536351155,8.4018488,8.534089333333334,9.684776
0.7475627099883791,6.8871015,7.6298141,8.236029199999999
0.7610733517858778,7.348641099999999,7.6563574,9.290466666666664
0.7622295847627406,7.707888,8.581187666666667,9.570727166666666
0.7430566241517976,7.771608166666667,8.411810666666666,9.522308666666667
0.7729080623395376,8.929082,10.682335666666669,10.438771333333332
0.7728738175534278,8.862595,9.694528666666669,10.766413
0.7353984115010709,7.870801266666668,8.438295666666667,9.587790333333333
0.7430133233441515,6.9980702,8.104376566666668,8.562724533333332
0.7679009449842784,7.691344333333333,8.411775333333333,9.427095
0.7543929502986874,9.838537666666667,10.624772,11.054145666666663
0.7873369204768276,9.769573666666666,10.429678,11.33869
0.792853252707823,8.452558,8.8896745,9.772270666666666
0.7755457732985956,6.487857333333333,7.184534833333333,8.125691133333333
0.7759596424710145,5.511291566666666,6.213786466666666,6.2398848
0.7683012905818997,5.841129,6.0190868,6.875926
0.7852607090467193,5.738678966666666,6.395294500000001,6.992777666666666
0.8322159774009631,4.331624033333333,4.825455833333334,6.019153266666667
1.1375754051458202,9.060869,10.18417,9.198414333333334
0.9248667863840098,6.204381000000001,6.829493433333333,6.988502533333333
0.9629887584240427,6.085010566666667,6.8276678,7.721744333333333
0.8861674587154701,4.710153900000001,5.349686966666667,6.636957766666666
0.8823203500346114,5.255105833333333,6.0459129,6.265511466666666
0.8057709943323469,7.683782133333334,8.330944233333332,8.4815128
0.8097422321902306,7.810238099999999,8.714460333333335,8.937152
0.8161252263193814,8.688709,9.511983,9.759288
0.8037124186935031,8.569543333333334,9.6825235,9.5798462
0.7912079979113784,8.41904,8.896137000000001,9.98906
0.7945243854226568,8.6708521,9.233319333333332,9.512492
0.7761558444620015,8.584712666666666,9.502358,10.259506
0.7763064318562473,9.010990333333334,9.584098333333332,9.563768
0.8009039814785922,8.836141,10.290696666666667,10.176613333333334
0.7767115292769557,8.0396731,9.131201666666668,9.3285912
0.7676195372971973,7.474502833333333,8.556639166666669,9.089198
0.7885337469843209,9.125261666666669,10.907949333333333,11.615876
0.7827172554751797,9.267382,10.964393,11.343927833333334
0.7864323441992306,9.332695333333334,10.847478,10.544555333333337
0.805145826569874,8.746266,9.690155333333331,10.843962333333332
0.7678661260139957,9.80472,10.890158,10.879516166666669
0.7805589331104695,8.953881,10.181743,10.544809666666666
0.7730067980869347,9.478514000000002,10.615802333333331,10.568916333333332
0.7797040226353928,9.219112666666668,10.853564666666664,11.356262
0.8115462471861976,9.754049166666666,11.298214333333334,11.063606333333333
0.792959303696362,9.879007666666666,10.717369333333332,12.051442
0.764330090534405,10.943683666666669,12.019413333333333,12.097666333333333
0.7946022331589346,11.252495333333334,11.79324,13.658231833333332
0.7905486817369329,10.8477375,11.656043666666667,11.974436
0.7602589004676261,10.476591,10.845779333333333,12.227391
0.7797483925673422,9.984619666666667,10.858185666666666,11.852364666666666
0.7965518100002376,7.815093,8.310739,8.118768666666666
0.7913722959409571,7.356603,7.720857633333334,7.850394433333332
0.7947931702203448,7.259786533333333,8.2203161,8.261969
0.842686354066576,8.520923666666667,9.116422,9.429907
0.8146111470677372,6.5275427666666666,7.440359466666667,7.608879266666666
0.8297443343508674,7.502941166666667,8.311868666666667,8.864872833333335
0.7924988871347246,7.470532000000001,8.330468999999999,9.006137333333333
0.7948687096945352,6.8925121,7.039911666666666,7.511724166666667
0.79457579022512,7.188995033333334,7.994498,9.290111666666666
0.785304678261519,8.778809333333333,9.468758666666666,10.774985666666666
0.7973831617448127,8.035960066666666,9.475502333333331,9.9718559
0.7742011650071596,6.326682433333333,7.147850099999999,7.786513666666667
0.7752392628055943,5.715218666666666,6.441800566666667,7.327132
0.7943935112722958,7.538294,8.0575068,8.736778333333332
1.113779037351206,23.53978,26.783349333333334,24.50514366666667
1.086732760568678,6.768304166666667,7.264803999999999,7.1148815
1.0118889335132737,6.6499361666666665,7.287933666666667,7.438450899999999
0.9938980206281096,6.331682,7.282412666666666,6.952886800000001
1.002446569927138,8.126592433333334,8.863537,8.730042
0.985474098079235,7.368986,7.958668733333333,9.0455251
0.8995572261026111,7.277521766666667,8.187205333333333,8.567490666666666
0.9000851835178795,7.008927233333334,7.9830171,7.694304166666666
0.8772218235821914,8.784046333333334,9.763760333333334,9.264432166666666
0.8078209312952808,8.551598666666665,10.301485333333334,9.870061666666668
0.8081938722305316,9.299395666666667,10.741545333333333,10.013599333333334
0.8119105126796361,10.227187333333331,11.630021666666666,10.983840333333331
0.8071460693829854,10.366276666666666,11.903407166666668,11.750782333333332
0.784962064919562,10.277280333333334,12.0041505,11.011449
0.795796443148253,10.111498666666668,11.471683333333331,11.645584
0.777130160428167,10.7931505,12.10739833333333,12.009232
0.783345905947117,9.331164666666666,10.382921833333334,10.491568666666668
0.7675004921735171,9.338768666666668,10.205163666666666,10.358680333333334
0.8257477429341845,8.9749541,10.703888999999998,10.490503
0.7995012898864743,9.222319666666667,10.492478333333333,10.208316333333334
0.7789467631782557,8.371683833333334,9.58878,9.935479
0.7881198985001272,7.493182333333333,8.144770333333334,8.514838066666668
0.8097160604802519,6.5966829,7.212866333333333,8.019534666666667
0.8247263853141665,6.422846666666668,7.0448254666666665,7.452430933333333
0.8251315742215345,6.244858099999999,7.122304866666667,7.403594099999999
0.7945591634188048,6.225478266666666,7.0140777666666665,7.354227333333333
0.8137575153108961,5.811518333333333,6.749274266666666,7.150139866666667
0.8115820928400588,8.556683333333334,9.311066666666669,9.456745666666665
0.8040284202471731,9.874131833333337,10.648452833333334,10.669224
0.7708256084165709,8.638249,10.026406333333332,9.970051666666668
0.7836587909857918,7.999872333333333,8.796951333333332,9.273588766666666
0.7802313632967328,6.772785666666667,7.218633333333333,7.946055033333334
0.7760856590934994,6.249651433333334,7.226193433333333,7.129999466666667
0.8238841390578685,6.4904372,7.376792866666666,7.627001799999999
0.7951127295243147,5.243404333333333,6.033445166666667,6.690610533333333
0.7858530622111638,5.1892045,5.786737433333333,6.670112366666667
0.8191975325131405,5.029741933333334,5.859240833333334,6.175876633333334
0.9774377719442736,3.9057486666666654,4.932041766666667,5.969320533333334
0.921603353878982,5.494492,5.8473693,7.439830666666666
0.9031973372582444,6.8937684333333324,7.597682466666666,8.7460182
0.8537960498696661,7.386951833333332,8.229437,9.12373
0.9036643571160102,5.005409733333333,5.793972,6.5356506
0.865154072646372,5.3312151666666665,5.951114133333334,6.117065766666666
0.8410405346141672,5.421082800000001,5.932814366666666,5.948068966666667
0.8068095272479501,4.692574166666667,5.296898433333333,5.733105166666667
0.8173149717792217,5.5488119000000005,6.605929666666667,7.054089
0.8046834324952595,8.140564066666668,9.571224333333332,9.6988635
0.8171216179804408,7.577438000000001,8.559874833333334,8.622557333333333
0.7810393417018968,7.5443738,8.362601,8.3827989
0.7662843455264983,7.158729166666667,7.4684186,8.587199533333333
0.7563482942245973,7.486748866666666,7.980857,8.271406333333333
0.7676090942940929,6.291079166666667,7.246803333333332,7.671574466666667
0.7635253804520632,6.648056,7.283938399999999,7.5896111
0.7641240969976485,8.757811,9.812995,9.434820833333331
0.7678859780600975,7.0726315,8.154794,8.488110666666666
0.8048754200069244,8.272637233333333,8.922866666666666,8.905095666666668
0.7780799988852265,7.619675433333334,8.574204,8.205198000000001
0.7708628645375267,7.098991666666667,7.852135499999999,7.979309033333333
0.7571531425990661,7.4531009,7.9878033666666655,8.812793866666667
0.7534079023477579,8.306154533333334,9.073619333333331,8.709683
0.7780584786655274,8.546719666666666,9.51721,9.595673
0.7847933003723409,10.221788666666669,11.039517666666669,10.879568333333332
0.7787881241615272,8.108246833333334,8.428644,10.738343666666664
0.8237960032509112,10.733028,11.218497,11.188492166666665
0.8208137330727588,5.513437799999999,5.709263666666668,8.210817233333332
0.814137863653993,8.814711333333333,9.233158333333334,11.129914666666666
0.826137006554887,9.807473333333332,10.886883333333335,10.992795999999998
0.8173524862182511,9.106461666666666,10.609846,10.575074833333334
0.8700116384504204,11.481204,12.156554,12.452434333333334
0.7726737800898915,8.519618466666666,9.500273666666669,11.224845
1.1997424747183565,28.585590666666672,33.42195666666667,28.77151866666667
1.110521993329319,17.891491666666667,21.98462566666667,18.748318333333334
1.089808176022422,15.553487666666667,18.94462533333333,17.125988333333332
1.0992847079463468,12.659222333333332,14.35033,13.842790666666668
1.132189596133934,11.276216,12.781662,12.257840333333334
1.0631500920863688,13.131199666666667,14.806974666666669,14.245463666666666
0.9963250000755298,13.091447666666667,14.3446465,13.422826
0.9555316309224504,12.258075666666665,13.922813666666668,12.757579
0.8632243755807224,9.075055333333331,10.123097666666666,9.648229333333337
0.8328896269104908,9.219980333333334,10.238257333333332,9.840471333333332
0.8536870469399439,10.056759333333334,10.527274,10.142942333333332
0.8380945942058426,10.013787333333331,11.365695,10.754257166666669
0.8045023217230831,10.012659333333334,11.352854,10.9384505
0.8183848833421704,10.226983666666667,11.979753333333337,10.975590333333336
0.8054493077400697,10.81115,12.010673666666667,11.778352
0.7728251381958208,9.673279,10.922101500000002,10.539141333333337
0.7882077647028832,9.396225333333334,10.592659333333332,10.412341666666666
0.8066581094998156,8.860533166666666,10.412957333333331,10.006528
0.8239904791264491,9.301433833333334,10.344869666666666,10.254924666666668
0.9001517525726671,6.496596233333334,7.031291233333334,8.074825166666669
0.8521282865348813,6.954986333333333,7.390803533333333,8.7937189
0.8824304588306897,6.077688566666667,6.5583541,7.686346
0.8904617438661578,5.808403366666667,6.517364499999999,7.725805566666668
0.7847323129443883,9.084957,10.217578833333334,9.781115333333332
0.8067045968192046,10.047910333333334,11.185480833333337,10.242929666666669
0.7951401988055062,9.154636666666669,10.9010275,10.6485415
0.8048017676730842,9.678631,10.959503,10.274340333333331
0.7829854026287748,8.953107000000001,9.654654,9.378653
0.7907893367003762,9.058652666666667,10.443004666666669,10.176961333333333
0.8223328697929694,8.289742666666667,9.252427666666668,8.844033666666666
1.3247778878819068,4.469611966666666,4.985575766666666,5.1335042
0.9139603534150004,2.8850249333333338,3.4281012000000004,4.958278433333333
0.8584770586656777,3.4945912666666668,4.340161,4.698284866666667
0.8376452876913736,4.352883033333334,5.510534533333334,6.2529412
0.8428008410532293,5.460734566666666,5.881412933333333,7.000541433333333
0.838688673935463,6.065242433333334,6.721262100000001,7.949506433333333
0.8066050931405669,6.442693899999999,6.792654933333334,8.029644333333334
0.7928198626773476,6.546428633333334,7.3166753,8.496761166666666
0.8064950504344508,6.1097605,6.6676045,7.535096666666667
0.8067535777006997,6.600365466666666,7.829915499999999,9.133637766666666
0.7957976926288085,6.7332656,7.351730666666666,8.479766833333334
0.8161955587801222,6.946510666666668,7.360813666666666,8.231653533333334
0.7582018031269998,7.055117666666667,7.731826166666667,8.953051666666667
0.7954982143983944,7.560926000000001,8.593291233333334,9.373627066666666
0.7745390635601764,8.479379666666667,9.300517333333334,10.091303
0.7809036739127025,8.137003066666667,9.416695666666667,10.279821666666669
0.8068479421758493,7.692515733333334,9.329067,10.3178649
0.7930738452252677,6.338563666666666,7.679375333333334,8.335702666666668
0.7880331231714465,5.446613266666667,7.531930466666666,7.4420565
0.7787382012762335,5.3148393333333335,6.669050266666666,6.631596099999999
0.789553120310071,4.9254568,5.899873066666667,6.060045666666667
0.8041475824667881,5.005958333333333,6.358417333333333,6.565005933333333
0.8313243174660191,4.933025633333333,5.5460641,6.052885566666667
0.8606920242752897,5.5761995,6.453986,6.480432
0.830703710951536,6.4393988,6.858410233333333,7.220211999999999
0.7944118367844663,6.5623945,7.378314033333333,7.806980033333333
0.8001461223513582,7.537712666666667,8.848028666666666,9.76084
0.8397976418918708,7.446654666666667,8.311040333333333,9.359628333333331
0.8088383425183583,6.352517033333334,7.339603333333333,7.9132931
0.8293688572468277,5.642118666666666,6.2184141,6.995349566666667
0.8388193010943938,4.726466100000001,6.098612800000001,6.421075500000001
0.8319619539449962,4.664261799999999,5.782947966666666,6.848425466666666
0.8056838309045151,4.791884666666667,5.411864866666666,5.708670966666666
0.845891130710695,4.550255933333333,5.566794566666666,5.939780066666667
0.8278688001840607,4.667744766666667,6.616896766666667,6.2041534
0.8153583296464445,4.612863999999999,5.652421666666666,6.950934466666666
0.8380326162397048,4.892851033333334,6.311764,6.0395678
1.2944766162290324,5.3537836,5.486929000000001,5.674756066666667
1.0176924528677405,4.068525500000001,4.8856025333333335,5.354974033333334
0.9588799746240534,4.490906633333333,5.125198,5.578849466666667
0.9679695205283328,4.334309966666666,4.748883500000001,5.2765184666666665
0.9067886649672058,4.8757391000000005,5.372319233333333,5.913307966666667
0.8143659299020385,6.6268781,7.673419433333334,8.194510233333332
0.7930821089171568,7.882270166666667,8.218687333333333,9.085057
0.7864077709020876,7.628247933333333,8.681244333333332,9.696137833333331
0.81980304080886,8.07512,8.674380233333334,9.438478333333334
0.8102557627746118,7.2896085,8.637928166666667,9.624797666666668
0.8013963444466398,7.323511766666666,8.231939333333333,9.120490666666669
0.7922088761413869,8.0388312,9.096943,9.152797666666666
0.7904547612878067,8.331053333333333,9.500435333333334,10.945766
0.8206071580392423,8.743524333333333,9.946209333333334,10.912239
0.7824134160291306,9.201716666666668,11.163802333333336,11.100253333333333
0.7665347926132854,8.999175000000001,10.209283,11.427167333333337
0.7666727190192928,9.402928333333334,10.398188666666668,11.783132333333333
0.7436614987735884,9.48427,10.205842333333337,11.943753833333332
0.7781525732964178,9.365207333333332,10.835376666666669,11.796183999999998
0.7740153588052753,8.789155833333332,10.4498245,10.467815333333334
0.786897405831179,8.064999,9.429538,10.397078
0.775789653926482,9.271994,10.026652166666668,10.595619166666664
0.7728839037174936,7.895251333333333,8.868997,9.750404666666668
0.7978684463477222,8.520622333333334,8.698449333333334,9.601100333333331
0.8047983593149932,7.944492533333334,8.982143500000001,9.307661666666666
0.7853847822977817,8.045306566666667,8.340223466666666,9.959337666666668
0.8006081352106262,7.892926533333333,8.809695,10.128451
0.7896618765586605,7.9189136666666675,8.742908666666667,9.203506266666666
0.779785206519784,7.421062999999999,8.2729139,9.3017361
0.7962407362183707,7.144943333333334,8.476895333333333,8.7609002
0.8057471664348345,6.6768578000000005,7.160160666666666,9.006061333333333
0.8039294456874254,6.418159733333333,6.752592533333332,7.875910666666667
0.8030514786019934,6.6266614,7.2511921,8.205818
1.2892618508756917,27.661527,31.63322433333333,27.89025433333333
1.106849774643026,18.71217233333333,21.257766666666665,19.739636
0.9994759682109337,7.5647034,8.2636077,8.0898019
0.9250086464478636,6.366520033333334,6.948240666666666,6.948020933333333
0.9130522334058178,6.412048766666668,6.717365433333334,7.361277266666666
0.8827830640077193,8.094256466666666,8.741683666666667,8.636200666666667
0.8705381460700655,7.753049100000001,8.496701666666667,8.459853333333333
0.8896229292362027,6.203872966666666,6.642306833333333,7.0337752333333325
0.8717699524711979,6.664887,6.802217566666667,6.7515640333333335
0.8489146639563244,5.5959338,6.189184166666667,7.1220791000000006
0.8092199317944376,5.5023024000000005,6.2015623333333325,6.457492666666667
0.7956376401367473,5.480623166666668,6.5534683,6.610902666666667
0.7748248146979173,5.631428166666666,6.4780215666666665,6.749842
0.8135871519438213,5.711492666666667,6.232673299999999,7.1523298
0.8003797227494749,6.216117533333333,6.6808882333333335,6.6933557666666665
0.7775281466880583,6.076053566666666,7.3353033,6.784360866666667
0.7822401391862256,6.3919819,7.028774133333333,7.448064966666667
0.7632122752581595,6.612840833333333,7.090516133333334,7.753046866666666
0.8032663852778774,6.805068533333333,7.559037366666666,8.458415933333333
0.7645811446451806,7.088463766666666,8.212108333333333,9.292546666666668
0.7506381720530212,6.817145666666668,7.3960559,8.350090666666667
0.7949295762637248,6.957288933333333,7.822992233333333,7.993207000000001
0.8026833769552777,6.8760854,8.094626666666667,8.417902
0.7591273085824749,6.980978366666666,8.1072986,8.6935869
0.8267994473420893,5.602950966666666,6.263999433333335,6.993650133333333
0.7823160851210194,8.054989533333334,9.212265,9.612759466666668
0.7760369123041228,8.492168666666666,9.431341,10.090376
0.7889392528414332,7.809251866666666,8.9480158,9.305778433333334
0.8144157272722214,9.863725166666669,10.113274,11.350141833333334
0.7816941812763245,8.712992400000001,9.518529666666666,9.6103815
0.8106174706842358,7.087777266666667,8.000880666666667,8.084839666666666
0.8190477867193984,8.906144,9.774779333333331,9.967997666666667
0.8113486174146356,8.817708333333334,10.212064666666668,10.947774666666666
0.7834632974852077,7.9113359,9.360283333333332,9.168962
0.8235081758217708,6.8168853,7.3525581666666655,8.223528
0.834282258283556,6.445268933333334,7.367549233333333,7.7504158
0.8287218761491536,4.755118866666667,5.462274399999999,6.081623433333333
0.8392081265537286,5.376926566666666,6.072340799999999,7.3758942
0.8800487360725263,5.529286266666666,6.120021033333334,6.757429133333335
0.8559527493432483,6.422038266666667,6.7056493,7.446333333333333
0.8958420153018434,4.922903766666667,5.805627766666667,7.023765466666666
0.865751818859844,5.411759133333334,6.280985833333333,6.789767166666667
0.8674938611731399,6.287794099999999,6.714628533333333,7.719564466666667
0.8086505844136139,6.960504,7.057611033333333,8.258537533333334
0.7649462902084787,6.639912,7.295978733333333,8.2682245
0.7847179378218639,6.8685195000000006,7.866667333333333,8.340030766666667
0.7921600081518744,6.959393566666667,7.501645499999999,9.563332333333332
0.7682252228390004,6.433062666666667,6.8660565,7.540127533333333
0.8037928825047124,6.290695433333333,7.439979999999999,7.1347348
0.7991517425812384,6.554315166666666,7.659817566666667,8.1816996
0.8012201649518875,7.067894466666666,7.569578799999999,8.865089333333334
0.780921327357554,6.035402,7.540261066666666,7.850716133333333
0.8019250330168886,6.151301766666666,7.256611200000001,7.485109233333333
0.8047596380351196,6.166169333333333,7.462504266666666,7.091884666666666
0.7882135943267117,6.3932914,7.296034266666666,7.464966466666667
0.8056478074222104,5.901229666666667,7.5962881666666675,8.632919800000002
0.8076636345723872,6.304379666666667,7.526434766666667,7.842287466666668
0.7918166600093329,6.553505866666666,7.4099382,8.0663879
0.8030461217536068,7.283742866666667,8.032219066666666,8.7819991
0.8124931713689109,7.191733266666667,8.301316900000002,9.322293466666666
0.7907339589634521,7.598423999999999,8.807395,10.514381166666666
0.812408921134864,8.205501866666667,9.835037833333333,9.890801833333333
0.808231394554912,9.310088666666667,10.317926333333332,13.036832
0.798849196821184,9.673816666666667,10.144445666666668,11.952739
0.8023071481576264,8.776086666666666,9.137185666666666,11.870693333333334
0.7994654414976733,8.608952,9.880369,10.477513
0.8290019196979861,7.997935766666667,9.634744333333332,10.398179333333331
0.8502543607192409,8.1017308,9.078119333333332,10.322911333333332
0.8079824976414182,7.102247733333333,8.593830866666666,9.221508666666669
1.2134880329791844,25.150589333333333,29.050530666666663,26.78537233333333
1.1228911616869377,12.909788666666666,14.349655333333333,14.290128333333334
1.2027623793287798,10.129870333333336,10.968279,11.101406166666669
1.2426134614362807,9.416880666666666,10.083508333333333,10.487765
1.2191494766035669,9.191198833333331,9.979400666666669,10.014028
1.233002690776113,9.106659,10.203126333333335,9.653923999999998
1.1994274851147375,7.485162466666666,8.235656666666666,8.349651433333333
0.98606397126763,6.999304966666666,7.721736333333332,8.8411257
0.8562897507176269,7.260626166666667,7.806342666666667,7.985553166666667
0.8346830426078871,9.013956333333333,10.084653333333334,9.24346
0.8928601226022742,7.6055648666666675,8.379839666666667,8.071020666666668
0.8403938755969435,9.317909666666669,10.1346205,9.867548666666666
0.8680581529954369,8.480462833333334,9.401314666666666,9.396837333333332
0.7845330924319166,6.996182866666667,7.475421266666667,8.060579666666667
0.8750874912760143,4.516863766666667,4.8666708000000005,6.006274666666667
0.7633634836474573,7.857001766666666,8.807867866666667,8.396979333333332
0.780168435932791,6.441959033333333,7.636781533333333,7.7861781
0.7695562352709002,7.4865508,8.011452866666668,8.6206691
0.8035298178061631,8.555652666666667,9.231294333333333,9.449548
0.8344647068739376,7.293362233333333,7.996531133333334,8.78103
0.7952123836101365,7.756257366666666,8.921778999999999,8.525853
0.8174466731178671,6.236930633333333,7.056523366666667,6.9165065
0.7821881195601762,7.440866666666667,8.498499,8.930995466666666
0.8004017919926714,6.4267004000000005,6.9180986,9.277603033333332
0.8031464660671549,11.598588666666666,13.293008666666664,11.946055333333334
0.8255188757105038,10.343215666666667,11.009016666666668,11.312436333333332
0.8203918644531969,9.031125333333334,10.221957000000002,10.126595333333333
0.8405671544921388,10.585446666666668,11.148228,11.303813
0.8329379446432142,8.578078166666666,9.250494333333334,9.517444
0.8363573384298558,10.0115555,10.954140666666667,10.032644166666666
0.972962530478358,7.6559791,8.936701666666666,8.181724899999999
0.8886305251379768,8.039203666666667,9.291563666666669,9.237602333333331
0.849703329600276,6.985809566666667,7.985871233333334,7.966558466666666
0.8206313620227292,7.762159199999999,8.011985733333333,8.231989333333333
0.7716918511110414,7.2665748,8.152758,8.715078566666667
0.8061792876410822,8.515617,9.504625666666668,10.121447833333333
0.7714806965073056,7.762624666666667,9.480609,9.407699333333332
0.7946784297349536,7.717255499999999,8.684007666666666,9.348861533333332
0.7886446708947624,8.578493166666666,8.980081333333333,9.845801333333334
0.7953850080172552,8.285001033333334,9.157761333333331,10.595565666666667
0.8040014454248031,9.091314666666667,9.719644,10.428097666666666
0.821803563251549,9.553126,11.364914333333331,11.144277666666667
0.7856079633613381,9.577393333333331,10.692939333333332,10.773888
0.7713935000888622,8.437062,10.037148333333333,11.092054333333332
0.7841569088560071,9.29397,10.141201333333337,10.869430666666666
0.8029683287744663,9.806729666666667,11.158973333333334,11.571567666666668
0.7761147094304524,9.229019333333332,9.7060605,10.869505666666669
0.7929731201641713,10.823626,11.572187333333332,12.660029333333332
0.7887435135747198,10.356040666666669,13.33755,13.004430333333334
0.7909418982536396,10.1624305,12.0606585,12.035868666666667
0.8018514334435349,10.300175666666666,12.175602,12.315597
0.7897790844511373,11.024316333333331,10.968904333333333,11.885794
0.8127955371540256,9.826944,11.372106666666667,11.872596333333334
0.8186685077311386,9.835527666666666,10.149321,11.7829645
0.7648296035392871,7.930820666666666,8.704329999999999,9.412345
0.818099668382728,7.532038633333333,8.200161333333334,8.530173833333334
0.7914367914175817,7.569811233333333,8.257205466666667,8.982199
0.7850009607418295,7.843862866666668,8.723460666666666,9.394744
0.8226692333517432,7.946751766666668,8.851391333333334,9.708508333333333
0.8108608982330056,7.973327766666666,9.0337185,9.488549466666669
0.8418354472634478,8.002950933333333,9.339145666666669,9.960694666666669
0.8187671257565784,9.120217866666666,9.906215666666666,10.54612
0.8352882416256114,8.129229,8.967201000000001,9.774507666666668
0.7833171745093224,6.402602466666667,7.9659452,9.614588533333334
0.8082183971603709,6.1472342,6.681152766666667,7.339955499999999
1.392950439703328,3.8191812,4.0441714,4.315865733333333
1.1435687999181157,3.229400266666667,4.144981466666667,4.523883566666666
1.047529952166902,3.627877066666666,4.3502579,4.961742633333333
0.8247951410401075,4.680477766666667,5.876590566666667,7.550692666666667
0.7983118433606217,5.842385666666666,7.3286244,8.987780166666667
0.800882270509835,5.515190833333333,6.26489,7.729788566666667
0.8003362274044207,5.186452399999999,6.3358977,6.811849133333333
0.8197105713514086,4.931809733333334,5.947779100000001,6.8437138
0.8000796687806954,5.164052533333334,6.121665966666666,7.554227999999999
0.8306944809927401,4.806733,5.5947966,6.028009366666667
0.8217241075255565,4.9964808,6.351488400000001,7.419320666666667
0.8216469499045154,5.9963241,7.389351866666666,8.262964466666666
0.8173935193037069,6.683919166666667,8.007422333333334,8.751645166666666
0.7965700667413315,7.579294866666667,9.3161215,9.931437333333331
0.8129139480837247,8.411566166666667,9.509334,10.377822333333333
0.8271460889928202,8.673932500000001,8.991816666666667,10.743399333333334
0.8185674750554853,8.952476333333333,9.998317,11.487263833333335
0.7917483780774587,10.515352666666669,10.766941333333335,12.316675000000002
0.8027388383396151,9.522208,11.700607,11.948115166666668
0.7829811900152751,8.342841866666667,9.261384333333334,11.427081
0.7888193575547328,9.413614,10.408043333333332,13.35874
0.8186125290387024,9.645548,9.823057333333333,11.908033333333334
0.8480298833013681,10.1373155,10.319288333333333,11.460992166666664
0.8204921200169233,8.534327866666667,10.051469666666668,10.636704666666668
0.8205448203083687,8.018613333333333,9.706213333333332,10.064220999999998
0.8217482772002799,7.021721,7.681798166666667,8.625919766666668
0.7935839477797041,6.439642333333333,7.331597733333333,8.274603133333335
0.8277620021242847,5.915789666666666,6.983227033333333,7.806173666666666
0.7957872670739677,5.496670866666666,7.003047233333334,7.533027100000001
0.7961758580208689,4.9747951666666665,6.0466312,6.4380743
0.8179798152247696,4.566620199999999,5.965855766666667,8.104923666666666
0.8422114356611129,5.1223806,6.473996500000001,5.903114266666667
0.8159944693210064,4.4667972,6.212666333333334,6.782652733333333
0.8437082745289747,4.943795,5.675763266666667,7.214184299999999
1.1201659808861946,14.238929833333335,15.937741,16.20645
1.1299925620523277,6.023447566666667,6.591080166666667,6.765232233333333
1.1129033686555012,5.740082800000001,6.191557566666667,7.002119400000001
0.9767355073352504,6.317007533333334,6.650282766666667,6.853105233333333
0.8811803685946987,7.229865666666666,7.945014333333333,7.764733666666667
0.8564852992543516,7.274118933333334,8.023796666666668,8.413046133333333
0.8400078896766311,8.0550718,8.978917333333333,9.770572666666666
0.8180011050442069,7.877216433333333,9.002542333333333,9.110106333333333
0.8048399600702977,9.685019,10.885221,10.970112166666668
0.8030980480508224,8.609727,10.285183,10.417243
0.7927545058367563,8.936909,9.920199666666669,10.811241333333331
0.8047815010917794,9.491472,9.932163666666668,9.787226666666667
0.8054025032388227,8.316358666666668,9.62526,10.0631795
0.7805282878163511,9.025101,9.903636333333331,9.956306666666666
0.7708331099129188,7.380506333333334,7.989141333333333,8.155418333333333
0.8075469671985512,6.504372766666667,7.184418000000001,8.544764666666666
0.8146791554874993,7.016370233333333,8.067270200000001,8.180396666666667
0.7927686707151888,7.082714266666667,8.2207507,8.493814566666666
0.7874679004118513,7.239417366666667,7.946885533333334,8.6478792
0.7337154230541053,8.122202333333334,9.391021333333333,9.289332166666666
0.7692465655958141,8.176562333333333,9.199753333333334,9.347919333333332
0.7905643577263558,8.291517333333333,9.0213235,9.595778833333332
0.7719044061766601,8.765963666666666,9.877600833333334,9.88276
0.8460124801889369,8.633562533333334,9.548234666666666,9.183669666666669
0.82699218050097,9.512517,10.658437333333334,10.488432666666666
0.8044851191622735,8.026159999999999,8.501197,9.510596
0.8951996955815824,8.600214233333334,9.629582333333332,10.159393666666666
0.8623825078641634,5.723556899999999,6.525824066666668,7.690385333333334
0.829832932272034,6.705120666666667,7.3498809,7.468256666666666
0.7920389352882932,7.1828286666666665,8.097943233333334,8.241304733333333
0.7830352216273978,8.241386833333332,8.386080666666667,8.690104466666666
0.7999660126751977,7.3180925,8.0801259,8.097094
0.7736917241893021,8.234210333333333,8.895418333333334,9.242709666666668
0.7870523652168496,6.949412266666666,7.4707401,7.805239666666666
0.8278895368677405,6.5165739,7.022412166666666,7.908840333333333
0.8248946318304228,6.139797866666666,6.501002433333333,6.9579303333333336
0.7974932981704379,5.534960300000001,5.737756666666667,6.469169533333333
0.8016176696469223,6.7586989,7.370926966666667,8.194204000000001
0.8102512565097798,5.7520617,6.242590366666666,7.439277133333334
0.808633686675147,5.0171974666666665,6.038323733333333,6.5909083
0.8034665936881563,5.076472166666666,5.934456333333333,8.234625
0.906793233598294,8.274372666666666,9.719171,9.2119766
0.8572149334656695,6.419345566666667,7.564362899999999,7.1913955666666665
0.8500472809638717,5.4937082,6.516489,7.039238733333334
0.8510200290678714,5.478091266666667,6.224434566666667,6.6352051
0.8324537171090194,6.039444766666667,7.161671466666665,7.2842603
0.8360594755199248,7.095848533333334,8.202773333333333,9.192074233333337
0.7935227558117486,6.220537833333334,7.092853133333333,7.854114166666666
0.8141251331774585,7.374362666666666,7.971050533333333,8.331083766666668
0.8271063969778693,5.947961733333333,6.573533533333333,7.104483766666667
0.7974971153967205,6.246396900000001,6.785466466666667,8.068456666666668
0.8106207123255159,6.8062449,7.684079666666666,8.093159866666667
0.8009180643492039,6.3942358666666665,7.473823233333333,7.892725433333332
0.7796834038775827,6.8494368,7.617796333333334,8.223187333333334
0.7906967422729995,6.7409498,8.070665766666666,8.183977666666665
0.8250528630119595,7.428329333333333,8.378941499999998,8.427029899999999
0.7853926756442903,6.841212466666668,7.824621,8.549767166666667
0.7533957350367163,7.167849433333333,7.7383099,8.617670333333335
0.7786807221933282,7.336803933333333,8.158294,8.616887666666667
0.7893010605349854,7.143308833333333,7.841906666666667,8.694584
0.8049388375050737,7.853349999999999,8.922087333333334,9.668670833333334
0.7862234795848343,8.188980966666668,8.856810333333334,9.492010666666667
0.7576162568858535,7.649928299999999,8.180418999999999,9.801524333333331
0.7523227835501732,8.396096666666667,9.513650666666663,9.869790333333334
0.7768606635763541,8.961635,9.772449333333334,10.799289666666668
0.800922786329964,8.739427833333332,9.545157666666666,9.785593666666664
0.8044619064783435,10.188631833333334,11.34429,11.044598666666666
0.7555539508915975,8.816718333333334,9.807879000000002,10.381457
0.7924274643357871,9.193033333333334,9.528700666666667,10.841885499999998
0.834133750669952,10.528191,11.353676666666669,11.457212333333333
0.8196291838545172,9.582360466666666,10.626826333333334,10.389011666666669
0.7808232207740096,7.1195308,7.923046999999999,8.829930333333333
0.7588211317605685,8.192343533333334,8.697864000000001,9.49204
0.8851164223520862,5.809092033333333,6.213926000000001,7.255666733333332
0.8380347970634249,7.4884607,8.213539133333333,8.428852766666667
0.8536251221652306,7.549318233333333,7.776948433333334,7.8466649
0.8410611227906696,7.496583333333334,8.848867833333335,7.989339533333333
0.8672581126154196,6.446521700000001,7.429758133333333,7.784552166666667
0.855325223077628,8.582551666666667,8.853066,9.172016
0.8483544868041104,7.716174766666666,8.092517233333334,9.132277333333334
1.1416081869937609,21.033248,23.790340666666665,21.65365866666666
1.1371127822330582,9.975189333333333,10.707317333333334,10.390600666666666
1.1394320903839328,7.053439633333333,7.3304806,7.114158833333334
1.036823135316965,8.842632333333333,9.968949666666669,9.694740333333334
1.0536147306060928,8.561789666666668,9.402230666666666,8.792879666666668
1.0092786309774386,8.1213629,9.060216666666667,8.6432002
0.9389463431595736,9.537211,10.346797,10.194603
0.8628037709280916,9.585519333333332,10.914877833333334,11.139786
0.8467201018439038,8.771756666666667,9.354601666666667,9.453089333333333
0.8283905281816928,7.723399,8.7262795,9.054419333333334
0.8310956966984784,6.5530739,7.339138800000001,8.504083133333333
0.7963905240999267,8.039185999999999,8.793428,8.869285666666668
0.8077164696920223,7.9693988,8.791264166666666,8.475145966666666
0.7913923419868208,7.325265633333334,8.286087466666666,8.519807666666667
0.7966589073513205,7.720114566666666,8.618375333333333,8.435348833333334
0.7961035098935306,7.8085365,8.198712333333333,8.523618466666667
0.7761731961431323,7.309403966666667,8.098542166666666,8.434039
0.7806640194980186,7.098559066666667,7.866775,7.959748666666667
0.8144806270820935,7.180346333333333,7.9990678000000015,7.658682
0.8016538321623643,7.749554266666666,9.148615333333332,8.800415
0.7817871377467968,8.712649233333334,9.656438,10.250718
0.799047997280704,9.20063,10.305855333333334,10.298408
0.7652119464755188,8.708751666666666,9.882595,9.897939
0.8055566851894905,8.557857,9.633955666666669,9.224257533333333
0.8008118768718085,8.612966333333334,9.259724666666663,9.465104333333334
0.760151742315904,9.446529333333332,9.845193833333331,10.531764166666669
0.7814491909710012,8.689047,9.578473,9.4522
0.8169962472169127,8.952201333333335,9.869755,10.402346666666666
0.8680431631795642,6.491164266666668,7.1880109333333335,8.136158666666667
0.8005824797502697,8.104196,8.444614333333332,8.815674333333334
0.8118636914225249,8.696109,9.917759,9.68842
0.7997503461870338,8.560427666666667,9.335484,9.250629666666669
0.7889810566572283,8.357526499999999,8.9385675,9.218057266666667
0.8136293878949346,7.054653266666667,7.832222000000001,7.983470166666667
0.7945439281441163,6.5158557,7.156395466666667,8.020055766666667
1.1348049533520224,12.423685666666666,14.621938,12.657092666666664
1.135513504016303,5.767764033333333,6.321258533333332,6.542330933333333
1.0222620009170154,6.483253033333334,6.690166966666666,7.178848599999999
0.9760968767892194,6.9261853,7.598143533333332,7.859921166666666
0.9197897964273052,7.315810333333332,7.531622733333333,7.931580999999999
0.8763300033301151,7.4556786666666675,7.784007766666666,7.926910533333333
0.8836576292339084,7.269690533333333,7.858499766666667,7.877045333333332
0.8288895136148512,8.323759,9.395956666666663,9.9993656
0.7902968215729306,8.060166166666667,9.032309333333336,9.384359
0.7939373473548116,6.667097000000001,6.934195666666667,7.996433333333333
0.8042141243040691,6.476125433333333,7.396295466666667,7.596851866666666
0.7858751268306241,6.367378900000001,7.0928204,8.682261666666667
0.7893878408255031,6.111354766666666,6.861666133333333,7.8781805
0.8036721603815621,6.332308133333334,7.122661099999999,6.9871872
0.7849829654954892,6.345872533333332,7.1508546,7.182020233333333
0.7801210904266563,6.8199631,7.577119533333334,8.358775666666666
0.7805875320888314,6.974292566666667,7.7245152,7.982128333333333
0.7717494746726409,7.0740822,8.2525141,7.918322333333333
0.7488888284314043,6.949732233333333,8.159460533333332,8.116004633333333
0.7486865367386173,7.138714466666666,8.468326166666666,8.553606666666667
0.7585136848073225,9.198283666666669,9.490543166666669,10.217835166666664
0.7689370910599784,8.433894433333334,8.621637,9.451438
0.7644295325854505,8.4029819,9.322677,9.782284
0.7914513756793392,8.500865,8.957274333333332,10.010782
0.7689860559882215,8.599055333333332,9.703589666666666,10.166030666666666
0.7486091564702706,9.252090333333332,10.330472,10.541923666666667
0.7379163334573012,9.462162666666666,10.010749333333331,10.277643
0.7625180497144344,10.610538333333333,12.624723333333334,12.092137333333334
0.8377029198995055,10.714460666666668,11.309055666666666,12.074795
0.7952290885431399,8.401705666666667,9.297825333333334,9.9543785
0.7640792825875901,7.803637666666667,8.224636333333335,8.672917233333333
0.8105301481579086,8.2355785,8.877213,9.520821
0.7966027531481948,8.664366666666666,9.272150333333334,8.9979982
0.8113607055090353,6.193187433333333,6.725159833333334,7.666171800000001
0.8115363381070534,5.6117331,6.8098974,6.996087433333333
0.7633539852549949,5.715956433333333,6.588031166666667,6.915445666666666
1.2479164729553724,23.329733,25.16902,23.847763333333333
1.1372727851458972,17.936625333333335,20.16630233333333,19.796392333333333
1.1375506395904018,11.266542666666666,13.663150000000002,11.943545833333332
1.1124599097445893,11.345926333333331,12.837414666666666,11.965192666666669
1.0710075206514806,12.220880666666666,13.461081,13.327864
1.0805441584158264,13.193572666666668,15.497700333333333,13.859189666666666
1.027546759394674,14.387016666666668,16.88599766666667,14.799384666666668
1.0081826477060167,12.736354333333331,14.080425666666663,12.825833833333334
0.933723663969364,12.781043333333336,14.127384333333334,13.202037
0.8538661890123551,12.138484666666663,13.832056333333334,13.003972166666664
0.8404831616797067,12.118957333333332,14.415143166666669,13.328354666666668
0.8563756011989302,11.354866666666666,12.480278333333333,12.114682
0.8427498186214727,11.308701666666666,12.854539333333337,11.702756333333332
0.8616855304255928,10.286112666666666,11.89696,10.604202
0.8128264398368762,10.001899,11.437172666666669,10.246659333333334
0.7947633713067964,10.142362,11.201533833333334,10.940932333333334
0.8059634080096011,9.881735666666666,10.905630666666667,10.855594833333331
0.7878769968979685,9.628125666666667,10.722702333333332,10.855977
0.8168417638483572,9.208386,10.234230333333334,10.206883
0.8040502005348366,10.524381666666663,11.551501666666669,11.433002000000002
0.8456110778116779,8.957059333333333,9.805740333333334,9.298187
0.8078930131653369,9.888457,12.179991,10.944159
0.7970765462137916,9.890450666666666,11.255967666666663,10.903715666666663
0.7966065242306696,9.467807666666666,10.927441666666668,10.354963666666665
0.8127674761520547,9.855814666666666,10.591226333333331,10.563743
0.8203846532027477,8.575391666666667,10.26867,9.678212666666669
0.8754838982157205,7.8754035,8.78499,9.989858666666668
0.8117314629490427,11.224463666666669,12.027703666666667,12.599704666666668
0.8161030480991581,9.578200833333334,10.997016,11.132215
0.7981107896496266,10.367819333333331,11.667064333333334,11.526342333333332
0.8198143037053948,10.558132666666667,11.216952,11.273308
0.8398677846464765,8.668927566666667,9.956081166666666,10.193037666666669
0.8179466134211225,8.653832666666668,9.531250333333334,9.404370666666669
0.8871211261535329,2.998251933333333,3.8609535,4.2703669
0.9093784536881,4.218505866666667,5.1743478000000005,6.252557
0.8735427598457294,4.8708545333333335,6.2516441333333335,6.382477833333333
0.8627987616163774,5.6915591,6.8206913,7.424429233333332
0.833096645604117,7.521831366666666,8.641554333333332,8.808529566666666
0.8251177170726406,8.824383333333333,9.381956,10.262788333333337
0.8020800196989213,8.596897166666666,9.205646666666668,10.331431
0.8144635596184283,7.891870999999999,9.368477999999998,9.319757333333332
0.7839420170546232,7.956353466666666,9.558854666666669,9.282481
0.8111445518172481,7.521860199999999,8.379795666666666,8.707101766666668
0.8408098427645009,8.22643,9.085783666666666,9.603016666666669
0.8315422572941912,7.732972233333334,9.131855,8.930980833333335
0.7836348557636558,7.4460249,8.503865333333332,10.288023666666666
0.763591130102142,7.468123333333334,8.769201333333333,9.777695533333334
0.7890121275418055,6.583830366666668,8.160197333333334,9.009332833333334
0.7832802343410847,6.470380966666667,7.8244431,7.799954333333333
0.764569358606845,5.706071433333332,7.556212333333334,8.030942566666667
0.7719962220105941,5.708979333333333,6.898756766666668,7.295815
0.7706136340648305,6.104233799999999,7.335294466666667,7.6765896
0.8357881889748667,5.909416566666667,7.051663566666666,8.093532266666665
0.7972415343211653,7.176011133333333,7.888341666666666,8.481641000000002
0.7963042805135689,8.157027133333335,8.995341333333332,9.778187
0.8026757676072521,8.086576233333332,9.157914333333334,10.277103
0.7953206136903281,8.784956666666666,10.536192666666668,10.936196
0.8163560092745591,8.355095866666666,9.181126166666669,9.597577666666666
0.8135485141888391,6.7929735,8.089392333333334,8.701598666666667
0.8392887784007875,7.017598899999999,8.125238333333334,8.835399133333333
0.8050274066844364,6.905421266666667,7.7458831,8.405998333333335
0.8393889916819242,6.741700566666666,7.822197466666666,8.735176333333333
0.7987303541431628,6.610105433333334,7.969586766666667,8.328765766666667
0.8117534015681821,7.0582173333333325,8.4313512,9.181960533333331
0.8037540164242906,7.100386566666667,8.096139133333333,9.229121
1.1193614999707562,24.149777,25.600327000000004,24.35451
1.0272065723093162,9.354149,10.3744955,9.894362833333334
1.0148469389249029,8.537819666666666,9.145330166666668,9.125910333333334
0.9298062565845888,7.228112500000001,8.132005,8.159599133333334
0.8912792573266005,7.298213999999999,7.950878266666667,8.4060698
0.8792053128137333,7.358134700000001,8.009255099999999,8.021182233333333
0.8326796038531388,7.007857166666668,7.691745433333334,8.277377866666667
0.8307932345926178,7.923272999999999,8.803913333333332,8.959233
0.8138252765494638,7.415300566666667,8.216760333333333,7.792680999999999
0.8431279077197118,6.9637519333333335,7.618155133333334,8.1744492
0.7795872478308957,5.8188450000000005,6.182589333333333,6.423252133333333
0.823536788170416,6.263314333333334,6.697784599999999,7.184427100000001
0.8826896305171851,5.802151599999999,6.549965233333334,7.685014066666667
0.8691752312565603,6.4533513000000005,7.1075078666666665,6.865402433333333
0.8173800576082523,6.435662600000001,7.3360195,7.231607733333334
0.8589882939110863,6.2482152,6.813992233333333,6.817920099999999
0.822660300637549,6.326361566666667,6.991205533333333,7.305164833333333
0.7821808068194694,6.4658883666666656,6.8256038000000006,7.711094
0.7847090496158077,6.927738566666666,7.427838766666666,8.487186333333334
0.7468244440896509,7.723643200000001,7.960922866666666,8.76102
0.7641676156321774,7.063809333333334,7.448894833333333,7.9955572
0.7877260605494748,7.278906566666667,7.907004866666668,8.421692166666666
0.7713058587199372,6.794713766666668,7.589264666666666,8.088881333333333
0.7803798198856504,6.9511106,7.770181033333333,8.411431733333334
0.774260368715078,6.925881966666666,7.914197433333332,8.7936161
0.7758844575044265,8.237223666666667,8.649424,9.631267566666663
0.7633879860786248,9.047732666666668,10.144958333333332,10.645160333333337
0.7698420283654412,7.94301,9.056921466666669,8.740447866666665
0.7963239797134118,7.775501600000001,8.290123566666667,8.450286100000001
0.777718444889374,7.314132666666667,7.863703333333333,8.791235833333333
0.8091813515211598,7.4465192,8.066664333333334,8.872407099999998
0.783048905174839,8.943088666666666,10.418079666666666,10.494041
0.817758813082969,8.583037,9.338211666666666,9.597691133333331
0.8295077288987359,8.012751399999999,9.657404666666666,9.489803333333334
0.8305053818923782,8.443489333333332,9.356932,9.727193666666668
0.861563243927491,8.505061666666666,9.710965,9.763944333333331
0.814543107582359,8.260828433333332,9.138573833333334,9.524579333333334
0.8177450715283733,5.915421666666666,6.7482268,7.789339000000001
0.832247678652564,5.5669605,6.0297452,7.045585166666666
0.8296391748899898,5.370569633333333,6.0533120333333335,7.476405799999999
1.269339203481923,26.779874,30.58146933333333,27.88498266666667
1.055260042693152,5.840898500000001,6.6521669333333335,6.910497533333333
0.8462641697072703,4.013343466666666,4.834235499999999,5.729897033333334
0.8117365755874024,4.447813,5.092249733333333,5.749700266666667
0.7985090024863415,5.4590475666666665,5.520846166666668,6.2169848666666665
0.7510873841093434,6.015530233333333,6.497135133333334,7.324436133333333
0.788428571463969,7.226216999999999,7.735538533333333,8.793770433333334
0.778562180363722,7.644778666666667,8.003933666666667,9.601486666666666
0.7775846738493617,7.965664033333334,9.205698500000002,10.260839866666666
0.7766182379825645,7.5384447,8.489461200000001,9.64545
0.8034239664185646,6.908459166666667,7.756812033333333,8.181582766666667
0.8094739642056039,6.504879466666668,7.874254266666667,9.277324333333333
0.8301031475263131,7.068931399999999,7.986433666666667,9.129378666666668
0.8180658256011317,6.840779066666666,7.7062485,8.873951499999999
0.8210798370758469,7.244599133333334,7.312615,8.603786999999999
0.8308275922955829,6.735782466666667,7.856969499999999,9.354999433333331
0.8392932453889287,7.3183939,8.734694333333334,8.834987766666666
0.816980949950767,6.808123766666667,7.364151799999999,9.2038805
0.7934339672138964,6.608703233333333,7.738314666666668,9.292008333333332
0.8340889752171193,6.873895833333333,8.155332666666668,9.636464
0.8142608537361791,7.314316533333333,8.158106433333332,9.343128833333331
0.7947861806570394,7.8491335,8.115809466666667,9.966299333333334
0.8143145706113462,8.372735800000001,8.851632666666667,10.725418
0.8018717155180571,8.473413233333334,10.006528,12.462461
0.8001574610955006,8.8265065,9.751438166666668,11.608663333333334
0.8121657114730803,10.806008666666663,11.403366333333333,12.943734
0.8208849363698416,9.144662000000002,10.163849,12.261966666666666
0.8344233480668759,10.127937333333334,11.350163,12.330829
0.8111467394913799,10.004567333333334,10.528458666666667,12.2586325
0.8283772132536183,9.110078,10.187961166666668,10.981633666666664
0.8133845111873099,8.626010433333333,9.170329666666666,10.751764
0.8042772974645745,7.510216866666667,7.6231491,9.921297666666668
0.8329509227818314,6.776981133333333,8.343713333333334,9.718251133333332
0.8166602818068635,6.987349333333333,7.914413333333333,9.910940533333331
0.836408634469283,7.2291299,8.111428666666667,9.254058333333331
0.7789469695566957,7.300890866666666,8.219670133333333,9.737198333333334
1.2393643670088137,27.769640666666664,29.912684,26.733937666666662
1.163643051622559,2.8997002666666667,3.1500417000000005,4.876717066666667
0.916443808211656,2.9336245,4.674908333333334,5.0289784
0.8575404625515214,3.999956433333333,4.990385,6.267351166666667
0.8501734151096367,4.251144433333333,5.510755666666667,6.0236635000000005
0.8430039888156543,4.782395133333333,5.720784166666667,7.142324333333334
0.7856028037869418,6.102852166666666,7.092579733333333,8.273876933333334
0.7775220665984003,6.761218533333333,7.721084,8.4340701
0.7879244461909302,7.358461166666667,8.284162333333333,8.080392233333333
0.8045837995711045,6.426843033333333,7.390104466666666,8.698614866666667
0.800115848011235,6.5222317,7.467425966666667,8.497458833333333
0.7865324463248099,6.0983920000000005,6.4954464,7.564269033333333
0.7892582686628248,5.5242885,6.4939581,7.615491233333333
0.8044295762476578,6.055364833333333,7.4120989,8.16448
0.8226223862315565,6.2264641,7.151683033333334,8.648044466666667
0.8133734252873029,7.4613129,8.474755333333334,9.369233666666666
0.8428310708092782,7.144333633333333,8.412198,9.6318
0.8395045708131059,6.9801539,8.032497666666666,8.643824566666666
0.8178284524164807,7.389200633333332,8.627759,9.3774922
0.8191031280164013,7.202413133333334,8.754129333333333,8.9163066
0.8099702755014384,6.977248200000001,7.783016466666666,8.721875666666667
0.7702273282499247,6.040974766666667,7.884060566666666,7.7247701
0.8302951985190776,6.208726633333334,7.833552266666666,8.007412233333334
0.8320498182112462,6.223822233333333,7.472262666666666,7.9204815
0.8263204042744219,6.129262100000001,7.057526533333333,7.8721182
0.8318545339458124,5.940674733333334,7.414279466666667,8.391573333333334
0.8251513649094638,6.120112366666668,6.914479266666667,8.086035
0.845274381708459,6.842671666666667,7.325778,8.4925535
0.8444618271684853,7.00902,8.210878333333334,9.609442666666666
0.8310466836006315,8.230775666666666,9.690443166666666,11.006380333333333
0.8344314288137203,8.727458,10.084203333333331,11.835256
0.8248580295202746,9.159788666666667,9.204464,11.101115666666669
0.8463522676944658,8.113193433333334,9.026739833333332,10.508829
0.8501642921190099,6.9004036,8.1844076,10.160905666666666
0.8361898838080518,6.442698666666668,7.797855466666667,9.238662733333332
0.8211929864630507,5.9766495,6.936760700000001,8.393182533333333
0.8403041533180424,5.333344433333334,7.130852900000001,7.647741333333332
0.8474483402485626,5.604067000000001,6.8468724,7.604556599999999
0.8499245048706996,5.413671333333333,6.711525566666666,7.4531357
1.2680454827583334,3.108660833333333,3.5071587333333336,4.3822296666666665
0.9595679747118976,3.1626597000000003,3.722051466666666,5.188365333333333
0.8376531922334106,4.093916633333333,4.42345,6.8433216
0.823397768494932,4.386857033333333,5.529996400000001,6.6156098666666665
0.7830180875656604,4.983079666666667,5.854225166666666,6.346948333333334
0.8046657799185599,5.4577828,6.522553566666666,8.350473833333332
0.8169028481679335,6.499439266666666,6.8745941,8.156580666666667
0.8004362122801911,5.858765666666667,6.701182966666667,8.105912833333333
0.8101992837912989,5.567603766666667,7.0745449,7.709558
0.8107552200989453,5.405031800000001,6.8066865000000005,7.0614225
0.7980899999769382,5.292767833333333,6.32476,6.7110129
0.8294244950738733,5.342696433333333,6.033560133333334,7.058423166666667
0.829198318798532,4.779839566666666,6.396910166666667,6.452763566666666
0.8046631291168679,5.179585299999999,5.9898694,6.602168233333334
0.8312875702674875,4.934516266666667,6.145508,6.753646966666667
0.8269537495079664,4.931165,5.867808133333334,7.161956933333333
0.834485986828191,4.4481283,5.532636366666668,7.027024999999999
0.8167380037253354,4.387325733333333,4.9651011,5.745810666666666
0.8306506072602483,4.4472344,5.514360766666666,6.397283733333334
0.8120873309015701,5.578875166666666,6.484386533333333,7.098755700000001
0.7956042978672114,5.5820421,6.397549233333334,7.118058233333333
0.7928143542854568,6.186542266666667,7.164429166666667,8.511899666666666
0.8315201194002814,7.0167701,7.978697266666667,9.232047666666666
0.8287209648886353,6.990673,7.3639863,8.812644333333333
0.8158166834994415,6.368628833333333,7.6114931,9.910044366666666
0.8368985761158235,6.729416666666666,7.331012566666668,8.417759666666667
0.8123994262774129,5.7012319,7.481827200000001,7.973069333333332
0.7947302202648872,5.272149633333334,7.1275592,7.712162433333333
0.808581202521335,5.0546351,7.071939333333333,7.496031666666667
0.8489733788868786,5.240113633333333,6.876666466666667,7.504703199999999
0.8460018644161272,4.897697333333333,6.962459833333334,7.096208666666667
0.829898188495735,5.314355366666667,6.650456266666666,7.478994633333333
0.8396498169387067,5.0890639,7.555336933333334,6.4931564
0.8237942926277579,4.8193559666666665,7.1188498,6.4467813666666665
0.8173495787665912,5.4177924,6.7550299,6.509775133333332
0.8193557480212533,5.228346833333333,6.285659633333334,6.6038811
0.8077643541468005,4.8022873,6.547384266666666,6.275156666666667
0.791027435116312,5.1156282,6.473567200000001,7.766927
0.7890063186948807,4.632655633333333,5.7172591,6.7906409
1.2229192952819057,26.918091333333333,34.412202,27.01936633333333
1.2015599334144726,19.419166,19.977986,20.36269133333333
1.0441150952835123,3.515686166666667,3.8455391,5.2895031
1.0638052946874637,3.4413419333333337,4.128638433333333,5.667997366666666
0.8968094823610322,4.1890860666666665,4.078557466666666,5.1282334
0.8426060195424654,5.0946583,5.897965766666666,6.857698066666667
0.8094025193572997,6.4684784,7.030968833333333,8.334938866666667
0.8278847443573084,6.574742233333333,8.267757266666667,8.9119461
0.8245117294041927,7.927303999999999,8.720207333333333,9.481130133333334
0.7969834429080792,7.888485,8.284213,9.719497333333331
0.8218826571765779,7.430572666666666,8.295715,10.663752433333334
0.7966269995077457,7.569265000000001,8.753978666666667,10.919058
0.7708101303366659,7.451851666666666,10.205521666666666,11.587712333333334
0.8033268907340382,8.063848866666667,8.999403333333333,10.645709333333334
0.8084381622286244,8.484808999999998,9.426799833333334,10.175046333333334
0.7895990231006101,8.776160833333334,10.004708666666666,11.978559000000002
0.8253937361747482,8.331072666666666,9.9474035,10.823642333333334
0.8021973807305606,8.698384666666668,9.731631333333333,10.937967333333331
0.8029157415916708,8.1734404,9.3026255,10.656674666666667
0.8275157755168534,8.607234,9.437123333333334,11.884747666666664
0.8054169292779433,8.032569166666667,9.461196,10.952898
0.8019483355966058,8.289267333333333,8.819902666666668,10.139951333333334
0.8075908096989544,7.4981941,8.972944666666665,10.265909166666663
0.809597086175034,7.525544766666667,9.283713666666666,10.833607666666666
0.8109335268460472,8.516927,8.813738666666666,11.174914
0.8279094160102701,7.9917246666666655,8.952477666666667,9.812080333333334
0.8385193751715411,8.940605666666666,9.707026666666666,10.982598333333334
0.826646245850124,8.702451166666666,9.985202999999998,11.126281999999998
0.8146052516493217,9.270706333333331,10.091411666666666,12.703384333333332
0.8422883691567646,9.859603666666668,10.230705166666668,12.302799333333333
0.8370770680617214,8.380386233333335,9.330329333333331,11.303662833333334
0.8264937197955279,7.884740400000001,9.064001333333332,10.533122666666667
0.8556530275816533,7.382510533333334,8.524805333333333,9.643602
0.8298802577990531,6.0940058666666665,7.867399666666667,8.6372359
0.8501415883623054,7.100168666666666,8.000420666666665,9.204113
0.8654707574225841,7.227205766666667,8.095307666666667,9.805760166666667
1.1142581493797186,19.110802666666668,22.685396333333333,20.139542
1.3358864887272202,5.674657000000001,6.356042966666666,6.194772233333333
1.1395977969980706,4.891009066666666,5.549994899999999,7.013385633333333
1.0985439007328524,4.488606600000001,5.007680566666666,4.967293866666666
1.0356056785637058,4.854746333333333,5.140249866666666,5.9253773
0.8945777135399151,6.417150333333333,7.371766099999999,7.817476199999999
0.8491444823417632,7.352290666666666,8.395394333333334,8.190928099999999
0.8607443613587485,5.508847433333334,6.071422833333333,6.613971333333335
0.8277578748728643,5.769869666666668,6.7013304,7.0856331
0.832445671114979,6.450611766666667,7.549306,7.3702276666666675
0.78916024203003,6.347320833333334,7.1960011,6.984340400000001
0.8215112728736198,6.2556523,7.357546200000001,7.7835094666666675
0.801851526352548,7.171698,7.6402162,7.5185615
0.7995677934484755,7.0369174,8.0184795,8.447793866666666
0.7760964308842985,7.393714866666666,7.892017866666666,8.197932166666666
0.8003368095596777,7.532627233333334,8.414481,9.418575
0.7889164900369781,7.120954333333333,8.549496,9.52517
0.8067909495538609,7.483738,8.658010166666665,9.377667333333331
0.817078231539691,7.675309266666666,8.548058,9.155338333333331
0.7508360085339444,7.680961433333334,8.746489333333335,8.758231
0.7914622179092108,8.019755133333332,9.416040666666667,10.003290666666668
0.7839497378543164,10.022764,12.401177,11.783888333333335
0.7416623173557221,9.803752666666666,10.596002666666664,11.758622
0.7855101594698221,9.39627,10.652868666666668,11.411164
0.7656955983769249,8.974838333333333,9.663298,9.993971
0.7773937904949175,9.235386166666666,10.261294833333334,10.507093666666668
0.7863077124220688,9.987885666666664,10.530696333333331,11.396214666666664
0.8199681175469425,11.870179,12.814662166666666,12.064588
0.8301613034105615,10.138067666666666,11.221654999999998,11.3646425
0.8312477193946428,10.084987666666668,10.398632333333332,10.570864166666668
0.8007561327154628,8.169234533333332,9.051675,9.612055
0.8044844746918818,6.0078742,6.384704866666667,6.780434466666667
0.8131236094964337,6.308779466666667,7.772905733333332,7.298974233333332
0.8295713327594619,6.9696909,7.7501597,7.782958666666667
0.8137672167393616,5.2932285666666665,6.341353600000001,6.833483833333333
1.3499762674571336,2.9043658666666663,3.6012784,4.204274866666666
0.9707776612270776,3.2516721,3.9781119,5.464336333333333
0.8859959229917158,4.343705866666666,4.712145466666667,5.8447581
0.8754164554497953,4.875897866666667,5.890941266666666,6.259049733333334
0.829843134924861,6.6132162,7.204489166666666,8.3670928
0.8180396369507598,7.2774261,8.004760566666667,9.488223
0.7996798958992605,7.336449333333333,7.957315999999999,8.857279866666667
0.8198260641873955,7.294173966666666,8.751644333333333,9.841334666666668
0.8092797459041113,7.821052000000001,8.398631,9.843902666666668
0.8135438759222096,7.455954766666667,8.427117333333333,9.142781833333332
0.8068724991437689,7.349429866666667,8.823953000000001,9.883564666666668
0.8158498401413349,7.5760121666666675,8.469680766666666,8.944989333333334
0.7952260014800093,6.7810820000000005,8.019233666666667,8.539651333333333
0.7964263032848727,7.365260933333334,7.997611566666667,8.686642333333333
0.809514697799894,6.473695599999999,7.500609733333333,8.062844333333333
0.7845185982325455,6.510201533333333,7.4224995,8.0008028
0.8158541542427088,6.3511381,7.163048866666666,7.654530566666668
0.8038222863423496,6.961860466666667,8.131683166666667,8.072752
0.8141469104483633,7.216650233333333,8.2012549,9.1096155
0.8387004010221034,8.832483833333333,9.278435666666669,9.416402
0.8166183174772191,9.712929399999998,10.548352333333334,10.453529
0.7954044135163207,10.140875333333334,10.601680666666669,11.132006000000002
0.7827934129484603,9.518201766666666,11.082205,11.647629
0.8011005393339979,10.670928666666669,11.275102833333332,12.294943333333334
0.8035208335546374,9.561068666666666,10.059597166666668,11.198188000000002
0.8095858274583182,8.081063,8.823530666666668,9.545278333333334
0.7806188187400643,6.149179133333334,7.393645766666666,7.127116033333333
0.8099346870303484,6.270378566666667,7.139694166666668,7.0624603666666665
0.7962298319829694,5.4181462,6.925320933333334,7.0368919666666665
0.806049912711034,5.4141765,6.6006906,6.316234333333334
0.8271490024253474,5.2549799,6.3328059,6.9737301
0.81960262700771,5.577140233333334,6.7817103,7.2329738
0.8137712813935519,5.492323,7.332312233333333,7.9156531
1.2308068977907538,24.22681,26.367309666666667,24.105840666666666
1.1595488209040303,4.265235033333333,4.562613766666667,5.872909666666666
0.9591620792110545,4.0024694,4.612666233333333,4.8447922666666665
0.9171989447915132,4.9252438666666665,6.1255482,6.623976566666667
0.8903035520106956,4.8218241,5.919787966666667,6.6027666
0.8174591659665307,5.441297666666666,6.692462833333333,7.218867133333333
0.8111009823514922,6.5933926000000005,7.704630133333333,7.981192666666666
0.8262894151733509,7.994023333333334,8.111176200000001,9.576855
0.8110530581438887,7.4464259,8.427338433333334,8.7322681
0.7804969289783431,6.9599351,8.577747500000001,8.605239333333332
0.7753029016029597,6.916171033333334,7.7215451,8.7235408
0.7968807016238166,6.715732,7.852080533333333,8.5460017
0.7794368019810637,6.802138666666667,8.169589,7.8905792
0.8037195182776348,6.542729566666666,7.8620998333333345,8.049188433333333
0.7759093488284599,6.6549608000000005,8.290440633333334,9.112851666666666
0.7899978367012327,6.990071466666667,8.494705333333334,9.164130166666666
0.7974515205747911,7.837241133333333,9.6278895,9.342634
0.7947945870090587,8.502239,9.706523,10.857213333333334
0.8008616413797501,8.134568,9.487731666666669,10.702036
0.819384284942402,8.488492666666668,9.725514666666667,11.175156666666666
0.7704986597206919,7.7919695,9.892219,10.533725
0.8249779859019671,8.288033666666665,9.989073166666666,10.432076
0.8067022341849309,8.440901766666666,10.043984666666669,10.798283666666668
0.79968418436827,9.238623333333331,10.323402666666668,10.479086333333331
0.816524731369825,8.488493,9.164987666666669,10.251550333333334
0.8159571469257879,7.5580535,9.152963,9.192737133333331
0.8265685607161917,7.659260166666667,8.914882566666666,10.787795
0.8413891125148272,7.603840366666667,8.848346433333333,10.174125666666669
0.838586321334934,8.292592833333332,9.393953666666668,10.491723333333336
0.8390227681498589,7.105568566666666,9.669412,9.631505866666666
0.8141415588790114,7.208222933333334,8.135242133333334,9.343704
0.8247050688770874,8.000129666666666,8.510839866666666,9.303994866666663
0.7966280812377963,6.716713133333333,8.4637805,8.795728433333332
0.8329963584614988,6.2681778,8.129603566666669,8.454526333333334
1.4312340962201862,3.3639374666666666,3.9939549,4.905529333333334
1.231305485163693,2.935269333333333,3.6097335,4.7783338
0.940088552297627,3.860684133333333,4.4182026,5.5628949
0.7944574237494931,5.290527033333333,5.981073599999999,6.6246374333333335
0.8041970131828435,6.0598388666666665,7.526764466666667,8.423077
0.7922029971887561,7.517350033333333,9.428050166666669,9.699990333333334
0.7852235861982656,8.087030166666667,9.738366,10.096109666666669
0.8048176947015376,6.910820966666667,8.587420433333333,10.057068233333332
0.8173149920206312,7.914360166666666,8.952664666666665,10.456961333333334
0.7937362137433638,8.070653333333333,9.811672333333334,10.637637333333332
0.8203808834789438,8.381713433333333,10.012861,10.888858666666666
0.7844166734752321,8.048827566666667,9.352497499999998,9.532022833333334
0.8159516259779962,5.8145931,7.5218746,8.124825466666666
0.8058320294806262,5.876172,6.6021955666666665,7.043268666666667
0.823434089755978,6.318995833333333,7.265047699999999,7.516816566666667
0.8072996980804504,6.817823566666667,7.902916066666666,8.502835866666667
0.8075221527332093,8.445739133333333,8.603095333333334,9.580054
0.7895262530743112,8.451574333333333,9.785779,10.123373666666666
0.8001711794363336,9.744338666666666,9.529425000000002,10.432270333333332
0.7978925611242088,8.581117666666666,10.533424666666669,11.424279
0.7951104158464201,9.460488,10.973393333333334,11.725592333333331
0.811319134807159,10.670160666666668,10.869098666666666,12.247832333333331
0.8225631170104917,9.955273666666663,11.034295,11.313222666666666
0.8384210157913042,9.440757833333334,10.251381666666664,11.452412333333331
0.8210966910200551,9.912975333333334,10.438721666666666,10.530306166666668
0.798188563369707,10.284334,10.807268666666666,11.826923
0.8032529430696919,9.680865333333331,9.880916666666666,10.751477666666666
0.8553883980374529,8.012233566666666,9.464453333333331,9.593445666666666
0.856878910929943,7.023691800000001,8.155196333333334,9.188770333333332
0.8568096211141132,7.141452033333334,8.1971024,9.2125391
0.8358957036447453,7.046107466666666,8.020005333333334,8.211535
0.8393920414334044,6.5072899333333325,8.223621666666666,8.751987466666668
0.8472696569439613,7.814374,9.754730666666669,10.211757
0.8415094562204107,7.912866766666666,9.281736666666667,10.186463833333336
0.8492102390314026,7.233929666666666,8.232254,9.480136566666667
0.857890079025663,6.552225433333334,7.582046999999999,9.185728
0.7928365927240798,5.1976092,6.954374166666667,7.3886668
1.1363557234121795,12.971151666666666,13.79052,12.698433833333333
1.1056200585410862,8.594613333333335,9.066883333333331,8.921366333333333
1.0048188377907288,7.668066466666666,8.608371333333332,8.1514608
0.9431960947394088,8.6756005,10.017106,9.489155333333334
0.9286911187292533,8.126543566666667,9.366321666666666,9.185056666666668
0.9154074587855028,8.150384099999998,9.56827,9.058511166666667
0.8378888866556448,7.952585,8.934904999999999,8.78351
0.8516188874983808,8.039801433333334,9.0656405,8.562986
0.8365599026358987,7.362496966666666,8.516048,9.317861
0.8117084175998217,8.370966333333334,8.931179,9.657825333333331
0.8023158378600476,9.187347333333332,9.448803,9.461279500000002
0.7811496941071162,8.656125433333331,9.686198666666666,9.835887666666666
0.8145538946262385,7.587454366666666,8.379884666666666,8.398010233333332
0.8009452206568949,6.070910533333333,6.777071833333333,7.756873833333334
0.8618241140817225,5.2771751,5.935716833333333,6.454658866666667
0.7991189531920707,5.434997733333333,5.899229966666667,6.297718033333333
0.7886391102508181,5.381189833333333,6.082307666666666,6.625920000000001
0.7574147656414144,6.429997133333333,7.083297166666667,7.7445795
0.770903207195096,8.247458666666667,8.869049666666667,9.524646833333334
0.7684029045118997,7.915658,8.484995166666666,8.606449833333334
0.7937125422705785,8.167979333333333,8.560545,9.168720333333331
0.7599399149420331,7.975743166666667,9.254860666666668,10.00956
0.7733861834043544,6.978516666666667,7.985331100000001,8.126891166666667
0.8001164500297779,8.434524333333334,9.028909666666666,9.386018166666666
0.789565238671177,8.185568966666667,9.806264333333331,9.711835
0.8036911392087003,8.322270333333334,9.009510333333331,9.1398995
0.7964630008519684,8.066772133333334,8.994917666666666,8.8820391
0.7934068025859592,7.355629,7.4868984,7.631217666666667
0.8092281474859065,7.2836563,7.921299333333333,8.788132633333333
0.7942830165639482,5.834353433333334,6.427460333333333,8.070469333333333
1.1656853146863628,13.018187666666668,14.757660333333334,13.623468666666668
1.1447087404256189,7.061154833333333,8.0921885,8.8117275
1.010617411880652,6.691811833333333,7.314940533333332,7.612121900000001
0.932511891270634,6.676513466666667,7.339661466666667,7.477346666666667
0.8674891531697785,6.799718466666668,7.685065233333333,8.500710433333333
0.8427146211202396,7.3245195,8.745303666666667,8.708863333333333
0.8275223320891284,7.325130933333333,8.322280999999998,8.3158045
0.79851255781794,6.075540433333334,6.948176466666666,8.053894166666666
0.8317973708059142,6.257443966666667,6.836167433333333,7.499063133333333
0.8140596871076218,6.425679133333333,7.0713117,7.565489333333333
0.7841508593057829,7.783515566666668,8.110891,8.070812333333334
0.7911949584833528,8.663356333333333,9.832897333333332,10.456551333333334
0.7952803843615402,7.728782333333334,8.604056666666667,9.182487666666669
0.765541793905904,7.476345900000001,8.404015333333334,8.972152666666668
0.7429748347825802,7.104380333333334,8.175777333333334,9.381642
0.764539559767984,8.513006333333333,9.49163,9.435002
0.7760026450885045,8.1535192,9.043460666666668,9.371937266666666
0.7743370744508976,8.3525302,9.682822666666668,10.22416
0.7590451387526733,8.645097166666668,8.721348666666666,9.613836533333334
0.8120356391800098,9.452328333333334,10.122205,10.320513333333333
0.7854549241787067,8.915934,10.205795666666669,10.676781666666663
0.7521667564366336,10.358611,10.878327833333335,11.530558666666666
0.7670246821760909,9.476565333333332,10.135394,10.243718
0.7920095501653872,9.201772666666669,10.374042666666668,10.546012
0.7791277552872881,9.133788333333332,10.554844666666666,10.495886
0.7684476582411982,9.816556333333333,10.410556,11.464494
0.7481625154562727,9.613605666666666,10.734993666666666,11.1989895
0.7647841791509432,10.628628666666666,11.595805333333333,11.727187999999998
0.7793509050489204,9.318745833333333,10.115482666666669,10.667723833333334
0.7828631579372783,8.520100666666666,9.268161333333332,9.663906
0.8009039879765192,8.1453525,8.585128333333335,8.738971666666666
0.7891004915639731,6.793181766666667,7.181811166666667,8.012628666666666
0.7924596855425242,8.041736166666666,8.567078333333333,9.023875666666669
0.7815013073257351,8.881050466666666,9.707221,9.604970333333334
0.7803239603745519,8.734949333333333,9.099859833333332,9.376398333333333
0.8210818142671058,6.9014861,7.526067166666666,8.1544431
1.5575950771676492,4.1287913666666665,4.434911233333334,4.754008333333334
1.177086712766927,3.735051966666667,4.467575066666666,5.252782333333333
0.9750880519675724,4.213178833333334,4.714320999999999,6.906689666666666
0.8313961398100552,5.0141770333333335,5.8949016,6.286747233333333
0.8126983947802163,6.3775371666666665,7.151284733333334,8.140957866666666
0.8199076877090863,6.779846666666667,8.087666433333334,8.251678499999999
0.8084473356845824,6.948248666666667,7.732339100000001,8.671760466666667
0.7900319458456472,7.9601881,8.3373489,9.3656169
0.807930464317676,7.674003433333334,7.843826766666666,8.990339999999998
0.7925491655663114,6.571496666666666,7.644085033333333,7.781849666666666
0.7833278298415726,7.8738318,9.144665,9.146049166666666
0.7921139777820949,7.460916999999999,8.737220866666668,9.195670866666669
0.8368080194085149,7.724253166666667,8.450218466666668,9.359189133333333
0.7781433634808367,8.288612133333332,9.424121,10.184248833333331
0.7845146835396029,8.904293333333333,9.473325666666668,11.036935666666666
0.7769693337561557,9.042672433333331,9.214865333333334,11.156059333333332
0.7864843777000031,8.791848333333334,9.623860333333331,9.979604
0.8023296829112742,8.865895133333334,9.081057,10.045297666666666
0.8186075386799004,7.741589766666666,8.840628666666666,9.371561766666666
0.7718622252091126,7.425148333333333,7.802535766666668,9.8367335
0.80533677980632,7.556141233333332,8.367164333333333,9.276236333333332
0.798421569107294,8.5062385,9.123854333333334,10.339766
0.816815276912695,8.731543666666667,9.676397666666666,10.289551
0.803166274835457,8.324152666666668,9.209855333333335,10.480397333333334
0.8021798001442719,8.354326,8.7611535,9.407101333333337
0.8186370318928547,8.791579,8.2482199,9.665596666666668
0.8035375955496029,8.412374,8.520744333333335,9.457585333333332
0.8338301814571784,7.661627233333333,7.5045863666666675,7.6902051999999985
0.7965946505900886,7.025318533333333,7.596238666666667,7.522371233333334
0.8133441893654134,6.395403866666666,6.553203666666666,7.537266833333334
0.7933799235883074,6.595477566666666,6.8223188666666665,7.550657
0.7903797132729178,5.736629499999999,6.576476566666666,6.537120333333333
0.8206459953810329,5.957166099999999,7.4181831,7.358504666666668
0.804178352742761,6.067596133333333,6.709291966666666,7.413603766666667
0.7847177662643724,6.069523766666667,6.962738566666666,7.476735333333333
0.8010048024136456,6.764058033333334,7.583647,7.796338333333334
0.8076665881192682,7.574226766666666,7.501419266666666,8.041963366666666
0.8013344972557449,6.966308699999999,7.791435799999999,8.183990433333333
0.7947026637109262,7.093617333333333,8.184894333333334,8.570320866666666
0.7908700910186556,7.8229841,8.872599,9.534477
0.7831938475447412,7.990692666666665,8.699134866666666,9.769178666666669
0.7892298929310179,7.222430566666667,8.2641866,8.848191666666667
0.794860764188161,6.742970499999999,7.5710551,7.913397133333333
0.8004407234402958,7.765993300000001,8.791195866666667,9.403844866666669
1.271920167518924,7.965703999999999,8.443392333333334,8.067302966666666
1.239533910965494,5.9316472,6.593515233333332,6.5481002
1.157539596888035,5.933497133333333,6.489190233333333,6.738628766666667
1.1287406476533706,7.248440599999999,7.867112566666667,8.4701372
1.022855592752726,7.5871028,8.502504666666667,8.707808133333332
0.9713190431607518,8.405791299999999,9.6751245,9.404501833333336
0.9550083021014713,7.4104169,8.540063666666667,8.176588833333334
0.9458401330537411,6.986228100000001,8.2025091,8.282137066666666
0.934279110744637,7.952415266666667,9.126763,8.982252
0.9023823948854044,8.859242333333334,9.900163,9.829243666666668
0.8453266055549203,8.875596,9.896791833333332,9.435800666666667
0.8124065953615123,9.179464833333334,10.823278,10.538672666666669
0.814115841830275,9.626953,10.058279333333331,10.424695666666668
0.7940543503059398,9.673110666666668,10.722828666666668,10.047388333333334
0.7746637178110113,8.991843000000001,10.057114333333333,10.160846333333334
0.7903739372941319,9.604123666666666,11.153330000000002,11.109125333333331
0.7785549931013671,10.422499333333333,10.844409,10.891349666666663
0.8280593946061471,8.7884471,10.050569,9.639783666666666
0.8244201900873112,9.778482666666669,10.835623333333336,10.913903
0.7885543843908801,11.553810666666664,12.714815,12.672292333333331
0.7890334686883591,10.646842666666666,12.333726999999998,12.014732666666664
0.8588701207577802,8.730616,9.597469,9.566481666666666
0.9234296631340008,6.211515166666668,6.863503233333334,7.469363833333331
0.9257399474594626,7.365993633333333,8.457107333333333,8.584397333333333
0.9134056406483154,8.473255333333332,8.985775666666667,9.409311166666669
0.9102512955525972,7.344206100000001,7.824781666666666,7.7451757
0.9109152379151976,7.0014081,7.505764733333334,7.892356100000001
0.8554951569638467,8.90933,9.105697333333334,8.758832666666665
0.7949557910474612,8.276784000000001,9.166164666666669,8.7393515
0.8036102489679662,7.415837,8.093155833333332,8.384647
0.8240142220167911,6.819014299999999,7.289691833333333,7.352678
0.814210798653208,6.446091699999999,6.849884233333333,6.886369866666667
1.2156072384063286,26.913662,32.10917666666666,27.42796133333333
1.0239899427261658,3.990627,4.234906966666666,4.994670633333333
1.0014827725310145,3.5950738,4.501134066666666,5.170305166666667
0.9271485475402482,4.655352433333333,5.157941166666667,5.912072666666667
0.8630168926886043,5.9227772,6.495294033333333,7.279864333333333
0.8660598833500126,6.549120566666667,7.788486933333334,8.417609666666666
0.8200756643232125,8.00325,8.6764275,9.131462999999998
0.8148850371712748,8.031899000000001,9.805428666666666,10.679191
0.8502778966898868,8.322879833333333,9.261550666666666,10.638804666666667
0.8111765634427271,8.195574899999999,9.411999333333332,10.543634566666666
0.8326630131155902,7.1835594,8.297749666666668,9.5214578
0.8040453870070441,7.617124966666665,9.109614666666666,9.640367833333334
0.7983150846415646,7.9624639666666654,9.562498,11.178050999999998
0.7672711186058497,7.625165266666666,8.835578333333332,10.444319
0.7829160952168124,7.617954666666667,9.212361333333334,9.203008133333332
0.7792889262544712,7.0760215,8.35422,10.146636
0.7962550756114801,7.218852266666667,8.343025433333333,8.716586333333334
0.8144626801267281,7.2242225,9.1019575,8.594111233333335
0.8048933802999882,7.0996741666666665,8.667063333333333,8.919677466666668
0.7618377925308337,7.287784833333333,7.992232166666667,8.575353333333334
0.7954430377835008,7.577938066666666,9.159560666666666,9.833295
0.8099007580802992,8.287968566666667,8.548383333333334,9.5403845
0.7586665244680298,8.4873683,9.258733333333334,10.068605666666668
0.8246402772140531,9.1655395,10.410568666666666,10.934161666666668
0.7991458789918596,9.862467666666667,10.015621666666666,11.611114333333331
0.8213082191380526,9.381757,10.121681666666667,12.049705666666668
0.809788971995427,8.935640999999999,9.969035333333332,11.879402833333332
0.8477636133400136,8.204150533333333,9.009818,10.438213
0.8065998253926709,7.620956233333334,8.080253833333332,9.304593
0.8241231779429635,7.223168,8.085182333333334,8.937333
0.8072314712821997,7.219018000000001,7.7666459,8.483634933333333
0.8182442092917892,6.555837266666667,7.493042666666667,8.043759666666666
0.7999493511747593,6.216262533333333,7.105954833333333,8.520107666666666
1.0004145043394086,8.070286000000001,8.812378666666667,8.940820133333334
0.9656715204755691,10.3137,11.022015333333334,10.598124
0.927637129037976,9.33966,11.209105333333332,10.828665666666666
0.879934470378713,8.593002333333333,9.879250333333331,9.404674666666669
0.8626496084273622,6.485171166666667,7.5367636,8.212926600000001
0.8641954620550107,6.599042,7.3019518,7.365012566666667
0.8500429325782322,7.480110733333333,8.392212,8.6759112
0.8272891704192089,6.487328666666667,6.931764266666666,7.452126233333334
0.8036694323043315,5.122197466666667,5.7887203666666665,6.614059433333334
0.8044324866188366,5.375657133333334,5.957025833333333,6.0746575
0.7965224499934785,6.349294,6.634763066666667,6.884271333333333
0.8035176967001934,6.609356133333333,7.364030533333334,7.269458166666666
0.773080766074847,7.716050133333334,8.496711499999998,9.373461333333331
0.7347958643176383,6.492193699999999,6.726211199999999,7.920841666666667
0.7420742874544923,6.808369933333334,7.248042333333333,8.846644933333332
0.7485137499066657,6.8358085,7.5535741,7.9439111
0.7769857613316958,6.7928191,7.580153,8.250543
0.7580534073354316,7.178102233333334,7.710274733333333,7.763284333333334
0.7649884747641008,6.8724574333333335,7.712601833333333,7.913005566666666
0.7386186738741314,6.6641002,7.3519982,7.802118133333333
0.7687501248694697,6.1648489,7.153888133333333,7.592520566666667
0.795770666473918,6.8552843333333335,7.871646666666667,8.427152766666667
0.7622174748606159,8.325888333333333,8.926416666666666,9.284907666666667
0.7471048238172138,8.591632166666665,9.466306666666666,9.045570833333334
0.7612360674175344,8.888345666666666,9.757035,10.085179666666669
0.7680668336472984,9.241528,10.405468,10.444129000000002
0.7551534368480372,9.383601666666667,9.939114666666669,9.671973666666666
0.7876394201666148,9.268918666666666,10.216307666666664,10.096500999999998
0.7982942276258239,8.837228666666666,9.678819,9.932569333333332
0.8436092513834068,8.583539333333333,9.766497666666668,9.696673833333334
0.8162114993160877,6.7503096000000005,7.553499299999999,7.4268715
0.8318268487393663,6.2809886666666666,7.091948766666666,7.862879866666667
0.8008145894395895,6.742780499999999,7.095624399999999,7.820656233333334
0.831237094863828,6.764557166666667,7.789715,8.036381333333333
0.8352407594676804,7.9376453,8.731309833333334,9.329324166666666
0.7908823174588034,6.2139625333333335,7.273405633333334,7.7092845
0.8255872298018635,7.0597719,8.057498,8.281515333333333
0.8209663923830393,6.841005366666667,7.593366,8.521646666666667
1.2237109936615658,8.668059666666666,9.296757,8.907823
1.0778583009654568,10.461409333333334,11.588334333333334,11.520987
1.0619959217949146,10.980173,11.829217,11.388053666666666
1.1315871603973544,9.013247666666668,9.809674,10.346520333333332
0.9859995415556516,13.070390000000002,15.173541,13.415253
1.0103218845312476,8.234998766666665,9.370759333333334,9.066288333333333
1.01024470806606,9.104520833333332,10.153249,9.503170333333331
0.8979311838359716,11.680592666666668,12.722057,12.144057333333334
0.8874875198106983,9.105629666666667,9.996682833333333,9.825906000000002
0.8851034929317892,10.239968333333332,11.517569,10.612103
0.8961691175934492,10.327059666666663,11.538026333333336,10.950265666666668
0.8794810755006202,10.832695666666666,11.931595333333334,11.314114666666669
0.8552851064004144,10.113343666666667,11.111548333333332,11.065743333333335
0.8445989550886616,12.213835833333333,13.812791333333331,12.446433
0.8392475041691242,9.948398,11.159032000000002,10.724416833333336
0.8480575039426754,11.592727333333334,12.459555666666668,12.269335
0.8567030846745652,10.268334666666668,11.647691333333333,10.5730365
0.8207914120990365,9.774630666666669,11.390539666666667,10.481474333333331
0.8198933230220932,10.373882666666669,11.52578,11.080589333333334
0.7973593484679107,9.764870333333333,11.028143666666663,11.364952
0.8032670433195568,10.442708,11.554797333333331,10.713642333333334
0.8273140058105182,8.4282721,9.806715,9.931050333333332
0.8499873240608141,6.850918,8.082008100000001,8.267640733333332
0.85627039323454,6.3320276333333325,7.389802366666667,7.287077133333334
0.7877118835468252,9.368007666666664,10.173832833333334,10.455254666666669
0.7689573305538024,9.784477666666668,11.269864666666663,11.29747
0.7938156652611431,8.959083999999999,10.128128333333336,9.531317
0.8151942462073357,7.577663666666667,8.688744,8.486429
0.8277729732723959,9.836852833333332,10.360903,9.979428
0.8348434242662442,9.037571666666668,10.217521666666668,9.778541666666667
0.8302583817986798,7.894705333333332,8.454913,8.430854566666667
0.7732856318338636,6.040035266666666,6.848821633333333,7.027611333333333
0.8013474770555097,6.3972142000000005,7.056402200000001,7.317044266666667
0.7820879469816581,7.800947233333333,8.588567666666666,8.768570666666667
0.788799323943025,10.500528666666666,11.945201,12.361632666666669
0.8194095872258512,11.268133,12.994721333333333,11.683662833333337
1.0577741806950038,28.60772933333333,34.363705333333336,28.340805666666668
0.9970911511147212,23.446333,26.95122233333333,24.322959666666662
0.9968184932005326,23.998948666666667,28.453296,24.260171
1.003698669570512,21.67741666666667,27.001397,21.91801433333333
1.006685871984917,17.136119666666666,19.94915333333333,17.203590333333334
0.9945912560118544,19.529866666666667,22.172751,19.50210866666667
0.9697238713509204,18.428573333333333,21.165838333333337,18.577120333333333
0.9833817663204,18.837766666666667,20.534734,18.44363333333333
0.979806480323452,17.973750999999996,20.03546533333333,18.03932133333333
0.989920238655714,15.895485,18.051214,16.049781
0.978823383742311,14.800625333333334,16.985309666666666,15.609448666666664
0.9719633504587912,15.864835333333334,17.546136999999998,16.32410833333333
0.9192816711760368,15.773218,17.72346,16.784795666666668
0.9304750911408558,15.858540499999998,18.486639666666665,16.966572
0.9292389168525812,16.743141333333334,19.166124,17.989031666666666
0.9307159847278128,16.36107416666667,19.064964,16.893636
0.9302555685612542,16.440193333333337,19.259177666666663,17.857112666666666
0.9241855064593926,16.344517999999997,18.106091000000003,16.145874
0.9119249756336378,16.750882333333333,19.401460333333333,18.183311
0.90501074552207,15.930771666666669,18.656587,17.867981666666665
0.9063412367246372,17.08926333333333,19.243375,18.84834933333333
0.8927204955049904,14.752774333333331,17.298123333333333,16.176903333333332
0.8891292564960559,14.303000333333337,16.602414333333332,16.74743666666667
0.8797328179584136,15.079084166666666,16.063406,16.354697
0.8591947923890814,13.593489833333331,14.703795666666666,14.585127666666668
0.8742946711669896,12.838971333333332,13.761711666666669,14.048362
0.8664358338725656,11.040356333333335,12.672198,12.756562666666667
0.8622158059310984,11.07281,11.877564666666666,12.784256666666666
0.8917906572941225,9.373397666666667,10.418197666666666,10.206395333333331
0.8968192159780872,8.932429833333332,9.74919,10.054297666666669
0.8889702263702998,8.372338999999998,8.894832333333333,9.040912333333331
0.8615191753594394,7.117666533333334,7.834127,7.933838433333332
0.8731324345458545,6.9783346,7.629922833333334,7.681456666666667
0.8764765174807043,6.508572666666666,6.757518766666667,6.964654200000001
0.923210365824152,5.6739272666666665,6.188488433333333,6.695957833333334
0.8940530075843469,5.865172633333334,6.395383533333333,7.248765333333334
0.9121598330219648,7.653405,8.692798333333334,8.596465333333333
0.9749449619780448,19.65179333333333,21.442992,20.422585666666667
0.9856187279240514,12.447566,12.659800666666667,12.366449833333334
0.9524815381959216,15.195107666666669,15.584954000000002,14.132782166666669
0.9930383092257306,9.888115999999998,10.602825333333334,10.178588666666666
0.9415079207948728,10.0566975,10.818612333333334,10.287064333333332
0.9042467992024515,12.199725666666666,12.887077333333332,12.916686166666668
0.9152821548668668,10.834794166666669,11.604233666666667,11.637627
0.8724231360122049,10.410206,11.117067333333331,12.416043000000002
0.9034248552902738,8.122290833333333,8.523353833333333,8.926931
0.886690809357867,9.859825666666667,10.886942666666664,10.817302666666668
0.8734061017436284,10.305213166666668,10.945972333333332,11.011837666666668
0.8507294101871808,10.081730666666669,11.134528,11.019288333333334
0.8993955414866882,13.152279333333334,14.5738445,13.679131
0.8490088750593919,12.370141333333336,13.380221999999998,14.652666000000002
0.8463231905679818,12.426980333333333,14.172557,13.449019
0.8358482809342832,12.145900333333332,14.020913333333333,15.406568
0.828932129518862,11.874694,13.454495,13.567116
0.8257745614972323,12.815072166666669,14.400677333333334,14.2013915
0.82518742511033,13.324522333333334,15.246134333333336,15.561529
0.8131592243764322,12.268102833333332,13.23092,14.863668333333331
0.8027365855342866,13.232180666666666,14.729403333333332,15.065417000000002
0.8352641328819002,10.969760333333332,13.002150333333333,13.044859333333337
0.8113757644526439,12.747330666666668,13.639661333333333,14.635388666666666
0.8352206101970037,11.498681666666668,12.306851,13.658777333333331
0.8185277135206083,10.934492833333332,12.236873,12.717039333333332
0.8477399227635551,10.804613000000002,11.836306,12.858073666666668
0.8300691111301314,9.514846333333336,10.800361333333331,12.300202666666666
0.8217919899003429,9.081826,10.097333666666666,11.833758333333334
0.830553435613785,8.773667666666666,10.317966,10.296632
0.8207118630849256,6.749995999999999,7.781658166666666,8.848749666666668
0.803953356957162,6.018553100000001,7.082763766666666,7.358443566666668
0.7983148127889049,5.321287300000001,6.2317363666666665,7.113408966666666
0.8254645247559877,5.0866271,6.085893666666667,6.851492
0.8690283487879394,4.299388733333333,5.381021933333334,6.22701
0.8409241782588074,3.8084328666666662,5.349611800000001,5.327460466666667
0.8507841354327419,4.1254239,5.523428,5.335275966666667
0.8403088507673694,5.1108655,6.493760833333333,7.016659400000001
1.1893988307711347,25.158210666666665,27.956089666666667,25.366182666666663
1.3691525004897451,5.2568051,5.594186666666666,5.7999513
0.984389908520788,4.815813366666667,5.2570987,6.312150833333334
0.8951238639244141,5.7802999,6.676386766666667,7.487305
0.8731586763561143,6.894543233333334,7.6916161,8.389893466666665
0.8376998232697273,6.652274000000001,7.251772333333332,8.238187
0.8521651182267226,7.313585400000001,8.617994733333333,8.907752833333333
0.8169232221676893,9.267256,10.452498,11.869085666666669
0.8044827197965799,6.980479866666666,7.207787,8.624631133333333
0.811453105729548,6.204225666666667,7.142566033333334,7.311456566666666
0.8184843537542038,6.0345051666666665,6.4866859,7.670085666666666
0.8361278330862794,6.527214033333333,6.9842272,7.504076133333334
0.8382732074364855,7.1565214,8.065481033333334,8.413862
0.8015773219656087,7.409413866666667,8.252988666666667,9.2272312
0.7773934812334012,9.032551333333332,9.302917666666668,11.341668666666669
0.784622147035671,9.119812333333334,9.927414,10.760875
0.801595350986176,9.553242166666664,9.995176,11.297107666666667
0.785127962910556,8.851692333333334,10.621419333333334,10.5748522
0.7978729688948718,9.109551666666666,9.596484666666669,11.753823666666667
0.801039498942434,9.093801333333332,10.505266,11.916561333333334
0.7762393146987036,9.455863666666666,9.994272333333331,11.803664166666666
0.7793773715738724,8.475068666666667,9.387049,10.575350333333333
0.7569562762529864,8.297471,10.090663333333334,11.093506
0.8127129268111494,8.601741666666667,9.395602,10.411575
0.7918705194718759,7.630211666666667,8.399620333333333,8.540362466666666
0.7868492370613652,7.767219133333332,9.160870333333332,9.526161
0.7850742875555864,7.650120166666666,8.853875733333334,9.5041311
0.8224968086204268,8.147756866666667,8.410028733333334,10.904237333333333
0.8225805186379627,7.579556,8.3148609,10.420576233333334
0.800753620713175,7.8398910666666675,8.958172166666666,10.185606666666668
0.8286753815081175,6.839331333333333,7.964491533333334,8.678514766666666
0.7782683538158471,6.941910500000001,7.531423133333334,8.6590282
0.8137733063942697,6.077759366666666,7.911650233333333,9.197406666666668
0.8165122922610065,6.007055633333334,6.4619527,7.422816999999999
0.8283923427115888,5.441235233333334,6.519766099999999,7.0613025333333335
0.8156352427730594,5.6931704,6.8001339,7.598992633333334
0.8251851792064574,6.724774166666667,7.644478466666666,9.222383333333331
0.8133514297826018,6.323084333333334,7.185685799999999,8.364054133333333
0.8346765940532838,6.000816833333334,7.0899112,7.817885666666666
0.7862361930104589,5.810926733333333,6.4835558,8.075189433333334
0.8160250767619449,5.813591733333333,6.538611166666667,7.8717359
0.8204307261770024,7.0109867333333336,6.977194633333333,7.222819466666666
1.1152517576027907,20.800728666666668,23.881601333333336,22.22661633333333
1.3185802958034003,5.320354133333333,5.994389333333333,6.147385900000001
1.047285678108551,4.474272633333333,5.3817428000000005,7.183413166666667
0.9632930010874636,5.375419099999999,6.420841833333333,6.720322466666666
0.8946164234423559,5.893982266666666,6.453273433333333,8.064079566666665
0.8537213461378776,6.512259333333334,7.585993900000001,8.398922733333334
0.8429414797662051,6.599029233333334,7.478961666666667,8.122188566666667
0.8467537422580279,7.282150733333334,8.397259333333333,8.565172666666667
0.8565410720082335,5.652560333333334,6.437822700000001,7.485877133333333
0.804857931336476,6.5553474,7.4720002,7.723347733333334
0.8018657165296835,5.627938666666666,6.655335566666667,6.603645
0.8015948913250739,5.8484569,6.8349739000000005,7.720263099999999
0.7943009528281247,6.7363919333333335,7.3650609,8.364459
0.804545270661294,7.903126566666667,8.798890666666667,8.863347333333332
0.7614449774549463,7.993294666666666,9.099818333333332,8.918366566666668
0.7975659019001026,7.381443033333333,8.105505666666668,9.111696
0.77169192960238,8.639849666666667,10.118765333333334,10.387429333333335
0.7829505200291296,8.350432,9.201355666666666,10.131977666666666
0.7464974144287005,8.363584333333334,9.257425333333332,10.162573666666669
0.7961358237793807,8.5431381,9.970347333333336,10.338061666666666
0.7541570691495716,7.870532900000001,8.707394766666667,8.880124433333334
0.7815393340066477,6.298058999999999,6.904408433333333,7.693427666666667
0.7879020683181558,6.726955566666667,7.928735433333332,8.669308766666667
0.8418304514986331,6.388407866666667,6.948543099999999,7.989676666666667
0.7663986628928804,8.272114333333333,9.003585666666666,9.430732
0.8192600754856766,8.390846133333334,9.073932,9.651447
0.7823868094146308,8.6089769,9.838521166666666,10.068509666666667
0.8120570171746785,10.214391833333332,11.16534,11.163388666666668
0.8022912606254881,10.060621666666668,10.791955333333334,10.933007666666668
0.8039345189240553,10.095437666666667,10.600786333333332,10.701668666666668
0.81900461250417,10.468330333333332,11.513488666666667,12.416713333333334
0.7961802321541881,11.596628333333332,11.956402333333337,12.314084833333334
0.8007755094178982,9.334750666666666,9.6072475,10.583554333333334
0.7546537576833586,9.763589333333334,10.378386333333331,10.274487666666666
0.8144304362561011,7.2666096666666675,8.274818333333334,8.047956933333333
0.810491942895315,6.362714400000001,6.890129533333333,7.288199899999999
0.8090887896891866,5.623618333333333,6.2472628666666665,6.566905000000001
0.8093651611403289,5.8899354,6.4376165,6.619272900000001
0.7963275810691192,6.678185200000001,6.941329533333334,7.762654866666668
0.8708724146908896,6.1502566666666665,6.546837033333333,6.701283833333334
1.0279576152341938,10.402968,11.569222666666668,10.474671666666667
0.8915264925891524,9.193150666666668,10.906839333333332,10.054734333333334
0.9008028601931746,7.539700333333333,8.772419,8.1512324
0.9200242963605496,7.056248666666666,7.6035359,7.443616966666667
0.936806377954956,5.702569333333333,5.9598276666666665,6.380733199999999
0.9067890125222544,4.757194466666667,5.307931533333334,5.695229233333333
0.8590497977489008,5.179054066666667,5.3665042666666665,5.366147233333333
0.842140663241933,4.629175166666667,5.2458019,5.111446533333333
0.803057791985195,5.000211333333334,5.575872,5.540522233333333
0.8027895430732296,4.9780092,5.430159133333333,5.7579345
0.8084921713555042,4.7176322,5.327666333333334,5.373238566666667
0.8084061409750936,4.7119766,5.126711766666666,5.5303887
0.7961207706483894,5.357491666666667,5.750355133333334,5.9263667333333325
0.7848950791850361,8.249913300000001,8.532655666666669,8.3522448
0.7943444029662751,8.211191666666666,8.917936666666668,8.879906233333335
0.8264313207777736,9.856888,9.767572666666666,10.258785333333334
0.8696707575769785,9.161851866666668,9.707134166666668,9.9311885
0.8439364173425435,8.849626333333333,9.665442333333331,9.954288
0.7364255714150767,8.384734499999999,9.125079666666666,9.211647333333334
0.7673231308374744,8.047729,9.044713,8.871854
0.7814781270329338,8.606176333333332,9.966074333333331,9.1750688
0.7811070637217895,7.285372566666666,8.559495666666665,9.356333333333334
0.8234269777772596,10.019115,10.931349,10.465576833333335
0.7745375437258097,8.805924166666667,10.153598333333337,9.715592166666667
0.783840837970641,8.034062066666666,8.679126333333334,9.192804166666669
0.8082953282934636,6.797280199999999,7.739312666666666,8.612539833333335
0.8023464275491552,7.3110545,8.296554533333333,8.589914766666666
0.818700179146445,7.323825199999999,7.721741333333334,8.102426566666667
0.7591556812660188,8.1494001,9.142492666666667,9.321059
0.790817123428794,8.321517366666667,8.915019333333333,10.64349
0.775092898381787,8.669681333333331,9.454898,9.571883333333332
0.7825414541595928,8.218144500000001,9.103821166666668,9.203120666666663
0.8027637219779828,8.5240961,9.699606666666666,8.952893333333334
0.8227988452053929,6.705983833333334,7.661835033333332,7.806577066666667
1.28062792589011,5.1467851,5.418665766666666,6.153032933333333
1.078032775154259,4.769057966666667,5.4340668,6.302219866666667
1.0243188371152894,5.358192133333333,5.9217387666666665,6.513478500000001
0.91550519269858,6.4916796,7.225474833333333,7.5055744
0.9073230852474272,6.866549533333334,7.567339366666666,7.509081333333333
0.930577017245782,6.5519144,6.968635933333334,7.439035466666667
0.8922451322160964,6.280146333333334,7.278763166666667,7.667506966666667
0.8911601432314947,6.9052429,7.1480250666666665,7.6323337
0.8543348818981779,5.832892133333334,6.340575666666666,7.408418133333334
0.8175980583636809,7.0373115,7.8700748,8.086315433333334
0.8404249955027109,5.937116366666667,6.717244233333333,8.168799833333333
0.811406611068044,6.1972153,6.8743199,6.924605233333334
0.7878469728200815,5.888702933333334,6.228923066666667,7.210690500000001
0.8155904944560799,5.628224,6.262204166666667,7.282259000000001
0.8211105468830278,5.676039566666667,6.530307166666667,7.559425666666667
0.7876483276379211,6.132207666666667,7.177885766666666,8.334365333333333
0.8149897554857546,6.241360233333334,6.954340433333333,8.481122533333334
0.7791936560895701,6.248495666666667,6.9987785,7.992414866666667
0.8274362292531569,7.071401999999999,7.552712199999999,8.170513666666666
0.7953431771111091,7.194452666666667,8.352473066666667,8.759483866666667
0.8051573254556766,7.6227698,8.0452625,8.410521333333334
0.7874840663825907,6.2236431,6.932374433333333,7.342264
0.788480817375163,7.587767166666667,8.847338666666667,8.969982666666667
0.7768721214022637,7.8908245,8.713234333333334,8.952986666666666
0.7930507501718941,8.831522333333334,9.432085333333331,9.667643666666669
0.8022053185055783,8.313574333333333,9.610141,9.660905666666666
0.7630080918021794,8.207904433333335,9.755358333333334,9.657882
0.810626390992702,9.152703833333334,10.328038666666666,10.568324
0.7647360026430171,10.037158333333332,11.542058,11.392275333333332
0.7842455549736975,9.8408185,10.982031,11.053093666666667
0.7956585535781716,9.356574,10.823916666666667,11.222221333333332
0.846047881799408,7.550358,8.496055333333333,9.402274333333333
0.798955869693868,8.545703166666666,9.353962666666666,10.142679
0.7828123784889138,9.275780666666668,10.329682666666663,10.153564333333334
0.7821113254609781,8.785463666666665,9.306831,9.4819435
0.8293930070310557,6.835561333333334,7.8364102666666655,8.331987533333333
0.7972217679115076,7.292466966666667,8.429962333333334,8.666923433333332
0.8164491044738355,6.853054533333334,7.400056,8.246464533333333
0.8225315857756405,5.928655533333333,6.8944976,6.9849332
0.8200392698768848,8.742608833333334,9.445752666666666,9.876485166666669
0.976543794396868,8.114654666666667,8.848652333333334,9.3173109
0.9469184273630438,7.3250949,8.219009,8.292257733333333
0.8495826297113235,7.860487566666667,8.770024,8.693711866666666
0.8542073265241452,7.766825666666667,8.455054466666665,8.426824866666665
0.8292890352712193,8.508128000000001,9.335075,9.228784
0.8791002126843468,7.255972333333333,7.941367433333333,8.4306615
0.8717846330094282,8.383864433333335,9.0802605,9.507642333333331
0.7666921327508525,9.605596,10.798679666666668,11.009181333333336
0.7957162219870452,10.046766,11.059090666666668,11.467268666666667
0.8093572555204392,6.492484266666668,7.509170099999999,7.994937833333334
0.8066154955982142,5.263037233333333,6.305492966666667,6.892137533333333
0.8698612950993679,4.670702,5.335016133333333,5.503374666666666
0.8211420020099193,5.2271727666666665,5.880890966666667,6.822106066666667
0.8172387591945066,6.0305729,6.626060166666666,7.783248899999999
0.763303272161234,8.3761542,9.083255,8.708558666666667
0.8118170753667419,4.919146666666666,5.790332199999999,6.9589572
0.8599298602592215,6.0826544,6.7253225,7.349793966666667
0.8229730022775957,6.2732399,6.902410333333333,8.192238333333334
0.8015235801874946,6.352558166666667,6.901352733333333,7.399684533333333
0.8170105473254937,6.217315666666667,6.856048133333334,9.013138
0.8114608248862266,6.389849000000001,6.7941679666666674,8.076093166666666
0.8254343911091325,5.930905966666667,6.498392866666666,9.273872566666666
0.8019095911183035,7.342610966666666,7.888418999999999,9.227002166666669
0.7689594987380571,9.797805333333336,10.282857666666668,10.324625
0.8045724340180561,7.319882799999999,7.2565609,7.601926833333333
0.7771123741052245,8.017774866666667,8.614696,9.222760166666667
0.7961111175388581,5.612124633333333,5.914300166666667,7.468978466666667
0.8069372137759868,5.522383566666666,6.215805899999999,7.7301238
0.7970996427982621,6.5505278,7.105695900000001,7.839161900000001
0.7954963490208842,6.396756833333334,7.048248133333334,7.3826538
1.2257897985652628,29.883051666666663,31.404462666666664,30.710603000000003
1.1150244679442358,12.587522,14.105920666666668,13.923788
0.9639954253650594,7.7271992,8.374607833333334,7.850963366666666
0.8916565591396228,6.042874866666666,6.793371133333333,7.637654266666666
0.8355105814028775,6.552711100000001,7.544317100000001,7.756284433333334
0.8364316484784388,5.664034,6.214119866666667,6.568452933333333
0.8139938691074814,8.2706529,9.431321,9.182968333333331
0.8255124941425888,7.735160733333334,9.173075333333337,8.828217500000001
0.8377661674946021,7.8585816,8.796257333333333,8.8586579
0.8114488560445646,5.735711299999999,6.704710933333334,7.049616833333334
0.8039272512287657,5.307982133333334,5.9061724333333325,5.700988633333334
0.7790266619971459,5.009827566666666,5.4607695000000005,5.771180866666668
0.7781082367235852,5.287729766666666,5.7453259,6.255235
0.8330365742341073,5.4657959,5.872665333333333,6.546041766666666
0.8134203125530854,5.521835866666667,5.937284866666666,7.675186866666666
0.8034495927912962,5.659058666666667,6.365714233333333,6.650522266666667
0.8141606823659776,5.45408,6.064899666666666,7.437140866666667
0.8078647801230515,5.835524166666667,6.894900633333333,7.696199333333333
0.8032541789442863,6.2973992,7.291960666666667,7.185925666666667
0.7650585874243677,6.449259233333334,7.100509433333333,7.504084866666666
0.7630556955371776,6.6155489,7.411794533333333,7.6530125
0.7606853027237324,6.3709329,7.477840533333333,7.914959333333333
0.7402232047195753,6.811459666666667,8.244527666666666,9.250858
0.763917735563085,7.840659833333333,8.712328833333332,10.0325351
0.7773024114734651,6.458564766666666,7.291763866666667,8.547599666666667
0.7976794777060077,6.177507033333334,7.038413033333334,8.4502138
0.7651795446275574,7.515600666666667,8.078378333333333,8.082170666666668
0.7602624267906136,7.066152233333334,7.276119333333334,8.221048933333334
0.7513647169664438,7.365324433333334,8.4328798,8.386917500000001
0.7689991478811352,7.872396999999999,8.398595,9.0617341
0.7594101989176568,7.397541,8.524913,8.195471
0.7706174299842893,8.986563666666667,9.308407666666666,10.244925666666663
0.7845278046892231,8.631300999999999,9.307099666666666,9.166134333333334
0.8118760231192077,9.126779,9.900683833333332,10.740351666666667
0.8208339598771771,11.232429666666668,11.929306166666668,12.480544666666669
0.8133826685040882,9.866713,10.900318,11.254159
0.8240372698830543,9.202912333333332,10.067390666666666,10.954901
0.808038117451945,8.263364833333334,9.128783,9.268712
0.7779421150425373,8.261214933333333,8.644506666666667,9.092435233333331
0.7878340601352378,6.701037866666667,7.495092333333333,8.031876666666667
0.8024953725187234,6.1967982,6.786479233333334,8.6083549
0.8070954806062202,6.121476333333334,6.565148066666666,8.033831833333332
1.1768400224999596,23.460762666666668,26.451476,25.354491666666664
1.3528305675584384,3.440676766666666,3.7946158,5.683123833333333
1.152624947804313,2.9672907,4.1340246333333335,4.532241933333334
1.0270257631317947,3.3363382666666666,4.4158740666666665,5.1491057
0.8364736256852995,4.6629089,5.4179919,6.8942931666666665
0.776266991691351,5.4502928,6.929347266666667,7.451778333333333
0.7853450238944145,6.292740599999999,7.241751133333333,8.150776333333333
0.7891256582125296,5.621356666666666,7.345192666666667,8.206043533333334
0.7927107572917258,5.984864166666667,7.075117866666666,8.370667433333333
0.7895433088860573,5.754881866666668,6.5844741,7.213593799999999
0.811395013403371,6.057984566666666,6.862275333333334,7.505927466666667
0.7883343738255456,6.224479233333334,7.043776,8.320043499999999
0.8315159160218224,7.1666432,8.077648766666668,9.295172566666666
0.8075584127485236,7.5911598666666675,8.250902333333332,9.541719166666669
0.8030747700732613,7.435175766666667,8.334040333333334,9.701469333333334
0.8221302797990399,8.414757666666665,9.594298,10.451970066666668
0.8001647445019727,8.802386766666666,9.553395666666669,11.2288055
0.8040412394718156,7.233228666666666,8.131833499999999,9.260085333333334
0.8056083298516349,9.376006666666669,10.892571000000002,11.308152666666668
0.7915848177286872,8.147067666666667,9.188973,11.353363333333332
0.792021849166726,8.663429466666667,9.3095299,10.707716166666666
0.8075319485351166,8.999518333333334,9.714151666666668,11.680449666666666
0.8064644522866108,9.550191,9.721959333333333,10.990620666666668
0.7826873846866378,8.267037,10.860291333333334,12.007028333333333
0.8227008007777101,8.329927799999998,9.817336333333332,10.731290333333334
0.7962175864698428,9.0595985,10.096298,10.425205333333333
0.808990266393276,9.099965333333332,10.315959,11.002896
0.811579548045018,9.832409,11.176139999999998,12.193283666666666
0.8203705447367096,8.772265666666668,9.979152333333332,11.127240333333331
0.8282257567693411,8.631893566666667,10.135437,11.058129833333334
0.8150671889691247,8.032605233333333,8.881065333333334,10.454914
0.8518528448922688,7.8528554,7.803741866666667,9.541588166666664
0.8342913300732397,7.250990566666666,8.2143029,8.754167466666667
0.8508832981619613,7.561838333333334,8.386848833333334,8.99882
0.8040685398222633,6.900857433333333,8.061483666666666,9.868093333333334
0.8543999243743334,7.271017999999999,8.588143666666667,10.413880566666668
0.8582982166077827,7.502393533333333,8.567453500000001,10.758142333333334
0.8378278115787087,8.063896699999999,9.721816,10.142894166666666
0.8172703444196444,7.090470166666666,8.214336433333333,9.581695833333333
1.0302241357872786,5.319064333333333,5.601508666666667,6.123975533333334
0.88535920243633,4.857212133333333,5.895183,6.782187866666667
0.8469272101043464,4.286580166666667,4.993578833333333,5.3032393
0.8253936500311384,4.555572300000001,4.914386566666667,5.812891066666666
0.8198097310996028,5.575864,6.492891666666666,7.357731466666666
0.7764365477129361,6.163951466666667,7.2684906666666675,7.878062
0.8390148982697179,6.959864433333333,7.717573466666667,7.796011733333334
0.8304468061372793,6.055961000000001,7.595264,7.057296433333334
0.7860866664719954,5.587908533333334,6.291396566666666,6.3485684
0.7808161235014692,5.6957013,6.911878366666667,8.386707666666668
0.7798447554110227,5.843988333333333,7.055235066666666,8.130999000000001
0.7800514566988043,5.8570785333333335,6.783022866666666,7.200989333333333
0.7971316054740235,5.784253766666667,7.009125999999999,7.456499533333333
0.7855707628975543,5.485626166666667,6.374169366666667,7.022569566666667
0.7758762799119121,6.0369248,6.927598466666667,7.632723833333333
0.7617766015066755,5.9034786,6.9627672333333335,7.398937666666666
0.7545150766248595,5.395143999999999,6.3066646,6.2578471
0.8042804093338414,5.667626233333333,7.141525099999999,6.8482845333333335
0.7879250572281095,5.611238133333333,6.362775966666667,7.462133933333334
0.7890047726154062,6.627552633333334,7.4697423,8.549567333333334
0.8918313081519863,5.077298466666666,5.4951579,6.676630500000001
0.8209983922496025,4.440380033333334,4.8599950666666665,6.262953899999999
0.792410384723885,6.049492766666667,6.5784586,7.356447666666667
0.7916754125574285,6.764416233333333,7.552473666666667,8.127256000000001
0.766626958484848,5.6102848666666665,6.308536,6.7680885
0.7418647406991576,6.568217300000001,7.234022366666667,7.9012332
0.8123129357774684,7.451710166666667,8.0707588,8.972896
0.7759811758079046,6.9657221,7.532828866666667,8.105271166666666
0.7797761405802316,7.201759433333334,7.620839666666668,8.060624333333335
0.7538782258061602,6.385612233333333,7.663619,7.982286066666667
0.7875151743142027,6.157859133333333,6.410896966666667,6.727314366666666
0.7939595164526702,6.206071833333334,6.566644533333334,7.0001196666666665
0.7805555205222557,7.359273466666667,8.0570877,8.535441466666667
0.8054479389216972,6.501971,6.9787751,7.326405
0.8223608169329583,6.839663666666667,6.8115409,7.675730800000001
0.8371024917997358,6.957677266666667,7.735508200000001,7.651010833333333
0.8629223077462694,6.7711461,7.688255633333334,8.455566333333332
0.839786907319166,6.0017337333333325,6.424703566666667,7.285452666666667
0.8472239095701847,6.427755866666668,6.851816333333333,7.980596333333334
0.8296501922608585,6.126518099999999,7.160313066666666,8.105097800000001
0.7789210249290429,5.974045966666668,6.995921,8.219374166666666
0.7971830796559362,5.648189900000001,6.413349166666667,7.713730166666667
0.820219928365414,6.813163333333333,7.695917866666666,8.830106899999999
0.7744111800683499,6.012762900000001,6.944260266666667,7.802059833333334
0.7856098780311863,5.052761366666666,5.735642466666666,6.078388400000001
1.3566836073138806,8.569612999999999,9.270921,10.7436096
0.9502211528180108,4.5557362,5.073144266666667,6.3693931
0.8470417248855936,5.742383566666668,6.366258466666667,8.1907458
0.8367797757113428,4.9684065,6.055047433333333,6.5450878333333335
0.7983774683222605,4.652599700000001,5.530646333333333,6.450620766666667
0.8024160179290724,5.943775433333333,6.634536033333333,7.424817833333333
0.8126680042764978,7.186376,8.0237468,9.118714666666667
0.8172731726238007,8.159892099999999,9.380116666666666,10.863554
0.8049570217773395,8.929213833333334,9.987075666666668,11.131415166666663
0.7741423399811254,7.575240333333333,9.489063,10.073604333333334
0.7848929521685338,7.1706777,8.0388788,9.460022766666668
0.814340327049729,7.211588766666666,8.379073766666666,8.835926500000001
0.7967851409564712,6.342046766666667,6.967583333333334,8.272188
0.8284556150893932,6.568475033333333,7.569715833333333,8.423468833333333
0.8077515702056891,6.4459551333333325,7.458784233333333,7.907984133333334
0.8126505111929093,7.353213533333332,8.622405333333333,8.414173
0.8417524618054935,7.652952766666668,8.353516666666666,9.170874833333334
0.8125309102071752,8.495818000000002,9.32191,10.131204666666669
0.7846751267029551,8.677056333333335,9.676827666666666,10.767284333333334
0.7987762204199186,11.15495,11.556122,12.747897000000002
0.8028159939072501,10.557890666666667,11.337178166666666,11.637944
0.8439219932492358,10.475210833333334,12.328610666666668,12.108488666666666
0.7845797247679464,10.701533,10.249094333333334,11.106621666666667
0.821327855236305,9.823588666666666,10.689669,10.967183333333333
0.8135390610256724,10.125342666666668,10.914734666666666,11.155955333333331
0.7881320992475134,9.063744333333332,9.814063,10.797173666666666
0.8054480837925823,8.766411,8.753971,9.954061333333334
0.7800044593253405,7.639523333333334,8.056376233333333,8.462055000000001
0.79746591677065,7.589940766666667,8.018458866666668,8.965222166666665
0.820558295709681,7.4782473,8.000797333333333,9.189205333333334
0.8105278632951296,6.764401500000001,7.968038133333333,8.961328533333335
0.807350558948773,7.207205933333333,8.571354833333332,8.787436666666666
0.8330083543733174,7.246230066666667,7.911257666666667,8.951078333333333
0.8197961757280291,8.612430666666667,9.094340666666668,10.438949833333334
0.8336119062731667,8.813891666666667,9.264293,9.8394981
0.8222853513038654,7.2229919,7.676273466666667,9.0337835
0.8266480581727355,7.277820766666667,8.500113566666666,9.888421666666666
0.8187006252808269,6.497383200000001,7.339388,8.354055333333333
1.246393410492752,26.485394,32.26728266666667,26.275361333333333
1.0803153696745071,4.446325666666667,4.671771333333333,5.953524433333333
0.9340234315094812,4.213572,4.9646124333333335,6.814920666666666
0.8250058872803135,4.7071462,5.1270698,6.614400000000001
0.8301958103761936,5.268304866666667,5.560116033333333,6.750602433333333
0.7765911918378658,5.808838866666666,7.059744899999999,7.651294333333333
0.7875329622740929,7.064894033333334,8.4922564,9.003758499999998
0.7985763276822975,7.815161333333333,8.691944033333334,9.684688666666666
0.7822752518007515,8.392105933333333,8.786177333333333,9.859529
0.7948567317957616,7.958037666666667,8.891513000000002,9.4537226
0.8096200742334715,8.019590533333334,9.035236666666668,10.021405333333334
0.8209378347575583,8.492387333333333,9.400782,10.538431666666666
0.7717920118969244,8.399056133333334,8.969275666666666,10.032470666666669
0.7881844640329109,7.855442333333333,9.502183666666664,9.730112666666669
0.8122041929745348,9.1382865,9.680116666666668,12.123675666666664
0.803684809161361,9.23769,11.155921333333334,11.671143
0.7749891154666955,9.113257333333332,10.326909333333331,10.840455333333333
0.8157045539999301,9.238708333333332,9.606226,11.353884666666666
0.8120138200923007,8.889620766666665,9.830714666666667,11.447606333333333
0.8029395375336184,8.4018502,9.877343333333334,10.3448745
0.7957326774041631,8.4807111,9.031037333333332,10.408138
0.8181810819914853,7.893995399999999,9.419422,10.238872666666666
0.7987249489824825,8.353559,9.519042833333332,10.314313833333337
0.8127847975505169,9.3865265,11.100485999999998,12.090373833333333
0.7950250137126126,9.782503,11.790615333333331,12.827268666666669
0.8198886453113685,10.41514,11.135629666666668,12.104633333333334
0.8440147453386516,11.298310666666666,11.096559333333332,12.127775
0.8247170068344819,10.317513666666663,10.813333333333333,12.392960666666667
0.8295276239432496,10.821674666666668,10.919687833333334,13.355214666666669
0.8225805975622831,10.160527333333333,10.250493333333331,11.557890166666668
0.8028658593429032,9.688017666666664,9.771560333333332,10.881897
0.826809182548987,8.193371533333334,9.198517333333331,9.983734
0.8418128810156372,7.477717333333333,8.273427866666667,9.482759833333334
0.8227078347514839,7.571305,8.152514666666667,9.642082
0.8048168083558984,7.441470566666666,8.5478075,9.668300333333333
0.8497389374608071,7.0318389,8.650494233333333,9.689545466666669
0.82574725405335,7.575708899999999,8.690484,9.486652166666666
0.8496458595795725,7.318066599999999,8.892121000000001,11.272810333333334
0.8080988263119572,6.697608133333333,8.3692222,9.1725969
0.8014325227231804,6.907737333333333,6.893600566666667,8.765565866666668
0.8230605923261723,6.216303133333334,8.004618666666667,7.979103266666667
0.8205771041305666,6.000130966666667,7.084189899999999,7.917539766666667
0.7916795023455215,5.231199166666666,7.322851833333334,7.268597666666667
0.7935255517608727,5.6678753,6.513462999999999,8.377369
1.113082109432065,25.094641,28.444144000000005,24.596053666666663
1.004713389399077,11.620237,12.4144425,11.767684
0.9506544412685914,9.753203333333332,11.2880555,10.400001666666666
0.9102264068583312,8.510073,9.094107,8.826189333333334
0.8947800546354404,9.063190666666667,9.792046333333332,9.323375666666667
0.8930281929459052,6.9711232333333335,7.863141066666667,8.087206133333334
0.823822906048448,7.046180566666666,8.1480501,8.032085
0.8149456534915037,6.978599,7.792975933333333,7.566500533333333
0.8310274846578145,6.340592399999999,7.144658766666667,7.369142233333332
0.8218839531745168,5.893617,6.466849933333333,7.932391333333332
0.8082529088203856,6.113934766666667,6.732774466666666,6.563081
0.7980267934910549,6.640924133333333,7.095070366666668,7.6666221
0.7793813300960165,6.630782033333333,7.544962333333333,8.095295166666666
0.8228905753229189,5.3343899666666665,5.497373733333333,5.996689466666666
0.842763285711747,6.249705566666667,6.721210233333333,7.657703000000001
0.8394249919369482,6.3049313,6.966160900000001,8.097002866666665
0.7984364070705183,7.083914766666666,8.129556766666667,8.948563166666666
0.796660631699179,8.452347666666666,9.058977333333331,9.089424
0.7977172289686117,8.641537999999999,9.291051333333334,10.407805
0.8071933305395808,6.9685541,7.9757352,8.756146
0.7999169276706035,9.048856166666669,9.692860666666666,10.538401666666669
0.7816353235365909,9.485316466666667,10.504802,10.787077333333334
0.7778400618080171,8.323971499999999,9.047405,9.867330333333332
0.8006713173314314,8.455622499999999,9.145474666666669,9.330170166666669
0.8024340830832242,7.0409918,7.944239166666667,8.765754233333332
0.7832260082604053,7.214245666666667,8.145285,8.639723133333334
0.8166561426286781,7.990697333333333,8.936335333333332,9.497470066666668
0.809417887584479,8.928873000000001,10.163785833333334,10.67345
0.7879775685816387,7.481379866666667,7.968884833333334,8.243937466666667
0.821974216716872,6.1600422,6.699180899999999,7.546879566666667
0.7869691884924936,6.533896966666667,7.359335466666667,7.978924833333333
0.8136075256012211,5.388874333333334,6.3309843,6.8677109
0.7931876885648853,5.537330799999999,6.3827271,7.056647666666667
0.9168233325027996,4.983630333333333,5.710396866666667,7.346315266666667
0.8937180561575513,5.0193702,6.019242466666667,6.9758444
0.846177582992795,5.6715192666666665,6.590804666666666,7.356147333333332
0.8451957437637905,6.200197966666667,7.459879099999999,8.0422885
0.8224671137760322,7.132905,8.677334366666665,8.646758666666665
0.8299334159885805,5.707007333333333,6.999233433333333,7.170920166666666
0.7760971671333472,5.882787,6.8665574000000005,8.570718433333333
0.7584090026732656,7.026201233333333,8.302413466666668,9.102049533333334
0.7753052746327205,6.915558333333333,7.341909066666666,8.214659233333334
0.7805477830784456,7.755369233333334,8.432869666666667,8.6188324
0.7820267969031875,7.4088861,8.393153066666668,9.301143133333332
0.7990533356032872,8.065700333333334,9.162001000000002,9.1649351
0.7708865200224609,7.502446766666668,8.0278713,8.806643266666667
0.7734414690923191,7.738147333333333,8.643482833333334,8.9857635
0.7855718566995984,7.469051,8.762542133333334,8.9905045
0.7856544055323713,7.824005933333333,8.650165166666667,9.331856666666669
0.7769652432826936,8.422564666666666,8.933325666666667,10.175864
0.7573667247488456,7.598002666666666,8.516343666666666,8.979425666666666
0.7821905582481087,5.549329066666666,6.344026333333333,9.261058
0.7687217974266943,4.9056352,5.6333773,7.978615099999999
0.7648919405715392,6.290498666666667,7.0112724,7.612665333333332
0.8026274238074707,4.9364924666666665,5.2565635,8.092736499999999
0.8215152345085887,4.6578652,5.327063866666666,7.251274333333332
0.7688123229078528,5.5637161,6.327244433333333,7.1164103333333335
0.7887258900568547,6.553187966666666,6.898957066666667,8.050166333333335
0.7903688846268252,6.153537,7.1004564,7.1434513
0.7444056985928317,6.652652033333332,7.121195666666666,8.268938866666666
0.7674332623451455,7.023979999999999,7.564241233333334,7.832737233333333
0.77522638684511,6.593280299999999,7.368742166666666,7.749404166666667
0.7982116114700556,6.7189358666666665,7.249155233333333,7.4452428
0.8223519717816901,5.119595433333333,5.645918533333333,5.7640459
0.8071049183189786,4.292763866666666,4.717950299999999,4.926638266666667
0.8294626818363128,4.5467264,5.519226233333334,5.2662421
0.822392503063701,4.9461612,5.417191833333334,7.418324766666667
0.7949240237535277,4.992049233333333,5.0130650333333335,5.4093175
0.8059999826265707,4.081482433333334,4.901736333333333,5.2979871
1.1130138595117145,23.72804233333333,27.746112333333333,24.684176
0.9144721201250984,3.0877684666666667,3.8590322333333336,4.3310457
0.8188878650417143,3.2540723,4.7467899,5.0477079
0.8721510259053472,4.372118866666667,5.153478333333333,6.155023233333334
0.8681937687030468,5.097060533333334,5.737096533333333,6.837471
0.8429411291228002,6.539111233333334,7.2691609333333345,7.699724433333333
0.8042462538124632,7.187895466666666,8.186025233333334,8.574009666666667
0.8245052268750303,7.9091598,8.940151,9.2854371
0.8103756379277884,7.450723333333333,8.525087999999998,9.778436999999998
0.7996047240468681,7.334804500000001,8.511651666666667,9.440297
0.7866106569260573,7.6498599,8.454868166666666,9.384890866666666
0.7825867024773085,6.913424166666666,8.341301333333334,8.634526333333334
0.7928273878103065,5.845449566666667,6.526556899999999,7.110301233333334
0.8232913337605607,5.6199215,6.766377599999999,6.8667294
0.8317701732414561,5.443850633333334,6.176352999999999,6.6337321666666655
0.8191352912740913,5.206584133333333,5.990210866666668,6.2322201
0.8228661085851282,5.574521000000001,6.745548966666667,6.971562233333334
0.8312920531218099,6.033582666666667,6.5977068,6.936707833333333
0.8370890782019403,6.088435166666667,6.7428535,6.942712433333333
0.802744280338926,6.500658766666667,7.698213666666667,7.604542333333332
0.7685236646474811,8.1103268,8.484517666666667,8.873405
0.7923380851108769,8.564853666666666,8.971901833333334,8.892970566666667
0.7815349804585002,9.121316,9.440302666666666,9.789767499999998
0.793626827389834,7.965444133333333,9.012726,9.390144
0.806558031728879,6.648320366666667,7.353260666666666,8.539756666666667
0.826537466896975,7.107715,7.724967133333333,9.069352333333333
0.816931582246951,6.181780066666668,6.714857100000001,7.337264666666666
0.8048372605808781,5.547421166666666,6.105478166666667,7.56034
0.8477519139852044,5.093180533333332,5.34941,6.134224000000001
0.8094217891089673,5.111099666666667,5.4527513,5.994935333333334
0.8163610105845377,4.8283781,5.894513333333333,6.1311848
0.8190792299581524,5.102517933333334,6.2359808333333335,6.350764433333334
0.8240322816187194,5.121934700000001,6.151799033333333,6.401373100000001
0.7803861062949197,5.743067966666668,6.968646533333334,7.5659692
0.8189484263650831,6.2092941,6.496054466666667,8.332573133333334
0.8251377768691351,5.4851494,6.033229033333334,8.158204066666666
0.7873910800311835,4.612321666666667,5.347512666666667,6.6316248
0.7916997994130529,4.9080344,6.314442799999999,7.382258333333333
0.8114669485507015,6.846688799999999,8.359770666666664,9.375704533333334
0.7949413349442542,6.713480666666666,8.606210533333332,8.907629433333334
0.7788787571630147,6.802930433333334,7.610602333333333,8.077727833333332
0.7932352336920063,5.7979012333333335,6.826212600000001,7.202484899999999
0.7796310797031438,4.905041533333333,6.033125433333333,6.855518333333333
0.7859058239162833,4.7879415666666665,5.6055398,6.564846
0.8026266005626729,5.165302866666667,5.6083202000000005,6.4838616
0.7845831432428413,4.973222566666666,5.2556219,6.159222433333333
0.8133589155337714,5.0773926,5.6390398,6.253819066666668
0.7893596426313265,4.9777894,5.614414833333332,6.235951466666667
0.7735298749514704,5.109867433333333,5.899303466666667,6.8884969
0.7774344494656126,5.5190099,6.432409799999999,6.8135012
0.792558364783387,5.9595415,7.394277633333334,8.838478833333333
0.7702690302049966,6.744472200000001,7.440762533333333,8.322634566666666
0.7982611151437226,6.260947133333333,7.165354000000001,8.444534333333335
0.8055699976572677,7.393367633333334,7.795680933333332,9.110091833333334
0.8009447316033113,6.913294466666667,8.704436333333334,9.256845366666669
0.786017620927003,7.934083333333334,8.985132666666667,10.053113833333333
0.8451234732499732,7.403085,8.026539833333333,9.133031833333334
0.8269024195870808,6.350098233333334,7.1715067333333335,8.243165333333332
0.8300841335656712,6.959399466666667,7.559800766666666,8.890611666666667
0.8176892020379922,7.1628,7.352696333333333,8.531882466666667
0.8342412609508368,6.324026633333333,7.106694566666666,8.4442319
0.8485587443253676,6.212474666666666,6.825625666666667,8.873794333333334
0.8255385568789028,5.402705533333333,6.332390166666666,7.790778666666667
0.8288476958238897,5.283365766666666,5.6940710333333335,6.9498622333333335
0.8657307869430295,4.848368233333333,6.235920433333334,7.974684333333333
0.8486117405022249,4.652919099999999,5.932520333333333,6.845167
0.819903839634906,4.803137866666667,5.828031200000001,7.222531366666668
0.8423142560687934,4.3304272333333325,5.459439666666666,6.297476933333333
0.8590885922943478,4.4689417,5.390813633333333,5.958524233333333
1.0606945817590598,3.722856433333333,3.8036433333333335,5.4252529
0.9841892575125324,3.7887891,4.481642333333333,4.947384700000001
0.9099912595785656,4.9105613,5.9769051,6.591639633333333
0.8614985265219776,6.181761133333333,6.842649333333333,7.376539766666667
0.844750534354549,6.721916066666666,7.528052,8.720996333333334
0.8356642216551919,7.863565333333334,9.148313,9.81379
0.8063291384678196,7.431307333333333,8.754254166666668,10.178257333333333
0.8305712293762495,6.8555225,7.8394091,8.087814233333333
0.7693137296089674,6.659163899999999,7.4341802,7.898039866666667
0.7901565148733859,6.811153733333334,7.288226633333333,8.288996
0.7974294776832559,6.831026633333333,7.693050899999999,9.4243545
0.8207532337986542,7.155356966666666,7.554981766666667,8.777638000000001
0.7855296383129423,6.927394266666667,8.181725566666666,9.184285
0.7749641385232863,7.559642333333334,8.460104,9.116432666666668
0.7844344541397347,7.552519133333333,8.614553333333333,9.059966666666666
0.795076845718128,7.708643333333334,9.263374,10.579413333333331
0.7649295612923946,8.5206935,9.795063,11.608561
0.7907834495187048,9.437051666666669,10.474973833333332,11.976532333333331
0.7568893458760901,9.944466333333333,12.075908333333333,13.068084
0.7737060577016198,11.042758999999998,13.393246666666665,14.428423
0.7858613100937503,10.530933333333332,11.867406666666668,13.123804
0.7825759591525475,11.094539333333332,12.179566,13.282608666666668
0.8328413426524545,11.10627,12.112774333333334,13.703647333333334
0.8125923251824703,10.104567166666667,10.406962333333333,11.710914
0.7913247488522562,9.774079666666667,11.068378,12.231382333333334
0.8164370069502104,9.92398,11.091565333333332,12.020058
0.7881185684328029,9.111966333333337,9.850481,11.017754833333331
0.8094093703718411,9.042747333333333,9.301992,11.408229
0.8005568059951811,8.1127832,8.690591,10.081969833333334
0.8209481309483547,7.720584866666666,9.038024333333334,10.218573466666667
0.8351606722127937,7.779854433333333,8.755717333333331,10.031746666666669
0.8063212149377809,7.732159466666666,8.718065666666666,10.486179333333332
0.8076358636521848,7.205344666666666,8.800153666666667,9.668912666666666
0.8147091397146357,6.741944666666666,8.604889333333333,8.839022166666666
0.824824619401101,6.142357533333333,7.646929,8.316544533333333
0.8051264063811598,6.3523388333333335,7.229641733333334,8.331965733333334
0.8038957083981408,5.535733566666667,6.828595933333333,7.547871666666666
0.8182336155460185,6.2499354333333335,7.240542,7.598290666666666
1.2804107084143803,4.412149800000001,5.0364195333333335,5.526118766666667
1.1803922673660547,3.3997768666666666,3.629345366666667,4.279507166666666
1.182648532859342,3.6536952,4.2136167,4.282159
0.99862934076206,4.2897436,4.9503988,5.404567266666668
0.9585084720011876,5.2712474,5.9790568,7.2428391
0.8518244740429584,6.016818233333333,7.053401933333333,7.963906333333333
0.7832004612626341,6.803688666666666,8.192357,8.6392071
0.7971324793596777,6.724162,8.325748333333332,9.361859
0.8118547345073512,6.313418566666667,7.354280333333333,8.552582133333333
0.8056932309419795,6.536773366666668,7.898919666666667,7.775162333333334
0.7999980335564706,6.733763666666666,8.144813666666666,9.027271533333334
0.8045082665817755,6.809795866666666,8.235592833333333,8.806659466666668
0.7951670590034453,6.941631266666666,8.203510333333334,9.204152666666667
0.8229793125913486,7.3304075,8.577515666666669,9.112106566666666
0.8188685792262941,6.6201441,8.665665166666669,9.374350666666666
0.802566067488626,7.1628322,8.926660166666666,9.757423
0.8058838544958543,7.013224,8.678009000000001,9.674008666666667
0.8205904232055422,6.979911,8.185237133333333,8.927496333333332
0.8331356921651455,6.991944466666666,8.113575166666667,8.036966666666666
0.8588957374303527,6.767455966666667,8.398833766666666,9.014965333333334
0.8305148011678131,7.568531033333333,8.443445333333333,8.6615922
0.8508604058755392,7.790472466666667,9.342534666666667,9.635813
0.8262402151255683,7.990013133333334,9.334775333333331,10.224537333333332
0.8057092256210598,8.750039333333334,10.351584666666668,10.416841666666665
0.8194447474781574,8.905069333333334,10.1080575,9.9726715
0.8131451569027973,9.032366,9.684471333333333,10.498964
0.8224610334685162,9.215497333333332,10.128623333333334,11.104935333333335
0.86104884203295,7.915777133333333,9.055863666666667,9.275815333333334
0.8296056458985129,7.9510431,9.068620833333334,9.280577566666668
0.8458917831715725,7.922916166666667,8.482065333333333,9.1008396
0.838283465693403,7.160584,8.259000833333333,8.688853
0.8392938451170776,6.5805503,8.213431533333333,8.59107
0.8512752157070892,6.712970933333334,7.6691441,8.399169433333334
0.8269211570343274,6.490480499999999,7.766316033333333,8.117622766666669
0.841577168750157,6.1969077666666665,7.570673666666667,8.229686
0.8316116957120799,6.267902666666667,8.177148566666666,8.271462533333333
0.8421009513584039,6.346759566666667,8.118971866666667,8.278011766666665
1.2345411056658404,27.02319866666667,32.502822,27.230700666666667
1.2015256486154808,10.007799333333336,11.248878,10.552190333333334
1.02289878843144,4.976588733333333,5.5012272,6.491680166666666
0.9273224040515488,5.678135866666668,6.539433933333332,7.257843566666668
0.8750657608377098,5.2354186,5.803761466666667,6.1394489000000005
0.8382106285059083,5.587765999999999,6.1717162666666665,7.681137566666666
0.8169220169472675,6.1783182,6.787411433333333,7.222507333333333
0.8100141890319702,6.212051866666666,6.845954266666666,7.998855433333333
0.8215116550702457,6.222509166666666,6.917098666666667,7.519308666666667
0.8041085886137816,5.6144608,5.855681966666666,7.0795938666666665
0.7883248130526738,5.069091333333334,5.9106467333333335,6.369254733333334
0.804386473123365,4.9178052,5.738719433333333,7.325721466666667
0.7789899225679792,5.755672333333333,6.098223233333333,7.464421233333333
0.7776605948400542,6.485886000000001,7.256427233333333,8.755240833333334
0.8176973736759249,7.153439566666667,7.8547759,8.370391333333332
0.7985570789862381,5.8504972,6.9471857,7.663992233333333
0.7980100333370576,5.621135266666667,6.268931966666667,7.286537466666666
0.7688344010165103,5.583714333333333,6.127597499999999,6.822212
0.7496708270064945,6.0867450666666665,6.6772408,7.381572233333334
0.7747272494883193,5.871920466666666,6.607148,8.160091333333334
0.779145372113486,6.182684433333333,6.605605566666667,8.128718666666666
0.7896401110130866,6.253018,6.952173900000001,8.40518
0.787550040476971,6.438262733333334,7.887761,8.768887133333335
0.763318922956585,7.3822742,8.172082,8.680260433333332
0.7616346201122889,7.187449533333333,7.844910466666668,9.325782433333332
0.7487012863008801,7.0631504000000005,8.077536466666666,9.686457666666668
0.7764941058266338,6.565711099999999,7.504448866666667,8.090991333333333
0.7908652424352148,7.706278699999999,8.486995,9.192910333333332
0.7644485969086748,8.630454533333333,9.363900666666668,10.396062666666667
0.779357685884142,7.747903466666666,8.916322333333333,9.439513333333332
0.7657999147931399,8.779193833333332,9.769084166666666,10.449247333333332
0.8098582837017912,8.1858119,9.204438666666666,9.562663333333331
0.8105699502314828,6.863381166666667,7.383904000000001,8.605470866666666
0.8369209623491601,8.9072294,9.758639333333331,10.278098
0.7836364759961884,8.877457999999999,9.880702333333334,11.195891
0.8063132637317688,7.6891551,8.969004,9.562165166666666
0.8021028184958503,8.252619000000001,8.145923666666667,9.7653976
0.8221136009551051,7.547114066666666,9.060007166666669,9.214291666666668
0.8216215761902174,5.8038723333333335,6.8213361,7.779434566666666
0.8339629519534126,5.848013733333333,6.737502033333333,7.743434166666667
0.8181664268794485,4.678660766666667,5.746440333333333,6.148709866666667
0.8210761613238514,4.6271087,5.706075333333334,6.0151769
0.8231679932769609,4.528439766666667,5.036506866666667,5.747087566666667
0.8275253115225314,4.891429466666668,5.897554433333333,6.755566000000001
0.7982922466641206,5.637150633333333,5.893033366666667,7.181377566666666
0.7967575169235946,5.1600912333333335,6.1732054666666665,7.284213233333333
0.815810754806965,5.4129179,6.5648051333333335,7.639983833333333
0.8031968391773541,4.569254166666666,5.7031181,6.318202166666666
1.1088342319341582,20.74294833333333,22.81752533333333,21.162980333333337
1.0675646015637057,11.588289,12.844008666666667,12.433779
1.0409751605822422,9.232032666666669,10.042998,10.307561333333334
0.9778195419318066,11.035655333333333,11.550037,11.28779
0.9529210935697312,11.710111333333336,13.829339333333332,12.359646333333332
0.8922189117406057,10.126545666666669,11.624658166666668,10.8898265
0.8514851455277005,8.331408666666666,9.549267,9.1731241
0.8429299402275641,6.319488266666667,7.045209100000001,8.025529666666666
0.8230766456424439,6.365412166666666,6.979928233333332,6.824779100000001
0.8371250840522414,6.684644866666667,7.295127100000001,8.078487
0.8525911382247383,7.271643833333333,8.2897202,8.790497333333333
0.8329208387325986,8.380063333333334,9.4868165,9.277727
0.833600583549401,6.945519999999999,7.299268666666666,8.021126
0.8397610710324832,6.498141133333333,6.914338533333333,7.178799166666667
0.8726658129780412,6.231471666666667,6.793397266666666,7.246287066666667
0.8069671107248234,6.587405666666666,6.924779733333334,7.3745178
0.7988208805969143,7.273801166666668,7.922792766666666,8.529586666666667
0.782398134772876,6.871225666666667,7.998187333333334,8.510033
0.772148983891611,6.3391014666666665,6.745438900000001,8.199702
0.7547691761293382,6.510963733333334,7.408509666666666,7.827409966666667
0.804225555994456,6.4146077,7.1257131,7.854293399999999
0.781504113975792,6.7558756,7.853840666666667,7.8261405
0.7637827398441992,8.527122,8.920783,9.649527
0.7606164404805537,7.720774533333333,8.295977166666667,8.694090133333333
0.7845849590980326,8.925615166666667,9.512135666666667,9.912143333333333
0.8202722130282533,8.6036345,9.193519666666669,9.4058
0.8093535552611542,9.215996,9.73819,10.667479
0.8013135314364206,7.627737433333331,8.439805666666667,9.519323833333331
0.7977951523500654,8.564694600000001,9.587485,9.772635333333334
0.8014480637702581,7.1624422,8.006886833333333,8.215808333333333
0.8070992365696722,7.3368568,8.220337333333333,8.806863866666667
0.7994866557119948,8.0164676,8.887439,9.317553333333334
0.8210517901698932,7.5743441,9.342579666666666,9.284840833333332
0.8192816491566145,7.0353947,8.331861,9.011077666666669
0.817411296711164,7.315513533333333,8.200038566666667,8.653624
1.2152950682041908,24.623511666666666,29.06400233333333,25.242360666666663
1.0876996943784982,17.685402666666665,19.180858,18.758787666666667
1.112623426906589,13.365266833333337,13.700664000000002,12.978132333333336
1.0271359021040711,13.333573666666666,15.488135333333334,13.921189833333337
1.1192574594589078,9.792851,11.302056666666669,9.832492666666669
1.026005032562568,9.265316666666669,10.001753666666668,9.777108666666669
0.970684777251699,10.473587333333333,11.682044333333332,11.267664666666668
0.930014488810464,10.902824333333331,12.035187666666667,11.267242
0.8742276984692484,8.729682333333335,9.729569666666668,9.041434
0.873699876201005,9.056217666666669,10.425543333333332,9.846940333333334
0.8285509960993721,12.986357,14.559442333333331,12.964935000000002
0.8322898514117654,12.923057,14.416013,13.775587
0.823263781427818,12.406791,14.789236833333334,13.340823
0.851436775502853,10.919395666666668,12.376476166666668,12.083358333333337
0.7972880504955716,11.720788,13.295761,12.204924
0.8029052969885916,9.939982333333331,11.463002666666666,11.154066666666663
0.7950743363070578,10.722734333333335,11.687011333333333,11.659823
0.7616860929523729,8.788903,9.9620065,9.898536333333334
0.7701578374799268,10.678636666666668,13.299096833333332,11.477723333333335
0.7973787648798251,10.450603333333332,12.076981166666668,11.957448
0.7928426105901837,10.631242666666664,12.315310000000002,11.926057833333331
0.7928530551904363,10.2485845,11.577807333333332,12.228929666666666
0.8091935786811102,8.942399333333332,10.16868,9.9119535
0.8200203769650463,7.859604,9.002037666666666,8.916887833333334
0.8208913483406063,6.981111299999999,8.082391666666666,7.781216
0.8094050201829298,11.104753666666667,11.997735833333332,11.746082
0.8030485207546585,9.567734666666666,10.594531666666668,10.629692
0.8508552158777037,7.977849399999999,8.6856305,8.082760566666666
0.8211722517008359,7.517469166666667,8.243304566666666,8.497167233333334
0.7989648199180245,7.988052333333333,8.650886,8.817777566666665
0.8696613060562045,6.6852122666666665,7.129404999999999,7.433118766666666
0.8356161610012599,7.118458966666666,7.918817100000001,9.407802566666666
0.8024282404393634,8.546279666666665,8.626371666666666,9.898222333333337
1.1528093242071824,24.27929233333333,27.476547,25.257221666666663
1.034529230657169,6.695277333333333,7.8153949,7.276699333333333
0.8786161391806285,6.742380266666667,7.1346305333333335,7.775614033333333
0.8033882249113807,6.1682138,6.8443953,7.519498666666667
0.8050164498466247,7.604931733333333,7.778454666666666,8.823453333333333
0.7832031945888561,8.5268622,9.915002666666666,9.92238
0.8083685460026145,7.802926766666666,8.393955833333331,9.1562631
0.7931835809429924,7.9964382,8.974894333333333,9.993129
0.793852733792361,7.488786833333333,8.573456,8.734102333333333
0.8132303623410432,7.960118,8.716157233333334,8.992531333333334
0.8059348315037603,8.322086666666666,10.270284,10.572498833333334
0.8100860000085796,9.2033895,10.752814,11.608234666666666
0.8015696801527122,8.299465666666668,9.516949,10.126354
0.7887900158296807,8.88363,9.701709833333332,10.266977
0.7829555740126587,9.671575666666667,10.839700833333334,12.362311666666663
0.7794976431950152,10.212377666666669,11.442628,12.160938666666668
0.7779252012479425,7.881974199999999,9.913484,10.478597666666667
0.8165402864995382,8.902101,9.648581333333334,11.732581666666666
0.7891024171743058,8.828162833333334,9.455051333333332,10.561513666666666
0.7883894902031292,8.975362333333333,10.416214000000002,11.222970000000002
0.7762742429102075,9.683174,10.150785833333332,11.442589
0.8058604961170905,9.424011333333334,10.725290666666666,12.048633333333331
0.7861555124944264,9.936451,10.335840333333332,11.270476333333333
0.7690368093614324,9.087560366666668,10.154507333333331,11.359113
0.7948369779071521,9.4094271,9.695555833333334,10.779995833333333
0.7968605405812252,7.982039666666666,8.795932333333333,10.415677666666667
0.8057661796721406,8.232473866666666,8.992139666666667,9.871945
0.7842207700811628,7.787496900000001,8.540646666666666,9.196701433333333
0.8249794649005713,6.477422566666667,7.532214133333333,8.085378333333333
0.8329433327783189,5.859145566666666,6.856079666666666,7.113510766666667
0.8194866231973505,6.461558566666668,7.064206166666666,7.448526333333334
0.8531492913306029,5.9140968,6.8688265,7.318805666666667
0.816661888412605,6.072870233333333,6.927613999999999,7.620841666666666
1.1342601381810669,12.742973666666666,14.511568333333337,12.583326333333332
1.1168605233818958,5.5714782666666665,6.124855133333334,7.379839166666667
0.9227954609766694,6.163077733333334,6.4885581666666665,6.337542333333334
0.8943942147952787,6.993790866666667,7.761636466666666,8.314234666666666
0.8467140960362988,6.306130866666666,7.174699,7.298680099999999
0.8097813283549757,7.1049155,8.3195539,8.5398652
0.8076401000521786,7.300234166666667,8.29886,8.431089333333333
0.8062390280054985,7.838114166666666,9.352306666666667,8.891010999999999
0.7909477792947966,9.055856333333333,9.492467,9.710632166666668
0.790855979486004,7.595182766666666,8.341364533333333,9.260880233333332
0.8072281716238455,6.281845433333333,7.009975166666667,7.514771566666667
0.8088405626517731,5.544954300000001,6.436253100000001,7.491389966666667
0.7812412457831819,4.827909666666667,5.133673533333334,6.251454166666666
0.7834311745678307,5.6601217,6.689601766666667,7.4092072
0.7755632338842923,8.020295466666667,8.638855666666666,10.147595666666666
0.7726756674920227,6.547097666666667,6.933127833333333,8.799290833333332
0.7730775377752316,6.1694157333333335,6.779997133333334,7.4157052
0.7354869700469547,7.950597566666667,9.105063333333334,9.855647
0.7359320750515476,9.717870333333332,10.855619666666668,11.988225
0.7751835896264309,10.448244,11.371044666666668,11.790694333333334
0.7810721237864525,9.203048666666666,10.178153666666669,11.310203166666668
0.766691869882186,10.320234,11.310462666666666,11.742968
0.783467637630619,8.168692333333334,8.762378,10.353463666666666
0.8002815363534795,7.414219200000001,8.034330666666667,9.222562833333331
0.7720286853464507,7.205578,8.465791333333334,9.395334666666663
0.7599903472948784,9.948740666666668,11.105117666666668,11.427649333333331
0.7573843916101985,9.837297666666666,10.646823,10.607640166666668
0.7724510632665588,7.734612000000001,8.476330333333335,9.330410533333334
0.7793815368936157,9.726291,10.838333999999998,10.625396
0.7622992877606878,9.677202,10.696852666666668,10.882046
0.762281497606979,7.231732666666666,8.259483166666667,8.502460533333332
0.7788862929742338,8.406479666666666,9.14331,9.692495
0.7805578518836654,8.758496,9.588929166666668,10.296401166666666
0.8205555320617615,8.731203333333333,9.989812,10.044650833333334
0.7663661642200829,9.625589333333332,10.207143,11.104707666666664
0.7801302054775935,9.164464,9.6919,10.252808666666668
0.7818634965355695,7.282064666666666,8.457279,8.773829666666666
0.7944600765994728,6.802652999999999,7.362218366666667,7.854142666666667
1.187120373709055,25.926004,30.89414933333333,28.438098666666672
1.099945806766942,22.314901000000003,25.54992533333333,23.142212333333333
1.0712547939126835,19.12211333333333,20.884516,18.82339233333333
1.0887053406766218,15.917170333333331,17.52766,15.953968333333334
1.0396050734728968,13.218200333333334,14.746033333333337,13.989776333333332
0.9958045391727172,13.993719666666664,14.38301,13.363623666666667
0.9049821236423142,14.240775,14.553497666666669,13.665770333333333
0.8974526713987006,14.183952666666665,14.853029,13.917595333333333
0.8767366157399472,15.111083666666666,15.544894333333332,14.814026666666663
0.8465596700417599,9.468816666666669,11.207574333333334,10.310394666666667
0.8521069082463987,10.612299666666669,12.304146,11.760941333333337
0.8440205228175763,10.723081,11.891711333333332,11.254809333333334
0.8402062297481508,9.957392333333331,11.241744,10.489443666666666
0.8268189752170434,12.022908666666666,12.689602333333331,12.378264666666666
0.8302370446339142,9.417464333333331,11.091123333333334,10.401064333333332
0.8195015528846974,11.610695,12.029904833333331,11.492851333333334
0.779325842840897,9.380802166666667,10.095326333333333,9.6662175
0.8095741895727421,8.452559333333333,9.254125166666666,8.941431666666666
0.7922776923648378,8.426129333333334,9.259014666666667,9.197242233333334
0.8018712410896581,7.258477066666667,8.216851666666667,8.793354666666668
0.8041844635561338,8.937746333333335,10.19644,9.721355
0.7684318242159596,9.963678333333332,11.635202166666668,11.105085
0.7931806390429789,9.078824,10.679509333333334,10.070085
0.7536794551195797,8.029734866666667,9.4403135,9.451038666666667
0.8005588032584199,8.892507666666667,10.331262666666667,10.016900666666666
0.7916508612976177,9.446021666666669,10.905727166666663,10.416299333333331
0.8066769194911667,9.239761,10.536658666666668,10.319489
0.8158586898896208,7.867084333333334,8.336196000000001,9.012739333333334
0.8270027241198875,6.955811,7.545018233333334,7.863851100000001
0.8033462474935634,8.266004,9.117779,8.658336133333334
0.8082356654677927,7.080608466666667,8.059090166666666,9.0964314
0.8327763601128225,6.543831466666667,7.459416233333333,8.005683
0.8317391630764673,7.868771333333334,8.222874666666668,9.048835666666667
1.2037841776221407,10.569253333333334,11.668159666666668,10.408051666666667
1.0639618008157397,4.150894733333333,4.0752289,4.5650054
0.9533271794079968,3.0713296666666667,4.1134973666666665,4.593754433333333
0.8578398595585544,4.670296,5.234979466666666,5.3137169
0.7950686993780641,5.048762333333333,6.630654533333334,6.4020826
0.7940577084215933,5.284011666666667,6.631374866666666,7.242670666666666
0.8132663100210067,5.976230933333333,7.419142499999999,9.027367333333332
0.8298463087391502,6.8042306,8.420281033333334,9.193342666666666
0.8209364593064435,6.5253816,8.618756466666667,9.527442
0.8081639574507095,7.450019333333333,8.885400166666667,9.065447
0.8226924096853611,7.6895095,9.100576166666666,11.354322000000002
0.8014178850076128,8.4204615,9.707808,10.514493666666668
0.7874379749277386,7.5210951,9.014408,9.354489233333332
0.8121022629542142,7.348608966666667,8.6154592,9.274995666666667
0.814072957320736,8.009404,8.556612666666666,9.735817766666663
0.8173180650530519,8.285540233333334,9.583484,9.876928833333332
0.7583538905311357,7.7741045,9.959535,10.503979
0.7878428900038651,8.282178666666667,10.357654666666669,10.877857
0.8176309358082287,9.133374333333334,10.4183945,11.054008666666666
0.771082706068125,7.902705866666666,9.645836,10.030445666666669
0.8087979944349509,8.161619566666667,9.941564666666666,11.119641666666666
0.8045244070287216,8.422247166666667,10.576118,10.454451333333331
0.8109912909370127,8.709933,9.991428333333332,10.105863333333334
0.8119678646444771,7.299057833333333,9.419885333333331,9.847350666666664
0.8303848314180747,7.911354866666667,8.371213666666668,9.471573466666667
0.817433674782661,7.404948666666667,8.971186666666666,8.787400866666667
0.8158670828903863,7.157343433333334,8.355787566666667,8.797229333333334
0.8529475132345036,7.477904466666666,8.121457133333333,9.730432466666665
0.8190717466272718,7.047278766666667,9.057444066666667,9.9065269
0.818603370755695,7.707597,8.6558761,9.707561
0.834660303581431,7.397963199999999,9.069327633333334,9.8687095
0.8378849400269016,7.714875666666667,8.912629666666666,10.028719333333331
0.8444629211819193,6.9979921,9.124326666666668,8.965288433333333
0.8372166122232191,6.226844700000001,7.134563,8.4566952
0.7980315981191969,6.066324433333333,7.020478733333333,8.654967566666665
0.7883607589387012,6.771995466666667,7.5861816666666675,9.369327166666666
0.8104467532304671,6.421137599999999,6.946784766666667,8.350017666666666
0.7994856869196062,4.568908033333333,5.524961266666668,6.2598245666666665
0.7977219197944804,5.221547666666666,6.519637499999999,6.8788982333333335
0.7310051331274302,5.214948433333333,5.759867533333332,6.4960512
0.749726154361367,5.359153666666667,6.5970525,7.785745666666666
0.7471861799517514,6.094702233333334,7.376252999999999,7.257214166666667
0.7958128514963692,7.278290299999999,8.209566,9.139853666666667
0.7901412009121457,7.438560533333333,8.467468833333333,9.349653333333334
0.7927299726929836,8.464106333333334,9.658408666666668,10.094165666666669
0.794214162188283,7.198447766666667,8.589194166666667,9.071616333333331
0.8076939282644737,7.734042833333333,9.383663666666669,10.731610333333334
0.7909980658900441,7.884171666666667,9.685449,10.118144
0.8195172379648724,8.113930466666666,9.126666,10.267619666666668
0.7996352452656201,8.182085833333334,9.586513333333334,10.349768666666668
0.804495148410428,8.0772432,9.851379,10.539133
0.7968453645045653,8.7707704,10.107182,10.981304
0.8286568627570737,9.652962666666664,10.422948333333332,11.865195
0.8092926539673838,10.233191,10.957327,13.090669333333333
0.8303822634161225,8.821097433333334,10.537947666666666,10.603878666666668
0.8290887401075344,10.710496999999998,12.217471166666668,14.323416666666668
0.8171678032327733,10.320556000000002,11.410426333333334,12.637812666666669
0.8275026245391607,9.664308666666669,11.256668499999998,12.804764666666664
0.8209137476225563,10.082267333333332,11.645367,13.1423905
0.8336903291188372,10.582309333333336,11.753225833333332,13.535389
0.810487718677526,11.592882833333334,12.605397833333331,14.078589333333332
0.8050112947407534,10.4594255,11.602785666666668,12.484923333333334
0.832614651559307,10.921667,11.279834666666666,12.545232666666664
0.8419594441568407,10.98156,11.231182,12.889371333333337
0.8210215254479581,9.562514666666669,10.658590833333331,12.320079333333334
0.8269857261812934,10.143541333333332,11.394908666666666,12.265371
0.8452127950476482,8.750105166666666,9.4064695,11.195060333333332
0.8425987914301113,8.556625666666667,9.961679666666669,11.334159
0.8329949576834589,7.612605133333333,8.980089666666666,10.338672333333331
0.863993048773717,8.311804799999999,9.141676,9.9713639
0.827505064476064,7.371594133333333,8.675089333333332,9.323331333333334
0.8378234129047007,7.120686233333334,9.0193555,9.487472
0.8243644300202941,7.324121466666667,7.982647,10.468962333333334
0.8224706711225741,6.4142798,7.368770833333333,8.152026866666667
0.8190677521738721,5.11606,6.1168305,6.391236200000001
1.1217372059959343,25.862296,32.03611566666667,27.066565666666666
1.2916073887931725,7.430207200000001,8.847060666666668,8.184930666666666
1.130055968197891,7.7073911,8.318841166666667,8.915972833333333
0.9870718720019734,7.888405566666666,9.200281666666667,9.504785666666663
0.9274684892411472,8.487903766666667,9.484516166666666,9.441887333333334
0.8842131817448443,9.3542895,9.968355,9.637831
0.8224612318988287,8.176443333333333,9.099656666666666,9.118172
0.84109329288993,8.129994833333333,9.101889833333331,8.6470559
0.8598003298925351,4.904196433333333,5.340104166666666,6.565104933333333
0.8305306599724132,5.521793666666667,5.774633233333333,5.7841283
0.8030795346801183,6.485328133333334,7.3074123,8.651319
0.8102365801803705,6.804270633333334,7.0188223333333335,7.3727112
0.8000418898832894,6.0601392333333335,6.5729151,6.778592433333333
0.7485575476007492,6.852621233333333,7.436004199999999,7.884342666666666
0.7600924318792845,7.2841581,8.108372533333332,8.541073333333333
0.733541194142722,6.825690533333334,7.042031966666666,8.074834000000001
0.7037081439344987,7.145238866666666,7.381677666666666,8.186880166666667
0.7401746763279159,6.622022766666667,7.163359166666667,7.6642844
0.7915328551689299,5.4098174666666665,6.329048666666666,7.403326199999999
0.8035228455553615,6.103717133333333,6.7743292,7.768366666666666
0.822726742206644,6.498812699999999,7.04269,7.979757866666667
0.7909951782532625,7.9788225,8.806158666666667,9.416596133333334
0.7574657562845166,9.413097,9.904530666666666,10.381802
0.7840279767732232,8.820286,9.805203666666666,10.845936
0.7571533824720843,8.435991333333334,9.543318333333334,10.190484333333332
0.798057084425419,8.752719999999998,9.824940666666668,9.862618333333332
0.792909128484386,8.315520333333334,9.098221333333331,9.056609
0.8045391788492333,10.206219666666666,11.166265333333332,11.174976166666667
0.8058563350712927,9.656857,11.174328666666668,11.827502333333332
0.8002507286186189,9.55896,11.610256,10.962236666666668
0.8015114763911613,9.175534333333331,9.978313,10.404551333333332
0.778309998777189,8.0129375,9.130921833333334,9.848183666666666
0.8173649451670432,6.675315466666667,7.237113533333333,7.544805133333334
1.3887022440497825,5.465364633333333,5.9389349,5.9752887
0.8408576643027676,3.9548466666666666,4.571351866666666,5.354135366666665
0.8332514699364099,4.026330533333334,5.215471966666667,6.666931666666667
0.8472217395170167,4.629941633333334,5.9090287,6.513347333333333
0.845935836794823,5.516244933333333,6.1378646,7.644665666666666
0.820645957359543,6.615480133333333,7.0850545333333335,8.044192233333334
0.8233595300709814,8.275453,9.077977666666667,9.529072333333334
0.7951128853693508,8.035586133333332,8.964083,9.844729833333334
0.8134005912268775,7.8650657,8.426606333333332,9.757486666666669
0.817115579226952,6.854130766666667,7.874546366666666,8.244284
0.7991363802869328,6.5287829,7.623353000000001,8.944355666666667
0.7989071961857794,8.025660566666666,8.416065566666667,9.2619005
0.801554257571258,7.796722333333334,8.291035133333333,9.1984638
0.7718049210094314,7.0302809,8.775362666666666,9.310075833333334
0.7759268635135547,7.5598853,8.369846899999999,9.287576
0.7714249151013176,7.7608965,9.316097,10.479880333333334
0.7739811835061211,8.349265666666668,9.734068333333331,10.841506666666666
0.8015063471957236,9.199705566666667,9.718054,10.716676666666666
0.7663059983549093,10.27623,11.917433,12.777490666666663
0.7840992393283016,9.997136333333335,11.942596666666669,12.7060845
0.7659948316424631,9.322616666666669,10.321239666666663,11.905741666666666
0.7618379093107032,9.025029433333334,9.726132666666668,10.817622333333333
0.7981635506969947,10.100799,11.489084333333333,12.310372833333332
0.7850289274593137,10.119779,11.281337,11.351182
0.7985170594191628,9.636826999999998,10.999773333333332,10.822518
0.8028985236086189,8.746001999999999,9.978868333333333,10.320041333333334
0.7902963611820205,8.327293899999999,9.551585333333334,10.683174
0.7807366733673925,7.949586366666666,9.56097,9.212486333333333
0.8187145252952317,7.904862066666667,8.426709666666666,8.857466066666666
0.8058493934143862,7.447522866666667,9.177049333333336,9.1347981
0.8448322188605676,7.808092833333334,8.201894166666667,9.259928
0.8404954386315256,8.475122833333332,8.850703000000001,10.164986333333331
0.8280110794707953,7.953721900000001,8.820689333333332,8.8625615
0.8398095470737279,7.7653425,7.9160532,8.707684
0.8268362348365107,7.1133591,7.5278532,8.566092833333334
0.8395754905815928,7.203938366666667,8.324232666666667,8.702792666666667
0.838911674502936,7.638630466666666,7.839212000000001,8.535849666666667
0.8071376299709027,6.7588579,7.7549707,8.4207429
0.8386347541558461,5.966920900000001,7.066377,7.340584533333334
0.7852373324181573,6.097904433333333,7.161573066666667,7.823175666666667
0.8181506279558913,6.8443901333333335,7.830339300000001,8.276028866666666
0.8169061660381942,7.1611525333333335,8.408934099999998,9.6513439
0.822879445656964,7.105799833333333,8.1230945,9.170433666666666
0.8007067698819523,6.235791033333332,7.649812333333333,8.745640333333332
0.7811502417053516,6.475672833333333,7.474138566666667,8.754347666666666
1.2865364148325482,24.38375633333333,30.305028333333336,26.963002
1.113057452027543,7.787345766666667,8.550769666666667,8.440052566666667
0.8991486278486107,4.980334766666666,5.270845433333334,5.937754766666667
0.9081794781057084,4.120972833333333,4.561549,4.821830166666667
0.8070825444356801,5.1820351,5.640842599999999,6.392836133333333
0.7769917135021712,6.3612657,7.270447433333333,7.9924392
0.7853261002633184,7.034484233333333,7.551764666666666,8.900541333333333
0.7751016272232897,8.691074,9.305019333333334,10.460533333333334
0.7685636767566649,8.189602366666668,9.110267666666669,10.500111833333332
0.7588561391462378,8.611080999999999,9.922451666666667,10.7585425
0.8124052354369967,8.198327666666666,7.677112600000001,9.221520533333331
0.8036174930758825,8.0368112,8.552120666666667,9.179414333333334
0.776062853754874,7.530199133333333,8.426291233333334,9.387229666666668
0.7561150619107498,8.3334858,8.518009333333334,9.638049233333334
0.7603380893286374,6.8534112,7.812421333333333,9.315966
0.8483963010151107,6.6910143333333325,7.4585729,8.643262533333333
0.7786784583614859,7.013399199999999,7.765335666666668,8.944640999999999
0.8152070480320487,7.6552161,8.514215000000002,9.516535
0.8385996271697378,7.557810333333333,9.033503,9.9508378
0.7936626453585071,8.2148329,9.035609,10.074684
0.8009654136154563,8.853488333333333,9.728349333333334,11.310669166666663
0.7790661068488856,8.753244666666667,10.254394666666666,10.709890333333334
0.7979289787038867,9.2834998,10.035180333333336,11.381806000000005
0.7813444721172361,10.416324833333332,11.288610666666663,11.407500999999998
0.8074609754610309,9.581868,9.765718333333334,11.785145333333332
0.8054958276190599,9.027026333333334,9.879764,10.847330833333332
0.8154171048088964,9.473223833333334,10.520245,11.100025
0.8170483560459335,9.777063,9.768921666666666,10.915080666666666
0.8405683658228492,8.258436166666668,9.333947,10.357494
0.8048111142381567,7.2613576,8.735917333333333,9.730744
0.815217398726508,6.739529666666667,8.003354166666666,9.519033666666664
0.845627117723904,6.669115000000001,7.8153079,10.7694779
0.8442749688252831,6.310602933333333,6.788506833333334,9.593683833333332
0.8321805633577307,4.8480722,6.260386833333333,8.039333666666666
0.8359941480151507,4.829144633333333,6.105668866666666,7.305439933333333
1.1423181636928468,14.946515333333332,16.970731333333333,15.314120333333332
1.3220162628376066,4.332657466666666,4.771033,5.1952492
1.1410397987051002,3.7437207,4.736981933333333,5.5266133
1.0883972745199746,3.6367008,4.2253878333333335,4.545828866666667
1.075026269690275,4.3835872,4.976690766666667,5.8958471
1.0218170011157417,4.967551266666667,5.828644199999999,6.511816200000001
0.9080537195437262,5.043297,6.042189433333333,6.573113666666667
0.8267918429636953,5.857016566666666,6.668649900000001,7.486288433333333
0.8338967662633495,6.867732566666668,7.484151433333334,7.940160533333334
0.8546790973395719,7.1902912,7.778499,7.6554762
0.8220890962446189,6.558442533333333,7.660484666666666,7.8607598
0.8257197087310688,5.353235566666666,6.288735066666667,6.544902233333334
0.7973786984468808,7.161434366666666,8.216750333333334,8.236821166666667
0.7972216316578331,6.2704811000000005,6.8451008,7.583417999999999
0.782922467234117,7.882960333333333,8.315439,9.648123333333332
0.7780325304509562,6.563096766666667,7.355427433333333,8.036360666666667
0.7423181612717072,6.7945623,7.227139,8.172370466666665
0.7600246497422626,5.442271433333333,6.048222233333333,6.6542032
0.7633953919687362,5.4139165,5.945029333333333,6.568072466666667
0.754183841986981,5.390339099999999,6.014118666666668,7.550385333333334
0.7967982260967288,5.050019333333334,5.324298,6.791894833333334
0.8040539089327311,5.941374133333333,6.497702499999999,7.490917333333333
0.7744112587089406,8.474276666666666,9.258295666666667,9.806505666666666
0.7870003312598524,6.449280399999999,7.059505233333333,7.896631166666668
0.7838893937882164,6.632106866666667,7.612960666666667,7.999846333333333
0.8190004142589246,5.883306366666666,6.932534933333334,7.649091766666667
0.8413248968588739,6.276614299999999,6.911921333333335,7.346557133333333
0.7892194228140713,6.429836466666667,7.1134499333333325,7.215341899999999
0.7960489814019086,6.907628766666666,7.443531133333333,8.003113433333333
0.784363431035492,9.529460666666669,10.236043,9.7031245
0.7876920367968814,8.443720833333334,8.793659166666666,9.283140333333334
0.8056778905166294,6.4854409,7.460330866666666,6.834052233333334
0.7844455778832607,6.3227671,6.816571666666667,7.058969
0.7882463577402521,6.211002833333333,7.056818666666668,7.087951100000001
0.8138525113716044,7.525519833333334,8.390576333333334,9.1742015
0.7750162587444948,7.7589811666666675,8.476595333333334,9.3679629
0.7953793409252325,7.519091733333333,8.787824666666667,9.484778866666666
1.0998198332187243,21.499239,23.46596033333333,21.43141333333333
1.1206128834065312,12.309905333333331,14.182155,12.881893333333332
1.1217396189324365,13.231904833333331,15.157652333333331,13.387935666666666
1.0657465784673466,12.0945785,13.527276666666666,12.191840666666666
1.1188826705956096,10.076659666666666,11.363162,10.701350666666665
1.031569105826648,10.530067,11.996775666666666,11.476069666666666
1.009859326930275,10.498907333333332,12.001529666666665,11.080655666666669
0.9806670626236568,8.99122,10.312357333333331,9.244009
0.8964378665233169,8.278887,8.748083000000001,8.272164166666666
0.9353551346319988,9.746764333333331,10.520739666666667,9.917716333333331
0.906347551534946,9.010412333333331,9.613822333333331,9.184288333333331
0.91741343520763,8.449963,9.509226666666668,9.451595333333332
0.8799800560054124,8.564905666666666,9.463063666666669,9.153125666666666
0.9041916708795718,8.401854333333334,9.236163,9.762251666666666
0.7839472916813023,9.236166333333331,10.404806,10.206826
0.7912359204980263,8.899147666666666,9.528305666666666,9.389043333333332
0.8091591843018339,7.728774666666666,8.699474333333333,8.729039166666666
0.8186043127774117,7.983200133333334,8.693449,8.955206
0.7962811741670338,7.508088533333333,8.429035566666668,8.4782921
0.8176111982989088,5.8807398,6.7475081,7.263334
0.8065152724390113,8.242615366666667,9.096282333333331,8.842087000000001
0.8366530478217111,6.834722233333333,7.682924866666666,7.682290866666666
0.8268939511280701,5.898397833333334,6.3146224,7.282113333333332
0.7829630008110314,10.3923695,10.833622999999998,11.146338
0.8003462440601009,11.283438,11.849396666666664,11.926275666666667
0.817800910667463,10.614317333333334,11.786915,11.058803
0.7852806632503869,8.8394472,9.79824,9.573515
0.8047894218367061,8.2761628,9.749346666666668,9.620635666666669
0.8288366808686572,8.115899,9.603449,9.096028
0.8257367395418692,6.8468819,7.6180606,8.069392
1.2604302986732223,25.333312,28.111218,24.705981
1.2179426461887843,8.220684333333333,8.746946,8.420425666666667
1.0537999083964462,5.690298866666666,6.233931233333334,6.509427166666666
0.8644901077837913,6.206150466666667,6.978980433333334,7.490115799999999
0.8353732841882667,6.824790133333334,7.453814233333333,8.384614466666667
0.8146275729143349,8.398150666666666,8.928662766666667,9.4700755
0.8198411692341477,6.933701733333333,8.778983666666667,8.741415466666666
0.7894442782550497,7.484428833333333,7.853390399999999,9.6757239
0.8090602907487942,9.068494,10.282488,11.734504333333334
0.7956325268104006,8.493304766666666,9.719474333333332,9.887811666666666
0.8114441437311104,9.254688333333334,9.737695,10.8356115
0.7981510363744206,6.9665149,8.1668162,9.179625
0.7869904693781179,8.254885666666667,10.135507333333331,9.773614666666669
0.7986692435621098,7.768980566666666,8.434954,9.220605333333332
0.7929558054695519,7.560280833333334,9.0896465,9.795011666666667
0.7894807193115244,7.304552166666667,8.237792333333333,9.9443882
0.8065717642446373,6.475455433333333,8.2605492,8.394546666666665
0.8126316083076172,7.033306266666666,8.009521666666666,8.592467466666667
0.7892825768540455,6.700593333333333,7.493859333333333,8.404245
0.7909943971539507,7.765958333333334,8.918116333333332,9.614539333333337
0.8002102461286217,6.751487766666666,8.104104,8.656689333333333
0.8105249207841015,8.2397245,8.449141,9.696364
0.8127832521660641,7.049949233333333,8.148878666666667,9.638336666666666
0.7751984830914621,6.397676233333333,7.4253177,8.077114333333334
0.8029850286902462,6.6701452,7.191318899999999,7.877871566666666
0.8294921587401024,6.934143233333334,8.124816166666667,7.803656033333333
0.8251186616782884,5.8879771666666665,7.189245933333333,7.465044133333333
0.8095248407200136,6.82129,8.908361999999999,8.8810412
1.2292884156034338,7.704316766666667,8.829958666666665,8.057312433333333
0.9065019847005116,3.9613379,4.7175874,6.19921
0.8686021304812996,4.433969366666666,5.396742833333334,6.028220566666666
0.8609404577164878,4.892607000000001,5.733438866666667,6.246210433333332
0.7871392658992602,6.0401856,6.2070954,7.287499566666667
0.7960592908349735,6.8000001333333335,7.7611338,8.8524719
0.7980035105865607,8.550273766666667,9.318446333333332,10.489317666666668
0.788048942811197,7.839818800000001,8.2950325,10.214852333333337
0.8101249301918095,6.7046155,7.8191452,8.804622066666667
0.7899388701386069,5.581950633333332,6.538951133333334,7.706260766666666
0.7937145555746424,5.768543233333333,6.253656333333333,6.8182896
0.7854011096588703,5.625317433333333,6.298358266666667,7.351504899999999
0.8320473060378357,6.169651766666667,7.066661799999999,7.499651666666666
0.8210883612060252,6.1456950333333324,7.455308666666667,7.914013999999999
0.846961871076338,6.1840722333333344,7.4403245,7.987103833333333
0.8330103102715185,6.600923766666667,7.238150133333334,7.931882733333334
0.80864782436488,7.567232766666667,7.929300333333333,9.081260433333334
0.8276024830255276,7.245373466666667,8.146296433333333,9.050919766666668
0.8266386194684544,7.239738366666667,8.512692666666666,9.520182
0.8269730286611039,7.188506666666666,8.373336,9.308811333333333
0.8297602633723541,7.399855666666667,7.895445433333333,9.375174166666666
0.8429043925017737,7.4956591,7.908854766666667,8.376931766666667
0.8308534538636533,6.8134638333333335,8.468081499999998,8.446191666666666
0.8043399658746596,6.954199166666666,8.465021666666667,8.245985666666668
0.826121267234632,7.331778566666666,7.9288841,8.193360199999999
0.8390260650981908,7.966669,7.856182066666666,9.433099233333332
0.8160091246539984,7.976713533333332,8.289123,9.2215546
0.8315085724916541,8.141053999999999,8.917577,9.916699
0.8251699911455758,8.719087666666667,9.289339333333333,9.719784566666666
0.7790004857046665,9.373399333333332,9.734737333333332,11.176116166666668
0.8525862978551809,9.170433666666668,9.738452,10.165195666666667
0.8420339055126901,8.720436333333334,9.210003666666667,10.004017
0.8213190800265154,8.005507466666666,8.894059666666667,9.763509333333332
0.8107917045565637,6.9517853,7.985260566666667,8.841296999999999
0.8240346407332346,6.947802366666667,8.155571666666667,8.770423533333334
0.8439788401613363,6.415984833333333,7.548797966666666,8.598523166666666
0.8266734687232629,5.826548833333334,7.427553499999999,7.622279566666667
0.8262991624669852,6.5342786,7.254362,9.101885066666666
0.8269178080855712,6.292076466666667,9.039096,8.160471766666667
0.8714536334384467,6.906791733333333,8.160749000000001,8.251447666666666
1.2237037034735625,5.659624633333333,5.8732799,6.0489443666666665
1.1209907541786177,5.494835966666667,6.089173766666666,7.071419566666667
1.0270534550825754,6.700113133333333,7.568404666666666,7.264713166666667
0.9933853626231276,6.419132433333334,7.222933533333333,6.8738098
0.9195231343323682,6.282565433333333,6.7383291666666665,7.167926566666668
0.9251967247153706,9.214481333333334,9.552128666666668,9.447879666666664
0.9005338911811013,10.170927333333331,10.869267666666667,10.430546333333334
0.8688863917834523,10.743835,11.029125,10.735003
0.812570421155527,10.425006666666668,11.374700166666663,11.622914666666668
0.8031310641081305,10.486345666666669,11.387723,11.681743
0.7868594093534789,8.221430533333333,8.822451333333332,8.755725666666667
0.8048207768097383,8.222759,9.496919,9.6671
0.8062515863636301,9.271311666666666,10.361923666666668,10.018885
0.7657506865723155,8.328066,9.593772,9.251881666666666
0.7999559523470902,7.733336733333334,8.083268,8.710734
0.9035928714288272,6.012163566666666,6.922250433333333,8.362159333333333
0.8780507928366171,7.100682866666666,8.046858833333333,8.944376
0.8867935468446356,9.328477,9.767423,9.555925
0.9814557753545023,9.207964333333331,9.686348666666667,10.379172
0.7896790896798302,6.444497233333333,7.310568166666666,7.878688100000001
0.7914795150907606,6.640151333333333,7.243749433333334,7.6390788
0.8364021346430265,6.0621447,6.301972066666667,6.284452666666667
0.8646824319368137,5.610107433333333,6.381055833333334,6.855138533333334
0.8116575468574382,5.286960166666667,5.565580066666667,6.3097822
0.8208098929256531,5.833891233333333,5.939197233333334,7.0259481
0.803902586596493,6.217296999999999,6.827348833333333,7.2027066333333325
0.76571267016618,6.9050044,7.4764633,8.154401333333334
0.786108320730273,6.9082246666666665,7.454878533333333,8.858758333333332
0.7733349310179344,6.238506966666667,6.938353933333333,7.0432281
0.8111912755371179,6.646948066666667,7.162383899999999,7.886852333333334
0.7837941469662374,7.1154078,8.327801333333333,9.015573233333331
0.8055427015399,6.534889,7.675235766666667,7.7969145666666675
1.2767338660563567,9.706953666666664,10.551491333333331,10.170896333333332
1.174663144307673,3.975509733333333,4.325763066666666,6.7658569
1.1864139419620334,4.0526816000000006,4.479060466666667,5.0855204333333335
1.0415342232419793,4.7732759,5.457427033333334,6.121933833333333
0.9485138797525028,4.610988933333334,5.337109133333333,5.5951668
0.818274922398681,5.786194366666667,6.8383551,7.408549133333333
0.8192263394274248,6.571652266666667,7.607796766666667,8.8638926
0.8129122980940379,6.4854761,7.7169351,8.475305333333333
0.8306749460568262,6.5745888,7.6666452,8.160925833333332
0.7733962682257282,7.4236435,7.863198566666665,9.224484466666668
0.7850465448321206,6.637587066666668,8.106643,8.568266233333333
0.7697364839259612,8.145646133333335,8.665428333333333,8.631089833333332
0.8031763165613882,6.639190333333333,7.8783359,8.680976233333332
0.8154525488572366,7.533781433333334,8.516513666666667,9.292348
0.7993307019801209,7.360884599999999,8.195547333333332,9.150775833333334
0.7838059711455388,7.036523866666666,7.932720233333334,8.523155433333335
0.7865818016301231,6.717052866666667,7.5540601,7.702569
0.7745913365501527,6.0027056666666665,6.526666333333334,7.397265633333333
0.8025212367901329,4.935975733333334,5.566057,6.3367029
0.7710168099644523,5.504431100000001,6.000486900000001,6.488661099999999
0.7647848148092454,6.637693033333334,7.627434333333333,7.552091166666666
0.7699083478381566,5.7682392,6.313509766666666,7.557047999999999
0.7720784261780688,5.136127800000001,5.752672533333334,7.3800432
0.8100380350175006,4.604759133333333,5.370578666666667,7.073162766666667
0.8079116881555501,3.9895355,4.7830699,6.7150226
0.7878750737230815,4.860740533333333,5.729702433333333,7.2594217
0.7994069659192866,6.3800017,7.0559837666666665,7.506257166666667
0.7567328158333141,6.581570233333333,7.466467199999999,7.5497396
0.7671327196456783,7.511559566666667,8.691477333333333,8.800947966666667
0.7994049994651572,7.111807633333334,7.796993166666667,8.184529133333333
0.7956381047528547,6.289690233333334,7.279734133333334,8.242800233333334
0.769555505145287,6.381683966666667,6.940848533333334,7.4472475
0.7985780522074005,6.8017836,7.546663966666666,7.627901966666666
0.7645219512852602,6.677991433333333,7.362807333333333,7.745064666666667
0.7939375979049791,6.882929099999999,7.738177,8.5031932
0.7788509378634513,7.620299866666667,8.046660333333334,8.501696099999998
0.7611684480558217,8.370141666666667,8.867907666666666,9.959778333333333
0.8427813563602747,8.232225133333333,8.540956999999999,9.782737
0.7937514837577747,8.446295133333335,9.617726,9.465268
0.8044222803613773,7.648661999999999,9.181331,9.031181666666669
0.7986466059007503,6.849271566666666,8.597233233333334,8.4820489
0.8255937937506431,7.265796999999999,7.424812966666667,8.806865933333333
1.253485484227005,27.10517833333333,30.14597333333333,25.960168
1.1179496786228775,15.078728333333332,16.876722333333333,15.673606333333332
1.1135884893360306,11.827507333333337,13.406338666666665,11.821389666666668
1.080285385604704,10.413433666666668,12.082183,10.576679666666664
1.0694920143576745,11.023983666666666,12.814347333333332,11.903616333333334
0.9907243319557184,10.475761333333333,11.952586333333334,10.762786
0.9914628466963836,10.32938,11.945294666666667,11.058411333333334
0.994740264631226,9.363377666666668,10.013617666666669,9.623663
0.971252707873816,8.057689333333334,9.085161666666666,9.0076789
0.9868925296102106,7.201723633333333,7.772043433333334,7.813158266666666
0.8769697119249259,8.500891900000001,9.324246333333331,9.039699666666666
0.9080594842522048,7.826859133333333,8.849356,8.485272166666666
0.921092549630848,7.346058933333334,8.818124666666668,8.416846999999999
0.9985833414263742,6.722430266666667,7.235043066666667,7.421167999999999
0.8570911094072834,7.620946000000001,8.155129333333333,8.045406533333333
0.8135414211399522,8.111928166666667,9.769324,9.108354733333334
0.8156712700782384,8.325275666666668,8.822169333333333,8.912393666666667
0.7796819649299461,5.074698333333334,5.659801533333333,5.911210433333333
0.7984190551976033,4.761641866666666,5.2723554,5.709539066666667
0.8141955468003136,6.0408494333333325,6.515140900000001,6.941458466666667
0.7575614897975739,6.0455647,6.523444666666666,6.940071199999999
0.773241585976692,5.657040633333334,6.527502666666667,6.7433689333333335
0.7968655014566646,5.928785266666666,6.346840133333334,6.755323733333333
0.7871871782906812,6.1090401000000005,6.670263466666667,6.866200566666667
0.8133106948085755,5.2233321,5.561428333333335,6.222684633333333
0.7954599099833913,4.164666866666667,4.577482033333333,5.533569133333334
0.7575721447545121,4.5326398333333335,4.866384066666666,5.685750666666666
0.8115644244571493,4.647405333333333,4.795836466666667,5.583840166666666
0.7736016125574438,5.510580233333333,5.7633136333333335,6.141855666666667
0.7801740500361859,6.672076933333333,7.028718466666667,8.6000775
0.7639912164851271,7.216941766666667,8.0348422,8.339903833333333
0.802093711670623,7.131415866666667,7.682547933333335,7.989051433333334
0.8031831823497058,6.044434866666667,7.089739333333334,7.826883666666666
0.8990816431114945,3.933847033333333,4.4284563666666665,5.134809866666667
0.8138492159893863,3.2630472666666672,4.137629700000001,4.240278666666667
0.8207518202566731,4.474128566666667,5.043821,5.527389199999999
0.8071534530113519,5.528081566666667,6.2558662,6.925109533333333
0.8265479859539006,6.102322966666667,6.762239466666667,8.2666149
0.7755623163720741,7.188497933333333,7.435028,9.364413133333334
0.7768545526718963,7.706868666666666,8.433189066666666,9.816916833333332
0.8015319937050442,7.6327503,8.463177533333333,9.307814
0.8174513213292806,7.991217666666667,8.918581333333334,10.157189333333331
0.8153256013626561,7.615004766666666,9.109655666666669,10.034438766666668
0.8256558237297168,7.724004999999999,8.527989,9.927504666666666
0.7942711553637184,7.922778333333333,8.927595333333334,10.0628972
0.8128048069865574,7.975874999999999,9.0986845,10.979407333333333
0.7949411222336703,7.843585166666667,9.436853666666666,9.217400666666666
0.7854134890714602,7.240672633333332,8.823093666666667,9.345032666666668
0.8380658962540973,8.067828766666667,9.972950666666668,10.642752
0.8482895752248253,7.837102166666667,9.775855,10.118005666666669
0.8351261561537306,7.938957899999999,9.645346666666669,9.997682666666668
0.8495878546063681,8.537492333333333,8.519304666666669,10.458972333333334
0.851141269156769,8.617510433333335,9.614391333333334,11.158336
0.8143117324109141,8.438763,9.620137666666666,10.612850333333334
0.8064759045927462,9.726512,9.769881,10.981613
0.8497831902933674,9.756198333333334,9.808742,10.092901333333334
0.8378015329776428,9.049351,9.746928,10.152589
0.8223388070670138,8.738824333333334,9.916427166666669,10.260279166666663
0.8224419447693713,8.244466766666667,8.480760333333334,9.653971333333333
0.8532641899094663,8.116756333333333,9.284526333333332,9.783146333333333
0.8319354846163222,8.157271566666667,8.839271333333333,9.827483999999998
0.8445786043787541,7.243166633333334,8.635856666666667,9.102932
0.8471465650266715,6.729750433333334,7.753703566666666,8.468569833333333
0.8425205575168854,6.5858132000000005,7.566639666666667,8.474836999999999
0.8385228502302406,6.419067533333333,7.267526133333334,7.589463133333332
0.8490800891026197,5.579968699999999,7.075449033333332,7.967792233333334
0.828919866596347,5.686995766666667,7.405009533333334,7.910334166666668
0.8296251370904644,6.286195433333333,6.580028133333333,7.601787566666665
1.0937969717822609,24.434441666666668,27.438326666666665,24.710964333333333
1.0498881635455286,4.270924333333333,4.776716266666667,6.242402866666666
0.9921508990692036,4.183506666666666,4.8694041666666665,6.452951133333333
0.9841492249887818,6.301364766666667,7.310800833333332,7.678665833333333
0.947495425044135,6.664941166666666,7.382026333333333,7.527956
0.9091082261092284,7.4026538,8.041744333333334,8.770141666666667
0.8871549006113172,8.106139433333333,9.281942333333332,11.5558019
0.8842858189388599,8.407901233333334,9.111244333333334,9.511824766666663
0.8508338484050592,8.823025999999999,9.900199,9.555364
0.7973638005515283,8.727429533333334,9.881223,10.037305
0.7844390228544688,10.188389333333332,11.504507000000002,12.000135666666669
0.7800247716097942,10.644432666666669,12.073518666666669,11.711403666666667
0.7593011100198647,11.480427999999998,13.822962000000002,13.416166833333332
0.7858274414110592,9.418707333333332,10.707339,10.962482333333334
0.8293198329083203,7.530572,8.597118666666667,8.703275433333333
0.8743826726724494,5.418230566666666,5.908405533333333,6.47045
0.7931938021657059,6.158239600000001,6.6488309,7.210281166666667
0.7524943946117298,8.106651,8.765518666666667,9.4089581
0.8337071099018831,6.547405833333333,7.296804433333333,8.641297333333332
0.8286062989634292,7.048825133333334,7.679819533333333,8.7210728
0.794530901335198,8.775824,9.878133,9.847723
0.7715873670245893,7.864948900000001,8.325588466666668,8.5764981
0.7987891306490177,10.001074333333332,9.937278,10.410223333333333
0.7597614491515139,7.790251666666666,8.847538333333333,8.489636566666666
0.7689294831574234,6.667113666666666,7.456855833333333,8.272906333333333
0.7883827142972284,9.392015666666667,10.210688,10.253828833333332
0.7789859895435264,9.477827,10.636331666666669,10.474552333333332
0.7548949175996631,9.288175333333331,10.271684666666667,10.665701666666664
0.7727626645912039,7.256802666666668,8.426682000000001,9.154170766666669
0.7668394041757031,8.142154766666668,8.360796500000001,9.053762333333331
0.7711566605971457,9.3948468,9.916733,9.977343
0.7901254411885151,8.039384533333333,8.520008500000001,9.480149766666663
0.7463160814844741,6.656672333333333,7.438743333333332,7.896986299999999
1.2395274855817708,4.367084133333333,4.8136382,6.237030333333333
0.9637006623789092,3.962829166666667,4.386843333333333,5.748732100000001
0.8856900339555686,3.6004237333333333,4.1841041,5.332768933333334
0.8537749801340561,4.522095466666667,5.266130666666666,6.0497985666666665
0.8392581341035518,5.535999933333333,6.467995999999999,7.903861533333334
0.8501938132856371,7.0826512,8.266339133333334,9.742679333333331
0.8469379678689807,6.713085433333333,8.016127533333334,8.879753666666668
0.7996305392699563,6.667814666666668,8.420350333333333,9.451082433333331
0.8267110630136428,7.1027372,8.7196278,9.954161333333332
0.8225065659399083,6.849404633333333,8.522303666666668,10.016722833333333
0.7855016811983222,6.686643566666667,7.969652966666668,9.036456933333334
0.8073831012019554,6.960417766666667,8.988148966666666,9.029766833333332
0.8102142905772229,7.401108866666667,8.665265,9.621732333333334
0.7914663431255593,6.9717511,7.920372766666667,9.798027
0.8005641989470295,7.088104933333334,8.579678,9.818891
0.8029838034328506,7.037259,9.0465759,9.760796666666666
0.7933510265151665,7.307872666666667,8.170412833333334,9.195505233333334
0.7804342007902401,7.037091566666667,7.8530458,10.158169333333332
0.8099846142878486,7.063482566666667,8.920864833333335,10.532942666666663
0.8222890377231346,7.692600333333334,8.589572666666667,10.574276666666666
0.8187907545376638,7.380813866666666,8.445224466666668,9.981063666666666
0.7998864647810181,8.626751066666667,9.855539,11.362864333333333
0.7987772209199878,10.563642833333333,11.046203,12.108360333333332
0.7891121386024004,9.841397666666667,10.991470666666666,12.785164666666663
0.7696145626563163,10.381745333333331,11.138525333333334,12.610816
0.8038265670436641,9.536035,11.230483,11.390136666666669
0.7689358305592465,9.285166666666669,10.172607666666666,11.054277999999998
0.8095696749872493,8.6386078,9.120481,11.386949333333332
0.7900117270759845,7.028604799999999,7.3797331333333345,9.005442866666668
0.810210183108658,6.534896833333334,8.104138433333333,8.418986
0.8078228236055534,5.977674333333334,6.909444566666667,7.816296133333334
0.7804721684411929,5.5864894000000005,6.514748033333333,8.002077333333332
0.7984746028879571,5.440949333333333,6.331894599999999,7.707569833333333
0.8042701221686609,5.383748833333333,6.587342366666667,7.290900066666667
0.8034490671149365,6.7551485,7.672921666666666,8.413378233333333
1.1293417920965612,2.8918071666666667,3.5829998999999995,4.507256000000001
0.9431356381539274,3.6660869333333337,4.277688,5.460532433333333
0.9207033755925084,3.9920266,4.7883863333333325,5.130721766666667
0.8546145354926017,4.727099466666666,5.6966058,6.762352
0.8382188371411677,6.614043866666666,7.795040133333333,8.603992100000001
0.7945516242508305,6.7105999333333335,7.521497166666666,8.241296666666667
0.7867750529165799,8.0902241,9.350811,10.919389
0.8063168136668603,7.670931800000001,8.701296333333334,10.161752
0.804517122928018,8.278409433333332,9.613012333333334,10.645952666666666
0.7738410008416565,8.819232333333334,9.993922833333334,11.363583666666669
0.808581544569201,9.188107,10.403745,11.016304666666665
0.7894113853604998,8.7956935,10.146378666666669,11.938987333333335
0.8101177676605115,8.720894666666666,9.742259666666667,10.378276666666666
0.8133730314892947,8.476023666666668,9.495516,10.396645333333334
0.7901497616921972,7.858127566666666,9.175590666666666,9.513915833333334
0.8054574450576615,7.191710833333333,8.082077333333332,9.597650333333332
0.8186042505338421,6.5059567,8.087352666666668,8.4393415
0.815296240200535,6.506487833333334,8.108173533333334,8.493099
0.7983970470538039,6.545974333333334,7.918584833333334,8.7203262
0.8289524450194238,6.848901433333334,7.9200895,8.871862166666666
0.8167897077320309,7.664321,9.353164333333332,9.179070833333334
0.8397285000978897,7.775461133333334,9.534422333333334,10.919416
0.7990733448842585,8.523460133333334,9.410543666666667,10.057852
0.8386255136381316,9.526603666666666,9.575838666666666,10.506434666666664
0.8077984715279193,8.914307333333333,9.196338,10.697427
0.8146236360639244,8.334764933333334,8.495883833333332,10.22076
0.8500779743171337,8.081848899999999,8.769070333333334,10.156805
0.8228123912931745,8.336116333333333,9.747342666666666,10.163698166666666
0.8219881235424499,8.428105500000001,9.544616666666668,10.192232666666667
0.8321402506608893,7.977051799999999,9.45268,10.652608
0.8249809707039569,7.867321799999999,9.603811666666669,11.006191333333334
0.8543878387168972,6.527236666666667,7.417003166666666,8.7207115
0.8006211981147772,5.886666766666667,7.6698554,8.366054333333333
0.8495113722099146,7.606777633333333,8.495593000000001,9.8178775
0.8460773261323387,7.4311228,8.6480625,8.734294
0.825703308781668,7.042729866666666,8.296574066666667,9.455138
0.8399058642581217,6.7891371000000005,7.786643366666667,9.328944
0.8360885327482593,5.710146300000001,7.904374999999999,8.164993433333334
1.230459821732249,24.51446266666667,28.56915933333333,25.176986666666664
1.148257781027512,12.207962666666669,13.535105666666666,12.377050333333337
1.0954506079439272,10.967832666666666,12.333048,11.870068333333334
1.04088332349773,10.204931,12.180369,10.945899333333337
1.0317491832209356,10.831726333333334,12.066712666666668,11.4554415
1.1050964092628115,6.382705666666666,7.152961433333334,6.749254366666666
1.0091401028597555,6.691354733333334,7.1580376333333335,7.0074638
0.9341629399390068,6.948094666666666,7.7315785,8.209600333333333
0.8320055455097588,7.201997966666667,8.467399766666666,8.4194965
0.835235282238514,7.616395,8.3012759,9.056731333333332
0.793925951092386,7.989932,8.875309333333332,9.028561666666668
0.830608648439731,8.584426,9.864243333333334,9.931256333333335
0.7935500452103841,8.795255166666667,9.532552666666666,9.631566166666667
0.7753239233857471,9.000602333333333,9.884780333333334,10.180956333333333
0.7707167104391299,8.97205,9.952162666666666,10.256495666666668
0.7870535470124992,9.243450666666668,9.955527666666669,10.344258000000002
0.7827057191340314,9.533661666666667,10.029100666666666,10.563084333333334
0.7661800191428023,8.605149333333335,10.662591999999998,10.054837666666666
0.7667119030948158,9.606204333333332,10.565066,10.233780333333334
0.7627125715730942,8.6026249,9.594791333333331,9.754476
0.7706831664333359,8.929297666666665,9.879176833333334,10.063412333333334
0.7747759541084464,9.120367166666666,10.008437,10.124087333333334
0.7692222835829532,10.316787666666665,11.6432885,11.520821
0.7830253308132319,9.521884333333334,10.422878666666668,11.179165
0.7634275283634399,9.841667666666666,10.785603166666668,10.609103333333332
0.7949288474940795,9.874774666666667,11.381349,10.735307333333331
0.7617700244141984,10.9661305,12.114478333333333,12.268889333333334
0.7889949714925418,10.033844333333333,11.182434666666666,10.826835333333332
0.805301450296211,9.123197,10.135056666666664,10.452810666666666
0.7950766479517054,11.360333333333331,11.570501,11.55509
0.7750530693708934,11.937933666666668,12.943682666666668,13.014970999999996
0.8187506907581268,11.087038666666666,12.330134,10.863294666666668
0.8201288655197345,8.232620466666665,9.217172666666668,9.070924666666665
1.175279227072051,24.45786133333333,27.533479,24.844532666666662
0.9645870823965652,4.2407364,4.520115966666666,5.000072233333333
0.8585424430043697,3.340471466666667,4.190241233333333,4.6646737
0.8396185080032824,4.036375766666667,4.945331266666666,5.7870537
0.8557401662475873,4.527533,5.2491221,6.485671466666666
0.8215529343676319,5.2714247,6.001016433333334,7.430646899999999
0.8083173214363573,7.436771166666666,7.623265433333334,8.965472133333334
0.830614656466806,7.513821133333333,8.861831333333333,8.821699333333333
0.8078437424779636,8.125814,8.578933666666666,9.746894833333334
0.8004683038258804,8.312747133333334,8.999680666666668,10.114474833333333
0.8078690235472724,8.670808333333333,8.892038666666666,10.529635333333331
0.7581551431253045,7.947863333333333,9.831245,10.849231666666666
0.7962924826763368,9.266972333333332,10.676927999999998,11.609816333333333
0.8078754208170983,8.6373745,9.831762666666668,10.373706333333333
0.782967842621772,8.377220633333334,10.018986333333332,10.081587333333331
0.7861623262459853,8.152867333333333,9.511385333333331,9.871010533333331
0.7443840289892251,8.673533666666666,9.606530333333334,11.015291333333332
0.7979601777118784,7.886883900000001,9.167037666666667,9.818858133333334
0.7804939618017404,9.072693333333332,10.314756,11.71222
0.7879774534664369,9.747018333333331,10.077910333333334,12.450611
0.8071669590203813,9.4280975,11.227075,11.885053666666666
0.7916975820965199,9.016881133333332,10.137066333333332,10.955325333333333
0.7942388896568245,8.333861066666666,9.752667,10.701786666666663
0.7947388971760212,8.006392333333332,8.918604333333334,9.646848666666664
0.7917142160829962,6.977239766666667,7.9765175,8.262022333333334
0.7977016257534074,6.6856133333333325,8.062672733333333,8.316571433333333
0.7806289832915686,6.4289159,7.2895911,8.600695666666667
0.797250610514226,6.194549233333333,7.4620626,8.789482666666666
0.799280847237263,6.7970155000000005,7.905482933333334,9.01143
0.8028213789195541,8.273789766666667,8.495034333333333,8.9888805
0.8167002376806116,7.856827233333334,9.125677666666666,9.757061
0.8242785150423709,7.1893028,8.850245666666666,10.224420666666669
0.8182894850511621,6.5245595666666665,7.531130166666667,8.233793533333333
0.8240119629515689,6.915927533333334,7.729449333333332,9.769640999999998
0.7947505748141498,6.925753066666666,9.258259333333331,9.011439533333332
1.1279897861564163,18.752489666666666,22.311313666666667,19.539346666666663
0.9468052189353774,10.0193,10.827838666666668,9.8995965
0.8809205237821173,6.609077433333333,7.048874666666666,7.216688166666667
0.8487837035615057,4.891770733333334,5.606975599999999,6.650395266666667
0.8799506899410853,5.424421333333332,5.781306099999999,6.446942333333333
0.874386120015064,4.903782433333333,5.570700300000001,6.485617733333332
0.8741503267121159,4.829417533333333,5.267600933333334,5.856030566666667
0.8436627139258316,4.720348433333334,5.203886333333333,5.954053200000001
0.7992286012402131,5.3937713333333335,5.990622533333333,7.001386
0.8193553981320342,6.228913,6.689066266666667,7.7049628
0.8073434509027159,5.600095333333333,6.077045666666667,6.4254443666666665
0.793256513644489,5.880668333333333,6.431502966666666,6.2007989
0.7962112458136011,4.6859631,5.4912398,6.495418166666667
0.8196283806667615,4.928025333333333,5.2554501,5.806524499999999
0.8094140122438148,5.204704499999999,5.467118233333333,6.407556733333333
0.8228667153983271,5.0845994333333335,5.743809633333334,5.846704566666666
0.8016098732059094,5.318848,5.651548333333333,6.078172933333334
0.8156236847961589,5.2128035,5.532826533333334,6.268898233333334
0.8375881476732597,5.431508233333333,6.162990633333333,8.008877766666666
0.7981312067966925,6.8703894666666665,7.58802,8.349184366666668
0.8336208616249016,6.651286666666667,7.252671,7.863268066666666
0.8095403100003095,6.7224092,7.078272999999999,7.598148766666665
0.7726646418922357,6.666232333333333,7.462687166666666,8.151039433333333
0.7987869430782405,7.456952999999999,8.3354615,8.845921333333331
0.7844214603723586,8.313918433333333,8.973501333333333,9.220943333333333
0.7714013123411028,9.038277666666668,10.184374333333333,10.666201666666666
0.805458598871172,7.182636566666667,7.860914766666666,8.115655166666667
0.7832349334342329,7.6906155,8.216227433333334,8.756663766666668
0.8007526360240105,7.56356,8.325002166666666,8.602432166666667
0.8018879925111175,9.302255666666667,10.065696833333334,10.081855333333335
0.8175320993382881,8.761722666666666,9.379864666666668,9.799737
0.8148463625845886,7.871921766666666,9.011592666666669,8.996734333333334
0.8199033852996189,7.264863399999999,8.388127866666666,8.807796466666666
0.8325783316908724,8.369589533333333,9.655731,9.997337666666668
0.8361503559360705,8.000035,8.819164,8.849710433333334
0.8260353261380596,7.108518,7.677715366666667,8.655553
0.8418172991504668,7.501147666666667,8.380773233333334,9.351376433333334
0.8355315875420848,7.0901354,8.170304666666667,8.609737333333333
0.8020102676496593,6.0109638,6.6000449,7.413788866666667
0.8190585806681888,6.228944233333333,6.9766415,7.987572333333333
0.8638833430327422,6.918996666666668,7.394422833333333,8.401660999999999
0.8558571191747055,5.680487666666667,6.5222045,7.801863666666667
1.1694908265310568,27.816923,31.596488,26.856764
1.2033736088948357,7.916391666666667,8.373296333333334,8.156366766666666
1.0433792221575438,6.781195866666667,7.193703166666666,7.5144853
0.9966948298862504,6.2068103,6.7625150666666665,6.678748366666667
0.9269880868453249,5.409942633333333,6.1397113333333335,7.239569866666667
0.8849914048306707,5.6590976,6.599923666666666,7.5075718
0.8514915639176928,5.6658673,6.548076900000001,7.776478633333333
0.8345119214535615,6.954548433333333,7.322511366666667,7.525131766666665
0.8258567940748686,6.6974021666666665,6.9987056333333335,7.7713852
0.8122947085284068,6.576667633333334,7.264058133333333,7.868157
0.8041503358542559,6.863296000000001,7.887148533333334,8.2436448
0.7872389721102393,6.594648500000001,7.544356,7.823811333333334
0.7858041970543624,6.976160766666666,7.927861333333331,8.337956666666665
0.7748822581654159,6.843366166666667,7.636788833333333,8.709442000000001
0.7630809341683479,7.573470866666667,8.151220433333334,8.648872833333334
0.7979213635651693,7.176778966666666,8.160983,8.6841021
0.8034844490495355,7.692145333333333,7.799200766666666,8.760477999999999
0.7853314271188584,7.210903666666667,8.203718666666665,8.611812500000001
0.7523565261104018,7.760858833333333,8.398775666666667,9.903778533333332
0.8050896063851191,7.2821854,7.738321166666666,8.742959999999998
0.7783399970765267,7.546469866666666,7.896542833333332,8.976669000000001
0.7866449210887257,7.555273066666666,8.247339133333332,8.806207
0.7632278257867932,6.786677999999999,7.720648499999999,7.651972666666666
0.8120593827112929,8.932795533333334,9.345337666666667,9.918324333333333
0.7871107037567647,8.466358466666668,9.505892666666668,9.4042697
0.7666245449496588,6.541045966666666,7.307416566666667,7.7658338
0.7431220849095146,7.235674700000001,7.496163833333333,8.249916666666666
0.7690724545861213,8.652319666666665,9.5193445,10.052107333333332
0.8089638372898396,6.826908733333333,7.345536866666666,8.844958233333331
0.792528520887573,8.010587066666668,8.496050333333335,9.072110333333333
0.7562311411178338,8.406388,9.774174,9.743702333333331
0.7765492312467434,7.868013433333334,8.496049000000001,8.209202333333332
0.7978135650918419,7.129396966666666,8.012402666666667,8.250698
0.8264555344361856,4.8500821,5.271607333333333,6.847526266666667
0.7835357222105251,5.614169366666666,5.7729759,6.755614133333332
0.8150133673183309,7.325355133333333,7.937530333333332,8.2527068
0.8091632390894593,6.080120133333334,6.873301666666666,7.655348333333333
0.8179473233284665,7.918498866666667,8.502462333333332,8.866267333333333
1.1468671512958972,12.552235333333334,14.480037,13.509238333333334
1.2861701837896449,8.202748999999999,8.699536,9.26047
1.1684862686799995,10.479284333333334,11.829720666666669,10.920157666666666
1.124339672714692,10.389639333333331,11.853222,11.160377000000002
1.0452065116722922,10.990797833333332,12.922923333333337,11.975942666666668
1.0194851687379851,11.049598,13.312636666666668,11.883579500000002
1.0805065126484,8.277569666666666,8.947811999999999,9.728933466666666
0.9129173518389432,10.012227333333334,11.262451333333331,10.811427333333334
0.914535795343808,10.738223499999998,11.721330166666666,11.581009
0.8890243690863061,11.092671,12.753536,11.968476333333331
0.862957691924156,11.035887,12.378561333333332,11.678070333333332
0.8161637470068648,11.202131333333334,12.956938,11.753297666666668
0.8254304582733815,11.495133833333332,12.813405,11.760165333333331
0.8155978153073602,10.042850666666666,11.454709333333334,10.839791
0.8279812373165466,10.4659475,11.464639833333331,10.476604666666669
0.8135455044761031,9.105335833333331,10.474717666666663,10.095802
0.9312662149535612,6.332317833333334,7.243899966666667,7.665242866666666
0.9157333566262372,5.8650692,6.571965933333334,7.503468266666666
0.8397698126336021,6.484429833333333,7.262648866666666,7.603623633333332
0.8474433958141326,6.986091399999999,7.512144533333334,8.975689433333335
0.7815100932997102,10.261999333333334,11.623002333333332,11.292057333333332
0.7929375188516469,10.552353666666669,11.1740335,11.536037333333336
0.8231958469708017,8.480566333333334,9.106053333333334,9.244644333333332
0.8611721619393439,6.042144166666667,6.904634966666666,7.265057333333334
0.8853237178839555,4.961799066666667,5.408694100000001,6.4881389
0.8460081099266672,6.1411987,6.7414190000000005,7.046680933333334
0.8127557191579239,8.284879333333334,9.319361333333331,8.980182000000001
0.815276197629733,9.400043666666669,10.401874333333334,10.463788666666666
0.8020285310246891,8.130482333333335,8.740710333333334,8.3791889
1.113813502654194,4.959421333333334,5.4378454666666665,6.4539361
0.8400868043165661,4.8375183,5.8294422,6.619710866666666
0.8142044553043064,6.6217101666666665,7.359621533333333,7.298749266666666
0.7906152591665049,6.854007766666666,7.589955633333333,8.399316533333334
0.8040807877631465,6.8106117,7.623189766666667,8.590557666666667
0.7933218713181859,7.5228335,8.749636333333333,9.337786433333331
0.8126318979505053,8.2553549,8.879429333333334,9.688193333333333
0.7892886035685418,6.1113420000000005,7.156745366666667,7.427906733333334
0.7637535911801798,7.213199666666667,8.197345533333332,7.9642805
0.7652109343465495,7.538484766666667,8.253710666666668,8.847937666666667
0.7679512528957183,7.817579066666666,8.689358133333334,9.374436
0.7686331479314501,6.047850633333334,6.870548433333333,7.449073533333333
0.7774967574309279,6.209233766666667,7.166674566666667,7.662724666666667
0.8079123549807633,6.747350666666667,7.133725366666667,8.993405666666666
0.7578067217311754,9.299262333333331,9.809845,9.796310333333333
0.7791319541007171,8.565160933333333,9.252385333333336,9.590168333333333
0.7639659027564661,8.468464766666669,9.064072333333334,9.592303
0.7647243620188698,8.521011666666666,9.658913,9.7687285
0.7377977566806709,8.616847666666667,9.823423333333333,10.500046666666668
0.7449076577828765,8.0139217,8.907326500000002,9.687244333333332
0.7215672021898931,8.418513066666668,8.782767333333332,9.825312666666669
0.7777216923504672,6.0739098,6.826030666666667,8.201204333333333
0.7364441892444084,6.5883021,7.823352333333333,8.531347866666666
0.7790045246447037,6.887284666666667,7.0884529,8.254627533333332
0.7680357490456853,7.999607533333333,9.28983,9.771458666666668
0.7727226293029105,7.662377666666667,8.811498166666667,9.574353333333336
0.7615074032986859,7.748794166666666,8.568650666666667,9.312444333333332
0.7793637965393635,7.304329833333334,8.187679833333334,8.461286999999999
0.7655295132955192,7.535000466666666,8.632027333333333,9.1395735
0.7791509697451785,9.693771666666668,10.55755,10.758234666666668
0.7928878177832365,10.753482,11.812149,11.776878333333334
0.7750184452587044,7.644278799999999,8.625593166666667,9.274917266666668
0.7917857208736283,5.0053941,6.266704033333333,6.1302136
0.791663251364223,8.193004166666666,9.101667666666666,9.724942333333331
0.7827046856010186,6.356879233333333,6.906036933333334,7.608219466666665
1.4245707573617874,4.644292833333332,5.1012359,5.990492200000001
0.9847336130045604,5.316528933333333,5.375570766666667,6.7733981666666665
1.1024040033225944,4.574476099999999,5.3246328,6.590290966666667
0.9825240363535772,5.573231100000001,6.236274766666667,7.0559807
0.8678369092717398,7.3372113,8.209020166666667,8.597313
0.8382308703785238,7.128710333333333,7.558002800000001,9.3233475
0.818377253908175,7.245009666666667,9.025835666666666,9.821070666666666
0.8392979108821782,8.468265233333332,9.185229066666666,10.454886
0.8056574688666253,9.050100933333333,9.353837,10.207746
0.7941246485008396,8.5815787,9.599035,11.241517666666669
0.8009308465173769,8.518545433333331,9.325900666666668,10.427905666666666
0.7940156602200131,8.531543333333333,9.341959333333334,10.4522495
0.8347381692119171,8.738479,10.346996,10.674352333333331
0.7775814572302208,8.275382333333333,9.358446,9.898114
0.8038770032829451,8.237371666666666,9.483724,10.080102
0.774274249312878,8.348800333333333,9.127898666666669,10.325957
0.7869161672384574,8.544526566666667,10.161555,11.661752333333332
0.7797315077654888,9.344505166666666,10.637096333333334,12.216064
0.7595074199597719,9.086190833333331,10.857073,11.743566
0.7975112507682179,8.262611,9.243018666666668,10.216929
0.7905505602655861,8.673987666666667,9.747661333333332,11.1239075
0.8401937769312041,8.381305666666666,9.0377905,10.541131333333333
0.816694580454806,7.870465566666666,9.016187,10.258939666666668
0.8142202490334217,7.591910333333334,8.538511999999999,9.090782666666668
0.7983607533524077,6.9340945666666665,7.763470600000001,8.870837966666667
0.7863832675017827,6.646020166666666,7.038826433333333,8.4540328
0.8192355831318001,5.630850333333334,6.280024833333333,6.960251199999999
0.7841406648308048,5.564676133333333,6.431486866666667,7.0752843
0.8256516482716512,5.453998133333333,6.4039373,6.781412466666667
0.8384605363795528,6.169208666666666,8.085669366666666,8.006795166666667
0.7882309724073865,6.563100299999999,8.230982500000001,9.982924166666669
0.8213406565568849,6.226579399999999,7.731117566666666,8.038224000000001
0.7634246169826643,4.993017233333334,5.31682,6.495
0.7598373959547032,5.771189766666667,6.222026866666667,6.694102466666667
0.8023432880687134,5.6238492,6.521048533333333,6.815092233333334
0.835242981656419,4.821542,5.229166433333333,6.0462649
0.7971581957037449,5.452306133333333,5.697124266666667,6.9278828
0.7940114912228187,7.912922333333334,8.966465999999999,8.860223266666667
0.7613406636795655,7.934474000000001,8.545813833333334,9.629459133333334
0.7705506664149363,7.117831933333334,7.865921366666666,8.472626499999999
0.7789884218480645,7.501882766666665,8.375795833333333,8.288185833333333
0.8031992771227533,6.112348066666667,6.744986833333333,7.095216433333333
0.8128364059336626,6.490281566666667,6.566272866666668,7.406404333333334
0.8059383129033133,6.242214333333333,7.452306733333333,7.517502233333334
0.8229539941583482,6.031149999999999,6.545113533333333,7.292805333333334
0.8042920112852947,6.015870866666667,6.8112026666666665,7.828514899999999
0.8143893809059529,5.902261666666667,6.786778133333333,7.6531318
0.7782979620739154,5.738842299999999,6.792898999999999,7.769218666666667
0.7595654751323462,6.3820454333333325,6.9224429333333335,8.090713466666665
0.8142043610416051,6.1870485,7.300796533333333,8.184969
0.7754340960118871,7.971927633333333,9.0969482,9.617535
0.7737808249551265,8.114495166666666,8.880810333333335,9.815033899999998
0.7862033615747975,7.736154433333333,8.236782233333335,9.151946666666667
0.7409719652063139,7.459250133333334,8.357041,9.1941185
0.7366405711598918,7.085793266666667,8.060268233333334,10.118023
0.7598498628422248,7.879284000000001,8.535318833333333,9.5624599
0.7765774066916494,7.156467366666667,7.5887731,8.300894833333333
0.7582290015186836,7.439477833333332,8.016743733333334,9.500558533333331
0.7886897249531742,6.161372533333332,6.960268633333333,7.473225666666667
0.7845267441026685,7.3736218,8.523331,8.681376333333334
0.7966966755000423,6.9826623,7.9810848,8.350756866666666
0.7888187197925735,6.173563166666667,7.0515616,7.7435521
0.7924177839379882,5.904177766666667,7.151298833333333,8.305914966666668
0.795863791071861,6.337750266666667,7.4005309,8.1835035
0.8105179507085194,6.312929666666666,7.503109233333333,8.399501333333333
1.2829429331800963,27.233637666666667,29.424166666666668,25.740299333333336
1.3261637733274334,3.570822566666666,3.8177202666666665,4.6939137
0.9645767689624768,3.578408566666667,4.667588233333333,5.2812952
0.8726877978332555,4.101099466666667,5.1759466000000005,5.700983833333333
0.8250221399098866,4.804546299999999,5.252351,5.943517666666666
0.8068320655390089,6.146958833333334,7.4196011,8.240570466666666
0.8058294321189944,7.394053233333333,8.361601133333332,9.596218666666667
0.8147873868205213,7.491477666666666,8.460169666666667,8.653353000000001
0.8251635923915034,6.897995166666667,8.090105166666666,9.674371333333331
0.8008814917788337,7.3642988,8.0589072,10.0563888
0.7988704965051955,7.572519966666667,8.940427666666666,10.500121
0.7872670393410445,7.025902333333334,8.223773333333334,9.539368733333331
0.7868363121377526,7.668299,9.1072125,9.937223333333334
0.7830949753723081,8.308090533333335,9.85771,10.035866
0.780026996938488,8.083113333333335,9.224681,10.407208166666663
0.7930428104932018,8.023723666666667,9.774728666666666,10.5487705
0.7918302333713,8.035563000000002,9.519198666666668,10.5935975
0.8208007265024725,7.382590400000001,8.759464166666666,10.0105885
0.7920060213337737,7.741868,9.751065,9.716264333333331
0.8053450783420786,7.6185786,9.335224,9.667339
0.8147432397799111,7.615293133333332,8.979574333333334,10.436065266666668
0.8208898751594988,7.801774566666668,8.899025333333332,9.5954205
0.829324786559254,7.917233833333334,9.040439,10.498946
0.8269787239232583,7.921397133333333,8.592168333333333,9.506530533333333
0.8456875030747106,8.240979000000001,9.0651555,9.452335
0.850424382468783,7.828247,9.110243,10.683313333333333
0.8490637933763855,7.635952333333333,8.589523999999999,10.264911
0.8521327170022975,8.0289898,9.007498,10.430682333333332
0.8638198794130011,7.930417433333333,8.594562000000002,10.557747333333332
0.848761896810354,7.931721566666667,9.198762,10.0947145
0.8542822809276075,8.019893533333333,8.598900666666667,10.427925666666669
0.8228183553742311,7.615301900000001,9.047325333333331,9.739366333333336
0.8554591195989137,6.991320233333333,8.951224766666668,9.5223562
0.8447319893581641,7.2959751666666675,8.166639499999999,9.140460766666669
1.0191024982872596,3.710057633333333,4.2033834,4.699429633333334
0.8310093089717997,3.439769566666667,4.060226533333332,4.6929828
0.8276542716909532,4.304251166666666,4.877334066666666,5.021087833333333
0.8382121448657278,5.673188166666667,6.217124633333333,7.676900333333333
0.8303538147222814,6.249193666666667,7.580061466666666,7.911112666666667
0.7857599746196021,6.6679795,7.5583646,7.962715433333334
0.8206519766216053,6.964743,8.198172133333333,9.398942
0.7946536948000836,7.181419999999999,8.195343466666666,7.930107333333335
0.8127689772838624,5.921112233333333,6.903088566666667,7.4097932
0.8315332783300794,6.391395500000001,7.6770441,7.687321533333333
0.7921099081363354,7.349674,7.923656566666666,8.323691933333334
0.8037458705975474,6.981415899999999,8.675123333333334,9.072818333333332
0.7876009540656966,7.4134509,8.012238466666666,9.008198433333334
0.7921357415689964,7.746197433333333,8.759844000000001,9.216040333333334
0.7981874175500464,7.8109499,9.975780333333336,10.388832
0.8056707929167374,8.161811899999998,9.567740333333331,10.364345166666666
0.8083001392009638,7.4802028,9.3231295,10.523711333333331
0.8021632184367707,8.845657,9.419899833333334,11.44864
0.8115498976365262,9.069444666666667,10.016379333333331,10.680448
0.7811346533086801,9.249444333333336,10.506700333333333,11.605656666666668
0.8432349966893757,8.370238666666667,9.873836666666667,10.771168333333334
0.8149527899196781,8.4309479,9.952055333333334,9.720822
0.7949506722627723,7.423614066666666,9.295302333333334,9.038167166666668
0.8104773409310564,7.535038666666668,9.676991666666668,9.784453
0.8112827738744234,7.640964033333333,9.020305333333331,9.377816
0.8103961788951598,6.962915733333333,9.052552333333333,8.9667943
0.8180409717098099,6.934914466666666,8.338175,8.407561533333334
0.8345814017870626,6.027598566666666,7.286657166666667,7.921979333333333
0.842739370925981,5.352401,6.0386135,6.861236233333334
0.8546427780832525,6.446337666666667,8.157794233333332,7.854124899999999
0.8570955592667868,6.263216766666666,6.964144999999999,7.162333266666667
0.8262913431157788,6.658256999999999,7.986954999999999,8.3564419
0.8200751431037235,6.219242333333333,7.413032,7.209879000000001
0.8516256429623126,5.845402033333333,7.232783666666666,6.931478200000001
0.8719247987768032,5.426220766666667,6.4366145333333336,6.239230233333334
1.1803088505274455,7.882051766666667,8.901146333333335,8.810242333333333
1.0783482937365887,6.908303966666668,7.8248487,9.369403333333333
1.030455547215186,7.422294333333333,8.226575166666667,7.809244666666667
0.9411382881043684,8.198524166666667,9.493201,9.838259
0.8712140291238842,7.619654333333333,8.510264,8.20801
0.8581702455772587,6.7067383000000005,7.429098866666667,8.3509782
0.8318310817831599,7.717480099999999,8.800544333333333,8.714276766666666
0.8270135442716077,6.021836366666666,6.909429733333333,6.846232166666667
0.8312198092534029,6.012629766666667,6.602313166666666,6.547061533333333
0.8098910826734679,6.3037866,7.217989299999999,7.921383666666666
0.809706001201478,6.5490441,7.737998133333332,7.441439333333332
0.8163637770469795,7.942847566666667,8.575788333333334,8.426881266666667
0.7901729959025552,7.601039666666666,8.680407133333333,9.357917433333332
1.182411350405382,6.0043742,6.7537074,8.765139133333333
1.2391260211895971,3.4030890666666664,4.2282254,6.614905266666668
0.8320081116158212,5.6836356666666665,6.291374533333332,8.046195333333332
0.7842293447921485,6.417170033333334,7.394396433333334,7.906893
0.7530452795470229,9.850943666666668,10.441547666666668,11.791055333333333
0.7576087271522635,8.478862,9.898679,10.443909
0.7588938339722645,10.365504666666668,11.947749,11.817582333333334
0.7454506622978307,9.372092666666669,10.130532333333331,10.622545
0.7254139432533648,8.718411666666666,9.910652,10.775389333333337
0.7440026042343666,9.286493666666669,11.104608333333331,11.5308725
0.7483525746610399,9.338820333333333,10.016277,10.547594333333333
0.7563499760196656,8.219489333333334,9.892047333333332,9.961438166666667
0.9500974234814832,11.201509666666666,11.689165,11.819735333333334
0.968051860487383,4.4824436,5.6790131,7.2385651
0.9252306339691432,5.155441866666667,5.648148533333334,7.020041766666668
0.9108855205621748,5.4280968666666665,5.874970266666666,8.462455333333333
0.8762046281879375,3.728790333333333,4.796264133333334,6.772230766666667
0.7871495163233497,4.739251533333333,5.593842666666667,7.220760433333333
1.2235847146422032,30.406319,36.89191433333333,27.60156633333333
0.922384816245954,4.051990466666667,4.731259233333334,5.1584444666666665
0.8301208665428201,3.568815166666667,4.745864766666667,6.434756033333334
0.8231314063327478,4.9088271,6.371853733333334,7.1033401666666665
0.8191771001837093,4.9311248,5.6511610333333335,7.070283033333333
0.8533590419675217,5.572128133333333,6.8596642333333335,7.612498899999999
0.8315853337170594,6.707742333333333,7.529064866666666,8.085065833333333
0.8456047215394329,7.1790354333333335,8.003944266666666,9.0289501
0.8244019331454187,8.008676200000002,8.122644333333334,9.773403333333334
0.8340781729268792,7.752864333333334,8.387303333333334,9.242948833333331
0.8163337408737869,6.549368033333334,8.103999133333334,8.674759100000001
0.8274557820860188,5.501562,7.040899400000001,7.308102566666666
0.8066958066374564,5.4356284666666665,6.743356766666667,7.017305666666668
0.8255885012229051,5.011240466666666,5.664405766666667,6.645292733333334
0.7918015421361838,4.571993233333334,5.9337024000000005,5.823869866666667
0.821493730373757,4.871062866666667,6.0304408333333335,5.653989033333333
0.8466978461588633,5.595754100000001,6.0560353000000005,5.903319666666667
0.8394192915656151,6.067529,7.121302433333334,7.146213800000001
0.8095103279725849,7.122212866666666,7.9094752,7.775702033333334
0.8234906925297776,6.5456622,7.3100041,7.336655933333333
0.7692427434302346,6.353673866666667,7.253684166666666,7.449019133333333
0.7846955611884566,6.9157479,7.315860099999999,8.0076561
0.8356395139265359,7.3491058,8.137161666666666,8.8521955
0.8165062461953614,7.863012,8.362946766666665,9.257759
0.7939622380229935,7.887466166666666,8.928255,8.820530233333335
0.7731494786826394,7.6465,8.864115333333332,9.774379766666668
0.8445157478134121,7.391036233333334,8.812548666666666,9.365044233333332
0.7927973373990392,7.447312333333333,8.347305666666665,10.250235
0.8246925882155359,7.419650166666667,8.573270666666668,8.707791766666666
0.8280890396876043,8.110140000000001,8.387190333333335,8.755182333333332
0.8419747344862997,8.1408359,8.326600666666668,8.810745533333334
0.8243172784822187,7.532599500000001,7.898038799999999,8.452548266666668
0.8635481453968934,6.766821566666668,7.212649633333332,7.852094133333334
0.8251292129106643,6.2936805,7.3301124,7.405922999999999
0.8114402906330512,6.093185666666667,7.392908666666667,7.570547433333334
1.197658927530725,26.02564,31.076102,26.861028333333337
1.163563616418258,10.412992333333332,12.027106666666668,11.274118666666666
1.2078385286165787,8.498662000000001,9.452213,9.245136266666666
1.178287018030517,10.044091,10.703013666666669,10.104311
1.031010100471755,12.595908666666666,13.847969999999998,12.464435333333332
1.1128269641607833,8.759673,9.679783333333331,9.204894
1.0423315902636625,9.971961666666669,11.772268,11.021266
1.067219426591252,10.274939833333333,11.575062333333332,10.604937
1.0599243911498002,7.441763799999999,8.613547500000001,7.933578333333333
1.0088389650916738,8.071325666666667,9.158244333333332,8.646946333333334
0.9567568984586464,8.981944333333333,10.204215,10.244088
0.8858094806712237,9.606728666666667,10.691807666666667,10.253563333333334
1.012693607998754,6.936507633333334,8.180530533333334,8.036153333333333
0.9494941412740482,7.965440166666667,8.642487000000001,7.813766333333334
0.9433426193285176,7.0787952333333335,8.156214233333333,8.413612866666666
0.9094279256336982,7.749185333333334,9.042917333333332,8.715765333333334
0.8299749269270699,8.600038333333332,9.284574666666668,9.045402
0.8151355270251684,7.293711900000001,8.169844766666666,8.527659666666667
0.8126599379622373,6.605332833333333,7.390890333333334,7.833240666666666
0.79134396013312,6.684354166666666,7.084552599999999,7.3554238
0.7882680947846206,6.533779200000001,7.252534,7.3622759
0.823327967605093,6.0772863,6.9071353,6.798251433333333
0.8204985897668043,6.106546999999999,6.735698999999999,6.888505466666667
0.8436408478880107,6.5843268,7.5162238,7.372294666666666
0.8972337038587929,6.4657528,7.273625633333334,7.787738166666666
0.856631576750225,7.985739466666668,8.979049333333334,8.674855333333333
0.804054939329676,9.954224666666668,11.342400333333332,11.296130666666665
0.9814732294984548,6.909609000000001,7.625317666666667,7.376304666666667
0.7812122816745752,10.494347333333334,11.379711333333333,11.069159999999998
0.8393891846201025,8.567603666666665,8.949517666666667,9.470825333333334
0.832942930368457,7.749392766666666,8.670822666666666,8.447651666666665
0.8066979510107348,8.643980533333334,9.257615333333332,9.548280333333333
0.8197033857643713,9.119983166666666,9.8877215,9.743656666666668
0.8130806583966276,9.927137,12.130425666666667,11.375734666666668
0.8136131337225881,8.974478666666668,9.96398,9.656632
0.8011857394000536,6.476997,7.226661133333334,7.606984166666667
1.1680679870415054,10.650544666666669,11.309233666666666,10.473955333333334
1.5882297052128262,4.317907333333333,4.978252966666666,6.481393799999999
1.222090232266427,3.971103533333333,4.529968733333334,4.821277033333334
0.8241861031171857,5.1745263,5.5684882,6.274078866666667
0.8045823029878892,4.520869333333334,5.268508233333333,5.477983833333334
0.8217467888051995,5.5141594666666665,6.019597533333332,7.277617999999999
0.8302069040960193,6.879482200000001,7.424832299999999,8.645703666666668
0.8015687615374674,5.300538333333333,5.947337233333333,7.3985885
0.7648886728670684,5.947211366666667,6.891166966666667,7.276331833333334
0.7826469164151616,6.178000000000001,6.8136193,7.0827591
0.8020782565858843,6.398532433333333,7.093315166666667,7.603484866666666
0.8053133523898991,6.118957900000001,7.1009823333333335,7.111137333333333
0.8265718964794647,6.0123943,7.160459666666667,7.024051533333332
0.8258042799893319,6.159886,7.408829,7.629493433333333
0.8165198559800765,6.228132066666666,7.132417466666666,7.949765433333333
0.7968788418736422,6.448994333333334,7.2502121,8.207381566666667
0.7873513725019899,6.3900864,7.2867811,8.249325766666667
0.7934229332812666,6.0757218,7.312545566666666,7.574020166666666
0.7445538179393795,7.372944899999999,8.349708666666666,8.3541698
0.7563635809314722,7.255107033333334,8.039789133333334,8.957631666666666
0.7447598346000083,8.400131666666667,8.823310333333334,10.221490666666666
0.7581293770662317,9.160712,10.193546,10.944717666666667
0.7976690990329787,10.400834666666668,11.466657333333332,11.8035705
0.7475240143775365,11.610993333333331,12.859771,13.122458166666666
0.7570719651108299,10.802976,11.899520333333331,11.906115
0.7510166943390897,11.371685666666666,11.730427333333331,12.426471666666666
0.7445689253512695,10.085341333333334,11.028755,11.504457333333336
0.7941069896551359,6.8385235,7.9132138,8.123140433333333
0.8200019953343386,6.872612433333333,7.574708966666667,8.317375
0.7663309444711043,9.160995,10.774895666666666,10.711027666666666
0.7923599303726655,7.3573507,7.968158133333334,8.258488
0.773626903723526,8.572034,9.637158666666666,9.903353666666668
0.7783266873966027,9.398147,10.500721333333331,10.435416666666669
0.808832992429628,7.8844952,8.942143333333334,8.920990333333334
0.7802210854586816,7.963051233333334,8.743334333333335,8.729084333333333
0.7961046800095137,7.819086166666668,8.942951,9.046115
1.2688048851575762,25.274300666666665,30.42240933333333,25.24244
1.2038175851487438,8.114100866666666,9.110141333333331,9.303254333333332
0.9812026708710808,5.6615210000000005,6.063662366666667,6.3789388
0.9189757610824436,5.705840566666667,6.448454566666666,6.988439766666667
0.8928522134977848,5.763460766666667,6.2913131333333325,6.420477166666667
0.9817374782814116,7.021485133333333,7.840486433333333,7.519033466666666
0.9056689976132494,7.463660333333333,8.0956899,8.206264333333332
0.906110547713008,7.135500366666666,8.2602905,8.7831812
0.8630065669305417,7.349952533333334,8.725341666666667,8.485767533333332
0.8396538900558627,8.1680902,8.658715666666668,8.604377333333334
0.8380105011169418,8.828585666666667,9.607648666666668,9.004964000000001
0.8003349610198628,8.2097325,8.820954,9.2773595
0.7930720380245894,7.772398,8.469175,8.502729
0.7911608161478374,7.662453533333334,8.925049,8.598548666666666
0.7894683775935256,7.294497433333333,7.930946333333334,8.392635499999999
0.7592913704849674,8.274668333333333,9.179499833333333,8.774130233333333
0.8086497408524086,8.172909166666667,8.917679333333332,8.746222333333334
0.781683852617753,8.592348666666668,9.669658666666663,10.750685
0.7844677504549371,9.105752433333334,10.269586666666669,10.497044
0.7568972743519534,9.5372405,10.782668666666666,10.844168000000002
0.7777351488524218,8.664265666666667,9.416774333333334,9.622765
0.7549309141957276,11.362874333333332,11.615194666666667,12.024355
0.7936863754117803,11.3505855,12.264714666666665,11.371357166666664
0.8028739847439125,10.649313333333334,10.670330666666668,10.768044666666668
0.7831705579508736,10.357447,10.341208666666663,10.863336666666669
0.7957838836950035,8.1976984,9.306056666666665,8.7790026
0.771831878993917,10.063306666666668,10.471519333333331,10.395304333333334
0.7690400807063562,7.4631126,8.495922166666666,8.913663433333333
0.7766166647397985,10.162165666666668,10.818215,11.203275666666665
0.7515552117620556,9.136935666666668,9.585346,9.774569333333334
0.8095332860529895,8.991001166666667,9.789349666666666,9.937015
0.807484557303594,8.611097666666666,9.599296666666667,9.724604666666666
0.8148014602268958,8.362329666666668,9.047419333333332,8.865169133333334
0.8318297931946391,6.796189933333333,7.538803666666666,7.359213533333333
0.8538445090475758,4.756001666666667,5.473771533333333,5.573889733333334
0.7754806672548598,5.675892666666667,6.103598900000001,6.014088966666667
0.8021213296816908,6.143152833333333,6.693566399999999,6.943063333333334
0.8186802020630345,5.6195482,6.404999,6.861386133333333
1.263644323675693,26.72653133333333,30.713975333333337,25.59813133333333
1.3195387427517988,4.7491153,5.212478100000001,6.0601872000000006
0.8972567586562706,2.9851761333333333,4.417764966666667,5.020103266666667
0.8190688433733496,4.129016766666666,5.286326566666667,6.2019901
0.8500500152014542,5.108763866666667,5.4800136,6.944150366666666
0.8360431901683482,4.950806133333334,5.749721233333333,7.078666533333333
0.8333883571120491,5.1983655,6.037444666666667,7.1673545333333335
0.8032426673869081,6.0833877,7.2055284,7.898966000000001
0.8045904543245191,7.363006933333334,7.855691666666666,9.293806333333334
0.8224356713560933,7.168584533333334,7.937891333333333,9.948101666666666
0.780376451766187,6.5701931,8.455813333333333,9.058073333333333
0.7931084840864749,6.466627266666666,7.205597566666666,7.618126466666666
0.8255102020108757,6.7077917000000005,7.545546366666667,9.264750233333332
0.7996541704768414,6.824449133333334,7.697029933333333,9.406683666666668
0.8220849020511314,7.017964,8.446105233333332,8.554610666666667
0.7974086844456316,6.711067466666667,7.949925566666667,8.4483638
0.8208002476395809,6.348975800000001,7.773164433333332,8.722640233333331
0.8168006319145017,6.666986733333334,7.977059566666665,9.0231235
0.7896482767180665,6.303281966666667,7.5996981,7.778733666666667
0.8137427781189829,5.885445233333333,7.218767866666667,7.791204333333333
0.7911717400260664,5.673301100000001,7.218999933333333,7.482150099999999
0.8007799216722032,7.337936666666667,7.370244,8.190332666666666
0.8479446362144102,7.145518666666667,8.329213833333332,8.860165166666667
0.8266482728039657,6.639692166666666,7.380181133333333,9.359792666666667
0.8217625700055565,7.377839733333331,8.3158015,9.465556833333332
0.8156503625621744,8.087672533333333,8.842127333333334,10.426238
0.824469435337906,8.849081499999999,9.270514,10.661323
0.8589299669464054,8.595253533333334,9.388855,10.394536666666664
0.8601038062774039,8.353168766666666,8.424438,10.024779666666667
0.8222784770830556,8.117326833333333,8.338407,9.511229666666669
0.8145213589075602,6.757761299999999,7.926408233333333,9.162129033333336
0.8125053942695555,6.906068433333334,8.0227092,8.692551333333334
0.8431912114193706,6.5956356666666665,8.191445533333335,9.134299033333331
0.8327210455737416,6.402975033333334,7.861079666666666,9.236442333333333
0.8349873914114833,6.7046852,7.562824266666666,8.654403666666667
0.8316555371252069,6.987562233333333,8.374837166666667,8.691202566666666
0.8415201026872791,6.829971666666668,7.987059433333333,8.921833533333334
0.8290471104887462,6.648535666666667,7.639990666666667,8.318094666666667
0.8214589905157016,6.807605,7.322505833333333,8.839716333333334
0.8440057522153609,6.020983666666666,6.7910083666666665,7.957036833333333
0.8045594530398289,5.205221833333333,6.061130166666668,7.202887433333333
0.8149340378575562,4.8737372,5.4499496,6.674061399999999
0.8240362667665009,4.672118966666667,5.9987815,6.6295636
1.2305731499681636,26.51811,34.81739566666667,27.722209666666668
1.170107865680519,9.340743833333333,10.888580666666664,9.73987
1.1063364881627875,5.6326739,6.067158966666667,6.3928153
0.9473642585556836,6.876319666666667,7.5732875333333345,7.575034866666667
0.9259676290263892,5.190928666666667,5.6372219,6.0806586
0.8240513729725517,6.126596766666666,6.816526766666667,7.600779800000001
0.8523984743010941,5.974073433333333,6.722200366666667,7.5590951
0.827376623297897,7.298112333333333,7.963839066666666,8.867515333333333
0.8273520536059923,5.225537166666666,5.501625300000001,6.845836866666666
0.8195255738371067,5.202362966666667,5.741859533333333,6.668345300000001
0.8253854049712057,6.234003433333334,6.573363133333333,6.918705466666668
0.8186799185905874,7.545618333333333,8.037195233333334,7.863118966666666
0.809566719666341,6.968136633333333,7.3791664,8.1321274
0.7787422062121555,6.666459799999999,7.741935466666667,7.8872937
0.7793334295252512,6.8972058333333335,7.845663999999999,7.762624666666667
0.7773342113977968,7.607964533333334,8.401566,8.437444533333334
0.7496539904182221,7.577702066666666,8.214801866666667,8.846353666666666
0.7754009326945623,6.959598866666667,7.8499424,7.998146833333334
0.7625353484891723,7.398250666666667,7.983706666666666,8.018511733333334
0.7771023879609222,8.480341999999998,9.140609333333336,9.660959666666663
0.776160876853785,7.740184166666666,8.723427666666668,9.162457866666664
0.7701838559417161,8.7111418,9.356975,10.006828666666664
0.7660711698718492,8.118649499999998,9.620073666666665,9.859955833333332
0.77568410534464,7.332021,7.909422833333334,8.319899099999999
0.7593267589994911,6.9813586333333335,8.1322345,8.499335833333333
0.7430004684196744,8.022336233333332,8.908091,9.692662666666664
0.7849268492118728,9.872617333333332,11.309743,11.599928333333333
0.7778883232821365,8.832264333333333,9.959961333333332,10.732151333333334
0.7863470090533825,8.857159333333334,9.648056333333336,9.936724666666665
0.7940803822541582,8.0504811,8.402149666666668,9.484554333333334
0.8059074903904673,6.1616322,7.064707266666667,7.208629900000001
0.8147112830790465,7.419535199999999,8.1753145,8.307679
0.7703507147317193,8.012815466666668,9.313329,9.121879666666668
0.7808600743274442,6.717386866666666,7.556436233333334,8.143879666666667
0.8026082365168189,6.162630666666668,7.090517666666666,7.683358099999999
0.8076803177031898,5.659934233333334,6.502118866666667,7.4999311
0.8172913639476667,5.585381766666667,6.243773399999999,6.348102866666667
0.8145006477230354,5.774843066666667,6.772052166666666,7.1611695
1.1319067181740194,10.987125,12.576309,11.993199
1.082486915359357,7.898539333333335,9.139167,8.371594166666666
1.0879151227006385,8.016121,8.443191333333333,8.728153
0.9997278158554348,7.6005912,8.431945,8.613925
0.9724574618055136,7.499775333333333,8.683243,8.863461899999999
0.91717388754773,9.903469666666666,10.846136666666666,10.307121
0.8865216771030594,9.701846333333334,10.674714333333334,10.990819
0.879089924277026,8.925179,9.441931,9.268736666666667
0.8916463323833348,8.571866333333334,9.232715,9.297171666666667
0.8586204595635606,9.414839333333331,9.916824333333333,9.681227
0.8081116588217845,8.73674,10.18744,9.623776333333334
0.7813854898066771,8.870318166666666,9.902961333333334,9.572057166666667
0.8104388556959549,8.861570666666667,9.931631666666668,9.703983666666666
0.7815106685224156,9.261312666666669,10.456155,9.964099333333332
0.774570846253833,7.986289266666667,8.935818666666668,9.206766666666669
0.7868666612348746,8.595485666666667,9.457942333333332,9.252506
0.8073593766756723,8.601700166666667,9.7159295,9.938348166666666
0.7798559850456308,7.702400999999999,8.468480833333333,8.860202666666666
0.7922501637812426,7.824327166666666,8.772625333333334,9.0467318
0.8086069391360594,7.568091,8.1739729,8.767276433333334
0.8443247947430592,7.215533366666667,8.157243233333332,8.274896466666666
0.8278496067994011,8.506733666666667,9.552585,9.530778333333332
0.8036407466585108,9.92995,10.918512666666668,10.522019166666666
0.8317442861444269,7.712228466666667,8.319795333333333,9.469212466666669
0.8034179358536956,8.893457333333334,9.363958333333334,9.686620666666668
0.8033900467356089,8.985247333333334,9.888993333333332,9.424232333333334
0.8254200841959772,8.252236833333333,9.004196666666667,9.019419999999998
0.8099404081876264,9.859217833333334,10.883269333333333,10.287078333333334
0.8256050233568756,11.406513833333335,12.527588666666666,12.043783666666668
0.8232484970680966,10.551130666666667,11.692810666666666,11.386675
0.8519155548546103,7.373555633333333,7.975019833333333,9.372794666666666
0.8100735660144739,7.620405633333333,8.369480000000001,8.561109466666666
1.2893323221255837,25.156135666666668,32.19648266666667,26.67413
1.1493513897853702,9.996117666666668,11.76435966666667,10.532609666666668
1.0741720728613284,7.268161766666668,8.142327666666667,7.9815551
0.889418915169534,5.829786066666667,6.811339266666667,6.323773166666666
0.7933847127358734,5.0530419,5.664579666666668,6.4594515333333336
0.7614432386147941,4.768608566666667,5.659373833333333,6.480976666666666
0.7407857813998134,4.515883666666667,4.913678633333333,6.179388566666667
0.7252521265875278,4.311640266666667,4.7175252,5.624443066666667
0.7153959704180322,4.008471566666667,4.517873333333333,5.427160933333333
0.7459724259135458,4.329045533333334,4.923455733333333,4.977762633333334
0.7585956878761703,4.4641684,4.767150699999999,5.348983433333333
0.7669229185386978,4.3842226,4.797039766666667,5.3653038
0.7405925605760074,4.7637442000000005,5.011679633333333,6.225620833333333
0.8018084820869196,4.833915666666667,5.161377600000001,5.629525066666666
0.7851208706776848,5.048125,5.472545666666666,6.0228221333333325
0.7827059471306216,5.098017466666667,5.646854566666666,5.944564499999999
0.7783004707907543,5.7635304,6.353876666666667,6.668860133333332
0.7714375051840738,6.439908366666667,7.238968333333332,7.3291862
0.7600607630420623,6.914603933333333,7.976240866666667,8.221792333333333
0.7858049498458753,8.841399333333333,9.950570833333334,10.320669666666666
0.7958450560841589,7.786483233333333,8.783006333333333,9.233316666666669
0.7423029440331302,8.8412755,9.382621333333336,9.434878666666666
0.7646548573997033,9.576124,10.814486333333331,10.856434333333334
0.7819173503619411,8.335038433333333,9.200595833333333,10.055305333333337
0.7896151007674269,8.6724518,9.394433166666667,9.6711955
0.7636232323508647,8.355550666666666,9.773298333333331,9.511640333333334
0.7833651467689711,7.625764666666666,8.393236,9.283394333333334
0.7559868183666191,8.663922133333333,10.189161,9.732036
0.7924276647584735,8.881877066666668,9.298425833333336,9.639629
0.7897388924225505,7.378294333333333,8.414111799999999,8.095434333333333
0.8036057767666914,7.83342,8.585873666666666,9.052098666666668
0.7694382003871469,7.414446699999999,8.472650333333332,8.282593
0.7970821678876474,7.180950366666667,7.599547533333333,7.8595188
0.8133552388449049,6.317117433333333,6.871881366666667,7.718598833333334
0.7929148247295773,6.836505666666668,7.2713429,7.742206
0.7736856831894293,5.9638,6.583837499999999,7.335073666666666
0.8037771324874131,6.482919866666666,7.035367333333333,8.139750633333334
0.7695361176386154,5.3472463333333335,5.882241733333333,6.798562333333333
0.8010201258828943,5.634531333333334,6.024516333333334,6.551348866666667
0.785808520040554,6.179249433333333,6.796302700000001,7.321569666666666
0.8627882028404744,4.0002185,4.912569433333334,4.992964033333333
0.8561747933872649,5.827710666666666,6.713922233333334,7.753772033333334
0.815260578226438,7.350108633333334,7.7358237,8.249013166666666
0.8256842730452147,7.288705,7.625893,9.0273621
0.8604489125566204,8.375983666666665,9.060172,9.979552166666666
0.8077818755337965,8.464353566666666,9.964626,11.155314666666667
0.7931262907640256,9.480431333333334,9.799526,10.477040333333331
0.8115463391189,7.769957266666666,9.481536,9.729079999999998
0.8175387018328605,7.606243200000001,8.818279333333335,8.5897285
0.8216394077477706,6.882179666666667,8.328872566666668,8.357542
0.7481347135171018,6.315789466666668,7.187922299999999,7.512723566666668
0.8141132747131783,6.167220833333334,6.901673,7.205758433333334
0.7943903069620415,5.955242233333333,7.244878166666666,7.211744066666667
0.8073243601722243,5.451881133333333,6.172199966666667,6.270947766666666
0.8349796600472635,5.301618033333333,6.618245533333334,6.726202
0.8296785171063868,6.106734166666667,6.413150933333334,6.909522866666666
0.78856900760468,6.468558300000001,8.086953666666666,7.260468200000001
0.8445045801108725,5.5898279666666655,6.9598070666666665,7.53728
0.822466362242919,6.294251366666667,6.8692553,7.668771
0.8269088032298972,6.653074666666666,7.4887845,8.218682433333333
0.7755402989156525,7.173688800000001,8.750787333333333,8.847236666666667
0.8125815998036328,7.682809333333334,8.696011666666665,8.495132666666667
0.8243048913194556,7.982746999999999,8.958366333333334,9.725009666666669
0.7778132289994009,8.313459666666667,9.010291333333331,9.187207833333332
0.8252706144023284,8.734564,9.462204333333332,10.223465
0.8251350297945419,7.950517866666665,8.799228333333334,9.401313666666669
0.8170678871075151,6.950750666666667,8.334182133333334,8.038748166666666
0.803758535963707,5.839607,6.976709199999999,7.2976693
0.7874910018495984,6.257428833333333,6.986918466666666,8.329079
0.8382224688594423,6.638226799999999,6.971310533333333,7.513670333333333
0.8227756360947481,6.0264525,7.3690215,8.081642333333333
0.8235164436450774,5.998242333333334,7.322214466666668,7.912146433333334
1.154109912542829,13.116967,15.244988,13.135848333333334
1.0231720322299396,6.909904433333334,7.519407766666667,8.072223
0.98414416554102,5.699540733333333,6.5337755,7.671829666666667
0.9620065118374104,4.807671466666666,5.578336033333333,5.5747668333333324
0.9021247036766572,5.755753333333334,6.487081066666666,6.694891800000001
0.8726610700912948,7.305156666666666,8.472257333333333,8.973799999999999
0.8192939662591399,7.529217899999999,8.749619000000001,8.591566
0.8310673096468891,6.1391429,7.0675362,8.204670433333334
0.829582044055436,7.405874566666667,8.192440233333333,8.1119189
0.821828870422161,7.013784166666667,7.9436629,7.950909766666666
0.8206761235768489,7.393371666666667,8.067963333333333,9.723775666666668
0.7967744455460947,7.331781766666666,8.219463,9.004784233333334
0.7741777374314074,7.548411233333334,8.869071333333332,9.037998866666667
0.8057167275502385,7.371554,8.2765978,8.809372666666667
0.7781612171321157,7.299134966666667,7.6705167,8.131748199999999
0.8063725906590751,7.1360768000000006,8.030447433333334,8.385889566666666
0.8106754006571375,8.425313,8.701324666666666,10.409640333333334
0.8109399142076757,6.9227527,8.152870666666667,9.797005666666664
0.8305536206236243,7.413114833333334,8.349998000000001,8.9553619
0.7888291936532239,7.464267266666667,8.441969766666666,9.019322666666666
0.8044073835642752,7.958945466666666,8.593219666666668,9.223812433333334
0.8139776175809667,7.457968766666667,8.417115333333333,8.336271566666667
0.816797083518699,8.573289,8.639270666666667,8.215197000000002
0.8509512165654738,9.5083665,10.349053,9.996669333333337
0.8287323871911072,11.017778666666668,10.786566,11.2922935
0.8519152405187617,9.705514166666669,9.712313,10.432192333333331
0.8597397372701936,10.564853333333334,10.272064,10.410759666666666
0.8147893946214491,9.7280935,9.589474333333332,9.937952
0.8052476779550606,9.964387333333333,10.546148,9.965701666666666
0.8042533886595024,9.388531333333331,9.968439333333334,9.677080666666669
0.785166562532423,11.940169333333335,12.751506999999998,11.915023333333332
0.7920359778406597,9.122028333333336,9.7299925,9.520596
0.7790387213216503,8.066806333333334,8.531906666666666,8.661856666666667
0.8098195428333606,7.980978466666667,8.758654333333332,8.379011833333333
0.7756438312136277,8.185683633333333,8.948663999999999,8.873184333333333
0.7781975031230174,10.224918333333331,10.167766333333333,10.346407
0.7866004996635351,9.322905666666664,9.723041666666669,9.436626666666667
0.8132109836410032,7.952485233333333,9.239327,9.265339
0.8185391799004781,7.644998133333334,8.542535666666666,8.506340533333333
0.803382288434065,7.422561666666667,7.869664133333333,8.335892133333333
1.0987462558940806,4.851975833333333,5.1952389000000005,5.383493999999999
0.8181994335118469,4.904186166666666,5.539558400000001,6.9897287666666665
0.8348692313377096,5.6452788,6.101557333333333,8.646182233333333
0.835595317304154,5.657186666666667,6.673783,8.042280566666667
0.789078241120445,7.556333133333333,8.410970266666666,10.444160333333334
0.8122458240564598,8.486747333333334,9.534920666666666,10.123846333333336
0.7784941001832166,8.044915,8.907718999999998,9.926077
0.7881575568522491,7.590794333333332,8.237186533333334,8.888135400000001
0.8016518196548607,7.986500333333333,8.675029,9.839844
0.7820996872933631,8.790695433333333,9.827978,10.451690666666666
0.7719123533846508,8.454641666666667,9.321282333333334,11.242617666666666
0.7989744955034376,8.3065458,8.987712,10.012680666666666
0.7856182212509252,7.871221466666666,8.490301333333333,10.167737333333331
0.7794922761235963,8.2068592,9.527466666666667,10.306902666666666
0.8097435702546436,8.345161833333334,9.234268,10.755577333333331
0.7750625508547833,7.410378166666667,8.692964333333332,9.060158633333332
0.7680304998495558,6.9785861,8.086775000000001,8.1307758
0.8156881728666159,6.261812,7.772812166666665,8.085700000000001
0.7908861841758275,6.500289133333333,7.4205924,8.217742
0.8122932950296073,7.209841533333333,8.143113166666668,8.041842433333334
0.7925711276744848,8.128985,9.610034166666663,9.155313533333333
0.8099595345057712,7.895972333333333,9.211233,9.370769
0.8137662830663034,8.819218666666666,9.210809333333332,9.845139666666666
0.8199250195051455,7.965023133333333,8.400715,8.797358333333333
0.8164983084961025,6.779577333333333,7.794417766666666,8.5500502
0.8158045975409599,6.0711951,7.20157,7.408722833333333
0.8322934945116858,6.216147533333333,6.661725499999999,7.1374045666666674
0.8335717529420518,5.419946899999999,6.5534662,6.983911833333333
0.8250698571383897,4.4151989333333335,5.8199011,6.294541666666667
0.7995082431751213,5.0723909,5.898503566666666,6.271695833333333
1.2155146662564016,8.737463,9.772194,8.702297
1.2700463974481904,4.7027646333333335,5.0603083333333325,5.146779166666667
1.152657611436221,4.384341,4.6466155,6.336601466666667
1.0100897583288508,4.390474733333334,4.781258333333334,6.387690666666667
0.8992656765300747,5.076025966666666,5.609586333333333,7.134366
0.8634347135071332,5.000140133333333,5.8190883,6.805383833333333
0.8379259750437843,5.426473666666666,6.009668466666668,6.5948329
0.8452590248692489,7.4267389,8.397199333333333,9.644636
0.8509850967266034,7.006465766666666,7.777379799999999,8.069524199999998
0.7913234732333977,8.4560721,9.176594,9.519627
0.7682684764828522,7.410200566666667,8.157115966666666,8.72711
0.7964209829787431,6.915033833333333,8.133052666666666,8.531399
0.7566069277157358,7.514067366666667,8.452777233333334,9.167451666666668
0.7915652921079209,7.669760166666666,8.817242666666667,9.202269
0.7980627283893943,8.122914666666667,8.487672333333334,9.518787666666666
0.7861911970525045,8.168667166666667,8.914293666666667,10.123526
0.7994521488282801,8.314703,9.279261666666669,9.602309333333332
0.7755360137356494,8.405734666666666,8.541167333333334,9.751579333333334
0.767273607021362,7.4127128,8.599042333333331,9.609086666666666
0.7938668667509239,5.902813966666666,6.719324100000001,7.514852233333333
0.7971661072283683,7.472704966666666,8.705922,8.668928666666666
0.788152543024854,6.4781384,7.275356233333333,9.665395466666666
0.7613907349309087,6.7463205,7.921259733333334,8.531627233333333
0.7959151464013483,6.596591766666667,7.088185333333333,7.9064515
0.7889656741048459,9.417872666666666,9.886714666666668,11.441338000000002
0.8019884559799467,8.113998,8.470464899999998,10.365684166666666
0.7738725223712125,8.402614766666668,9.688227333333332,9.709492
0.7961498886437135,7.735835166666668,8.548043,8.6681042
0.8450118320284039,8.034566566666667,8.621054333333332,9.790447333333333
0.7745904433447744,5.788780933333334,6.616066566666667,7.159559133333333
0.8044953876539956,8.213958,8.493657666666667,9.631384133333333
0.7891274714348935,5.3848662,6.289744933333334,6.709074533333333
0.7776844977078244,4.871837533333333,5.475001766666668,6.0479221333333335
0.8077985394285855,5.620216233333333,5.897470200000001,6.771027133333334
0.7824818469085285,5.964265466666667,6.2923773333333335,6.8516924
0.7848888983795894,5.618788666666667,6.278486266666666,7.637692866666668
0.7763385333976354,6.752905166666667,7.597464333333334,7.766177833333333
0.7704478618850263,6.982520133333334,8.0242931,8.2734429
0.7967924365862945,5.970311633333334,6.980305666666666,7.978375266666667
0.7979109152669324,4.589837766666666,5.372488166666666,6.804676566666667
1.207832193622889,27.57678933333333,34.119931333333334,27.013526
1.0949925472737905,12.269841,13.931018333333332,12.036318
1.1399422865789457,6.7630696666666665,7.478363333333333,8.3063655
1.0543285736979988,8.283438833333333,8.943385,8.825470099999999
1.0698932879924226,7.472564166666667,7.968676566666667,8.562327433333333
1.134023799040955,12.158322333333333,11.751663333333331,11.285497333333334
0.9886009538504056,7.990975766666666,8.530828000000001,8.018144133333333
0.916643171060331,6.719976,7.336696566666667,7.116823833333334
0.8846435406458308,7.155449999999999,7.680124800000001,7.965440999999999
0.8621509357501081,7.177213366666667,7.4900074,7.3474109
0.8117435060523226,8.607816333333332,9.585295666666669,9.205319666666666
0.7998652565273833,8.007116,8.608967,8.260971566666667
0.8135950896738032,11.45217,11.450729666666668,10.804483333333335
0.8131959545576729,10.543236666666669,11.579199333333332,10.979402666666669
0.8148534305359899,7.735935733333332,8.697411433333334,9.005423333333333
0.7845475682300611,9.486695,9.886306333333334,10.332239666666666
0.7875144950358673,8.485627666666666,8.907627333333334,8.994091
0.7877979113442737,7.119135033333333,8.150880166666667,8.5455683
0.8327655034746485,7.047836966666666,7.534501333333334,7.846624800000001
0.8497066997726871,9.341278666666666,9.938515,9.872989333333337
0.8874439599011925,9.857319,10.296608,10.091859333333332
0.8191183588983618,7.650758766666667,8.160588833333334,8.9220559
0.8324979228571291,8.850327,9.466297666666668,9.663259766666668
0.8426691107150681,8.329649000000002,8.425803333333334,9.334939766666666
0.8456864808189558,9.2763499,10.0163895,10.341043666666666
0.8373212108689602,10.102681000000002,11.497937,11.368198
0.8540240379083618,10.110602833333331,10.807187,10.405097666666668
0.8505443920051085,9.582731333333331,9.621834333333334,9.922769
0.8527842874146869,9.709857,10.635303333333333,10.104752
0.8553344795279033,9.279164333333332,9.578912833333334,9.765451999999998
0.8283447241564813,7.5001115,8.262057,7.912596099999999
0.8184253205513446,7.164743666666666,7.551987100000001,8.120740566666667
0.8158460462757287,6.9829009,7.527435466666667,8.081105866666666
0.8071877080352681,5.911535266666667,6.545089099999999,6.616897933333334
0.7988344346881989,8.431681,9.140215333333334,9.752960333333332
0.8245489478944439,8.356376,9.428670333333336,9.526365333333333
1.2615964298144344,26.13104366666667,28.671244,27.320624666666664
1.1507489978876215,4.9738555,5.352735200000001,6.335356333333333
0.9655041907413718,4.4861162000000006,5.410940166666666,6.579980533333334
0.8978502100515797,5.512237766666666,6.630730966666667,6.9342853
0.8928283633884244,6.360034333333334,7.426849566666667,7.921837933333333
0.839575320238824,7.680463833333333,8.820128500000001,9.042144
0.8240693820136599,7.931851666666667,8.964464999999999,10.899917
0.8032971803527191,8.384984566666667,8.980624,9.876455333333332
0.8083329618290639,8.054497333333334,9.3063855,10.131707
0.788334088210429,7.863621166666667,9.365980333333331,9.498927533333337
0.7798883484694682,8.441375,9.476385166666669,11.055111166666668
0.7738575296664436,8.620701666666667,10.218293,11.495287
0.7812634145247608,8.926529,10.390442666666663,10.265429
0.7518715426573475,9.41699,10.372970333333331,11.514948333333336
0.7905474617250133,9.268577333333331,10.273672333333336,10.860153833333332
0.7826811999852255,9.145052666666666,10.168021833333334,10.652865
0.7973664429260338,9.816411666666664,10.645683666666663,11.243131666666669
0.7788559124174393,10.905608166666669,11.577818,12.421412333333334
0.7980479059946184,10.202037333333331,11.843828166666666,12.510054166666668
0.8165438191590622,9.553668666666669,10.725216833333333,12.552228166666668
0.8095301973298255,10.513684666666668,12.008746666666667,11.917350666666666
0.7980846574146603,9.701277333333334,11.263417666666667,12.093697
0.8229646302144511,8.846093000000002,9.833468333333332,10.5312675
0.7975658341063955,9.023111333333333,9.706857166666666,10.448594666666668
0.7950427140292736,8.313128666666666,9.447672833333334,10.531412
0.8106372189224064,8.591828,9.496859,11.2377005
0.8064266447421881,8.399481533333335,9.310564,9.989896
0.8300356884694932,6.932421533333333,7.251041433333333,8.346843333333334
0.8177971026780518,7.052858166666667,7.9660765666666675,8.743793533333333
0.786636601809264,7.255154433333334,7.8566,9.161430666666666
0.7950194867188007,6.7758959333333335,7.417736633333334,7.811471166666666
0.7986246799600057,6.1747071,7.260219666666667,7.770386666666667
0.8089926141523298,6.4370042,7.565314766666667,8.489850333333335
0.8403852502108756,5.781876433333333,7.463938,7.303914333333332
1.2460135806917043,27.762527,31.569629666666668,26.801787666666662
1.1085620171111523,15.597638666666668,17.927528666666664,16.279599
1.0073804486874904,10.450062,11.266024,11.022202
0.9651392002244296,10.177028666666668,11.485004666666669,10.852318
0.9503248081215888,9.408104000000002,10.771488,10.178775666666668
0.8683195991003473,10.376535666666667,12.080629333333334,11.456528333333331
0.8538024273654007,8.764060666666667,9.928851333333334,9.294672666666663
0.8953280845228813,7.465312999999999,7.947301766666666,8.098710500000001
0.8677124673051614,5.8746829,6.7192774,6.9074252666666665
0.8311991761741812,6.269315633333332,6.6567732,7.304480333333333
0.8234166673723452,6.728084666666667,7.853865199999999,7.652687933333333
0.7949594466496638,6.7838401,8.0574529,8.4520926
0.7581680879452161,7.450277966666667,8.126999666666668,9.080463000000002
0.7929352093449075,7.1634036666666665,7.818328500000001,8.419299833333334
0.7860138054677371,7.225554666666667,8.194275,9.182454033333332
0.7809887319590777,7.374022233333332,8.728744333333333,8.943055166666667
0.7877660667821588,7.471513333333333,8.283762900000001,9.5443838
0.7679937527066308,8.1155016,8.635349666666666,9.170467333333333
0.7648345987895269,8.060170999999999,8.513907333333334,10.217717
0.7465435273447536,7.577517733333333,9.043873666666668,8.901227333333333
0.7784573049419513,7.658931666666667,9.226265,9.230245
0.7640301088861836,7.656092166666667,8.156149000000001,9.0234782
0.7642565963261211,8.521139533333335,9.361623833333333,9.843411333333334
0.7837132123096661,8.462314666666666,9.294070666666666,10.086388
0.8047541105428438,6.7135964,7.7362049,7.983999900000001
0.7984802197922041,7.1926162,8.1468048,7.989737666666666
0.7942707629096173,6.9767068,7.6406915,7.815780333333333
0.7658304651675453,8.4868039,9.074492666666666,10.065157666666666
0.7933008455320483,7.806912499999999,8.6046,8.7251393
0.8542306826102015,5.720388566666667,6.433031733333333,7.573574933333333
0.7922244437788,6.434758433333333,6.977222133333334,7.285430066666667
0.8179162052213019,7.4541482000000014,8.34566,8.192488666666668
0.7899403647648019,7.818867866666667,8.285304,8.783581333333332
0.8366254906715991,6.730818299999999,7.7466631,7.7251766
0.8199859399490274,6.710355866666666,7.788024166666666,7.8450839
0.8096673890557305,6.649193599999999,7.64836,7.90569
0.812249764725329,6.136662333333334,7.116054500000001,7.472586733333332
1.2084475663080685,9.209348666666664,10.763152,9.933477666666668
1.0834384065558662,5.123590166666667,5.422332333333334,6.008617966666667
1.0300876020510488,7.030761900000001,7.924965333333333,7.786359533333333
0.9721189963908596,8.196865666666667,9.074606666666666,8.375507333333333
0.9204997640259196,7.3918982,8.057048566666667,8.660320166666667
0.8840466910186242,7.591804600000001,8.295233833333333,8.888571133333334
0.8712797646527282,6.971754733333333,8.086048333333332,8.289809666666665
0.8904700305504526,8.0051164,8.543984333333333,8.585115333333334
0.8388372435600825,8.708793666666667,9.526191166666663,9.324912166666666
0.8220700222529046,8.745600666666666,9.758482833333332,9.265334
0.812780683217364,8.476384166666667,9.307523,9.330907
0.7831474549569414,9.0583935,9.926848,10.4953065
0.7690958950677028,8.241560533333335,8.874626,8.938364666666667
0.7946555499092218,8.376277666666667,9.295060666666666,9.887603333333333
0.794671636589837,9.188291,9.733653333333336,10.122786
0.7983821867196363,8.883482666666668,9.592713666666668,9.404940333333334
0.7988604268973631,8.378896466666667,10.034637666666669,10.166291
0.795937495410525,9.774695666666666,10.532915333333332,10.829406
0.7919049503168107,10.743307,11.670609666666666,11.854991666666669
0.7440094304341877,9.443823,10.785443,10.513059333333333
0.761707654561695,9.517462,11.131633166666669,10.966796333333331
0.7969300646780493,10.011626666666666,11.042997333333334,10.980358333333331
0.800723085695002,8.2705752,9.108407333333334,9.168279833333337
0.8347593991460046,8.032294666666667,9.023556,9.060662
0.8086546053378254,7.670037766666667,8.440937333333332,8.582579
0.8044805773676474,8.260823666666667,9.716679333333332,9.295047666666669
0.8370401518741998,10.279552,10.909244666666666,10.669315833333334
0.8183503463932013,8.870527466666667,9.486067333333333,9.27198
0.8153191545971699,6.699656,7.0097517,7.672584666666666
0.8302161475358244,9.03593,9.368541666666667,9.439978666666669
0.8276017466749858,6.419620966666667,6.948505433333334,7.156774666666666
0.8046005342749712,7.183280166666666,7.851343666666668,8.171486999999999
1.2344577400291703,6.293813566666667,6.6851965,6.653494266666667
1.2629343325972706,6.265215666666667,7.071642099999999,7.932132333333333
1.0521116017753025,6.468187866666667,6.804261866666667,8.681450666666667
0.9630960824249962,6.764989666666668,8.002887466666666,7.9737219
0.9190346886177816,7.0135696,8.3646782,8.7988819
0.8906168624624108,7.901596899999999,8.477985566666668,8.391957233333335
0.8747611249934976,6.9974017,8.100689666666666,7.921591333333333
0.8409280900833028,6.8220901,8.080909233333331,7.872555566666667
0.9033573476814758,6.258830866666667,6.925556666666668,7.6333288
0.8806635535864729,6.4294956,7.2986339,7.957860233333334
0.8551492502772549,6.755993133333333,7.518931500000001,8.488045766666666
0.8128911064581805,6.2303256666666655,7.291777833333334,7.532433666666667
0.7826001399411616,6.7114526,7.365896966666667,8.42863
0.7517736093323535,7.595858833333334,8.455123766666667,8.6679631
0.798784584850381,6.080275966666666,6.839246433333334,7.702614199999999
0.7416275936819545,6.985421566666666,7.612714733333334,7.868541666666666
0.7337411511085907,6.712114666666667,7.479751766666666,8.125357533333334
0.7759910539249626,5.0434536,5.867391333333334,7.659506133333333
0.773989889850147,5.403225033333334,6.010222933333334,6.455655333333333
0.7756281395013538,5.695339333333334,6.302063433333333,7.0391632
0.8757408514226851,5.1676765,5.776513533333333,7.1225741000000005
0.8402248450552788,5.6933063,6.467199900000001,7.139632866666666
0.8372546830048707,5.973613766666666,6.342887999999999,7.313414333333334
0.7788784175559917,8.0278565,8.484635666666666,8.859629333333332
0.7997409297119287,6.9884688666666674,8.302596766666667,8.377960666666667
0.781098533674515,8.380874666666665,9.744175999999998,9.617297833333334
0.8110826193231085,8.307906466666667,8.756864333333334,9.231919533333333
0.7644810057389222,7.786567333333333,8.841936500000001,9.091958433333334
0.8114374699891491,8.371230033333333,9.288420833333332,9.309701566666666
0.7900675184572385,7.495827233333333,8.6085999,9.593450666666667
0.7723866691462197,6.242243566666667,7.256767666666666,7.348679199999999
0.7791619458498443,6.619047999999999,7.430740566666667,7.692673533333334
0.776502772092814,7.292570766666667,7.862351066666666,8.274846
1.265008510861782,12.913927666666666,13.829516833333336,12.723788333333331
0.8604671178050122,3.9804281333333336,4.401883133333333,5.998041400000001
0.8185668668567391,3.994467666666667,4.5252682,7.073862566666667
0.7962087821738892,5.1101920000000005,6.453531266666666,7.628533333333333
0.8117906307396922,6.853050666666667,7.637291733333334,8.526315566666666
0.8261499869083634,7.7767688,8.704538666666666,9.5045918
0.7981894904907488,8.324428,9.245122666666663,10.291519866666668
0.8090619312636713,7.8455135,9.864791666666669,10.257844166666668
0.7816568699181681,7.545094833333334,8.538646000000002,8.961566500000002
0.8025628476576582,7.517502,8.431572000000001,8.647358666666667
0.7703456826291809,7.021338366666668,7.9175398,9.060427766666663
0.809529738138164,7.184431433333334,8.239054333333334,8.919289233333334
0.8189900246260371,6.9059588000000005,8.510954433333334,9.307675
0.8366152140415558,7.047650866666667,8.960472666666666,10.0706265
0.8352285807703708,8.103394666666667,9.247321333333334,10.123414
0.8370148314533035,7.925251666666667,9.558803,10.256993166666668
0.8047828367763158,7.4244658,9.328897,10.496074
0.8189482901585131,8.523722333333334,9.086152333333333,10.733928666666666
0.8291637554086971,8.376638566666665,9.587058999999998,10.548182666666667
0.8447113945985146,8.795209666666667,9.420285,9.807699666666666
0.8024104318388199,7.941449633333334,10.241706166666669,10.074948333333332
0.8334419047327909,8.760208,9.804794,10.501854
0.7847313959188406,7.852751566666666,9.393618666666669,9.641914
0.8198207752888843,6.7830623333333335,8.064159233333335,8.314683666666667
0.8538621386291121,7.429918466666667,7.833279333333333,8.382351233333333
0.8123062013743217,6.820525933333333,8.010696133333333,9.1250935
0.7933883744847273,7.062463666666666,7.992060266666666,8.198053666666667
0.8431829277469424,6.698815333333333,7.646631533333333,8.296815233333334
0.8285062253178869,6.6777147,8.057094999999999,8.219979333333333
0.8196550954987257,7.402456099999999,8.311605666666667,9.011643
0.8464627422489629,7.931174333333334,8.842869666666665,9.020243333333331
0.8376995342218795,8.266828833333333,9.395068333333333,9.914843666666668
0.8197104000449631,8.385619833333331,9.792053,10.121642666666666
0.8536994737426052,8.791744333333334,9.665394,9.993997666666669
0.8082686456149003,7.988893433333334,9.403818,9.723610333333331
0.8319813131438137,7.5115861666666675,8.881754666666666,8.744562466666666
0.851101277184469,6.665999666666667,8.212988633333334,8.130239933333334
0.8165543755932081,5.9831551,7.442228766666666,7.060753466666665
1.2674412563679454,26.530992,29.961497666666663,25.785655666666667
1.0284880659836624,2.8552954666666666,3.1907015333333333,3.801318866666666
0.8498236785499745,3.5959066000000006,4.415448333333333,5.1851036666666666
0.8352381844142346,4.090663033333333,4.671227666666667,5.642172599999999
0.8089116202943784,4.209373200000001,4.884076666666666,6.668737866666668
0.8085894737079403,4.598172,5.30665,6.777411133333334
0.8032146736779552,5.577936666666666,6.202137266666667,7.5471256
0.8195478305833886,5.959835899999999,7.107596266666666,8.214041566666667
0.7803478573388256,6.596524266666666,7.863112999999999,8.803192233333334
0.7954424168516128,6.807661166666667,7.927606066666667,7.737444533333334
0.8166191747972511,7.087102533333334,7.9882781,8.587202166666666
0.8133880412943498,7.268633133333334,8.717488666666666,9.466091833333332
0.8010831880867709,7.726703999999999,9.027456333333332,9.511749833333331
0.814357191187341,7.775812866666667,8.294242599999999,9.258113466666668
0.7808036307961063,7.5809752,9.138244233333332,8.790458566666667
0.8149413316726762,7.148096166666666,8.176968533333335,9.188731466666669
0.8011748786049716,6.4904307,8.038066466666667,9.049031
0.7971849849910108,6.9303648,8.562254900000001,8.964353000000001
0.8112861329371701,6.791082,8.0977881,8.556175000000001
0.79969022276293,6.664659166666667,7.996761666666667,8.144935333333335
0.7987881239478187,6.6905545,8.241244166666666,8.558666333333333
0.8305043913756288,7.349483233333333,7.977647466666666,8.909363033333333
0.8056675782927293,7.203933866666667,8.292920666666665,8.900978333333333
0.834155101593636,7.729501666666668,8.314276999999999,8.451050566666666
0.8474172555799987,7.832528466666667,7.917995,8.774326333333333
0.8593631872370092,7.550544866666667,7.774629333333333,8.329345666666667
0.8464581047788577,6.668841833333334,7.227714066666667,8.148607333333333
0.8624805150930105,6.012791533333334,7.028462566666666,7.351072033333334
0.8534765286243488,5.904599133333334,6.914436366666667,7.119283800000001
0.8590735592107336,6.223997966666666,6.790387433333334,7.182440233333334
0.8255304314251507,5.7820158,6.793507133333333,6.9218157
0.8467273528711888,6.270130333333334,7.167595000000001,7.639659333333333
0.8312809332696324,6.4749789,7.278566,7.7479169
0.7936311172748098,6.000903433333334,7.0679343333333335,7.831285
0.8676653548690676,6.463439233333333,7.544309133333333,7.548856566666667
0.789903170620641,6.339775133333333,7.8814334,7.618893633333333
1.2629072813552271,25.786075333333333,29.474753000000003,25.02768233333333
1.213069107864831,8.704140333333333,9.195444666666669,9.593698000000002
1.342862834309588,6.268735566666667,6.6072415,7.299970500000001
1.1860117188252213,7.543839666666667,8.1206089,8.4621598
1.061789999274281,9.007501666666668,9.709193666666666,10.607949833333334
1.0526785416882694,9.107856166666666,10.020954,9.559709333333332
0.9478515592927534,9.504861,10.991000666666666,11.201682
0.8813230069315233,10.363906333333333,10.79833,10.882821666666668
0.8382574700664667,9.032893,10.264172666666669,10.612596333333334
0.8253056713101999,9.305483333333331,10.5463255,10.441984
0.8123242008477721,10.110947,11.466493,10.613708333333332
0.7905137783153243,10.889540666666669,11.605235666666667,12.166015666666668
0.7887895218801284,7.227864100000001,8.200067233333334,8.201647333333334
0.791047686372305,6.885214166666667,7.829147466666666,7.432768633333333
0.7698620647346225,6.032900233333334,6.578071333333334,7.0352751
0.8002544831193269,7.695796433333334,8.199621500000001,8.053103666666667
0.7761410419757108,10.104255333333333,10.666518,10.535676
0.7906946999100937,9.844659333333333,10.965296333333333,10.797248333333334
0.8282426734015931,10.727027333333334,11.681617,11.512213333333332
0.8270039622914401,10.696251333333334,11.233131333333333,10.718372333333336
0.8023313211052558,9.011023,9.550905,9.380813000000002
0.785736025878836,7.062159433333332,7.821958900000001,8.141879000000001
0.8105925403360841,6.279683266666667,6.977196666666667,7.583799999999999
0.8468831646744603,5.647461166666666,6.292613,6.560621
0.7797021817047755,7.030258333333333,7.165321933333334,7.656483666666666
0.7883165120607017,6.790120333333333,7.327760366666666,7.732936666666666
0.7834126056304577,7.650069566666666,8.246021133333334,8.514306433333333
0.7980777646920316,7.136169,7.905781833333333,8.318464333333333
0.7464638928527924,7.1134199,7.929634333333333,7.889280966666667
0.8049418744599549,7.781794333333333,8.797808000000002,8.465371666666668
0.8052200332068352,8.702631333333334,9.126639333333332,9.237357
0.7976441285297144,8.402791666666667,8.932230666666667,8.993954333333333
0.8184816582244032,8.339896233333333,9.418457000000002,9.330771
0.8638221872238562,6.812350800000001,7.462208100000001,8.191570566666668
1.1321618692359503,8.979011999999999,9.8955605,8.926441666666667
0.9694789423394572,7.7250662,9.568961666666668,9.230517333333331
0.913386872237658,6.9443182666666665,7.775811,7.727726233333333
0.8747568545870267,7.357405433333334,7.7481565,8.453474
0.8072173511407996,9.063555,9.359727,10.134863333333334
0.8021965161286193,8.992304333333333,9.963389333333334,10.167267
0.8019237083181951,9.364051333333334,10.223892666666666,10.749152833333332
0.7986646563991027,9.578481000000002,10.397097333333331,11.063121333333331
0.7910878983613524,9.196378333333334,10.430689333333332,11.607940333333334
0.8106510429185638,8.6943925,9.062694666666667,9.595023
0.8032028201699214,8.925378666666667,9.999337,10.498383833333332
0.7786963511854297,9.394915666666668,10.340623666666666,11.148209333333332
0.7670079276792774,9.158728333333334,10.5272655,10.470943666666663
0.76100828596772,10.204470333333337,12.020843,12.658366333333332
0.799758829740811,11.216867333333331,12.535658333333332,12.132491
0.8031117783997891,9.593546333333334,10.739699333333334,11.498286
0.7876138728310865,8.891604333333333,10.410400333333332,11.726646333333337
0.8306420637598441,9.281111666666666,11.147210333333334,11.473041666666669
0.8199834991300768,9.594351666666668,10.808599833333332,11.81566
0.7826199102469329,9.614108333333332,10.784683333333334,11.970494333333331
0.7762778136553944,10.2052795,12.020216666666665,12.842472833333332
0.7995053565699756,9.980391,11.556659666666668,13.522912333333332
0.8033159605678616,9.902486666666666,11.688023666666666,12.741319666666667
0.802080420030495,10.240336666666666,10.728589666666666,11.853235
0.7924906439973007,10.146137,10.756949333333331,12.369782333333331
0.8325980905303711,8.733553166666669,9.60581,11.192631333333331
0.7970628165146442,8.6877795,8.910089000000001,11.531787333333334
0.8265977402480577,7.2524844,8.369180233333333,9.481778333333333
0.8181959690151235,6.934143333333334,7.3713631,8.316818733333333
0.8151011896361514,6.336689866666667,7.526894466666666,8.493894
0.797524555478693,6.2397761,7.488071266666666,7.543630666666668
0.8072005756274742,5.843877766666666,7.084763166666666,7.316963833333333
0.8047919533613827,5.807518333333333,7.750825266666667,8.1167945
0.8230484321568173,6.263665166666667,7.022805333333333,8.068503133333333
1.0112099866145856,2.1821010666666667,2.6933566666666664,5.013407699999999
0.8644808756122311,3.4541456333333334,4.491234166666667,6.312382100000001
0.8651130767726535,4.3100677,5.260732166666667,7.044491533333333
0.8550573242724372,4.874266766666667,5.607040566666666,6.6212866
0.8033324695535096,6.602056666666666,7.543683166666665,8.554128500000001
0.8053814632010582,7.968647333333332,9.111678833333334,9.528444666666667
0.7972883966148201,8.308241333333333,10.120486333333334,10.652081666666666
0.7773045726664849,8.659418333333333,10.377499333333333,11.381115666666666
0.7895286313043427,8.850023,9.172056666666668,11.117852666666666
0.7969026242887898,8.659597,9.117148666666663,10.814744666666664
0.7679507464805022,7.915591299999999,7.974211633333333,9.726088333333331
0.7800768693379592,8.507475166666667,8.834286166666665,10.322543166666668
0.7918685878654067,8.294185433333334,8.789152333333334,10.129100566666668
0.8044981845084643,9.019471866666668,9.759470666666664,10.714239999999998
0.7979426708696321,8.497822066666666,9.602567,10.117684666666667
0.7696851115552973,8.856781833333335,9.806778666666666,11.193957
0.7824612590031466,8.650223233333334,9.284221333333331,10.304076
0.7952194563867558,8.178657333333334,9.998938,10.367787
0.7612800439145123,8.152629333333332,9.471439833333331,10.615319666666666
0.8122636416013961,7.860329166666666,9.053574333333334,9.910257
0.8156196928062919,7.793130566666668,8.5272968,9.2323025
0.8161695249741089,7.823143999999999,8.743667,9.124779333333334
0.8147053779107104,8.180773766666666,9.246829166666666,10.497124
0.8106712643309412,9.080362733333333,10.134716666666668,11.019457333333332
0.818859063519961,9.060215333333334,9.869277,11.260292666666668
0.7757445604257271,9.037135333333334,9.386967666666669,12.156129666666668
0.8150971037530566,10.8718765,11.894787333333332,13.457784333333334
0.812653783078805,9.206336333333333,10.097587333333331,11.241065333333331
0.8009683031053055,10.410177333333335,10.884119333333333,12.323695
0.8035256243541234,9.103179833333334,10.0002625,12.135084999999998
0.8087142759934219,8.69227,8.948800266666668,10.4187145
0.8104065220230616,7.364852133333334,9.166247666666663,10.252947533333332
0.8253448014329737,7.356658,8.247184266666666,9.702198833333332
0.8151802151019387,7.438941233333334,7.365163,8.795512333333333
0.8464837079751529,6.7545755666666665,7.1864146333333325,8.400176566666667
0.8121336274799366,5.949149766666667,7.181221000000001,7.857812333333334
0.8355015727072418,6.028096633333333,6.939255833333334,8.072945233333334
0.838515720152175,5.9665061,7.460245666666666,8.360914766666667
0.8505130918077225,5.698652966666667,7.954241866666666,8.985927
0.8278617674531227,6.710493266666667,7.9582196,9.192388333333334
0.7908987861679991,6.4831669666666665,7.911826,8.755094666666666
0.819732530643146,5.8864057,7.342477033333332,8.302026233333333
0.8353157263598878,5.7769631,6.791310533333333,8.559916200000002
0.8260847388786859,5.4296404,6.204392933333334,7.834086666666667
0.7979189074472769,4.941018,6.184633433333333,7.794646833333334
1.2438678086828907,26.208122000000003,29.898725666666667,26.259788
1.1927810876729128,10.314195666666668,11.931228,11.650889333333334
1.0915391802211163,3.9374773,4.381647766666667,5.157454433333332
0.9386959206308316,3.8317701,4.517652666666667,5.047868166666667
0.838115440385779,4.569668733333333,5.143825333333333,7.1783347
0.8508066464201942,5.4681242333333335,6.4507529,7.270589999999999
0.8259822809966865,6.5772469,7.625714466666667,9.089346333333332
0.796293012586513,7.662503733333334,9.010803166666667,10.228771333333334
0.8047556513964317,7.438704866666666,7.730142866666665,9.351338
0.7818332956646966,6.346391100000001,6.837286833333334,8.089045166666667
0.7773630880487703,6.708544033333332,7.5171058,7.5589751
0.7939642536345911,6.142742999999999,7.1493123333333335,7.815515266666666
0.8150486099935453,6.626280766666667,7.7556859,8.939501333333332
0.7958202416975141,7.400190466666667,8.071202,10.526629333333334
0.8182204578797223,8.168514866666667,9.077783333333333,10.397381166666667
0.8080015433736835,8.721927866666666,9.581983666666666,12.064673333333332
0.7967001367080516,8.153565166666667,10.219043,10.686678666666667
0.7805723380775594,8.135140766666666,9.110072,10.450894
0.7953649517966866,7.915847433333333,8.673969333333334,9.842640566666669
0.7963443583476524,8.390756833333333,9.625114333333334,10.6866955
0.808186920569567,8.411731333333334,10.068925666666669,10.651439
0.8043717190533001,7.640782666666666,9.232960333333333,10.500875666666667
0.8053205155261717,7.773890866666666,8.905250866666666,10.090712333333334
0.8191498694939598,7.723037333333334,9.240314333333332,9.238067566666668
0.8322317993074435,6.721495099999999,7.777043166666668,8.509126966666665
0.812711738201474,6.482032766666667,7.3797822,8.2271395
0.789316181829321,6.4822718,7.101504333333334,7.807924466666667
0.8165035523491482,6.7561562,7.616352166666666,8.689089333333333
0.8007433875767859,6.347299,7.678088333333332,8.490754
0.8154461444912576,6.560499566666667,8.776415333333333,8.575563866666666
0.8328650842532462,6.6265078,6.744390166666666,8.04268
0.8425568459369823,6.2276889,7.561790766666667,8.587970666666665
0.8147669875814031,5.5782316,6.476809633333333,8.004074133333333
0.8372151325075685,5.656553433333333,6.987581133333333,7.886806133333333
0.8254332722022953,4.8241171000000005,6.171181833333335,6.694793333333333
0.81682581495014,4.0150254,5.2648775,6.2738151
1.3941905350306818,3.538263433333334,4.0357119333333324,4.510946099999999
1.157214904648869,3.508382266666666,4.315476100000001,5.626320333333333
1.028107502120446,3.1712385666666663,4.575156633333333,4.824960633333333
0.8278983219588184,4.8043418,5.542718666666667,6.471937333333333
0.7912722590853773,6.368884733333334,7.430888433333333,7.736367566666668
0.7891008012119984,7.070997866666667,7.990846,9.358824733333334
0.8135952105467634,7.044243266666666,7.796971333333333,9.863157800000002
0.7824030609217006,7.423960399999999,8.729807666666666,9.121848333333334
0.7761130207593193,7.2999245,8.7364,9.746679
0.8180327575490973,7.590630733333334,8.311019933333334,10.322354
0.8216718040185237,8.300317866666667,9.480851666666668,10.965073166666665
0.8012719632905364,8.857872666666667,10.335628666666668,11.467024166666668
0.8509148861606666,8.348832833333333,9.896477333333332,10.456864333333334
0.7986554188393878,8.107870833333333,9.393358333333332,10.288716666666666
0.7821993263678876,8.797994333333333,9.550268,10.899337
0.7841402184763052,9.57708,10.445658666666668,11.026819666666668
0.8048497460193075,7.6468715,9.062845666666666,9.781252566666666
0.808059988346637,8.7009618,9.675309,11.101085333333332
0.7972677836416927,9.289054333333333,9.936022833333334,10.505201
0.8358756769665758,8.936546833333333,9.764418,11.612556
0.8130811632747644,9.225373333333332,10.380526,11.369991166666669
0.8260742769618904,9.558293666666668,10.185164333333333,12.808606333333335
0.7934471609896957,9.118846,10.5028975,11.938859333333331
0.8124866643702151,8.924933066666666,10.0061655,10.776037666666667
0.8156834076951495,8.498256666666666,9.48046,11.032297333333334
0.8059256250452935,8.611519666666666,9.567320666666664,10.380825166666666
0.8101557100519686,8.801793533333333,10.053283666666667,11.035711166666667
0.8028794989837854,9.388464,10.029236666666668,12.791506833333337
0.8439885289871624,9.215683066666664,10.666125166666667,12.372053833333332
0.8419017542543566,10.233765,10.205261,13.143268999999998
0.8266640325583533,8.837549000000001,10.2223715,12.223547333333334
0.8118851764137173,6.668719299999999,8.4785488,9.442125866666666
0.8502390015639296,7.011546133333333,7.928429966666667,9.183884666666666
0.8221532605591154,7.209216933333334,8.747978666666667,9.0468181
0.8518716770491951,7.304310533333333,7.867238999999999,9.248783166666666
0.8190884956153911,7.249352466666667,8.500435000000001,9.914419333333337
1.1883469286263804,10.6400645,11.895471,10.730484666666667
1.4368576339327026,4.4731966000000005,5.1266837333333335,6.142211
1.2577714551708823,5.004654866666667,5.426379,6.225133033333333
1.168649876523009,4.414700666666668,5.029141166666666,5.243906433333334
1.0236634577338863,5.308381833333333,6.0078642,6.097779633333334
0.9306741049983392,6.515311666666666,7.2891957,7.47904
0.8597629712826508,5.9941441,7.135897633333333,8.022200499999999
0.8737402981377591,5.085628466666667,5.9359712,7.117619633333334
0.8091214662501693,5.5584256,6.595837,7.115357866666666
0.8268738670179338,5.429739733333334,6.637535233333334,6.7112768
0.8212597123857995,5.4362498666666665,5.8740481666666655,7.393079733333333
0.7750029263843636,5.8871397666666665,7.0308362,7.143593733333333
0.7561278264393324,6.65976,6.8876755,8.558591
0.7829067139402693,6.117969833333333,6.916755766666667,7.9723163
0.7621580316411153,6.816602266666666,7.420493466666667,8.420796166666667
0.725750320135802,6.915731,7.389907,8.077422333333333
0.7524907050746243,5.579138666666666,6.6478875,7.144339766666668
0.7605828911236608,6.495613133333333,7.142393333333334,7.620957799999999
0.7518401762448336,5.821962199999999,6.612607833333333,7.707547833333334
0.8093173586201337,6.228083466666667,6.6954854333333325,7.8625631
0.7962767203117153,5.358942833333334,6.094190766666666,7.785814500000001
0.783754816354647,5.088507833333334,5.788415666666666,6.762374833333333
0.8087548179186039,5.3790544,5.860967700000001,6.477693266666667
0.8536499531183477,4.998079,5.517347566666667,7.607506866666667
0.7955877008216907,7.283489800000001,7.6368974,7.871474999999999
0.7819143551029389,7.823229666666667,8.739842666666666,8.666328166666666
0.7958130165842171,8.614142666666668,9.611142,9.437454333333331
0.7931905594005967,8.092955866666667,8.91476,8.849421000000001
0.7967254025940864,8.145241666666665,9.199761333333331,9.020401
0.8027528337308539,6.738822433333333,7.206855266666667,7.911527333333335
0.8069371605317319,7.653897966666666,7.850364066666667,8.983499333333334
0.7983837019041454,7.150733433333333,8.266531333333333,8.968084166666666
0.7976773491671091,7.6705964,8.649989333333332,9.041760333333334
0.8325717901409679,7.027439566666666,7.948542533333334,8.147167833333333
0.8045099001607365,5.907598666666668,6.225364433333334,7.6506641
1.1227346977640509,11.343857666666665,13.136085333333334,11.583608666666668
1.1287092018612697,6.6699501,7.4878748,7.411886366666667
1.0328043628048202,7.875303566666666,8.777513666666666,8.637859
1.0407455647171335,7.506088233333332,8.303252333333333,8.436561533333334
1.0102667867398671,6.325547966666666,6.843345966666667,6.9710973
0.9011787951410826,8.957864666666666,9.866798,9.585399666666667
0.8564368830727006,10.035248666666666,10.959588333333334,10.793313666666668
0.8312065739981757,10.131901666666666,10.807009,10.680701666666666
0.8233251938607141,9.813393333333334,10.622504,10.530053833333334
0.7910492138585287,10.622210666666668,12.464029833333331,12.175621666666666
0.8113813768333911,10.404676666666669,12.282427999999998,12.032595833333334
0.7951944285434704,11.333121,12.175271333333336,11.938007
0.7983989465574225,10.944765,12.131975333333337,12.085785333333334
0.7716701343485669,9.383904333333334,10.407929666666668,10.863114333333334
0.806204885712782,10.234980333333333,12.130250166666665,12.125688000000002
0.7902609208610528,9.392200333333331,11.0807705,10.781539166666668
0.7885454806201415,9.395944333333333,9.917693,10.724719666666669
0.8008804129579353,8.936615666666667,9.620196,9.938531666666668
0.7612959243580676,10.674362666666669,11.695703333333332,11.540566
0.8013453880604947,8.031949766666669,9.226897666666666,8.885571333333333
0.7719659828921605,9.705863,10.890783666666666,10.704542333333334
0.8185597447697607,10.516435,11.500489,11.788543
0.7562591950775358,8.193839599999999,9.633204999999998,9.453523333333337
0.7951313981019023,10.0179,10.956359,10.528192666666667
0.7471271407998804,8.536811766666668,9.616371,9.685518
0.7591128790401575,9.017703,10.170356333333332,9.923303833333334
0.7954416354733994,7.399797266666667,7.879950566666667,7.866123866666666
0.7943206073183564,8.155035666666667,8.874411,9.078292666666668
0.8221202252787515,7.030908766666666,7.844850533333333,7.698024233333332
0.7912848598964977,7.820393,8.280764533333333,8.757635533333334
0.7932885994257471,7.408822000000001,7.854463533333334,8.312866
0.7997927577695828,9.633685,10.987967500000002,11.11126
0.8177725976682391,6.8349362000000005,7.870017000000001,9.541170866666668
1.4925915670474812,4.033652666666666,4.3756965333333335,6.620914133333334
1.3851044004752902,4.871099,5.911141366666667,6.7080111
1.258843110739477,5.6089343000000005,6.656803,6.723652333333334
1.1529401981116667,6.6685953,7.5530902666666675,8.381467800000001
1.0812501842123412,6.409160666666668,6.953033300000001,7.462510133333333
0.9264398147894534,7.185557233333333,7.8230324,7.777764333333334
0.9029938625862126,6.969669433333333,7.8757165,8.320496433333332
0.923329657655387,5.994950800000001,6.5487438,7.462424033333332
0.8823209954807787,6.392825600000001,7.452335833333334,7.428975166666667
0.8702945237429365,6.115894966666666,6.2465897,7.516098333333332
0.8384613359770666,4.9243948,5.681155100000001,5.982839599999999
0.84875849462506,6.139765799999999,6.678429166666667,6.705707199999999
0.8103462524334138,7.014057666666666,8.441777933333334,8.217561
0.7951229993317502,8.261130533333334,9.359487333333334,9.626090666666668
0.809367721193971,7.092503433333334,7.584988233333334,8.190496666666666
0.7836151894631668,8.423501100000001,9.435039666666666,9.887453333333331
0.7542087033641343,8.084945466666666,8.465276066666666,9.052242
0.7765417917905842,7.049891033333334,8.428291166666668,8.962968666666667
0.7691389987024287,7.168883,7.644582199999999,8.2169785
0.7901302038743565,7.339829666666667,7.902981666666666,8.297427666666666
0.7739009520076361,7.2138689,7.9762202,8.222508500000002
0.7564205094791667,7.512552466666666,8.398056666666667,9.0938599
0.7436538268296106,7.861986666666667,8.26331,9.610606333333331
0.7286267148814382,8.504070766666667,8.882613166666667,9.735398333333334
0.7885318366393291,7.804491766666666,8.142694766666667,8.643739566666666
0.7643177134433573,9.119459666666666,9.783820666666664,9.774354333333331
0.740117685508865,9.113183666666666,10.117547,9.449762333333334
0.7743512159660911,8.126201266666666,8.974569666666666,9.420215333333331
0.7876502716771849,8.061935,8.629946666666667,9.011002666666668
0.7964848224465845,5.881096066666667,6.283470233333333,6.322353666666667
0.8069190652446071,4.8201926,5.428692866666666,5.762691666666666
0.8163123627214813,4.284351,4.819423133333333,5.1400428
0.8364664169749352,4.185474333333333,4.446234533333333,5.285530766666667
0.8115786676312239,3.9517023,4.2799955333333335,5.011234166666666
0.8181521615288627,4.535539066666667,5.047615533333333,5.7370408
0.8066840470579222,4.801616233333333,5.203142766666667,5.661706
0.7977408991291043,5.111085533333333,5.9733059,6.244017166666667
0.8074775653032501,5.517381866666667,6.017641333333334,6.9268806666666665
0.8046097169921546,5.260205966666668,5.990396533333333,7.083748
0.8124748843402351,4.61238,5.3274441,6.407625566666667
1.2187948716014263,28.710837,31.415084,27.55822
1.1000101083196296,20.27145833333333,22.889283,19.905603666666668
1.090058085890128,14.421537333333331,16.195642,15.146950666666667
1.155306891712448,11.219089333333336,12.433432333333334,12.214324333333332
1.083746344344395,10.629140666666666,12.017175000000002,11.086931
1.0246659256118722,10.524258333333334,11.703091333333331,10.6933525
0.921191786903934,11.542516666666666,13.410557666666667,11.931469666666668
0.90822238523363,12.577016,13.569155,12.821707666666669
0.8729564673325697,8.810970666666668,9.668790333333334,9.494262999999998
0.846180340959593,9.48879,10.883672,10.162760666666667
0.8763840407979301,10.451915333333334,11.706016333333332,10.865277
0.8878521149335592,12.108718333333334,13.950544666666666,13.109886333333334
0.9308375169056836,10.174744666666667,11.491725666666667,10.555227833333332
0.9035376633381728,9.870562666666666,10.95522,10.634603
0.8677199402128165,11.366917333333332,13.960327833333332,12.383726666666666
0.8477982218625963,11.590645666666669,12.895905666666666,11.549757666666666
0.8113869629515887,11.805642666666666,13.037882333333334,12.547695333333335
0.8788699897753597,9.266950666666666,10.273606,10.226332666666666
0.8494445422463222,10.849721,12.298505,11.212613833333334
0.9039420244800284,8.984436333333335,10.073350666666666,10.346276
0.8461194621223189,9.913182333333332,10.731240333333334,10.809316333333332
0.8734459744131059,9.950044333333333,10.862578833333332,10.110265833333337
0.8917649347252219,9.307837,10.407009333333331,10.084030666666663
0.9153054312607486,7.577879200000001,8.086496799999999,8.358454
0.9404882488102744,7.7306919,8.388486,8.254378833333334
0.9079145544732992,7.624256866666666,8.0488889,8.8932581
0.830247111444947,9.742255666666669,10.785754333333337,11.701933666666667
0.829214805253693,12.128181,13.264488333333333,12.170711333333331
0.8897566310247459,8.558411999999999,9.472924666666666,9.457723666666666
0.8610507840024368,8.585920333333332,9.231387333333332,9.143223
0.837918080048842,9.529789333333332,10.828252999999998,10.398115333333331
0.8296995648663777,11.7944325,12.701674333333337,12.963737333333333
1.074683950441813,4.7395015,5.433769433333334,5.783215066666667
0.8323362953948589,4.435924666666667,5.296675333333333,6.290964
0.8018928328009824,4.867347233333334,5.948431800000001,7.193887866666667
0.7767331243224125,5.0882176,6.454926,7.637016433333334
0.7584898939473096,7.191187500000001,7.972119066666667,9.499919333333333
0.7764019016396663,7.285579833333333,8.706846233333332,9.271149666666668
0.7628773872981087,6.593761466666667,8.392681333333334,9.0620768
0.7647744492463174,6.674560700000001,8.632747666666667,9.516358333333336
0.7829872307888843,7.095800333333333,8.203575733333333,9.183941333333332
0.8105419451302965,6.545736133333333,7.869103233333333,8.511926733333333
0.8104716217079213,7.044262333333333,8.008642333333333,8.522420466666667
0.8145469315651175,6.983389466666666,8.716887666666667,9.507186
0.8087161072524035,6.820885466666667,7.3568899,8.770487566666667
0.8003711174184884,9.155674,10.051309333333334,11.144207
0.7962988580863238,10.475675,11.033984333333336,12.793214666666666
0.7876967354307746,10.209713,11.41046,13.292948
0.7779673258625598,10.767653,11.999917666666668,11.97739
0.8146316405457235,8.792666666666667,10.462713333333332,11.494293
0.7762325483805496,7.936678166666667,9.1562752,9.971764566666666
0.8121586977550858,7.5053035,9.382292333333332,10.172013666666668
0.766640969042803,8.693179466666669,9.657609666666666,10.226743666666666
0.8038860671245819,8.676822433333333,9.622437,11.702094666666667
0.7970310318395125,8.1927205,9.077886166666667,10.113065666666666
0.8103582469742202,8.847398666666667,9.352412,10.924045
0.7875870775131356,7.490453233333334,8.355016,10.235165333333333
0.8001978773561275,8.068486566666666,8.893601666666667,9.787499466666668
0.8276919057042509,7.9355285,9.289768,10.380761333333334
0.8066331256364316,7.648355800000001,8.525176333333333,10.129040666666668
0.8259710140544669,7.453047666666666,8.591358000000001,9.504209666666666
0.7986149218728767,7.864412366666666,8.809366666666666,9.597862
0.801601294721546,6.897497166666667,8.126930333333332,9.1775635
0.8160943362297131,7.559713766666666,8.24462,8.611250666666667
0.8158116985595112,5.971872233333333,7.202354866666667,7.956896433333334
0.8126131746700763,6.109764533333333,7.0143093,8.4939257
0.8079441740495025,5.972406533333333,7.296909799999999,7.7151982
0.8187164420407824,6.3880015666666665,7.368628699999999,7.795166333333334
0.816930306986961,5.608620666666667,6.9575396666666665,7.823868133333334
0.8500511016713165,5.846441866666666,6.558630366666667,6.686091566666666
0.8047191190680776,5.4008137666666665,6.3600267,7.577206833333332
0.8008870059911836,5.919524833333334,6.5491632,7.808796
0.9375009553891251,2.9671153999999995,4.336555633333333,5.604728533333334
0.858069210710727,3.9410386,5.454965533333333,5.475687833333333
0.8199954686726333,4.650830166666666,5.8511538,6.606710433333333
0.8119354901850255,5.413700133333333,6.915712366666667,7.166524333333332
0.7883676839231463,5.165823966666667,7.296194466666667,7.616883466666667
0.8096898518349848,5.270756233333333,6.278374566666667,6.938581566666667
0.7880310768813099,4.576212000000001,6.611676766666666,6.9463501
0.8137576819581817,4.939922500000001,6.444500033333334,6.5719091
0.7987134281719847,5.322456666666668,6.982230566666666,6.131751799999999
0.8038862774999774,5.198803000000001,6.4529188333333325,7.6371759
0.819718436619067,5.241879166666666,7.383243766666666,7.2699033333333345
0.8372779016960855,6.2652833,7.471798866666667,8.549169
0.8486633467608127,6.386474666666667,8.433244666666667,8.443635
0.8291344108799378,7.423009866666667,8.55438,9.712394333333334
0.8064604132643463,7.4107881,9.425598666666666,9.778055333333333
0.8321217363457198,7.764464866666667,10.0369175,10.584269
0.7959393170145151,7.232891533333333,8.389980666666666,9.950106666666668
0.8279574652889495,6.872216266666666,8.385685333333335,9.815095333333334
0.8171314483472,6.745036333333334,8.104234833333333,9.375714933333333
0.7985733467758531,6.705333633333333,8.065606666666666,8.830720333333334
0.8451175270234574,6.525178466666667,7.686542466666666,8.806609866666667
0.8293577090940726,6.4517085,8.224376666666666,8.380301033333334
0.8384067553110445,6.238893766666666,7.127929866666666,7.958985333333334
0.8679566843962574,6.619350333333333,7.1261239000000005,8.008807533333334
0.8231498107540268,6.143113666666667,7.267438666666666,8.881337433333334
0.7976555911217128,6.591148100000001,7.841449966666666,7.875953
0.8147403307669651,6.929742566666667,7.5105748,8.4425308
0.8639923977607848,6.7561125,8.876398666666667,9.484682833333334
0.8362551058728878,7.911927433333333,9.791319333333334,10.242652666666666
0.8187542576831297,8.803121333333335,10.492309999999998,11.278785
0.8380973292440211,8.123178433333333,9.807451666666667,10.830283333333332
0.8594298774425398,8.9630151,9.823615666666669,10.390958
0.828815107874397,7.3156249,8.812238,10.222612666666668
1.1918192229204243,10.766109666666663,12.314051333333332,12.786248666666664
1.0916894648755848,6.164419133333333,7.002483699999999,7.594038999999999
0.9051856393910008,6.136359266666666,7.2011688000000005,6.895217
0.9274027231130088,6.318810333333334,6.955233633333333,7.858459333333333
0.8730692893627744,6.932550666666667,7.523922366666667,8.209631166666668
0.9284585484053292,6.864386566666667,7.912139,7.489359333333333
0.8489474884672585,7.3076121,8.066186666666667,7.867950833333334
0.8624251429764597,6.8742681333333335,7.522018766666666,8.454233166666667
0.799127475740017,7.1595558,7.700268566666668,8.266128333333334
0.8221634916133528,7.085478433333333,8.377330666666667,8.532644233333334
0.8171106173664097,7.288658266666666,8.186673066666666,8.889224033333333
0.7897029712536338,7.161553133333332,8.325106866666667,9.052723666666669
0.7819437480500762,6.6753715,7.065300799999999,7.4443878
0.8096452198818552,6.917613366666667,7.526283333333333,7.741537266666666
0.769191954219108,7.611226666666667,8.379466833333334,8.4764001
0.7833335092155483,7.339058233333334,8.528404833333333,8.310678433333333
0.7932912810136958,8.103646666666668,8.796675333333333,8.773618
0.7935845944698259,8.441821,9.869202,9.320296833333332
0.787216392747038,9.058995,9.717772,10.8247645
0.8147335281420154,9.178830333333332,9.845268666666668,9.6949275
0.7711994672919982,9.849725833333332,11.906261333333331,11.526766333333336
0.7858352186096887,9.541126333333333,11.457895666666666,11.533188333333332
0.894644934578158,11.550578666666668,11.194455333333332,11.579576666666668
0.7958496687350234,8.412401000000001,9.678252333333331,9.613569333333333
0.8748661231937181,7.012694666666667,7.458517100000001,8.372184666666667
0.8825456054597157,6.258069566666666,7.007967933333333,7.587952866666666
0.813599550139808,7.329822433333334,7.546457566666667,8.595141866666665
0.765677215249489,8.202716733333332,8.830515666666665,9.079636333333331
0.8111698876436794,7.910870833333333,8.723758666666667,9.389728
0.8228918999520941,7.839623833333333,8.279348333333333,8.585359666666667
0.7803741073312161,8.425449466666667,9.959581666666669,9.655725666666669
0.8129856538156304,9.379021333333334,10.23146,10.702774
0.8164553368256593,7.580083999999999,8.2889221,8.321856333333333
1.267149073552848,23.578347666666662,27.028342666666664,24.483577666666665
1.1374399676200404,14.44561,17.352787666666664,15.132653333333332
1.1110120990853642,11.846634666666668,13.407193666666666,12.660372
1.0829283282088609,12.206162666666666,13.887312333333334,12.138802666666669
1.0704101562132868,12.916089666666664,14.705514333333332,13.313657666666666
1.2983329313566545,5.5787881666666665,6.015140233333334,5.945432966666666
1.1901286014612724,5.681245,6.1241650000000005,6.347559
1.170310542772397,5.772303766666667,6.050585533333333,6.088197233333332
1.061363714951917,6.189058500000001,6.395798799999999,6.562393666666666
1.0014484462220157,5.9864401,6.893734733333333,6.636550133333333
0.8914183240050481,6.6026411,7.494634233333333,7.139268966666667
0.8432428734619629,6.936409266666666,7.667265533333333,8.024812166666667
0.820843358536726,7.1337281,7.7128998,7.629353533333334
0.8049764730321166,6.840149133333334,7.559490533333334,8.002685666666666
0.7708168680279712,7.185612666666667,8.0719861,8.661436833333333
0.7895355484425769,7.273605666666666,7.963601133333334,8.132535333333333
0.7996082594541459,8.024525766666667,8.6265,8.608850799999999
0.7842984927045652,7.337282333333333,8.1909519,8.529969333333334
0.7956615725268511,7.7585385,8.200754666666667,8.5183085
0.7955482207561874,7.301929133333334,7.980355566666667,8.160831166666666
0.8119014789881381,8.164368333333334,9.108424333333334,8.765289666666666
0.7965410195336385,7.849980833333333,8.845362666666666,8.830916333333334
0.7679646251674782,8.790919666666667,9.607057333333334,9.740219333333334
0.7904317653296572,9.905903666666669,11.070643333333336,10.932918666666666
0.7881624859218458,8.957492,9.630622,10.030129333333331
0.7847125746967528,6.953350466666667,7.578307333333334,8.130913033333334
0.8074935317747082,10.518675333333334,11.355446,11.336699333333334
0.8140366775297023,11.545773000000002,13.366273,12.54007
0.8346078965578622,9.798080333333331,10.259763666666666,10.714420333333337
0.8232903878329934,8.378716333333333,9.171825666666669,8.963365166666666
0.8192010250002347,10.182743333333336,11.138576333333331,10.5770785
0.8257920012435029,9.194345666666669,9.705409166666668,9.488383666666666
0.828138135256736,9.043082333333333,9.979514333333332,9.542665333333334
1.2282445163803664,8.683372666666665,9.356006666666667,8.855006333333334
1.4454081514694266,5.170129566666667,5.255472500000001,7.232499166666667
1.3502622038983547,5.590662333333334,6.049181,6.111146466666667
1.1031358086540517,5.775649999999999,6.7011935,6.992866599999999
0.9534529870768136,6.7120052,7.764726,8.687501433333333
0.9258238112044144,6.656738533333333,7.666489533333333,8.9549547
0.9010713641818562,6.957953666666666,7.781235966666667,8.914441
0.9562405628005708,5.0432456666666665,5.427006766666668,5.9870819
0.9038304582672568,4.771111333333333,5.446204566666666,5.622744766666666
0.8297111800377094,6.2734204,6.949789366666667,7.528889666666667
0.8230776563722095,7.256895933333332,8.105077666666668,9.128006
0.780445615992846,7.826873,8.670278666666666,9.778316666666669
0.7753408152999475,7.590860033333333,8.476217499999999,9.2738295
0.7589920771765136,6.188118333333333,6.936561700000001,7.292750333333333
0.7787651749128094,5.823854799999999,6.7725888,7.300322266666666
0.8067828202005495,6.083725766666667,6.9949984,7.478219333333333
0.7691546524342737,6.585613666666666,7.374424766666666,7.492341666666667
0.7688995782436879,6.924002133333333,7.911731233333334,8.001302466666667
0.7787894511652823,7.023034266666667,7.843560333333333,8.513808666666668
0.7682040635868536,6.903569999999999,8.019114566666666,8.682228533333333
0.7764300291794409,7.687160666666667,8.484485999999999,8.937063133333334
0.7434875271932512,6.950233933333333,7.6405194,8.107737
0.7287793359765616,8.630854666666666,9.410182833333332,9.376746
0.7522560944874126,7.773652933333333,8.787926,9.0934835
0.764339394502684,5.743382233333333,6.616655833333333,6.993783366666666
0.7494663113115517,7.629371033333334,8.134347666666665,8.504784666666666
0.8022848274734913,8.580472166666667,9.150460666666666,9.576710666666663
0.7912848105786008,5.279348866666666,5.875267433333332,6.127615633333334
0.8199728213106408,7.065086566666667,8.0892265,7.961056133333333
0.8311898931075871,8.001330333333334,8.880061333333334,8.7538465
0.8035466790798971,10.357153333333336,10.932877666666668,11.454619666666666
0.8228443669415592,9.451897433333334,10.306162666666664,10.528628666666668
0.8206859924573323,8.079048333333333,8.396021433333333,8.338766999999999
0.8106785747645929,8.305488666666667,8.384444666666667,8.981226666666666
0.8072371054578595,5.1390147,7.133995166666666,6.3914564
0.8201317098569069,5.304793833333333,5.687361266666667,6.1071852
0.823557197636026,5.1036151,6.447798,7.134757499999999
0.826782891504107,4.846847333333334,5.524365566666667,6.283089466666667
0.8764908751509709,4.6489210666666665,5.183317866666666,5.798631933333333
0.8238220096478942,4.9972612,6.200891066666666,7.2327757
0.8050306342978573,5.6248636,6.169186,6.5867599666666665
0.7925160141122715,5.223919366666667,6.2733895,6.563872766666667
0.7957253877726895,5.976823966666667,6.944229433333334,7.742407433333334
0.809151397255757,7.3587008,8.177386199999999,9.078956666666668
0.8039305312713182,8.306319833333333,8.4293349,10.185473333333334
0.827580866698108,8.3057101,9.593253333333337,10.090177666666667
0.7818643356810958,8.461773333333333,9.678342,10.693396
0.7886643165384754,8.899944333333332,9.024736,10.502261666666666
0.8078165919125828,7.444640833333334,8.418803666666667,9.012564666666668
0.8219563651949914,7.511327433333334,8.544506333333333,9.0312452
0.8123708602511304,7.278704,8.554873666666667,9.708057666666669
0.8042752644798306,7.889562333333333,9.044785666666668,9.523459
0.814770657023228,8.803073766666666,9.545276333333334,9.962757000000002
0.8264570548704101,9.232322333333334,9.253063666666668,10.268301333333332
0.7989571935009728,8.611315566666667,10.333131,10.805099333333333
0.8292214247468589,9.426780333333337,10.590418666666666,11.478506333333334
0.8021226720759445,10.005858833333331,11.070794,12.645343666666667
0.7929972368556898,10.657384333333336,11.404333,12.624552666666666
0.834942598987042,11.335193,11.210763666666669,12.930177666666667
0.8202222174198622,10.782047999999998,10.468873666666664,12.521781833333335
0.8488959639498876,12.456050666666668,11.947300666666663,13.55767
0.828562384971104,10.939076,13.147067333333332,13.220366
0.8677378623891405,12.950541,12.872373833333334,14.006861666666666
0.8486965323800236,12.881623,13.466265833333331,14.158398666666663
0.8208502226334922,11.033992666666668,11.347027166666669,11.796279666666669
0.8367117089889904,10.548615333333332,11.306552666666668,12.175955333333333
0.854146812749843,9.863161,10.746859333333331,11.512090333333331
0.841517317866925,10.113945666666668,9.265532,11.342037666666668
0.8283500307299034,9.180129133333333,10.534357666666669,11.995119333333331
0.8423671556935827,9.235244,10.371436,11.368886166666668
0.8292531479586795,9.124413333333337,10.045440333333334,11.743562
0.8466938144670676,9.374221666666667,11.296769666666668,12.798638333333336
0.8318089925477711,9.501245166666664,10.486581,11.6403545
0.8526364451656727,8.116943333333333,8.881253333333333,10.849020666666668
0.825272294106823,8.697711666666669,9.856184333333331,10.987169666666668
0.8493269614277179,8.555968166666666,9.626187333333332,11.382439
0.795697093264057,7.1255004,8.478563666666666,8.9991055
0.8063438037793361,6.486424333333333,7.8729884,9.225706133333334
0.8469384873655352,7.105779999999999,7.7539825,9.872595333333331
1.3060594893650317,5.728617533333334,6.178378599999999,6.379998433333334
0.991932752420554,4.558269199999999,4.956000333333333,5.478589
0.9681722606113508,4.856288566666667,5.548086666666666,5.978746999999999
0.8719460926647072,5.900451799999999,6.459212566666667,6.989450233333334
0.8060809142600736,6.878423699999999,7.572822933333334,8.4873388
0.7910749318479714,7.413948833333333,8.2062875,9.842849
0.7763218235726272,7.525546666666666,8.343367166666667,9.432858333333334
0.7930962841218588,7.637158566666668,8.356719,9.033944666666669
0.7926114704293549,7.237668033333333,8.085982666666668,8.817087
0.7976142044063529,7.126383833333333,8.865537333333334,8.685706333333334
0.7832165070931237,7.171039699999999,8.391731333333334,8.289603666666666
0.7886339433504066,7.399750099999999,8.728410666666667,10.089136000000002
0.799986866237369,8.226868000000001,9.684735333333334,10.730116
0.79754412729721,8.5619832,10.083411833333336,11.267020666666667
0.8317003643255809,9.295945,10.739233666666664,12.182183666666669
0.777446254069272,9.348568666666669,9.962288666666666,11.249585833333336
0.7983167876197187,8.468868966666667,10.60467,10.64775
0.8121151904829048,9.125386866666666,9.990745666666667,11.530975333333332
0.8215578216177134,8.069977766666666,10.093143,10.688599666666668
0.7985758406767663,8.046356666666666,9.3367255,10.922959666666666
0.817124791432395,8.670022833333332,9.754205666666667,11.381072
0.7961904710346879,7.5539533,8.406610666666667,9.434855
0.810734740265236,7.567453366666666,8.9826055,9.684861
0.8223664130203473,7.333067666666667,9.184070833333337,9.412144333333332
0.8168476739250264,6.722618766666667,8.309334,8.299384666666667
0.847932403441633,6.2865997,7.880047566666668,8.536166333333334
0.8237793796981553,6.601225666666667,8.1879238,8.364390666666667
0.8099929546766229,7.1696154000000005,8.62632,8.659772233333333
0.806865902517106,6.506631233333334,8.085436833333334,8.207636866666666
0.8033268072057435,5.890957866666667,6.954360466666667,8.372690866666666
1.3484534053656303,4.528183599999999,4.853786,6.0461108
1.1296856123735244,4.295829333333334,5.507878666666667,6.050703000000001
0.978804093062399,5.401482566666666,5.4869235,6.9739781
0.8616946934167874,5.513163266666666,6.803585066666666,7.588761766666667
0.8426619935438117,5.6759195,6.8048924,8.5168062
0.793347536683978,6.260020533333333,7.667334333333333,8.119496500000002
0.8102759499671629,7.438173866666666,8.662548233333332,10.491676
0.7911426854169039,7.675953000000001,9.138099,9.949161666666669
0.7981005957035544,6.6971842,8.342889133333333,8.652520233333332
0.7798009312566362,6.931820566666667,7.989128833333333,9.343996333333331
0.8293415637274549,6.553584600000001,6.807863133333334,8.1145978
0.8068555304705544,6.3870255,6.903438433333332,9.0907255
0.8099031359008899,6.799983833333333,7.445682833333334,9.2561298
0.7985208192285344,6.2399013,7.013335333333334,9.276011433333332
0.7868374772486094,6.16438,7.044423666666667,8.278029166666668
0.7889465682771436,6.389242433333333,6.944719466666666,8.484653666666667
0.7707580807712463,6.920823000000001,7.309729766666667,9.3701099
0.7928801140403685,6.477910033333333,7.557622900000001,8.5029611
0.7501102084919217,6.7393101,8.031884333333332,8.495103333333333
0.8180020090330132,7.873468233333334,8.443924566666666,9.763154666666669
0.7547288968843809,8.156467666666666,9.169337,10.6240695
0.8232437418753572,8.4643929,9.315845666666666,10.888584833333333
0.806688363271014,8.708416,10.292167,10.864932
0.8319947656523254,9.370228333333332,10.489233333333331,11.483546333333337
0.8044224731431768,9.713669,10.936665499999998,12.106330666666668
0.8048296481090823,9.204521666666666,11.039022,11.512055333333334
0.83777949916615,9.495911666666666,10.625256666666669,11.470313666666668
0.806249542405849,9.278365333333332,10.400625333333332,12.035141
0.8111521052936559,9.076435333333334,8.995380666666668,10.550032
0.8256003306105203,8.967878666666666,10.563147166666669,11.920096333333332
0.7939480323056559,9.368690833333334,9.725391,11.397636333333333
0.8654470781727497,8.2469373,9.029840666666663,10.604030333333334
0.8180898406700093,8.551221833333335,9.124820666666666,10.370400533333331
0.834084047429405,7.306480866666667,8.379332466666666,11.342841666666668
0.8394588274458195,6.931125300000001,7.957629766666666,9.361466333333333
0.8112499901056434,6.873396166666667,7.505191833333332,8.895837466666668
0.8056457587447868,6.3447117,7.313426466666667,8.720331466666666
0.8230405048396933,6.012587966666668,6.5462221666666665,7.927566566666667
0.826193650237931,4.970139033333333,6.3324683,7.280270566666666
1.2012828171000145,10.619881666666666,11.38435,11.920519333333331
1.1650833188269714,9.788468,10.8147995,9.752415666666666
1.1276558924465332,10.694503,11.891757666666669,10.697477
1.0624991630543894,13.510250666666666,16.164831666666668,14.177142833333336
1.2291460471718128,9.033964666666668,10.075852,10.341667
1.222470630344607,9.061787833333334,9.970693666666667,10.428785333333332
1.058605827808554,9.289306666666668,10.055921,9.225065666666667
0.9708295709765652,9.698363666666667,10.164093333333334,10.120303666666668
1.0085016812571732,8.030178600000001,9.181477,9.0116015
0.9087775939524292,12.033919333333335,13.614787333333332,13.463644
0.8731380473757712,12.904814333333334,14.531025,13.019691666666668
0.8708844951690328,12.36824,13.650766,13.054171333333334
0.852104953269358,9.986328666666669,11.0934045,10.261876333333332
0.8466966400008896,8.885351333333334,10.148256833333331,10.210941
0.8112839162189092,11.236157833333332,12.840822166666667,12.432228333333333
0.7877825794636023,10.845580333333332,12.264335833333332,11.604375666666668
0.804853394208946,9.334827333333337,9.868746333333334,10.197627333333331
0.8062661215627337,9.958559333333334,10.583165666666668,10.190567666666666
0.7772382455827801,9.567766333333331,10.670239333333331,10.127727666666669
0.7917789714454538,8.965699833333334,10.40767,10.156719666666666
0.7901803734637024,9.331993000000002,10.079049166666668,10.275330333333336
0.8289009503731481,10.310540333333334,11.200206,10.946014333333332
0.813329472375956,8.831538333333333,9.934855,10.156262666666668
0.8069409716560626,6.492658733333333,7.250641333333333,7.1479946666666665
0.7972853504428595,6.605856466666666,6.973850666666666,7.827957
0.8377579271863254,6.406883400000001,7.637712866666668,7.305040666666667
0.8184042966464921,5.733988866666667,6.109742466666667,6.3727481333333325
0.8102931065109645,5.740546299999999,6.068199333333333,6.995330666666667
0.8421417473409797,6.020046499999999,6.539202066666667,6.708047433333333
0.8229461760414472,6.908368066666667,7.781251333333333,7.735780433333333
0.8157131146530793,9.687100333333332,10.749287333333331,10.634042833333334
0.8347340194281679,11.721283,12.534196166666668,12.139447
0.8831004247303548,3.0088099666666666,3.9952373,4.113908633333334
0.8679672918682311,3.9069006666666666,4.923906633333334,5.882790766666666
0.8372015316927618,4.661608933333333,6.0341688,7.237707433333334
0.8033130395001904,5.809022233333333,6.062333,7.389410666666667
0.7884732221230846,6.319332800000001,6.864408,7.790873866666666
0.8251367470770467,6.469270533333333,7.412783466666667,7.846632166666666
0.7947242969010672,6.8533713,7.832938366666666,8.646566666666667
0.8026894075818016,8.152127833333333,8.468631333333333,9.964505666666668
0.7766488360215552,7.553078166666666,8.737784666666666,9.344876
0.8104589797584079,7.751365333333333,9.175275333333332,10.149862666666666
0.8070000940844225,7.591969,8.508403,9.696043666666666
0.8052912149551567,7.7829467,8.540421666666667,9.257936
0.8222594207185169,7.071289533333332,7.882078533333334,8.1152511
0.7753313952142027,7.107607333333334,7.7896676,8.368951666666666
0.7831053599389605,6.6548221666666665,7.5279311,8.165333533333333
0.8094809597096795,6.1451706,6.860986333333333,7.524184166666667
0.7873220094091976,5.608186233333334,6.394952633333332,7.1981405
0.793101181905692,5.938339966666667,7.096832,7.599319333333334
0.8065858228555545,6.4647058,8.0858012,7.814362233333334
0.816689660634248,6.8344049,7.4844228,8.513850666666666
0.816519502843997,7.075486166666667,8.773817333333334,8.927811333333333
0.7879126732635963,7.7307566,8.770068499999999,9.640131333333334
0.8039144695117805,8.8621668,9.095076333333331,10.472111666666663
0.8323027750526971,7.971941333333333,9.354682,9.070195
0.8150144036350279,7.7225334,8.962114,8.533337333333334
0.8181274368225785,7.450726799999999,8.334409333333333,9.331199666666668
0.8434593970729782,7.547940833333334,8.709052833333333,8.933601166666667
0.823109410978033,8.212228533333334,9.239681666666668,10.078709166666666
0.8290847443760755,8.714893,9.798168333333336,9.221564166666669
0.814547127269638,9.1860805,9.546464,10.267282000000002
0.8237590599037108,8.450271333333335,9.601671333333334,9.906368
0.833781296208768,9.0522371,10.136199,10.756414666666666
0.8451639783164225,8.040236666666667,8.642480666666666,9.653076
0.8271775391826609,6.891867633333334,8.4302736,9.1565795
0.8033235859338705,6.413992633333334,7.763793766666666,8.258643
0.8492072652089161,5.3330867,6.613581,7.317687166666666
0.7979291214277939,4.5631588,6.544739233333334,6.263658533333333
0.7923300435539344,4.5088835,5.403157333333333,6.318235666666666
1.199874710013347,4.846712166666666,5.140536,5.695647566666668
0.8848195153871264,3.9372098666666666,4.706723266666667,6.094678666666667
0.8340963489560526,4.140867966666666,5.808011066666666,7.100401333333334
0.830818773154137,4.820616066666667,5.347522166666667,6.5039963
0.8004739536999111,5.136841633333334,7.008045666666668,7.473518233333333
0.8086316580628355,6.4821881333333335,7.484051000000001,8.605912966666667
0.8079869996907686,7.334810433333334,8.554562333333335,10.3336051
0.8218130181686312,7.840462666666667,8.778708,10.254525333333332
0.7908948191148578,7.273341166666667,8.856887333333333,9.728703766666667
0.7961826780195076,8.644033233333333,9.175225333333334,10.019657666666664
0.8011288920650182,7.670635233333333,8.671882733333334,9.214630666666666
0.8041760273748902,8.814200333333334,9.386010333333331,11.091899
0.8048704987449539,7.746809333333332,9.280665666666668,10.315679333333334
0.7915144101300094,8.206145333333334,9.898599,11.016785666666667
0.7818112687505644,8.101098166666667,9.21888,9.7110592
0.8351503819656424,7.852586466666666,9.093505666666667,9.684511466666669
0.7853533536710482,6.816527233333333,8.082019333333333,8.854021333333334
0.837009316059378,6.763845466666666,8.473591333333333,8.523990166666666
0.791152623278823,5.868771466666666,7.360848100000001,8.204776
0.8198201497925792,5.978279100000001,7.597151666666668,7.761439
0.8046362313094164,5.571771699999999,6.589505166666666,7.059834966666667
0.8118271634540846,5.847456533333333,6.129431866666667,7.3177365
0.8153701004509051,5.6750167,6.9748008666666665,7.1843918
0.8673601785704784,5.8341438,7.549329333333334,7.618178666666668
0.8246986131168302,5.265332699999999,6.9990921,6.732598666666667
0.8258739481975454,5.455029333333333,6.712258433333333,6.746001833333334
0.8295497071694564,5.753681866666667,6.585160666666667,6.641436333333334
0.8272059120315056,6.089988900000001,7.484258700000001,8.111934133333333
0.8480820082856807,6.961902500000001,8.105919,8.517367233333333
0.8668893538691549,6.649688766666666,8.275501166666666,8.859209033333334
0.8448382041598852,7.023516,8.1473954,8.731523000000001
0.8495027737250114,6.043274566666667,8.155632333333333,7.707965166666668
0.8048495381147233,5.893627166666668,6.754019666666667,7.246632833333334
0.8270096508476968,5.6416257666666665,7.3177193,7.212333466666666
0.8194575851067056,5.4506391333333335,6.425268833333334,7.326290466666666
0.8134231633994328,5.513171233333334,7.435581666666667,6.9321358
0.7804086863559793,6.2327085,6.307508333333334,7.099895666666666
0.784034924450502,6.322319666666666,6.6179288666666665,8.244976666666666
0.7768359845087516,5.690383366666666,6.888462166666666,7.293138566666667
0.7463013983892713,6.297069066666666,7.3101667,7.765089233333332
0.7542991965282514,5.998124566666667,6.742408666666667,7.1990133
0.7484200178109681,5.490346,6.9129176333333335,8.012856333333334
0.7633418971507805,5.449999266666667,6.373612733333334,6.451209333333334
0.8015643583543685,5.604065066666666,7.0331818,6.747647
0.8132130653557205,5.2848105,6.878374433333334,8.1666328
0.7806505250628248,6.1377444,7.162085566666668,7.979874766666666
0.8232227998326053,6.626093999999999,7.3963368,7.809563666666667
0.8040980243876404,6.523355,7.820254333333334,8.199638
0.8179481723106382,6.558616166666667,8.202959,9.791988333333334
0.8217481665295715,7.978812766666667,9.171154333333334,9.177855666666666
0.8466266227241198,6.638055466666667,8.246529666666667,8.253049333333333
0.8013052273374702,6.671719033333333,8.5145585,7.879221999999999
0.827063086456791,5.913216466666666,8.291831166666666,7.622452
0.8361495661320829,5.894302366666667,7.096368000000001,7.5129284
0.8143795468398057,5.792755233333334,7.0220127,7.035865866666666
0.8218219035241319,6.003383666666667,6.719943833333333,7.501360666666667
0.8327728010117589,6.3757195,7.140669666666667,7.820399599999999
0.8144999765061685,6.422532100000001,7.963657,8.189556233333334
0.8330882579460078,6.493627333333333,7.155536566666666,8.419515433333332
0.8338983047031573,7.091239466666667,7.7743368,8.4664302
0.8404000520286932,7.406327900000001,8.264237633333332,8.947115533333333
0.8269224363738322,6.821169266666668,7.608164066666667,8.421782466666667
0.8160978689941863,6.083093066666667,7.4332933,8.176443666666666
0.8104559227079481,5.759059566666667,7.310300166666667,7.526476633333334
0.8202514244847959,5.572708333333334,6.707475466666668,6.921083066666665
0.8389800718096373,5.2965127,6.537021933333333,6.7446690333333335
0.8375597800559657,5.7618637,6.2685718,6.982336166666666
0.8523474016287959,6.199315500000001,6.765165200000001,7.645172266666666
0.8397426375100491,6.155459333333333,7.2522826,7.8736395
0.792801787256876,5.798201233333333,7.151457133333333,7.159994666666667
0.8002033978670561,5.444755666666666,6.947133699999999,8.181013666666667
0.7782797695773093,4.927271,6.816902066666667,6.4043009333333325
0.783335505923015,4.9911047,6.002095533333333,7.064927666666667
0.9233024633325928,2.8638999666666667,3.3486257,5.967547766666667
0.8251752175989747,2.6611916,4.336479433333333,4.703632333333334
0.7647402413739853,2.8222918666666668,3.681634733333333,5.0589419
0.7785713243005355,3.674419733333334,4.691270733333333,5.5105546
0.8012119073510791,4.308753733333333,5.302571033333334,5.635900100000001
0.8098485055838713,4.795680933333334,6.146619966666666,7.918347433333333
0.7809241331323662,4.224254433333333,6.155198666666666,6.659858666666668
0.822786966630867,4.907298433333333,5.639036666666667,6.818973666666667
0.7863206272514844,4.5332014,6.160644666666667,6.939247999999999
0.8035310008217662,4.373010466666667,5.804444833333334,6.727675666666667
0.8250815448592745,4.9801579333333335,5.8983311333333335,6.655997633333333
0.8048140740366602,5.121818466666666,6.024217333333333,7.369069
0.8009625247873674,5.320534266666667,6.548174633333333,8.065924666666668
0.8225808935790768,5.307275766666667,6.376005433333333,6.906419666666667
0.8203328738932294,5.191445766666667,6.6593336,8.0731102
0.8703961724190875,5.7466686,6.702295500000001,8.636536133333333
0.8145856295742161,5.118428333333333,6.014945533333333,6.6833795
0.83209737971483,5.030208200000001,5.349809566666667,5.988347066666667
0.8434552288368873,4.978074,5.836730233333334,6.553383333333333
0.8059236611796928,5.242571866666666,6.2996548,6.8881098
0.8143150936479883,4.801739733333334,5.287181233333334,6.209237566666666
0.8435263794282584,4.7865107,5.2589081,6.647828333333333
0.8388844003547721,4.6139087000000005,5.780209633333333,6.1036519
0.8348558700439135,4.885030899999999,5.5156998,7.121762700000001
0.816657178993155,4.8975534666666665,5.859925733333333,6.8023484
0.8490621648775417,5.421282333333333,6.023470033333333,6.963851433333335
0.8356068586685884,4.9319504,6.189489233333333,6.879129
0.8365293746934849,4.6649302666666665,6.021235666666667,8.074918533333333
0.8218709174762608,5.115067466666667,6.26185,7.466218
0.8064305573627711,5.546241766666667,6.488791366666667,7.5744857
0.8484971643483098,5.539935866666667,6.0341752,6.660027199999999
0.8429806855324026,5.480359433333334,6.062832433333334,6.812097333333334
0.8083394483730458,4.9207339333333335,5.816521566666666,8.822270033333334
0.8435400091700113,4.919942366666667,7.538480166666667,7.221535
0.8154194930292779,5.712443233333333,6.5842251,8.291631666666667
0.8516828262287589,5.741664233333334,6.3073199,6.992246333333334
0.8295072712872011,6.004639633333333,6.8805507666666665,7.217368766666667
0.865291156165077,5.7832575,7.865229566666666,9.022580233333334
0.8436100122943836,6.251731799999999,7.250380133333333,8.173818466666667
0.8096604658004275,5.959821833333333,6.610863299999999,8.2422147
0.8352687353653184,6.250244866666667,6.802935633333334,7.6387065
0.8159585312747047,5.459101266666667,5.901738533333334,7.372055200000001
0.8849690189419817,2.883809266666667,4.281431066666667,4.404090366666667
0.8064407795835917,3.0835119333333334,4.5761054,5.417340233333333
0.7939888613745069,3.5070686,5.1352763333333336,4.841951633333333
0.8115003352355071,3.9089321,5.259378033333334,5.893002500000001
0.8041000625534688,4.709025633333334,5.642951166666666,6.442174566666666
0.7994909728717948,5.411354866666667,6.919990833333333,7.5155936
0.7992597695729606,6.018084133333333,7.646425566666667,8.275072
0.7747311889002715,6.0486844333333325,7.875329999999999,8.978921833333333
0.8164240908657544,6.2170542,7.979770333333334,8.331846533333334
0.7987753243239762,6.517713666666666,7.5823413,7.6606081
0.8142232212312606,6.500501,7.607545566666666,8.345415233333334
0.8051802825882106,5.7451341000000005,7.248151833333334,8.027289666666666
0.8340945340842748,6.3871999,7.359789999999999,7.572768833333332
0.8180954906214183,5.8844525333333335,6.475886533333333,7.379365433333334
0.8389161408314921,5.4377025,6.612350433333333,6.6435812
0.7913901981788002,5.397546333333334,6.843051766666666,7.092295233333334
0.8114378653854635,5.5545252666666665,6.547001833333333,6.789954166666668
0.7955154066226554,5.6339385,7.2845375,6.923029133333334
0.8222884772994831,5.999939466666667,7.0634958333333335,7.970905466666667
0.7963303821628275,6.374320566666667,8.419214166666668,8.213703666666666
0.8122941424192271,7.420558666666667,8.940063333333335,9.488459
0.7991115650170925,9.117445866666666,9.9863675,10.600578666666664
0.8158877493650998,7.7927133,9.659363999999998,10.765660333333336
0.81824752947737,8.559546,9.607758666666667,10.538917333333334
0.8236064905381486,8.790515166666667,9.933774333333334,10.8089985
0.8050216639836814,8.181675333333333,9.367498333333334,10.948713
0.8506148005062507,8.149114866666666,9.770372333333333,10.496908
0.7980258298950136,7.613188333333333,8.632300333333333,9.668191833333331
0.8313765977412421,7.641390666666666,8.463447666666665,10.002819333333331
0.8472334523018127,7.694572333333333,9.236973333333331,9.881449
0.8343208086089641,7.502767333333332,8.411979866666668,9.359541166666666
0.8354800036661706,7.237664166666668,8.006143,8.507155466666665
0.8466475055409025,6.334571599999999,7.874088333333333,8.501949933333334
0.8352951481661232,6.697660166666666,8.198549666666667,8.739026833333334
0.7970193311957986,6.635053800000001,7.406084833333334,8.520979500000001
0.833576333586962,6.611881666666666,8.120877266666666,8.648816233333333
1.2641220699919338,25.73565333333333,29.360008333333337,26.578732666666667
1.078515477445346,19.919058,21.24139333333333,19.457948666666667
1.1415661965398871,11.588048,13.993623,13.947401
1.0889696857904632,14.0234065,15.981119666666666,13.71534
1.0830694795133426,14.577595,15.826033666666666,14.354887833333336
1.052776199501641,13.711102333333336,15.276372833333332,14.214472
1.0676960165153004,11.643964666666667,14.139311333333332,12.659089666666668
1.0487612620837108,10.95375,12.104378666666667,11.216055
1.0841986544010107,7.304854433333333,7.915298833333334,8.041198733333333
0.9257720621362742,10.976592000000002,11.852404333333332,11.394750833333331
0.9459001997875746,9.494611,10.818103666666666,9.863324
0.9838848488120338,9.466878,10.768519,9.646738333333332
0.9585072599946862,8.473463466666667,9.69095,8.902209666666666
0.952375376854523,9.091828,10.545598,9.790913333333334
0.8771779201533491,9.407235,10.102500833333336,9.803424666666666
0.8313298452759771,9.239812333333331,10.608816666666668,9.645572666666666
0.7856351593602483,9.157743333333334,9.767697833333331,9.936778333333336
0.799041395000807,9.658937333333332,10.917687666666666,10.288429666666667
0.8117553484226324,9.605290833333331,11.019927333333332,10.222223
0.8159621324255282,10.346493,11.710619,11.051277
0.8140356956651962,10.55163,11.985025333333333,11.255093166666668
0.7851288301157128,9.988531666666669,11.7201405,11.533455666666669
0.7935373208627938,10.329849,11.306596999999998,11.2276345
0.7914849258990877,10.996055333333333,12.583505,11.396991333333332
0.8225742506131151,11.668345666666667,13.505604166666666,13.703282166666668
0.8422769062766303,12.214908166666667,13.483499666666669,13.156743666666666
0.8150222772323681,13.271347666666664,15.325776333333332,13.843076833333331
0.8211901120955555,9.927330333333332,10.831617166666666,11.470991333333332
0.8446279817299848,7.694951899999999,8.502302933333334,8.167898899999999
0.8277749029784109,7.501214466666667,8.553956999999999,8.256038833333333
1.2299585974861793,27.538348666666668,33.559014,27.616622666666668
1.3375258647032178,3.5810057333333334,3.8904202,4.367552766666667
1.1573946281377636,3.7669761,3.8936604999999993,4.702728733333334
0.9738191528855644,4.1047655,4.7299039,5.570860799999999
0.8532478892310772,4.724166166666667,6.076937,6.907071833333333
0.8260941502601482,6.0485932333333325,6.7270864,7.957508833333333
0.8055092851080611,6.2804236,7.267352766666666,8.552417666666665
0.7856540806195795,7.249427,8.202748,8.959454666666668
0.7867108079611476,7.708790666666666,7.988470766666668,9.037867666666669
0.7966176762944143,6.9901844,8.1395821,10.500913766666663
0.7967931742971982,7.136480466666668,8.236510666666666,9.804426666666666
0.8035896848631268,7.097247,8.803890833333334,9.854340666666666
0.8035776147334156,7.429104333333334,8.8718629,11.195166666666664
0.7866599026282105,7.7372032,8.236759999999999,10.538138166666668
0.7846764827100431,7.661972533333333,8.675573666666667,9.0441799
0.8146447938338907,7.671636866666667,8.435112333333334,9.499377666666668
0.7897115320549055,7.859433333333334,9.491403333333333,10.422283333333334
0.8137381099556807,7.984252466666668,9.615541333333333,10.904633666666667
0.7799940179213438,7.2951729,9.693623333333337,9.837901666666667
0.7890573835864174,7.427882333333333,8.996265,10.015902833333334
0.77056162643688,7.314517566666666,8.502116333333333,10.481925666666667
0.8047156167840241,9.325067,9.201050333333336,11.953501
0.8039586903558549,8.654876133333333,10.489,12.124532
0.8255072283680676,8.683358233333333,9.359038,12.009483666666666
0.827812760900137,9.793824,9.832793,11.621445166666666
0.822172168886984,8.979259333333333,9.947712333333332,11.626187666666668
0.7959723883701444,8.610949533333335,9.536431,10.163486333333331
0.8431499043742606,8.386811466666666,9.147879666666668,10.519276
0.826720092375969,7.816723533333334,8.500248833333332,9.493972666666666
0.8161644467499755,7.703498433333334,8.0514686,10.2033175
0.8576767301912701,6.8087851666666666,7.915569666666666,9.2441581
0.8478447098464752,6.345831866666667,7.654840766666666,8.733990466666667
0.843106728250019,6.1812097,7.535866333333334,8.055841133333333
0.8305681252833494,5.8190092,7.147629333333334,8.096965433333333
0.8560752916544451,5.542733466666667,7.132186766666667,8.303420000000001
0.8321123922011417,5.558626366666666,7.073142466666667,8.270784433333333
0.8385402639578882,5.511682566666667,7.382738533333334,8.291013466666667
0.831296727398661,5.440727233333334,6.879828533333334,7.3471993
1.136389025210746,9.613328,10.904499333333334,9.672079666666669
1.031613754988585,6.918614866666666,7.810470233333334,7.551650833333333
0.9411869660521722,7.722950066666667,8.383183666666667,8.135314233333334
0.9077416659012526,7.404886333333333,7.968531999999999,8.852811166666667
0.8575139298886724,7.949599333333334,9.009763,8.886004999999999
0.8121683552864923,7.185034900000001,8.009348166666667,9.888642333333337
0.7828424339922982,8.536158333333335,9.063203166666666,9.324015
0.7591211436677718,7.2425061,8.1824548,7.896311133333334
0.7818728226721205,7.093042666666666,8.295814833333333,8.577243666666666
0.7801694847218048,7.734360766666668,8.023811466666666,8.537786666666667
0.8124127561577007,7.038649833333333,7.915355866666666,8.529253333333333
0.8031147072983189,7.660126533333333,8.136154666666666,9.051307666666666
0.7753724832048613,7.5886335,8.765670833333333,8.7303272
0.7772960475698127,7.386916799999999,8.583964333333332,9.225301
0.7928790356275807,8.157589999999999,8.526569,9.284888666666667
0.7989370451173698,8.661242066666667,9.202936333333332,9.433612000000002
0.7818502978793137,9.032863666666666,9.815449666666666,10.046221666666668
0.7922872105287958,8.198360333333333,8.759004,9.072925233333336
0.7723800135296357,7.991686666666666,8.738661166666667,9.319547333333334
0.7288341863766288,7.666015133333333,9.194638333333332,9.246143333333334
0.7381986658184184,8.834932833333333,9.757425333333332,10.801981666666668
0.7824136774002924,9.762222333333334,11.025444666666663,12.009160333333334
0.771430925558953,9.4351235,10.256138666666669,10.857986833333332
0.7721212329970469,8.700713766666667,10.223201666666668,10.280748
0.7431887881161976,10.644908333333332,11.261697666666668,11.929240666666669
0.7675694911504256,9.725902,10.858392666666669,11.147666666666666
0.7885036851898755,10.621061,12.173285333333334,12.233706499999998
0.8039696267752116,9.346903666666666,10.091764333333332,10.250109666666669
0.8018522891450615,8.900745666666667,10.722175,10.402056833333337
0.8154805041309361,8.985330833333334,10.92226,10.360479
0.8121579091279081,9.537135333333334,10.389115333333336,11.767241333333333
0.8070076904964584,8.768560666666666,9.808331666666666,9.966791666666667
0.8229133839395368,6.236176633333333,6.747089133333333,8.0314058
0.8275466756874702,7.186859766666667,7.790416499999999,8.012580766666668
0.8193320457337075,8.2737635,9.086056333333334,9.699973333333334
1.0879162423148674,19.411782666666667,21.06064566666667,19.645551666666663
1.2778721843648324,6.858118266666668,7.7668451,7.766121566666666
1.0779418370095364,8.386739666666665,9.480504333333334,8.922123666666668
1.0441627354376326,8.496772,9.524035333333332,8.982254333333334
1.00706381627613,10.008832333333332,10.576627333333333,9.589893333333334
1.152868120795122,10.619316666666668,11.202277833333332,10.772016
0.9402855810465708,8.756679999999998,9.679062833333331,9.713386866666667
0.9097442083306092,9.729206666666668,10.868412333333334,10.087501666666666
0.8748719680938116,8.150280933333333,9.194122666666669,8.892345
0.8430451966780484,8.773739666666668,10.001213,9.672139666666666
0.8307737296029934,9.033924333333331,10.401385333333334,9.624895333333331
0.8238354805062246,9.295106,9.985339666666668,9.736756333333334
0.8525436368614155,9.424698,10.445040333333331,9.898218
0.8714750884484287,6.6139554333333335,7.326361333333334,7.686806866666667
0.8204647652475785,7.214265333333333,7.810563466666667,7.836436833333333
0.8206676414357627,9.525088666666669,10.38736,10.852722333333332
0.7957339168997706,8.910818333333333,9.976697666666666,9.555773
0.8249524397432051,7.059941466666667,8.325805333333335,8.4780218
0.8273258096119586,6.935701866666666,7.946619500000001,8.152935999999999
0.8783576923431613,5.903498266666666,6.584570433333333,8.6558245
0.8498574587788438,5.665135799999999,6.008194366666667,7.458297133333333
0.8061772522688425,5.828754433333334,6.793782333333333,8.0144064
0.780067039470356,6.169730333333334,6.797997066666667,6.9181452000000005
0.8220581412348341,6.565704,7.259141766666667,7.811410733333333
0.8089531863840294,6.864161966666667,7.259128866666667,7.343881033333333
0.8501921366397592,6.1853693666666665,6.577189533333335,7.467764333333332
0.7859162832941754,7.698025466666667,8.021028999999999,8.176867
0.767452715860116,9.120891,9.491569333333333,9.636918
0.7803604257840909,8.271814000000001,9.079569666666666,9.13871
0.7907175384227427,8.069463833333332,9.122786333333336,9.439738333333333
0.7815543074508615,8.932834666666666,10.157720666666668,9.814045666666669
0.7803828331258801,7.719816233333333,8.231770433333333,8.950826833333332
0.8055047608836766,7.014797766666667,7.401423333333334,7.9918943333333345
0.7896963820074182,5.4939841,6.149306466666666,6.695875099999999
1.1394254676751496,26.37617033333333,30.285920666666662,27.957091
1.1581766216763012,10.260125333333333,11.58213,10.02729
1.240711260665254,6.001500533333334,6.625707633333334,6.551546233333333
1.1519609403056124,4.6032535,5.158612499999999,6.104045166666666
1.0717874090154849,4.8501583,4.553156366666666,4.640747733333334
1.1320190463240052,4.469920433333333,4.840894666666666,5.4557414
1.1462332308928762,4.6014170666666665,5.1147251,5.112198866666667
0.9146478292914964,5.324828,5.891647,5.910709766666667
0.8311841366830439,6.116596966666666,6.649427933333333,7.448724299999999
0.8281745728307475,5.297438133333333,5.7188940666666666,6.0646684
0.8119452068265076,5.251958933333333,5.773076200000001,6.034869633333333
0.7966517103324785,5.945929700000001,6.5637522,7.076575266666667
0.8165103337275875,6.0166049,6.494348899999999,6.386182033333333
0.7947996785011048,6.1033292333333335,6.257426266666667,6.477049
0.8034622979451203,5.743266266666666,6.073673833333333,6.558259
0.7827417262100242,6.5867519,6.829448433333333,7.1766478000000005
0.7632619358752639,6.4754776666666665,7.306237533333333,7.635207866666666
0.7786822804435921,6.998548666666667,7.607023099999999,8.096143433333333
0.7710495565377307,7.220832533333334,7.872823666666668,8.18415
0.7452677328008709,7.6961904,8.731198999999998,8.886853
0.7872237878201869,7.154256166666667,8.500557,9.006062433333334
0.7376490265315089,7.4480739,8.477683333333333,9.7818468
0.7785055314139818,7.566516500000001,8.393375333333333,8.867410533333333
0.7392687543602358,8.580156,9.878788333333333,9.738075333333336
0.7599779515405437,7.957780899999999,8.813999333333333,8.854083000000001
0.7856503082514377,8.253708900000001,8.8278725,9.883499666666667
0.7783871439586324,10.716556333333331,12.581273,11.864041166666668
0.8033303284060039,11.967657333333332,12.196894666666664,12.631183333333334
0.8084669770938909,9.375444833333331,10.280546166666667,10.801892
0.7835787480119903,8.118652333333335,9.02063,10.1033975
0.7724990074598203,8.700664166666668,9.871042666666666,10.651830333333333
0.8097749258682342,8.787042,9.534632666666669,10.907014333333333
0.8111104160525291,7.7268999,8.225049233333333,9.412128333333332
0.7783428192532446,7.844228533333333,8.323119666666667,9.092282333333332
0.823631748207252,6.129113666666666,6.885637699999999,7.882964233333333
1.2650268792150543,23.83846933333333,29.93795333333333,23.927579666666663
1.1299440952793922,7.603862233333333,8.346788666666667,8.137560666666667
0.9551540295073748,6.673631066666666,8.0047949,7.7081271
0.9172735232881184,6.798671,7.0634622,7.502449033333334
0.8447639334041647,7.312354333333334,8.495917133333334,8.280223766666667
0.8044384975535325,8.884460166666665,9.798564666666666,11.612464666666668
0.807429923688488,9.025688666666667,10.340728666666667,10.767642833333335
0.7996577320100591,8.417736199999998,9.292241333333337,10.255743666666667
0.7867729154511841,8.7206889,9.503107833333331,10.904605333333334
0.7942100221490563,9.267910333333331,9.915048333333331,10.391356333333333
0.7989911477615289,9.752866666666668,10.5547215,11.205542666666666
0.7958271344047265,8.454822,9.609329833333334,10.2452855
0.7834429739925909,11.596466,12.360788666666666,13.539545333333333
0.7930235737450642,10.3961555,11.238666666666669,12.923078166666665
0.7976521389898169,8.840478666666668,10.517168,10.856189
0.8123667103814475,8.60943,9.9866905,10.362539666666668
0.7893701669569294,10.412482666666667,11.954797666666666,11.735376666666667
0.7963393256691766,9.649249,10.874211333333331,11.195678333333332
0.7867069513411754,11.592810333333333,11.454569333333334,13.101739333333336
0.7709781967505863,10.181992333333334,10.643991666666668,11.689344
0.7739685177304055,9.436386166666669,10.46595,10.360669
0.7623532349756373,9.700648666666666,10.542256666666669,10.910916666666669
0.7525949365462644,9.855597666666668,11.353540833333332,12.643524333333334
0.7619805246199416,9.149826133333333,10.009521,11.069214166666669
0.8158698108491808,8.537518433333332,9.252110666666669,10.630636666666666
0.8207472532021955,8.401223333333334,9.082498666666666,9.800798333333333
0.7744847308920861,7.210127633333333,8.253582833333333,8.876587666666666
0.8358113966379146,6.975480833333333,7.839306466666667,8.9503255
0.8108270452023962,6.625125700000001,6.786431599999999,8.1792801
0.8050147386650836,5.6753331,6.724560333333333,7.58578
0.8277706804460806,5.472828233333334,6.311319833333333,7.159122666666666
0.8171906177457853,5.605269866666667,6.665742033333333,7.0762897
0.8501454184973412,5.456071233333333,6.721335233333334,7.463540699999999
0.8055886774615489,5.941969533333332,7.464478866666667,7.712723666666666
0.7942937796636341,7.003570333333333,8.003279833333332,8.402463233333334
0.7820111710669311,6.7559288,8.2201362,8.233013
0.7871568342163103,7.7914553,8.867757666666668,8.694011666666666
0.7882707331684813,6.676098666666667,7.587201766666666,9.099845066666669
0.7829298427556379,5.775607233333333,6.382680766666667,7.151255866666666
0.7896463722027814,6.293046166666667,7.158229933333334,6.959632766666666
0.7972186833089934,6.363068600000001,6.9279457,7.352431
0.7642078841654749,6.476700933333333,7.5601861333333344,7.778714166666667
0.7906706259683055,7.3031113,8.065756433333332,8.787667333333333
0.7822773360664049,7.8367791,8.515901333333334,8.782236500000002
0.7737476575240508,6.1789757,7.028037,7.703382566666666
0.7715945958788906,6.838270866666666,7.534934199999999,8.552319033333333
0.7923604384468282,6.744219166666666,7.418939666666667,8.2975701
0.7947621021977419,5.937456466666667,7.0907184333333335,7.4847222
0.7648668322856556,7.1321113333333335,7.492486433333333,8.877722
0.8024078333042777,7.558530500000001,8.218479133333332,8.466913166666666
0.7598570216257367,8.6311165,9.674071333333332,9.847875666666663
0.7885958552822459,8.649272333333334,9.801376666666668,9.452131666666666
0.7620634208706457,7.1606827,8.207931,8.288167233333333
0.7707611747856152,6.199121966666667,7.025295466666667,7.418387200000001
0.7800229772904594,6.201933433333334,7.109877333333333,7.836026833333332
0.7574320013355331,6.683167433333334,7.663000666666666,8.320744666666668
0.7580251562185337,6.690142166666667,7.360778333333333,8.225091666666666
0.769039217689124,9.316033333333335,10.627194,10.597757666666666
0.774942368150855,8.505046333333334,9.327402666666666,10.100649666666667
0.8157205500137504,6.804937833333334,7.919097466666668,8.1907298
0.7873360471001337,9.655269333333331,10.812233999999998,10.746082666666666
0.7743222655732023,8.066453000000001,8.672533999999999,9.650704833333334
0.7793231650394482,8.555401999999999,9.488521333333331,11.012397666666669
0.7718087092917219,8.510641333333332,9.1510635,10.218302
0.7707762748288193,7.678612000000001,8.322041833333333,8.793424
0.8073255750124254,7.880690866666666,8.9124355,9.488239666666669
0.8069386079474895,6.933323566666668,7.909841233333332,8.400649766666668
0.7782326757045072,8.449561233333334,9.421351,9.970768666666666
0.8076099079381147,6.185909166666668,6.686407533333334,7.442508866666667
1.126893636386847,14.115542,16.263197,15.015044
1.0801487061728956,6.111294166666667,6.4796841,6.529673866666666
1.025473650003065,5.5201530666666665,6.259871466666667,6.166402966666666
0.968098495863176,6.5298525666666665,7.439989999999999,9.0179781
0.9448934317280924,6.805770533333334,7.7334735,8.707340833333333
0.939519317504446,6.720427233333333,7.403294133333333,7.329771000000001
0.8579366617988312,7.697654766666666,8.162944666666666,8.701615
0.8339258989663435,7.213180333333333,8.168014866666667,9.421997
0.8167790289835448,8.305531533333333,9.421782,9.916145666666669
0.7817963973629775,8.927130166666666,10.633397666666667,10.621621333333335
0.7726332618517254,9.323444,10.403769833333332,9.993478166666668
0.7688405388259358,9.778761333333334,10.835116,10.927818666666669
0.7803563793901439,9.391678,11.343627333333332,11.360166
0.7791701418600528,7.214362966666667,7.970638166666667,8.675268333333333
0.7960491173528726,8.0489666,8.666635333333334,9.159547333333334
0.7577505193108642,7.648065133333333,8.2080378,8.991418333333334
0.8278694580159988,8.680567,9.283380333333334,9.822038
0.8011413308278987,8.571697433333332,9.268404,9.471122
0.7744647691974097,7.699266333333334,7.974638,8.7964514
0.7864452080874113,10.366609,10.223565,10.713692333333332
0.7979100502052265,6.969189866666667,7.2559334,7.819786099999999
0.7989746554863526,8.287034166666666,8.933148000000001,9.379406
0.7795294918979817,6.4730344,6.9250878,8.127282433333333
0.7986234395107171,7.995221999999999,8.755315,8.575219333333335
0.8360500243050418,8.272134,8.834913666666665,9.210993666666663
0.8335822759997846,7.719495899999999,8.241156466666666,9.157875666666667
0.8601697293978194,7.550574033333333,8.112171866666667,9.3420508
0.809812926694014,7.129016533333334,7.525168266666667,8.771955666666667
0.7974899248280692,12.255640166666666,13.225377333333334,12.890918
0.7726543994941931,11.118309666666669,11.636374166666668,11.737107
0.781286920961648,8.525908466666666,8.834545333333333,9.197217
0.796473102355419,9.752523666666669,10.567364333333332,10.750406833333336
0.7949575300468664,8.736970666666666,9.596485333333332,9.408776
0.7784462704148841,7.631958566666666,8.724755166666666,9.573175
0.7770756091167064,8.481701666666668,9.029448666666667,9.843752333333333
0.7968934580833809,8.982734333333333,9.980959666666664,9.536762666666666
0.8202139370996414,8.776714166666666,9.200836333333331,9.272558666666669
0.8395245001239086,8.637511333333332,9.540933333333331,9.037716333333334
0.833828006109783,8.779253666666667,9.056434333333334,9.887846833333334
1.3913207998700747,2.7994616000000003,3.5201944333333337,3.7652625
0.9650468787619566,3.0694314000000005,4.739681866666667,6.3546251
0.8436826836452683,4.641104666666666,5.311596566666666,6.613169966666667
0.8049823040450864,5.911266666666667,6.6259921,8.4225335
0.809579669252261,6.406828,7.178348533333334,8.723922766666666
0.7920579348106435,7.159230766666667,8.644916666666667,9.627499166666666
0.8046781376425377,8.727306,9.729817666666667,10.984299
0.796485003954491,9.930741833333334,10.697828666666666,11.730996333333332
0.789861902509369,9.187863666666669,10.718176333333332,12.163345333333334
0.7750373297257699,9.169297666666669,10.306405333333332,11.349255
0.7759390836701175,8.2948075,9.897245,10.471224
0.7966504929245158,8.961689999999999,9.78323,10.436616333333331
0.8192170980185769,9.484751500000002,11.198835666666668,11.126782666666664
0.7840451047869083,9.098121666666668,10.441046333333333,10.936538333333331
0.819593068959818,7.472681233333333,9.435665666666669,10.4624385
0.7909008782370847,7.315611333333333,8.474505666666666,9.857517
0.8225232230171017,7.239721233333333,8.347979666666667,8.984626
0.8226826917701132,7.407860499999999,8.179209899999998,9.727837866666666
0.7910305662454675,7.076756966666667,8.390444500000001,8.824956899999998
0.8057398095967452,6.7044744,8.238766,8.582522833333334
0.8260856806326758,7.1095885,8.633277666666666,8.683843866666665
0.8216347116648577,7.625315133333333,8.786825666666667,10.006033333333331
0.845469302901145,8.4150413,9.792467333333336,10.572236666666669
0.8136098247696699,9.388567233333331,10.506116,11.615253333333332
0.825790689517969,10.290928166666664,11.130049333333332,11.645176666666666
0.8135876020655597,10.4172085,11.18954,11.821412333333331
0.8391605166264413,9.007533666666667,11.055355333333331,11.159460666666666
0.8163854893621888,9.893923,11.315995,12.003989166666669
0.839862360037645,8.9152075,9.564947666666669,10.103419
0.7993403332987733,7.676011,8.345769333333333,9.117436
0.825258491831596,7.094725566666667,8.478336,9.413467466666669
0.8082841613333928,6.589056666666667,7.803413066666667,9.0314441
0.8347390418345705,7.260454566666667,8.475515999999999,8.497677333333334
0.8317361788522019,7.824328333333334,9.201035333333332,9.7635706
0.8180508495962372,6.5988660333333335,8.130286466666668,9.273917333333332
0.8195471912016797,6.833962333333333,7.823697766666666,8.841496333333334
1.2332285733230046,27.049215000000004,31.08120766666667,27.87335333333333
1.0084455711788898,5.4466028,6.084453133333334,6.6988650000000005
0.8013537477222054,4.8651813,5.513733500000001,7.355616633333334
0.8435987073143653,4.8478381,5.1746002,7.034158866666666
0.805925786254884,4.6135718,6.386200866666667,7.109787
0.822004065710184,4.812955233333333,5.730628566666667,7.044578666666666
0.8213724770169284,5.879994566666666,6.779404766666667,7.376347033333334
0.8160553238795814,5.9664532333333336,6.8248044000000005,8.016993000000001
0.7810437242663443,6.398214333333333,7.420603533333334,7.501146200000001
0.8015130894454924,6.195301866666667,7.046695833333334,7.507611466666667
0.8086623378495886,5.4798605,7.064522466666666,7.168946200000001
0.8082956772783222,5.626739733333333,6.7478032,7.149527166666666
0.8178374321933317,5.4085703,6.392038166666667,7.458299666666666
0.8226898405762503,5.5379252,6.6030022,6.8983408
0.8253264410227826,5.2416122,6.3705967333333335,6.890453133333334
0.8287842759488285,5.5616741,6.210758333333334,6.5134739
0.8056023994494687,5.5515035,6.650512666666667,7.061599
0.8073056064423514,4.971256133333333,6.3752886,6.613524433333335
0.8202745407955465,5.774612,6.794054333333334,7.779425333333333
0.8229939587824299,6.328558733333334,8.840401,8.582441766666667
0.8494581909514154,7.117241433333334,8.266414766666665,9.109809666666669
0.8269745584488343,7.0499885,8.230681166666667,8.825052333333334
0.8240135502613976,8.1831961,8.666857,9.519743333333333
0.8469814421335667,7.968218133333333,9.046804,9.3178345
0.8175212423062178,8.389245666666666,8.551412999999998,9.45947
0.8201694730088711,7.565931333333332,7.566222666666667,8.605774166666667
0.8289730545392692,6.926934866666667,7.8142034,8.522482
0.8308271603599944,6.736017533333334,7.1514298,7.768634
0.8341710469953233,6.519788366666667,7.359519766666668,7.682071466666667
0.8259816273995918,6.1925915,7.593662866666667,7.370275833333333
0.8211327230660252,6.6272615,7.712392566666668,7.843337166666667
0.8105561985644153,6.4803741666666665,7.7951325,8.034651766666668
0.8313100270817878,6.397774599999999,8.327141333333335,8.088249333333332
0.846794789792198,7.163535333333333,8.210217466666666,8.658196133333332
0.8275660639710823,7.657320666666666,8.871075,9.474014666666667
0.846245567810891,7.126304766666666,8.538313666666665,9.303658666666667
1.2711092415666776,6.643411,7.2973942,7.005143066666666
1.1808897192143788,4.7099031,5.495383733333333,6.1446735
1.1245548854423977,4.8866404333333335,5.6890089,5.857438866666667
1.0117770713306775,6.130842633333333,6.729754766666666,7.280174833333334
0.8938721029986714,6.409184799999999,7.2006313,8.3228678
0.8606788238516335,5.782919,6.456536466666666,7.337035233333334
0.7989048174395981,6.713120466666666,7.3156192,7.801181066666667
0.8022826907654395,6.7960259,7.319339066666667,7.998896666666667
0.8176535713608907,6.8311799,7.555119466666667,8.874512000000001
0.8206889030417736,6.667553933333333,7.3287179,7.827618666666666
0.8185644646690932,6.4984361,6.710273099999999,7.88591
0.8024108191146521,6.357068833333334,6.977662066666667,7.528890100000001
0.7858161995103817,6.678426233333333,7.283095666666667,7.855221666666668
0.7850421067687209,7.033793500000001,7.999166133333333,7.625784800000001
0.8043443952856307,6.899430433333333,7.542828666666666,7.586441333333333
0.7719762866129423,6.691570800000001,7.139651933333333,8.48611
0.8072876362758952,6.411187233333334,7.792371099999999,7.987268533333332
0.7556065431231692,6.504874833333333,7.573977233333333,7.572418333333334
0.7914295074797865,8.0468229,8.866908333333335,9.701771333333332
0.7694005945233154,7.807302233333334,8.560376333333332,9.146386533333333
0.7863295514995378,7.237979866666667,8.151368533333333,8.668852666666666
0.7452164586320807,7.471894966666667,8.139211333333334,8.785822666666666
0.7734201389084178,8.248743333333332,8.304282833333334,9.182087
0.790826811046495,8.041247566666666,8.560017333333333,9.282701166666667
0.7502523073872323,8.466154833333333,9.847707333333334,10.0813095
0.7562030094479546,9.88971,11.516263,11.848706166666666
0.7497459454228169,7.789933433333334,8.608244333333333,9.549040766666666
0.7560127203435605,9.527536666666666,10.792145333333332,10.617691
0.7689196359540599,10.721544666666668,11.219396333333334,12.092846000000002
0.8277803563930503,7.149824266666666,8.667673666666666,8.369091666666668
0.808876773947459,6.955798066666667,8.036720666666668,8.184348133333334
0.8037278237283921,7.565190133333332,8.263073,8.632062166666666
0.7644577864322066,7.2624821,8.175745433333335,8.793776
0.7866101357454433,7.535608966666666,8.476371666666665,8.571946666666667
0.7945846683045547,7.707480133333333,8.771151666666666,8.893759000000001
0.8047820716227565,5.173111433333333,5.330773466666667,6.233016666666667
0.7605993314817908,5.443286933333333,5.984415833333333,6.459980566666666
0.8046030407348473,7.275591833333333,7.678003266666667,9.001842333333334
1.24142265679631,27.00108366666667,34.400118,27.250850666666665
1.368987821910118,6.503556233333334,7.280837000000001,7.222669
1.484782537937676,3.614496533333333,4.3762078,5.787675433333334
1.1456811791942254,4.463167033333334,5.065971566666666,7.042155666666666
0.967050568420432,5.177309966666666,6.091171233333333,6.918301333333333
0.8203008950637026,6.162799233333334,6.9019626,8.267015566666666
0.8266918095559678,7.547224166666666,8.443865333333333,9.696104333333334
0.8062658903163192,7.795856866666667,8.581025333333335,9.495303166666668
0.7973579537438219,6.908715266666666,7.498244666666667,9.033637133333334
0.7842831575156061,6.600991333333333,7.253484533333332,8.271427000000001
0.776361535142653,6.474572266666667,7.068020999999999,7.113302233333333
0.7903557296952265,6.517381933333333,7.751181833333334,8.199499866666667
0.7721930546957264,6.713834433333333,7.375692566666667,8.107700133333333
0.7850922327029634,6.743728966666667,8.326378566666667,8.663999766666667
0.8185938177076162,7.263559099999999,8.369333766666667,9.455441333333331
0.7881502160402921,6.978509766666666,8.284996333333334,9.370111
0.788537203781099,6.864728,8.0344109,9.200230233333334
0.7617535492656704,7.104947333333333,7.8290115,8.468602466666667
0.7697351244700427,6.509163833333333,7.683093033333333,8.521559466666666
0.754640221649478,5.7772146,6.659157666666666,7.719610133333333
0.7803279113551155,6.105288233333333,6.752018466666667,7.484456933333334
0.7757853087981901,5.875475333333333,7.235145866666667,7.936785499999999
0.8109296693516482,5.463162733333334,6.539814799999999,6.9625731
0.7982095156228545,5.502283233333333,7.181868133333334,7.4216402
0.7496976451808921,5.638352533333333,7.094205866666666,6.976481933333333
0.7868334740455977,6.050440333333333,6.829379566666667,7.5694811
0.7965210524612457,8.773446333333334,9.632810666666668,10.449772
0.7754935876061945,10.771088666666666,11.818668666666667,12.014903166666665
0.7895810981981706,9.326814,11.383044666666663,11.838355833333331
0.8117360811506238,8.552487333333332,9.904706666666668,10.126938666666666
0.7931883464577333,7.263989566666666,8.426343999999999,9.116146533333334
0.8205458501484127,7.202394533333333,7.994310833333334,8.259607566666666
0.804531603762895,6.562342166666667,7.653665833333334,8.108878166666667
0.8491501234846227,5.725454333333334,6.458531766666667,7.0687047666666665
0.8239872997780887,5.666013333333333,6.379519766666667,6.899958233333334
0.831817387242701,6.492513733333333,7.4387607666666655,8.148069866666667
0.8236151675878354,7.5911502,8.338779566666666,8.855487666666667
0.7983713437234834,6.4228739,7.882749333333334,8.120735333333334
0.8154456867605825,7.314682766666666,7.997171166666667,9.255897
0.809248843511201,7.1957494,8.355748166666666,9.310549666666669
0.797693213388702,5.922468033333334,6.823365033333334,7.265255466666666
1.1467351485296775,5.992558766666666,6.698489566666666,7.129198333333332
0.8714498412426472,5.161698966666666,5.931472233333333,6.612264766666667
0.8226376914654682,5.8592714,6.645278033333334,7.408875233333333
0.8484154939685787,6.674483333333334,7.3458042,8.786267666666667
0.7893764347285765,7.133933866666666,8.513642233333334,8.418247666666668
0.8007125287591462,8.132542533333334,8.548645833333333,9.568552333333336
0.7938559425321058,7.279778133333334,8.194733766666667,8.796905533333334
0.7858665156943546,6.916625333333333,7.119210166666666,8.863193333333333
0.8072121821774209,6.440800666666667,7.364529466666666,7.401888233333334
0.7960779381886226,6.011588633333333,6.252586133333334,7.194498
0.7996321330543127,5.5930393333333335,6.795584866666666,7.155976566666666
0.7990322011684561,5.821453333333333,5.9582353333333335,7.202492
0.7812913439667057,6.201504566666667,6.405207100000001,7.649895666666667
0.8069344871771685,5.692223633333334,6.596105866666666,7.753071866666667
0.8044163217952538,6.678354766666668,7.577058633333333,8.413486833333332
0.8070709931323542,7.548174633333333,8.365072766666666,9.445279833333332
0.7833719530564854,7.459816666666668,8.083001333333334,9.750103333333334
0.7601739797927646,7.641402233333333,9.261149166666666,9.681923666666668
0.8024606878935874,8.836673866666667,9.194220666666666,11.005165
0.7954556456606993,8.78625,9.898603333333334,11.082735666666666
0.8385875169483551,8.628939666666666,9.170840333333333,10.001915
0.8223868772228768,6.735520000000001,7.401431899999999,8.669934666666668
0.8188855401189921,6.7937115,7.555325033333333,8.378540833333334
0.8066814119543343,5.9307859,6.548677433333334,7.429288
0.8258738894545617,6.9376672,7.529329433333333,9.064436333333331
0.8061928612681671,7.0900372,7.887375233333334,8.419634333333333
0.7859225115412986,9.016748333333332,9.524627,11.374447666666669
0.8199510023542856,7.723411666666667,8.743721,9.394719233333332
0.7655268533922053,8.077447766666666,9.584371499999998,10.528341833333334
0.8203415568560213,7.5443893,8.289516666666666,10.682359833333331
0.820816419205107,8.024491233333334,8.519720999999999,9.221730733333333
0.783496366170497,7.397327866666667,8.702895,9.372565666666668
1.5600518444583351,3.4779815,3.835710133333333,4.528323833333333
1.0143062190617,3.1025115666666667,3.534826066666667,4.2540465
0.8802837171040606,3.5141737,4.367483466666667,4.52909
0.8055650786216697,4.9020753,5.405763066666666,5.9628519
0.8074845622966794,5.6821943333333325,6.672684833333332,7.383438666666667
0.7744130262395502,6.4428904000000005,7.4453201,8.476276333333333
0.7792147727736651,6.146561933333333,6.778467533333334,9.330528666666666
0.8100626789075157,6.5278222,6.469798233333333,7.645898
0.7750973481558372,5.419877200000001,7.218502533333333,8.529846333333333
0.820137497539991,6.450248233333333,6.704142766666666,7.935742766666666
0.8067683990272075,6.399682666666666,7.728545133333333,8.958925
0.7756895899731475,7.234728733333334,7.892351533333333,9.421401666666666
0.8069718700502908,7.232857333333333,8.467612,9.168597
0.7888436823148351,8.581490133333334,9.996505333333332,11.217515
0.8029497389693964,8.741100666666666,9.915977,11.7503065
0.7892428879136323,9.645488,10.722283666666668,13.112030333333331
0.8117775997418417,9.159610766666669,10.476255,12.000659833333332
0.8106879542366042,9.627719333333332,9.890377333333332,12.179294
0.8083071920574073,9.316294666666666,10.846885666666664,11.760131333333334
0.8370042414340274,9.399797666666666,10.244829333333334,11.680118666666669
0.801708581924451,8.414425200000002,9.981255166666664,10.825516333333333
0.8288874207652753,8.624516700000001,9.297108666666666,10.865056333333332
0.8088261902491896,7.512184933333334,8.941393333333332,10.4093388
0.8235303658093082,7.599509533333333,8.065089333333335,8.864848566666666
0.827357420895921,7.289462733333333,7.8958986666666675,9.428120666666668
0.8147136445143758,7.161988166666667,8.168315499999999,9.325884
0.7670817482012424,7.461089533333333,8.3760845,10.287068
0.8354485603676766,6.7518948,9.21179,9.133692333333334
0.8249606411054143,7.682632466666667,9.210713,10.971859
0.839722475630955,7.192537000000001,8.498627866666668,9.052014333333334
0.8522204689419147,7.1680569,8.2469039,8.947887566666667
0.8135742382960153,5.920927133333333,7.771310133333333,9.5021562
1.2207050629337897,28.567802666666665,31.808768,27.638132
1.2613119860517148,8.182625333333334,9.096229,9.038591
1.140819042261296,7.872976833333331,9.029320933333333,8.454384500000002
1.053109688691616,7.483102833333334,8.181489433333335,8.387421866666665
0.9687026320793244,7.740452266666666,8.532142433333332,8.055119133333333
0.9716919688110898,7.736515366666667,8.769624,8.269525133333333
1.0323163614385826,7.1321623,8.167647133333332,8.0041995
0.9384790899668806,9.322111,10.163256,10.134615333333334
0.8951861766642466,9.571581333333333,10.952118,10.853625333333332
0.8598871668046023,10.512785,11.565931,10.811209333333332
0.8337911703432619,11.619530333333335,13.897264666666668,12.930050333333334
0.8158606355797833,11.09043,12.882400333333337,12.321416666666666
0.8164471988008281,11.000847666666669,11.984963666666667,11.846085166666668
0.8288713965340829,10.896116166666667,12.026606666666666,11.494966666666668
0.8184911305437342,11.631254333333333,12.883238666666664,12.255302
0.7897387950201004,9.700406666666668,10.598986833333331,10.528223333333337
0.7874185400772357,9.283178,10.94547,10.825066333333332
0.8218306908971081,9.575217,10.408124,10.435339333333332
0.8315423237966195,8.828025,9.543013,9.879663
0.817643204371851,8.723100333333333,9.734487333333334,10.257034333333332
0.8346064112359489,9.264045766666667,9.909199333333332,10.011577666666668
0.8391121579276634,8.024882,8.073463133333334,8.887798166666668
0.8953792120153015,7.4722239,7.858339466666667,8.7384295
0.850411365020251,6.857247833333333,7.554385933333333,9.574549
0.8437504722621894,6.910445333333333,7.471638333333334,8.181069
0.8674796207159611,10.098942333333332,10.534489333333331,10.428284
0.8102034134295183,11.1327,11.710294333333332,11.679726
0.7976840865857743,9.988630333333337,10.487013333333332,10.249287666666666
0.8020094525689069,8.797215433333333,9.457072666666669,9.370359333333331
0.8085104488486122,9.874782000000002,9.959157333333332,9.921504
0.7903326518411579,9.962583666666664,10.769403166666669,11.265473
0.8176536626112872,10.291101666666668,12.277133333333332,11.415987333333334
0.800784708204867,10.5203885,11.802399166666667,12.062395
0.7847960264157051,8.923644666666666,10.473876333333337,11.715545666666666
1.252190884115226,8.066932,8.989680666666667,8.648281666666668
1.304939919945031,5.240350733333333,5.824492766666666,5.738023266666667
1.0918426197897622,5.999338466666667,6.605883266666666,6.890714933333332
0.9560875234372188,6.279259100000001,7.0723704666666665,7.134782666666667
0.8849833484583532,6.8162845333333335,7.654350099999999,8.136471533333333
0.847769774094628,7.967108533333334,8.597323666666666,8.721784999999999
0.8362144476494177,7.715155766666666,8.669392666666667,8.342506766666666
0.8306645525605916,7.983142933333333,9.042322666666667,9.665164666666668
0.7838952970556431,6.7519082,7.722183333333334,8.461911
0.8411894248898332,6.116628166666668,7.008727866666667,7.1107501
0.8292288991737721,5.6220835,6.1494539,7.459296466666667
0.8349756480936676,7.497422233333334,7.928619533333333,8.14514
0.7978956063422714,7.124964333333334,7.864227766666666,8.224435999999999
0.8006118409984243,6.547416766666667,7.397290533333333,7.922825499999999
0.7856517723818257,6.0440747,6.990533,7.471678866666667
0.7711685388520341,6.192540966666667,7.202707466666666,7.6468375
0.7576242645308001,6.7876899,7.526519166666667,8.617668333333333
0.7799968490427522,7.221136333333334,8.613878333333334,9.082040133333336
0.7621519951836332,7.492711066666668,8.470228333333333,8.982160666666667
0.7521451787740183,6.449261,6.812422833333334,7.784374333333333
0.7656368748924404,7.3858238,7.895184666666665,8.0075039
0.7700908252322218,7.545409666666667,8.436207166666668,8.561731
0.8095408420243762,6.8699976000000005,7.731309633333333,8.653142666666666
0.800308167025551,7.2934494,8.512152433333332,9.435083
0.7818241364362883,7.8894537,8.536547,8.820437
0.7530220634710503,8.348438999999999,9.034002666666666,9.2981439
0.7863011727599839,9.989463,10.6713185,10.512528666666666
0.8077234647843633,8.855466666666667,9.210631333333332,9.9954725
0.780283572181979,6.857297166666666,7.695924166666667,7.796925433333333
0.7860642238370685,7.028450333333335,8.055300866666666,8.297370666666668
0.7771820903317473,8.405647333333333,9.289319,9.757631666666668
0.800905939070882,5.673446666666666,6.181914466666666,6.8463445
0.8138671554785538,5.831813866666667,6.2353510000000005,7.193085333333333
0.8070312560723343,6.257352,7.044325000000001,7.289451933333333
0.7815309424338723,5.911410466666666,6.4705583,6.6233026666666674
0.7814745477983068,6.006406299999999,7.344626666666667,7.490144999999999
1.2889762067762136,7.0097331333333335,7.6737055,7.411172333333333
1.0089285008364914,3.397807133333333,3.7291520666666655,5.655066266666666
0.914789043990192,4.091606133333333,4.7079028,6.238727866666667
0.8619969704773034,5.253220866666666,5.959483233333334,6.9716992
0.8178156695650663,5.438491666666667,6.2098428666666665,7.234770999999999
0.8215874154505363,6.402805233333333,7.513357633333332,8.0505425
0.8039394190460881,7.700331066666666,9.234395,10.528375333333331
0.7880210202599075,7.882977199999999,8.944073166666668,10.300827166666666
0.7738999346726002,7.496407233333333,8.596859,8.723539
0.7988851690002162,6.822747566666666,7.7692315,8.134440133333333
0.7994169650829274,6.7914412,8.169586133333333,9.198361333333333
0.8101549199408659,6.755284,8.051462233333334,8.0780195
0.8111224489396497,6.5543459,7.3810775,7.982657366666667
0.8008339884522245,5.7489373666666665,7.110971466666666,6.885769166666667
0.7955349554913663,5.8149394333333335,7.241740666666668,7.501834166666666
0.7916576485945351,5.717641166666667,7.358032666666666,7.272587633333333
0.808287269752527,6.318024,8.212214666666666,8.158563666666666
0.8036842877322089,6.918295699999999,8.215218433333332,9.084412666666667
0.8092764778355316,7.828307166666668,8.945136,10.600835833333337
0.7827933451124821,9.810784866666667,10.481425333333334,11.078852333333336
0.8062065526865493,8.2103911,9.221564166666669,10.162318666666666
0.8040176049684241,8.207911333333334,9.881855666666668,10.783017
0.7953225144602737,9.176315666666667,10.664112666666666,10.709603333333334
0.8129340799007462,8.874563666666667,9.325931666666667,10.939820333333335
0.8220014368403291,9.835246333333332,10.018239666666666,10.306167666666669
0.8450601839887354,8.584555,9.147411666666663,10.203012666666666
0.7989016158720584,7.773347433333334,8.288275833333332,9.157642333333332
0.8102914793278452,7.687817066666667,8.5181721,9.296125166666668
0.8196275291624188,7.289398000000001,8.282166333333334,8.9225404
0.820620141995574,7.073626066666666,7.633674833333333,8.1962648
0.8154719502621054,5.980344133333333,7.907878966666668,8.184841133333334
0.8112043159776712,6.353990866666667,7.5208509,8.091054666666667
0.8392264401428665,6.478958899999999,7.768353333333333,8.0640859
0.790185073348559,6.6676676666666665,7.049474333333333,8.014508999999999
1.251938883889231,17.972195,18.042374,16.877453333333335
1.081933270860776,5.1523064,5.8260865,6.560132433333334
0.932858622343978,5.0721925,6.152288866666667,7.340281733333335
0.973473127756578,4.274656033333334,4.973434433333333,6.453851499999999
0.9246880002202698,4.6991919,5.633353100000001,6.024117199999999
0.9058347495875934,5.355346,6.348111733333333,6.779884
0.8855316199563901,5.624405133333333,6.738297566666667,7.901390666666667
0.864508539089668,4.9884629,5.9334889,6.022013766666667
0.8574315464813976,5.8746352,6.421838433333334,7.768763199999999
0.8072658372479262,5.868307333333333,6.866306333333334,7.049396233333333
0.8174424111153549,6.044035133333334,6.825034166666666,6.747232433333334
0.8010508399501717,6.384369866666667,7.492089666666666,7.254487733333334
0.8319842844581066,7.021681566666667,8.213737333333333,8.35523
0.826200317210192,7.772229233333333,8.358620333333333,8.616650233333333
0.817498914097888,7.777494666666666,9.944040666666666,9.83731
0.7939046512249441,7.926817233333334,9.355123666666666,9.683005166666668
0.7906836902149031,8.199640766666667,9.379328333333332,9.307227
0.774650688216024,8.455253333333333,9.988000166666668,10.607896666666669
0.7697080103309508,8.383181333333335,8.127247533333334,9.377530833333331
0.7709057471569283,8.710735566666667,10.269436833333334,11.688824000000002
0.7727374469734903,8.929548333333333,10.631019,11.183195500000002
0.7773720137563277,10.3535645,11.728858333333331,12.495521666666669
0.7588467516338429,9.104318666666666,9.759509333333332,11.589260666666666
0.7798274043824268,9.736552666666666,10.537453666666666,11.217278
0.765172937200696,8.998449833333334,9.480959666666664,9.719232333333332
0.7661106475499291,7.805542,8.825075666666667,8.9818373
0.7950416301598006,8.437364333333333,9.084711,9.476558466666669
0.7731489312056697,8.637917799999999,9.271914666666667,10.017783166666666
0.8088846118737084,8.777984000000002,9.584590333333333,9.633664333333334
0.8023715652033627,8.868511,9.628001666666668,9.64406
0.7934353738486856,8.959416333333335,9.60817,9.4961125
0.7744146359825773,7.36402,8.2894565,8.665419166666666
0.7821313209591935,7.180516466666667,8.330419333333333,8.398734133333335
0.8276747686251159,7.324702133333333,8.039694333333335,8.542490333333333
0.7709345930870715,7.0900434,8.4206901,8.863138566666665
0.7889804458907902,7.942020833333334,8.537200666666667,9.193893666666668
0.8017786944598869,7.1210551,7.7908772,7.503999
0.8316930840451805,6.7092259,7.327963433333333,7.848856
0.7991660788422253,9.0335795,10.148817666666668,10.247886666666668
1.208912885219438,7.914457666666666,9.079605,8.927817333333332
1.008988345953543,4.3236365,5.113357199999999,6.345588233333333
0.9880066052770818,4.332196433333333,4.835870133333334,5.111694333333333
0.8835806188912706,4.900040166666667,5.568197299999999,6.162414333333333
0.8481844714210119,5.4737267,6.065032433333333,6.511724133333334
0.850333692293161,5.963868300000001,6.853283666666667,7.144702233333334
0.8155393631598495,7.5116629,8.262477033333333,8.757684666666668
0.8766116120503629,7.424210666666667,8.407056233333334,9.068977333333336
0.8207567597253155,7.981490099999999,9.433061666666667,9.057095
0.7964513976932063,9.090433666666668,9.97192,9.9821095
0.8137271752964369,8.511316166666667,9.325166666666668,9.392078666666666
0.8179040288691336,8.372129866666667,9.345735,9.454892833333334
0.7900137569959184,8.584522333333334,9.026107,10.147919666666663
0.7890025954758254,8.407811633333333,8.809458833333332,10.023278
0.7821797873391341,7.901693866666666,8.5842997,8.799347666666668
0.7575956427255325,7.529814099999999,8.222299999999999,8.476318133333335
0.7525585916224106,7.266401800000001,7.966602800000001,7.865853800000001
0.7731914789122798,7.853362533333333,8.425097966666668,9.237313
0.8009544819426496,7.663447866666666,8.1277852,8.821476266666666
0.779669672161098,8.760758966666666,9.452943333333332,10.777692
0.8025982054964795,8.550337666666666,9.479047333333334,9.635933666666666
0.7720321781275657,7.898570666666667,7.916653366666666,8.445315066666668
0.8357804916960417,6.9692259666666665,7.6135723,8.652973666666666
0.8444590334888619,6.983320833333334,7.488474666666666,7.3789989
0.8592491045379272,12.177248333333331,11.670656666666666,11.530229999999998
0.8095468033809813,10.954116333333332,11.373431666666669,11.479939666666668
0.8274325168250215,8.906284333333334,9.237662,9.510250666666666
0.8082819556695644,7.880799766666667,8.536941333333333,8.421053233333334
0.7923439114658759,7.617995133333333,8.1098447,7.942856533333334
0.8034610274220481,8.119164233333334,9.241919666666666,9.348770666666669
0.8087487786044077,7.813151133333334,8.363438333333333,9.230026666666664
0.8041556425210331,5.9260041,6.483473233333332,7.7765771
0.8066463876262745,7.407558866666666,8.398563000000001,8.442299333333333
0.7964799585708467,7.620478733333333,8.666081333333333,8.940666533333333
1.1509007147903432,27.990260000000003,34.79615633333333,28.550600000000003
1.0970776165389584,14.962988333333334,16.778172666666666,15.824951
1.1255499175332568,12.787461666666664,14.479204333333334,12.402821333333334
1.1175853381430725,10.181324333333334,11.086764333333331,10.625627
1.076719305796624,11.666880333333332,12.752438333333332,11.925673666666668
1.0955316561378547,9.227869333333333,10.289963833333331,9.764164666666666
1.0068644573790173,9.109546666666668,9.479849333333332,9.119338
0.9585846260043456,8.563386333333334,8.883808666666665,9.2692295
0.9268575825179192,8.076422666666666,9.190292333333334,9.277751333333333
0.8943019160449154,8.5954519,9.140039666666668,9.205831333333334
0.8424203870509835,8.554603,9.485836333333332,9.520877166666669
0.835258658024823,9.601685333333334,10.403818333333332,10.359185833333331
0.8172113675986484,8.790386999999999,9.716785,9.480119333333334
0.8166167623814914,8.472107333333334,9.574114333333334,9.779646666666666
0.8027342628677209,9.062815,9.666961666666667,9.295448
0.8020487189637899,10.884230166666669,12.303157166666669,11.599157999999996
0.7770437981535926,8.912655333333333,10.46217,10.132904000000002
0.7914632063512602,10.686037666666666,11.716516166666668,11.406508666666667
0.8237955557020671,7.550576666666665,8.714898666666668,8.428374666666665
0.8284110521029886,8.403173333333333,8.920783666666665,9.614032333333332
0.7996823274216954,9.548418333333334,10.788714333333331,10.427744
0.768504351274513,9.529388666666666,10.334511,10.647979
0.7762251041715068,8.868509666666666,10.087492,9.916835999999998
0.8099441231169205,7.563240400000001,8.470144,8.205287233333333
0.7844067813753686,7.435012333333333,8.211036,8.163014833333333
0.8092410293016986,8.699039999999998,9.876085333333334,9.268446333333332
0.8159762278665603,9.795248333333332,10.278584,10.326693333333331
0.8449857624081608,9.5044855,10.215601,10.280657
0.8261542417456251,7.935525666666668,8.806113999999999,8.454217
0.8164096181065466,9.198517,10.805525,11.107831666666664
