NMSE,PSNR,SSIM,HFEN,VIF,LPIPS,TIME
0.7233713953333334,25.629365795705326,0.6490799570413928,4.2472902333333336,1.4836002666666666,0.2500530481338501,0.3114676475524902
0.3792728633333334,20.473431704857845,0.5803456229600099,5.127098,1.0875910466666667,0.1988635708888371,0.0102336406707763
0.32332873666666667,18.703084397764403,0.4743088255513925,5.613984599999999,1.0447124333333333,0.22230779131253556,0.0053110122680664
0.14986136333333333,20.606685877895366,0.6117271208585225,6.020849966666667,0.9662839,0.21772952377796165,0.011983553568522098
0.140440518,20.212446335932125,0.5330427316314946,7.093350566666667,0.7255878133333332,0.19262369970480597,0.01710549990336097
0.1887519733333333,19.436216706621952,0.5484234201067414,7.746434366666667,0.7341870666666667,0.23502729833126065,0.012168089548746699
0.24179755000000003,18.04850324949071,0.4722284303855446,9.370300433333334,0.7490230766666667,0.2974581867456436,0.010163307189941366
0.19680050333333332,19.20347277788808,0.5461012660991436,8.1897682,0.9718800233333335,0.2078781028588613,0.0072994232177734
0.1280643,21.330461440025726,0.5834477196014071,8.525588,0.7290195433333334,0.2394801676273346,0.012074073155720967
0.2907365966666667,16.65621897469662,0.41041033163634605,8.517289333333332,0.7452072666666667,0.2671973208586375,0.0085785388946533
0.15524474333333335,18.85939083804008,0.5537077783945598,8.952819066666667,0.9931809399999999,0.2944440344969431,0.011274178822835233
0.09154137866666667,20.52499365960652,0.5522433987344256,8.883328833333334,0.8963620200000001,0.24041812121868125,0.010811487833658833
0.15284480533333333,18.085151455574234,0.5092005217483925,9.853641666666666,0.7328041466666666,0.2851458589235942,0.011317094167073534
0.15144233533333332,18.292539849524477,0.5211267030786859,9.646077666666667,0.9073460466666666,0.28784814973672224,0.0074829260508219335
0.19673690333333335,16.59703263910634,0.46360046248493353,9.646372333333334,0.7504402200000001,0.3324188490708669,0.010235389073689734
0.15601664333333334,17.188953945544984,0.4950529456104933,9.942452333333334,0.8260407766666668,0.3318451344966888,0.010750055313110332
0.13416349133333336,18.076643133076644,0.5199446785905194,9.295276,0.7547031999999999,0.3107975721359253,0.0129351615905761
0.21374777666666667,16.548612347872695,0.43536066669178863,10.79694,0.6321209833333334,0.3842784166336059,0.007599989573160767
0.1810611533333333,17.680043810121305,0.4973652487881936,9.959657333333334,0.7174493466666666,0.3310543994108836,0.010171651840209933
0.19671081199999998,17.53686620367056,0.47595388178724707,9.845962,0.6814947333333333,0.3408316175142924,0.010305802027384401
0.15917310666666665,18.734306056869634,0.5204046520936977,8.804469333333335,0.6960196,0.31254928310712177,0.010664621988932234
0.15970808,18.39042003514925,0.5196047291517882,8.880092666666668,0.7020865400000001,0.3090559889872868,0.007450977961222301
0.20471878,17.380876735175868,0.5054657300463398,9.086630666666666,0.7982821533333334,0.32530005772908527,0.010073502858479766
0.2694343166666667,16.49093533898914,0.4865339235535779,8.537211333333333,0.74882357,0.30434182782967883,0.009926239649454735
0.2875700566666667,16.798188196117774,0.4958337123748069,8.8905625,0.8316182866666667,0.32459591825803114,0.0060495535532633
0.21978640666666668,18.08095754720067,0.5177160927673249,8.764511,0.7494688333333334,0.30013708273569745,0.006895621617635067
0.25655476666666666,17.658359753076727,0.4958399467738343,8.3651495,0.6811879666666667,0.31539868811766303,0.008297999699910467
0.258811282,18.155306654588856,0.514376310523888,7.863433400000001,0.6821646266666667,0.30286971231301624,0.014191230138142831
0.21547122333333335,18.278651729221117,0.5303394078581251,8.1829935,0.9352168533333334,0.30415295064449305,0.0112373034159342
0.16604726666666667,19.313170356504113,0.5351691864106233,7.958127133333334,0.7193024166666667,0.32085009415944415,0.021179119745890235
0.17096424666666668,19.465975310025424,0.600693461641759,7.255711833333334,1.3610395666666666,0.2525594979524612,0.013600349426269498
0.15141077,19.74624805292463,0.5771289663327557,6.982804533333334,1.00972605,0.275550161798795,0.0203519662221272
0.13890279,20.17205231735601,0.5749538903051693,6.997640833333333,1.0506286333333332,0.2730546792348226,0.013402620951334598
0.21537510666666668,18.503219756503643,0.4853369411367024,7.479873866666668,0.81527315,0.29663701852162677,0.014497359593709265
0.2502285633333334,17.499503497452555,0.44623749348616853,7.205192133333334,0.7054693666666667,0.3262986938158671,0.01641710599263507
0.2861012733333333,15.964463267973684,0.4479708640863243,7.309464566666667,1.0023657,0.3222600718339284,0.014906088511149036
0.23724866666666666,24.12496111811684,0.5687095060367245,9.578838333333332,1.7915869333333332,0.36504796147346497,0.012639681498209565
0.7232284899999999,21.798961317137028,0.5876886656426382,6.631996000000001,1.87058705,0.27897351980209345,0.013768434524536069
0.32825855666666665,24.528984024029672,0.633865252660557,6.7687847,1.26206632,0.24889633556207016,0.015798807144165
0.23231365166666665,25.63946539343634,0.6525035826294056,6.8727138,1.3168605166666667,0.24963413178920738,0.013551870981852199
0.132794245,24.50468481156336,0.5971946829577792,9.528179333333334,0.9721249666666667,0.2720206578572591,0.018954912821451765
0.2839979166666667,23.25289078573836,0.6085551144303176,7.7451808,1.5511393666666666,0.2684786965449651,0.0161717732747395
0.32533568333333335,22.56837502704649,0.5804022899585071,7.8943059,1.3019192666666666,0.25967854261398315,0.011441628138224233
0.14684219333333334,23.410688346138787,0.5836777670707399,10.35168,1.0020858,0.24715894460678098,0.015813906987508102
0.13087832266666666,22.531285403087164,0.5416134777925037,11.517891,0.62607352,0.2908073167006175,0.014991919199625633
0.10638821333333333,22.325019472981364,0.5475672532742647,10.740722333333332,0.8525438199999998,0.27572249869505566,0.016923904418945267
0.08620805333333333,24.29463246980276,0.5768480363337986,10.630812166666667,0.6957826466666667,0.28058125575383497,0.0154507954915364
0.18227038333333334,23.19375273765191,0.5727896411084014,9.454324,0.9423371,0.29959574341773987,0.0172154108683268
0.16274698333333332,23.910047598631326,0.612661613313231,8.752166333333333,1.0676200999999998,0.2995700438817342,0.018101135889689066
0.28317248999999994,21.74666459011796,0.5570464523794335,9.432170333333334,0.9502986766666668,0.31863640248775477,0.022551059722900335
0.2748572866666667,23.522363142492058,0.6169045934237033,7.042629533333334,1.3387178666666666,0.2661176025867462,0.016192118326822866
0.3089316833333334,24.623337496783325,0.6172196240360787,7.365840533333333,1.1360977666666667,0.30599710345268244,0.015118281046549433
0.2876554533333333,24.399747243946695,0.6256952010714142,6.229646566666666,1.1634367,0.28016962110996246,0.017791827519734668
0.19612220666666666,25.159791049076308,0.6271414087751783,7.513981800000001,0.7604732133333333,0.30340434114138287,0.01570391654968257
0.2503481966666667,22.39230981937541,0.5189956892311823,9.544958,1.1860247333333334,0.3725057741006215,0.017465035120646136
0.12420872999999999,24.477599902838154,0.5884699932172802,8.996539,0.8720336633333333,0.29620810349782306,0.0159986813863118
0.9190953399999998,22.865653071428984,0.553756747055166,7.3069806,1.6159377666666668,0.35995102922121686,0.0123506387074788
0.28916474,23.853232535436536,0.5748787682872795,8.145580333333333,1.1199565666666667,0.3350744346777598,0.012489000956217402
0.22916023666666666,23.263007359002287,0.5538023945994041,8.962874166666667,0.9993018666666668,0.3228633602460225,0.013443628946940067
0.096654515,25.308871708215893,0.5847207065007544,9.605750333333335,0.8145299,0.3192581832408905,0.01678601900736487
0.13722441666666665,23.204940927399196,0.5136061948209222,10.534417,0.8312730333333334,0.36160606145858765,0.016477743784586565
0.2821027466666666,21.479278426895267,0.47856431931045496,10.093008,1.2787920666666668,0.38331182797749835,0.012622197469075466
0.155744361,23.572641408381077,0.5782311015007365,8.502426666666667,1.0733363,0.31807470321655273,0.0178894201914469
0.38790568333333325,21.027577104960383,0.5557380925543239,7.798357333333333,1.1735981466666667,0.31779390573501587,0.017911354700724233
0.170976798,26.239908278851644,0.6430435033740357,6.379824266666667,0.8949372933333333,0.32942362626393634,0.017095088958740203
0.21474993666666667,25.157002620724658,0.6214544805558141,6.354197933333334,1.2553044666666666,0.33514513572057086,0.013657410939534466
0.18489569333333333,25.510439810763085,0.6326961050631449,6.1675495666666675,1.2284965666666665,0.33938392996788025,0.016996860504150297
0.21872413000000002,25.397574233973785,0.6567894948567226,5.2602488,1.3299253533333333,0.3347509304682414,0.017366170883178666
0.37165223999999997,24.073933618575484,0.6574523996294374,4.682758666666667,1.5843030866666667,0.31869954864184064,0.0115688641866048
0.18592716666666664,23.456753733329084,0.607749258152349,6.2518301,1.2127092,0.330230047305425,0.015781084696451765
0.17370667466666667,23.956474448220348,0.6402492685920492,6.0223755,1.1776152,0.3189530670642852,0.0075422922770182
0.09075310999999998,24.435151341070867,0.6065460979313757,7.716041433333333,0.9701757833333334,0.3554813067118327,0.006988128026326466
0.28006742999999995,25.52596422615824,0.6962352440665479,5.926514,1.4793002666666666,0.22768298784891763,0.006866455078125
0.37391565000000004,23.874957342242954,0.6352099159996869,4.382442500000001,1.5441634000000002,0.16211336851119995,0.0147512753804524
0.4531043333333333,21.174352464972312,0.550841521310804,4.887022766666667,1.4423586999999998,0.18442763388156888,0.008086999257405567
0.7241957366666667,17.825621436417332,0.47146126736371247,6.443866166666667,1.4676138333333333,0.23349939286708832,0.014644702275594034
0.43335660333333337,18.2122450741324,0.49444495148275136,7.761274666666666,1.1225734,0.24091551701227823,0.006887674331665033
0.36119389333333335,18.98389125982064,0.5484903468501793,7.523508666666667,1.4301017666666667,0.2176807324091593,0.006888628005981434
0.5423069566666667,17.013978187462865,0.42122414155896143,7.605482666666667,1.3821276999999998,0.23622737328211466,0.011281569798787366
0.5796506633333333,16.47740643416675,0.38166642977227827,7.4229194000000005,1.2965234333333333,0.26833584904670715,0.010620276133219331
0.23084790333333335,20.332844950358673,0.47219752347847727,7.091037366666666,1.0696058166666667,0.21666045486927024,0.010251045227050767
0.2872048033333333,19.29868812524937,0.4532447135750761,6.801949666666666,1.2071667999999998,0.23595523834228516,0.012632767359415667
0.4217240466666667,17.648477475764597,0.41119612343743417,6.780040666666667,1.2743394666666668,0.26442734400431317,0.008919874827067001
0.3831125,18.712974669756655,0.424806723737528,6.286478233333334,1.0307426100000001,0.27880870799223584,0.008401473363240534
0.3392050466666667,19.988716766894246,0.4523854774302903,6.056619566666666,1.0733352666666667,0.29710771640141803,0.009668747584025
0.30524032,21.78312916765704,0.488062415698141,5.438180766666666,0.9493803466666666,0.3023778299490611,0.010627667109171533
0.47954181333333334,19.78681498570425,0.4521953499934672,5.6696458000000005,0.9966480233333334,0.35076162219047546,0.006087064743041933
0.34694957333333337,20.5150853158843,0.48287489150365764,5.972367733333333,0.9124100500000001,0.32625951369603473,0.010722001393636
0.5589758333333333,20.45667872152273,0.4740717471960008,6.502259700000001,1.1061521333333333,0.3555067181587219,0.010864973068237268
0.6158029666666667,17.468848916372576,0.44482235639015544,7.131129666666666,1.2441366333333332,0.3456568221251169,0.0092050234476725
0.34642316,19.364679547674125,0.4901275593309804,6.987630266666667,1.10358021,0.33556610345840454,0.0104252497355143
0.5441963933333333,17.642894478839434,0.4772197047113281,6.5125226666666665,1.3021069833333334,0.3175180008014043,0.011243263880411768
0.38799076666666665,18.31196108379245,0.48152914036998595,6.674376133333333,0.9108584000000001,0.3353317081928253,0.005295912424723301
0.4690257,16.905250163223187,0.4782003691362379,7.117782533333333,1.1507599833333333,0.32146642605463666,0.010709047317504834
0.32165175333333335,17.69405596832611,0.4782063430226467,6.964640233333333,0.7277390166666667,0.32682956258455914,0.012454827626546169
0.35738933,16.42263855105347,0.44963312423355073,7.5902731999999995,0.45697575666666673,0.3573176860809326,0.012811024983723933
0.13945969333333333,20.753814869591007,0.5311809307653726,7.602614,0.7235711866666668,0.3526141345500946,0.013245423634846966
0.23607324833333335,19.21284572084503,0.5155753205358823,7.200030166666667,0.9879296766666666,0.31665782630443573,0.011369784673055
0.20513574200000004,20.610222875976337,0.5519024787690574,6.345123766666667,0.9944650233333334,0.2866462667783101,0.008240779240926067
0.29407468000000003,19.393410476575188,0.5316910850941291,6.435648333333333,1.05605148,0.28762224316596985,0.011626958847045865
0.25226849,19.794700437870986,0.550099180528279,7.360863800000001,1.1237891766666666,0.28319423894087475,0.006056626637776666
0.20273253666666666,19.970816741260027,0.5715204001997743,7.218604133333333,1.0736509333333333,0.24336035549640656,0.0038603941599527672
0.38291822666666664,16.88129327573076,0.4902757082135663,7.5796931333333335,1.0328857333333332,0.2434049447377523,0.006837050120035801
0.29925678,16.851494341668058,0.49394066903802264,8.162554333333333,0.9320299566666667,0.2768832594156265,0.008347908655802367
0.18572506,18.152998549942318,0.5093628955632631,8.741463666666666,0.6746914666666667,0.27344512939453125,0.006342172622680633
0.24149747666666668,17.243758076336505,0.4604345729222683,9.870306666666666,0.7213816999999999,0.2969616999228795,0.005980730056762667
0.17977840666666667,17.883014207230286,0.5164070441857005,8.880737833333333,0.7347622,0.26311233143011725,0.004456122716267867
0.36940318999999994,22.009295376388952,0.6296826119774467,5.946834566666666,1.6598977133333335,0.2279116213321685,0.005251248677571566
0.35379926999999994,21.2413964473912,0.6380638674536426,7.221786766666667,1.9356349333333334,0.2672178049882253,0.004914601643880166
0.29160039,23.071787989624813,0.6256418434835388,7.0340473333333335,1.2731913333333333,0.20028796792030334,0.0064483483632405
0.35870816333333333,23.56119702718192,0.6402950597959064,6.003672033333333,1.5345049166666664,0.21381713946660355,0.003679037094116167
0.409038,20.721125770124512,0.5986138679738678,6.374682933333333,1.6939718666666668,0.20668745040893546,0.006193796793619766
0.23321250999999998,21.430486154507538,0.5833024212229659,7.700454866666667,1.0912713666666667,0.23891560236612952,0.007381200790405234
0.25441170999999996,23.44749200380538,0.6644105662049574,6.784505566666667,1.5339571866666668,0.2255449146032333,0.0007816950480142999
0.36398389166666667,21.160688464298293,0.601222621813461,6.844313466666667,1.5628588333333333,0.23015578587849936,0.005829731623331666
0.3526454366666667,18.74021940917227,0.5375600620921367,7.1126260666666665,1.2696709333333331,0.28876521686712897,0.0022897720336913997
0.24443707666666667,19.868524406163786,0.5258454807763984,8.129985233333334,0.9740681999999999,0.2831389407316843,0.0022881825764973665
0.26289430333333336,19.36090985486379,0.5272179790183465,7.904450333333334,0.9858123333333334,0.286221166451772,0.0013610521952311001
0.14601205666666667,22.05630127918846,0.5780565562580003,8.5283029,0.9142531166666666,0.2854782938957214,0.0026846726735432667
0.23853081666666667,19.53192287056243,0.5503853587446779,8.997993666666666,0.7750060333333333,0.31902310252189636,0.0028716723124186
0.18142366,21.838743667661813,0.5998386307708922,7.927568666666667,0.9353967,0.26122169693311054,0.0040134588877359665
0.19610263000000003,21.00759213984173,0.5729114887219445,8.685297666666667,0.8214357766666667,0.28105167547861726,0.004884243011474567
0.20742514,21.372176288686145,0.5583223555593261,9.162226333333333,0.9406744333333332,0.3001946608225505,0.0033753712972005
0.16962629833333334,21.82006611949014,0.5355007914717325,9.453096333333333,0.80373312,0.31326287984848017,0.0025925636291503668
0.16774339500000002,22.299017354087372,0.581350415665609,8.710079666666667,0.91404458,0.26690517862637836,0.004319111506144167
0.19482274533333332,22.047208736170774,0.5768482100331679,8.864291666666666,0.8289627433333333,0.2858726928631465,0.0017623106638590333
0.46817562,21.027270096915128,0.5576288205999537,7.776311,1.28525908,0.32501752177874244,0.0027753512064615667
0.22733392333333335,21.603486511871818,0.5428534336479938,9.607999666666666,1.0352184866666667,0.3182282149791717,0.0069302717844644335
0.24985738000000002,21.512212660348254,0.5661368861405486,8.827152333333332,0.986419,0.30645019312699634,0.0031315485636393
0.4570217033333333,18.471075563267096,0.49798416349364744,8.904725999999998,0.9652411333333334,0.29552432398001355,0.0026828447977701665
0.5414808866666666,18.916299743662574,0.5020602141451743,8.221726166666668,1.1682543666666667,0.33096614480018616,0.0019764105478922334
0.26940613333333335,22.77145806574812,0.6041548108094971,7.4521779666666665,1.1027767133333335,0.29303252696990967,0.0034697055816650334
0.24281385166666666,22.021016413107688,0.559424968419591,8.597057,0.9166647499999999,0.314757357041041,0.004025379816691067
0.8788008766666665,16.020301697532688,0.44028718584685694,9.115688,1.3424229333333333,0.3818753759066264,0.0076911449432372665
0.20508278666666668,19.417793874514768,0.4759106494730519,11.298201999999998,0.7181941566666667,0.35378100474675495,0.004914999008178667
0.35895346333333333,17.78752996954098,0.43437267294739046,10.782494333333332,1.1179110666666665,0.4165476659933726,0.004177252451578733
0.35597429333333325,16.97924283037129,0.44382469546095055,10.761044166666666,1.2810105333333335,0.3832059899965922,0.0060892899831135675
0.41070791,18.53172001591136,0.5032652728633136,8.3553099,1.3709841866666668,0.376265029112498,0.004744291305541967
0.3104820366666666,21.2161765476574,0.5708077357717868,6.681006333333333,1.2452203666666668,0.3512416481971741,0.0
0.29741149133333333,21.89957492593851,0.6053079660778878,6.088610233333334,1.358855733333333,0.32827762762705487,0.0016787052154541
0.21035856666666666,19.20634341298562,0.5287168405756502,7.984021566666667,0.9187678233333333,0.35105960567792255,0.0022768974304198998
0.10157298333333332,21.04672824298363,0.5495558295245918,8.616145000000001,0.8633391333333332,0.34575628240903217,0.0033473968505859336
0.10445111166666667,19.991906495549635,0.5309657935694542,9.216371333333333,0.7194493866666667,0.2926714221636454,0.0061664581298827665
0.12168604,20.363202493078177,0.5633234639001091,8.554104200000001,0.8157242333333334,0.3106086353460948,0.007989088694254501
0.10373186200000001,21.854216233262378,0.608095169042345,7.2898866333333325,0.8149753133333334,0.3088923494021098,0.0
0.129543042,22.21345541229032,0.6425225668343292,6.3407808333333335,0.8113661333333333,0.2863389849662781,0.0006891091664631999
0.15881879333333335,20.369360287442852,0.5836918875533996,6.883807900000001,0.8026156999999999,0.3061724205811818,0.0
0.12512610666666665,22.31635894280639,0.6021330127028922,6.3765768,0.9816960866666666,0.2854909400145213,0.0
0.14587675866666666,23.30530501052125,0.6438484463746463,5.757643733333334,0.9137993666666667,0.24853611985842386,0.005903085072835267
0.33101632666666664,27.821551727765353,0.7108415236405241,5.018070266666666,1.7649550666666667,0.1998195846875508,0.003765185674031566
1.6055263766666663,21.123799637070057,0.5529435330481481,5.0266709999999994,1.4797326999999998,0.1882432550191879,0.0059756437937418345
0.51629926,22.19008557094374,0.5133191816958758,5.113147433333334,1.2679872666666665,0.13246437410513556,0.005143404006957967
0.35888352333333334,21.334512218331877,0.570509687562752,5.7704318,1.4682160666666668,0.17138902346293125,0.0020669301350911334
0.3902280666666667,21.73716235800619,0.60462437379888,5.8869121333333325,1.5673551999999997,0.16814181705315903,0.007415612538655567
0.3891343166666667,18.59246038719026,0.4515911457952271,7.493379166666666,1.1183400333333333,0.24273404479026794,0.0
0.4136464766666667,17.19115972267574,0.5090877847350822,9.268718333333332,1.1331001666666667,0.2561801125605901,0.005475521087646433
0.30778090666666663,17.891205699768232,0.5250556488855648,9.825864333333334,1.2304371333333333,0.2459221581617991,0.0034515857696533
0.3165243033333333,18.1685850751912,0.4507384851524699,8.620970666666667,0.9587803133333335,0.21936070919036865,0.005826234817504866
0.25029407666666664,19.157228736099814,0.5286744588022154,8.955144333333331,1.0373155333333333,0.25322343905766803,0.0053834915161132665
0.2083116633333333,18.65240142468109,0.5179279028722402,8.693143333333333,0.85682946,0.23267810046672813,0.003322919209798133
0.18919396333333335,18.642354637425402,0.5146829616585328,8.792704666666667,0.7968887066666666,0.2249010056257248,0.0073153972625732006
0.17627929,18.276856980930777,0.5255288202410585,9.735609000000002,0.9446050533333334,0.2717381715774536,0.0019365151723225666
0.1611255633333333,18.84959252952522,0.47088559676441993,10.343508,0.7033234966666667,0.3010670443375905,0.0051318009694417
0.15514204166666665,18.102540731165785,0.47149609087585054,10.824622,0.91184332,0.30920832355817157,0.0031888484954833668
0.22990939,17.431847333184052,0.4163654319084036,9.953818666666667,0.7641995466666667,0.34913114706675213,0.0055016676584879005
0.15796477333333334,17.810695317245365,0.44682017319938877,10.473031333333333,0.5979487,0.3372151056925456,0.004402637481689433
0.17027400666666667,17.92273927941747,0.46230891903267574,10.044139333333334,0.8877230533333332,0.32269149025281263,0.003472010294596333
0.15762400666666668,17.79597619091939,0.48153886846393607,9.992868333333334,0.9785422466666667,0.28433567285537714,0.0
0.11906606333333332,19.158169159559094,0.4983676341689771,9.720701333333333,0.7063291500000001,0.3052150259415309,0.006781498591105099
0.12953963666666665,18.25830876935276,0.4853934450991422,10.768702,0.5091660833333334,0.35502533117930096,0.004466215769449834
0.10314305466666666,19.16025755653915,0.5213763239722226,10.295365333333335,0.7480785133333333,0.2855415294567744,0.0018352667490641001
0.18587813666666667,16.535225632585295,0.4548920354322809,11.763628333333335,0.8778620666666668,0.3489026129245758,0.0034662087758382
0.16131235000000002,17.622693179767996,0.49870377995251153,10.802826000000001,0.8868761933333333,0.31129936377207434,0.003919919331868467
0.15671671333333334,17.432493369981618,0.46826456878698025,11.243414166666668,0.7354930133333334,0.33704369763533276,0.006593704223632733
0.16092097333333336,16.938316237703827,0.4760954362317151,12.209401999999999,0.9032671,0.34405569235483807,0.0057554244995117005
0.15047464000000002,17.289333190706305,0.4596834046120135,12.309530333333335,0.85728165,0.3679951032002767,0.004120111465454067
0.18937492333333336,17.069257320504857,0.4771823616997019,11.107299333333335,0.8433506666666667,0.356625884771347,0.009823719660441032
0.2910516566666667,15.27181144171144,0.4137409031751785,10.818593666666667,0.6069613500000001,0.371697336435318,0.005656162897745766
0.22616643,17.618906563209837,0.48983050382494636,9.154973666666665,0.75043558,0.3382258514563243,0.002470572789510033
0.292691062,18.48071139668853,0.520522045256262,8.4789745,0.8006858233333333,0.33810946345329285,0.0057094891866048
0.2860090733333333,17.982119458853536,0.5048540706252983,8.2135206,0.8175863966666667,0.31206852694352466,0.0059456825256347335
0.32143443666666666,16.252079400071633,0.47432935071271015,10.189389333333333,0.7445537333333333,0.32161476214726764,0.0073495705922444
0.21242800333333334,17.82007354437111,0.5096556927612564,9.420185166666666,0.8207463366666666,0.2691024790207545,0.0024066766103108665
0.1560596333333333,19.044921200550984,0.5362642859838421,9.665346333333334,0.7503653666666666,0.3038184841473897,0.009523391723632766
0.19564830666666666,19.020182130387393,0.5262114503389802,9.360551666666666,0.7654167833333333,0.29975607991218567,0.005479176839192666
0.20836771666666665,17.234209068620487,0.4770767751334808,10.402624333333334,0.5869034433333333,0.34028258919715876,0.004144350687662733
0.3283106866666667,16.14608926538754,0.4431719419193381,9.661270333333334,0.6801393566666666,0.3184306025505066,0.0030799706776936664
0.43369990833333333,14.647265894632858,0.3771685780052157,30.95800133333334,0.4383361666666666,0.49593791365623474,0.0040482680002848
0.55597273,17.411999814994772,0.40879732709880834,15.482121666666666,0.8806619666666666,0.5339922408262888,0.005695263544718333
0.4955096833333333,17.397408703034145,0.4530472118444058,10.663128833333333,0.9101794333333334,0.42661432425181073,0.0049049059549967
0.23322500000000002,21.908154290006348,0.5324728714708838,8.938646666666667,1.2131698666666666,0.35405974586804706,0.003382205963134733
0.37949191666666665,19.698418825940518,0.4847198289451618,10.440164333333334,0.86803712,0.4151642421881358,0.0050684611002604
0.2315801966666667,22.396107137395564,0.5650418685146239,8.152401,0.8546966999999999,0.2659761160612106,0.0027892589569091662
0.2971534433333334,26.029291743543524,0.6723443846138961,6.250396966666667,1.4022748533333333,0.22662595907847083,0.0035415490468342337
0.49072508333333326,23.694958422515665,0.6193604780333657,5.932443,1.2723439133333334,0.23247205714384708,0.0049656232198079
0.32502372333333335,21.340934892262823,0.5760520858507902,6.468968833333332,1.2768244666666666,0.2548170785109202,0.006214062372843399
0.195719765,21.566318177440436,0.5570884778954555,7.085939166666667,0.83498738,0.27570825815200806,0.0023094813028970997
0.16991801333333334,22.690148508254563,0.6322989106581818,6.003392666666667,1.1307461099999998,0.2588716795047124,0.0034839312235514
0.38271854,20.664579269885227,0.5554879783404597,6.4571730333333335,1.0350544333333334,0.26536548634370166,0.005799055099487233
0.17150010999999998,23.768960746383012,0.6396550464805367,6.386035433333333,0.93755531,0.25935427347819007,0.0017528533935546335
0.15313455333333334,24.17522596507725,0.6368990490726767,6.086438666666666,1.0294393666666666,0.27358822027842195,0.0027612845102945667
0.20162349666666665,23.416002918615163,0.6019553105163887,6.4869178000000005,0.95960083,0.3087812711795171,0.0007068316141764001
0.14896248166666667,24.56531513385272,0.634091003700887,6.4395292,0.9744523800000001,0.2850520561138789,0.0048553148905436
0.3518621033333333,20.822814365338914,0.5554760982701444,6.976673166666667,1.0241420666666665,0.3078415691852569,0.0
0.15314119333333334,23.238939494532417,0.6074329310256303,6.7915167,0.8710212199999999,0.2967920998732249,0.0034340222676595
0.12240057333333333,23.829419987476783,0.6174326776288361,7.197616533333334,0.9346192666666666,0.2780705789724986,0.0034368038177489996
0.18983760133333336,21.85966455482904,0.5815839105338191,7.671713199999999,0.9572140633333334,0.3112348715464273,0.0
0.10804428666666667,23.293525475385394,0.5929566457823116,8.481621133333332,0.8632105333333334,0.2763532052437464,0.0
0.16865961133333332,22.15849200810612,0.580905705397822,8.590091333333334,0.8794382033333333,0.3166848768790563,0.006652196248372366
0.11242737333333334,22.822555788311387,0.5864491098618712,8.917643333333332,0.7073102466666666,0.30598577857017517,0.005093336105346667
0.16948907133333332,21.221223236072714,0.5663820331728097,9.383353666666666,0.8827983566666666,0.3112107714017232,0.004515727361043233
0.23468609333333335,20.01683196356251,0.5441422979061604,8.677553166666668,0.9380191433333334,0.31426958243052167,0.004441181818644166
0.23495586333333332,20.333907247773514,0.5513370833540199,7.929192333333333,0.9709083166666667,0.3008795877297719,0.002981583277384433
0.3222794133333334,19.652387757373916,0.5431442739064757,7.5448184000000005,1.3618585333333335,0.32398098707199097,0.004695415496826133
0.20837368999999997,20.40089409615683,0.5667922201791397,7.8605947,1.02716968,0.2780205061038335,0.0052371819814046
0.22982959466666664,20.38384304241489,0.5404153171759226,8.053463333333333,1.4443901666666665,0.3477853486935298,0.0013012091318766
0.20659063,18.700211263950916,0.5230558534798256,8.537896333333334,1.0980786,0.314548780520757,0.0085370540618896
0.08202979833333333,21.26034048297331,0.5468973892191386,9.104186,0.75813082,0.32556699713071185,0.0035280386606852
0.3678469733333333,16.186953125458277,0.4758691510295545,8.220203666666666,1.1435948133333333,0.37286104758580524,0.0034470558166503663
0.09589893666666667,20.50475190033359,0.5339359191470454,8.740461166666668,0.8645790666666667,0.3513082265853882,0.002880414326985633
0.10522743933333333,22.46426587474389,0.6267057047662706,6.322802866666667,0.9281494333333334,0.2992267558972041,0.0062813758850097335
0.10060409,21.406561215915698,0.617889900845651,6.401477833333334,0.7894801,0.29254333674907684,0.00022761027018226667
0.18984359799999997,19.453454279984644,0.5717111021423946,6.309534566666667,0.9889727333333332,0.3110049068927765,0.008212645848592067
0.18381641199999998,21.247809556584286,0.6171338430063237,5.656142200000001,1.2712483966666668,0.2937157750129699,0.004450162251790333
0.6487253853333333,16.831317607313675,0.4935164018966917,6.26251,1.4526823333333334,0.36121561129887897,0.0015511512756347333
0.8275671833333332,15.462650552901636,0.3747044413933307,17.20601633333333,0.9629410666666667,0.5774448116620382,0.004666566848754833
0.21345793333333332,22.859914812654385,0.5098751429337426,10.7834105,0.84852633,0.38010106484095246,0.0075968901316324665
0.15193152666666668,23.94528906853705,0.5077541119247855,11.404734,0.5775650866666666,0.37127694487571716,0.006198406219482366
0.4975946666666667,19.23276138916577,0.4529378817920176,10.455123,0.65169731,0.4052474002043405,0.006303071975707966
0.6099501333333334,20.104466126583855,0.46619326596962996,10.151919333333334,0.6535827,0.39734211564064026,0.009764512379964166
0.14370674666666666,24.008705579904035,0.5476372926736299,10.036369,0.6239077833333334,0.31820481022198993,0.006036996841430633
0.223970035,23.487523081080464,0.5381198612301391,9.380051333333334,0.8598600300000001,0.3247683544953664,0.007045825322469001
0.28740989533333333,22.95143614727645,0.530878213660893,8.79379,0.8315678833333333,0.3194458683331807,0.010179599126179967
0.20673011666666666,21.60457954434456,0.5150790496621839,10.095398999999999,0.8779075133333333,0.34269118309020996,0.009642044703165632
0.4221033566666667,19.87422881336826,0.5042104506496872,10.163272,0.89715812,0.3978542983531952,0.008348703384399367
0.19042838466666667,20.408932633157182,0.52205019412156,10.767131000000001,0.8893937433333333,0.388143390417099,0.0067929426829019665
0.19992781333333332,22.531042691889,0.5388347301292389,8.495921333333333,0.7229971866666668,0.32259910305341083,0.007578929265340167
0.18571337666666668,26.815474984446727,0.6695876188008468,5.726627866666667,0.9110069433333333,0.2931309938430786,0.004750649134318033
0.13654283999999997,24.432010899533072,0.5910885988204132,8.434705333333333,0.8792042333333333,0.3312350908915202,0.013491630554199168
0.26345787000000004,22.024293676767865,0.5317779053117752,8.913627333333332,0.9025936099999999,0.3568103015422821,0.004934469858805333
0.19268180333333332,22.211456522344722,0.5359078055898303,9.920406,0.75540431,0.34365737438201904,0.0068283875783284
0.20787624666666668,20.421524563392975,0.49262559981778115,12.389165666666665,0.8229126433333334,0.3734900653362274,0.0075290997823079
0.14324995,21.082748775863596,0.48713372811604966,13.954023833333332,0.6932871,0.37548131744066876,0.008344411849975532
0.12979298333333333,22.601057815475922,0.5081407435269548,12.773069000000001,0.6040365900000001,0.3688780963420868,0.007272720336914034
0.20130754666666664,20.25652186115118,0.4575234165707412,15.116927666666667,0.6892120866666667,0.3978602985541026,0.0169955889383951
0.22315950133333332,21.34999984184398,0.4842537240012959,12.350121,1.0169397166666665,0.38315650820732117,0.008246103922526
0.2506426566666667,21.380438197921396,0.4557834365540087,12.265132,0.9309083833333333,0.39990419149398804,0.006084918975830067
0.20977002,23.00073603329452,0.5101559335309974,11.059394666666668,0.8793540433333332,0.4043306807676951,0.012122631072998
0.39475744,21.98236514378552,0.4883550544818019,9.84791,1.2348689566666666,0.39774487415949505,0.006099303563435833
0.34768272000000006,23.421168689961977,0.5325772843788142,9.155450666666667,1.3129743666666667,0.370562344789505,0.010656436284383066
0.22066058333333335,24.04885243878834,0.5101462144805077,10.100616333333335,0.7994330199999999,0.38464898864428204,0.0088854630788167
0.24508183000000003,21.08139122606902,0.45805049797427316,12.204576000000001,0.9945000166666667,0.41573766867319745,0.010270198186238567
0.170700475,22.144943329637556,0.48031246379854764,12.809184666666667,0.73661588,0.3966263333956401,0.0075719356536865
0.15358861999999998,22.560141879531443,0.48557276170442104,12.612153333333334,0.8413464999999999,0.37911223371823627,0.011788845062255832
0.12645207666666666,22.165058581283272,0.4591791476993647,13.734332666666667,0.7525596333333334,0.371028999487559,0.006761471430460565
0.21450496333333335,21.183078306136732,0.48588801502815854,12.015710499999999,0.8238874233333333,0.35418884952863056,0.0101822217305501
0.2078119833333333,22.365498441066432,0.5323524873899375,10.000789333333332,0.9914479100000001,0.34144681692123413,0.004785219828287734
0.31147558166666667,22.270117002474958,0.5424423148514707,9.221280666666667,1.3430120666666667,0.3598767618338267,0.009135484695434534
0.97449536,21.21544181021416,0.45565499233856244,4.2435254,1.2462292666666668,0.14019239197174704,0.006734609603881833
0.30477627,21.192659738338946,0.41917259353718134,5.043205933333334,0.9559800333333334,0.22894914448261258,0.007464249928792299
0.30451365999999996,20.360050296559308,0.4937742917446826,5.198585666666666,1.1734699,0.22586628049612045,0.0089192390441894
0.21029731666666665,20.719910535090865,0.5361415153971041,5.975498766666667,1.1571957666666666,0.16780931254227952,0.008744637171427332
0.2444588,19.059034209173166,0.5356251953909387,7.225901966666666,1.1325249800000001,0.24087373415629063,0.004532814025878866
0.27000175666666665,18.762984227745537,0.4885241933914248,8.304655133333332,1.03041038,0.22738087673981985,0.010573069254557232
0.30812889000000004,17.150431069511693,0.4596470594981201,8.875462666666666,1.143279,0.24442282815774283,0.007610003153483033
0.28398359666666667,17.69980901270717,0.45264012128811143,8.962896,1.0121591333333333,0.25808973610401154,0.0067165692647298
0.15371589,20.203498176476774,0.5701745548879398,8.3491771,0.8517870200000001,0.2119202365477879,0.0096182028452555
0.190684928,19.751565530419022,0.5184343334756205,8.057410533333334,0.8271135666666667,0.24178574482599893,0.005352497100830033
0.21227325,18.556804330716652,0.4855858606336307,7.802092333333334,0.8783150533333334,0.2592705488204956,0.0065782070159912
0.19839492333333333,18.458074930029,0.4721432428291781,8.057262666666668,0.8697916333333334,0.27788546184698737,0.004218180974324501
0.23792323333333332,17.818111112718473,0.44951427304067176,8.58155,0.8155246666666667,0.2946882247924804,0.009768406550089467
0.22868939,18.48355413473867,0.4842902140376519,8.0545077,1.0057551766666668,0.29958446820576984,0.010275284449259433
0.16297502666666666,19.269387403999957,0.5114653508077628,8.3782908,0.9571588333333333,0.31191166241963697,0.006779670715332
0.18237771333333333,19.22031396537163,0.520796612632639,8.2011279,1.0794191766666665,0.30447305242220557,0.0072758197784423
0.30277763333333335,17.272006463037883,0.4925079281741051,7.6716134333333335,1.1255256333333332,0.34516270955403644,0.005606412887573233
0.18582088666666666,19.455221535387324,0.5190739391561604,7.7197138,0.9560141333333334,0.32393290599187213,0.0033675034840901664
0.2908414046666667,17.94343486652326,0.5137202492001528,7.516728833333334,0.8370091000000001,0.3162328203519185,0.010209004084269167
0.21165397333333333,20.001636893332847,0.5650058224474006,6.533265433333334,1.1185354866666666,0.30217316746711725,0.013121207555135067
0.54934899,17.757808622168756,0.5120661948109589,6.823812966666668,0.88058382,0.31477396686871845,0.013046662012735933
0.4216827,16.402025573406576,0.4956527241042024,7.6712521,1.1944504666666667,0.3146548767884572,0.005934158960978167
0.21241361333333333,19.225857761749808,0.5433474716658674,8.611975166666667,0.9167339999999999,0.312338391939799,0.0062154928843179994
0.3059605633333333,16.690233409306135,0.5056116890903307,8.598226133333334,0.8167197866666666,0.32280921936035156,0.0068974494934082
0.24770007333333335,16.962676323687905,0.5098892821067927,8.694173999999999,0.7370508633333334,0.31162310143311817,0.008802731831868435
0.18302158666666668,17.491000957754835,0.5069909226543627,9.007576333333335,0.7934727833333333,0.33656250437100727,0.008325894673665334
0.15218410999999998,18.0777107332184,0.5305775380865039,9.263786666666666,0.8516490666666666,0.35100881755352015,0.0084317525227864
0.23840063,16.493118145850794,0.45023424264281275,10.254508666666666,0.7453601000000001,0.3670182128747304,0.010679324467976833
0.20979541,17.145774477553864,0.4836250581936841,10.269634666666667,0.8889564366666667,0.344325323899587,0.009146849314371699
0.21853184999999997,17.035255197436992,0.47101308433270345,10.817034499999998,0.6413074966666666,0.3557795186837514,0.006820042928059867
0.19220313,18.303357562916656,0.526920670916505,10.199825333333335,0.8872946066666666,0.30063911279042554,0.008690595626831034
0.18888266333333334,18.500284147604436,0.528253988771591,9.014146666666667,0.8929185666666667,0.2777791122595468,0.011272033055623333
0.11781404866666667,20.419609142504108,0.5764057847403884,7.9288713333333325,0.8387431,0.2550647258758545,0.006854772567749
0.2312246,17.997214648607258,0.5011838898458373,8.415335666666667,0.8135525666666666,0.2921302517255147,0.008364756902058899
0.12459785333333334,21.297110482202566,0.601490535465181,7.466328699999999,0.926221,0.21626004079977668,0.010104894638061501
0.25250918666666666,17.800467721502702,0.48580488014072126,8.967095666666667,0.7555303866666666,0.3410760462284088,0.008106072743733666
0.129486669,20.74968609610577,0.5674838241168758,8.557130233333334,0.8174472000000002,0.30874761939048767,0.007912317911783798
0.18215657,18.84566278870808,0.531523192378032,8.1675656,0.9367794666666667,0.27153531710306805,0.009094079335530567
0.22106316,18.302600818642755,0.515102020344176,8.030584466666667,0.7822075000000001,0.2978748579819997,0.0112231572469075
0.68523077,21.448784954081045,0.5442147129690221,5.255749633333333,1.0936333866666665,0.23590250809987387,0.018402814865112267
0.22852944333333336,26.211726606869274,0.7222166964388673,4.588447266666667,1.5975396333333334,0.20845804611841837,0.007843573888142866
0.27960267333333333,26.817240765874107,0.6716396989946275,5.4138349,1.10057998,0.28150475025176996,0.0080626805623372
0.23822348000000002,27.426435110570775,0.722194856484605,4.4175824666666665,1.1795859333333334,0.19523368279139197,0.008658885955810535
0.23758795333333335,25.24133672734753,0.6701563622898957,5.134591,1.2474163833333334,0.2215725580851237,0.010700861612955699
0.4698177133333334,22.137619656438023,0.608482614317217,5.9109527333333345,1.61617462,0.26710058252016705,0.010545253753662033
0.37491738833333327,23.48370404585023,0.6340583501295561,4.887716733333334,1.2237155433333333,0.19956438740094498,0.0203034083048502
0.12750507533333333,22.87848046309715,0.6436641004444433,6.557668700000001,0.7995368833333334,0.24840768675009406,0.007508198420206666
0.20889008333333334,20.74338037646415,0.5903845166419752,6.246907066666666,1.0606883866666668,0.25125625729560846,0.0035286744435628
0.13688663,22.683932270282725,0.637152570682863,6.868086333333333,0.8284474833333334,0.26374585429827363,0.009753147761026966
0.22679014666666666,21.884451560174913,0.6187241449473738,6.610192333333333,1.0960265266666667,0.26436992486317945,0.005393346150716133
0.3365793466666667,20.477411684819348,0.565557615836359,6.521506666666667,1.2048079666666667,0.26846466461817414,0.0068163077036539664
0.25636482666666666,21.711578490967124,0.5813117541557457,6.866675400000001,1.0989799333333334,0.2765163282553355,0.006678024927775034
0.24994314799999998,21.298486410955864,0.5919951445722811,7.541214933333333,1.1024474533333333,0.24767822027206418,0.004696210225423166
0.5245390566666667,21.04970332358806,0.553156142859423,7.706506,1.3680937,0.323196142911911,0.0085939566294352
0.13942368666666669,22.51700727011367,0.589645130806003,8.258006333333334,0.8910924800000001,0.2686794350544612,0.009669860204060833
0.23950802000000002,22.740582795053275,0.6157393439581983,6.9129192999999995,1.3427064,0.2653953731060028,0.005896250406901
0.22121987,20.47199627166471,0.5731752677269238,8.244769566666667,0.9145213000000001,0.23504485686620072,0.006704568862915
0.9311983666666667,18.026913474892098,0.4961255302058521,8.110455666666667,1.1637907666666667,0.31721552709738404,0.008064508438110301
0.4310816066666667,20.01986675298045,0.5743642868136759,6.576898266666666,1.6986878,0.27713405589262646,0.010712146759033167
0.5607423966666666,20.260846314624803,0.5493551536228508,6.3496317,1.6625689333333333,0.3018881281216939,0.009394804636637333
0.26094976,20.918564643651493,0.5688729665939559,7.470071533333333,1.3420586333333333,0.25432174901167554,0.006927172342936167
0.41235634333333343,19.227432675918102,0.5463158249339636,7.218046,1.5058883333333333,0.2704259802897771,0.0064872105916340675
0.4812962333333333,19.77439596177471,0.5253021705152521,8.546853466666667,1.1566612,0.30158556004365283,0.0099982420603434
0.13485410133333334,20.336384419567228,0.5098372673573922,10.757683666666665,0.8789927133333334,0.31653977433840436,0.00809113184611
0.17926137666666667,20.445041429791335,0.5433730038698276,8.336214,1.1267025133333333,0.29160410165786743,0.008746623992919866
0.200601511,20.7477561720501,0.568610447472038,7.739088,1.1680569433333334,0.279961700240771,0.010908444722493466
0.09506843733333332,21.57092792935279,0.5570255180642713,8.345274433333332,0.9245246866666667,0.2892856498559316,0.009165366490681899
0.31872601333333334,18.137024216897924,0.5171065940862258,7.4600361,1.3058172566666668,0.3081405560175578,0.0091763337453206
0.14789470000000002,20.066365631348052,0.533516450687647,7.624512800000001,0.8907386100000001,0.31033624211947125,0.008943637212117467
0.12358431833333333,23.0034799691967,0.666982197798931,5.679695966666666,1.0994395666666665,0.24876391887664792,0.0048375129699707005
0.11083833,21.236045904888055,0.6005581731985657,6.802809633333333,0.9021203,0.2708432525396347,0.006743033727010067
0.11013197133333334,18.20687799349197,0.5047874027126631,9.470758,0.5426856166666666,0.30310038725535077,0.008254925409952768
0.7972220533333333,21.64141989589459,0.5881107064325366,6.077865966666667,1.5712478333333333,0.22332282861073813,0.006881952285766567
0.5513982933333333,22.826423571447844,0.6483974104322244,5.5703802,1.9860076666666666,0.22410004834334055,0.008665482203165634
0.4579982816666666,21.298229926097324,0.5743571282972217,6.467466866666666,1.5413762833333333,0.2685336371262868,0.006923913955688466
0.14767735,22.969565060639322,0.6077293457980852,9.069254,1.2785253666666667,0.27649601797262824,0.0120645364125569
0.5047545733333333,18.001324275260504,0.5005090877960073,9.588857666666668,1.6475851666666668,0.327443520228068,0.0048754215240478
0.44910878,19.683334489017323,0.5410063281810655,8.029206533333333,1.3368884,0.2902600367863973,0.0068229834238688
0.6361164033333333,18.1019812228701,0.5145249612015422,7.910146999999999,1.8275771,0.34172743062178296,0.008971134821573834
0.3131595266666667,20.421825844870924,0.5693960395828759,7.137455,1.3612812666666667,0.2693107525507608,0.0034271876017252334
0.2034327433333333,22.049710280554887,0.5991489858203197,7.427483,1.2072691333333332,0.30145301421483356,0.0074952443440755
0.3032752633333333,18.664123605605777,0.514586547282809,7.304403866666667,1.09117395,0.2865832845369975,0.0048871835072835
0.17995933666666666,20.90970264745873,0.5708942756673209,7.615401899999999,0.8772645666666667,0.2974387208620707,0.0034405390421549335
0.26375368,19.365857477718873,0.566342193637683,7.881271833333333,0.8511636333333333,0.3144939144452413,0.007582743962605734
0.22291735666666668,20.325451746322987,0.5400098144517291,8.080943833333334,0.8385856199999999,0.3190561930338542,0.006117105484008767
0.17715826666666667,20.913819007544358,0.5804629070444808,8.341411333333333,0.8147983499999999,0.285282810529073,0.006004254023234033
0.1792129,21.325597164648507,0.6031396529811096,8.637423833333331,0.9577364866666667,0.2914232710997264,0.009869337081909133
0.18854997466666668,21.357742713609312,0.5534611283320316,9.392352666666666,0.9416330666666667,0.32624168197313946,0.006146589914957666
0.22715387333333337,20.343099409752572,0.5445701982170535,10.1889215,0.9688346133333333,0.3631643255551656,0.007204532623290999
0.22367769999999998,20.635029960892798,0.5461790721589029,8.985050666666666,0.9481809333333334,0.3232986281315486,0.0034388701121012334
0.16924032666666666,21.366528139985174,0.5238929036643111,9.511574333333334,0.9962936833333332,0.3615398605664571,0.0033812522888183334
0.23839116000000002,20.33201351919656,0.5136577159969162,9.928274333333334,0.90691328,0.35769225160280865,0.0128053029378255
0.15479558333333332,22.61689452943223,0.553499832767669,9.377409,0.9202722,0.3335294922192891,0.005776166915893534
0.22579038199999998,22.292322803697328,0.5387538434130467,8.887876666666665,0.9706176666666666,0.35804954171180725,0.009235938390096001
0.61035754,19.52644766326399,0.5274956200618767,7.558407233333334,1.9172129333333332,0.37365132570266724,0.006624857584635367
0.5885921466666667,19.04508799095382,0.514994947636264,7.6403824333333334,1.6517126333333334,0.3410869836807251,0.013799667358398366
0.6889976866666667,18.74479602571464,0.5039417531632393,8.133007433333333,1.4619205666666666,0.37923986713091534,0.006930748621622701
0.8491763433333333,17.22557754757699,0.462892184313539,8.236582133333334,1.7267951000000001,0.36903175711631775,0.009499708811442032
0.23541001333333333,19.627365899811235,0.5299916459288317,9.47358,1.0557438333333333,0.30635136365890503,0.005431811014811167
0.20745973333333334,20.447220958154613,0.5213181038393132,9.419296000000001,0.8726687833333333,0.31156812111536664,0.008927265803019167
0.2961264466666667,18.901102470531495,0.49742295879427045,9.156164833333333,0.8948212166666667,0.33903853098551434,0.008527040481567367
0.7732624733333333,17.59581831414528,0.5102144084879545,7.282110899999999,1.8234081766666668,0.32506969571113586,0.006722211837768534
0.5914425066666668,20.696694724695874,0.5689345358209273,6.659062,1.5977825466666664,0.3188059429327647,0.009695688883463501
0.19972519133333333,19.959072686848874,0.5233680619249713,8.588543,1.2800192333333333,0.3589103122552236,0.00758957862854
0.12810456133333334,20.038408481240637,0.5062993099308889,11.159149666666666,0.8665029299999999,0.3244517147541046,0.0059328079223632665
0.07890098,22.887073135948643,0.5810530778780779,8.325253166666668,0.8379035133333333,0.3109159270922343,0.012588580449422168
0.4213431633333333,17.599449079462275,0.5036793084330534,9.048852666666667,1.0596520166666668,0.3744719127813975,0.008637269337971966
0.18552781999999998,18.68886195571046,0.5283005094940982,8.614211,0.8944498799999999,0.3232036828994751,0.003499507904052733
0.34345906333333337,15.326488352352092,0.4051162502686519,24.50196533333333,0.8594702866666667,0.5267132520675659,0.011410554250081334
0.4682774966666667,23.180814362299838,0.6053609151928816,5.7179465333333335,1.3810859000000002,0.27978313962618506,0.006768941879272433
0.27372215,23.00720551407177,0.6104496913101728,7.255725033333333,1.1139512333333335,0.30681678652763367,0.009061177571614567
0.2898226033333333,23.60596939496283,0.61856609247786,5.659763333333334,0.92327912,0.21720391511917111,0.009401957194010366
0.20369006666666667,21.61216057622475,0.5843484348624587,6.2215254,0.7882088333333334,0.22367276251316062,0.005171060562133767
0.1869570266666667,19.646133112795592,0.5540736225365297,7.613529466666667,0.6028182333333333,0.2445563773314158,0.0054813226064046
0.22653352666666668,20.02696244397328,0.5302814760948182,7.106514799999999,0.9479892133333333,0.2554600338141123,0.011474847793579065
0.13642761666666667,20.49051569258084,0.5701680790759247,8.854546000000001,0.8001146766666668,0.25397143761316937,0.008916219075520801
0.12259163666666667,19.45557937878192,0.5948913133434456,9.018425666666666,0.76788782,0.24777883291244507,0.009184678395589167
0.16828461333333333,17.066393127504888,0.5877452973732852,9.443652666666667,0.6534678833333333,0.30306704839070636,0.008881568908691366
0.23888254666666667,16.368993315056702,0.48237829032955815,9.828598,1.353901933333333,0.33668303489685053,0.0093895594278971
0.12948878,19.21589851916085,0.5497843314945595,10.360954333333334,1.0733799666666668,0.2935269872347514,0.008032957712809234
0.13954683999999998,18.075228380207253,0.5480023390731895,9.982635,1.0671619,0.2742773393789926,0.0034205118815104
0.11262618466666667,19.0475652680382,0.4932545974255175,11.15622,0.6207952833333333,0.3541531761487325,0.009460449218749967
0.09754028199999999,20.275718799276042,0.5829014477295993,10.077175333333335,1.0850735666666667,0.26526544988155365,0.013517618179321234
0.09048086,19.71818451364241,0.5588544009487983,10.642496,0.9126856466666666,0.27622778216997784,0.009564558664957666
0.13353961666666667,19.934517522235115,0.5827042101518164,8.470241833333334,1.1695085566666668,0.2833427488803863,0.010294437408447233
0.23239153666666668,18.176288694492566,0.5399647617352239,8.396973766666667,1.2121693666666666,0.30714156726996106,0.009660323460896765
0.25242933,18.143129393825806,0.5207666807711829,8.003051033333334,1.1539619666666667,0.3345552980899811,0.009351253509521434
0.3312252766666666,17.376547795164758,0.5022845168473736,8.183040666666667,1.1273107,0.34638720750808716,0.006764332453409801
0.19446862,19.363403828901554,0.5246298269123869,8.400319666666666,0.77009512,0.34943527976671845,0.0035256544748942
0.29223480333333335,17.785135763733393,0.5055093268051146,7.6280258000000005,0.82861399,0.3372969428698222,0.013701677322387668
0.21769271333333332,18.627750770935748,0.49226629002926686,8.379936333333333,0.8320638966666666,0.36627248922983807,0.0068891048431396
0.21643282666666666,19.080402164997892,0.4985275512610037,8.322428233333333,0.82260889,0.3593071699142456,0.006845076878865534
0.09328240466666667,22.811878122767165,0.575346416826401,7.3225628,0.9329203133333334,0.347014586130778,0.006262779235839833
0.23392462666666666,19.668525643627124,0.5397414775603372,6.767558333333334,1.0418380999999999,0.3753652671972911,0.0078531106313069
0.18491689666666666,20.921967600654032,0.5908935805246868,6.210613833333333,1.1162601666666667,0.35115134716033936,0.0087984402974446
0.50893692,16.799744305628046,0.5195053000007945,6.5706478666666674,1.2176232333333332,0.36262038350105286,0.008373339970906533
0.2341947,18.995067194949907,0.5636135313198481,7.396949233333333,1.2068855,0.3035982549190521,0.004925012588500933
0.17915408666666668,17.481559991022888,0.5169598008404448,9.453747333333332,0.9196807900000001,0.33073593179384864,0.008904139200846333
0.10894683999999999,19.00757307293292,0.5716717298123931,9.539719333333332,0.8416877666666666,0.25489283601442964,0.010500033696492467
0.11427148333333333,18.797654409105306,0.5388489609375426,10.1027165,0.8419443333333332,0.27664915720621747,0.0068074862162272
0.14470522133333333,17.97305072414088,0.5216207521695218,9.455275333333333,0.8519192000000001,0.28860178589820856,0.010566314061482666
0.874709052,13.491119220917945,0.329146916513599,26.473303666666666,0.45709753,0.5658650398254395,0.008743286132812467
0.19666067333333334,27.797158847538608,0.7219700840963142,5.350602599999999,1.1894205,0.21549550195535025,0.009495258331298766
0.33168167466666665,24.169291365221966,0.6501967929799414,4.901377833333334,1.2320172866666665,0.19321746130784348,0.009168783823649067
0.17886889000000003,24.142912733120465,0.6901225132104662,5.464723366666667,1.1752441666666666,0.21770393848419187,0.011633396148681599
0.38698709000000003,19.534928365900914,0.5322160803465105,6.6455361,1.2193048666666666,0.25423635542392725,0.008850018183390235
0.18408647,20.85774112079206,0.5609324072498953,8.770718566666666,0.8316077566666666,0.22234312196572617,0.0072039763132731
0.19393770333333335,19.962866441225014,0.5722775983128647,9.792328333333334,0.9379919833333333,0.23157652715841928,0.0091305573781331
0.22142563333333332,19.55937283844035,0.5295293105915174,9.026623333333335,0.8525792766666668,0.19791390001773834,0.011337757110595667
0.12097301666666666,21.553887130917442,0.6372269582930691,8.970489033333333,0.8466745666666666,0.24728600680828094,0.010984500249226833
0.25492337000000004,19.921982421386048,0.5967858091517679,6.9256888000000005,1.3420781866666667,0.20766729116439817,0.010251522064208965
0.15825151333333334,21.06537385509085,0.5939129479720439,7.445930566666667,1.0764197666666666,0.23077769577503196,0.0113441149393717
0.36285589,18.033495743114358,0.5060974160699875,8.078538666666667,1.1739221333333332,0.29964929322401673,0.011387030283610001
0.20915784,19.337227418839607,0.5079548350275309,9.035980333333333,0.9764916866666667,0.3263011574745178,0.0068082809448242005
0.1263590933333333,21.164939459891507,0.6013829640376794,8.504366499999998,1.1020796466666667,0.28599050641059875,0.009429772694905567
0.2538111966666667,17.7625176283004,0.533767980604679,9.475829333333332,1.07760188,0.29930800199508667,0.007157405217488567
0.08990816666666666,21.353336219197725,0.5711364442328905,10.0224,0.8183562833333333,0.28790970146656036,0.010117769241332968
0.130997848,19.562897698789367,0.5467632828888062,10.259649000000001,0.9884018,0.31932105620702106,0.0120903650919596
0.15513649999999998,18.588338437957482,0.514949173646042,10.982964333333333,0.9361313866666666,0.31758060057957965,0.009637196858723933
0.12229478333333332,19.41017869593728,0.5250659410529908,11.232933000000001,0.9751576000000002,0.3309982518355052,0.010201930999755799
0.15468069,18.432835996924595,0.493291816562965,11.686759333333333,0.9066745333333334,0.35594327251116437,0.008895556131998666
0.30686802666666674,17.315041025541532,0.5094580042921816,10.51835,1.2304967199999999,0.34913210074106854,0.007259925206502233
0.15102106966666667,18.551542065580747,0.5133259445430797,11.386771000000001,0.86310369,0.32598520318667096,0.0068385601043701
0.187090412,17.50484147319877,0.5059668025044718,11.135081,0.81626911,0.31844088435173035,0.007080952326456666
0.13268176,18.97557664492343,0.5214490187809325,11.053826333333333,0.9763948533333333,0.3292217055956523,0.004846572875976534
0.18017387333333335,17.750862740220537,0.5032490567350604,10.392032,0.7363278266666667,0.3130313704411189,0.0087784926096598
0.28047131666666664,16.47455066001001,0.4754327924059661,9.710300666666667,0.9225043999999999,0.38167839248975116,0.009200890858968067
0.22484892,18.825482045333995,0.5301225508469186,8.063388833333333,1.0364688666666666,0.3425820271174113,0.012267827987670834
0.2514424766666667,19.093829259083652,0.5659836342992407,7.373183533333333,1.3378214433333333,0.3277036448319753,0.006808916727701766
0.19842609333333336,20.14469764230994,0.5701981878843853,7.524326133333333,1.0726403500000001,0.29318290452162415,0.0074315071105956676
0.4353105533333334,17.63020415093403,0.5271819576696535,7.180163433333334,1.1232439333333333,0.2960371226072311,0.006011088689168266
0.29712062,19.04467326754834,0.5411766042343594,7.4997335000000005,0.9471022133333333,0.2917161782582601,0.006834348042805967
0.24894741666666667,19.55725319634602,0.55235042369104,6.877058333333333,0.9102509666666667,0.28827427824338275,0.008784770965576132
0.30005415999999996,18.500267997090585,0.547111297066161,7.032111466666667,1.0968838866666666,0.2707745631535848,0.0034244855244954333
0.4648477,18.438173497906423,0.5152447095843328,7.837964166666667,1.2931911333333332,0.28430209557215375,0.0068097114562988
0.40922544666666666,18.543329923924553,0.5236427067351815,6.572344966666666,1.0092153466666667,0.28185106813907623,0.012316226959228432
0.42619297333333334,14.601157204636445,0.33418852812294514,32.571252,0.36773098,0.5108736753463745,0.0088830788930257
0.3141138266666667,18.95784682885905,0.4208233385394462,15.901069000000001,0.9766608866666667,0.5096080700556437,0.005004644393920866
0.22144825,24.62229941064975,0.5677594978002966,9.219685333333333,1.5374364533333331,0.35783109068870544,0.008012374242146765
0.4252469613333334,20.341802213585495,0.49134018043627364,10.441302333333333,1.2697412000000001,0.3827584286530812,0.0075859228769938
0.16159825666666666,22.354907918537393,0.4696107460284751,12.977119166666666,0.7791191266666667,0.41728612780570984,0.007155656814575167
0.20873537666666667,21.915756126490763,0.5032722403022906,12.319779666666667,0.9224873200000001,0.3546467026074727,0.0067567825317382665
0.40324982666666664,21.318199889838855,0.48807930402170685,12.092825499999998,0.8171169333333334,0.3759230077266693,0.007990996042887333
0.30832539999999997,21.503057852074335,0.48511834823403,12.328227,0.8968765599999999,0.37956751386324566,0.006179571151733366
0.20596709333333332,22.046333460627107,0.5372608799734825,9.975817999999999,1.0640407466666666,0.3239584664503733,0.012499094009399333
0.15417225999999998,21.921945222341122,0.5297135020082618,11.060180666666668,0.7945186,0.33478901783625287,0.006890853246053034
0.13190552333333333,21.25089310067235,0.5110983974568915,12.879611833333334,0.8990170333333333,0.3564620812733968,0.006756941477457666
0.15692265333333333,21.310670441398376,0.5017237979591745,12.518322333333332,0.9738791,0.3228287696838379,0.006768623987833633
0.17051213666666665,20.73070226801188,0.5079514637634716,13.038627333333332,0.8790236533333333,0.3080275853474934,0.005000988642374633
0.2498329566666667,20.64884582595413,0.4705282468739617,11.737184833333336,0.8539601666666666,0.3527817924817403,0.0081059137980143
0.16724332666666666,21.085746345579853,0.4820571203091724,11.875754333333333,0.8918289000000001,0.38321752349535626,0.010717074076334565
0.14479321133333334,21.7220273745772,0.49793537974338203,12.601116333333332,0.8849768666666665,0.3348274926344554,0.003466526667277
0.11264693866666668,23.589469846074042,0.5472147258859835,10.775455333333333,0.8190477833333333,0.29483885566393536,0.008293231328328434
0.18874479866666663,22.16550313321615,0.5296630735635517,10.239798,0.8955862333333333,0.33322673042615253,0.006797552108764601
0.20217499000000003,23.152220525582567,0.5664156685521675,8.9338045,1.0551736,0.2877066930135091,0.010808149973551368
0.12838214,22.22470911238715,0.5227631210592176,11.772360999999998,0.7856936166666667,0.3197869161764781,0.008801221847534133
0.13787419666666667,23.262796410236486,0.5410400032425634,10.590991,0.7997501333333333,0.31846872965494794,0.008144934972127234
0.10576679,23.80164965276749,0.5475036186674465,11.331318666666666,0.6349864866666667,0.3066351960102716,0.006737788518269834
0.15747002666666668,22.73407158393931,0.5393005610979019,11.042992,0.756388,0.2944637288649877,0.0041094621022542
0.2144077533333333,22.162625794227797,0.5272418570247426,9.741689666666668,1.0047000866666667,0.3485311071077983,0.003386338551839167
0.11618718,23.536562268090474,0.5646063593626374,9.973666999999999,0.8098903333333333,0.314631183942159,0.009516159693399999
0.108915038,23.159388450643863,0.536251648114551,10.976365000000001,0.8912387866666668,0.3325922091801961,0.0108287334442138
0.11696315333333333,23.814825052833744,0.5659244633950659,9.429777333333332,0.7662001166666667,0.30916515986124676,0.0068373680114746
0.1642363933333333,23.709222000498272,0.5747839357794051,7.624705800000001,1.0485202666666666,0.34951910376548767,0.0034983158111572
0.6573127533333333,21.330476637192017,0.5217846473984383,7.812159233333333,1.5027565333333335,0.3906710743904114,0.006732781728108699
0.7065866733333334,20.049063162544332,0.49241042781411676,8.758510666666666,1.08603265,0.4012993772824605,0.010769208272298167
0.21839247200000003,20.985483223125463,0.494306229962634,9.998481,1.0693565,0.3855099181334178,0.009966929753621399
0.07017813666666667,23.03593507483731,0.5403103646281524,10.139770166666667,0.9059061,0.33771777153015137,0.010083039601643867
0.05266631233333333,24.117011991838258,0.5547696391841189,10.729430333333333,0.7586166933333334,0.3274535934130351,0.0076169172922769665
0.6147481646666666,19.310375344186877,0.5313586046602264,6.691842266666666,1.5271582166666666,0.3665746053059895,0.0086432298024495
0.10717501,17.93037080504,0.36451626313906743,31.681509666666667,0.46497683333333334,0.49810539682706195,0.008957862854003866
0.64659859,24.417780335511356,0.6297151909109265,4.594168766666667,1.391539843333333,0.21359976629416147,0.0033690929412841662
0.20658853666666666,25.497007944415703,0.7269467141291336,4.788784799999999,1.4337411,0.17810806135336554,0.0136342048645019
0.3207124766666667,22.203579599892734,0.6044272466440298,5.9656747999999995,1.2179514333333332,0.2185244113206863,0.0106594562530517
0.3340636166666667,20.946775944848458,0.5788261115894321,7.1428321,1.0092233666666666,0.2026170988877614,0.0068898995717366325
0.24111313,19.75825888816749,0.5521302246450267,8.900956466666665,1.0898924333333333,0.28003972768783564,0.0075112978617349994
0.2626640633333333,18.34600975964769,0.5317008901244248,10.634323,1.0046406333333333,0.31632262965043384,0.0069359938303629335
0.12899652666666664,20.77188814318361,0.6481431692028363,10.448738,1.0164000666666666,0.24415204425652823,0.0065251986185709
0.19636941666666666,19.256272591745645,0.5620755641127634,9.094230833333333,0.88980962,0.2279346684614817,0.0034041404724121003
0.12232478000000001,20.797311699683878,0.5986312273112182,8.968589666666666,0.8195381333333334,0.21430342396100358,0.0068310101826985666
0.13651509,20.148394507994762,0.5856589451342434,10.647966666666667,0.9387369266666666,0.25863086183865863,0.009376049041748033
0.17716126666666665,18.850226342196915,0.5682019641520516,10.205996333333333,1.1269729,0.26353443165620166,0.008717775344848567
0.16323456133333333,19.125368821237874,0.5578689786769941,10.298571666666668,1.1605796999999998,0.2623443404833475,0.010190248489379834
0.16222682666666666,18.37548965860238,0.4979789554619893,10.921320333333334,0.89173669,0.30388625462849933,0.0084109306335449
0.14834611,19.23541937132976,0.5379264329927085,10.040956333333332,1.0693913166666666,0.28696831067403156,0.011021296183268166
0.14928540999999998,19.391381214493872,0.5339117474321474,9.570803666666668,1.03207545,0.29477454721927643,0.0109530289967854
0.226319712,18.12361121625153,0.5224883735710496,9.913053666666668,1.2435010233333335,0.32296595474084216,0.007209936777750632
0.161102362,18.739175520413735,0.5088257217898239,10.243753500000002,0.9867771333333333,0.32385124762852985,0.010550657908121734
0.17197453333333335,19.006911578666266,0.5237239633936316,9.694822666666667,0.9403369833333333,0.31671810150146484,0.0034763018290201665
0.2872504966666667,17.644283254557614,0.4911289102617755,10.216019666666666,1.1607470333333334,0.33772390087445575,0.0049691200256347335
0.2911532966666666,17.22485160755926,0.49489984533254083,10.583155,1.2361220566666666,0.333138441046079,0.008441209793090767
0.17423384666666666,18.694945990216848,0.5207166100848665,11.664176,1.0122894333333334,0.3108619550863902,0.009895404179890934
0.21963144666666667,18.506635830722885,0.5236283306666315,10.245856666666667,1.1056904,0.3044912815093994,0.008083422978719034
0.20196154666666666,18.18079064295112,0.4989196050918671,10.599155666666666,0.7665343633333334,0.3113968273003896,0.008211056391398066
0.18891614666666667,19.01278738277385,0.5328091008074926,9.695138166666668,0.8346475333333334,0.3107732633749643,0.010234196980794266
0.2283322383333333,18.695395028268088,0.5048460270899445,10.521377166666667,0.8530327066666666,0.3468485673268636,0.0056327978769938
0.13570127666666668,20.919748280821732,0.5879028862142041,8.957298,0.9200341266666667,0.24716071287790933,0.0068520704905192
0.19321451,20.76289335958467,0.5896819367970267,8.477132766666667,1.0648514,0.24889775613943732,0.0058146317799885995
0.24176455666666666,19.332764542913548,0.5564730723357765,8.389949,1.1424186666666667,0.25261002282301576,0.0076150099436442
0.27194838,19.06552938506425,0.5677159420834929,8.0361072,1.243949,0.26471439003944397,0.0045208136240641
0.13211287000000002,21.48401882817505,0.625802594006615,8.083575166666666,1.0894769333333334,0.23899700740973154,0.008666515350341767
0.178302378,20.863507097410793,0.6023382963776535,7.724112666666667,0.9031037333333334,0.26025914152463275,0.006847858428955067
0.13541046333333331,21.51757081212199,0.6302125273782179,7.043661499999999,0.97932809,0.220854381720225,0.010207970937093067
0.21089162000000003,19.58950885056159,0.584051735371115,7.041058033333333,1.1375782666666667,0.2427016645669937,0.0100011030832926
0.15651498,21.25698067051569,0.6213848479772753,6.7536418000000005,1.0744565666666668,0.23645653824011484,0.005454619725545233
0.110784035,21.649688604212518,0.6538661857816783,6.478179466666667,0.9724166899999999,0.2078571766614913,0.0033971468607584335
0.7831206133333334,21.474542989099007,0.5721759979726869,5.561689133333334,1.5850985333333334,0.2430492639541626,0.008316437403360967
0.20061483666666666,22.621982788998483,0.6344737301176183,6.909619866666667,1.4292669333333334,0.2730473826328913,0.007845560709635368
0.26298923133333335,21.354222856605897,0.57318438464872,7.582961866666667,1.3614421333333333,0.268086110552152,0.008601983388264933
0.3703633466666667,18.711777435880375,0.5088440295031763,8.057103566666667,1.1436611,0.26762693126996356,0.011682907740275033
0.18098722999999997,21.49010267587278,0.5678149075096028,8.4891627,1.1768402666666666,0.3101354241371155,0.006926377614339167
0.16541225,20.923688131118734,0.5532440653008704,9.782863666666666,0.9612117200000001,0.34256752332051593,0.011993408203124932
0.22991131666666664,21.855376002807116,0.6090071347154776,6.953164,1.2869890333333334,0.2269342839717865,0.008743842442830366
0.24243451333333332,20.78747064000797,0.5607605183545769,7.9674043333333335,1.1034644866666667,0.27997775872548414,0.0088546276092529
0.22327467866666664,22.707642346877453,0.6518416643966659,5.485025266666667,1.1935755333333333,0.2408935874700546,0.004378954569498667
0.19103794666666665,24.252669336210644,0.6687626130833996,5.548272,1.04826475,0.260625864068667,0.0049920876820882
0.55205263,21.28440391006588,0.5377922078070606,5.3364120999999995,1.3417639666666668,0.2888250450293223,0.007990996042887333
0.3588383500000001,22.618683842720532,0.616240135667639,5.0088436,1.3432998666666667,0.2686817596356074,0.010307868321736633
0.35763733000000003,22.646257651130757,0.5932813857595244,5.769727466666667,0.9757880666666665,0.2738086134195328,0.0069942474365234
0.17170103,24.91570560560245,0.6395704538366385,6.224753733333333,1.0036607666666668,0.27480956912040705,0.010600328445434534
0.26534122,23.804290067915815,0.630131872951396,6.234382266666667,1.12285255,0.2840358018875122,0.008925596872965466
0.4713242233333334,20.63412276791922,0.5663120895536525,7.1288537666666665,1.5693934333333335,0.3417072693506877,0.004991610844929967
0.342002,20.60999821970535,0.5664389759916241,7.5222785666666665,1.1642017666666666,0.2866979042689005,0.009151697158813433
0.6927497033333334,19.727552543895285,0.5278347188352189,8.132649366666667,1.2076265333333334,0.33383069435755414,0.0088996092478434
0.26767142000000005,21.672829086624944,0.5735715425407936,7.6597151,0.9349042,0.29075206319491065,0.0103992621103922
0.23984640666666665,22.827462766110198,0.5960023684662471,7.342726466666666,0.8563036533333332,0.2931572000185649,0.0062159697214762
0.44986158666666665,20.889445363725997,0.5623427697439779,6.9643313000000004,0.9834215500000001,0.2822570006052653,0.008441050847371368
0.5367344686666666,22.423765382533315,0.5869700518789313,7.339912633333334,0.9531424,0.31201234956582385,0.013597965240478467
0.4410297633333333,21.3900338420102,0.5636374227452817,7.1992363,1.1795321466666666,0.2882414559523265,0.012352148691813133
0.18250603333333335,24.578070657718456,0.6282856278983179,7.508742499999999,0.8999120866666667,0.29538581768671673,0.003493785858154267
0.263931292,22.867923594162647,0.5987747663078727,7.855142433333334,1.0250129666666667,0.2798844873905182,0.006789207458496067
0.157050165,23.29352489450459,0.5842506165370375,8.3833535,0.8900878133333334,0.30057308077812195,0.0107498168945312
0.20522067833333335,21.79753659560592,0.5839807907721442,8.2688219,0.9081423033333333,0.2844315816958745,0.009581724802652932
0.203368078,21.543546451772254,0.548659555803715,9.041138666666667,1.02542591,0.3513811528682709,0.0083199342091878
0.106971945,22.921919738695134,0.5634254007180165,9.391299666666667,0.8509011333333333,0.3123985528945923,0.0068665345509847
0.10463973833333333,21.8493745511614,0.5401480806163746,9.736927833333334,0.8668532033333333,0.29963674147923786,0.007935523986816366
0.12876834666666667,21.032054237673353,0.5425674565561845,8.775515333333333,0.91813205,0.3162456154823303,0.006816148757934567
0.09325844999999999,21.450623754874698,0.5370181852605788,9.013527999999999,0.8527389833333333,0.30712172389030457,0.009139060974121066
0.274616488,19.7960586623647,0.5710369846040707,7.359441400000001,1.0231161566666667,0.3638516366481781,0.0043114821116129335
0.19639633200000003,22.335893326443365,0.6223627694126993,6.114704733333333,1.1672457833333334,0.2946992516517639,0.008882999420165967
0.14441107066666667,21.979676481748346,0.5913858358132341,6.829412666666666,1.0151109533333333,0.2863766103982925,0.006190141042073533
0.08214379200000001,21.63169369941828,0.5949927346979096,7.6912792,0.8214992666666666,0.27904335657755536,0.006045182545979799
0.067110478,22.613002255942096,0.600365889701335,7.705437533333334,0.72888634,0.2603673636913299,0.007262388865152966
0.38090370999999995,15.232245890477126,0.38265472678477197,20.677096,1.1842903533333333,0.5045275191466013,0.004759391148885034
0.4233654466666666,25.18502203734688,0.6050407086362238,6.916523333333333,1.2841747000000001,0.24551842113335923,0.011689345041910734
0.5858388766666667,20.595985166495485,0.5755463178514786,5.479170633333333,1.6841519,0.26944418251514435,0.010467290878295865
0.44101798999999997,21.32371423754307,0.6286723942450435,5.461043166666666,1.9457164,0.22524917125701902,0.0066442489624022995
0.5046459799999999,19.914532374142997,0.5401259933994964,6.230852,1.4180914,0.2628483027219772,0.011876344680786065
0.5538542966666667,21.113259074091957,0.6337190532552864,5.652334566666667,2.1887692,0.2372140437364578,0.009661197662353469
0.30976733666666667,21.097960930419625,0.6224183293985553,6.661791,1.6201292333333333,0.23937979837258658,0.0034269491831461336
0.31855852,21.34146247163987,0.5982833149845646,7.062658933333334,1.1874992133333333,0.23016242186228433,0.0083186626434326
0.39757489,20.722217028099134,0.5628503517668603,7.634837999999999,1.2037255666666666,0.25127641856670374,0.008559068044026666
0.18633698666666665,22.37022107387392,0.6609871710839301,6.467507166666667,1.21537,0.21817564467589057,0.0064767996470133
0.26034988666666664,19.422999925925254,0.5270528619463383,6.984305233333333,0.8443776,0.27142811814943946,0.0078659057617187
0.23053261,19.913394842848486,0.530953605736915,7.050570833333333,0.9827723,0.2541159590085347,0.0067942142486572
0.25452487,21.449123471271502,0.6095690151103771,6.255786833333333,1.3345952666666667,0.2516866525014241,0.009337027867635066
0.24410725200000002,23.219192905262826,0.6364847125581149,5.8840631,0.9716579333333333,0.2777627905209859,0.006843090057372999
0.2790769,22.22219809704964,0.6011473740699614,6.164693033333333,1.25360295,0.30467978616555524,0.0068999926249186
0.26416259000000003,22.133496704561068,0.6145743587229212,6.230331333333333,1.12583258,0.26125286022822064,0.011025905609130799
0.29322788333333333,21.385150475144936,0.5948124388851563,6.3409464,1.2242674333333332,0.2757696757713954,0.0070595741271972335
0.24646307,21.80777957565788,0.5772099249964869,7.6896807,0.9308719666666668,0.26941829919815063,0.008174498875935833
0.3968424933333334,19.41027925012611,0.5304153033955684,8.119732533333334,1.2666483666666666,0.3208567102750142,0.007298072179158501
0.20747454666666668,21.64135837139894,0.5804753910414368,8.295955666666666,0.8769419533333332,0.28993529578049976,0.0091741879781087
0.3881988333333333,19.564862528705678,0.5402019590261272,8.117426166666666,1.0393052,0.29277987281481416,0.008121490478515599
0.3306267166666667,19.716169272225446,0.5577489063480164,7.6394181,1.3390498666666666,0.2726670205593109,0.0034146308898925664
0.42970310999999994,20.129577049777073,0.5251638658953061,7.988809333333332,1.08770621,0.32489631573359173,0.009780486424763967
0.30525557333333336,20.935670327147708,0.5646809809430761,8.112518999999999,1.2226410666666665,0.2726166894038518,0.006885846455891901
0.3464825633333333,18.739418096952843,0.5368824158312703,8.474597666666666,1.2312756333333332,0.2725987335046132,0.009842793146769134
0.25056217799999997,20.27169377726687,0.5111400947966153,11.025592000000001,0.9988028833333332,0.3420921365420024,0.0033683776855468668
0.25597625333333335,20.144141307570084,0.5537146647055045,8.22276,1.1715974133333333,0.285735289255778,0.006789445877075167
0.19826616333333336,19.32802087700659,0.5156019102056187,10.165408166666667,1.01963968,0.29819799462954205,0.0053445498148599994
0.26059927666666666,17.83311950718599,0.4494332818845752,12.0493315,1.0123168333333332,0.33590562144915265,0.0095280011494954
0.6554727233333333,15.989500897041594,0.4340420327688455,9.730547,1.4373362133333334,0.363762507836024,0.0034499963124593
0.16061433333333333,19.53783578744166,0.5173418763168822,9.983360333333332,1.0138082333333334,0.33026052514712007,0.0067918300628662005
0.23134874333333336,17.738390190041475,0.5027449804142141,9.221936999999999,1.1547797,0.3067355255285899,0.008923927942911766
0.09762633333333333,19.93964849997099,0.5162668773295498,10.095620000000002,0.8672775966666667,0.32490831613540644,0.005136569341023733
0.17389900466666666,18.57869792048451,0.5195988691587169,8.811968333333335,1.2745520000000001,0.3229847351710001,0.010208606719970667
0.40834537,19.816190071845025,0.5474405165189455,6.856099099999999,1.3302927766666666,0.3467523008584976,0.010157982508341433
0.17333812,18.202791475695435,0.4788679401769404,9.006921333333333,0.9568460766666665,0.40825871626536053,0.003443956375122067
0.14588419,19.20581115798681,0.5449228797519391,7.909187,1.1814258999999998,0.3058184484640757,0.006981054941813134
0.090495105,20.849211103745095,0.5347414540470622,8.331237166666666,0.8999536466666668,0.27620293200016016,0.0067763328552246
0.09227817,18.25063039035352,0.4151035540392251,30.309084333333335,0.43819040000000004,0.4297897517681122,0.01120011011759437
0.6062685816666666,19.869820842237463,0.4595254150470587,12.205247666666665,1.3404645266666666,0.4604016939798991,0.006910085678100566
0.19893463333333336,23.66815457288214,0.5536278664488922,8.987398666666666,1.2415243333333335,0.34404365221659344,0.004340330759684233
0.1751249066666667,23.05993301722481,0.564549032713907,9.100946,1.2521014666666666,0.3188120822111766,0.0068253676096598
0.143265728,23.839830865011283,0.5839969082252786,8.583751333333332,0.9251591533333334,0.3149752616882324,0.014534393946329735
0.28197062666666667,23.02568197564118,0.6259645900265542,6.494789966666667,1.3131838333333332,0.26382513344287867,0.0033785502115885337
0.18281966333333335,22.58237481372542,0.6087063298895442,6.187238166666667,1.0701702,0.2441944281260172,0.0079391797383626
0.15956303666666669,20.08813563782769,0.582314649597767,6.7574684000000005,0.7277494533333333,0.2528101156155268,0.007570743560790999
0.20840374333333334,19.739234844624544,0.5626753470721363,7.418697066666667,0.819403,0.29297205309073127,0.0068392753601074
0.2135442,20.39061750808475,0.594530924216778,7.770666666666666,0.9567804,0.2627725700537364,0.007615566253662067
0.13542311333333332,22.597232385717138,0.6061095942825035,7.927159,0.9429667533333332,0.2779143551985423,0.0034620761871337665
0.16282035333333333,21.443315796633126,0.5828161251045668,7.640168466666666,0.8648316166666666,0.2381345828374227,0.0047051111857096
0.16176519333333336,21.317920656656117,0.5936966912262734,8.141608566666667,0.8994488400000001,0.2977884709835052,0.006787856419881166
0.08739289100000001,23.75367008850999,0.6312809861448581,8.553149833333332,0.8084223266666667,0.27029714981714875,0.0062485535939534
0.267672715,19.88235753175736,0.5263175373701547,9.446362,1.0402652233333332,0.3142215013504028,0.005298932393391899
0.14985303666666663,21.940106957127323,0.5761177695810983,8.892211833333333,0.9355539166666667,0.264106939236323,0.008929570515950468
0.12727757466666667,22.288426962406486,0.5721728922771318,9.521058833333333,0.74922597,0.2607359240452448,0.008492867151896134
0.45060811333333334,19.594769509370952,0.5480423311535109,7.090796166666666,1.5956565999999999,0.2814031988382339,0.011913696924845332
0.25469206333333333,20.19453506573699,0.5639817275556319,8.486336999999999,1.2103806,0.25254916151364637,0.008240063985188768
0.46284155666666665,20.64510052680537,0.5323159275404331,7.340011633333333,1.1477174,0.33864388863245637,0.0084576606750488
2.1924377833333333,22.930491261135746,0.5647026679220987,4.970407133333333,3.0856382833333336,0.33555567761262256,0.009853521982828734
1.3787850600000002,19.097606168291048,0.522889419099402,5.5518665,2.779351666666667,0.3298042416572571,0.011947552363077735
0.14183349166666667,21.310159256687246,0.5561572053842783,8.743138,1.0092247,0.26849061250686646,0.0047962665557861
1.4401418733333333,16.74718512026257,0.4623281797572034,6.1981764,3.0088678666666664,0.3701403538386027,0.006936947504679333
0.6249197333333333,17.99522851131943,0.5210486679323154,6.372341166666666,1.9253278999999999,0.3172161380449931,0.0067930221557617005
0.31715770000000004,20.762651402580772,0.5596798504803316,6.7783138,1.4586553,0.3012382884820302,0.0074533621470133
0.07741122966666665,22.16026814329294,0.5737190746965419,8.532174,0.8545927033333333,0.26459888617197663,0.0093762874603271
0.09446898,19.507237429578055,0.495286638820835,10.683774666666666,0.8242719533333333,0.31115113695462543,0.0046412944793701
0.09020982799999999,21.005166355117595,0.5647341653927754,8.892975999999999,0.9930585833333333,0.25112719337145484,0.0069207350413004335
0.14802286333333334,21.505008722601843,0.5777925131223042,7.526808333333332,0.9997423799999999,0.29126182695229846,0.009653965632120733
1.14358245,20.855012917493465,0.5369392664448914,6.4145113333333335,2.097725,0.3158951054016749,0.0069014231363932
0.35301430333333333,22.211772281623283,0.5833102614441609,6.519623,1.3733977333333334,0.2963671733935674,0.008409182230631466
0.09902668866666665,25.16598681738948,0.6504897785521232,7.5967788,1.0744815666666667,0.2571461647748947,0.0100962320963541
0.16086484999999998,23.00727109793931,0.6244532713310526,7.584270133333334,1.3119219999999998,0.2651860862970352,0.009813388188679967
0.50646208,19.232936670308046,0.5313947434984679,8.085653833333334,1.5378850333333336,0.3337486187616983,0.0085028807322184
0.27506213333333335,21.74607653887885,0.5724030847452241,8.146922666666667,1.06892782,0.2995238900184631,0.008842229843139633
0.42003009333333335,19.916116392220193,0.5353470267000614,7.1387288,1.3593296833333335,0.28017406662305194,0.008484760920206667
0.13623941333333334,23.0476864163136,0.6192246356918235,8.580605566666668,1.1090029666666668,0.2551941970984141,0.008804957071940067
0.31005032,19.7786940874152,0.553963900404014,7.737977000000001,1.3605977999999999,0.2936558822790782,0.0076804161071777
0.1976391133333333,23.100905950413992,0.6353555870375074,6.251146533333333,1.1259716,0.22545505563418067,0.006903171539306634
0.3261906966666667,21.595260790073883,0.5622921964614577,7.048024533333333,1.2195442233333333,0.29432252049446106,0.004779656728108666
0.3394950766666667,20.91244422049483,0.5671524882875475,6.491984266666667,1.2735529,0.2866552670796712,0.006829023361206034
0.1500307213333333,24.36537090185195,0.6482557153213747,6.6971968,1.0162031166666667,0.26857470472653705,0.008619546890258767
0.1254720933333333,24.689910048217502,0.6345168073389293,6.981120866666667,0.9068058900000001,0.2913280328114827,0.0033957958221435334
0.2234952233333333,22.919526182769303,0.5831233724960988,7.1298269,0.93129002,0.28290527065594984,0.006940444310506166
0.2150274533333333,22.184633592561255,0.5874108084316192,7.084080466666666,0.9215817999999999,0.2765117585659027,0.009712775548299133
0.15379557133333333,21.89731292173522,0.5844465871489554,8.429664,0.7575517766666667,0.26366136968135834,0.008602380752563433
0.2632766233333333,22.88022744429801,0.6002431054439658,7.700987233333334,1.1109714666666666,0.29623995224634797,0.003381649653116833
0.13794274666666664,23.741186178597186,0.6135865800882786,7.498340933333334,0.9952863833333333,0.26349605123202,0.010323286056518534
0.18780215333333336,23.56308726624268,0.5980643992796916,7.6076919,0.7960635566666667,0.25860771040121716,0.008104721705118766
0.12250763833333334,24.771612436278332,0.6286347504034567,7.318470633333334,0.8917021133333334,0.2803255518277486,0.007831017176310167
0.35716198666666665,19.31697287193639,0.5086902021171684,9.247297333333334,1.3405736499999998,0.3613994022210439,0.006933371225992833
0.20677805000000002,21.09264803384593,0.5460219449152127,8.961098,0.9374064799999999,0.2759300768375397,0.006616274515787734
0.4682797333333333,23.77548781875389,0.6138801783443782,5.769534666666666,1.37141612,0.3110018769900004,0.012734731038411398
0.23908887666666667,20.95006287373225,0.5721308851485686,8.030005,1.0652377,0.2987685302893321,0.008445978164672801
0.10741702333333332,22.65390782217951,0.5844900830851459,9.121361333333335,0.8250297866666667,0.2643801470597585,0.012529611587524367
0.46041153666666673,19.365516311524726,0.5070899982999085,9.336532333333333,1.1475839766666667,0.31952241063117975,0.011400699615478467
0.17418601333333336,20.68749270056027,0.5318276225469604,8.470167666666667,1.0986757,0.30849485596021015,0.006774187088012667
0.12110745866666667,21.250306162807096,0.5462870574866568,8.243382666666667,0.7986575666666665,0.31248000264167786,0.005012353261311833
0.15049492666666667,20.279428006065398,0.5265217961936469,8.718347666666666,1.0849454466666666,0.3015611668427785,0.0034681955973307004
0.13042845866666666,22.9893720200656,0.6076272340466652,6.2090758,1.0021051333333333,0.32364533344904584,0.011210282643636034
0.36551228799999996,17.187445968536434,0.505470689535614,8.070173566666666,1.1686440133333333,0.3757086992263794,0.006014506022135367
0.15189559333333333,18.804720846856256,0.5329544383524408,8.146106666666666,1.1685744833333334,0.3184259633223216,0.006845076878865534
0.18252305333333332,18.115544682675893,0.5124631460714287,8.393975333333332,1.19635369,0.3367932041486104,0.013010501861572233
0.09544492266666667,20.193584206742933,0.5653450307453082,8.0353312,0.8254481666666665,0.2827749451001485,0.006811459859212234
0.23533881666666667,20.374215024487498,0.43321611532792986,6.999413533333333,0.8644287299999999,0.17745520671208695,0.009289026260375933
0.5709697933333334,17.665061862268455,0.3840811921975374,6.9456254,1.1879806666666666,0.2298912306626638,0.008219401041666633
0.7254333666666666,17.895763335894184,0.3814852385294562,5.298380766666667,1.5222401,0.2172359377145767,0.012892643610636334
0.32419737,20.85545125263879,0.46443477233173613,5.443466966666667,1.34879262,0.21417064964771268,0.0125642617543538
0.50241515,17.131868654637547,0.39121714956602976,6.6029868,1.2930499666666666,0.2629148463408152,0.0115018685658772
0.4285604,16.56846932513785,0.40022370353716963,7.069580533333333,1.1989294666666668,0.29811719059944153,0.0118343830108642
0.12737670633333334,20.488042127071548,0.5502267747780287,7.582225333333334,1.0898000466666666,0.26479587952295935,0.0068055788675944
0.10473604666666668,19.757412976733537,0.5602561012030541,8.317148733333333,0.8602808333333334,0.2845349510510762,0.012383460998535099
0.12356824,18.557825728621257,0.5384321250013174,8.266267766666665,0.9900827533333333,0.2973387986421585,0.007928450902303033
0.13627747999999998,18.42029191982334,0.500155194798806,8.356637500000001,0.80558336,0.3156043738126755,0.009264707565307567
0.16362433666666668,18.091329128332067,0.5243201667434526,8.529948333333335,0.9672789333333333,0.3983015616734822,0.007783651351928667
0.13260142333333333,19.534420988932926,0.5807654394170662,7.3291824666666665,1.0709134866666667,0.3270256817340851,0.004069884618123333
0.13861398666666666,19.549368470483085,0.5754206603014389,7.072876933333333,0.74909114,0.3414945105711619,0.010162750879923433
0.24952639833333334,17.710234181221765,0.5564991115871113,6.900054133333334,0.9306382566666667,0.3612564603487651,0.009351412455240867
0.23653153666666668,18.223761816853067,0.5379547084650267,6.882324700000001,1.05395089,0.41442323724428815,0.0068480173746744664
0.2107541433333333,17.42217540065872,0.5403384531619996,7.452248033333333,0.8298124533333334,0.38032951951026917,0.0033500194549560334
0.10490737533333334,19.587602413184367,0.5868902552565699,7.556635866666667,1.1016445533333332,0.3876517713069916,0.013106902440388967
0.12026345666666667,17.93354259666062,0.531216526301635,8.631605833333333,0.79649933,0.432340532541275,0.006835778554280567
0.18488378333333336,15.772852417156551,0.46220965972343747,9.135373333333332,0.5450035366666667,0.4409658908843994,0.0062942504882812006
0.18848753333333335,15.694385799416645,0.4878185337215835,9.015446166666669,0.6056415933333333,0.393912136554718,0.010233799616495733
0.13494743066666667,17.892060156757722,0.4980643789195525,9.408796833333332,0.8226019866666666,0.3871514896551768,0.0067768096923827995
0.17109780666666666,17.771411186871962,0.49102466393052263,8.931721333333334,0.8025451266666667,0.40317673484484357,0.003518660863240533
0.2746024166666667,16.30729993668607,0.49277455302676115,8.1383102,1.02946999,0.38594819108645123,0.008200407028198234
0.33816795666666666,16.272612165318815,0.4981781199156119,7.6666018,1.1792275799999998,0.3836170931657155,0.0034146308898925664
0.20637830333333337,18.546066947766093,0.5357630821079699,7.424651533333333,0.9728479166666665,0.41733455657958984,0.0185795625050862
0.3548326833333333,16.62061475197944,0.4639578555837063,7.869458566666666,0.7535545333333333,0.41571662823359173,0.006845871607462534
0.3480261,17.084590465954843,0.47745355274087925,7.256543766666667,0.9637503566666666,0.4294827977816264,0.008817672729492134
0.37053685,17.136706073421273,0.47158292623016757,7.5686496666666665,0.5871175866666666,0.422944039106369,0.0084576606750488
0.22530553666666667,19.42190596713424,0.5489375237900841,6.2055488,1.0969348033333335,0.4006715615590413,0.0052103201548258
0.21883779000000003,19.42633422353648,0.5276334366493899,6.561355966666667,0.8214171933333333,0.4330755372842153,0.006984233856201166
0.34629819999999994,17.485934078852292,0.5054532924465394,6.643192433333333,0.9091333766666666,0.41226884722709656,0.012354135513305635
0.2919478933333333,17.365136652365564,0.4787739632206283,7.222315933333333,0.7787501533333333,0.4196970264116923,0.006705840428670233
0.17085342333333334,18.988591880984686,0.5529380936155076,6.832441433333333,0.94244488,0.3941005766391754,0.010240713755289699
0.14061330333333333,18.874050687169788,0.5453942437182632,8.005577833333334,0.7974420333333335,0.38746679822603863,0.006903330485026
0.09366457,21.237421195518195,0.5986341473185609,7.312507766666666,0.9040735233333334,0.35790645082791644,0.009707530339558866
0.13651915666666667,19.401020666369323,0.5424083969582333,7.818436166666667,0.7601402,0.3707522451877594,0.0086086591084798
0.19871819333333332,17.265810610131208,0.5265392901035589,7.5728561,0.7628138433333334,0.40000417828559875,0.005980809529622366
0.10424806000000002,18.252001022917494,0.39203196607389995,28.767421,0.61790772,0.4890821675459544,0.006906906763712532
0.3953944,18.60050008309123,0.4364180034166303,14.843219666666668,1.32328916,0.5211499730745951,0.009370644887288367
0.17499446333333332,22.5503986872526,0.47957707769999813,13.399371833333333,0.8734804166666666,0.4603407184282939,0.0068406263987223
0.8576008466666667,17.656775013815682,0.41447704131175184,14.573179000000001,1.0138163,0.49380465348561603,0.010174353917439767
1.1848231999999999,20.893014336680967,0.4682249723889102,10.633586,1.4921721766666665,0.39847368995348603,0.006772438685099267
0.10756872333333334,25.74232685786232,0.5282995724732045,11.335491666666664,0.78546824,0.3665790359179179,0.0030939579010009336
0.15260098133333333,23.70773199613903,0.48898237415603735,11.960957,1.2236832833333333,0.38902825117111206,0.010383685429890899
0.1348456233333333,23.376509839575192,0.4795160173052646,13.001951666666669,0.9333478133333332,0.3921407659848531,0.0035208861033121665
0.348534105,22.38249483938878,0.4961274801683586,11.451805333333335,0.8546462199999999,0.3645917574564616,0.012871583302815667
0.12228086333333334,24.617676110881103,0.5575042003898487,9.695403333333333,0.6457183166666667,0.3293914596239726,0.006206750869750932
0.13767753466666668,24.83700297913278,0.5580737817579063,10.041308333333333,0.6371201333333333,0.31117990612983704,0.005339384078979467
0.16519813333333333,25.622011997874278,0.5875001712889788,8.132996666666665,0.8514123433333333,0.3233882983525594,0.006782690684000634
0.13616975333333334,28.09627014973951,0.666938736263777,6.529053433333334,0.8378939233333332,0.2762376169363657,0.006892124811808267
0.16659554466666668,27.494424719039497,0.6437538237254089,6.643543833333332,0.8445934833333334,0.30647078156471247,0.006811380386352533
0.5406668733333334,21.149916249330566,0.5119057154653331,8.947738666666666,1.29494298,0.35620057582855225,0.006859938303629533
0.10258551333333332,24.712493526392205,0.5123505844505469,11.623009333333334,0.74975723,0.3532332380612691,0.0047967433929443
0.8821161553333333,18.888403142380245,0.43092874743943194,11.222832333333335,0.9652082999999999,0.4351198573907216,0.0047372976938883
0.16565443333333332,23.92191969619144,0.527589549788983,10.186054666666665,0.6518857766666667,0.35243065158526105,0.006665070851643866
0.149379492,26.671602813945793,0.6131336798173463,7.9798016333333335,0.7136762133333333,0.32893667618433636,0.010199785232543898
0.16971576,27.490706046549082,0.677374470701193,6.3911465666666665,0.8475707833333334,0.28325040141741437,0.008137623469034766
0.13676995666666666,27.86980822425404,0.6771090750259754,6.774215233333334,0.6123725733333333,0.30557894706726074,0.008727947870890268
0.29385084666666667,26.961406875225233,0.661341787742106,6.3079092333333335,1.03061972,0.3303770224253337,0.012756586074829067
0.15978627666666664,26.690777532919398,0.6468325511119732,6.7415663,0.8667190333333333,0.3189003864924113,0.012778123219807898
0.13621888000000001,26.92048373159659,0.6488292997183968,6.947056233333334,0.6781629033333334,0.3105999728043874,0.006740411122639967
0.12416142199999998,28.215688577261606,0.6775818488528479,5.877663133333333,0.8768318666666666,0.318376104036967,0.005247831344604467
0.15049018333333333,26.504740169350708,0.6586224629179785,6.019369566666666,0.9689996,0.2909680406252542,0.0110522905985514
0.3915804633333333,22.707443008519533,0.6195051800777559,5.682951566666667,1.1890282,0.3420533041159312,0.004976749420165966
0.12034532333333332,27.311944161514713,0.6839188955100997,4.949199433333333,1.0061989433333334,0.30721543232599896,0.005414326985677067
0.16514572166666666,24.58912688233949,0.6254099893108664,6.2172833999999995,0.7287438700000001,0.3078032036622365,0.0080448786417643
0.415954055,23.592535262091662,0.6231827685930913,5.710033633333334,1.7116718366666666,0.3340686360994975,0.009887854258219366
0.29163794333333337,25.00185457588813,0.572939448751003,8.390146666666666,1.3386221999999999,0.31439802050590515,0.007673899332682266
1.2848469066666668,22.912729615156337,0.5877558456005999,6.2432319000000005,1.3095365166666666,0.24751708408196763,0.010869344075520801
0.27442053,21.656968024136557,0.5682921303923487,9.1855895,1.0899361666666667,0.2524715065956115,0.0047614574432372665
0.3421766,19.948897847866913,0.5416443097460139,8.516042233333334,1.1765762133333333,0.2746662596861521,0.0034522215525309
0.13236132666666664,24.384307802989166,0.6418197785914774,8.477416666666667,1.1999628133333333,0.289445032676061,0.0045789877573649005
0.32112056,21.892691138780936,0.5666176079076952,7.923850233333333,1.1442467866666666,0.2770321120818456,0.0106921990712483
0.233316695,22.694975309645145,0.5957698595224449,8.707966333333333,1.3212550666666667,0.28153034051259357,0.0067465305328369
0.11007500666666666,23.76731583113435,0.6314265792387203,8.0290828,0.7091927833333332,0.2566252599159876,0.0052868525187174
0.11941012666666667,20.482349733723698,0.5667744090260566,9.133555333333332,0.5755955566666667,0.29248122870922083,0.0012286504109700334
0.17068916,19.30188798287618,0.568018784259997,8.873928666666666,0.86389833,0.2619967311620712,0.0028204123179117664
0.15547808666666668,20.39728194617325,0.5459116965663428,9.607774000000001,0.5868650566666668,0.2927160859107971,0.005773941675821866
0.27466047,20.307815512744977,0.5492589262126168,7.8370773,1.0696305666666666,0.31859156986077625,0.0025258858998616334
0.223185502,21.464705419939037,0.57605357909766,7.582933633333333,0.9565144,0.29749096433321637,0.006741444269816033
0.2912935816666667,20.76448979846538,0.5680768161914574,7.748277866666666,1.2155858533333332,0.32196071743965143,0.003271261850992833
0.21091726,22.2738353493323,0.5994044743410559,7.5115452,1.0265313333333335,0.3032701909542084,0.004579623540242467
0.29010389666666664,22.34891375108782,0.5860206118774167,7.308706566666667,1.0712689,0.3196765383084615,0.0042116641998291
0.5086572866666667,19.7816515690143,0.5390558352154508,7.778686533333333,1.4044958833333334,0.312802587946256,0.0
1.101017556666667,19.660934293311403,0.5326739485831421,6.5852216666666665,1.9802871,0.3149333149194717,0.0029592514038085664
0.4206652933333334,19.818619312523253,0.5033526939594036,8.747951333333333,1.3858078666666664,0.38098253806432086,0.006929000218709267
0.8688485066666667,18.362599193502273,0.4953554889163135,7.667636099999999,1.7977213333333333,0.356003075838089,0.0027159849802652664
0.22136304666666665,22.58703132883299,0.5874253042607674,8.112839433333333,1.2759584333333334,0.3336506138245265,0.007318337758382133
0.19286386333333336,22.356578582854656,0.5818839727219373,9.090126,1.0607238666666667,0.3079763899246852,0.0034723281860351337
0.1708138733333333,22.146070751833804,0.5534701122191491,9.723071666666668,0.9381038466666666,0.313533087571462,0.004152377446492433
0.22537782333333334,22.097066948102736,0.5564296987960576,8.857287333333334,1.0821829,0.3454652726650238,0.0040462017059326
0.20320833666666663,22.59138722070703,0.5706775177118993,8.624375666666667,1.2042384666666668,0.33790935079256695,0.006987333297729433
0.41692028999999997,19.79267420353406,0.5094148002257665,8.398563433333335,1.2448357666666665,0.3429478406906128,0.0055289268493652
0.2733433586666667,22.523942051705205,0.5737229446528046,8.0250115,1.1842526333333334,0.33812253673871356,0.008243401845296166
0.4281670233333333,21.939963035998826,0.5814459815178187,6.783386666666666,1.472016,0.36028411984443665,0.0045518080393473
0.3433783733333333,24.187916121154057,0.659252443679939,5.902027533333334,1.8042439666666665,0.3074551870425542,0.0034357706705729005
0.65413966,22.751463243202036,0.6093072164366505,5.309529533333333,1.7374610666666668,0.29831915100415546,0.0
0.30190863,23.4362463154719,0.6198935135781097,6.495211766666666,1.5046875,0.34997781117757154,0.0033681392669677665
0.24541801,24.88925961016531,0.6689785568097824,5.581550833333334,1.5058016666666667,0.3128558744986852,0.004087289174397767
0.6667741966666667,23.032620454283897,0.5908819414376596,4.8404231,1.2112117866666665,0.24363360802332554,0.0017312367757161334
0.17265663666666667,25.055142594179085,0.6550156594726046,4.407508533333334,1.1254312233333332,0.12346025059620536,0.0
0.23025493,22.339610894760213,0.6071194600444475,5.1378439,1.2361706000000001,0.18676619728406266,0.0013806819915771335
0.20918370333333333,21.976389554633503,0.6337473949314242,5.4105148000000005,1.2692316,0.1676141917705535,0.0005884965260823334
0.23014730666666663,20.132165780758545,0.5761734265793024,6.949624133333334,1.2032844333333335,0.19694096843401587,0.0
0.12801224133333333,21.74732819265165,0.6176115761094172,8.056783000000001,0.9599925666666667,0.20575454831123344,0.0019999345143636
0.249812448,19.262288900222064,0.5445987984322884,8.368505333333333,1.1509320866666666,0.2511256436506906,0.0014845530192057
0.18296833333333332,19.020561273675018,0.5769946019945185,9.207369333333334,0.9667631,0.23171422382195783,0.0007216930389404001
0.12714329166666669,19.853798806356263,0.5937412064156831,9.467122999999999,0.9065740533333334,0.2288194497426351,0.0066741307576496664
0.081061707,20.78570915654132,0.5572290310493653,10.760038499999999,0.7702036099999999,0.24798167745272318,0.004703203837076767
0.06659860533333334,21.398224663509495,0.6021317842490935,10.121430333333334,0.7774598766666667,0.22389576832453406,0.0075278282165527
0.12832264166666665,19.412483584069623,0.5388733625250126,9.788405666666666,1.00851133,0.2917352716128031,0.004791418711344367
0.12418509866666666,20.15782756044348,0.6103444873044414,8.440965666666665,1.0618440666666666,0.2380633056163787,0.004353205362955667
0.16133857333333332,19.054599380720205,0.5398190301053599,9.084991,1.0357419333333333,0.2993582487106323,0.0030714670817057004
0.16560282466666668,18.9673674946268,0.5775059003395885,8.531958666666666,1.2284914333333334,0.2650230328241984,0.0
0.2819705766666667,16.563521619931837,0.5063417563595976,9.642002500000002,1.3227331333333332,0.34149831533432007,0.0009947617848714001
0.11208037,19.609193630858034,0.5176379031794307,10.517394000000001,0.9155969866666668,0.33516861995061237,0.0055307547251383
0.11130265666666667,19.902375706345197,0.5449605745415497,10.474560666666667,0.6943854766666666,0.31122798720995587,0.0006814002990722334
0.23810066333333332,17.607902658993858,0.5005629910367558,10.739011666666665,1.15471964,0.3486703932285309,0.0051178137461344005
0.15368196,19.084905420158176,0.5300122419312135,10.281434833333334,0.83821684,0.3117794841527939,0.0012373129526774
0.15193402,20.123451002118845,0.5445542095032408,9.455166,0.7845732133333333,0.2951972683270772,0.0057793458302815666
0.16125458666666667,19.548615527580207,0.552600780367939,9.041627333333333,1.0039565333333333,0.27872660756111145,0.0019824504852294666
0.21257495,19.209412772822585,0.5546149854556717,8.575035866666667,1.0304979699999999,0.2996802081664403,0.001680850982666
0.24208171,18.478386880518766,0.5104890879287278,9.056075333333334,0.8325441033333334,0.33715976277987164,0.0016605059305826668
0.14329443666666666,20.75940787973117,0.5739885748980136,7.703543366666666,0.86935482,0.27798815568288165,0.0012306372324625333
0.21638523333333334,18.894900626280144,0.539548630949591,7.898373666666667,0.9264009999999999,0.30291152993837994,0.0029472510019938
0.10522711133333333,21.337485360712563,0.6042517644130783,7.512444833333333,0.73862232,0.2800103227297465,0.0003631909688313667
0.17821368,18.886919996861828,0.5402206708893519,7.614900066666666,0.6561793333333333,0.2987413605054219,0.0016260941823323333
0.09812081499999999,21.19536606403684,0.6042521144117907,7.664396333333333,0.6835397366666668,0.28578580419222516,0.0047351519266764
0.158686161,20.111502159709225,0.5925586561965452,7.1928579,0.9006987866666666,0.3087672293186188,0.002176205317179333
0.6314158,13.719148128808557,0.3792603096747081,28.395340666666666,0.5153533466666667,0.49895809094111127,0.0010783672332763665
0.7079235866666668,17.310143286029174,0.38378733325032416,16.971862333333334,0.7538150166666666,0.5600593487421671,0.0033117135365803665
0.38557631666666664,18.328858734177754,0.47101272357562274,12.292134333333335,0.9961395200000002,0.48776371280352276,0.0059731801350911
1.05075314,16.542974166017174,0.4102286685422034,13.359812333333332,1.1444626500000001,0.4758477210998535,0.002517064412434867
0.23785059666666666,19.178029316091553,0.43828548047532695,15.072373333333333,0.7163189033333334,0.4865463276704152,0.002577622731526667
0.59201127,21.8339034928798,0.49376305405013704,10.736707333333333,1.3302320333333333,0.3830433289210002,0.0033515294392903335
0.44449641,21.995275913645774,0.49791333607870875,10.039293666666666,0.9281268133333332,0.386825164159139,0.0029576619466145666
0.19304781833333332,22.010183177386455,0.5439454247307258,10.311395333333333,1.0045325666666667,0.33639370401700336,0.0029248396555582663
0.4032911266666667,18.141575190138656,0.45476965065854286,10.348477666666668,0.7538660500000001,0.3919578194618225,0.007459322611490834
0.12450741000000003,21.774759269017537,0.5022137811912697,11.097036333333334,0.7098493666666666,0.3753798007965088,0.0039062499999999336
0.35584539,18.104614664939664,0.4761928003637566,10.015113999999999,0.97239665,0.3476203481356303,0.0034000873565673668
0.24552267333333333,19.702760980346124,0.4852262586396854,10.982017333333333,0.6977119433333333,0.3409038583437602,0.0034613609313964336
0.16939166333333333,22.451443430113912,0.5275670137601637,10.554875666666666,0.8291962833333333,0.34157923857371003,0.0
0.24237811,19.867418665674446,0.4900228432945494,10.592414,0.72441267,0.3555251955986023,0.0
0.26709053,20.86083219788328,0.49299835458238245,10.306115666666665,0.7562998200000001,0.35452338059743244,0.0033565362294514667
0.098054313,24.149376307679457,0.5497856411094406,10.840499666666668,0.67507891,0.32072078188260394,0.0034788449605305666
0.44942768000000005,18.731630427976864,0.4540945005592533,10.737632500000002,0.7550073166666667,0.41358063618342084,0.0019323825836181335
0.13226618,23.741632967904994,0.5370467168524042,10.477599,0.74577429,0.3291267255942026,0.004165410995483366
0.15105522333333335,23.432743317148027,0.5478440541632885,10.639421,0.72115405,0.31133800745010376,0.0024663607279459335
0.16550072333333335,22.270060098909216,0.5282498051864294,10.575407833333331,0.9065748333333333,0.32778507471084595,0.0059578418731689
0.11861026999999998,23.75027297848945,0.5466577210991422,10.636203333333333,0.8080317499999999,0.3256180981794993,0.002678076426188133
0.10786809000000001,22.747329879900047,0.5189251894235108,11.455606333333334,0.8069979799999999,0.3066403369108836,0.004318793614705333
0.19508044666666668,20.55124133519834,0.485244298328425,11.532368333333332,0.8386488433333333,0.3251783053080241,0.0018071333567301333
0.131047255,21.902903080513443,0.4883417078612305,11.683077666666668,0.7729748866666667,0.35255874196688336,0.0007193088531494001
0.100786455,23.367258651499224,0.5499942099996739,10.500287,0.7328115866666666,0.31263309717178345,0.0033785502115885337
0.16202988,21.75626495186258,0.5130105695911369,9.230559,1.05568651,0.3534856339295705,0.004436333974202467
0.3682654,17.437917672244428,0.44887267398428277,10.600494833333334,1.3974003000000002,0.43845004836718243,0.0011709531148274667
0.16017782133333333,19.793719603584695,0.4867911555028986,9.848436333333334,1.1176959199999998,0.3533768653869629,0.0012652079264322666
0.2543388966666667,18.819529162804653,0.49684671060428554,9.341547666666665,1.3781641766666668,0.35629160205523175,0.003507296244303367
0.20740212933333335,21.71331080184254,0.5491290164906122,8.271718533333333,1.2785372333333334,0.32426320513089496,0.0037718613942463995
0.9682771133333334,25.266248477774685,0.6593967608486637,4.341414833333333,1.6844776999999997,0.19593982398509976,0.0013353824615478333
0.25876598,24.465655623272237,0.4680011405402018,3.6096165,1.2529419166666667,0.10013908396164571,0.0012559096018473
0.4465396533333334,18.72946232837273,0.35287008275858517,5.159570066666666,1.0116477866666667,0.18849488596121466,0.004942893981933567
0.3669897066666667,19.096285065857117,0.3512859365548288,5.692565300000001,0.8672312266666666,0.18506048123041782,0.0006676514943440667
0.25159507333333336,18.266322287886666,0.4059432006656847,7.137146933333334,0.7465457633333333,0.19863448540369666,0.0047477881113688
0.15199718666666667,20.481753377464845,0.5431332986826879,7.799599533333333,0.9219026800000001,0.18117855985959372,0.007141828536987233
0.14471681,20.137212271078567,0.5127501744282248,8.570058333333334,0.9191965933333334,0.20814936856428776,0.0008054574330647666
0.15543459,19.586972574700763,0.5622926078968583,8.488796533333334,1.1292446433333332,0.1897400965293248,0.0
0.19349136666666666,18.162275000332027,0.5016712805639911,9.368150666666667,1.0238416433333333,0.23479929566383353,0.0028629302978515334
0.21493408,18.54458183550918,0.49104080464880046,8.6057142,1.1846158333333334,0.25594214101632434,0.0
0.1816962466666667,18.537199087806208,0.5325575973204771,8.371687999999999,1.2474776666666667,0.2159882287184397,0.002190828323364233
0.14968536,18.77867968357593,0.5087400058520414,8.965638799999999,1.0653304466666667,0.2652379224697748,0.004787683486938433
0.17777478333333332,18.242405809829723,0.48558943174107344,8.790060000000002,1.0746196799999999,0.3047226270039876,0.00452454884847
0.10444242066666666,20.137565914426787,0.4883674481202296,9.430440666666668,0.8088729666666666,0.2826302051544189,0.0024278163909912
0.19202789333333334,17.88100058410451,0.4755303633882139,9.141990833333333,1.0082265866666666,0.31075554092725116,0.0026865005493163997
0.19911010166666668,18.61838631642978,0.4984798013530341,8.705717333333334,0.9063829666666668,0.32888954877853394,0.0015424887339273998
0.17536122333333334,18.412812096906297,0.5182364428014182,9.014234666666667,0.9881432666666665,0.33777472376823425,0.0033254623413085664
0.13665500666666666,19.01706775213989,0.4899373094310017,10.063460333333333,0.9422091666666668,0.3370942771434784,0.0035442511240640997
0.21780402,17.28754308206143,0.4970145584104532,10.085381166666666,1.1378877,0.31430913011233014,0.0034716924031575
0.14132775,18.707697508823134,0.5010398166178206,10.318234166666668,0.8345844533333334,0.32204390565554303,0.0013387203216552667
0.23690781333333333,16.416124562697743,0.4769594266012191,10.100285,1.0248126333333334,0.3269421656926473,0.0042173862457275
0.25998915333333333,16.141500311058977,0.4475677960923834,10.552635833333333,0.89005075,0.33935245871543884,0.0019708474477132
0.16174567333333334,17.71307912069197,0.49339683983271193,11.538617,0.9822963433333333,0.3354370991388957,0.004670143127441367
0.10336595333333333,19.328475008416305,0.539248462298518,11.024292333333333,0.8973751533333333,0.3028210202852885,0.0032495657602945663
0.2274607233333333,16.34458372158582,0.4535348545283521,10.712696333333334,0.68211721,0.3615222970644633,0.0053484439849853
0.112285118,18.437108241348184,0.502695168846244,11.044747,0.71187449,0.3185924887657165,0.0028087298075357998
0.14618313166666666,17.80228934375964,0.46991721953725757,12.010252,0.7552033100000001,0.38596104582150775,0.0030660629272460664
0.16677396,17.29009922587787,0.47627694129878956,10.415632333333333,0.6324912766666667,0.3358936707178752,0.0
0.24928356333333332,16.697155650848416,0.4756586833697196,9.679844000000001,0.6927221733333333,0.33012784520785016,0.0061674118041992005
0.2967515866666667,16.65721218770882,0.47426786191914533,8.979850666666666,0.6898983466666667,0.33461273709932965,0.004865010579427067
0.27521033999999994,17.45265338847513,0.5237481105490451,8.232670166666667,1.0047956333333332,0.2628825902938842,0.0033522446950276334
0.19837726666666666,18.20914746560204,0.5067917135538821,8.870133666666668,0.6839283166666666,0.27688010533650714,0.0034218629201253
0.2233381,19.157865333791424,0.5407619654310615,8.217512366666666,0.9233305666666666,0.28541232148806256,0.0
0.17896775666666664,19.02737368675619,0.5548251613201992,8.697576,0.97905925,0.27352356414000195,0.0021026929219563665
0.3801538633333334,15.883354530874817,0.3746329173746674,22.26072166666667,0.8442977666666667,0.5780306458473206,0.0032410621643066333
0.474196485,23.47850672178811,0.5733370806568002,7.4568842,1.4700001333333332,0.2851177752017975,0.0010101000467935665
1.1279611866666668,17.619118581170394,0.4600121079464465,8.591690333333334,1.5296348000000002,0.3580944339434306,0.002205212910970033
0.11052384333333333,24.322583528152805,0.5631763201571006,10.090236666666668,1.007941,0.30530308683713275,0.002133766810099267
0.2784190346666667,23.102908507303045,0.5573128047527901,8.220018099999999,0.8842989133333333,0.32156965136528015,0.0026458104451497332
0.8771097066666665,21.219354581273205,0.5250446372812424,7.128749466666666,0.9857745233333333,0.2804573873678842,0.005155642827351867
0.130414262,25.794710210016515,0.6219329336632814,8.2381285,0.8957305466666666,0.3063616057236989,0.0027532577514648333
0.10336819666666668,24.730156652394925,0.636095077371206,8.067600566666668,0.8673607866666666,0.27152478694915766,0.0009737809499104667
0.18609148466666667,23.0523513800747,0.6102236023004234,7.527036033333334,0.6864267666666667,0.2671487281719844,0.0027124881744384666
0.09882343333333332,24.51680987622993,0.6116794240617693,8.263148666666666,0.8693666166666668,0.2978324939807256,0.003409703572591133
0.15565745333333333,22.07687516833158,0.5355239086621352,9.615271333333332,0.8708334666666667,0.35181408127148944,0.0035214424133300664
0.16815684333333333,21.010668739708347,0.5534225247854323,9.813294333333333,0.8130795000000001,0.34524281819661456,0.004823048909505166
0.1727748533333333,21.36831495393228,0.5352017439544962,9.628447,0.8868402,0.3385525544484456,0.0
0.2626927,20.38605923246732,0.5376711632402166,9.436637666666666,0.9964160533333333,0.333565334479014,0.005078872044881166
0.13614861666666664,22.596771262600317,0.5628403173326157,9.836344666666667,0.8205697833333333,0.29211709896723426,0.0006061395009358667
0.22985889,20.105571381809067,0.5076329773954871,10.413704666666666,0.90618962,0.3756088316440582,0.0042932033538818
0.27621449,19.511779896493227,0.4777103977464658,10.883393166666666,0.8438238300000002,0.35103662808736164,0.0074270566304524
0.19713169333333333,21.36863857835124,0.545741800457729,10.321106333333333,1.0414834,0.3072418620189031,0.0006762345631916999
0.10986425033333332,23.566900089609756,0.5464876920489541,11.238076666666666,0.8555217833333333,0.3262903889020284,0.0027331511179606006
0.1846245313333333,20.104273893542057,0.5027853780181449,13.028485000000002,0.7398176199999998,0.305602878332138,0.0020175774892171
0.11749755333333334,23.14806753111293,0.539776128395819,10.981229666666666,0.7606881966666666,0.2998977800210317,0.0046037832895914335
0.179666023,21.292514630667156,0.515341807135202,11.884450666666666,0.7985700333333333,0.3352607190608978,0.0
0.129223292,21.429233198186903,0.5135568968210183,11.630273666666668,1.0668592466666666,0.3209195633729299,0.0037287871042887
0.07561639666666667,24.447377864512735,0.5717556623171772,10.215033333333333,0.9199039166666667,0.2930610775947571,0.0005877017974853333
0.10421364,22.372981638090778,0.532348138671288,10.81335,0.9506147666666666,0.2879094630479812,0.007189114888509034
0.15092397999999999,22.1551477383987,0.5497304468329851,9.6594545,0.95753601,0.28868940472602844,0.002390940984090167
0.15619796,20.139347097697826,0.49853728773718303,10.019891,1.05014637,0.33222201466560364,0.003485123316446933
0.07820426466666666,22.84296346681482,0.5588484411617628,10.012987166666667,0.8470429500000001,0.3366971512635549,0.004912376403808567
0.11093588533333333,21.652336509670395,0.5504245962238438,9.684950333333333,0.7809546066666666,0.3051757911841074,0.0039713382720947
0.08824339933333332,21.698599649365246,0.5629070336026837,9.557876,0.7613523399999998,0.3268822530905406,0.0016856988271077332
0.13352563933333333,20.022648262741185,0.5266237979521811,9.555352666666666,0.9086351133333332,0.3345441222190857,0.0
0.12200419133333333,20.028907721177667,0.5452214640022915,8.1636825,0.5670583933333334,0.3007880946000417,0.0027619997660319
0.20961919333333334,18.441883922988755,0.5313698537056744,7.561173933333333,0.62321647,0.3093630274136861,0.0017411708831786999
0.323411566,18.973292252221277,0.516923144181689,7.741862133333332,1.1328806666666666,0.37761813402175903,0.005185524622599234
0.40730833333333333,17.627275718039584,0.4818384815763132,7.31525,0.9572920333333332,0.29968805114428204,0.0059916973114013325
0.34641155333333334,19.350127766716195,0.5183262067752844,7.883694533333333,1.2277657666666666,0.2906169941027959,0.0
0.32766921666666665,21.308361927250335,0.5243094901101008,8.460001666666669,0.9560455000000001,0.3085385461648305,0.004388411839803034
0.3623852486666667,22.484237267182568,0.531610655448547,9.543936333333333,1.2650675233333333,0.3566175103187561,0.005207777023315399
0.31441943,23.44192565721119,0.6536126255529402,5.820096866666667,1.54746502,0.2147106428941091,0.005731105804443334
0.36389372000000003,23.417483487010855,0.6772131088925836,5.1380859333333335,1.9032636,0.2304157465696334,0.0
0.45834229666666665,21.660762723329487,0.6047669243984735,5.883878299999999,1.6168723333333332,0.2407438506682714,0.0059902667999267335
0.5592456800000001,21.13213434333096,0.5968376934570933,5.5650143666666665,1.7761062333333335,0.2185771415630976,0.0054393609364827
0.26835741333333335,22.49718508999454,0.6594126567537694,6.548978099999999,1.3522514,0.2371163467566172,0.0024581750233967667
0.84779625,18.873150875391456,0.5252104877424856,6.042731766666667,2.0380904,0.2649967173735301,0.005234559377034467
0.57375529,20.59463846496206,0.5638834046659489,5.029718866666666,1.6500618333333332,0.23490166167418158,0.002180655797322567
0.14022848666666668,23.797364954455958,0.6481596588421187,5.3902383333333335,0.9308078666666666,0.25166080395380647,0.0006675720214843667
0.18156069333333336,21.043725548456127,0.5869360581036318,5.863137466666667,0.9525835666666668,0.2927622497081756,0.0031321843465169003
0.20731353333333336,19.842329158276968,0.557439432118311,6.7729775,0.5961537333333333,0.25984394053618115,0.004513820012410433
0.39410785,19.052419478397244,0.5088751011599987,6.5239351,0.8875707799999999,0.2815035531918208,0.0012792746225992666
0.22225441,21.387718974404976,0.6112308693314121,6.726142299999999,1.0434567566666668,0.28345820307731623,0.0030856132507323998
0.16813639333333333,22.55154776334436,0.6201769065148478,6.896633566666666,1.0305969466666667,0.262115404009819,0.005315621693928966
0.22736964,21.262618983378104,0.5662213929094554,7.351092666666666,1.1076256666666666,0.26619514822959894,0.0030675729115803665
0.21727491666666668,20.763514338170875,0.5620864983042285,8.073349666666667,1.07330551,0.27803560098012287,0.0049092769622802665
0.216274,21.24636927372113,0.5787970978412534,8.816132333333334,1.20531065,0.3107302685578664,0.004009087880452467
0.21343068333333334,20.821290787263862,0.5573408544200249,8.606748466666666,1.1240628666666668,0.28600130975246424,0.005599578221638968
0.2573673166666666,21.497021453146203,0.569236271388714,8.218760666666666,1.1308546333333334,0.2766179690758387,0.002718607584635367
0.2530627816666667,20.763334361539354,0.5583568772233906,8.557059333333333,1.1378490099999998,0.3144059975941976,0.0047094027201334335
0.18410533333333334,21.050358724403093,0.5323679434722398,10.072419333333333,0.7455173333333334,0.291606863339742,0.001771608988444
0.32032701133333336,19.21791064880176,0.5105793608732699,9.812216999999999,1.1805508333333332,0.32301240166028333,0.006866534550984667
0.2291765733333333,19.63947434727466,0.5008228695837724,10.939469,0.9236689,0.33289100726445514,0.006861527760823533
0.48798222133333335,18.854053347683493,0.5049173775522758,9.676886166666668,1.4582871666666666,0.33289773265520733,0.0048457781473794995
0.2912485266666667,19.20596048153023,0.509688127731376,9.127478000000002,1.0923247666666667,0.32211708029111225,0.007072210311889566
0.34778138666666664,19.368445486973,0.5040703725793184,8.717083,1.1349124666666668,0.32525863250096637,0.009460926055908134
0.21327835333333334,21.349990151302787,0.5358129468361877,9.199241333333333,0.8038095366666665,0.3189053436120351,0.0017085870107014667
0.7482535,15.818310269664304,0.4483248334353343,8.9483462,1.7830529333333331,0.33901212612787884,0.0034703413645425997
0.18749932000000002,20.04743353303304,0.5287868803938663,9.214808333333334,0.93274795,0.29593408107757563,0.0037775039672851333
0.34219356666666667,17.07857865396133,0.4756934736608494,9.323979833333333,0.9826596966666666,0.33750731746355694,0.0022941430409749333
0.21409899333333335,21.084352409903094,0.5627436583150508,8.175059766666665,0.9395682333333334,0.280788391828537,0.002257188161214167
0.5099663133333333,15.820224078348652,0.46958565728493235,8.079933333333335,1.5064070999999999,0.3556145826975505,0.0014533201853433998
0.17833400666666666,20.439390172572246,0.5473140284451171,8.120804133333332,1.0726372666666666,0.3360596299171447,0.0035778681437174
0.28739416,17.70868014019865,0.4934518084068033,9.354008,1.3815185,0.40960877140363056,0.004896640777587866
0.277874765,19.39542232642066,0.5317966419950569,7.889812833333333,1.6082313133333335,0.35230586926142377,0.002944310506184867
0.17846146766666662,21.232480874620563,0.5366593497698474,8.071748333333334,1.0477124866666667,0.34977453947067255,0.010511954625447533
0.22930406333333334,19.024003312556786,0.5379345864112699,8.078003,1.4064113633333335,0.3700649340947469,0.009126981099446567
0.10970843399999998,21.03906158615716,0.5437305103766973,8.156436933333334,1.0224657333333333,0.3188679913679758,0.0034825007120768
0.24696861,16.844504451480162,0.43447835441781746,20.910890999999996,0.96598812,0.5202600061893463,0.0095233917236328
0.4121524266666667,21.32937742074109,0.565652461210862,7.149037733333333,1.4961210833333334,0.3198004861672719,0.009465297063191701
0.3371342433333333,22.407753485136016,0.5964743348762103,5.432229766666666,0.9588991866666667,0.24434986213843027,0.0097831090291341
0.2249376,21.583319594567143,0.594678680574666,6.134149400000001,1.1298498333333333,0.24714570244153333,0.0072355270385742005
0.3464731366666667,21.426920877368445,0.6332195469667444,6.246359866666666,1.6387612,0.21184273064136505,0.0082457065582275
0.2148875733333333,21.451594213869228,0.6694351134784826,6.751259433333334,1.5991753333333332,0.23160068194071448,0.0067328612009684005
0.5667995833333334,18.52584094513861,0.5143511597474675,7.3198255,1.2821875333333332,0.2536813666423161,0.008241573969523066
0.30783201666666665,21.38508371639199,0.5852197757789387,6.514334366666667,1.2788217,0.2239320327838262,0.007853905359903933
0.12132115666666665,22.718675879271796,0.6427533325970715,7.468120266666666,0.9946678999999999,0.23937379817167917,0.007396618525187133
0.14293708666666669,21.131621259125023,0.6353390710462788,6.223867299999999,0.8785097466666666,0.22762079040209449,0.005811532338460233
0.29691096333333333,16.65809498086648,0.5115967088443015,7.730418099999999,1.0749811999999999,0.3149918665488561,0.007161696751912368
0.18279518000000003,18.55894793897578,0.5175374970633945,7.961644666666667,0.6079515633333333,0.2870275676250458,0.005456765492757133
0.22866724666666668,17.942494420985792,0.5132245342406137,8.5634745,0.7438847466666667,0.30558892587820685,0.008512496948242134
0.3394823866666667,16.99630662356309,0.47650971299555556,8.367788833333334,1.1365011999999999,0.34233212471008295,0.007359504699707
0.29446422666666666,18.783893651472976,0.5531024569949353,7.5425331,1.346898333333333,0.30129295587539673,0.007514874140421533
0.34145573,18.960656223208726,0.5226018838449092,7.725321133333334,1.0783149166666668,0.31418537596861523,0.008025487263997334
0.2968687266666667,19.21100300734236,0.527727266406189,7.6973499,0.9221070166666667,0.2957283655802409,0.008036216100056934
0.3107665333333334,18.83551044432932,0.5299970160399927,7.8059039,1.11224262,0.2750400255123774,0.007872819900512633
0.35238153333333333,18.469180495638383,0.5103517319107077,8.591143666666666,0.9271396133333334,0.30410685638586676,0.006691455841064433
0.2802815633333334,19.418486953910715,0.5338474523736486,8.541870666666666,0.9827707833333333,0.3015293478965759,0.02171111106872557
0.30438656333333336,18.00226232590306,0.5075497545281711,10.332729666666667,1.03400698,0.33197462062040967,0.0111265182495117
0.24108144666666664,19.711134965732743,0.5328520215632361,9.872800333333332,1.0072762,0.29046387473742163,0.009008804957071867
0.45435016666666667,18.88193899959727,0.514911868700604,9.200630333333331,1.171849,0.30825239916642505,0.011405785878499301
0.3732846633333333,18.248803287040456,0.456237171335471,10.717722333333334,0.8701552166666667,0.33578841884930927,0.011808315912882466
0.20937246666666667,20.885573490989984,0.5572083677154103,10.012958,0.9940178199999999,0.2795195480187734,0.005663394927978499
0.48665346666666665,20.037205568746803,0.5156490928292095,8.548398333333333,1.2022631666666668,0.33104507625102997,0.0037257671356201
0.6923870666666666,15.95714956565052,0.4384979500369239,9.525947333333333,1.6373670333333334,0.36589325467745465,0.0088846683502197
0.16943590333333333,18.251356314472698,0.41002558717623144,14.59523,0.8121043833333333,0.37907178203264874,0.010349591573079367
0.37294261333333334,17.129869072779485,0.43044132016739733,11.028378666666667,1.3919051,0.3693316380182902,0.011379241943359333
0.4731276933333333,16.889730959572827,0.4638116776530115,9.352167999999999,1.2430582333333333,0.3186369836330413,0.006094535191853833
0.23650309000000003,18.769005373342395,0.47091881383409134,10.111944333333332,1.2051265333333334,0.3626304864883423,0.0078498522440592
0.37431345499999996,18.794204759885975,0.49308834968734017,9.494624,1.2494075166666667,0.38289114832878113,0.006451527277628533
0.16834090000000002,19.98096429475505,0.5041485973315952,9.770627333333335,0.9874652433333333,0.3030259410540262,0.0081690947214762
0.32000196666666664,19.610968138123607,0.5259926426503938,8.071321266666667,1.14770732,0.33668501178423565,0.0068534215291340995
0.22812042599999996,19.176730333147205,0.5449309905276291,9.987560333333334,0.8704667433333334,0.31034396092096966,0.004949251810709599
0.13983882666666667,21.314441736894235,0.567790894963138,8.807649666666666,1.0132294666666666,0.2908934007088343,0.008591890335082966
0.10483181000000001,20.748570428069257,0.5767921200375743,6.086659333333333,0.5908618066666667,0.18921767671902967,0.009888807932535767
0.17308145,19.988571153739944,0.4736140427828299,6.951560333333333,0.8442725200000001,0.2484263976414998,0.005395650863647433
0.152092908,19.146123585410812,0.5425672030773162,7.704991833333334,1.1102465566666666,0.2569907257954279,0.007109800974527967
0.14986786666666665,19.312078264729454,0.574731078081531,6.900468933333333,1.1315723199999999,0.2520039230585098,0.008165518442789666
0.13902931333333332,19.02842353139623,0.5705119160742802,7.519046933333333,1.1379899666666666,0.23231317599614454,0.007520198822021466
0.184917238,19.243319648314237,0.563194552463864,7.3215709,1.0128290866666667,0.2283314218123754,0.006060838699340767
0.14784349666666666,19.60256960227438,0.5375301911738513,7.4097816666666665,0.9929403333333333,0.2888911763827006,0.0085374514261881
0.17242339666666665,19.051456874019276,0.547367776757289,6.722837599999999,1.0539362133333334,0.3031541307767232,0.006925980250040633
0.12283851066666666,21.6408575845568,0.6200825659467072,6.0132978,0.9912645933333334,0.3039409269889195,0.006847381591796833
0.13518804799999998,21.05802621825941,0.5886963034079462,6.399043,0.9124140533333334,0.3311428527037303,0.006598711013793934
0.33852941333333336,18.30331157195013,0.5512433490619342,5.570369866666667,0.9826513,0.35094988346099854,0.005886713663736967
0.16112403666666666,21.054167155031376,0.6079246815605543,6.229827266666667,1.0014718433333334,0.34530919790267944,0.008299032847086567
0.1082711,21.77513797524148,0.6253177073202002,6.428554633333333,1.0594398233333335,0.377965231736501,0.0102162361145019
0.20631085666666668,18.284027868983497,0.5783967200850345,6.812411300000001,0.6221554633333334,0.3810170789559682,0.0074791113535563
0.116258425,19.211651402315894,0.5798068321855546,7.892903266666667,0.5439759166666667,0.37153497338294983,0.009429852167765299
0.15025472666666664,16.876306689606185,0.5022169575649743,9.073090333333333,0.6080373333333333,0.41523344318072003,0.006804466247558567
0.137703358,17.92040207790523,0.542811874870742,8.820803166666666,0.7904077866666667,0.38920340438683826,0.0033668677012125333
0.12685174133333335,17.472617891975613,0.5350445255975288,9.265621333333334,0.6893763733333333,0.37493908405303955,0.007286866505940699
0.29758255333333333,14.898977904662843,0.45776409091256137,8.301708666666666,0.5166035999999999,0.42977463205655414,0.008590777715047133
0.12814970666666667,18.825788610880725,0.5512404474894277,8.111482333333333,0.9396106766666666,0.37426889936129254,0.007582108179728167
0.07936614,20.613834968030872,0.5817141938530755,8.098197766666667,0.9614502866666667,0.3885144591331482,0.0034653345743815
0.16007418166666665,17.397332422545762,0.5114315936522561,8.142693,0.6804888066666667,0.4414263566335042,0.0090532302856445
0.11668659266666669,20.330236210242962,0.572119076801452,7.383789266666667,0.7845743000000001,0.40206584334373474,0.009681622187296533
0.14724471666666666,19.239277151235594,0.5595482257959685,6.893394166666667,0.6708569966666666,0.40486512581507367,0.010400136311848933
0.20364298,17.342310525580487,0.49943007435653297,7.472628566666667,0.6148868933333334,0.437365859746933,0.009033679962158167
0.18087257666666667,18.117990714172617,0.5354343303743226,7.338733566666668,0.9376313466666666,0.3707834581534068,0.0119202136993408
0.2328281733333333,16.9237906396992,0.4941687573810943,7.966977733333333,0.6722707866666666,0.3693605760733287,0.011922756830851167
0.18785053333333335,16.524001595743716,0.4910139082764137,8.569722666666665,0.614109,0.35573647419611615,0.009367545445760033
0.13074975333333336,18.386095392072477,0.5480067002924721,7.776338833333334,0.81675205,0.3159118394056956,0.005499362945556634
0.15473587333333333,17.347055012525217,0.5453223999089284,8.2983122,0.8279834266666667,0.34788957238197327,0.005197048187255833
0.13790087466666667,18.846239021142903,0.5736175450123079,7.2782200999999995,0.8814740333333333,0.32028061151504517,0.0088223616282145
0.11026649833333334,18.745635099715283,0.5673884757629472,7.313995666666666,0.6795496333333334,0.3092781702677409,0.007237434387206966
0.08881088300000001,19.669359133371042,0.5995999021631985,6.640638466666666,0.85604406,0.2768573860327403,0.006112257639567033
0.12739583133333332,18.338174584864007,0.5389453945464101,6.963291133333333,0.89266802,0.2934757769107818,0.008702754974365167
0.51214038,13.662646280962354,0.352365959295666,29.526493666666667,0.40342741,0.5325732429822286,0.009319225947062132
0.22218112333333337,25.839455110898523,0.7220417964076318,5.6589499,1.4041549166666665,0.24829979737599692,0.0120344956715901
0.26855153000000004,21.479232796364162,0.5740423932424298,5.227136000000001,1.0200041,0.1692173331975937,0.0067768096923827995
0.17273243000000002,21.926233466350595,0.6315623615138956,6.369551433333332,0.7495510066666666,0.21711015701293945,0.006755987803141267
0.14064313,21.73000740792961,0.6136566716498149,7.0663038333333335,0.79025705,0.19439603885014853,0.0048291683197021
0.13228932333333332,21.28943041961998,0.6250766764925033,8.3206168,0.8672629166666667,0.2278329332669576,0.0061384836832682
0.24322847333333333,18.766973416085147,0.5404684593396408,8.5769316,0.93293969,0.26426918804645533,0.004218022028605133
0.13351546,21.039504262091217,0.6239837478549548,8.210784433333332,0.92802338,0.21990798910458878,0.006009260813395134
0.12868170366666667,20.777571987048695,0.5660808539361354,8.163403233333334,0.8355847000000001,0.20071355501810706,0.008664687474568666
0.130654525,20.712585257897597,0.5699888871400126,7.983320866666666,0.8462291666666667,0.24668770035107926,0.0107321739196777
0.153939618,20.780489309195712,0.580219881619052,7.403296999999999,1.0035077466666669,0.24093277255694068,0.008323748906453399
0.14998464,20.55816322484007,0.598899154818422,7.404053166666667,1.1962955666666666,0.2214550326267878,0.0068234602610269994
0.2492959766666667,18.25759899449848,0.510599940913251,7.729602166666666,1.1231816333333333,0.2990341186523437,0.005202531814575167
0.19269042199999997,19.432775700284594,0.5587014084804524,7.463575733333333,1.1710353,0.30063236256440473,0.0110551516215006
0.19580909333333332,18.958282156725684,0.5624216971398927,7.4570939,1.1669049333333332,0.2848465293645858,0.004603306452433267
0.14779703333333336,19.616147069394774,0.5342581587852485,8.224817666666667,0.9660789833333334,0.31594340006510413,0.007303555806477833
0.23062309666666667,17.840812102839955,0.5023357700412442,8.342779966666667,1.0085517433333333,0.2975130677223205,0.0066745281219482006
0.14056583,19.570043078452,0.5631811120505944,8.434349333333332,0.9609430666666667,0.2774181365966797,0.0110257466634114
0.16329759333333335,18.51202447329727,0.5402304257440994,8.615635666666666,0.9283944333333333,0.28976052502791083,0.006970246632893834
0.14752914333333333,18.367346339874544,0.5392219109333195,8.832824666666667,0.8017359433333332,0.27448055148124695,0.0076986153920491004
0.12111718666666667,19.461150496845626,0.5597696583635542,8.549292333333334,0.7531172833333333,0.30002644161383313,0.0079087416330973
0.12185584,19.36049266347129,0.5515539154644181,8.435710833333333,0.6298117666666667,0.28787415226300556,0.0031916300455729
0.24962487000000003,16.81401187931984,0.4882803827317188,8.916476333333334,0.6498855533333333,0.3262544870376587,0.0037424564361572
0.15625123666666665,18.6304143904556,0.5314545250507489,8.774368333333333,0.8414302166666667,0.3013139218091964,0.011039495468139635
0.11962580466666665,19.396461984988605,0.5514803356330168,8.915554,0.7696752966666667,0.28749444087346393,0.005385319391886367
0.14235291333333333,18.923693881485796,0.5564921208728378,8.642515000000001,0.77449813,0.29598914583524066,0.0054504871368407995
0.14106121866666665,19.60152633758686,0.5691802247151017,8.804194666666666,0.8350166666666666,0.27870906392733247,0.005043665568033834
0.13026703666666667,20.456859896422678,0.5675785505415892,7.444859233333332,0.8269354666666667,0.2819568812847137,0.007835467656453399
0.16002383666666667,20.11742679226725,0.6295636062950593,6.315165133333333,0.9073486833333334,0.26313353578249615,0.008615255355834933
0.10830740666666666,21.544474421734765,0.6198966786685677,7.112724,0.9254821466666666,0.27858043710390723,0.008564631144205666
0.15573858666666665,19.277276022378143,0.5628530671778991,7.630408933333334,0.8237578733333333,0.2901716281970342,0.009515206019083634
0.08768612766666667,20.98856664572223,0.6160006387889146,7.2004364333333335,0.9710780666666666,0.24350961049397787,0.006140549977620434
0.148293592,16.99080660309373,0.5368138099193884,8.311719466666666,0.9578512333333333,0.31447146336237586,0.010381698608398401
0.8763897233333333,21.19532195887326,0.4506497608099609,4.7487132333333335,1.4129864799999998,0.23302405079205832,0.008480628331502234
0.52255044,20.210800103155414,0.41681730872617223,4.854835966666666,1.360390166666667,0.16108925143877664,0.006939172744750932
0.5668121166666666,18.499572794617713,0.3157320809518189,5.712070999999999,1.1451188866666666,0.2541085630655288,0.006811618804931634
0.32355612,18.538252958776827,0.5262257550254205,7.319351766666667,1.0664016833333334,0.2261970341205597,0.004726568857828767
0.35890007,17.4806289033484,0.4766748806620038,9.027313766666666,0.99521441,0.22404488921165464,0.008672396341959633
0.31356101,17.112528489966433,0.4391486526651503,9.406290666666665,0.9353123333333334,0.2537316332260768,0.022526979446411133
0.24478952333333334,18.638816960321126,0.48317666895977357,8.549391166666666,0.9467897166666667,0.21064032614231107,0.0100435415903727
0.20579133333333333,18.92844493044633,0.5196789331988407,8.540689,0.97863808,0.21918134888013205,0.0159762700398763
0.14255117333333334,19.535774964447658,0.5616871551649574,8.568011666666667,0.7453016333333333,0.2194189578294754,0.009849071502685533
0.1648764633333333,18.736218651420714,0.5237276023609864,8.061531333333333,0.8466837133333334,0.22918959955374396,0.0086435476938883
0.15589249666666669,19.989223227699583,0.5564827297861513,7.060752699999999,1.1286075466666665,0.22244379421075186,0.0082791646321614
0.09779749166666667,19.974750668357704,0.550084804107443,8.402791166666667,0.8414120433333334,0.2418253024419148,0.0055894056955973
0.10901643833333334,20.07483158899993,0.515307793170163,8.290479333333334,0.7409054666666668,0.2771138946215312,0.0082861582438151
0.1706430733333333,19.093545192321706,0.489621600144787,8.3969412,0.9670302666666665,0.3345521191755931,0.0096791585286458
0.20403832,18.74543700885434,0.5105243362200741,8.282762933333334,1.1012053666666666,0.3080059190591176,0.0105350017547607
0.24734145,18.741372793190322,0.4768997002429483,8.236847866666666,0.8666908533333334,0.35613398750623065,0.012182474136352464
0.2425030433333333,19.419691425374555,0.5354807807388818,7.579631666666667,1.1065806166666667,0.29939470688501996,0.0085303783416748
0.26598609999999995,18.50309666850409,0.5132336739759662,7.432279033333334,0.8901659666666667,0.3351057668526967,0.010513782501220667
0.17608549333333334,19.932189891821746,0.5469353550512303,7.705305533333334,0.8815288,0.31741638978322345,0.008173465728759733
0.22374142333333333,18.982711420776937,0.5187690795057449,8.0457129,0.8732550333333333,0.3505128522713979,0.0061838626861572
0.25362503000000003,17.74505987062266,0.5007432914836865,8.792512333333333,0.8411846133333333,0.3499695161978404,0.0034526983896890997
0.15912057333333332,19.237100347608727,0.5025817217135008,9.867541333333333,0.6462173166666667,0.3708478510379791,0.007197380065917933
0.16739584,18.560559211827023,0.5117588990358984,9.579330333333333,0.7625246200000001,0.3626675208409627,0.0033973058064778335
0.27672722,15.500048768482488,0.4838789893085476,10.727319999999999,0.78787216,0.3478292723496755,0.003386179606119767
0.15142172666666667,17.562021737365285,0.46428603047704264,12.155800666666666,0.67547361,0.37895238399505615,0.010739405949910468
0.23145001,15.752061606503439,0.44640139223270675,12.031953,0.6210251233333334,0.37191225091616315,0.009568532307942667
0.22409895666666668,16.147922568422917,0.4333450254339382,11.724982666666667,0.6327469499999999,0.36826138695081073,0.007439454396565734
0.18109297666666668,17.489509352924838,0.48732289755555874,10.527010333333335,0.7560146766666667,0.3414875666300455,0.006805419921875
0.19519824,17.527683056865115,0.49510672476636347,10.698737999999999,0.8392120433333332,0.33816273013750714,0.004769007364908834
0.27251673,17.628396218654995,0.5116570818928162,8.776305,0.9715411666666668,0.3387044568856557,0.0040932496388753
0.3253128033333333,16.66306546609998,0.4623554020961513,9.478988333333334,0.7405017633333334,0.3518337706724803,0.004128615061442033
0.24044173333333332,17.861959292317305,0.5131798496904392,9.278502833333333,0.8783886999999999,0.325614700714747,0.008807102839151967
0.33296302,18.964560105285216,0.5265070132796653,7.9247421,1.0657761533333332,0.3309088150660197,0.0094798405965169
0.27173475666666663,19.093716757467103,0.568726076849326,7.230561466666667,0.9802560166666666,0.27920299768447876,0.0053493976593017335
0.21118269666666667,21.009238490724726,0.6017447655268541,6.946084566666666,1.0223155933333332,0.2734457850456237,0.0051141579945882
0.3952902,18.451532021903855,0.5465046390293035,7.245908833333334,1.2053914466666666,0.272029419740041,0.005152702331542966
0.4214550666666667,18.243521416888647,0.5226106294513432,7.0926072,1.0706484166666668,0.29183340569337207,0.007904688517252567
0.18081589,20.360397829216236,0.5842693794518651,7.3324583,0.9325169333333333,0.296175127228101,0.0074512163798014
0.12402355333333331,21.290830730288267,0.607310206565625,7.342407000000001,0.8504865,0.28228534261385596,0.006456772486368767
0.17846332333333334,16.730792520728784,0.40473115233181106,28.464344666666666,0.58860002,0.46953707933425903,0.004851977030436167
1.077416615,23.01068368619107,0.5795089375721257,5.2525838333333335,1.7222336333333335,0.2284827629725138,0.007988532384236633
0.8737956900000001,21.68150145823635,0.5471122966778315,5.592540199999999,1.1251242233333334,0.21846590439478555,0.0080317656199137
0.25036668,22.391847989382143,0.6214737414891192,6.604755866666667,1.1277597333333336,0.2587961753209432,0.004979928334554034
0.24436462333333334,20.868021347510272,0.5709874690338443,7.2477148,1.1846834333333334,0.269157608350118,0.010317405064900666
0.19757398166666665,20.577385800365615,0.5751315836892487,8.600794166666667,0.9767258333333334,0.254817654689153,0.008966843287150033
0.17668726,20.69571214385302,0.5956894321992062,9.051704666666668,1.0114493333333334,0.2474340945482254,0.006587266921997033
0.1556531733333333,20.881037676165203,0.6088927554918522,9.581126,1.15202625,0.24773362775643662,0.006885766983032167
0.32988982666666666,17.840361633288165,0.4738745907381114,9.816193333333333,0.6398282666666667,0.24924048284689584,0.006026188532511367
0.20992202333333332,19.866197266020777,0.5551895851542327,8.265308666666668,0.78063832,0.2376872648795445,0.006624778111775667
0.15837026666666668,21.7786903339523,0.6656741077419559,7.779211,1.22027326,0.24730518460273743,0.007433414459228467
0.14482009333333332,21.707861155081375,0.6341708278692217,8.111364566666667,1.2242107766666668,0.2560663223266601,0.011570533116658498
0.21992648333333334,20.073547126008936,0.5774590924751979,8.275026666666667,1.1763237999999998,0.27322612206141156,0.009720245997110967
0.1555250566666667,22.31699835993783,0.6189434704500743,7.5398194,1.1813891,0.234836479028066,0.009557406107584565
0.2959468733333333,17.986617220656484,0.5322878496300718,8.202054666666667,1.3856256,0.3077923854192098,0.006832838058471667
0.13854414666666667,20.73002861627559,0.5785441236000729,8.550865,1.08818245,0.2884060889482498,0.004606803258260067
0.18484788666666666,18.944420231878095,0.5280958756136755,8.742163,1.0056518166666666,0.31585377454757685,0.009062528610229433
0.080382552,22.41817116328841,0.5923206116359826,8.384243666666668,0.8420131666666667,0.2804407278696696,0.004389444986979167
0.1691918086666667,20.22469980528933,0.5613769722619234,8.800911333333334,1.0137997333333333,0.29533129930496216,0.011735121409098265
0.17103158666666665,21.067937470553776,0.5661792090607093,8.380887,1.1058402333333333,0.30857899288336427,0.006537914276123033
0.13350002066666666,20.20084722416692,0.5569305524285032,10.2416395,0.9850250833333334,0.3047640522321065,0.009383281071980734
0.15414648,18.93775358885698,0.5131468328585229,10.295749166666667,0.9128427133333333,0.3290952046712239,0.0072498321533202665
0.18163303,19.097738694398,0.5015444036037832,11.315659000000002,0.8305917866666667,0.35836540659268695,0.0066886742909749
0.12139537666666667,19.800112830998724,0.5368028405906445,10.293830333333334,0.7904106766666666,0.3117860158284505,0.0080435276031494
0.12906657200000002,20.816823399379555,0.5661090112220273,9.5862975,0.9709891966666668,0.3045419106880824,0.006008863449096634
0.1584736933333333,18.62416851137475,0.487760035223062,11.257271666666668,0.8084838666666667,0.35989996790885925,0.007786750793457
0.14541319,19.880542473691417,0.550003268803913,9.232598666666666,0.9530273233333334,0.3147706389427185,0.006083726882934567
0.19450768,20.302211180537398,0.5636777639802254,7.908312000000001,1.0721161333333333,0.29572496314843494,0.006935914357503233
0.15991370000000002,19.734514627054903,0.5416244825111676,9.459453333333334,1.0373253333333332,0.32317595680554706,0.010553439458211201
0.1669185,19.31752674303111,0.519750022346743,9.343569,0.76769438,0.31500521302223206,0.007424434026082334
0.18542018000000002,20.14075294195563,0.5781146905456122,7.8899829,1.1112249666666667,0.28333215912183124,0.0081247488657633
0.37944964666666664,17.766446015870702,0.5008289359989172,7.717772933333333,1.0271160133333335,0.29470498363176983,0.008003473281860267
0.21210737000000002,19.333349487672184,0.5359629256399908,7.765546066666668,0.8041316500000001,0.2784220178922017,0.007213195164998333
0.34242873333333335,17.322982776380847,0.4963629143162224,8.574332833333333,1.0031409666666666,0.3438444038232167,0.0048568248748779
0.21872667333333337,19.589144100425866,0.5655231135822355,7.861282333333334,1.1246115,0.27059534192085266,0.0052510897318522
0.3840097433333333,18.323610101984134,0.5373381630723024,7.717659666666667,1.4401453666666668,0.2677208284536997,0.007986466089884401
0.3198280666666667,23.321234362366273,0.5489299053370501,8.218270466666667,1.6371149666666664,0.37376201152801514,0.006805896759033166
0.2668017366666667,23.20277926304649,0.6188501913383223,6.2124618666666676,1.2781439666666665,0.27887261907259625,0.0079552332560221
0.51439424,20.07882010222451,0.5605438570092748,5.994439766666666,1.6445042666666667,0.2866834551095962,0.0074400107065836
0.50866965,20.782432638074116,0.5602722523650631,6.070511466666666,1.4921360333333336,0.24237759908040366,0.0072968006134032995
0.21185584333333332,22.073485974499533,0.6107701598797157,6.78025,1.1455350166666667,0.27219508091608674,0.006233294804890933
0.13427350000000002,21.4105876392552,0.5662253545922681,8.473412333333334,0.9237897466666666,0.2725032269954681,0.007159550984700468
0.24206313499999998,21.691559269908215,0.6094662886199216,7.319468133333333,1.4865399666666665,0.29382555186748505,0.007180372873942034
0.09916764666666666,23.536813660974243,0.6274653422413953,7.960533833333334,0.9365814333333334,0.27357135216395057,0.004648844401041667
0.09876576533333332,24.2004063720582,0.6574849001738275,7.074680866666667,0.9394986,0.24210418760776517,0.0040775934855143
0.16997340333333333,22.682456719351787,0.6212542680741565,6.064649566666667,0.8369781233333332,0.29453615347544354,0.00745423634847
0.11205278,25.2977605416756,0.6684671258850442,6.182832466666667,0.8874693666666666,0.25255417327086127,0.0058317979176839
0.17905394133333333,22.800289714028853,0.6079408456699457,6.7324865,0.9597614999999999,0.2826072126626968,0.005144357681274366
0.12158511466666666,23.996364057337157,0.6365068190907116,6.6868315,0.94069761,0.2622465540965398,0.009730656941731733
0.16625201333333334,22.629579020675454,0.603621953600501,7.3687670999999995,0.9605528200000001,0.3026499400536219,0.0040349165598551
0.09587730866666666,23.5490212514481,0.6155359148165646,7.873970833333334,0.6636431100000001,0.2646944622198741,0.008054812749226833
0.16159736,20.966383881368863,0.5505260562524749,8.909452666666667,1.0186305900000001,0.2939127633968989,0.006912072499593067
0.14284618333333332,21.234837150773377,0.5628287272439376,9.424636666666666,1.06414731,0.3277173141638438,0.005936781565348267
0.14613616,20.310737772974296,0.5264714116876328,9.879441666666667,0.81876958,0.3285621106624603,0.0050390561421712
0.1612989,20.19679993667605,0.5361675468760357,9.625690333333333,0.8439394433333334,0.300259992480278,0.007787386576334599
0.22653815666666666,20.065533513499034,0.5531718207142858,8.102747333333333,0.9103015166666667,0.3026857723792393,0.006641546885172466
0.233244342,21.257239282486463,0.5845938443927934,6.864331433333334,1.0079915533333332,0.26726658145586646,0.012232462565104135
0.19476293833333336,23.46079788817224,0.6246399819385046,6.935349833333333,0.9969447866666666,0.3021533985932668,0.0078174273173014
0.1730496566666667,21.173436742539856,0.5743612897027431,7.5246678,0.8055009433333332,0.2797869245211283,0.0062669912974039335
0.18831872333333333,20.769731946833556,0.5634030016595334,8.316164333333335,0.7425106333333334,0.31951682766278583,0.0088414351145426
0.18431437000000003,19.300004559389965,0.5357204658801376,9.333303333333333,0.73179281,0.3098074992497762,0.004117965698242167
0.132314395,20.260560200819928,0.5453906352382162,9.757798666666668,0.8874498666666667,0.3596094250679016,0.006848653157552067
0.11759179133333332,20.279206519619148,0.5404228672757064,10.024197333333333,0.5997393000000001,0.3080917497475942,0.0034256776173909333
0.13043927833333332,20.25612572783854,0.5189470385427413,9.733809666666666,0.5303167166666667,0.3268474340438842,0.0106133619944254
0.25195619333333336,19.96961910263429,0.5375318070546011,8.271782333333334,1.1625544,0.3400292148192723,0.010857025782267202
0.20445757333333334,19.013493904167643,0.5374635312873693,7.937327766666667,0.8637687666666666,0.30414233605066937,0.0076520442962646
0.28498332333333337,16.814757393213913,0.49349878832762606,8.509380466666666,1.0871885,0.38326634963353473,0.0040512879689534
0.10451119333333332,20.577132331972038,0.5594292432140769,8.160156200000001,1.0705854333333333,0.34054022034009296,0.009319543838500968
0.10717306,20.85728161398986,0.5662000711809736,7.1869939,0.8440439999999999,0.31853819886843365,0.0072660446166992005
0.21678400666666667,18.78290903772835,0.5429765944702721,6.7090669,1.16011178,0.41273446877797443,0.004635254542032867
0.18746288766666666,19.987881415969095,0.5871793711373905,6.460815866666667,0.8630326799999999,0.3223437120517095,0.006662686665852833
0.12690614266666667,17.73106010911624,0.437532189093557,25.950849333333334,0.7150600566666667,0.4174107114473979,0.007459878921508767
0.9362887033333332,24.471676751606324,0.5979596000019578,6.066659433333332,1.1042180000000001,0.26521287858486176,0.005134105682373034
0.10349978,26.241011752254565,0.694436266421671,6.148075866666667,1.1486607,0.24934464693069455,0.006086031595865834
0.20024372000000001,21.984313207041538,0.6393813207797714,7.317344466666666,0.9991510433333333,0.28401221831639606,0.007811069488525367
0.20460792333333333,21.712494305822123,0.6172259449260342,7.8079063333333325,1.2066916666666667,0.2497201710939407,0.006769021352132133
0.16311140466666665,21.725521523417346,0.6325038511206599,8.769931999999999,1.0934088,0.2690746486186981,0.0053787231445312006
0.13607029466666667,20.83225009065923,0.6026471299061796,9.670553333333332,0.9931745466666667,0.27790387471516925,0.006868203481038366
0.23892670333333332,18.972958246363746,0.603470067921046,8.598437566666666,1.4070775166666667,0.2592890163262685,0.0054968992869059005
0.1827448766666667,19.317634470660302,0.6083937111075975,8.013628899999999,1.0349281,0.2720729509989421,0.015522241592407166
0.097901725,21.986305617485527,0.62644148251369,7.454361333333334,0.7767355866666668,0.25142340858777357,0.009034872055053699
0.11781683,20.874139814943707,0.5673791036900038,7.5596117000000005,0.6970532766666667,0.273340384165446,0.006728331247965467
0.16226177,21.329354839222727,0.6409979267320457,6.506911633333334,1.3435255,0.25378759205341334,0.008929491043090767
0.11743698333333331,20.902711955127035,0.6249514331467576,7.755891433333333,1.1374981333333334,0.27559110522270197,0.010741154352823834
0.15271569799999998,21.39875930675048,0.6341108461277661,6.9504123,1.3248876333333335,0.2397092282772064,0.006752173105875634
0.14335949666666667,21.375549885138412,0.5949650797808889,7.5865125,1.1822539,0.2705068091551463,0.0088868935902913
0.15055659000000002,22.020408571950185,0.5845630676997614,8.220522333333333,0.89532724,0.277454470594724,0.006782770156860333
0.2604401,19.184273126029833,0.5758745982975165,7.640814,1.3856155333333333,0.2733912169933319,0.011334816614786733
0.19957122000000002,20.275885252287285,0.5882801317110394,8.2173151,1.2474346666666667,0.2756777852773666,0.006708145141601534
0.22230014666666667,18.799241518185585,0.5405698814988482,8.889275,1.2268307333333335,0.29361656308174133,0.011445999145507766
0.32836039,17.454419698839185,0.5062972284410988,9.392187,1.293741,0.30745596686999005,0.008190790812174433
0.16726939666666665,19.74633496279053,0.56763223689528,9.533096666666667,1.1350987333333336,0.2748436282078425,0.008145650227864534
0.2388001333333333,18.38916874406675,0.5180767583041309,10.072459666666667,1.2436548866666666,0.34657631317774457,0.007079044977823833
0.31126275333333336,17.7363569580824,0.49558405878704787,8.881754333333333,0.99226955,0.3247851431369781,0.003340323766072567
0.3697522833333333,18.000456875474924,0.518673337519859,8.2799691,1.4069853333333333,0.2996444801489511,0.009500026702880799
0.29916557,19.163038812617277,0.5061323113177966,8.945733166666667,0.9358801366666668,0.33288485805193585,0.0067299207051595
0.56485095,17.347388948721164,0.47678686415912175,8.278548666666667,1.1389689666666667,0.32628631591796875,0.0060484409332275
0.6879906299999999,17.620398378112466,0.5057670633149344,7.584277,1.43103712,0.31425004204114276,0.007668336232503233
0.46830074000000005,18.17925011355726,0.5034019075774833,7.8290178,1.3153234666666667,0.3167260984579721,0.004899501800537067
0.28978300333333334,19.198408817563,0.5305148685939752,8.818241500000001,1.1652970333333332,0.3446432153383891,0.006881078084309867
0.23175324,19.94615654365347,0.5598397811026975,8.3325285,1.2304502,0.30164282520612073,0.0083061059315999
0.37064779999999997,17.798143652535718,0.5224008059184798,8.846215666666666,1.3102535333333334,0.3005369007587433,0.0026725927988688
0.3770859866666667,16.96405145143316,0.5142654898573178,9.458618,1.4007298666666668,0.2942957679430644,0.005138874053955067
0.3303620566666667,18.6041793490061,0.5557138264611472,8.011683166666666,1.3644251333333335,0.270137424270312,0.004744370778401666
0.37532932,18.949416145314814,0.5508792235983867,7.877348100000002,1.4122505333333333,0.2678000529607137,0.0054659843444824
0.3135478133333333,19.06884847857762,0.5539539823621423,7.679859233333334,1.4033301333333335,0.27604755759239197,0.009354750315348267
0.43009837666666667,19.857685792503343,0.5560819864653674,6.6961749,1.4022381199999998,0.287547081708908,0.010373830795288032
0.38424148666666663,19.44027068042875,0.5697754272738499,5.849804866666666,1.2953074666666666,0.27637966473897296,0.0061545372009277
0.23560427333333334,21.81789561203586,0.5916522932217175,6.197850333333334,1.0454487466666667,0.279167354106903,0.0066506067911783
0.40361849666666666,17.750560261102574,0.5363083060630414,6.589141533333333,1.4531628,0.2394590278466542,0.005352417627970334
0.3148213933333333,19.469750590115535,0.561860609628379,6.096231433333334,1.3189479466666667,0.245355208714803,0.009489695231119767
0.26360759,19.170242007388364,0.4499152682629913,6.692303,0.8321887433333334,0.15298530211051298,0.006137212117513
0.29008654,17.81820909782469,0.4155119841260964,8.506504833333333,0.75221012,0.19461999833583823,0.008567333221435533
0.100311687,21.870071727072258,0.5470249397882573,7.9884429,0.9126532533333332,0.1257957170406977,0.009858926137288334
0.16482429666666668,19.683347657188005,0.529356178324476,8.848423666666667,0.8476184,0.20511917273203528,0.004736582438151033
0.26734678,17.894942579407992,0.43987784177102,8.394346,0.7587299566666666,0.23242205381393433,0.0078337987263997
0.24702801,18.215757706396218,0.5751955230839211,8.892927333333333,1.1097355666666668,0.21752528846263883,0.005629062652587867
0.20325679333333335,18.935638588133205,0.5448707287916648,8.506454633333334,1.0816863666666665,0.2128764192263285,0.0034368832906087003
0.201956948,19.19322116032217,0.5438310059677618,8.092235833333334,1.02102218,0.2155568699042002,0.010185321172078432
0.12211391166666667,21.04048481789817,0.6103362079541484,7.701954533333333,0.9378607333333333,0.21285358568032578,0.006810744603474934
0.21768988,18.250328611250172,0.4833829421925208,8.164197333333334,0.9831911999999999,0.2224870820840199,0.009147882461547832
0.19110092666666667,18.413159316734216,0.4637409239804377,8.879798000000001,0.97406448,0.3091343641281128,0.009975751241048133
0.24818976999999998,18.368192684371138,0.5088109968791908,8.5962872,1.1939001466666666,0.36728472510973614,0.0059785842895507665
0.3883584633333334,16.998467108120515,0.4792565659851136,7.665990333333333,1.1139150333333332,0.317751278479894,0.004905621210734033
0.38484114,17.31816647075355,0.4855754125396661,6.934714,1.10710135,0.32692135373751324,0.004206895828247067
0.48186341000000005,15.901386871766862,0.4685932462412601,7.4536795666666675,1.2070549133333335,0.33738773067792255,0.006858030954996733
0.22852636999999998,18.737642251131323,0.5170072885924054,7.6735356999999995,0.8681294666666667,0.35270442565282184,0.0063645044962564665
0.16358338466666666,19.485161803381498,0.5135903630202036,8.425097,0.7836994166666668,0.397941529750824,0.008631308873494399
0.17418878999999998,18.82194653193901,0.5082387112059976,8.6034345,0.7861072933333334,0.39004239439964294,0.008196433385213166
0.19005696000000002,17.696978145471007,0.4654328805620274,9.879606,0.7130417133333333,0.3993816077709198,0.003341039021809867
0.19030903,16.964934432524267,0.45920998859936607,10.038931,0.5949282666666665,0.4238945742448171,0.0034909248352050664
0.10623729666666666,18.839748202926792,0.49012712412537224,9.852403333333333,0.93536054,0.37329549590746564,0.006197293599446566
0.13608368666666668,17.155513664766712,0.44994320577728875,10.5162255,0.4988060433333333,0.39147478342056274,0.005132595698038734
0.12705557999999997,17.370198226006593,0.458684312966805,11.245585,0.5435408166666666,0.4391883810361226,0.0108720461527506
0.13264945,17.11879070803897,0.4739233270522301,10.817200666666666,0.49237726333333337,0.38678910334904987,0.007907231648762966
0.129893862,17.682848959448542,0.46920814939143524,10.586415666666666,0.4863370166666667,0.38903213540712994,0.008315881093343067
0.09987602833333335,19.2844091133901,0.5243259245180975,10.077046833333334,0.62672639,0.3564436038335164,0.011147658030192001
0.14950634666666665,18.016291278613426,0.4713359805253959,9.644592999999999,0.6349213266666667,0.3883468707402547,0.008149703343709267
0.20808993,17.411587771296364,0.4793122127414981,8.459971666666666,0.5963442033333334,0.3628399968147278,0.0128815174102783
0.19424374999999997,18.22351461256346,0.5054887800098237,8.173324666666668,0.8561037033333334,0.3406919240951538,0.0062130292256673
0.29873103333333334,15.793493331489769,0.4498839661326552,9.014093333333333,0.7399018133333333,0.3396298786004384,0.007128159205118767
0.19248208666666666,16.704847618514908,0.5133129676835168,8.513308666666665,0.8105759133333333,0.31070626278718305,0.0069452921549479005
0.19648042,16.60809616872197,0.5055382740747952,8.837240333333334,0.6207384466666667,0.35190614064534503,0.008848269780476833
0.18530615666666664,16.619166185084065,0.5048115119388056,8.876091833333334,0.7345440466666666,0.302386442820231,0.006122430165608666
0.13410891,18.314707211208926,0.543412774351598,7.4873838333333325,0.52588579,0.29037713011105853,0.005944808324178034
0.5995360266666667,21.069105252894843,0.5453788844865409,7.680384433333334,1.5846013666666667,0.3057614763577779,0.007242600123087532
0.2593394566666667,23.126602817133175,0.6208780683516112,7.018834899999999,1.4628179,0.265730341275533,0.005544026692708333
0.3409102933333334,19.5724818111801,0.5064397307907335,8.300496333333335,0.9135632533333333,0.3168658514817555,0.008136192957560165
0.31170409000000004,21.446597058243384,0.5982205668263624,7.6723059000000005,1.5841559,0.32809951901435846,0.007388114929199199
0.14562332333333333,23.02854470271897,0.6180834635936224,8.104708533333334,1.2144095133333332,0.26264729599157965,0.011963208516438733
0.15219817000000002,22.664652934640213,0.5765820733890502,8.701332666666666,1.0045344333333333,0.2718878487745921,0.006069103876749633
0.12986175666666666,23.204276811386553,0.5687749620105472,9.288217333333334,0.5909592,0.3217712640762329,0.003339687983194967
0.10816810666666667,22.041883944195636,0.5403063942894452,11.19094016666667,0.6876745999999999,0.2984320819377899,0.012910366058349533
0.23211815333333333,20.206413099632854,0.5070141761640715,11.127775,0.8931952333333334,0.3218688170115153,0.008774518966674767
0.28059360666666666,20.613660231966524,0.5164017344211661,9.935999666666667,0.9184527333333333,0.3180342217286427,0.0055988629659016334
0.20447691666666667,22.734953287057536,0.5698741476742663,8.810392333333333,1.0192489533333333,0.31495659550031024,0.005227168401082334
0.18976579666666668,21.638417363006145,0.5348329051110193,9.917664666666667,1.0975698,0.29915929834047955,0.0064317385355631
0.26321620333333334,19.78321621154585,0.5073776986394478,10.683912166666667,1.2564475666666668,0.3402600387732188,0.0069607893625894665
0.15275456166666665,22.88662682371381,0.5491077767474195,10.084493499999999,1.0112442566666666,0.2960061877965927,0.0080167452494303
0.08429867666666668,24.85586686396177,0.5667676966450642,10.866038666666666,0.7396471033333333,0.3121778915325801,0.0067460536956787005
0.19543675000000002,22.650874029587936,0.5185157235090089,10.039394166666668,0.9506463966666666,0.3649437129497528,0.009200414021809865
0.12971501,23.579499937406258,0.5355968445783096,10.906202833333333,0.81211343,0.33131473263104755,0.009810527165730767
0.30720052533333336,22.062364555361057,0.5094478524532176,10.419646166666666,0.9605430333333332,0.33337002992630005,0.009260813395182267
0.189091,24.83241977144505,0.6017598403955885,7.862088033333333,0.9648395166666667,0.30279607077439624,0.0067023436228434005
0.18206374,24.928651271031853,0.6032230107209803,7.798625333333334,1.0835916,0.3139138917128245,0.011781056722005167
0.24525162499999997,25.06422686660348,0.6305749026547671,6.978177266666667,1.08075538,0.3093769550323486,0.011243422826131166
0.4094131433333334,25.036890492395628,0.6100855507889663,7.3931659,0.8530992666666668,0.2905216664075851,0.005188067754109666
0.7845839333333333,23.415518000932366,0.610277194995944,4.8894784,2.0633374666666664,0.34007208546002704,0.009924332300821901
0.95642726,21.89698766272733,0.5634538433365966,5.724167266666666,2.4761919000000003,0.3762521743774414,0.008174896240234333
0.49539913666666663,20.322560869970076,0.47842197062179537,9.03954,1.4108554,0.4011908868948619,0.009862343470255499
0.15855402533333332,23.37650794115376,0.5112002630202649,9.927840833333333,0.9003151733333334,0.4127734104792277,0.0072483221689859335
0.165131155,22.230478711521318,0.4778941296716129,11.738427000000001,0.8616188,0.4093943436940511,0.0081241130828857
0.19502298333333334,21.754818658018817,0.4802689762189453,10.752123833333334,1.1405756666666667,0.44838517904281616,0.004339456558227533
0.13741677,23.46277753930821,0.5297331987172688,9.125284666666666,1.0342135000000001,0.3970138033231099,0.009012381235758399
0.24829810333333335,21.735684775305888,0.5504233643067833,8.220045066666668,1.1651071666666668,0.3549371659755707,0.009505192438761367
0.29686794,22.515359089648268,0.5642039791352765,7.836827766666668,1.1995049333333332,0.34398965040842694,0.0042916138966878
0.2285108933333333,22.09260468058056,0.5502634344270595,7.9657507999999995,1.1657926533333334,0.3525434335072835,0.012174844741821234
0.136868245,21.676221114748497,0.4871621522696417,9.750670666666666,0.9305283000000001,0.41049639383951825,0.005034526189168266
0.17241935166666666,22.142028813465263,0.5250908671502216,9.3263865,0.9452637933333333,0.3648751378059387,0.008312622706095367
0.12552686733333332,24.72371511261588,0.6207073015907404,7.042372133333334,1.1204473333333336,0.31986323495705915,0.008209943771362265
0.7194436233333333,15.352547657363289,0.3877199882572618,16.58404333333333,1.10493233,0.5713594257831573,0.0049463113149007
0.09792519666666666,26.471818571998167,0.6456263911681669,7.375835900000001,1.0919427333333334,0.25402786831061047,0.0041402180989583
0.24404916833333334,23.642603649811672,0.6164957036739255,5.601018733333333,1.0139199,0.2267568359772364,0.009565750757853165
0.21451475666666667,21.306796954329723,0.5614758055892956,6.161023,0.8912057833333334,0.24335381388664237,0.009437004725138334
0.11236335166666667,23.111556524604254,0.685287354376699,6.399573266666667,1.0894591,0.20023524264494574,0.008136113484700466
0.15272486,22.677607396291524,0.5861710454211839,6.2123089,0.9069573533333334,0.19004147996505094,0.0057906309763589995
0.14025087866666666,22.188080867107086,0.582421187501598,7.183054166666666,0.9604134166666666,0.22499831517537436,0.006879170735677033
0.2533965613333333,20.232650283412287,0.57622408191516,7.552410433333333,1.1220411833333335,0.24633821845054624,0.007839918136596633
0.11656079666666667,22.683633549712198,0.6694883254442865,7.0484675,0.6807354866666667,0.22860154012838999,0.00782044728597
0.118367548,20.96810247487373,0.5893353589618219,7.6912986,0.7145003266666666,0.22881515820821127,0.0033613840738932004
0.10831789333333335,20.55999818181999,0.5868762020619863,8.059097333333334,0.6934537666666666,0.25822027027606964,0.0033978621164957663
0.09116422633333333,21.48202384664677,0.578434160286022,8.485718333333333,0.9166919366666667,0.272074818611145,0.0077908039093017335
0.08364296999999998,20.9902726589255,0.5413172950181755,8.852879666666666,0.6628832033333333,0.30229385693868,0.009300708770751932
0.10646328166666665,19.78565196786185,0.5373353902179012,9.468241666666668,0.8755369333333333,0.3188791573047638,0.006917556126912434
0.11416436,19.916492463908593,0.5704404581817221,9.036372833333333,0.7385006133333333,0.30644115805625916,0.009462436040242467
0.13290742133333333,20.149431768256694,0.5735283811122898,8.461177766666665,0.8421222133333334,0.3047233521938324,0.0099249680836995
0.10780728333333332,20.394101645118067,0.586418633184007,8.657259333333334,0.8810443133333333,0.3330385535955429,0.004354556401570633
0.13515969,20.101260212334424,0.5398960437150281,8.873382999999999,0.9517697599999999,0.34879112243652344,0.009156465530395466
0.08269893666666667,21.187033399206467,0.5829853404033639,8.723111666666666,0.8585325166666667,0.2889026155074437,0.011371533075968367
0.08242652233333332,22.134143348878094,0.6049397051853167,8.362706666666666,0.8853682133333334,0.28912575542926783,0.010542869567871033
0.16606110333333332,19.23719994697365,0.5573529549467072,8.628687999999999,1.1611006333333334,0.31717334191004437,0.006207227706909134
0.09447275533333332,20.44164930176491,0.5562829260070562,9.665886,0.7280607333333333,0.31836453080177307,0.0051156679789225
0.10548561866666667,20.631066632734328,0.5492180442502708,9.142112,0.83282695,0.3267691532770792,0.004711310068766266
0.159628162,19.860015536828797,0.5617039364235481,8.012138733333332,0.88747352,0.28215645750363666,0.005319277445475233
0.16253697533333333,20.023322332699337,0.5637279324552745,7.811198666666667,0.9398371866666667,0.2909042984247207,0.0029281775156656665
0.10858157133333333,22.1504819548086,0.6100232940925856,7.2402634,0.9887465666666667,0.2972584366798401,0.008302768071492467
0.20130705000000002,20.92573291490235,0.565179830464808,6.698254333333334,0.8713400333333334,0.3174278934796651,0.004791736602783166
0.2883788266666667,20.312077982603743,0.5673429760387766,6.268144366666667,1.1399852000000001,0.30246130625406903,0.004192034403483033
0.30719998333333337,21.09057466012139,0.5822357416182443,6.161219,1.2566607,0.2958807150522868,0.0009595553080240667
0.25894813666666666,22.13017989174479,0.6050004492302815,6.001083866666666,1.2132869433333335,0.2698534578084945,0.003687540690104133
0.29219361666666666,20.600574671360807,0.6036437401988191,5.949921,1.2488276,0.2816392878691355,0.005205233891804967
0.31115255,19.096817649946118,0.5487614529540531,6.5120344,1.2247043166666667,0.2792066733042399,0.002186377843221
0.15408390000000002,21.678506324030725,0.6113309559959527,6.3911769000000005,1.1842455433333332,0.2865606248378753,0.0
0.24640041666666665,18.766388302726412,0.5229119578735919,8.079306066666666,1.1025238666666668,0.29201102256774897,0.0
0.13485557666666667,20.29473174296929,0.5556165655251549,7.553055433333333,0.9172281666666667,0.32649828990300495,0.0034656524658203
0.14457123333333335,19.130872272218856,0.5446610764353671,8.224590766666667,0.8808710333333334,0.2827328642209371,0.0011515617370605332
0.14956347,18.66662833134168,0.5454955309397408,7.736587,0.8537855666666667,0.2879206538200378,0.0070168177286783
0.16343271666666667,18.08846870092599,0.5194065088064107,7.4593557,0.9389947766666668,0.28469987710316974,0.001225471496582
0.17557191333333333,17.279849044122265,0.44971339102394053,8.207422,0.66054017,0.3258773734172185,0.007930835088094033
0.1140596,18.580642143333307,0.5274729122180508,6.3954363,0.6987609466666665,0.2622085561354955,0.004126946131388333
0.09820056166666667,17.33900529796354,0.4227864130693244,31.033467666666667,0.5569640933333333,0.47933151324590045,0.0022314389546712
0.27126405000000003,24.016402683304587,0.5318395336304559,9.540359,1.4395751333333333,0.3411951462427775,0.003063519795735667
0.16624199333333334,25.544701217965216,0.6793361166355898,6.3924882,1.3687578333333335,0.2629423340161641,0.0014873345692952332
0.1832479366666667,24.526557042213664,0.6742365977639247,6.5085577,1.4561656333333335,0.23972295224666587,0.005136728286743101
0.29753948999999996,22.076361571575728,0.6456815111185329,6.275002699999999,1.5459344666666668,0.2391165097554524,0.004075050354003867
0.49978665333333333,18.990066259907042,0.5259859489200451,7.018818433333333,1.5237763,0.2907896737257639,0.005239566167195567
0.44367998000000003,18.599548405805365,0.5267082664168341,8.330434666666665,1.6718889666666668,0.3025140166282654,0.006280024846394766
0.42385442,20.48318093143748,0.5589515383400844,7.1799816666666665,1.3526123666666667,0.26173935830593104,0.0030664602915445667
0.23810134799999996,22.800424821732122,0.6163001974591947,7.035421866666667,1.00968547,0.2320477465788523,0.0015525817871093665
0.2240503633333333,19.3548266074456,0.5943429243896521,7.126223566666667,0.9260031733333333,0.2946188002824783,0.0
0.16933706666666667,19.734834658059103,0.58212066779623,7.182486333333333,0.8882019,0.28507171074549353,0.005466779073079399
0.19286733333333336,18.68310749812855,0.5365546036341572,7.1785570000000005,0.5715165566666667,0.27149787545204157,0.0026211738586425335
0.22943453666666666,18.855244470126248,0.5365796135919355,7.419485266666666,0.7166515766666667,0.28883333007494605,0.008254051208496033
0.2556694133333333,19.149004916668996,0.5464985589856209,7.608305966666666,0.9596924800000001,0.26546591023604066,0.0
0.275518,19.66053230688887,0.5653144402395247,7.774061333333333,1.06794458,0.2983431617418925,0.0027960936228434
0.19626673000000003,20.836526363190085,0.5776899126902951,7.6732638,0.8853698433333334,0.2764348288377126,0.0006164709726969333
0.19941499000000004,20.74624123652434,0.5886750301865803,8.524157833333334,0.9652846666666668,0.2704611470301946,0.0045666694641112995
0.1761466833333333,21.053405244513215,0.5755693605018695,8.775691666666667,0.69833855,0.27261774241924286,0.005515654881795233
0.11847777,22.63656039610956,0.6032180590544658,8.796282333333332,0.7644205766666667,0.23231901725133255,0.005054314931233666
0.2538802633333333,20.30108759677521,0.5523189989923947,8.738679833333334,1.0256528666666667,0.2594339797894159,0.004066308339436833
0.14352743666666665,22.577884497219866,0.5846044317673088,9.098497,0.7822958533333333,0.26929391920566553,0.0035885175069173005
0.23003997333333334,20.91059720493089,0.5856970306090251,8.367097666666666,1.1741843666666667,0.23777396976947784,0.0025685628255208
0.16863723333333333,22.077902655911302,0.5954044167335147,8.161555466666666,0.9574641133333334,0.24410839875539145,0.0015457471211751002
0.25173260333333336,22.139991101301217,0.5767685107140395,8.962356499999999,1.09880512,0.2780824253956477,0.002203146616617833
0.25401316333333335,20.226504921106617,0.5531081630854993,8.678373666666667,1.1025813133333333,0.26919254163901013,0.0011068979899088334
0.26042793000000003,20.056255344809916,0.5274634631015257,8.979671000000002,0.99431909,0.25762678186098736,0.006561835606892867
0.7995439599999999,18.401834642386635,0.5098899041359184,7.875538466666666,1.4598845999999999,0.315604418516159,0.0029066403706868005
0.14733746666666667,22.69870103775504,0.5768177417105325,8.431527333333333,0.8970298199999999,0.27073380351066584,0.0006058216094970667
0.35760309,21.929312356046953,0.5654644732454791,7.226132833333334,1.2174905666666667,0.2964154879252116,0.0039699077606201
0.71777247,21.783992775182128,0.5796615847900529,6.089440466666666,1.4765034466666667,0.30802058676878613,0.003140449523925733
0.4802272666666667,21.74207983559423,0.5436500777439065,7.192558433333333,1.2838092666666667,0.3252638081709544,0.0062480767567952
0.10049800166666667,20.491094552244384,0.5028057111632066,11.342973166666667,0.8221296666666666,0.3129709263642629,0.0038547515869140334
0.26957650666666666,20.80438382209645,0.5672502559296808,7.560431433333332,0.9139593000000001,0.31847405433654785,0.005023717880248967
0.2832066733333333,17.389934756884994,0.48192252971268995,10.370283666666667,1.3383980566666667,0.36527814467748004,0.0009329319000244001
0.3233581566666667,24.787924848391054,0.5673065828806113,8.667345333333333,1.4527554200000001,0.303719421227773,0.0033897558848063
0.49593811,23.554861016132396,0.6147786098033675,3.9735140666666666,1.5371412333333332,0.14489943782488499,0.003034512201944967
0.4391869566666667,21.648105014785187,0.48368511901663575,4.446408900000001,1.3466051466666666,0.1716711223125457,0.0042940775553385
0.52228726,21.480688875535048,0.46391421575482283,4.901169133333334,1.2215598766666667,0.1893964111804962,0.0032974878946939665
0.6452191033333333,18.932957302163462,0.4367916961118545,5.904233533333333,1.4677263666666667,0.20312551160653425,0.0020492076873778998
0.4314571,17.21075803349549,0.5430727460555271,8.204985333333333,1.1931144833333334,0.22784371177355447,0.0007546742757161334
0.37982434666666665,17.578986684088346,0.4545624132807193,8.227598666666665,1.2669466666666667,0.22719098130861917,0.0031805038452148333
0.2660321666666667,18.591556533425365,0.5365487291248447,8.258002566666667,0.9503325666666665,0.21616710225741062,0.0
0.24168151666666668,19.55600083455523,0.532262864252684,7.527465333333333,1.0740822166666668,0.20725579063097632,0.0035328070322672
0.19689082333333333,19.22909468956466,0.5106701036767681,7.7688678,0.9990958666666666,0.20341253777345014,0.005066076914469367
0.23242786000000001,17.756156840963225,0.5299701602313852,8.141255833333334,1.0393913799999999,0.22886648774147025,0.0
0.26420579,16.626679333995416,0.38439215775254204,9.359689000000001,0.6723021366666666,0.3053504327932994,0.0012805461883544666
0.16329243333333335,19.072228133939152,0.5143549546602495,9.09017,1.13098371,0.2254472176233927,0.0019050439198811666
0.220434995,17.546748054817666,0.43215941625848825,9.989313666666666,0.97735172,0.31457731127738947,0.0028319358825683
0.16827195333333334,18.615149445498965,0.4796779926474497,8.831579,0.9561369833333333,0.2540185004472732,0.0052425066630044995
0.29727007333333333,16.62184294367246,0.44023541941414207,9.179258666666668,1.2561689166666667,0.32599325974782306,0.0025732517242431333
0.25260698333333337,17.353193797061373,0.42184519436311635,9.558526666666667,0.89789449,0.34616101781527203,0.0027705828348795
0.18001444666666666,18.52169450384662,0.47676533300242036,8.726205333333333,0.8005632666666666,0.29912960032622016,0.0019585291544596
0.22598224,17.906558688037745,0.48539434077544813,8.268203999999999,0.9691233033333333,0.30489381154378253,0.003475745519002267
0.19520626,18.279078415057473,0.5066943220060348,8.694101666666667,1.0925935666666666,0.2917021463314692,0.0019497076670328666
0.2668087333333334,16.88368525608531,0.45903661013007674,9.408183,0.9326748,0.33633024493853253,0.006917317708333266
0.25366117,16.98422462328141,0.4539978200887233,9.858071666666667,0.8654432233333335,0.3308488229910533,0.0020064512888590333
0.25217737333333334,16.355322511308042,0.463641134978064,10.438496666666667,0.9557649833333333,0.2869613766670227,0.0040721098581949665
0.2679935033333333,16.04460697828482,0.4525490662909717,10.358246333333334,0.8958235666666666,0.30221024155616755,0.0
0.13202691333333336,19.1277000833085,0.5102064053319414,10.3527905,0.9268456466666666,0.30250262220700574,0.004602193832397433
0.34471270000000004,15.708417248214857,0.4447953716676416,9.786656333333333,0.9960599,0.32027087608973187,0.0
0.34456438,16.310774989528916,0.44783931091113466,9.067609666666666,0.8840242833333334,0.34641915559768677,0.0051159063975016
0.24141635333333333,16.236943453309106,0.41883667645449113,10.877320333333332,0.60158433,0.3544328808784485,0.009763081868489532
0.15229654,18.204561261505734,0.46931091719603457,10.852945999999998,0.6893602099999999,0.3255920608838399,0.005465428034464467
0.20281203,17.540781613241275,0.4704484712052723,9.779474166666667,0.6470174566666667,0.3001139511664708,0.002734661102294867
0.3069224933333333,16.376256541700638,0.4496387923600609,9.562175666666667,0.6028536766666667,0.3007917801539103,0.0048940181732177335
0.16905940333333333,19.341171571259515,0.5359580572389623,8.396577666666667,0.9527796,0.25416677196820575,0.0034178098042805666
0.2509441966666666,17.592851696089284,0.48052212986582793,9.503214666666667,0.7992412666666667,0.29175044596195215,0.0029185612996419
0.2257160433333333,18.077457502108963,0.5261475340185077,8.120637833333333,0.8875458833333333,0.24372641245524088,0.0041108926137288
0.21228756333333335,18.09159203001226,0.5151236983750228,8.458323666666667,0.8150903666666668,0.2561230609814326,0.0
0.15020645333333335,19.37648800820024,0.556640011071787,7.725182566666668,0.8429277000000001,0.23440493146578464,0.006710131963094001
0.18637141999999998,18.82295865893264,0.5051290271629737,7.5477608,0.86730105,0.258392259478569,0.005295038223266567
0.1794749,18.521912771320313,0.4963490008447831,7.6587699,0.8178767566666667,0.25410282611846924,0.0025117397308349336
0.17129901666666666,27.63827287991357,0.6844134703292876,6.0695369,1.3708055666666665,0.2800794144471486,0.0061301390329996
0.20920180666666668,23.944757787501064,0.6138448467011738,7.044863533333333,1.0759837566666668,0.2739432454109192,0.004071712493896467
0.20426953333333334,27.19608377849742,0.6937800529798158,5.963163333333333,1.1323629866666667,0.24465147157510123,0.00241486231486
0.32022272999999996,21.408166032107676,0.5630314219429003,8.520895333333334,1.41887,0.30482201278209686,0.0010584195454915334
0.3561792,21.18247809362501,0.5730037084640935,8.418519666666667,1.3517769,0.29020483295122784,0.0045215288798014
0.44813153333333333,19.928579002376438,0.5420309156217648,8.212363433333334,1.7537504666666666,0.34571406741937,0.0006728172302245999
0.24646187,22.212530889294413,0.6104814381805963,7.681344866666667,1.5376153,0.2773404469092687,0.00482972462972
0.20699288200000002,23.133863687807832,0.6264362251117331,6.426299266666667,1.1337705333333334,0.263117308417956,0.004729191462198867
0.16856439,23.578180465579276,0.6369952804501464,5.5610356,0.9066277833333333,0.237201914191246,0.002488295237223267
0.28286806000000003,20.517980353062956,0.5575446652486976,6.0326382333333335,1.1049702333333336,0.29435133934020996,0.0032631556193033332
0.26258101799999994,22.157682528402734,0.6109395775144574,6.421198866666667,1.3040448500000001,0.2756135016679763,0.005611975987752233
0.18572201666666666,22.018864294288402,0.6000376971131154,7.1216801,1.0728541666666667,0.279583583275477,0.0027347405751546
0.13131110533333334,23.894889814527243,0.6403421923571265,6.4464809,0.8658950633333333,0.25965250035127,0.0
0.22573208666666664,22.334731582711722,0.5788867579222458,6.661627500000001,0.9897064133333333,0.2916879157225291,0.0013604958852132
0.18673430833333335,22.264482980995453,0.6236410410228735,7.0310599,1.01575869,0.27471415698528284,0.0033118724822997665
0.09163546666666667,24.823308087750252,0.6346702821972539,7.5336499,0.8165432566666667,0.2636617024739583,0.003691514333089167
0.10446474333333333,23.58072310266503,0.5999542866402492,8.770806,0.8125435633333332,0.3405786653359731,0.0014959176381428999
0.17713236333333335,21.698064924326246,0.5616269944045771,8.825133000000001,0.7239436333333334,0.3617100318272908,0.0016152858734130666
0.125718682,23.1662064435603,0.5979828984957921,7.966474866666666,0.7004150666666668,0.2845696856578191,0.0014075438181558998
0.17941111333333334,21.842054601300294,0.5799713211249519,8.261149666666668,0.8155557199999999,0.2803911169370015,0.0026444594065348002
0.14984997166666666,21.877928980489553,0.5727080928976319,9.097049666666665,1.0355740533333333,0.31341421604156494,0.002090374628702767
0.09493588566666666,21.97018175529497,0.5740271472945951,10.425173166666667,0.7252567600000001,0.2806599636872609,0.004671176274617501
0.15884716666666668,20.99839373562016,0.5517010359119731,9.670159666666668,1.0010723,0.29099559287230164,0.0059719880421956
0.2786612133333333,18.800033249444283,0.530622757613568,9.443029000000001,1.1053745666666666,0.2849496304988861,0.0027280648549397666
0.38041629666666665,18.15409185546513,0.48511311824952924,10.8215,0.9358322000000001,0.3520243267218271,0.006336053212483667
0.22422160466666666,19.419337161546682,0.5134258157069514,10.170388,0.8902001866666666,0.3043363193670909,0.002756834030151334
0.13473427466666668,20.882206112848596,0.5520746151191767,9.297208333333332,0.8700976100000001,0.30924609303474426,0.0022780100504557004
0.24691143000000002,16.30121389608218,0.45160949105231013,10.923639,1.01385726,0.3493197460969289,0.004929145177205367
0.14870523166666666,17.770668665398382,0.4401479088155617,13.122878,0.8408809333333335,0.40197455883026123,0.003143548965454067
0.11990980666666667,17.04258598162605,0.43178317569255903,12.854163999999999,0.7562972333333334,0.3838931719462076,0.0048796335856119
0.10602084666666667,18.587206652904964,0.48223209421934526,10.167674333333332,0.9401153666666667,0.3481411238511403,0.004141569137573233
0.07114487,19.108177958846273,0.4972845702690812,10.739595,0.7164412000000001,0.3401795228322347,0.005683422088623001
0.19245416333333334,16.71468479527648,0.4885511900160151,8.935505666666666,1.2671094333333335,0.36147934198379517,0.0013355414072672332
0.078712915,18.940790710084887,0.5023329289686327,9.957424999999999,0.6640650666666666,0.34499479333559674,0.0025427341461181333
0.09545336166666667,20.28957214881061,0.570560732782944,7.613940499999999,0.8844394866666668,0.26856066783269245,0.0013099511464436666
0.6909307166666666,26.64142203709223,0.6696970551824887,4.442662566666667,2.389378366666666,0.2642810841401418,0.005476554234822534
0.458251448,26.747106886864074,0.6883486600089489,4.906460500000001,1.5048385,0.21424292027950279,0.006247440973917599
0.25579465,27.43631055878734,0.7158016371612325,5.049646533333334,1.3583940666666667,0.20693466067314148,0.0020082791646321334
0.17438779000000001,27.74296755631542,0.7303483674605071,5.0967207,1.3533510466666667,0.24209316074848172,0.0031505425771077337
0.6619355266666667,23.627665210653007,0.5979630062055118,4.491037066666667,1.5740275,0.26194162170092267,0.006185770034789967
0.7634224766666667,21.83272617448134,0.5766371168119114,5.833950833333333,1.6070356666666665,0.248451367020607,0.0013917287190755
0.31769067999999995,23.28215549146533,0.6269430899446228,6.652393,1.119388,0.24666703740755716,0.0018303394317626667
0.3661921733333333,22.314191036042043,0.5868338285905119,6.4390535,1.18813062,0.26148537298043567,0.0
0.1501955766666667,24.528481775953257,0.6748974230562902,6.014550466666667,1.1808817666666667,0.2225780338048935,0.0
0.15230000133333332,24.235426179042577,0.6578418721301477,5.881282433333333,0.974796,0.24853723744551334,0.0039455890655517335
0.20346107666666666,22.999251326698783,0.627318036732207,5.806448966666667,0.9705733666666667,0.27272264162699383,0.003362178802490233
0.25731106,22.897247013553592,0.6016386710508762,6.4465772,0.8648987666666667,0.32495443026224774,0.0018065770467122332
0.22567143133333334,23.896890333492014,0.6466967706182455,6.5955319,1.0031886433333332,0.2884757916132609,0.0005848407745361
0.18081371666666668,23.474302670874522,0.6129584414757733,6.858494333333333,0.8905783333333334,0.2855550547440846,0.002758344014485667
0.28280605666666664,22.491732603442017,0.6024352195317535,6.390351333333332,0.8671557133333332,0.282270481189092,0.0027426083882649663
0.23404463,23.34774062255995,0.6196243968428391,6.349746233333334,0.9578110799999999,0.28165435294310254,0.0034649372100829996
0.18954479999999999,23.57012060776158,0.6110757856054337,6.910709233333333,0.8754135133333333,0.2669710318247477,0.0024282137552897
0.13978313333333334,25.434764988373043,0.656390905572663,6.5934211666666664,0.91144569,0.2950913409392039,0.0010103384653727
0.21843100666666668,22.95804569009084,0.6257841590083123,6.514666000000001,0.8887992499999999,0.27411990861097973,0.004619280497233033
0.40102298999999997,20.803930336115275,0.5534482707909039,7.1246441,1.252089233333333,0.319021075963974,0.0034376780192056666
0.24115843666666667,20.68695833347931,0.5618742853454162,8.282878333333333,1.0198237,0.2847042183081309,0.0
0.18309152333333334,21.198196927175086,0.5553254231738044,9.598999999999998,0.7964961766666666,0.27730614443620044,0.0064922968546549
0.27850087333333334,19.71177297197764,0.56286167016239,8.614815,1.16107336,0.2720448871453603,0.0051510334014892
0.21623770333333336,22.21541423693431,0.5884775035878594,8.328194833333333,0.9624294466666669,0.28170914947986603,0.0006693204243977667
0.2728988683333333,19.331926503643306,0.5183854970757781,9.388737666666666,0.9876161666666666,0.32634666562080383,0.0011582374572753666
0.16823219999999997,21.393527382225695,0.560894087641001,8.603275666666667,0.8118611133333333,0.2820093135039012,0.005764881769816033
0.363071535,18.170796889198684,0.517407129149702,9.447113166666666,0.86245658,0.3341558376948039,0.0012799104054768667
0.20459090666666668,16.859885933415608,0.49317329466490706,9.479614,0.9352564333333332,0.30689255396525067,0.004557291666666633
0.08272449,19.411874977252648,0.49788964444222916,10.119189666666665,0.7753355866666666,0.3482024371623993,0.0021119912465413335
0.19137746300000003,18.591609751141362,0.5366869674330449,7.973355866666666,1.2095838966666665,0.29940909643967945,0.0015451113382975
0.15984167333333332,18.991800028352742,0.52454749078412,7.8493541,0.94171038,0.3147771755854289,0.004694064458211233
0.06614333933333334,21.43612326640739,0.5725266599441411,8.044640999999999,0.6190980333333332,0.30171699325243634,0.0037412643432616667
0.06334027966666667,21.133058906747433,0.5558503973780051,8.23157,0.6775219066666667,0.28464485208193463,0.005446990331013968
0.08729693666666666,19.219938929432175,0.5715549916771339,8.193347666666666,0.55573539,0.31341323256492615,0.0035213629404703666
0.08361011866666666,20.306774078154497,0.5863699180580554,7.4611552,0.8164691133333334,0.32022949556509656,0.0015559196472167667
0.2729713466666666,23.42150981992999,0.5747868919388526,4.4175338,1.0515815666666668,0.1402384762962659,0.003168821334838834
0.19161230333333334,22.73849909257653,0.6742517420388529,4.837199533333333,1.1192993233333333,0.16842857003211975,0.008558909098307232
0.34781833333333334,21.82499625005782,0.5757936095645961,4.618985833333333,1.2257714766666665,0.21309230973323182,0.003444512685139967
0.3375258483333334,26.249289871097744,0.6756417386842529,3.638488033333333,1.5606679666666665,0.1299214959144592,0.0015573501586914
1.3845464166666666,21.346846392171233,0.49763117843631033,3.926212466666667,1.8442973,0.18132299184799192,0.006862401962280234
0.53040377,23.780248160933553,0.5880074772959878,3.786951866666667,1.7209747466666665,0.18950077394644416,0.0014575322469075334
0.5843502433333333,20.810885703568427,0.5769148028513369,4.792581233333333,2.096783633333333,0.17091826101144147,0.006362120310465467
0.17123623333333335,20.91237323856838,0.5937302350521324,6.850474766666667,0.8926878333333335,0.18892541527748105,0.0
0.16156725800000002,20.348874923686328,0.5522173852210589,7.740839766666667,1.0226101,0.2820264796415965,0.0030126571655273333
0.21044548000000005,18.463202787981448,0.4987937197651526,8.377133233333334,1.0370765333333334,0.26362604399522144,0.0020148754119873
0.13962702666666668,21.448597182829378,0.6025370923581503,7.538875466666667,1.13688546,0.22506569822629294,0.0007553100585937334
0.109195775,21.687435023400713,0.6242806438543962,8.393522666666668,1.1507070666666668,0.2607361276944478,0.004971663157145133
0.2172447866666667,19.00084317400545,0.5751004419064175,8.281515333333333,1.2455032866666667,0.27339260776837665,0.0023687680562337
0.21602050666666664,18.40542457631889,0.5533130953765634,8.492032666666667,1.2270080666666667,0.2819520235061645,0.006078084309895766
0.2160219933333333,18.30624212639542,0.5479138736385728,8.868744666666666,1.355948,0.27211910486221313,0.0040068626403808
0.11536432,19.78670633677277,0.5474824916813396,9.949831,0.9425059333333333,0.31849635640780133,0.0045886834462483
0.4047108366666667,16.027795390495697,0.5066248825750218,8.722359666666668,1.5436857333333334,0.3148028999567032,0.0030389626820882
0.33976220666666673,18.061989538770693,0.5298176381637835,8.276378,1.5010335000000001,0.3131094425916672,0.004880587259928334
0.30569958333333336,17.724819845112915,0.5434425970243512,8.030974666666667,1.3125399,0.29336810608704883,0.0015931129455566335
0.26701105333333336,18.891387272417706,0.5298811818280077,7.813642300000001,1.0513669533333332,0.3242155462503433,0.004294554392496733
0.2800156966666667,18.20210628008124,0.5101712922007984,7.9231623,0.9534665999999999,0.3345180451869964,0.0036048094431559
0.22813134000000002,19.264759201809174,0.5469988478274243,7.548114866666666,1.0295958666666667,0.32933782537778217,0.002680937449137366
0.13690486,20.333149393348364,0.5321504067691124,8.401531666666667,0.8856873333333333,0.3565213680267334,0.0006690820058186667
0.08970312000000001,21.450219535048216,0.5588331288318752,8.518208666666668,0.8389856766666668,0.3042855362097422,0.0012660821278889665
0.13790563666666666,19.497743320871308,0.5228943302662175,8.929731666666667,0.8767476033333333,0.3476617435614268,0.006955544153849267
0.10771744666666667,20.09348295459273,0.535213884180536,8.7804505,0.7986748933333333,0.28675301869710285,0.0010255972544352
0.10287077833333334,20.160434874150976,0.5455651094609535,8.712808666666666,0.8082521766666666,0.2921641568342845,0.0051650206247964995
0.11697827466666666,19.975565179646356,0.5550550910541291,8.248803666666666,0.8087574666666667,0.2886316577593485,0.0023667017618815
0.12982614666666667,20.223895581409153,0.5763624326772635,7.8780426666666665,1.0243120666666667,0.29158115883668256,0.004482825597127233
0.14836275466666668,19.7961257426061,0.5359533663261846,7.555229766666667,0.7320355099999999,0.2969997326533,0.0
0.15903793333333335,20.44508017335203,0.5629030726562045,6.740351233333333,0.9703547666666666,0.2848315785328547,0.0019173622131347333
0.14465711,19.11983071734713,0.5394093063951093,7.710908233333332,0.8207428,0.26109062631924945,0.0
0.39556104166666667,14.469441171092194,0.32888187841263616,32.035259333333336,0.3590075466666667,0.5877269009749094,0.002993345260620067
0.139645932,27.40446669828962,0.6162388559905031,8.263843466666666,1.1525832333333332,0.2984655698140462,0.0016099611918131333
0.18234789666666665,24.969811173714287,0.6856352837414423,6.063449200000001,1.0942455666666666,0.2443392525116602,0.005718946456909167
0.22461847666666665,23.78570103078853,0.6537706785370959,6.1322014000000005,1.1015399333333333,0.1975824485222498,0.0023759206136067332
0.43903828333333333,19.202551244783397,0.5243527916358578,7.025437266666667,1.2398999,0.24317930638790122,0.0016303062438964668
0.267830368,19.999784997945316,0.5413590996017463,8.7663012,0.8497998566666666,0.2604966064294179,0.0005827744801839
0.19075434333333333,19.91883815581896,0.5565863835054109,10.345250666666667,0.9180929399999999,0.2675545960664749,0.004604180653889934
0.30062001666666666,18.149168837973168,0.52221463724713,9.4392,1.11562322,0.3047310511271159,0.0033435821533203
0.1889206866666667,20.55651184002458,0.6134211630108521,8.610952666666666,1.1802108866666667,0.2503441472848256,0.003732283910115533
0.14759279666666666,21.130604073515787,0.6031705718516934,8.516137666666667,0.90842715,0.2419676681359609,0.0018440882364908666
0.12922453333333334,20.849502067472766,0.583219206078207,9.215542333333334,1.0448165,0.24334035317103062,0.0013341903686523333
0.12447691666666667,20.66546149488259,0.5710217593546179,10.103631,0.8962544666666666,0.26285289724667865,0.0020266373952229667
0.253545835,18.706404689077488,0.5025572039781311,10.731636666666667,1.0316138166666666,0.31669655442237854,0.0
0.19075524666666666,18.31443207001522,0.5103004968270061,10.743742666666668,1.0124206766666666,0.29149947563807166,0.0026792685190836336
0.09805744,20.721552660242597,0.5429595646040862,10.940536333333332,0.6795258133333334,0.3418081800142923,0.002150376637776667
0.081114747,20.520883659611016,0.5547461074485784,11.240634,0.7129147333333333,0.31114950776100153,0.0
0.13252415366666667,19.169579072542636,0.5321103374484225,11.130711333333332,0.8402975766666666,0.310821900765101,0.0014754136403401666
0.13137637333333332,18.797100384224056,0.5438913897792689,11.339401,0.9991171133333333,0.2622556885083516,0.0014295578002929668
0.15433788333333334,18.888705375183307,0.5212003380895562,10.880848,0.8653950133333334,0.3122369746367137,0.0013537406921386667
0.12446737999999997,19.68293974147686,0.5390290579947759,11.595999999999998,0.8902089100000001,0.30414095520973206,0.0013910929361978998
0.19438001333333332,18.703545418490503,0.4857351889078004,11.080255666666668,0.8882689833333334,0.3293137351671854,0.0027971267700195
0.23172550999999997,17.92596690905877,0.5215609442036122,10.700085166666668,0.9949714333333333,0.25814858078956604,0.0024616718292236003
0.163159,18.931048665356883,0.5067106912081386,12.144976666666667,0.9253344,0.34471116463343304,0.0
0.21956735866666666,18.233468193947918,0.5268662490841484,10.751688666666666,0.8731627566666665,0.2807218035062154,0.0007115999857584334
0.14336884833333333,19.79735668363728,0.5512655986157121,11.006062666666667,0.81135278,0.3045801719029744,0.0025846958160400334
0.16869734166666664,19.5169990089751,0.5592307041761919,10.130091333333333,0.9855781766666668,0.26231792569160456,0.0018775463104248001
0.21228331666666667,18.19465071972181,0.5115221584178858,10.323528333333334,0.79437038,0.26705930630366,0.006150563557942666
0.14707985,20.780438958518314,0.5814051631350776,9.109066,0.8877223666666666,0.27447539071242016,0.0059561729431152
0.2640818953333333,18.94111875010105,0.5632203759966675,7.830721,1.0645745866666667,0.23971249163150787,0.006146669387817333
0.13061946100000002,22.81731592434342,0.6626658051219664,7.399809666666666,1.1131134,0.22703448931376138,0.003471374511718733
0.2663252233333333,19.932690554414524,0.5629283004264186,7.989205766666667,1.13713821,0.255669966340065,0.0
0.13651688666666667,22.13092531122398,0.6402309807445529,7.4677818333333335,1.0365680233333334,0.2473552624384562,0.0038613478342691666
0.16605828666666667,20.507144262319436,0.5895163241175198,7.229156666666667,1.0580741666666666,0.22652287284533176,0.0003341833750406667
0.15875674466666667,20.44862373734821,0.606285589330951,7.198000233333333,0.8281344900000001,0.2444355338811874,0.0017937024434407332
0.8627610999999998,17.15995679588028,0.3506162582493689,6.174496066666666,1.4650843666666666,0.24643743038177482,0.006872812906901
0.61201959,17.22607018099436,0.28608177654177724,5.432346,1.1064565533333333,0.23406319816907248,0.0016454855600992668
0.2405445966666667,20.193291046152027,0.4729418783910662,6.380840733333334,1.1332493666666668,0.20351763566335043,0.004040082295735633
0.5290784133333333,15.731251007308302,0.3100638881509762,8.122499,0.9181640999999999,0.32132073243459064,0.0022296110788981
0.37364185666666666,16.168915930946362,0.3686672129917537,8.600085666666667,0.9594114333333333,0.27285268406073254,0.0052343209584554
0.23429614333333335,17.711246961434572,0.46486540869393833,8.814786666666665,0.9780137833333334,0.26129800081253046,0.0029446283976236665
0.20349896666666667,18.64500684141485,0.5024960968831207,9.383858333333334,0.9305602166666667,0.2463396986325581,0.0032166639963785667
0.25416281,18.082561201940347,0.4704134383001491,9.224823,0.9693109666666668,0.2938109238942464,0.0011375745137532335
0.21043561,18.640258122458082,0.4837412265996983,8.535136766666668,0.9224245233333334,0.2608728011449178,0.0005837281545003
0.28946916333333333,17.447352622514153,0.4312144486569425,8.730748,0.9121219433333335,0.29651898145675654,0.0034180482228597
0.17491086999999997,19.458952781342244,0.48816684536204774,8.725676,0.9301277433333334,0.2857351104418437,0.003081003824869767
0.20646514000000002,18.452982615274507,0.4529630354711475,9.223922333333334,0.8233134666666667,0.32657913366953534,0.0
0.17519015333333332,19.928314091100262,0.5316736508381813,7.766730466666666,0.97509865,0.2816067934036255,0.0049613316853840995
0.4697744533333333,16.259373878213943,0.45518709785139594,7.956912766666666,1.0144901,0.36072726051012677,0.003338813781738267
0.40903861666666663,16.955719741624154,0.4885728918119335,7.5103973,1.1972236,0.31243131558100384,0.0038787523905436
0.2254047366666667,18.426308808674655,0.49461576070354485,8.842089333333332,0.93243148,0.3636074165503184,0.0
0.1165433,20.02058990246562,0.5453518907842199,9.044535333333334,0.7812791333333333,0.32246215144793194,0.0033398469289143665
0.25028475,17.22137531731692,0.4497192947675441,10.054197666666667,0.8115232333333333,0.40501997868220013,0.0
0.2661679433333333,17.151774202086305,0.4928563756476784,9.069474999999999,0.8731183666666666,0.3430209557215373,0.0047973791758219
0.22105341666666667,18.290609511635243,0.5036359287265758,9.136072,0.9583090799999999,0.3722322980562845,0.0
0.16713184,19.39508808434906,0.5024904667253574,9.824244,0.6999504966666666,0.3924843569596608,0.0034046967824299997
0.20336151333333333,18.77118842954273,0.5034096486967491,9.210264666666667,0.7135831666666667,0.3558684488137563,0.0
0.31900923333333336,17.337126067841677,0.4635157772284538,8.973519,0.6992509133333332,0.37464573979377747,0.0
0.28201047333333334,17.196671728080805,0.4410607013869485,9.432698166666666,0.6753001333333334,0.4207559327284495,0.0017801125844319335
0.23301744,18.24606265952445,0.48211323964470676,8.962170666666667,0.80755842,0.40381440520286555,0.005755503972371367
0.14607020333333334,19.72117445166334,0.5211895747315852,9.285653666666667,0.8743671900000001,0.3992910285790761,0.0013376077016194335
0.22511594000000001,17.447093826682313,0.47942954902729334,9.201692666666666,0.8118582166666667,0.3981259862581889,0.0015820662180582668
0.20178918666666668,17.57604209860363,0.46395733589224114,10.135349,0.5697815333333334,0.4035865565141042,0.0025703907012939336
0.19360773333333334,17.32695393022271,0.49685260751765054,9.240225666666667,0.6964063866666667,0.33299784859021503,0.0033530394236246336
0.22953985666666665,16.727674656495616,0.4499600008368387,10.579532,0.6853942833333333,0.35706889629364014,0.0036950906117757
0.25490276333333334,16.747435029834847,0.46578375576027686,9.375232333333333,0.62639021,0.3170962631702423,0.0013225078582763665
0.22764856666666666,17.035296954583036,0.5001608895464275,9.033465,0.5498996466666667,0.30425747235616046,0.0020424524943033666
0.19563092333333332,17.924362335330667,0.5364537786197042,8.2670388,0.8381729,0.2964486231406529,0.004962523778279567
0.13877671,19.757793632605768,0.5650080350870016,8.301694333333334,0.6773665366666667,0.315828134616216,0.0021106402079264
0.17947536166666667,19.137762375514665,0.5569378849404605,7.629164866666667,0.9384420866666666,0.3250427146752675,0.0026025772094726333
0.23529893666666665,19.115124964718817,0.5710885743546036,6.546794866666667,1.1521004000000001,0.28969638546307874,0.0037465890248616334
0.4830009366666666,16.551950428161007,0.49317833558579816,6.675239733333332,1.1690633000000001,0.29921207825342805,0.0013383229573567669
0.1707751683333333,17.32704507465502,0.42183661203475026,24.540704333333334,0.8323405333333334,0.48023827870686847,0.004365523656209267
0.6293857866666667,23.399677457466556,0.53159007203904,9.062319333333333,1.4130029000000002,0.3464134732882182,0.0026261806488037
0.5723601533333333,21.976783740140643,0.4943805070418958,10.306598333333334,1.1403241133333333,0.37859269976615906,0.0019756158192952
0.7032657999999999,21.504287087695797,0.5480340746987146,7.276067833333333,1.9446352666666666,0.30522586405277247,0.0014064311981201
0.29830527,23.30666973548141,0.5714015441537282,8.248656566666668,1.1125826666666667,0.30372736354668933,0.004779418309529567
0.14153897000000001,23.590388617399793,0.5572999098034335,10.781990500000001,0.8252509833333335,0.2878166039784749,0.0056829452514647995
0.28168793833333333,23.808484355125888,0.600258601768791,8.488631,1.2555474666666666,0.2756260285774867,0.0062892436981201
0.18620567000000002,23.24749071592385,0.5806941078205465,8.965559,1.2380230333333333,0.29121074080467224,0.004611571629842067
0.21820546333333335,20.53482607858594,0.5249235655702937,9.647584,0.7024917666666667,0.31641964117685956,0.0
0.24414960666666663,18.8354326692068,0.4907962477024184,10.440521333333333,1.0405755666666667,0.38775475819905597,0.0011926492055257
0.10600998166666668,22.550688724789627,0.555384644158985,10.668792333333334,0.8135604233333332,0.2926262021064758,0.0035209655761718334
0.2477142453333333,19.165429229357276,0.4928423699290057,11.264036333333332,0.9093461066666667,0.3362545967102051,0.0049505233764648
0.18596885666666665,20.31832745184148,0.48482103270815596,12.250659999999998,0.62654698,0.34906158844629914,0.0
0.20615029999999998,21.247420142976136,0.5053883263311175,11.013073666666665,0.8320146266666667,0.32956619064013165,0.004431327184041333
0.10849120166666666,22.5973766108969,0.5159005233712279,11.399112166666667,0.8650813166666667,0.3707873423894246,0.0035533905029296667
0.23233218833333333,21.628225645296343,0.523969858215014,10.570985333333333,0.9754183866666667,0.38930192589759827,0.0067047278086344
0.26471933666666664,21.348576059283236,0.5540909258110366,9.356513833333333,1.0358395433333334,0.29225783546765643,0.0009837945302327334
0.15065041333333334,23.36179163360988,0.5445337923696446,9.697719666666666,0.78644832,0.3245401978492737,0.0019361178080240665
0.16002407133333332,22.80554604497404,0.5464105845803225,9.026491,0.9889014333333334,0.35157280166943866,0.0035390853881835664
0.19561330666666665,22.458762740463442,0.5490381043985263,9.326062,0.7853426466666668,0.3101787467797597,0.004339297612508067
0.146352485,23.78290609324522,0.567797285853379,9.564590166666667,0.7771758766666667,0.3086560120185216,0.0039165019989013
0.146071213,23.646250767479106,0.5894161804605657,9.063577833333333,0.8455984333333332,0.2773758172988891,0.003860553105672167
0.2417193266666667,20.640005703801506,0.5058180002306626,10.647593,0.9905318166666666,0.33333322405815125,0.004728396733601867
0.2453585966666667,19.77693121253967,0.48629497270549576,11.467534333333333,0.7788652333333334,0.34402020772298175,0.003433386484781867
0.33306931,19.920251395866355,0.4848692253278948,10.940061666666667,1.1232635000000002,0.3755328456560771,0.005309661229451466
0.16793359866666666,22.211466752481325,0.5256085731927569,10.039856333333333,0.88641559,0.33327317237854004,0.0015121301015218
0.24654929,21.092325140017287,0.5141677346201085,10.113848500000001,0.9795039966666668,0.3668193817138672,0.005324920018513968
0.13936250166666667,21.218467213159972,0.5148401907892987,11.247539833333335,0.6673854599999999,0.3162603080272674,0.006756862004597933
0.8600470700000001,19.54650017817807,0.48108320899005963,8.965735,1.1377976333333333,0.4029725690682729,0.0064958731333414335
0.10681097333333334,21.9668544874649,0.528839279281099,9.970486333333334,0.7177853833333333,0.3303455313046773,0.0009769598642985
0.10084134666666666,22.51226733230462,0.5407515487642526,8.598426666666667,0.8435514866666667,0.36362364888191223,0.0034171740214029665
0.11097105666666666,22.453457917034097,0.5373727851031314,8.604155666666665,0.78291509,0.39441627264022827,0.004071791966756133
0.14601862933333334,21.694470245141698,0.517255465746463,9.122898999999999,0.9831670133333335,0.392198771238327,0.0016466776529947668
0.16327144333333335,20.699743804336453,0.5392075797877599,8.413639166666668,0.9877888466666667,0.37531784176826477,0.003659248352050767
0.10964057666666667,21.187084363825964,0.5301851502409933,8.799813,0.6500948133333333,0.37966535488764447,0.0051187674204508
0.8615482653333334,18.879682407375483,0.39439970965206794,13.067109,1.2175094466666667,0.5143230756123861,0.0045089721679687006
0.4921914833333334,20.63418633876176,0.49623219548213066,9.377763333333334,1.3802368333333332,0.3800116131703059,0.0
0.7139024633333334,21.76430547091914,0.5116810658210523,8.459169333333334,1.1674204166666666,0.31979404389858246,0.0008714199066162
0.10200619466666666,24.8338435615413,0.5779675809023032,9.512214666666667,1.0243709333333333,0.3320530752340953,0.0032227834065755
0.14092629666666665,26.234568098777867,0.6640119712566809,6.2220691,1.3102462666666668,0.27101127306620276,0.004805167516072534
0.31519837333333334,24.648437080912643,0.6425125359133996,5.593537933333334,1.2317208,0.24649580816427863,0.0027527809143066333
0.22774706666666666,24.023185146728014,0.6517970559205286,6.146644766666667,1.0724616333333334,0.25147713224093116,0.0054210821787516
0.38281924333333334,20.129588858380608,0.560035964966985,6.7460028,1.0344953,0.28288358946641284,0.0006699562072753667
0.13680155666666666,22.067405656434833,0.6303382648800769,7.317966000000001,0.8752883666666667,0.2995592951774597,0.0036872227986653335
0.1913062866666667,18.48824665333454,0.5460895001629489,7.858065666666666,0.8819052233333333,0.33092280228932697,0.0
0.14627556633333333,20.1425128786888,0.5641547198447049,8.110525333333333,0.8891885,0.29236459732055664,0.0023046334584554
0.21985168,18.327187678722314,0.5412470549215505,8.318220433333332,0.7455944233333334,0.29379115502039593,0.0
0.20502153,19.064128818614112,0.5463068413665862,8.489875133333333,0.79679282,0.28403717776139575,0.0014898777008056335
0.14051157333333333,21.1620024846585,0.5913221403077048,9.088764666666666,0.66189542,0.2923082411289215,0.0054358641306559005
0.16601150333333334,20.919115202070937,0.5607870462026879,9.7170195,0.7552745133333333,0.30319515864054364,0.0
0.29710487,19.058526804080483,0.5251075296507981,8.979096333333333,0.7790441133333333,0.30123555660247797,0.0025296211242675335
0.168889332,22.16179876767096,0.5865527866972872,8.995507666666667,0.9226427333333334,0.2826027472813924,0.0033592383066813
0.17469807466666668,21.775703791986732,0.5836376781678695,8.959916,0.8209358666666667,0.28090450167655945,0.005495230356852166
0.33507530999999996,19.306630361579913,0.522506153274518,10.3566095,0.9378849033333334,0.3579937716325124,0.0029579798380533332
0.3443759533333333,19.548030295725518,0.5244140522807944,9.521800666666666,1.0096862333333332,0.298127939303716,0.0017966429392496667
0.32138002,20.624444485270924,0.5306974467031379,9.498165,0.9882719133333332,0.29784925778706867,0.0010634263356526666
0.21899132666666668,21.27555249843456,0.5508222495802695,9.798598333333333,0.9257279333333334,0.32418596247831977,0.0053622722625732006
0.46866054333333335,19.531799403937985,0.5410987449851595,8.6136579,1.5146336333333332,0.31509373585383094,0.005576054255167599
0.35640491999999996,18.931898382798185,0.5072264061907016,10.061048999999999,1.4624830666666666,0.35445017615954083,0.0
0.3826836900000001,19.16363118612091,0.5073892776286258,9.398576333333333,1.0817159266666667,0.30692381660143525,0.005426247914632133
0.34242117333333333,19.725702352513675,0.5122089915897842,8.681487333333335,1.1338746000000002,0.30939609805742896,0.0010647773742675666
0.31722184999999997,20.066076620505303,0.5483944167800864,8.1106342,1.3130621,0.29513977468013763,0.0034651756286620664
0.49169636666666666,18.777495907328724,0.5310988108745484,7.241182833333333,1.4139319333333333,0.3097040653228759,0.004080931345621733
0.18640969,22.46460039733606,0.6001901456214519,7.518436166666667,1.02297622,0.2793606122334798,0.0020187695821126
0.16324134666666665,20.122776560992616,0.5532757021260167,9.660401,1.0386107466666668,0.2863207260767619,0.0016846656799316335
0.24104823666666664,18.447965483212503,0.5351272379011404,8.094939166666666,1.0487347233333333,0.27299975355466205,0.005033969879150367
0.20296312333333333,19.39979928126776,0.5607926914203493,7.766805433333334,1.0694586166666666,0.2867785493532817,0.0
0.19344719866666668,20.53642176906598,0.5775157578451001,7.606167200000001,1.00778434,0.33542529741923016,0.0006070137023925666
0.15592870333333333,21.891135865507803,0.6312920934478147,6.117654966666667,1.1332328466666668,0.25411146382490796,0.0
0.10361089666666667,21.323124062573523,0.5613077052876952,8.9038199,0.6577987133333333,0.28285286327203113,0.0033667087554931
0.4149016966666667,19.826460992303378,0.5547679697952486,6.872406166666667,1.3306716200000002,0.25450126330057776,0.0033440589904785
0.15630714333333334,24.2720092278476,0.6526861596732269,7.513722133333334,1.4014885433333333,0.264677772919337,0.004284461339314733
0.23851164333333333,22.103951421902526,0.6245880752000601,7.4658788666666664,1.44658778,0.2665781130393346,0.0014236768086751002
0.3080580316666667,20.0971482093188,0.5571262600465973,7.705026433333333,1.2387825000000001,0.2652548203865687,0.006038586298624634
0.23657921333333334,19.887161158413036,0.5282882744080662,9.223969,0.9907278533333334,0.31253983080387115,0.0012584527333577334
0.17507757466666665,21.240249929391307,0.6217613130192249,8.827821,1.2863951,0.2304398715496063,0.0034536520640055003
0.17871905666666665,21.407007834420664,0.5931609931709563,8.488265333333333,1.0942969133333333,0.25355517864227295,0.002680937449137366
0.20817874833333336,20.17916069882675,0.5729075247668741,9.156455833333334,1.1783386,0.28391582270463306,0.002394358317057267
0.25616838999999997,19.76896555911574,0.5431886500741266,8.659290666666669,1.18171458,0.291237806280454,0.0034012794494628334
0.29543145,19.617556645473044,0.5559052487259458,8.0078168,1.3097988666666667,0.26866917808850604,0.0023922920227050335
0.21663540166666664,20.295603215720543,0.5446196394931337,8.565201666666667,1.2287956333333332,0.29603440562884015,0.0013434092203776001
0.21747419366666665,21.115358618429855,0.5540620371922161,8.913369166666667,1.0904112666666665,0.2664438982804616,0.003364562988281233
0.17943101000000003,22.062812927512553,0.6005657628597106,7.857294566666667,1.2780522433333334,0.31534970303376514,0.0035072167714436664
0.15821221,22.738505601869207,0.6256363271985492,7.2382269,1.1593027866666665,0.2735065122445424,0.0006720225016276
0.20792113666666667,22.595054427299512,0.5655886969702252,7.2624302,0.9684881666666666,0.3088136464357376,0.0032556851704915
0.17974524333333333,22.36130930955959,0.5827013825707993,7.434106866666667,1.0038025333333334,0.2984285553296407,0.008399645487467399
0.28127537333333336,20.668614213140046,0.5699865961237557,7.680232766666667,1.1669919566666664,0.27083328366279596,0.0024855931599934667
0.18545526,21.0399928008707,0.5574893084217502,9.212797,0.8912082,0.3150520821412404,0.0034337838490804003
0.4200520966666667,19.602766230858705,0.5318490565362953,7.427455999999999,1.2230548833333332,0.30611430605252576,0.0
0.2407072566666667,20.07543903348868,0.5417678267029392,9.669008333333334,0.9637928000000001,0.30563602844874066,0.0020633538564046
0.5302698666666666,19.00702564199443,0.509231981875122,8.821969000000001,1.0047396666666666,0.3269330362478891,0.004395961761474567
0.27842804,20.756031812205844,0.5357672098110332,9.642777333333333,0.8610390533333333,0.3114644835392633,0.006090958913167267
0.2597810066666667,18.698357951769186,0.5226273401028145,9.803797166666667,1.0404747166666668,0.32096357146898896,0.0030829111735025667
0.41204865,18.277611984846427,0.48447845821815977,9.524761499999999,1.3261763999999998,0.3428017695744832,0.003642797470092733
0.29454420333333337,18.208965609918565,0.4520451323578078,11.506583333333333,0.9285476666666667,0.35817230741182965,0.003476142883300767
0.5820166233333334,16.056565432732157,0.44351275667156737,9.202906,1.2286708,0.3363117078940074,0.0022459824879964
0.57589258,17.48440613339459,0.5194580929424569,7.498593666666667,1.6083736333333334,0.2973421812057495,0.002700328826904267
0.32343101333333335,18.142027842944575,0.502290168778273,9.050185,1.2261341333333333,0.3118654986222585,0.0006692409515380667
0.2556577666666667,18.541251666691746,0.5039832618696196,9.564707,1.3254065,0.3253582715988159,0.0016585985819498334
0.17769351000000003,19.516211356698047,0.5093708999542822,9.050165,1.2109263,0.33615122238794964,0.004356304804484033
0.6068420666666666,14.563661149277173,0.4656147902920205,8.188461666666667,1.9898586666666667,0.41423364480336505,0.0027008056640625
0.22934499333333336,17.406077099750373,0.5281944623709336,8.640253666666666,1.4500784666666668,0.3319355497757593,0.0
0.13931881666666668,18.896782356141852,0.5241511108329271,9.1933125,1.1653633533333334,0.3112829426924388,0.0
0.19698570866666665,18.471542991689777,0.53424753031386,8.900054,1.3311123,0.30931746959686274,0.0
0.9548762016666666,17.85610364343277,0.40187488268871646,14.526056333333335,1.1289184666666667,0.5666559636592865,0.003940502802530867
0.21559132666666667,22.96224173808419,0.5797047288979926,7.410856266666666,1.1334734199999998,0.31636812289555866,0.0039571126302083
0.19991999000000002,21.183616985150454,0.5710097439979905,7.370459066666666,0.9074124866666667,0.259509136279424,0.0057255427042643
0.16777460533333333,21.807111837239876,0.6082943014497851,6.533218566666666,1.1768507899999998,0.2630110482374827,0.0034280618031819333
0.23732338333333336,21.136674076523565,0.6117735353307237,5.9897282999999995,1.0372627333333335,0.25689364473025006,0.002677202224731433
0.18603115866666667,23.30534065381424,0.6469950699580164,5.923594833333333,1.1605660133333333,0.21951215465863547,0.006018877029418866
0.42687374,18.694326321250923,0.4954136789742806,6.882213433333333,1.2236223666666666,0.25794218480587006,0.005813916524251267
0.2598307266666667,19.884786564369627,0.6066317572810597,6.736011166666667,1.3664002666666668,0.24862709641456604,0.006177107493082634
0.11560375333333332,21.620623839284473,0.6228287821501274,6.797949333333334,0.8900468,0.22498589754104606,0.0013837019602457668
0.14860777666666666,19.133305612159415,0.5861450634772326,7.158454333333334,0.81237529,0.30033203959465027,0.0037892659505208005
0.15562078999999998,18.276435815164447,0.585106269201856,6.634752733333333,0.9075814666666666,0.2672061224778493,0.0022006034851073998
0.14570202,17.744474847970025,0.5740346518606284,7.887153666666667,0.6236782399999999,0.31887566049893695,0.0
0.16501891999999999,17.820961663841583,0.5136743744348169,8.914584666666668,0.7468089,0.3160141706466674,0.004560947418212866
0.16623735333333334,18.334615525821334,0.5043961943296148,9.491560999999999,0.64182222,0.297031968832016,0.0
0.21370076166666666,18.301140945020773,0.519459075870746,9.820535666666666,0.7888110866666667,0.31705892086029047,0.0023062229156493998
0.09674827633333333,21.21148154239256,0.6014578367561937,9.723916333333333,0.7239678,0.2830356905857722,0.0007688999176025333
0.17661067333333333,19.45580497771857,0.5508278385700973,9.698198,0.6360216133333333,0.29655511180559796,0.0019282499949137331
0.19092845,19.508115243440614,0.5561241546536814,10.080595666666666,0.7869341100000001,0.29632854958375293,0.0023223559061686
0.11895479666666668,21.375754785686457,0.5851427784472921,10.319279499999999,0.7587541666666667,0.28920124967892963,0.0019450187683105332
0.26541132000000006,18.32276764114182,0.5106936520232236,11.266077333333333,0.7657058000000001,0.3114334245522817,0.0023609797159830333
0.18984924,19.06474361188366,0.5277935437530118,11.088471,0.6468587933333333,0.31636544068654376,0.005730390548706034
0.13890410333333333,20.325502349114995,0.5593794999226684,11.931710666666667,0.75262972,0.3300042649110158,0.0009735425313313666
0.21934246000000002,18.961831405414355,0.5092194990754757,12.068194,0.73251855,0.3291845917701721,0.006218592325846334
0.34038122666666665,17.26351538784283,0.46653521448582436,10.78766,0.87744988,0.3198673377434413,0.0
0.18574979,19.983976176337418,0.5494756075564705,10.372372,0.8957826,0.269305298725764,0.003080765406290667
0.17775122200000001,20.227317095933852,0.5113703207778711,11.9821095,0.7086548766666666,0.3090045750141144,0.0023243427276611
0.17145162000000003,20.186316758734964,0.517445198030576,11.558762,0.9175306999999999,0.31418223679065704,0.002669652303059867
0.26824412999999997,18.65550162330571,0.48616860297828063,11.297596333333333,0.7867844533333334,0.313717653354009,0.0034085114796956334
0.2804345466666667,19.192011046311492,0.525890932086654,9.308550499999999,1.0927852566666667,0.29441469907760615,0.0011831124623616332
0.2894588633333333,20.07277764781112,0.5507228494948212,8.957932999999999,1.19575688,0.2746736854314804,0.0012466907501220666
0.2495249433333333,20.18715124159426,0.5390636315020461,8.8723605,1.2736750333333333,0.2781129976113637,0.0030948321024576665
0.5446735466666667,18.75981702221925,0.501778856779218,8.9513275,1.3380633433333333,0.322048415740331,0.004587570826212532
0.205359172,19.411467604455297,0.5224696645984995,9.316521666666667,0.8864824800000001,0.29535309473673504,0.0011794567108154
0.12741493,21.322774934814188,0.5555125298616508,8.934979333333333,0.9037684333333335,0.3043949206670125,0.00017038981119790002
0.10653079566666666,23.308897730357074,0.5981678281823668,7.8600181000000005,0.8064353366666667,0.289109210173289,0.004393815994262667
0.3399427533333334,20.312807591952687,0.5587216569657801,7.209488566666667,1.2728872333333332,0.31228214999039966,0.002397616704305
0.1451941,22.05698067871984,0.5795573280770233,7.867860666666666,0.9673492666666667,0.2862950662771861,0.0010224978129069
0.16704057166666667,22.50663966758169,0.6013928550318648,6.602557133333334,1.0480061,0.3013602395852406,0.0033438205718994
0.34738856333333334,21.464152501537672,0.5754104899964377,6.4765452,1.3081139533333332,0.3175401985645294,0.0
0.56446289,21.98352791235246,0.5949052251491639,5.0356426,1.7592412666666668,0.28088419636090595,0.0026792685190836336
0.20208478,23.537916243056817,0.6321299572523219,5.427199733333334,1.1057164533333335,0.2742516299088796,0.0007603168487548667
0.5836363466666666,14.069702432374259,0.36776266148065195,29.657880000000002,0.47046163333333335,0.5258459150791168,0.0012903213500976333
0.19222485666666667,21.151444274775358,0.46541496068567373,14.343931333333336,1.2264783,0.5048435926437378,0.0033214886983235666
0.15863579333333333,24.516166053270556,0.5590260521526282,9.553741,1.2644455,0.3435343603293101,0.0064752101898193
0.26799340666666666,21.35138139287211,0.5299273971450468,9.994004333333333,1.2606728866666668,0.349876473347346,0.0024678707122802665
0.7510724349999999,18.582672082951248,0.45516553489149897,11.018775999999997,0.9617906,0.45968423287073773,0.0018536249796549335
0.13870822333333332,24.23897694288721,0.5520008132192308,10.149061,0.9312232900000001,0.3435543477535248,0.0028192996978759666
0.16155418666666668,21.544229271023102,0.4996395548992513,12.531092666666666,1.0526270866666667,0.3912753959496816,0.0017547607421875
0.22622392333333333,20.853401017804078,0.49511484760836577,11.56356,1.1082246166666667,0.37203818559646606,0.004754225413004533
0.10134829333333334,23.485830524019537,0.5594283843511052,10.643981333333334,0.6278674133333334,0.32779354850451153,0.0025688012440999333
0.13092951566666666,23.40858048998958,0.5628910944959183,9.713822,0.6298685866666666,0.310765544573466,0.003340403238932267
0.2971444386666667,22.91240736194013,0.5813419794940525,7.426583533333333,1.0642827533333332,0.2965645641088485,0.0049465497334798
0.28835542000000003,26.535813763044064,0.6775276778009264,5.071915066666667,1.23499588,0.26218050718307495,0.0027089118957519336
1.1861456133333335,26.70259080749356,0.6415585574110902,3.3311463,1.9288410333333335,0.2351848284403483,0.0
0.37112108,28.19706688032071,0.7055219461016401,3.9495237000000003,1.1620575333333334,0.2563691933949788,0.0036150614420572334
0.5853314133333333,26.456089203074537,0.6916685470014259,3.9276967999999997,1.5807792,0.2518772035837173,0.0
0.9415142833333334,23.005661913520083,0.5891717570388749,4.300320166666666,1.6832656666666665,0.2896003872156143,0.0024901231129964
0.44653302666666667,25.90348502436001,0.6600616388453124,4.595812966666666,1.08651591,0.2654577791690826,0.0
0.6351094833333333,26.85734569034707,0.659371046384936,3.6695265,1.4517736633333334,0.25408536692460376,0.0
0.3365717433333333,28.541170208494748,0.744868502848045,3.786497966666667,1.1470784833333334,0.231226513783137,0.004882971445719367
1.5957601666666665,21.171757328136838,0.5093358117879675,4.313788,1.7108170166666667,0.31381626923878986,0.005413214365641233
0.25681932,26.176974811338216,0.6612859888904369,5.6658422,1.0710833666666668,0.2985910475254059,0.0014273325602213334
0.4717076966666667,18.615885441307555,0.45525084543754796,11.528148999999999,1.1312303333333333,0.38554133971532184,0.0012691815694173
0.146444718,22.519955946350564,0.5259246850894965,10.873322666666667,0.6503780133333334,0.3182910780111949,0.0022768974304198998
0.14444124333333333,24.655728708014195,0.5856174805106004,8.492320333333334,0.8774962666666667,0.3102693458398183,0.0032823880513509
0.12777966833333335,23.137701296126817,0.5582495797658072,9.863789666666667,1.0039680066666667,0.2803395887215932,0.008114417394002232
0.09736652999999999,25.32543238599391,0.586397649119429,8.340458,0.8002140333333333,0.3062601188818614,0.002849658330281566
0.14546331999999998,24.208681931772833,0.5647605579848569,8.047937966666666,0.9483553166666668,0.3764432370662689,0.0014517307281494
0.12124982666666667,23.588644404048747,0.5813062588934423,7.8991331,0.8761206333333332,0.31417272488276166,0.0019915103912353333
0.07267063966666666,23.938439268124785,0.5636433513711533,8.926241333333332,0.86523461,0.3289938469727834,0.007319370905558234
0.27572364433333335,18.498329463970105,0.46786584442006546,11.56152,0.8592420500000001,0.40264352162679035,0.0010386308034261
0.52086405,25.866077236956517,0.7139795406300035,4.066352766666667,1.9470926666666666,0.1515983814994494,0.0023683706919352
0.43074202666666667,22.20633436438168,0.6176540360077863,5.091200266666666,1.5780297666666667,0.1716726471980412,0.0032209555308024
0.2679024466666667,22.756641361977263,0.6801003910460075,5.039829233333333,1.5625090000000001,0.13856817285219822,0.0
0.16651047666666666,23.5732830398418,0.6931325804358441,5.511839300000001,1.1716195,0.1625421345233917,0.0025548934936523333
0.3142989033333333,19.51952993116642,0.4593101924254477,6.814689933333334,1.0320257333333334,0.20343224704265592,0.004923661549886033
0.20957474,20.585089187289444,0.5183767989312886,7.2472415,1.1816809000000001,0.20063639183839163,0.0049351851145426
0.24207060500000002,20.0318548405975,0.5693262368728339,7.081242333333333,1.270484,0.19326611856619513,0.0031937758127848002
0.4060059466666666,18.085727550288098,0.44787404406267967,6.327253533333333,1.23741241,0.20396493375301358,0.0016841093699137331
0.28349620999999997,19.817878339531955,0.4747649133717533,6.067912799999999,1.0811978666666666,0.21686833600203193,0.0006071726481119667
0.23840533,20.400249818507472,0.518195530560401,6.092716,1.1052068,0.23754043877124784,0.0020934740702311
0.22176261666666666,20.064492989471443,0.5144080586544894,6.5688261,1.1136750333333334,0.2587077766656875,0.0005849997202555334
0.24365840333333333,18.8521317156391,0.5019890358616969,7.098120333333334,1.1041669,0.29052093625068665,0.0018122196197509668
0.376847,16.611896015357907,0.42858422828910775,8.052361766666666,1.1110966866666665,0.32405320803324383,0.0013910134633382
0.21376785666666667,18.151641676342418,0.4957487825624236,7.980031,0.9473957533333333,0.2963475584983825,0.003287394841512
0.2399211366666667,17.512795714072535,0.46466597945460236,7.889002766666667,0.8753562133333334,0.3287944197654724,0.0027417341868082663
0.3007070266666667,16.91554436222647,0.46344786501351326,7.991688666666666,1.0878136,0.30310901006062824,0.0
0.3145386666666667,16.954798341373845,0.47177730055683303,7.4722663,1.1127500000000001,0.30920657018820447,0.0019805431365966667
0.25397944333333333,18.131637752996216,0.5036908274104838,7.4936501333333325,1.1282566,0.30563015739123023,0.0064985752105712336
0.28004013666666666,17.751007474182746,0.5247813462226393,6.882722333333334,1.0935885133333334,0.27666616439819336,0.001771608988444
0.3753813366666667,17.13843641459137,0.4847955305077858,6.906045466666666,0.9056657499999999,0.30194897452990216,0.003672440846761033
0.32979637,17.72217166556371,0.48364426771450897,7.4037579,0.94289912,0.31532267729441327,0.004311323165893533
0.26268621000000003,18.416855129371527,0.5221221900804043,7.170124566666666,0.8722197,0.3062317669391632,0.0044772624969482
0.3641932366666667,15.835323043409176,0.43451180512534876,8.202095833333333,0.7240170333333333,0.34361663460731506,0.0008176167805989333
0.34170436,15.949188444658882,0.4597512520793918,8.348181933333333,0.8518955833333334,0.340329110622406,0.0026710828145345
0.2228930233333333,17.549917425823462,0.4913011390508985,8.500813333333333,0.9032811000000001,0.3282227615515391,0.003325064977010067
0.22030096666666665,17.805385200249003,0.49300960820592193,8.7131165,0.8291853933333333,0.3121926188468933,0.0069339275360107006
0.24662279666666667,18.030562228378994,0.5056530327190494,8.375320499999999,0.71645306,0.2927000919977824,0.0022905667622884
0.36430890666666665,16.888427572183357,0.48807809328675406,7.3966201,0.9338468666666667,0.2870202958583831,0.0024247169494628334
0.33213575666666667,18.25435410420206,0.5054718585670149,7.0385214666666664,0.9748142999999999,0.2921085258324941,0.0020944277445475
0.3741664633333334,18.70608353029597,0.5116863954142271,7.350780433333334,1.1182708000000001,0.3019138276576996,0.0005073547363281
0.30504266,18.46112210100893,0.5207873034374805,6.762951766666667,0.9768032666666667,0.332205335299174,0.0017630259195963334
0.35695947,18.05962346836618,0.5253470254051753,6.267835333333333,1.0837720666666666,0.2724994619687398,0.0035576820373535
0.20667965,20.7341044505204,0.566952874762245,6.198136333333333,1.0029283466666665,0.3012046416600545,0.005375623703002899
0.2561257046666667,19.831577305477975,0.5303005441070169,6.105787633333333,0.9927470833333335,0.30801426370938617,0.004450877507527633
0.18035061,20.648407935634413,0.5298134389982744,5.738741733333334,0.8617491633333333,0.30874456961949664,0.0035328865051268998
0.19076097,20.915578571529405,0.5492104828316083,5.4938078333333324,0.9804352333333334,0.2882883896430333,0.005605379740397099
0.21468542999999998,19.245007355769655,0.4912811330247273,5.4902021,1.1853187333333333,0.25266811251640314,0.0033720334370930666
0.1675795666666667,18.72768871008159,0.42619054345096297,6.691921499999999,0.7377938466666668,0.32094767689704895,0.0065874258677164
0.12019484166666666,24.595412074771797,0.6552134643839582,4.9159896,1.13182272,0.15451131761074063,0.005175669987996367
0.17657615999999998,20.669022170614777,0.5665163621841436,5.865973666666666,0.8719150999999999,0.18494491775830582,0.0014071464538574
0.15268787,21.387739186084673,0.5397723546504517,5.916165599999999,0.8450441,0.17486438155174253,0.0020037492116292
0.21812544,20.005907818591762,0.5906198224208932,6.713039566666667,0.87949212,0.18304924170176182,0.0
0.18024801999999998,19.741215674292842,0.5320286992103194,7.1391426000000004,0.8785463566666666,0.19241165121396378,0.0012533664703369
0.108207658,21.725316437325592,0.5450952904707173,7.0520128,0.8783235533333333,0.16162323455015815,0.004128774007161433
0.15095382,21.030507533939492,0.5419118661942318,7.7220532,0.8148062833333333,0.18782632797956464,0.002960443496704067
0.22245805000000005,18.986281156237,0.448052288340483,7.7292559333333335,0.9572691333333333,0.20646229386329648,0.0025916099548339666
0.10580090000000002,21.3276852471078,0.5401974754487977,7.801563866666666,0.8225779833333334,0.19057727356751755,0.0029559135437011333
0.15218266666666666,19.53344502095275,0.5614353678204408,7.579369333333332,1.00972715,0.2171408782402674,0.0031706492106119335
0.09227416133333333,21.956111805948556,0.5381310245842891,7.530908433333333,0.6783995800000001,0.2168546418348948,0.0013468265533446999
0.14866423799999998,20.160678430658844,0.4819271321506651,7.405428700000001,0.8983334866666667,0.25334231058756507,0.002818346023559567
0.110787805,20.65124712263832,0.5319573652865611,8.145173766666666,0.8936676133333333,0.2402077466249466,0.0011219978332519334
0.14086141333333332,19.137847210607575,0.455048117113944,9.118360666666666,0.54433421,0.310891071955363,0.0013442039489746
0.14943000666666664,18.950524084208084,0.5257878068216312,8.3293418,1.1515549,0.26158510645230604,0.0013388792673746667
0.16068943333333333,18.648257163598874,0.49242606528189925,8.263001266666668,0.7812109566666666,0.2823847432931264,0.0024902025858561
0.15869742333333334,18.11900989627423,0.4559588346120626,8.852281,0.6729707166666666,0.2989666561285654,0.003374338150024367
0.16071882,18.199470465231425,0.5100798709713084,9.246125999999999,1.0318917566666665,0.2643018166224161,0.002319256464640267
0.21461977000000002,17.144170291713078,0.4344127960350876,9.774842333333334,0.7490437966666667,0.3236913631359735,0.0
0.25974793,16.482992394633673,0.44147009044099295,9.699288833333334,0.99330542,0.3094802697499593,0.0052568117777506
0.21887313666666663,17.1662332200691,0.46591044624932526,9.840652666666665,0.9296912266666667,0.27919727563858027,0.0
0.3399954666666667,14.947920120664984,0.4039469517631657,10.817639333333334,0.9632230433333332,0.3466287652651469,0.0
0.18778412,16.89069841038247,0.45828044335395196,10.016554666666666,0.9326152466666667,0.31747182210286456,0.004362821578979467
0.17852151333333333,16.82159311873225,0.43829278315377906,9.858985333333335,0.6539659866666666,0.3244262039661407,0.003945668538411434
0.183163972,17.072366554639917,0.4629310245183062,9.060261333333333,0.5867280666666667,0.27620756626129145,0.0026775995890299335
0.17949634333333334,18.582929153553106,0.4869531188150622,7.8818817,0.7313706566666666,0.3188118636608124,0.003380695978800433
0.17884558333333334,17.182087004055578,0.5033624530410326,8.332897133333335,0.7828177066666667,0.2870754102865855,0.0041061242421468
0.17143794999999998,17.620136426632026,0.5075456066895665,7.904047533333333,0.7289237333333333,0.24628137548764542,0.0024219353993733665
0.18435477,17.801090282173316,0.4968948273162955,8.592722,0.8224002,0.2974371214707692,0.0059390862782795996
0.15937638133333332,18.196458424394454,0.5196250339556544,8.598272,0.7911939166666667,0.24253133436044058,0.004207452138264934
0.17446355333333333,18.486840747835654,0.5150573062347524,8.534028000000001,1.03261422,0.2644004722436269,0.0003405412038167
0.17750204533333333,18.124255217849996,0.4952603284826111,8.120210033333334,0.7851141300000001,0.2477251042922338,0.007261355717976867
0.1850048333333333,18.551062309213403,0.5031608759255256,7.5537321,0.8818610233333334,0.24956702192624405,0.0033416748046875
0.15631739333333333,18.800416757479876,0.541419135222532,7.2291903333333325,0.7449109000000002,0.24450218677520744,0.006591558456420866
0.17412646,17.975129501902313,0.4828515125804147,7.0952697333333345,0.7279219,0.277564932902654,0.005676031112670833
0.07843351133333333,17.81502040194253,0.4186341352857734,32.025021333333335,0.5340011533333334,0.4191373586654663,0.0
1.1293458416666666,18.74161605766872,0.4066778697564842,13.637352,1.0105059833333334,0.4830741385618846,0.0068360964457193675
0.35507202666666665,23.362671586697534,0.6662514525114709,5.156227766666667,1.7689428666666664,0.24073963363965353,0.0040107568105061326
0.26131708,23.386891607644372,0.6675606470410672,5.5757118000000006,1.4484629,0.24516194065411878,0.0021526813507079666
0.40526416466666665,22.65955724014783,0.6117465768254982,5.646804899999999,1.3880328800000001,0.2548850079377492,0.0
0.37670482499999997,22.238445129203214,0.5940465351857626,5.911302533333333,1.2762257000000001,0.21956415474414825,0.0027267932891845334
0.47175469666666664,22.325200182305597,0.6012010169144717,5.581707333333334,1.5652487666666666,0.22007844845453897,0.006885290145873967
0.4016950533333334,22.18029813950561,0.597065713569043,5.351316999999999,1.3902256000000002,0.2166023751099904,0.003576119740804
0.5530159133333333,22.428279889057915,0.5889873656217453,6.414754233333333,1.4084829666666667,0.2594509770472844,0.004684289296468067
0.13448123333333334,23.3760307980112,0.665195844987572,7.3704118,1.1758123166666665,0.2300948997338613,0.008101224899291935
0.10355531,22.990857185045282,0.6061114913672184,8.256560333333335,0.7214919466666666,0.31006066501140594,0.0017161369323730332
0.13465492666666667,21.695422627783813,0.601591295475599,7.955539566666666,1.0385801133333332,0.2510581960280736,0.0038804213205973002
0.21092221333333336,20.096990054613887,0.5396911266352317,8.339936333333332,1.0188578533333332,0.28320087989171344,0.007339080174763968
0.5120309516666667,17.64633905979029,0.49472313042093735,9.030927,0.9951090666666667,0.3342495212952296,0.0012528896331786999
0.17681491000000002,20.20942055442656,0.5489300536674344,9.563716833333332,0.9313855466666666,0.279853011171023,0.0060815016428629005
0.18090887466666664,21.47755667126152,0.5843487701743464,8.202081433333333,1.0634998333333334,0.2896462778250376,0.0016653537750244
0.44451124333333336,18.876736862698806,0.5283710367241653,7.600337766666666,1.46284361,0.2826768159866333,0.0011001427968342665
0.11398987466666666,22.300411726149708,0.6049959739962979,8.534089333333334,0.9259778,0.24515011906623832,0.008014917373657166
0.25184756999999997,20.37295638210394,0.564180005862427,7.6298141,1.1187725333333334,0.2712242801984151,0.006722132364908834
0.147268082,22.324544658513275,0.621228433753701,7.6563574,1.1397142533333333,0.2300851841767629,0.0021011829376220664
0.24322422666666668,19.907495736145805,0.5491457383446442,8.581187666666667,0.9318578666666668,0.2608887453873952,0.0
0.18409027,20.579740144861557,0.5827811247008654,8.411810666666666,1.0709820033333333,0.2541004419326782,0.0048043727874755
0.26162026666666666,18.23639079905294,0.49906227774445516,10.682335666666667,0.9495203,0.36100655794143677,0.002768913904825833
0.1671482086666667,19.73685551152148,0.5461389742870282,9.694528666666669,0.9654405666666666,0.30178656180699664,0.005065520604451434
0.20126625333333334,20.341131422160103,0.5657448221111199,8.438295666666667,0.9768951666666666,0.2815248171488444,0.0034156640370686664
0.25448776999999995,19.58334234981691,0.5548069005032179,8.104376566666668,1.2836235666666667,0.3110031485557556,0.0032074451446533
0.2165127033333333,19.652371957079463,0.5341965799472792,8.411775333333333,1.1316268,0.30255211393038434,0.0068045457204181994
0.14595927666666667,19.15679321585709,0.49975192321255163,10.624772,0.7916859633333333,0.3218866288661957,0.0009489059448242
0.16448436866666669,18.97154216836886,0.49287171692451076,10.429678000000001,0.8281703533333333,0.3220735689004262,0.005838632583618134
0.14890772833333332,19.697284080292345,0.5180912198983857,8.8896745,0.9529511500000001,0.32492584983507794,0.0
0.23895395333333333,19.47292121735197,0.5467022684599651,7.184534833333333,0.9692457166666667,0.3316624363263448,0.0015207926432291667
0.29083920333333335,20.918403873822395,0.5746060421722775,6.213786466666666,1.2790233533333335,0.310273140668869,0.006610711415608666
0.18028456233333334,22.05745298499322,0.6234182412660095,6.0190868,1.0544633,0.28295333186785376,0.002501646677652967
0.18609993233333333,21.381872294041628,0.5848063605049688,6.395294500000001,0.9933942,0.3194061021010081,0.008610169092814066
0.4469790633333333,20.977025425172144,0.60840485647625,4.825455833333334,1.4791289666666667,0.30662842591603595,0.005337874094645134
0.6731867633333333,21.572688804577506,0.49557057485265354,10.18417,1.3500271000000001,0.4224141438802083,0.003672122955322233
0.54563236,21.85122844920509,0.6041837480451252,6.829493433333333,1.4821772333333332,0.24037180344263706,0.006488800048828067
0.18153135466666667,24.600194718863765,0.7193781296069872,6.8276678,1.3235307333333333,0.2446817060311635,0.0023220380147298
0.5648393133333333,22.27074396920331,0.6136661762628234,5.349686966666667,1.75510575,0.21880585948626197,0.006546974182128867
0.3941145566666666,22.716460603264252,0.6534611948416212,6.0459129,1.5783997799999998,0.25315100451310474,0.0
0.41831436333333333,19.268533665434557,0.541077781450391,8.330944233333332,1.35001532,0.30625524123509723,0.006203413009643534
0.2656067966666667,21.707697667486727,0.6005882733053783,8.714460333333335,1.2222668,0.25491466124852497,0.002367893854777
0.13847842000000002,23.141921739205287,0.6325512226188806,9.511983,1.06884858,0.24231778581937155,0.0020267963409423668
0.31861583666666665,19.398780636028444,0.5375976587285627,9.6825235,1.0176570500000002,0.32506094376246125,0.0
0.15569307333333335,21.20078906731517,0.6104191589469082,8.896137000000001,0.6648701333333333,0.25190670291582734,0.0042501290639241325
0.10486841733333334,21.867019518177756,0.6171398377440619,9.233319333333332,0.9745434333333334,0.26057086884975433,0.0022579828898111665
0.11079039333333333,21.938050127389644,0.5900462107890813,9.502358000000001,0.8297890999999998,0.2698582808176676,0.0051177342732747
0.21829264,19.7593785067254,0.5172430135931575,9.584098333333333,0.8327382,0.301823337872823,0.0069196224212646
0.19061480666666666,19.682978957870333,0.5507061356294374,10.290696666666667,1.0105935333333333,0.3149161736170451,0.0013281504313151001
0.20383634333333334,20.527280020938836,0.5716600285965331,9.131201666666668,0.9661481333333333,0.31516882777214045,0.0033024946848551335
0.2422014766666666,20.528247286602927,0.5630441401206191,8.556639166666669,1.1812994,0.289833645025889,0.0015049775441487332
0.29401088666666664,18.53596610254981,0.4996545808527193,10.907949333333333,0.9985839666666667,0.3369632263978322,0.0017352898915608667
0.11906029666666666,21.87012783190147,0.5591517050846256,10.964393000000001,0.9476222,0.26166536907354987,0.0021255016326903998
0.17455961333333334,21.523162138675804,0.566833422739444,10.847478,1.0852478333333335,0.2983489731947581,0.007321278254191033
0.16566655666666666,22.37141118147419,0.5843747021174267,9.690155333333331,1.1372220766666665,0.27264657616615295,0.0026725133260091
0.17376470666666666,21.58612645284184,0.5400407120506595,10.890158,1.0124069666666669,0.31772048274676007,0.0
0.31338535333333334,21.632485752155144,0.56731038149245,10.181742999999999,1.3551414633333334,0.31383803983529407,0.004429181416829367
0.25531112,20.473144317144676,0.5289630288884952,10.615802333333333,1.1961442666666666,0.3246167798837026,0.0019110838572183998
0.25834317999999995,21.16046757957641,0.5354333878995257,10.853564666666665,1.2474528,0.3467860817909241,0.0011897087097167667
0.41628779,18.935406478023648,0.49314834985309647,11.298214333333334,1.4011380333333332,0.33530592918395996,0.000901460647583
0.26701309333333334,20.34674132354449,0.5058186374260113,10.717369333333332,1.0194238333333334,0.33879904945691425,0.0048413276672363
0.29996341666666665,18.8413805823597,0.4776461279555521,12.019413333333333,1.1443263333333336,0.32683806618054706,0.0019343694051106666
0.24419262666666666,20.163588884801133,0.5182401543695149,11.793239999999999,1.118925,0.30627743899822235,0.0012548764546712
0.34763829333333335,18.742484594656094,0.4757655551348708,11.656043666666667,1.0659963,0.3940530816713969,0.0046346187591552665
0.2718689966666667,19.57337772072371,0.5169814441187705,10.845779333333333,1.1568254333333332,0.32156189282735187,0.0
0.32506680666666665,19.411035204277542,0.4807325169920362,10.858185666666666,1.0441696333333332,0.3759778141975403,0.0
0.613545705,19.042065398342245,0.49206763568888406,8.310739,1.2992883,0.34839176138242084,0.006944815317789666
0.31139472,21.390772112787555,0.5552214737942229,7.720857633333334,1.1418625333333334,0.338753084341685,0.003117561340332
0.4152910433333333,20.352978996782284,0.5014378537712368,8.2203161,1.39893172,0.35379230976104736,0.0005110899607340334
0.23834428166666669,20.755563435977816,0.5317589639633928,9.116422,1.11039305,0.3479322095712026,0.004501342773437466
0.4858380033333333,19.086801650641988,0.527390582539314,7.440359466666667,1.4829917333333331,0.3817305068174998,0.0
0.21249576,20.825956699023376,0.5504433442383884,8.311868666666667,0.8553494733333333,0.3387342194716136,0.0014837582906087
0.19655629066666666,21.29823728884136,0.5569355321147276,8.330468999999999,1.0219841533333334,0.3283887306849162,0.0013090769449869667
0.19543528333333335,21.364490122531237,0.5986813237683098,7.039911666666666,1.09189248,0.3214225073655446,0.0075910886128743
0.21718081666666667,19.499673164820937,0.5502656563405683,7.994498,0.9416267500000001,0.27210413416226703,0.0
0.19879686333333335,17.81761583104173,0.5425768758296049,9.468758666666666,0.5874554866666667,0.28933645288149507,0.004665851593017534
0.20441164999999997,18.134782290872284,0.5184555919395336,9.475502333333333,0.6078114066666668,0.2854081193606059,0.006364663441975866
0.18384018,20.88429686781303,0.584804152684964,7.147850099999999,0.7963196533333333,0.25011754035949707,0.0049526691436767
0.25463563333333333,21.917696470391615,0.6131882439076319,6.441800566666667,1.1166688866666667,0.26100775599479675,0.0015802383422851335
0.19842383,20.72974593539607,0.5928525820396476,8.0575068,1.0760138000000001,0.22013382613658905,0.005152384440104133
0.16833762533333332,16.588913542375145,0.3946615999115652,26.783349333333334,0.6865943533333333,0.44416727622350055,0.0
0.6460073333333334,23.9251435247612,0.5844602798791773,7.264803999999999,1.6003693333333333,0.29738753537336987,0.0018378893534342
0.32512635,21.51609304995527,0.5841907808608608,7.287933666666667,1.3802251466666666,0.2566497027873993,0.005024194717407167
0.73733756,18.211128199774226,0.4837208231269636,7.282412666666666,1.4764309333333332,0.31529901425043744,0.006927251815795866
0.180511618,22.336607919988882,0.580747097393043,8.863537,1.1474090833333335,0.3153046766916911,0.0031397342681884666
0.32979055333333335,20.276678130997023,0.5524664177382755,7.958668733333333,1.4025917666666665,0.297609140475591,0.0028301874796549335
0.18479891866666665,22.43831458372503,0.6045789025326643,8.187205333333333,1.26550199,0.2645051230986913,0.004205067952473933
0.48536625999999994,20.25802868492563,0.5314248770038312,7.9830171000000005,1.3484905433333336,0.31117537617683405,0.003052393595377567
0.18225455333333332,21.683115562946742,0.5472935194446266,9.763760333333334,0.97178541,0.3338506321112314,0.0
0.10190889666666668,21.95862518027627,0.5550276499865409,10.301485333333334,0.8125997333333334,0.3323442935943603,0.0025315284729003668
0.15438682333333334,19.19409503596088,0.5182180506253555,10.741545333333333,1.0649710333333333,0.38616932431856793,0.002160310745239233
0.11050147333333334,19.95397750939343,0.515343194688418,11.630021666666666,0.9883767999999998,0.3260303636391957,0.005479415257771766
0.16393658666666666,18.7531964456129,0.49297649411598243,11.903407166666668,1.0941257500000001,0.38598860303560895,0.002212047576904267
0.2402993,18.69233080536188,0.4928907005046867,12.0041505,0.9583798166666666,0.35745954513549805,0.0019210974375406668
0.19344732666666667,18.331921240306354,0.49081186908974345,11.471683333333333,0.8007795333333333,0.30198944608370465,0.003156900405883767
0.15196825333333333,19.43504001750483,0.47054609813499426,12.10739833333333,0.6162196333333334,0.3771178126335144,0.0041448275248209
0.12085912666666666,21.0771180864021,0.56368601247359,10.382921833333334,0.8913462799999999,0.3021188626686732,0.004654566446940066
0.18433112799999998,20.90397684917811,0.5470923681140188,10.205163666666666,1.00792799,0.2929937541484833,0.0068581899007161
0.22506445,21.400323164537962,0.5515157406127584,10.703888999999998,1.1850509333333334,0.31972051163514453,0.0021499792734781665
0.16829507000000002,21.490880188491474,0.5457008598280568,10.492478333333333,0.9307380799999999,0.3128956059614817,0.0007280508677164668
0.19145604166666666,22.632599100396757,0.5639432107559035,9.58878,1.0301085133333334,0.3191768328348796,0.0018399556477864335
0.24507402666666667,22.150814788981076,0.5749654216316252,8.144770333333334,1.2640445666666666,0.32651299238204956,0.0052866141001383
0.27205661,23.720765748767267,0.6095102252743813,7.212866333333333,1.2247525833333335,0.32363561789194745,0.0019830067952473665
0.6167679733333333,22.448869650007225,0.5722496218734573,7.0448254666666665,1.8289613333333332,0.3489665190378825,0.0
0.5046467466666668,23.43256108214254,0.5980027332251766,7.122304866666667,1.69099412,0.30989305178324383,0.0034992694854736
0.6878672166666667,21.155985116414694,0.5357882229478392,7.0140777666666665,1.7809276,0.3651188512643178,0.0033187866210937
0.8053393333333334,19.61687944291737,0.5210168643132563,6.749274266666666,2.5498674,0.37568745017051697,0.0034372011820475
0.8102901833333332,16.655420097463086,0.4506369693611058,9.311066666666667,1.8282044,0.37579438090324396,0.0034263928731282332
0.12972622333333333,22.190219936757668,0.5349672288942027,10.648452833333334,0.9731897666666667,0.3107258180777232,0.0014235178629557
0.28800791266666664,20.954727937876047,0.5089614442798832,10.026406333333332,1.0819138333333334,0.3885796070098877,0.0018639564514159668
0.24103432999999996,21.070185590868487,0.5378165591876088,8.796951333333332,1.0122584833333332,0.30905617276827496,0.0021864573160807
0.30247713833333334,22.710450222178295,0.5804151987721727,7.218633333333333,1.1265184333333333,0.33248082796732586,0.0031654834747314
0.27451773533333335,21.65787156839931,0.5882144677123932,7.226193433333333,1.2739509533333333,0.3609464665253957,0.0
0.08607165333333333,25.009655443523073,0.6299667952732859,7.3767928666666664,0.8247590666666667,0.35158265630404156,0.0
0.47509566333333336,21.35004132730526,0.5904051843103789,6.033445166666667,1.6994563333333332,0.3246124684810638,0.0013393561045328666
0.3519168,22.239253449375372,0.6183139950021496,5.786737433333333,1.5856619333333333,0.3695959250132243,0.0018204847971598
0.46711888333333335,20.535132756883826,0.5816392553103523,5.859240833333334,1.3921700666666668,0.2966133803129196,0.0011157989501953001
0.58765734,21.871005226566563,0.5877136074349595,4.932041766666667,1.9379701233333335,0.2037891695896784,0.006132364273071266
0.19999173,21.77031645288031,0.6067416948931248,5.8473692999999995,1.2636266,0.24209363261858616,0.0022485256195068
0.114390478,22.007917598723054,0.5903889750886276,7.597682466666666,0.7536767666666666,0.28362062573432917,0.0005849997202555334
0.18994059333333335,19.560386019065774,0.5561843339166108,8.229437,1.3692639133333333,0.299491008122762,0.005656878153483033
0.19494141466666667,23.878314825522196,0.6652703908320876,5.793972,1.3903336666666666,0.28187249600887293,0.0036510626475015997
0.24316870000000002,22.37479677311023,0.6301225460858203,5.951114133333334,1.4981051333333333,0.26647693415482837,0.0067235628763834
0.23958922666666668,23.306747720763735,0.6304009842970727,5.932814366666666,1.2014332366666667,0.2957985649506251,0.0
0.24922712999999996,22.555687920671815,0.6299685630331759,5.296898433333333,1.2230048666666666,0.2751716276009877,0.005988121032714833
0.63351678,17.350151933694182,0.5060894859991297,6.605929666666667,1.682143,0.34860241413116455,0.0019737084706624333
0.1406436533333333,19.240004879795695,0.5334884015474284,9.571224333333333,1.0785668766666665,0.3905823826789856,0.006652752558390267
0.20487130666666667,19.056579533935718,0.531875527368551,8.559874833333334,1.4286328666666668,0.3688521484533945,0.0013233025868733667
0.21908060166666665,19.808075509138874,0.5517093518733555,8.362601,1.4578527666666663,0.3672203520933787,0.004241863886515267
0.134257316,22.32423923810376,0.5938330079331683,7.4684186,0.87208921,0.32064612706502277,0.005504131317138633
0.09223957666666667,22.921300216417976,0.5953948488858696,7.980857,0.8228621766666667,0.32751449942588806,0.0020066102345784333
0.30475230666666664,20.77566260308529,0.5542947903886066,7.246803333333332,1.0558337466666667,0.3512863218784332,0.0
0.13760047333333333,23.22951886802704,0.5943555900051836,7.283938399999999,0.8217761800000001,0.321149617433548,0.0013388792673746667
0.10486896999999999,22.25501880516461,0.549815216800319,9.812995,0.6638655466666666,0.4031781355539958,0.0045944054921468
0.21240510499999998,21.19119289573046,0.560314542075941,8.154794,1.1615310733333333,0.3788363039493561,0.00037018458048500004
0.18764488999999998,21.018027178951137,0.5145211949372922,8.922866666666666,0.8068129633333333,0.3771313826243083,0.0033779939015706334
0.27888252666666663,19.530253524312865,0.5104177625138999,8.574204,1.0953179666666666,0.37034046649932856,0.0031874974568684663
0.47558078000000004,18.657568023545057,0.5139544477429097,7.852135499999999,1.8597344666666666,0.35417277614275616,0.0
0.20720519333333334,21.38953307429337,0.5586805127855734,7.9878033666666655,0.9949835666666665,0.32986027995745343,0.0042293866475423
0.23781211666666666,20.16896665542926,0.5373042994003883,9.073619333333333,1.2374010666666668,0.3490633765856425,0.0015081564585367668
0.18414774999999997,20.751711939557822,0.5032982745610175,9.51721,0.8511642666666667,0.34812071919441223,0.0045986175537109
0.13640547466666667,20.219685313229107,0.47067401572610795,11.039517666666667,0.70066956,0.3678388992945352,0.004276196161905867
0.18218654,20.850448877691903,0.5488152743505373,8.428644,1.0266140333333331,0.31680582960446674,0.0035046736399332334
0.09709035966666667,20.015426913086923,0.44144042072030615,11.218497,0.8661005666666667,0.4197874665260315,0.0
0.2963452016666666,21.645940682443808,0.605050183880362,5.709263666666668,1.0475982166666666,0.33944175640741986,0.001542329788208
0.133440445,19.616503994734725,0.5084667383909611,9.233158333333334,0.8955603433333333,0.37573880950609845,0.0
0.11031515833333333,18.81446328743101,0.4413024401707581,10.886883333333335,0.7783804233333335,0.43249042828877765,0.0010892550150553334
0.14233083666666665,18.307122978467604,0.4461979821577375,10.609846,1.1342644100000001,0.41323941946029663,0.0026954809824625333
0.062471875333333336,20.012610162470647,0.44140133583766045,12.156554,0.7495949933333333,0.4203265110651652,0.0043233235677083
0.3650238733333333,14.583635488828927,0.4627577631558992,9.500273666666667,1.1008898,0.37263280153274536,0.0015635490417480332
0.12746549333333332,17.135072385312682,0.38715193954421273,33.42195666666667,0.39711216,0.4533063471317291,0.005443572998046833
0.49119829333333337,15.3862530308336,0.3845786212673971,21.98462566666667,0.64891782,0.5969754656155905,0.0006704330444335668
0.6622999420000001,16.34818072741489,0.37937777517950827,18.944625333333335,0.7408549500000001,0.5866141517957052,0.004701455434163366
0.9266814406666667,16.89499276813432,0.3827573347350739,14.35033,0.8760851,0.5456264615058899,0.002953449885050433
0.1964083533333333,21.309669228029264,0.46971994208513074,12.781661999999999,0.7027975099999999,0.44624802470207214,0.0017462571461995334
0.130021024,21.48865757207422,0.4754601849882228,14.806974666666667,1.16881282,0.43356025218963623,0.004998763402303034
0.43028573666666664,17.019284311742084,0.43882044280450505,14.344646500000001,0.9370713,0.4328797260920207,0.0015446345011393
0.21831308000000002,20.134136524824054,0.4717194838585408,13.922813666666668,1.0174203666666666,0.4333275556564331,0.0043888886769612
0.12465307333333335,23.723130578694338,0.5335631819017879,10.123097666666666,0.9838304999999999,0.352096160252889,0.0047030448913574
0.11639978,23.942298501518902,0.5261465657106228,10.238257333333332,0.7277812333333333,0.35375959674517315,0.0038170019785562664
0.154927262,22.468418288883274,0.5317256114317624,10.527274,0.77435883,0.3470025062561035,0.0006691614786783666
0.16876084666666666,22.191341005757938,0.4905615908714052,11.365695,0.6871527900000002,0.37375015020370483,0.0020944277445475
0.11317825333333333,23.475543013869487,0.5208582502415852,11.352853999999999,0.6754689833333334,0.36552876234054565,0.005008379618326766
0.07797372833333334,24.39855907528523,0.525659871972042,11.979753333333335,0.6529481333333335,0.34368545810381573,0.0
0.19689447333333332,20.973202630546766,0.49905231254358656,12.010673666666667,0.9706969766666668,0.3712233901023865,0.005854050318400034
0.14014794866666666,22.77341543357437,0.5215609722251683,10.922101500000002,0.7595305200000001,0.3562871515750885,0.0025922457377115667
0.11099129,23.709029801518117,0.541297931292112,10.592659333333332,0.7808639533333332,0.3118164340655009,0.0
0.11987614499999999,23.491293500520708,0.5300351148939403,10.412957333333333,0.70272524,0.32970052957534784,0.0014990170796712
0.11184119999999999,24.482164896126402,0.5562479917853566,10.344869666666666,0.8749330866666667,0.31010836362838745,0.0022029876708984336
0.35838673000000004,22.809783534520676,0.5787240789093544,7.031291233333334,1.21445962,0.33753250042597455,0.0041415691375732
0.21023851666666668,23.28590068813614,0.6020137381536297,7.390803533333333,1.2170067333333332,0.282389168938001,0.008331298828124932
0.7068300633333334,23.229371549895504,0.5729506878724538,6.5583541,1.3877478833333334,0.3801915645599365,0.0
0.14569421000000002,26.51116147996672,0.64872000202493,6.517364499999999,0.9109867,0.3385499020417531,0.003137667973836233
0.29560164333333333,19.79499604765699,0.4523959778419839,10.217578833333334,1.1397883500000001,0.3809875249862671,0.005697806676228799
0.13169836833333334,21.873877437051107,0.48581472477756854,11.185480833333335,0.7111024833333333,0.37320112188657123,0.003348429997762
0.09912705666666667,22.255279834567478,0.5051744439468072,10.9010275,0.9137793333333333,0.36319000522295636,0.0013394355773925666
0.08532752799999999,22.98361041700555,0.5303339667925986,10.959503,0.773456,0.3316510021686554,0.0023137728373209335
0.07255028033333334,23.60458003430726,0.5641306086186865,9.654654,0.7572262666666667,0.34002382556597394,0.0010887781778971333
0.10782963533333334,20.81595162006366,0.512627342648528,10.443004666666667,0.7800531433333333,0.3387743333975474,0.006512403488159134
0.16464529,19.674786376631598,0.49611810682174023,9.252427666666668,0.6781979300000001,0.37341241041819256,0.0042070547739664335
1.1690791766666668,27.35561023963726,0.6629467540521131,4.985575766666666,2.2183847666666665,0.25649860004583985,0.0013957818349202332
0.4219029966666666,24.93709267529729,0.5861387809533986,3.4281012000000004,1.4831562766666668,0.11485181252161658,0.0018910566965738666
0.4280406333333333,22.55781814269639,0.47897721176493685,4.340161,1.2140674333333332,0.15203147133191422,0.0026993751525878668
0.35482025333333334,21.717470592720165,0.5585976179965065,5.510534533333334,1.1183776233333333,0.1754748622576395,0.002727826436360667
0.2659865166666667,20.62298935967983,0.5575703119401505,5.881412933333333,1.0643619,0.1756419986486434,0.0030965805053710664
0.38738250333333335,18.38268913914784,0.4522979758050991,6.721262100000001,0.9508756333333332,0.18747629721959425,0.0016160806020100666
0.3163174,19.51592705566964,0.5264920551629289,6.792654933333334,1.0742346333333332,0.1911623626947403,0.0020237763722737332
0.6110026466666666,16.427710959111447,0.4735422738288726,7.3166753,1.3831657166666667,0.24737040201822913,0.003470659255981433
0.18763515333333336,21.227929665234967,0.5946379778828287,6.6676044999999995,1.1749332000000001,0.18261886636416114,0.0006676514943440667
0.20278354666666668,19.17906659181074,0.5614157247161223,7.829915499999999,1.1662811666666666,0.23309886952241254,0.0036449432373046333
0.14737124666666665,20.35614793905459,0.5632567101896119,7.351730666666666,1.0100561166666666,0.22911527256170908,0.003152449925740533
0.19490149666666667,19.34568564497613,0.5840304531610981,7.360813666666666,1.3201716333333333,0.21505094071229292,0.0
0.19360042666666666,19.045549799424148,0.5298251076470021,7.731826166666667,1.1831090333333334,0.2730170289675395,0.0020307699839274
0.2698186066666666,17.497392913368152,0.5315999911655965,8.593291233333334,1.3295513799999998,0.28736106554667146,0.0007347265879313001
0.12488023,19.164102486834945,0.5644189805096612,9.300517333333334,1.07241072,0.28532973925272626,0.0020585854848225666
0.21624986666666668,16.657947141471155,0.5190714277740175,9.416695666666667,1.1074306133333334,0.32585448026657104,0.005954345067342067
0.26804538,16.51294517005536,0.4910753248957649,9.329067,1.1845353,0.3461725016434987,0.0026249885559082
0.21184468,18.79409375920336,0.5686166723095339,7.679375333333334,1.2119461333333332,0.2840015689531962,0.0028163592020670337
0.33893512333333337,17.427974482664315,0.5158925781977269,7.531930466666666,0.9825178666666666,0.3358575602372487,0.0052684942881266
0.40929210000000005,18.30095895050735,0.5371247675824096,6.669050266666666,1.1732709000000001,0.3483961870272954,0.0012172063191731666
0.33469484,19.97543812374569,0.5618398945186381,5.899873066666667,1.1201971833333333,0.37596691648165387,0.004597902297973601
0.4255367866666666,18.684743976501412,0.5172195113062233,6.358417333333333,1.0149445666666665,0.4160853723684947,0.004810492197672466
0.22101669333333332,21.487736273982307,0.6145615003866772,5.5460641,1.0946291266666666,0.34944700201352435,0.0019476413726806335
0.3751287966666667,18.66948162160987,0.5272850053347288,6.4539860000000004,0.8991356333333332,0.369438757499059,0.0018885135650634668
0.20980088533333338,19.682343414513838,0.565324873655995,6.858410233333333,0.9229126666666668,0.3849014540513356,0.0018975734710693333
0.24214819333333334,18.1859421768695,0.5280625029127614,7.378314033333333,0.96510914,0.3727042078971863,0.003351688385009733
0.20935565,17.443432307227233,0.4842518532183884,8.848028666666666,0.73316617,0.38451099395751953,0.0027514298756917
0.13657248133333333,19.48578955683939,0.5426275839907253,8.311040333333333,0.6614337200000001,0.3583060105641683,0.0013178984324137331
0.170523232,19.202950048261123,0.5345577502650145,7.339603333333333,0.6311087266666666,0.35197235147158307,0.0034853617350260337
0.14603101133333332,20.8175870580461,0.5967717785306851,6.2184141,0.6608574100000001,0.3187824438015619,0.0039253234863281
0.18267170666666668,20.478768845005117,0.5644542101336975,6.098612800000001,0.9095519333333333,0.34287457664807636,0.005674600601196267
0.24737066,19.57500061569642,0.560664911867322,5.782947966666666,0.9430203,0.3274390200773875,0.008897066116332966
0.2273681333333333,19.908277551776816,0.554909534778311,5.411864866666666,0.8447169166666667,0.3511680066585541,0.007278760274251232
0.24216337,20.10371725309675,0.6057317603030687,5.566794566666666,1.3847086533333333,0.32233303785324097,0.004258235295613567
0.242665638,19.739218302043692,0.5554737187639668,6.616896766666667,1.1564892999999998,0.3484213848908742,0.0051052570343017335
0.18629724466666667,20.867448258650963,0.596485533528842,5.652421666666666,1.0145365199999998,0.2904403607050578,0.009325424830118766
0.20539770666666665,18.741650758888778,0.563738478177593,6.311764,1.0280487833333334,0.27669447163740796,0.0034045378367105997
0.27382538666666667,26.932885781393747,0.6767886277463991,5.486929000000001,1.2419033333333334,0.21436125536759695,0.006098349889119434
0.24159564333333336,24.14355902165975,0.6356465835513148,4.8856025333333335,1.1203924666666667,0.16613474984963733,0.006160656611124633
0.39033754,20.54785030091506,0.5236234939327254,5.125198,0.9797155833333334,0.14435550570487973,0.004376729329427067
0.161164665,24.523360063291204,0.7244235080801783,4.748883500000001,1.24390085,0.16655026376247398,0.008264382680257134
0.21174182666666666,22.557482878349052,0.6395385343972307,5.372319233333333,1.1419126333333334,0.18324802319208777,0.004185914993286101
0.15467692,21.92772342289044,0.6677814703317995,7.673419433333334,1.0815709466666668,0.22563941776752464,0.0072042942047119
0.13818762333333334,21.07605456511445,0.5756440608054776,8.218687333333333,0.8088307033333333,0.20982258518536878,0.006839195887247666
0.16909351333333333,19.809694809992916,0.5904608120724778,8.681244333333332,0.9653306033333333,0.2637779017289479,0.009242216746012333
0.18104712133333334,18.977575520649385,0.5341836523750225,8.674380233333334,0.6660448533333333,0.19909593462944028,0.009438355763753235
0.15606975,19.111095100739192,0.5651136616547409,8.637928166666667,0.9807097666666666,0.25699105362097424,0.008898893992106098
0.12288727,20.19226422346139,0.5341737489986622,8.231939333333333,0.7247820866666667,0.24464234709739682,0.006242831548055001
0.20905960333333332,17.938109541041438,0.5281135601354593,9.096943000000001,1.1090929466666666,0.29461285471916193,0.009139140446980767
0.09098590833333332,20.741849431902214,0.5909148905061022,9.500435333333334,0.9110787833333335,0.25182636578877765,0.009822686513264933
0.11057372533333333,19.962501539651928,0.5524087721552826,9.946209333333334,0.8596719666666667,0.2880395253499349,0.008457342783610001
0.2223802533333333,17.103664816623148,0.49190686232230457,11.163802333333335,1.0090222566666667,0.38196773330370587,0.006952126820882133
0.11333252799999999,19.6066824072667,0.5576156624523932,10.209283,1.03041831,0.30548813939094543,0.0056490898132324
0.13764756466666667,18.81893157806658,0.5205379568081409,10.398188666666668,0.8994245333333334,0.3105120360851288,0.006787459055582666
0.09115519833333334,19.978716204019133,0.5575028896911186,10.205842333333335,0.7823286899999999,0.29297715425491333,0.005382219950358033
0.08781352166666666,20.582587837203835,0.5414516894388278,10.835376666666667,0.9329057866666667,0.3351549804210663,0.0091011524200439
0.2297427333333333,17.459151414205937,0.49406317923887433,10.4498245,1.1148478333333334,0.35750924547513324,0.009120941162109333
0.22325363,18.074403197735325,0.5190753778504069,9.429537999999999,1.2663487333333332,0.33693841099739075,0.006837209065755166
0.13690196333333335,19.746278013708974,0.5351822593568852,10.026652166666667,0.9912301,0.35905028382937115,0.0033771197001139
0.2559296766666667,17.948446294143476,0.5325269127573317,8.868997,1.1480933866666667,0.33219430843989045,0.008957862854003866
0.13771806666666667,20.644816154811576,0.5654095244995592,8.698449333333334,1.0582319333333334,0.3182400365670522,0.0090996424357096
0.1980769033333333,18.940517089444814,0.4988081726737342,8.982143500000001,0.8047366066666667,0.35396701097488403,0.0033440589904785
0.15296652,20.35397632695179,0.5649878761675597,8.340223466666666,0.9695957833333333,0.30431246757507324,0.0068511962890625
0.19932811333333333,19.209687739594735,0.5318846798822428,8.809695,0.8968575,0.3362419704596202,0.006277322769165
0.21137697,18.620982069663338,0.494526438682421,8.742908666666667,0.79560237,0.36370604236920673,0.0079563458760579
0.22170902999999997,18.61598171365758,0.5139571906433512,8.2729139,0.84288396,0.3274818062782287,0.0058781305948893
0.22020618,18.459928260606343,0.5218924845122732,8.476895333333333,1.06829342,0.33120134472846985,0.0067142645517985
0.125761395,21.460238362827695,0.6040258174008625,7.160160666666666,0.7552817800000001,0.29178181290626526,0.0034044583638509
0.12091323666666666,21.51064335332528,0.6230268782741081,6.752592533333332,0.9972525500000001,0.2586091856161753,0.0068074862162272
0.14540001333333333,20.73163893844365,0.6003403448573374,7.2511921,1.1087863999999998,0.289210890730222,0.0067909558614095
0.11660803333333332,17.50128954297904,0.39614081684254576,31.633224333333334,0.5778737066666667,0.5171037415663401,0.008538881937662732
0.72255593,13.548146119255039,0.3937145938455546,21.257766666666665,0.9244475333333334,0.6295241713523865,0.008118867874145466
0.16866823133333333,25.327593349612105,0.5875698813618947,8.2636077,1.3013709999999998,0.3139172295729319,0.009227196375528934
0.6316421933333333,21.800721937826026,0.5382646865814085,6.948240666666666,1.1386678533333334,0.30987016359965003,0.009232838948567667
0.138715098,25.319860770370497,0.6670389822054578,6.717365433333334,1.3832463,0.24734493096669508,0.009349107742309567
0.15398535,22.88543298176816,0.5712583612819145,8.741683666666667,1.1116446333333334,0.3051023483276367,0.009034077326456667
0.16057760366666665,23.396031368452327,0.599900996996435,8.496701666666667,1.2358560433333332,0.27198226749897,0.007140636444091768
0.3275515433333333,22.191346573215526,0.6081583058360934,6.642306833333333,1.4960968333333333,0.24574682116508484,0.0094983577728271
0.2801796133333333,24.30538711626363,0.6510950980594892,6.802217566666667,1.6218504666666667,0.2720263600349426,0.008002758026123035
0.20372940666666664,24.865222041173823,0.6677371910854509,6.189184166666667,1.3516246,0.25024091204007465,0.009050448735555
0.16635244333333332,23.815493443098187,0.6616143872650118,6.2015623333333325,1.1440429,0.25254414478937787,0.007998625437418567
0.4409925066666667,18.612631945491504,0.549605945624046,6.5534683,1.4883205000000002,0.3610658049583435,0.010142803192138667
0.34308495999999994,19.599167559150825,0.5345010277294034,6.4780215666666665,0.9966118533333334,0.299785519639651,0.006218671798706034
0.17025173666666668,22.01437167287287,0.6025128225298512,6.232673299999999,0.93481979,0.27217893799146015,0.010815382003784133
0.20992467999999997,21.141853183516606,0.5806821165515783,6.6808882333333335,0.8664491833333333,0.29645176728566486,0.008994499842325834
0.3879274566666666,19.282956193165173,0.527323510682765,7.3353033,0.9812687999999999,0.3277074545621872,0.008927265803019202
0.22717423,20.746144116349395,0.5761422650848552,7.028774133333333,0.88829928,0.2935629785060882,0.0051668485005696005
0.1959554616666667,22.349803136617158,0.6220628331677042,7.090516133333334,1.07647651,0.2670452843109767,0.010849952697753866
0.22745479666666668,21.32819086573854,0.5674184084983243,7.559037366666666,0.8986756800000001,0.3017885684967041,0.005657116572062166
0.36229980533333334,19.51467446648324,0.531205476433268,8.212108333333333,0.9692103166666666,0.34325427810351056,0.007295608520507767
0.16499439999999999,22.581691343781646,0.6068859399308518,7.3960559,0.8740337666666668,0.2696296374003092,0.009182214736938468
0.41161184866666667,19.67787161473957,0.5418680686681715,7.822992233333333,1.1860360333333333,0.33008391658465064,0.010313749313354433
0.2961522733333333,20.96821012308574,0.5847350957319398,8.094626666666667,0.9309879766666667,0.30204866329828894,0.010516722997029599
0.3478271,20.347767272773286,0.5430268229380227,8.1072986,1.1136675900000002,0.32302478949228924,0.0075170199076334335
0.3602649766666666,22.537084827947975,0.6020288327294023,6.263999433333335,1.1690569866666667,0.317841500043869,0.012115081151326467
0.5551176649999999,18.39009578574183,0.4945339827035385,9.212265,1.16559611,0.33380701144536334,0.0084733963012695
0.61913785,18.11622697863497,0.48563154145024906,9.431341,1.5625933866666666,0.3286310036977132,0.006187359491984033
0.6631569866666667,17.1235576577858,0.49450188837888387,8.9480158,1.2785990666666667,0.32379276553789776,0.011120398839314767
0.18294995,20.423162777084023,0.5414925299086425,10.113274,1.07186105,0.28735509514808655,0.009915828704833934
0.307825032,19.238559256463322,0.49716270003841706,9.518529666666666,1.1270922666666667,0.31617451707522065,0.009615977605183899
0.16537169666666665,21.32614617282066,0.57596905489389,8.000880666666667,0.9413154333333335,0.3022022445996602,0.006740649541219033
0.13044196466666666,18.772505468285658,0.5074526396809157,9.774779333333333,0.8265140266666667,0.31553537646929425,0.009265502293904567
0.12999095133333335,18.415469518963295,0.4732211487741029,10.212064666666667,0.8746908333333332,0.343323936065038,0.008966525395711232
0.13367879000000002,18.37656184926035,0.4925521725407651,9.360283333333333,0.85280111,0.4140131672223409,0.004912455876668266
0.10390022533333332,20.167464914787143,0.56032694787694,7.3525581666666655,0.9360472999999999,0.2921813229719797,0.007115999857584633
0.16636789333333332,18.592481759945013,0.5189203215416703,7.367549233333333,0.8902852,0.295865719517072,0.009026447931925434
0.19014393666666665,20.311984298353867,0.5893052961037152,5.462274399999999,0.9749079333333333,0.2595290044943492,0.009784142176310165
0.14839948,20.32014592012105,0.5654779020465056,6.072340799999999,0.8908679533333334,0.32431506117184955,0.008786042531331334
0.19782002666666665,19.350695075749552,0.5796447865043747,6.120021033333334,1.10811803,0.31889478365580237,0.009884119033813433
0.10724882533333331,20.469297009939073,0.5384762430873354,6.7056493,0.8572577866666666,0.29681678116321564,0.006812651952107733
0.11085616333333333,23.712926478642654,0.6866734645455875,5.805627766666667,0.9804399833333334,0.2000353733698527,0.009681224822998
0.12451350333333333,22.056113309272074,0.652340395890747,6.280985833333333,0.7539644466666666,0.20069573819637296,0.011997938156127867
0.09594996666666666,22.77329926556654,0.6732057030957354,6.714628533333333,0.8546151933333334,0.22258142133553815,0.007532437642415333
0.19943245666666667,18.984031244451305,0.5918042483648328,7.057611033333333,0.5531597966666667,0.2089556157588958,0.006738901138305633
0.11452995066666666,21.593832777746822,0.6001964012056961,7.295978733333333,0.9364031333333335,0.21760498483975724,0.012818654378255167
0.22713213666666665,19.71960798096472,0.5306466342474733,7.866667333333333,0.9286789166666667,0.23433644076188406,0.0087951024373372
0.1330101,21.617494789138306,0.6299446579360136,7.5016454999999995,1.0110732133333333,0.20985458294550577,0.009438435236612934
0.11936556666666669,22.340442382643072,0.6548000531014003,6.8660565,0.8150166,0.20962254206339517,0.013564427693684834
0.2527371133333333,18.855807571192432,0.5544591452614965,7.439979999999999,1.2188547533333336,0.25513998170693714,0.008967002232869434
0.2446478466666667,18.433160649274555,0.5484985839373538,7.659817566666667,1.1983597333333333,0.27473290761311847,0.007793505986531534
0.10625357533333334,21.861998146947204,0.6139952731092837,7.5695787999999995,1.0692553666666667,0.2298688838879267,0.009317080179850232
0.21224433666666664,19.8127583363672,0.5640235913849071,7.540261066666666,1.1516510999999998,0.28388867775599164,0.0067939758300781
0.3457342616666667,18.765247563797974,0.5253830108219969,7.256611200000001,1.2136469233333333,0.2754670480887094,0.007526636123657201
0.29027169333333336,18.72700559309291,0.5379766763298303,7.4625042666666666,1.2887483666666666,0.31355914473533625,0.0087811152140299
0.14432684333333334,21.61691339588577,0.594445571016708,7.296034266666666,0.8935665666666667,0.2934101621309915,0.008930444717407166
0.13046308666666667,20.824586488304053,0.5919841720960233,7.5962881666666675,0.9519942133333332,0.2862426241238912,0.006845474243164032
0.22483006333333333,18.806429792130118,0.5413876396933183,7.526434766666667,0.9436367333333333,0.34306500852108,0.006950855255126933
0.187286708,19.928703477731798,0.5626835549955991,7.4099382,0.8120515166666666,0.3033629457155863,0.011989514032999632
0.24629356333333333,18.309615701936437,0.5382760249411845,8.032219066666666,0.9497178533333334,0.30577834447224933,0.005515575408935533
0.3313763066666667,17.78024570861668,0.5355835230118055,8.301316900000002,0.7828519166666666,0.26420737802982325,0.008893728256225567
0.25540234666666667,17.128764279869912,0.5173013203137592,8.807395,1.0695649666666667,0.29738663633664447,0.010168552398681599
0.20392895333333336,17.74277878990887,0.5010161118937447,9.835037833333333,1.0182115833333334,0.31374502182006836,0.009292125701904267
0.09491482333333333,20.11949762224222,0.5658003002242878,10.317926333333332,0.9305770800000001,0.2541119456291199,0.005484660466511967
0.151946312,18.40614760572441,0.5358311935275704,10.144445666666668,0.8383469333333334,0.2626624206701914,0.0056378046671549
0.08758361333333332,20.42010079102323,0.6012217047485593,9.137185666666666,0.9033391766666666,0.25489609440167743,0.006118218104044566
0.09905104999999999,20.37549404993433,0.5710735207192728,9.880369,0.7000480000000001,0.25845133264859516,0.009655555089314765
0.10935638166666665,20.08153535489952,0.5729379371134479,9.634744333333332,0.8826429100000001,0.2746364821990331,0.0074659983317057
0.10464157966666669,20.313283195091635,0.5735525842961419,9.078119333333333,0.8266357166666666,0.2663338581720988,0.0086392561594645
0.11454495166666667,19.753425797587138,0.6009818771054819,8.593830866666666,0.9844332333333333,0.29040654997030896,0.0034346580505371003
0.5285692666666667,14.39342660280556,0.384611136586493,29.050530666666663,0.5739401466666667,0.5377252896626791,0.012433687845865835
0.35610896333333336,18.378986362448803,0.4372618427267539,14.349655333333333,1.0668588133333332,0.5022272268931071,0.0066606998443603
0.6214213433333334,19.73099505911664,0.4615483006389865,10.968279,1.1918401200000002,0.4457700749238332,0.006895383199055934
0.29338261666666665,23.784723910361063,0.5213070148680297,10.083508333333333,0.9780305666666665,0.3373969693978627,0.008425474166870067
0.4722175766666667,22.251909173929317,0.5035342976006861,9.979400666666667,1.3159797233333335,0.3880833089351654,0.004687070846557567
0.305506995,23.2732436766485,0.5141146771642369,10.203126333333335,1.6065776466666668,0.3725052972634633,0.010265509287516234
0.43173504,23.144667636485156,0.557822428642169,8.235656666666666,1.81756565,0.32090796033541363,0.006501913070678667
0.33251709,23.21768190522012,0.5668917724240948,7.721736333333332,1.1544934500000001,0.30306794742743165,0.006133794784545866
0.098124114,26.2408217386174,0.6231458017451745,7.806342666666667,0.8892080099999999,0.292864441871643,0.006809949874877899
0.09153256466666666,24.895185310550588,0.5603656333453723,10.084653333333334,0.81781763,0.34942429264386493,0.009983698527018199
0.13442174133333334,24.871299177938635,0.5879652236363048,8.379839666666667,1.2459508333333333,0.31411431233088166,0.009583950042724568
0.3144299933333333,20.513377539741878,0.5100872314187415,10.1346205,0.9378703733333333,0.34135979413986206,0.0034050146738688
0.3468326433333333,21.102218073290697,0.5083859311107234,9.401314666666666,0.9221136166666667,0.35194958249727887,0.008691708246866834
0.24201161533333335,24.94123610517398,0.6086982460481071,7.475421266666667,0.9607104,0.2802855322758357,0.007187684377034466
0.30374159333333334,27.075068111801073,0.7004271610873735,4.8666708000000005,1.2267750966666666,0.2405314743518829,0.005693674087524366
0.13839040333333333,25.137218028547263,0.5988190697988064,8.807867866666667,0.9445033233333334,0.3213564356168111,0.0082453886667887
0.12121878866666665,26.358493043999786,0.6380927852271863,7.636781533333333,0.9420314166666667,0.29531142115592957,0.007769425710042267
0.17205537999999998,24.277332190104847,0.5929019213899384,8.011452866666668,0.9050919533333334,0.28297631939252216,0.006180683771769166
0.12879700333333333,24.40482594880582,0.5767752169196181,9.231294333333333,0.8013521566666665,0.2921267847220103,0.010418256123860667
0.14951699,24.740371621746178,0.5970068468206611,7.996531133333334,0.9207624666666666,0.29240898787975306,0.0068917274475097335
0.1878887366666667,23.490160342036436,0.5727225834898589,8.921778999999999,1.0035290133333332,0.2814510365327199,0.0112946033477783
0.1923372866666667,25.320813029669072,0.6216200892257366,7.056523366666667,1.0658785,0.29070619742075593,0.004085779190063467
0.17582879666666665,23.359979196318708,0.5743536118617589,8.498499,0.9503878499999999,0.319281925757726,0.004539251327514634
0.15784222666666667,25.188522333452486,0.6406698471780431,6.9180986,0.9693463233333334,0.2914691964785258,0.0076163609822590675
0.28483131233333336,18.46437046722019,0.4536192268458241,13.293008666666665,0.8270610533333332,0.4305475652217865,0.0078472296396891
0.130944218,20.595138066335533,0.4942580554861222,11.009016666666668,1.02302148,0.3630868395169576,0.0051449139912923
0.12190757233333334,21.606651651112955,0.5081699773443007,10.221957000000002,0.8782702033333333,0.3690912326176961,0.006955067316691067
0.13375170466666667,19.623611554682277,0.49863552377126436,11.148228000000001,1.0217899866666666,0.3667580286661783,0.008444627126057933
0.18029318333333333,19.205747670999532,0.5080838676941282,9.250494333333334,1.4011080566666667,0.372844934463501,0.006633520126342733
0.14144177166666663,18.61766149636603,0.4901682981244695,10.954140666666667,0.77043514,0.4110035002231598,0.007414817810058532
0.4788056233333333,23.78017412619359,0.5506810114489231,8.936701666666666,1.3292900333333333,0.3071964780489604,0.0033504962921142335
0.36045179,22.522099556776997,0.538766154821584,9.291563666666667,1.22857385,0.3528444766998291,0.0068970521291097
0.63030129,23.26534778806546,0.5534982148425761,7.985871233333334,1.130781,0.3296799808740616,0.005108038584391267
0.15279457666666665,23.757228387289484,0.6065276146614283,8.011985733333333,1.0282105666666668,0.2486706177393595,0.008770704269409133
0.2434286866666667,19.73192935520707,0.5493138032626227,8.152758,0.7878769433333334,0.27196019887924194,0.0033670266469319333
0.14906082466666667,20.54591679499611,0.547844840419089,9.504625666666668,0.72147775,0.23323641220728555,0.0055423577626545996
0.22039739666666666,18.78847901860694,0.5122824761999375,9.480609,0.8293042600000001,0.3099002043406169,0.005305449167887333
0.18741252,20.0885154884497,0.5618217653393006,8.684007666666666,1.06873212,0.22551140189170835,0.009851058324178033
0.1262543,20.981246327412325,0.5886768368910525,8.980081333333333,0.7317981833333334,0.2291159828503926,0.008798678716023734
0.13356446466666666,20.55209256483012,0.5566795735362117,9.157761333333333,0.8314436466666667,0.25388769805431366,0.011741717656453399
0.10147955866666665,20.01850551910816,0.5823423887079295,9.719644,0.9947789199999999,0.23643655081590018,0.012312571207682267
0.21344932333333333,17.075651856593943,0.4960736693013413,11.364914333333333,1.1153541666666666,0.3599371512730916,0.0072414875030517
0.14190613533333332,18.195911462841305,0.5300118838714032,10.692939333333333,1.0492417233333333,0.2838892837365468,0.0035050710042317666
0.11217628333333333,19.975143543396786,0.5576136339720863,10.037148333333333,1.0321921666666667,0.30143530170122784,0.0056224664052327
0.07464132666666666,20.8815278304812,0.5443764024148994,10.141201333333335,0.7145908033333334,0.3096234202384948,0.011207898457844999
0.09769821166666666,19.224824969339362,0.5138101826034236,11.158973333333334,0.9698869533333333,0.33337072531382245,0.012147982915242467
0.07817651666666667,20.71034299691431,0.5684235335453821,9.7060605,0.8750650033333334,0.29781515896320343,0.006846348444620767
0.11970766766666668,18.783992792743675,0.5240676186433952,11.572187333333332,0.7170891533333333,0.3185405234495799,0.008784691492716434
0.11132866066666665,18.590595957890578,0.49175744184975967,13.33755,0.7531130766666666,0.39249668021996814,0.0068174997965494664
0.13066634166666669,17.978937912124497,0.4689604694043408,12.0606585,0.86636141,0.37237903475761414,0.009564320246378533
0.1600723,17.329249510318856,0.4756982233636413,12.175602,0.7471418966666666,0.3569150765736897,0.010175307591756133
0.14541167800000002,18.120723582142436,0.49235234201273165,10.968904333333333,0.8013563633333334,0.3341006934642792,0.003486792246500633
0.16551186133333334,18.06666731648375,0.4906114167147189,11.372106666666667,0.95103378,0.381094088157018,0.008880217870076467
0.20492919666666667,17.28266836890675,0.4974150087864811,10.149321,0.8603312866666667,0.33057457208633423,0.006571531295776367
0.2444954666666667,17.938773517357756,0.5157349224736517,8.704329999999999,0.88566223,0.32253334919611615,0.0040630499521891
0.30115346666666665,17.287343216980968,0.5085141037373254,8.200161333333334,0.91234325,0.3387083907922109,0.006789286931355766
0.3611387833333333,16.32759933979823,0.49568429083273813,8.257205466666667,1.1845315333333333,0.3482121725877126,0.010371923446655234
0.15017987866666668,19.18628112568757,0.5627691799357897,8.723460666666666,0.9572221166666667,0.2751990507046381,0.009457190831502267
0.24280866,17.833008358677922,0.5389075808671256,8.851391333333334,1.0344944833333334,0.28418861329555506,0.006087859471638966
0.24852445,17.063070588461073,0.5098005761605814,9.033718499999999,0.8193386666666665,0.2897327144940694,0.009067138036092067
0.16467095333333334,18.79733489673348,0.5431359361849583,9.339145666666667,1.0552784800000001,0.26801346739133197,0.009513537089029868
0.11774535533333332,19.59545091344815,0.5699935361355067,9.906215666666666,0.9947688,0.28968967994054157,0.005778630574544234
0.10738562666666666,21.044142850252694,0.58302484690695,8.967201000000001,0.8517,0.260294164220492,0.0083802541097005
0.28768077500000006,18.549335955614552,0.5317803318588197,7.9659452,1.18999619,0.294955442349116,0.008157014846801732
0.25571457000000003,18.936051866965627,0.5616361183137301,6.681152766666667,1.1679485333333333,0.2684638152519862,0.009145577748616534
0.21572709999999998,29.97409425638467,0.7927905672489758,4.0441714,1.654742,0.17388948053121564,0.0033592383066813
0.44460328999999993,23.684597190584253,0.5363994773363016,4.144981466666667,1.2263092666666666,0.13589850068092338,0.0080968538920084
0.2604689433333333,24.923687280630304,0.6260784665664229,4.3502579,1.2139909666666666,0.14397504429022465,0.0028992493947347
0.34005098,21.04318077234633,0.5384170667593546,5.876590566666667,1.1692232999999999,0.16045902421077088,0.0015996297200520666
0.35921098,18.77804350141585,0.5441326401472182,7.3286244,1.04355353,0.2144501507282257,0.003936370213826467
0.4528270766666667,19.20209896613402,0.507417863580703,6.26489,1.5803939666666666,0.1779333551724752,0.0
0.35262092666666667,19.468255401428156,0.4343637994916289,6.3358977,0.9982134833333333,0.19667873779932654,0.0020707448323567332
0.3535848566666666,19.74727476910073,0.44985130258924905,5.947779100000001,1.1381537333333334,0.1858707169691721,0.0028225580851236665
0.36551404000000004,19.65156716305872,0.47550899035399663,6.121665966666666,1.2632891333333334,0.1948608656724294,0.0041734377543131
0.25539421999999995,20.98870302808057,0.526859362908089,5.5947966,1.2374921233333334,0.1810541053613027,0.0
0.25057609666666664,19.795985455798153,0.5014782662304391,6.351488400000001,1.232177,0.22784288227558128,0.0014661153157552
0.23316571666666666,18.72209137806045,0.485878530363465,7.389351866666666,1.0994685466666667,0.26501602431138355,0.0
0.21132425333333335,18.17143331415628,0.480433664961488,8.007422333333334,0.9869094666666666,0.2447908967733383,0.0
0.14068080533333335,19.44618548015478,0.48874940540891226,9.316121500000001,0.8088441299999999,0.2900872727235158,0.004012187321980766
0.19024342666666663,17.944481109740014,0.46803450223937987,9.509334,0.9316570999999999,0.321532130241394,0.0044436454772949
0.20362771999999998,17.762405538530786,0.45723795321145827,8.991816666666667,0.9657563000000001,0.2927099565664926,0.0033889611562093
0.143289505,18.691167963278644,0.4502080928349679,9.998317,0.7645198999999999,0.32910234729448956,0.002238988876342767
0.1914287166666667,17.494942625799244,0.4293920197671179,10.766941333333335,0.80373335,0.3435472895701726,0.004324913024902333
0.21075316333333335,17.08139347955861,0.39045582755216435,11.700607,0.6479025933333333,0.40717079242070514,0.0008765061696370332
0.22944989333333332,17.543231638280478,0.46394709642581544,9.261384333333334,0.8383575866666666,0.3005567193031311,0.0038355986277262
0.17502689999999999,17.892637761876596,0.4657150583895507,10.408043333333332,0.7788048333333334,0.33527127901713055,0.0028522014617919666
0.22789894866666668,17.7097310391061,0.4773871026555734,9.823057333333333,0.8528125133333333,0.2959453761577606,0.004485686620076466
0.22431936666666666,17.293301636059173,0.47158936245920374,10.319288333333333,0.84477613,0.307531401515007,0.002806266148885067
0.23612235999999998,17.632384545032156,0.46575741141513305,10.051469666666668,0.8281585100000001,0.3451907237370809,0.0016825199127196999
0.2488523366666667,17.816735680441393,0.4395012174166954,9.706213333333332,0.8753273,0.36953452229499817,0.0015734036763509
0.3815542433333334,17.137122359825998,0.4888268364382933,7.681798166666667,1.2957714000000002,0.2734193305174509,0.0
0.4247495399999999,17.982347704249907,0.4667269808583381,7.331597733333333,1.0665878533333333,0.3124519983927409,0.0016343593597411999
0.36179144333333335,18.726887528809637,0.4899000541947017,6.983227033333333,1.1333164666666666,0.28976573050022125,0.0027182896931966
0.56670679,17.685033372909956,0.477414729690296,7.003047233333334,1.5842582333333333,0.24883145093917847,0.0
0.4610246966666667,19.731465445264647,0.5318586519666902,6.0466312,1.4929672666666667,0.22187139093875885,0.003137191136678033
0.4671569,19.53520132387988,0.5244663418636383,5.965855766666667,1.5033581666666667,0.24255606532096854,0.0015911261240641001
0.4839164866666666,19.747483708542845,0.5396459506302694,6.473996500000001,1.5799306,0.24082369108994803,0.0
0.3956287233333334,20.178137200038616,0.5360867219220485,6.212666333333334,1.3322419333333333,0.24047502378622684,0.0012261072794596333
0.2583896666666667,20.450719769322404,0.5566600319715085,5.675763266666667,0.9604675333333333,0.2312775502602259,0.0
0.4706911366666667,18.010295017544234,0.424113992406112,15.937741,1.3160578133333336,0.5773593982060751,0.0033683776855468668
0.2579287633333333,25.477995271346042,0.6494338667353198,6.591080166666667,1.4305441666666665,0.2660897672176361,0.0072150230407714
0.30636291,24.593962217980987,0.6576474554646347,6.191557566666667,1.7379898999999999,0.2614598919947942,0.0
0.6346879666666666,20.0927296992503,0.54505679367149,6.650282766666667,1.54743528,0.2957030286391576,0.0009322166442870999
0.62467099,20.45319054334769,0.5632607185418598,7.945014333333333,0.9825739333333333,0.3006047705809275,0.0032854080200195
0.30864003,21.649746398168833,0.593914456227078,8.023796666666668,1.0161486333333334,0.27885752916336054,0.0016221205393473
0.14685593,23.468298192079484,0.6152750823013657,8.978917333333333,0.7450453433333334,0.26742209990819293,0.0013920466105143
0.2779756,21.04633899226951,0.5630187046073042,9.002542333333333,0.9178721033333334,0.28000883758068085,0.003135045369466133
0.24425401000000002,19.69376742763087,0.5183040014670466,10.885221000000001,0.9386414899999999,0.2974215894937515,0.0028258164723713674
0.178110385,20.557543941615624,0.5616290209077762,10.285183,0.8480716766666667,0.3534410297870636,0.0010749499003092334
0.08833784133333333,23.31099109526514,0.6225115705039499,9.920199666666667,0.9683233000000001,0.26686760286490113,0.003896156946818
0.11329143466666668,23.24354165503099,0.5868077730088644,9.932163666666668,0.7849778066666667,0.2682788173357646,0.004027446111043266
0.30733782000000004,19.74645816212069,0.5072048755298143,9.62526,1.0543354,0.3132250905036926,0.0
0.2784172366666667,21.948181580313534,0.5639214176651558,9.903636333333333,1.0331407666666665,0.28466431796550745,0.0057740211486816
0.18574119333333336,23.832572759740412,0.6077761360408963,7.989141333333333,0.9630182999999999,0.2619249622027079,0.006776889165242501
0.27377968333333336,23.331178320610793,0.6203655550318327,7.184418000000001,1.3928880000000001,0.2601690987745921,0.012195269266764267
0.6436955799999999,20.598171682607287,0.533666567950394,8.067270200000001,1.401949466666667,0.3510770301024119,0.006315549214680934
0.4693577666666666,21.541705151889847,0.5579446479239928,8.2207507,1.2528698666666667,0.2987265487511952,0.007582982381184867
0.27401642,23.614947555220436,0.5977372794284127,7.946885533333334,1.2247005666666668,0.27856602271397907,0.0040779113769531
0.5887547599999999,19.36337841182706,0.4967227764264224,9.391021333333333,1.2093727,0.33764830231666565,0.0
0.16008989133333332,23.568470478565107,0.5757637404947991,9.199753333333334,1.0309823166666667,0.29586506883303326,0.005859295527140232
0.3942501766666667,19.537708073834505,0.5219758617306894,9.0213235,1.1248240133333332,0.27051210900147754,0.002679427464803033
0.20124624,22.596713317990368,0.5530548505459901,9.877600833333334,1.0127168333333334,0.3039795259634654,0.0020051002502441333
0.27469979166666664,23.07821344946036,0.5537199426684704,9.548234666666666,1.3373940333333332,0.29842567443847656,0.0
0.17751230666666665,22.48375602283239,0.5272504710323088,10.658437333333334,0.9737196833333334,0.32142445445060724,0.0012618700663248666
0.26045416000000005,22.47446284270445,0.5877061666713427,8.501197,1.2131632933333334,0.26393213868141174,0.0051659742991129335
0.24023379999999997,21.834754186643963,0.5328646215550089,9.629582333333333,1.3726863666666667,0.3236155112584432,0.0018345514933268
0.31616700866666664,25.504344477642167,0.647013024252698,6.525824066666668,1.5960152833333332,0.30869226654370624,0.0067400137583414
0.2893609366666667,23.240200770271343,0.592541948521463,7.3498809,1.2507329166666667,0.3033947348594665,0.0010108153025309
0.5691862633333333,20.30608096338321,0.52927367739346,8.097943233333334,1.5804876666666667,0.3256139357884725,0.006462415059407534
0.15607160333333334,22.623280400209286,0.5651231262145687,8.386080666666667,0.9748622166666667,0.3068434496720632,0.0026278495788573664
0.22610546333333334,21.28584129647817,0.5421566531372647,8.0801259,1.1791338333333334,0.3098911742369334,0.006785313288370734
0.14762208666666665,21.65418944015913,0.5393353861412366,8.895418333333334,1.1912422200000001,0.34079188108444214,0.0051451524098714
0.11042061333333335,23.493002360250983,0.5920589455669555,7.4707401,0.9324071333333334,0.32790351907412213,0.0071702003479003325
0.1988772533333333,21.483379448243184,0.5708973281455282,7.022412166666666,0.9428117,0.3273383875687917,0.001008669535319
0.18469018333333334,22.573926439213086,0.6067205066398205,6.501002433333333,1.0923432766666668,0.3063764274120331,0.003633499145507767
0.15186513633333334,24.302038294914627,0.6487321273771885,5.737756666666667,1.1954386666666668,0.3219330211480458,0.0013391971588134668
0.17505974000000002,21.71445663347278,0.5895250238720586,7.370926966666667,0.8861297666666667,0.3216412266095479,0.006947120030720966
0.15756031333333334,23.015816049943968,0.5968380630391453,6.242590366666666,0.9215361466666666,0.3049593071142832,0.0005359649658203
0.4903139133333334,21.722641674989415,0.5849565885480364,6.038323733333333,1.6745653833333334,0.34066032866636914,0.0034165382385253668
0.6535542066666666,20.81028901536482,0.557632457953229,5.934456333333333,1.5985974799999998,0.2670218348503112,0.002539396286010733
0.5653672966666666,19.52828967499397,0.5057953523784975,9.719171000000001,1.5867367666666665,0.34207520882288606,0.0055137475331624
0.45433142,20.50049910760758,0.5658835688933447,7.564362899999999,1.6247953333333334,0.29537634551525116,0.0019556681315104
0.2714992866666666,22.794214849390745,0.6386163385068908,6.516489,1.3702711666666667,0.2168055027723312,0.0022823810577392335
0.26087962666666664,23.856402022243604,0.65979231456207,6.224434566666667,1.2474123666666668,0.20763175686200455,0.0012756983439127334
0.47500773,19.822854327047118,0.5755611753683983,7.161671466666665,1.6968555666666667,0.2877405087153117,0.0033464431762695
0.13878867533333333,23.35347134715722,0.6310817614068154,8.202773333333333,1.1032039333333332,0.26413898666699726,0.005026022593180301
0.21702907333333332,22.196367487230756,0.648028080526191,7.092853133333333,1.4738212,0.23098655045032493,0.0026409626007079996
0.15208348333333332,22.423897097854763,0.6441874785171146,7.971050533333333,1.1715341033333333,0.23366587857405344,0.002381165822347
0.24621171666666666,20.820480939520724,0.6004969341821814,6.573533533333333,1.1705258,0.25495944420496625,0.0020349025726318333
0.20247437666666665,20.377052474667284,0.5926082129145894,6.785466466666667,1.1415202333333332,0.2601325809955597,0.006266514460245734
0.13861804333333333,21.32242111454768,0.6029645733611579,7.684079666666666,1.1543665333333333,0.2983475973208745,0.005187988281249966
0.30205892,18.78399854795905,0.5248626887864076,7.473823233333333,1.1666163666666667,0.29969619214534754,0.0
0.12843443833333332,23.12967617631538,0.6253840435554633,7.617796333333334,1.0176732166666667,0.2525786608457565,0.006863594055175733
0.16392867333333333,21.943067880677916,0.5867870678448522,8.070665766666666,0.9771835566666667,0.2919195393721262,0.0060938994089762
0.18521829,20.95613790880549,0.5775611931715263,8.378941499999998,1.0814145,0.3093767960866292,0.0017523765563964668
0.20115123999999998,22.221389595660344,0.5815458109853354,7.824621,0.9248053199999999,0.29048295815785724,0.0042811234792073
0.17415702666666666,21.45410638726192,0.5820464696880728,7.7383099,0.9810521333333333,0.29163770874341327,0.003356297810872367
0.37034268666666664,17.73172340659853,0.5122241266833648,8.158294,0.9691810566666668,0.30576360225677485,0.0042818387349446005
0.18115077333333332,21.117716732879284,0.5881325079807459,7.841906666666667,0.8670405833333334,0.28599652647972107,0.0
0.16360481666666668,21.253959731166052,0.5724240860834594,8.922087333333334,0.8128022566666667,0.3351782858371734,0.0018376509348551333
0.17651962666666665,21.052127192273304,0.5534132354319155,8.856810333333334,0.7913691233333333,0.31914981206258136,0.0038451353708902664
0.26404942,19.821267935432704,0.5535112130914527,8.180418999999999,1.0337008,0.2959280510743459,0.0031818548838297334
0.15518588533333333,22.11504577294127,0.5798740998589457,9.513650666666665,1.0492860666666666,0.29439848661422724,0.0075617631276448
0.15584265,21.533235275123904,0.5674797972605956,9.772449333333334,0.7968935966666667,0.29195341964562727,0.007113695144653267
0.17497705,22.224639403778855,0.5626185917423568,9.545157666666666,0.9155257333333334,0.31040749450524646,0.0032844543457030665
0.17364721666666663,21.245122181773528,0.5167113048914159,11.34429,0.9168220566666667,0.38481457034746797,0.0025033156077067
0.18409176666666668,22.49895408135488,0.5612620878040679,9.807879000000002,0.7821664899999999,0.3063763827085495,0.0035518805185953666
0.17267081833333334,21.82310119417676,0.5699913928910668,9.528700666666667,0.8817783,0.29519428809483844,0.006322224934895833
0.18775118666666665,20.565334305463075,0.5005711371867086,11.353676666666667,0.8099553199999999,0.336234708627065,0.009184122085571234
0.22344331333333334,19.559309882287224,0.48093319805877127,10.626826333333334,0.9481823533333333,0.3454098006089528,0.006831328074137367
0.30363891000000004,20.773394801405175,0.5667913558981434,7.9230469999999995,1.33605898,0.30338783065478003,0.009214083353678367
0.20407709333333335,20.73269528276438,0.5468529962440989,8.697864000000001,1.1340000533333334,0.2845423916975656,0.0079569021860758
0.4776663933333334,20.913310946019177,0.5808302643236587,6.213926000000001,1.5604383766666665,0.3021549880504608,0.014222145080566366
0.31768620000000003,18.273545087800652,0.49959174449889865,8.213539133333333,1.2786186666666666,0.3267398774623871,0.006773789723714166
0.09672623733333334,22.080916967634163,0.5646617495460343,7.776948433333334,1.0440282333333333,0.31207068761189777,0.008813460667928033
0.4470486,15.478168967752266,0.4357509541846392,8.848867833333335,1.5785409000000001,0.35294051965077716,0.0084758599599202
0.815236595,18.662028808175535,0.5049912164843922,7.429758133333333,1.2984139,0.3719014724095662,0.008408784866332968
0.09949330333333334,20.80690065900433,0.5298505458365271,8.853066,0.9208533999999999,0.32527369260787964,0.0097710291544596
0.118483095,20.70306330120688,0.5579525504744075,8.092517233333334,1.0239605999999999,0.3145307699839274,0.008153359095255467
0.26527245666666666,15.538154947485715,0.3824145919321535,23.790340666666665,0.8719529,0.5196667909622192,0.008484045664469366
0.7918935266666666,20.95410165238242,0.4692792033855068,10.707317333333334,1.3390268333333333,0.4034331142902374,0.0089921156565348
0.7480627666666667,20.430917350596456,0.5166809204693533,7.3304806000000005,1.0598267333333333,0.29853374759356177,0.006314913431803334
0.13888613,23.85863477071669,0.5672581370858084,9.968949666666667,1.1618406766666667,0.29128311574459076,0.0081826051076253
0.3292101566666667,22.435242322814247,0.5317385217768044,9.402230666666666,1.12507068,0.29266214867432905,0.008200724919637034
0.3133212166666667,21.717275156767787,0.5382913897374872,9.060216666666667,1.2750053333333333,0.33470232288042695,0.008203347524007134
0.4612871333333333,19.615791347855186,0.49339333347964903,10.346797,1.16145958,0.3481719394524892,0.0088678201039632
0.11285753866666666,23.16662313291258,0.5704877556191628,10.914877833333334,0.7910859100000001,0.28376288215319306,0.004755417505900034
0.13912136,22.98160673073757,0.5798192402181291,9.354601666666667,0.7591306866666666,0.25951081514358515,0.0049657026926676
0.09573689333333335,23.437550876501817,0.5958048626526063,8.7262795,0.7233840433333333,0.28900936245918274,0.007367531458536733
0.36247154666666664,20.099840319313824,0.529472166899365,7.339138800000001,1.2540258333333332,0.2960041364034016,0.007025718688964833
0.19001231466666668,21.866388507305643,0.5591299165589557,8.793428,0.90910855,0.30739080905914307,0.006710608800252267
0.10979672666666668,24.061054386528184,0.6106016603785974,8.791264166666666,0.8145755066666666,0.27436088522275287,0.010951201121012335
0.1691956,23.05684825559558,0.577732187030773,8.286087466666666,0.89201788,0.29925458629926044,0.008439143498738533
0.16003669333333334,22.784357947127106,0.5741807391910636,8.618375333333333,0.9070695533333333,0.33602993190288544,0.006358067194620734
0.21024719866666666,22.750562143720497,0.5731776100463836,8.198712333333333,0.8727675666666667,0.28896962106227875,0.009815772374471
0.22064427666666667,22.64567087706625,0.5901959128376396,8.098542166666666,0.9801353333333332,0.30622382958730054,0.008478244145711232
0.13359972,24.280369884998937,0.6052763693677874,7.8667750000000005,1.0145804466666666,0.30758461356163025,0.007541974385579399
0.17254602566666666,24.409803138357173,0.5978576118244203,7.9990678000000015,1.0338844666666667,0.3089949091275533,0.008560021718343067
0.10809841133333332,25.356203058488394,0.5945214613442339,9.148615333333332,0.8717654500000002,0.3134320576985677,0.006114800771077434
0.11438602333333332,24.011174875197664,0.5817815903113738,9.656438,0.8626121666666666,0.27436943848927814,0.010223706563313766
0.2173467166666667,23.0772308929171,0.5622289725896751,10.305855333333334,1.00751531,0.28785331050554913,0.005589564641316699
0.3042490033333333,22.24892693074206,0.5403655870337132,9.882595,1.0497895666666668,0.30868082741896313,0.009547074635823534
1.12305476,18.77891513716914,0.4736880623554063,9.633955666666667,1.28892325,0.35667640964190167,0.0081952412923177
0.23763089333333334,22.628679597593365,0.5485962084286068,9.259724666666665,1.0725521999999998,0.29138877987861633,0.009620189666748
0.22481882666666667,20.447948402829848,0.5283750562490886,9.845193833333333,0.98508915,0.29581999778747553,0.009675820668538367
0.33534703000000005,19.065771112877382,0.5228725807209448,9.578473,1.2331727233333334,0.3112866679827372,0.006697734196980766
0.13508265,22.355840574675824,0.5297632604439796,9.869755,0.9169246866666666,0.3103405833244323,0.0094937483469645
0.18065287,23.100621854466215,0.5956726593583611,7.1880109333333335,1.2794712666666666,0.3227793077627818,0.008653322855631466
0.15646797533333331,22.22406625039154,0.5461975854016773,8.444614333333332,1.1889085333333334,0.3201184868812561,0.008884986241658501
0.101746563,22.38671990263785,0.5276367023368493,9.917759,0.8099685000000001,0.34240953127543133,0.0033496220906575336
0.30297892866666665,20.81299293073802,0.5234164618586168,9.335484000000001,1.0646258666666666,0.3788228432337443,0.011758963267008433
0.14001115633333333,21.47912982373509,0.5580409017096594,8.9385675,0.98024638,0.29963678618272144,0.006814638773600234
0.6512561866666667,20.590547450416572,0.5385452873609129,7.832222000000001,1.2301595666666667,0.35214436054229736,0.008736133575439434
0.2628208266666667,20.78308319217955,0.5777955626623027,7.156395466666667,1.4180348333333335,0.325522522131602,0.005720218022664334
0.42513561866666666,19.339940223862754,0.41743587390866166,14.621938,1.0124148666666668,0.542992095152537,0.0089147885640462
0.41793294333333325,21.83571190513747,0.5807278069670782,6.321258533333332,1.42374608,0.23999728759129843,0.008732080459594699
0.19008155999999998,23.22753800538577,0.6144434438106621,6.690166966666666,0.9868407,0.2430754254261652,0.0056192874908447
0.14701914000000002,23.749140461939817,0.6306771940126651,7.5981435333333325,0.8069295799999999,0.2793596784273783,0.009063720703124967
0.19197980666666667,23.886740418942413,0.626240905590617,7.531622733333333,1.0526529666666666,0.23802852630615232,0.008869091669718367
0.32959536333333334,20.184884196180008,0.5600667057530891,7.784007766666666,1.2814706666666666,0.2527459462483724,0.007535696029663068
0.3707944966666667,20.998545020706278,0.5665234966889576,7.858499766666667,1.3669984666666668,0.2845382541418075,0.0083398024241129
0.27758344333333335,19.900642897575853,0.5220501659604948,9.395956666666665,1.14052492,0.328062355518341,0.0068827470143635995
0.1471942966666667,22.957260530615585,0.6193700704171596,9.032309333333336,0.9269756,0.25536926090717316,0.007509708404540999
0.3184070133333334,20.890924339891225,0.560881725988128,6.934195666666667,1.2173877333333334,0.2598151266574859,0.0086344877878824
0.4397158433333333,18.594055035284146,0.5301321970365938,7.396295466666667,1.5597192333333332,0.3140686204036076,0.0068406263987223
0.4370576866666667,18.91695907058871,0.5150763958126686,7.0928204,1.2844241333333335,0.2998045086860657,0.014278729756673133
0.37689986,20.700316265585737,0.5871561201989537,6.861666133333333,1.6309762333333335,0.2580871780713399,0.007282972335815367
0.9507865966666667,16.795931886392548,0.4707750263155244,7.122661099999999,1.9021615999999997,0.32787764072418213,0.007565259933471634
0.3320753533333333,21.621107475101535,0.5967817861033355,7.1508546,1.3870252,0.3095584561427434,0.013439814249674433
0.19280398666666665,22.82851239648565,0.6140179299321803,7.577119533333334,1.0723411466666668,0.2664586007595062,0.008007049560546866
0.202738275,22.76567372218138,0.6190442455776954,7.7245152,1.0077025666666666,0.2827730526526769,0.009236415227254201
0.173451083,23.22008315346982,0.599477015777545,8.2525141,1.0432214666666668,0.31029074390729267,0.009157578150431266
0.25412661666666664,21.340045314936877,0.5636756102524115,8.159460533333332,1.0605133466666665,0.32577949762344355,0.0094035466512044
0.28104772333333333,20.487650366269964,0.5381657417755165,8.468326166666666,1.0414176333333334,0.315253550807635,0.0086296399434407
0.31487175666666667,18.85762998941543,0.5241420800653903,9.490543166666667,1.1861723866666667,0.2848602533340454,0.005530436833699467
0.29010385333333333,19.5857606209762,0.55738386957822,8.621637,1.0816897666666667,0.2718854894240697,0.007133245468139634
0.5009608046666667,19.721609251300478,0.5293422814681014,9.322677,1.2720981966666667,0.3132007569074631,0.004909038543701134
0.20497623,21.101212903896712,0.5809627609432851,8.957274333333332,0.9488972966666668,0.26837785542011255,0.005798419316609667
0.20830616533333335,21.820422140422476,0.5564314403336822,9.703589666666666,0.8920380633333332,0.28060099482536316,0.010547796885172468
0.21780781000000002,20.034506929172366,0.5295469097104338,10.330472,0.8750788166666666,0.2912745972474416,0.006403525670369466
0.14594756666666667,21.465764683425856,0.5609311884761018,10.010749333333333,0.7853818866666668,0.2633929699659347,0.005922238032023067
0.13155672666666665,20.518474072445187,0.4917764553173249,12.624723333333334,0.7745023333333334,0.3301687240600586,0.016537348429361966
0.10255158333333332,21.4204552414553,0.5140024758944343,11.309055666666666,0.8581370533333333,0.3115198314189911,0.007993300755818633
0.29817584,18.53538428854211,0.48062646660286124,9.297825333333334,1.2224762333333332,0.3261740704377492,0.007996400197346966
0.2993663033333333,18.63147330473078,0.52136929689796,8.224636333333335,1.0237633133333333,0.2818225026130676,0.007854223251342734
0.18776194000000002,19.62457429485828,0.5045874893684194,8.877213,0.8461003333333333,0.31080668171246845,0.008312463760375933
0.07595258,22.198156334111832,0.556590003405517,9.272150333333334,0.73385242,0.30981303254763287,0.0041158199310302665
0.5967313120000001,19.559817747273126,0.5413195765339306,6.725159833333334,1.24451516,0.3325176437695821,0.006217082341512033
0.330513902,20.067208416773557,0.5357544515042681,6.8098974,1.1941567866666667,0.3133355677127838,0.0094963709513346
0.16033453,21.142044814308463,0.5955005117385227,6.588031166666667,1.02232276,0.35560282071431476,0.003412008285522433
0.163726865,16.925171793138393,0.43933613381941905,25.16902,0.7725774133333333,0.4749085108439128,0.005798816680908166
0.4304206166666667,15.276527305319048,0.3828960924678257,20.166302333333334,1.1246507333333333,0.6326555212338766,0.0087346235911051
0.5952859166666667,19.698870968837,0.4301051956865429,13.663150000000002,1.01483128,0.49690908193588257,0.012924512227376264
0.29598179500000005,19.725901893993562,0.4700099653361611,12.837414666666666,1.2416629666666665,0.4326256414254506,0.0103519757588704
0.4989922,16.18437139607254,0.42563024590299703,13.461081,0.9071683166666666,0.5056877732276917,0.0102411111195882
0.50873731,18.376452035888693,0.4140499386774123,15.497700333333333,0.7966547833333334,0.526382327079773,0.007607301076253233
0.47117802333333336,15.314757055506137,0.40720726689385,16.88599766666667,0.75365483,0.4938025971253713,0.010734478632608999
0.17336933333333335,20.226872793636343,0.49158088612414486,14.080425666666665,0.8795898333333333,0.41310828924179077,0.009107033411661735
0.261204845,18.857846822104374,0.4588962104173914,14.127384333333334,0.8993389233333332,0.4085322320461273,0.0058300495147705
0.2240003,18.682504373402587,0.44524969318284907,13.832056333333334,0.8804864966666667,0.4277891218662262,0.013536850611368735
0.17827675233333332,19.468283955712014,0.4568608970091815,14.415143166666667,1.0425286,0.3765953282515208,0.006783564885457334
0.13770746666666667,21.26173428432059,0.48940879267836174,12.480278333333333,0.9631513766666666,0.3644244472185771,0.011215368906656835
0.18546970666666665,20.364454118890748,0.4524302283035618,12.854539333333335,0.6598985633333333,0.3726198474566142,0.008207480112711567
0.4459617333333334,19.79892719842475,0.4614023352538472,11.89696,0.9254685,0.4525919258594513,0.010037263234456334
0.28766618666666666,21.18486175720547,0.4846009066665739,11.437172666666667,0.9580891,0.3904157678286235,0.008142709732055635
0.201546915,20.860142888975762,0.49983927364002617,11.201533833333334,0.8403379866666666,0.34553107619285583,0.009171565373738567
0.11322673333333333,23.584058293797213,0.5213675450399419,10.905630666666667,0.8353620866666667,0.34232531984647113,0.006784995396931966
0.090717488,24.141446279000473,0.5403919691963012,10.722702333333332,0.7343018766666667,0.3110527992248535,0.004056453704833966
0.08078447333333333,25.029064101566718,0.5612267765016608,10.234230333333334,0.9298319999999999,0.30164749423662823,0.0073581536610920996
0.1777753333333333,21.36399882538878,0.5027600065008441,11.551501666666667,0.7403757333333334,0.33734220266342163,0.0034317175547281665
0.3018445666666667,22.00507097336229,0.5398202059692676,9.805740333333334,1.2633814866666666,0.3876854479312897,0.009656429290771434
0.48918506000000006,18.879333382584274,0.4623934733693549,12.179991,0.6798523266666666,0.4348600705464681,0.012254476547241168
0.24921087333333336,20.741748393738266,0.4736681925356141,11.255967666666665,0.9352406133333333,0.3775126039981842,0.0067067941029866325
0.26401769333333336,20.13564948824637,0.4883376778080227,10.927441666666667,0.9959556800000001,0.3988012373447418,0.0091901620229085
0.08554891666666666,23.25682584096695,0.5288920436815115,10.591226333333333,0.9017094233333335,0.326590617497762,0.012674649556477832
0.4049579546666666,18.674763920540588,0.47358048672460423,10.26867,0.9886861333333332,0.4332930048306783,0.0033489863077799335
0.8184544633333334,18.60358455170723,0.4721092739012343,8.78499,1.5314402666666667,0.4223339557647705,0.005310614903767867
0.08392373666666668,21.14188707720382,0.4945042585723214,12.027703666666667,0.9398426666666667,0.35099907716115314,0.009323199590047166
0.19364295466666667,19.234558063115564,0.48814274470065633,10.997016,1.1469764533333333,0.40670449535051983,0.0050395329793294
0.08608589133333333,20.624323505510233,0.48652015597691095,11.667064333333334,0.68615659,0.3616743286450704,0.010216077168782532
0.12151062533333333,19.603243796569075,0.4436573824323911,11.216952000000001,0.9768742499999999,0.4172850449879964,0.007826646169026633
0.1931920106666667,18.988142233469024,0.49199538458841713,9.956081166666666,1.2628774666666667,0.3854828476905823,0.007614135742187466
0.08979230133333334,21.350709823984687,0.5298355886388754,9.531250333333334,0.804875,0.33694325884183246,0.004862864812215133
0.19607266,25.04256611089794,0.5928413538060991,3.8609535000000004,1.1538319533333334,0.12385847667853034,0.0066905816396077
0.25140462999999996,20.96183890592506,0.5780463186481172,5.1743478000000005,1.1122472666666665,0.17542618513107297,0.012794574101765899
0.20970468499999997,22.15584377085376,0.5845976599302937,6.2516441333333335,1.0220587666666667,0.1801696171363195,0.0073773066202799005
0.21834529666666666,19.47289167601266,0.4662814281292998,6.8206913,0.76756474,0.2234082619349161,0.011000871658325133
0.18996172,18.488441637932382,0.49826753277546554,8.641554333333332,0.6448708266666667,0.2694358279307683,0.009550253550211534
0.14989398333333334,19.18956135293323,0.577977301877555,9.381956,0.7265040866666667,0.25517830749352766,0.0081578890482584
0.09429332666666666,20.760764427109272,0.6388227799301293,9.205646666666667,0.66146211,0.2068761785825093,0.005410830179850234
0.12246899333333333,19.823716103753146,0.5724667062294018,9.368477999999998,0.9487360266666666,0.24425391356150308,0.010158618291219033
0.12375478666666667,19.227817719265502,0.5409536193174541,9.558854666666667,0.6478056766666667,0.2745270977417628,0.006909449895222967
0.1447379666666667,18.79693032897386,0.5663944070483443,8.379795666666666,1.1487612333333332,0.22048766414324442,0.003385305404663067
0.11169678666666667,19.225461558059195,0.5866391678064695,9.085783666666666,1.06049165,0.24716652433077493,0.010385433832804299
0.15604191666666667,18.1966711848928,0.4827254320148134,9.131855,0.8197988566666666,0.3332033654054006,0.0069282054901123
0.09679983833333333,20.270788515083648,0.5656535295223947,8.503865333333332,0.9232342666666667,0.27708237369855243,0.006740570068359367
0.22072695666666667,17.284835559705403,0.5229341968559681,8.769201333333333,1.2219334666666668,0.3372795184453328,0.004423141479492167
0.206980368,18.20159343106019,0.5413775273252105,8.160197333333334,1.1207938666666666,0.30733395616213477,0.007812658945719335
0.22382371,18.398727665636688,0.5369630466344442,7.8244431,1.10718232,0.3100742995738983,0.0084280172983805
0.20727268666666668,19.862881099246586,0.5769767188576272,7.556212333333334,1.14940452,0.3278705279032389,0.006676991780598933
0.22630912333333333,19.573506953878,0.585618219903624,6.898756766666668,1.2607283999999999,0.2940468490123749,0.009944438934326134
0.31894368,17.957747432557532,0.5240641198240829,7.335294466666667,0.9834217666666668,0.34322458505630493,0.006250778834025032
0.18890953666666666,20.023004027645914,0.5784430108609332,7.051663566666666,1.1443098666666667,0.3314779996871948,0.010139544804890934
0.28081982666666666,17.385169796226716,0.5020206948532585,7.888341666666666,0.8801614666666667,0.32938886682192486,0.010306596755981433
0.11656702000000001,19.925019162005558,0.5344049392551807,8.995341333333332,0.66849871,0.34653317928314203,0.011322339375813764
0.13147303666666665,18.607890219597653,0.5085094045388011,9.157914333333334,0.7479055833333333,0.35793983936309814,0.009480476379394467
0.1782155,16.900171504809293,0.4695347632712112,10.536192666666667,0.7401177333333333,0.40636249383290607,0.006923278172810867
0.11485755000000002,19.65101061691529,0.5502815376805077,9.181126166666667,0.8226600033333332,0.33017483353614807,0.0035228729248046667
0.14584475333333333,19.44925879904983,0.5329696710526516,8.089392333333334,0.7265530233333334,0.3254606525103251,0.0055252710978189665
0.1905594966666667,18.77446536066846,0.5342529538651916,8.125238333333334,0.9203156,0.3418390254179637,0.0034391880035400334
0.17038031333333334,19.552986545483414,0.5650969024890108,7.7458831,0.9741724166666667,0.28877654671669,0.008484443028767866
0.30552851666666664,17.102016567591537,0.5088033690339068,7.822197466666666,0.91629498,0.2963279982407887,0.0063211917877197
0.16099564333333335,19.240693965113167,0.5560121793319333,7.969586766666667,0.8969412099999999,0.2814210106929143,0.010800838470458934
0.15511847,17.825976722526075,0.5309031060553422,8.4313512,0.7400562533333334,0.33279866973559064,0.0067769686381022
0.14002586866666666,18.989531491668416,0.5394747889016407,8.096139133333333,0.7430049200000001,0.28808389107386273,0.010502815246581967
0.179792482,16.84344708409561,0.4124895783276057,25.600327000000004,0.7027455733333333,0.4039889971415202,0.0089487234751383
0.20753512666666665,23.66832320254123,0.5280754196351397,10.3744955,1.3595160766666667,0.3847762842973073,0.0054711500803629005
0.209036998,23.5844965469512,0.5697988329237865,9.145330166666668,1.3186636433333334,0.2979607383410136,0.0047046343485514
0.4440957486666666,21.4163438925888,0.5341566037599917,8.132005,1.6082233333333331,0.3222528745730718,0.010140577952067034
0.2461427833333333,23.867056569672044,0.5991505597762669,7.950878266666667,1.4473474,0.3001503199338913,0.007726907730102533
0.22237856666666667,23.550153159948707,0.6127109522541074,8.009255099999999,1.6232256000000003,0.2691436409950256,0.0077532927195231
0.3810568366666667,21.583529462012667,0.5566434232340033,7.691745433333334,1.3293183133333333,0.2950822015603383,0.007570743560790967
0.285350268,22.321645828273404,0.5664200571119856,8.803913333333332,1.4227118333333333,0.28340838352839154,0.0040691693623860666
0.3635000566666667,21.127523999948,0.5471990190300607,8.216760333333333,1.2903365,0.2963797450065613,0.007382790247599267
0.31063556,22.53196847075255,0.5752650503268425,7.618155133333334,1.3461239666666664,0.28698009749253584,0.0135525862375895
0.3621820433333333,21.4908611929267,0.5625969409976963,6.182589333333333,1.09902925,0.23567661643028257,0.013626178105672168
0.219771442,23.294191621547792,0.626335665445783,6.697784599999999,1.1183391666666667,0.26920905709266657,0.006795565287272133
0.23592769,23.839362080613856,0.6274963098286749,6.549965233333334,1.3165768,0.2845658808946609,0.0127367973327636
0.265369955,24.884824637412805,0.6170059068993171,7.1075078666666665,1.0066605666666666,0.28866358101367945,0.003490606943766267
0.20357539866666666,24.84541424584371,0.615652557465084,7.3360195,1.0107282133333333,0.28536949555079144,0.0087501207987467
0.21857841333333336,25.39686961359581,0.6331812813910663,6.813992233333333,1.0387660333333333,0.2844396531581878,0.008444627126057898
0.19471554000000002,24.920896371692166,0.6502297339710077,6.991205533333333,1.0042626333333333,0.26325195531050355,0.0069166819254557
0.18386563666666667,25.01895324450054,0.6366416065266863,6.8256038000000006,1.0057114533333333,0.2507058829069137,0.010727405548095667
0.17414676333333334,24.88484645661559,0.62552379723757,7.4278387666666665,0.9378614000000001,0.2663258016109466,0.007195154825846301
0.40017147000000003,20.487651251449986,0.5530184785431133,7.9609228666666665,0.8574849999999999,0.2781591365734735,0.0100076993306477
0.3441888866666667,22.351509208063607,0.5835128298065732,7.448894833333333,1.2660667333333333,0.26367389659086865,0.0114351113637288
0.18857547,23.819518524890828,0.6180765557330554,7.907004866666668,0.9418243866666667,0.24864948789278665,0.010789871215820266
0.5149117900000001,20.276876339652887,0.5436846573892123,7.589264666666666,1.2742377566666667,0.27645083765188855,0.0034042199452718
0.3580162633333333,23.173796857644778,0.5997880956274942,7.770181033333333,1.0203192,0.2554833193620046,0.006421963373819967
0.39803377000000006,21.217888491512383,0.5771395074303143,7.9141974333333325,1.4349888333333334,0.28697284559408825,0.011487325032552032
0.6412736533333333,19.23257319461838,0.5305543027879476,8.649424,1.6053231666666665,0.2825316290060678,0.006952285766601534
0.3783440599999999,19.519964534190432,0.5168839949329912,10.144958333333333,0.8915011133333333,0.2823680390914281,0.0061540603637695
0.5416316233333333,18.934551324098347,0.5031219795901929,9.056921466666667,1.2002123666666666,0.33142117659250897,0.0069327354431152335
0.20409202666666668,23.049141863840784,0.5962206706743469,8.290123566666667,1.0410166233333333,0.2816279580195744,0.0041294892628987
0.3115386666666667,21.040695461179663,0.5557163883110438,7.8637033333333335,1.1609060766666668,0.2731993993123372,0.009382804234822567
0.25446729,20.820096522997265,0.560672246642792,8.066664333333334,1.1219085433333333,0.2696705758571625,0.0057990550994872665
0.21337184,20.328208490749414,0.5265404249880679,10.418079666666666,1.05152312,0.32727366685867304,0.005503336588541633
0.11394645466666666,22.569982536572393,0.5772983810328496,9.338211666666666,0.8943217,0.2749174535274505,0.006895701090494766
0.51884286,15.669310874476844,0.45197577698471014,9.657404666666666,1.3328043666666665,0.3406384289264679,0.009638865788777633
0.10166243200000001,20.85782231245361,0.5051943055197402,9.356932,0.7784736333333333,0.30787163972854614,0.009198029836018867
0.11306165333333333,18.49291857757818,0.5343962605958857,9.710965,0.7745596266666667,0.3281571964422862,0.006848891576131134
0.07841637166666666,20.185448081306138,0.5337261140735706,9.138573833333334,0.7395285999999999,0.2990273982286453,0.009292284647623666
0.15812260833333333,20.669634559151664,0.5801428383831749,6.7482268,1.1160425,0.29843682050704956,0.008402665456136034
0.18076187933333332,21.353061114910144,0.6548573365457293,6.0297452,1.06514221,0.24437040587266282,0.0048867066701253
0.19107167866666666,20.884373432342176,0.6143961368011434,6.0533120333333335,1.0820248533333332,0.2905772626399994,0.010081688563028934
0.08846228666666667,18.03121199947391,0.42648762492843284,30.58146933333333,0.5830922266666666,0.4518443743387858,0.009493907292683866
0.37642753133333334,26.475660258836303,0.6504004473598305,6.6521669333333335,1.4025787333333335,0.2695287615060806,0.0068256060282389
0.26860404,23.79759497917347,0.6481077986520016,4.834235499999999,1.4785462,0.14214229087034858,0.0069030125935872
0.28220565999999997,22.68140339629802,0.6325432043167741,5.092249733333333,1.3502635666666667,0.15269047270218528,0.006849129994710267
0.24620830333333332,22.307108676578565,0.5277404483394182,5.520846166666668,1.0881974,0.14323099950949347,0.006773471832275366
0.39298086000000004,18.825337662568888,0.43845680473149323,6.497135133333334,1.12628518,0.1693408638238906,0.0081846714019775
0.14765343333333333,21.51293401005591,0.5746672440377559,7.735538533333333,1.0414200233333333,0.15837847193082175,0.012505292892456
0.27167628,18.181963313814354,0.44536565912966,8.003933666666667,0.8649558666666667,0.20076952377955118,0.008287350336710566
0.20974255666666666,19.003303549373033,0.5449619434793735,9.205698500000002,0.9541142133333333,0.20801825324694315,0.010473251342773368
0.16054828333333335,20.44346043399184,0.5508625071974121,8.489461200000001,0.7808339100000001,0.18625111381212864,0.010859807332356733
0.3664162733333334,17.86233352408068,0.4792938762392888,7.756812033333333,1.2251796666666666,0.2429926246404647,0.005396922429402633
0.22588831333333337,19.397327737503872,0.4653867648627797,7.874254266666667,0.9158601666666666,0.22169096767902366,0.008115768432617167
0.19360120333333333,19.00794211004506,0.4883808064598556,7.986433666666667,0.9357577999999999,0.25852299729983014,0.006506522496541301
0.17815458866666667,19.856343511917316,0.5023850425434713,7.7062485,1.0391648666666666,0.2635437548160553,0.009677251180013
0.27151811200000003,18.02113336672961,0.4779542989948587,7.312615,1.1037610333333334,0.24005576968193054,0.011780103047688733
0.15953769866666667,19.46979232848042,0.49531547264026193,7.856969499999999,0.8411942666666666,0.29067668815453845,0.0101050535837809
0.27334017,17.31440287652482,0.48144916636197915,8.734694333333334,1.2582294333333335,0.3188052475452423,0.0100940068562825
0.22574146333333334,18.61775161812568,0.5120003445263124,7.364151799999999,1.0831369733333334,0.26780970891316724,0.013066371281941666
0.2533146533333333,18.060664239883064,0.4913352473454247,7.738314666666668,1.0798698333333334,0.31523143251736957,0.003473043441772433
0.23560039333333335,18.44375704247463,0.48953099328193056,8.155332666666668,1.0574871666666665,0.3416796724001567,0.008210738499959265
0.22389212,18.40364802374312,0.49845378611676655,8.158106433333332,1.1148677,0.300152063369751,0.0074787139892577995
0.17117649533333334,19.38921727711356,0.524609615638758,8.115809466666667,0.9085095000000001,0.2933276891708374,0.0053428808848063
0.1477316233333333,19.448862528915118,0.5413038629395029,8.851632666666667,1.00524535,0.2926223526398341,0.006796042124430333
0.20581760666666668,17.52267708194667,0.4994429837297502,10.006528000000001,1.0121213233333333,0.29540398716926575,0.011380831400553335
0.14148895666666667,18.880688361816713,0.5162767371587803,9.751438166666667,0.9299124500000001,0.2806368370850881,0.011296272277831998
0.14134272333333334,17.799959085584693,0.49073781093794894,11.403366333333333,0.7656022666666668,0.31261587142944336,0.0075457096099853
0.14695670333333335,17.83587509966237,0.5003867059331794,10.163848999999999,0.6143836833333334,0.28540009260177607,0.0069081783294677665
0.16292020666666665,16.96167955603427,0.4570886598765644,11.350163,0.44916849333333336,0.32995594541231793,0.008342742919921833
0.15017029666666667,17.530701594569397,0.5021006582419262,10.528458666666667,0.6835355966666666,0.28683751821517944,0.0077267487843831
0.17543309333333335,17.799379101560753,0.4872445163274137,10.187961166666668,0.8668370333333333,0.3019127945105235,0.006831328074137367
0.21958118666666668,17.808812730520675,0.5053303049729724,9.170329666666666,0.8285314866666665,0.2606357038021087,0.008167266845703099
0.16302174666666666,19.599546198234346,0.5878636472661604,7.6231491,0.9497062533333334,0.20784965654214224,0.0087592601776123
0.20640504333333332,18.819469825230854,0.5543205378376289,8.343713333333334,0.9060994,0.2434009760618209,0.010466337203979435
0.20123165333333334,18.692505991275443,0.5486121496599489,7.914413333333333,1.0295164666666665,0.23528784016768134,0.011902491251627567
0.17320766666666665,19.178358295616178,0.5407008806079093,8.111428666666667,0.8810824933333333,0.23716933528582254,0.006814718246459933
0.13053863666666665,19.373415192037772,0.5576805759168152,8.219670133333333,0.6888533266666667,0.24776057898998252,0.0061198075612385995
0.11775295333333331,16.712098062943095,0.39786916772413033,29.912684000000002,0.6849484833333334,0.5055107573668162,0.008577187856038367
0.4068369866666666,26.922406079759057,0.6985301336029596,3.1500417000000005,1.5625979,0.12013793736696239,0.0083620548248291
0.8280036833333333,19.512615903338546,0.3061344588867518,4.674908333333334,1.4483757333333334,0.1715121120214462,0.006697734196980766
0.3115831466666667,20.669261536552813,0.43538087446228785,4.990385,1.14455962,0.1768575807412465,0.0083855787913004
0.42307971333333333,18.54597449600061,0.4063615734572945,5.510755666666667,1.0386826666666666,0.21417729556560516,0.008419911066691033
0.26201378999999997,19.847288580891114,0.45713476477800286,5.720784166666667,0.9618334666666667,0.185023287932078,0.007077137629191033
0.26829455,19.09009606453041,0.4957513052106686,7.092579733333333,0.9815183533333333,0.225598469376564,0.008720715840657534
0.25863503,18.722941530946912,0.4785464764193453,7.721084,1.0021200433333333,0.21896455685297642,0.008136351903279599
0.37965195333333335,17.583498495402605,0.49122957483074386,8.284162333333333,1.4286779,0.23407206435998282,0.0034228960673014
0.27696554333333334,18.921806546379294,0.5113239915063706,7.390104466666666,1.1859595666666667,0.24592073758443198,0.010198195775349899
0.26093954,19.116940116985464,0.4848790114819302,7.467425966666667,1.1256996833333333,0.26845508813858027,0.009285608927408833
0.15687208533333333,21.59285288366144,0.5593652807290467,6.4954464,1.1214561666666667,0.23862810432910916,0.011230071385701465
0.24160514333333336,19.9682899016902,0.48024324663175727,6.4939581,0.9773189533333334,0.25798330704371136,0.006756623586018866
0.18210406999999998,19.89863092956024,0.5082584564530209,7.4120989,0.9356904299999999,0.3205044666926066,0.0034390290578206334
0.14296767000000002,20.781833164828402,0.5529215841235576,7.151683033333334,1.00272561,0.2750213891267776,0.0093896389007568
0.13682742,20.29755694993671,0.5238477920004552,8.474755333333334,0.9600024933333332,0.30939678351084393,0.0034654140472412
0.20263072666666668,19.312163904296266,0.5012460857416349,8.412198,1.0472558833333334,0.30924717585245765,0.008325020472208634
0.35777165666666666,17.244820502230173,0.4716838740999738,8.032497666666666,1.18545155,0.3376746674378713,0.0124744574228922
0.20560165666666666,19.327882134019593,0.4843046622384617,8.627759,0.8689042166666666,0.3478885591030121,0.010257244110107401
0.41640073000000005,16.94533168280459,0.4383131844630159,8.754129333333333,1.0803479999999999,0.3721431990464528,0.006028175354003899
0.3331658533333333,17.502155715482647,0.47808145363733207,7.783016466666666,1.0447358166666667,0.3363352616628011,0.004781723022460899
0.48153734666666664,17.995345167528697,0.4655185918760136,7.884060566666666,0.8887937699999999,0.3701235055923462,0.0095112323760986
0.5097599966666666,17.540151423944092,0.47398444153865454,7.833552266666666,0.9274114433333334,0.33283624053001404,0.0076030890146891
0.2386453066666667,20.013677338190025,0.5410968944239872,7.4722626666666665,0.81985495,0.33876119057337445,0.010499795277913332
0.36068119000000004,19.604640480589072,0.5226683959372992,7.057526533333333,0.8851602999999999,0.3114944001038869,0.010039647420247365
0.6966959999999999,15.96386251727239,0.4475019011900731,7.414279466666667,0.7774277333333334,0.3392996092637379,0.006734450658162434
0.39672738999999996,17.593965251739903,0.5069561005740388,6.914479266666667,0.7305253933333334,0.3007093220949173,0.006728728612263966
0.34998775666666665,17.472080746716287,0.5124358300156425,7.325778,0.9139080333333333,0.30116504430770874,0.010313510894775368
0.23291238666666667,18.444014695956945,0.5014703295717349,8.210878333333334,0.8031904,0.3380303184191386,0.018491188685099233
0.19046046000000003,18.311241035056437,0.4772528244864434,9.690443166666666,0.6873837100000001,0.35610364874204,0.008984088897705033
0.25786869000000007,15.931725988685256,0.4472927071025943,10.084203333333333,0.5946812166666667,0.3764951725800832,0.009811480840047166
0.21279792,17.07519043895234,0.4823845677802445,9.204464,0.6137358900000001,0.34351398547490436,0.010198752085367833
0.177264475,18.314697979100966,0.4983804029660773,9.026739833333332,0.7470527699999999,0.336813191572825,0.0082782904307047
0.27435419333333333,17.305710544149324,0.49794201091983964,8.1844076,0.73135932,0.3132212162017822,0.004220565160115534
0.22601681333333334,18.581171237320703,0.5369943077672094,7.797855466666667,0.9591613999999998,0.30998730162779486,0.008821725845336867
0.2405703133333333,18.82821496567502,0.5422456375195498,6.936760700000001,0.9263274666666667,0.29104048510392505,0.009111642837524367
0.35151543,17.589502506465667,0.49264215039825926,7.130852900000001,0.8572353,0.30171022315820056,0.0053182442982991004
0.20265352666666667,20.030921890093932,0.5803939746593301,6.8468724,1.0103410666666666,0.28635906676451367,0.006086349487304667
0.27137754,18.416245763896796,0.5400598391505577,6.711525566666666,1.0998987900000001,0.2868460714817047,0.005358219146728467
0.27155959,29.2251347552576,0.8013574122069413,3.5071587333333336,1.5044021666666667,0.13594497491916022,0.0081094900767008
0.4466297733333333,23.030482303684845,0.5669622917576731,3.7220514666666666,1.453441633333333,0.14801545937856034,0.006568511327107733
0.17833485833333332,24.143857830699744,0.6105291767530584,4.42345,1.1750331333333335,0.14007043838500974,0.0068376859029134
0.29366613,19.92549679073289,0.45048162655483504,5.529996400000001,0.9979730033333333,0.1864699224630991,0.007977326711018834
0.19046328333333332,21.263840172420046,0.49322428071273555,5.854225166666666,1.1058690999999998,0.16593024134635923,0.008548180262247665
0.21367908666666668,19.803969290579236,0.44067377962378407,6.522553566666666,0.98162491,0.17752500375111893,0.010928233464558868
0.19603247333333332,20.015372837496372,0.4269325021348722,6.8745940999999995,1.0165933666666667,0.22001980493466056,0.009402354558308866
0.2793521033333333,18.670969391834983,0.4820653649000523,6.701182966666667,1.0925606666666667,0.22365601360797874,0.009199539820353134
0.37325874333333336,18.20551236186627,0.5084575840787742,7.0745449,1.3424367333333336,0.2371810674667358,0.0122542381286621
0.3968719133333333,18.71597521895436,0.5165500113464662,6.8066865000000005,1.3409595333333335,0.2480507244666417,0.006971836090087866
0.2601320866666667,19.579284624799936,0.481604483536058,6.32476,0.9674240533333333,0.3087400595347087,0.0033441384633382
0.2808482666666667,19.50452441125965,0.5100944649758247,6.033560133333334,1.1500902333333334,0.28797392050425213,0.008098045984903934
0.47716946,16.81022156064387,0.446023995956429,6.396910166666667,1.1758018133333332,0.31305163105328876,0.008101701736450168
0.2870153066666667,18.84967994633338,0.48410905134263554,5.9898694,0.8548321633333332,0.33462779223918915,0.006163756052652967
0.24788580666666662,19.41303231176812,0.5020902001793967,6.1455079999999995,0.85509501,0.3466100295384725,0.009609699249267535
0.15418811333333335,21.719027251316064,0.5618904498083305,5.867808133333334,0.8455980799999999,0.3523070712884267,0.007469256718953435
0.30626108,19.920040677780314,0.5356508429590549,5.532636366666668,0.7469147399999999,0.33835237224896747,0.005053520202636667
0.45378603,19.035313968248094,0.5311840185552371,4.9651011,0.6706392333333334,0.3033027946949005,0.007503350575764934
0.28872583999999996,20.462836085138854,0.5552481885208643,5.514360766666666,0.9456755533333331,0.31130341192086536,0.010226249694824167
0.43420181666666663,17.507813666004584,0.47526580007877367,6.484386533333333,0.8431144066666668,0.3599178393681844,0.010282278060913067
0.23038549333333333,20.196579414168948,0.5476077379012364,6.397549233333334,0.8842441966666668,0.32776513199011476,0.008023103078206367
0.24248315,18.166136417021736,0.5183238603642408,7.164429166666667,0.8490160533333334,0.3189741869767507,0.006765445073445633
0.2751996366666667,17.11951775371556,0.45301157794565433,7.978697266666667,0.61542418,0.3504719038804372,0.009458780288696267
0.29815532999999994,16.92765278291597,0.47870152799145865,7.3639863000000005,0.79067395,0.3069015443325043,0.009922186533609966
0.27744026666666666,17.598957403007418,0.45833787477033455,7.6114931,0.6459315166666667,0.3514525691668193,0.006431500116984033
0.2535007633333333,18.318309475074958,0.4902507624983387,7.331012566666668,0.8341310833333333,0.3339209457238515,0.0096941788991292
0.33835371666666664,16.973066386200397,0.44718997948951333,7.481827200000001,0.8356155833333334,0.3175359070301056,0.010161240895589134
0.43181725,16.688384163822665,0.4355281562871249,7.1275592,0.7458280200000001,0.3226957867542903,0.0054331620534260995
0.3222831133333333,19.045883758451314,0.5045617044731875,7.071939333333333,1.1320067866666665,0.2838072776794433,0.007357120513916001
0.26677905333333335,18.922620301526155,0.47513261891980146,6.876666466666667,0.9494189333333334,0.3009049495061238,0.005579233169555634
0.45342259333333335,17.067936272920647,0.43153333900186636,6.962459833333334,0.8201687400000001,0.287977655728658,0.0068399111429849994
0.23885836333333335,20.14560006833352,0.5399621564765115,6.650456266666666,1.19863252,0.25832711160182953,0.006843010584513334
0.49185516,17.849242959103147,0.45444552369903873,7.555336933333334,1.0670905133333333,0.3038795491059621,0.011362950007120733
0.35242599999999996,18.112046454064778,0.47950252450037745,7.1188498,1.0720979000000002,0.2889259805281957,0.012247880299886
0.23964626666666666,18.53466800856801,0.4802367290311637,6.7550299,0.7188637999999999,0.3032684326171875,0.0088875293731689
0.20017982,19.373612359381102,0.5253106459792763,6.285659633333334,1.0440811633333333,0.2590927431980769,0.015377680460611933
0.30313831,17.408318126969405,0.50756253196421,6.547384266666666,1.3326062666666665,0.24597823619842527,0.007780949274698866
0.16708414666666668,19.08063321913258,0.49183507256814457,6.473567200000001,0.8229640666666667,0.2549036492904027,0.011274735132853134
0.20931261666666667,18.849910141244933,0.4869135019757258,5.7172591,1.0410690666666669,0.23616055647532144,0.008817275365193666
0.33818115,14.87172850902716,0.343268634382689,34.412202,0.37881996333333334,0.5611000458399454,0.006930430730183901
0.5819878333333334,13.469470914944386,0.40612176949263706,19.977986,0.9419228666666667,0.4740209678808848,0.0047067006429036004
0.4956542466666667,24.83954625767464,0.6476060494693122,3.8455391,1.4141960999999998,0.16193309674660358,0.005647182464599567
0.29572617333333334,25.328107616211827,0.6281522941056589,4.128638433333333,1.4867518666666666,0.11430082221825914,0.008737564086914033
0.5490475899999999,21.84650629434744,0.49516634275178895,4.078557466666666,1.4549736333333334,0.11570991079012549,0.006178855895996067
0.3538431766666667,20.875096159450095,0.5292867748291958,5.897965766666666,1.2199407,0.1700544456640879,0.010158936182657834
0.26553332,19.930691761225624,0.5421073118667646,7.030968833333333,1.0485417966666668,0.17765628794829044,0.010422070821126268
0.34536623,18.063811080573455,0.4889504852572147,8.267757266666667,1.2362936333333332,0.22221666574478147,0.008753697077433233
0.25550501,18.577247768939518,0.4180421114668788,8.720207333333333,0.7905846799999999,0.24278764426708213,0.010872205098469999
0.16696560333333335,19.951975006073223,0.5263873864838778,8.284213,0.8067918633333333,0.19742770989735917,0.009938240051269502
0.1656374733333333,19.62797436117111,0.5818935388609826,8.295715,0.9900527833333334,0.2069372137387593,0.0053157806396484
0.15882033666666664,18.89042817405097,0.4612581251516999,8.753978666666667,0.5918599566666667,0.24780470629533133,0.0034457047780354667
0.1788831333333333,17.724065568220198,0.4594604888619171,10.205521666666666,0.9000481466666667,0.30286940932273865,0.006677468617757133
0.17042326666666666,17.964737309584567,0.5264171835521115,8.999403333333333,1.1580333999999999,0.2111532936493555,0.010922908782958934
0.16763681333333333,17.712139346336382,0.44141703801568016,9.426799833333334,0.8107468999999999,0.3145001729329427,0.0068420569101969335
0.20974190199999998,16.64856785113887,0.41901047733001534,10.004708666666666,0.8271866,0.33704890807469684,0.0069537162780761675
0.27731057666666664,15.618572332928329,0.40861093926377023,9.9474035,0.9894083333333333,0.3410307765007019,0.009949286778767866
0.17387582333333332,17.194621287384788,0.43442622416041826,9.731631333333333,0.82789037,0.3408004244168599,0.009011427561442034
0.20713927666666668,16.635384821785145,0.46834725918828574,9.3026255,1.08529711,0.31622034311294556,0.008704582850138332
0.14166068666666667,18.66749618095847,0.4739941170956836,9.437123333333334,0.7763974433333333,0.3150547544161479,0.0033450921376546
0.35466227,15.959429973918384,0.4345229554379268,9.461196,1.2394506666666667,0.31749356786410016,0.00677490234375
0.19263894666666667,17.88660129846353,0.48839751383897106,8.819902666666668,1.0846775666666666,0.2818358739217122,0.0082561175028483
0.23597374000000002,17.288584709482794,0.4825109036384457,8.972944666666665,0.9810162800000001,0.27537326018015545,0.0105783939361572
0.28137205,16.763801472298614,0.4618325719155962,9.283713666666666,0.9511771433333333,0.30347606043020886,0.010281801223754867
0.22226302333333334,17.515089150229386,0.4940993972878312,8.813738666666666,0.8690675933333334,0.3072648843129476,0.008751392364501934
0.25354453,16.624815174348512,0.4578491998989001,8.952477666666667,0.7766345166666667,0.3177276651064555,0.010153611501057867
0.17193708,17.62077669774289,0.46585624265017467,9.707026666666666,0.6826525999999999,0.3178652425607045,0.0109610557556152
0.2322899766666667,16.542449860067318,0.4504125943947101,9.985202999999998,0.6482128899999999,0.34339605768521625,0.0063711802164713
0.18673477666666669,17.36887154962061,0.47300849326153166,10.091411666666666,0.6150895333333334,0.3075850208600362,0.0033443768819172996
0.17739610333333333,17.751176089145776,0.47786641674650204,10.230705166666667,0.4476484866666666,0.3114480475584666,0.004862149556477833
0.17496549000000003,18.39673623518332,0.5112260082458361,9.330329333333333,0.7211712333333334,0.27527373532454175,0.008110284805297832
0.190446338,18.835792168359337,0.5137013499446047,9.064001333333332,0.7108442199999999,0.26816537976264954,0.0033421516418457
0.18476805,19.1457100093325,0.544003178278275,8.524805333333333,0.8412377700000001,0.27426790197690326,0.005559603373209599
0.22923900333333336,18.237497050819204,0.5292300704973883,7.867399666666667,0.59506196,0.2817705521980921,0.0048890113830566
0.21925547199999998,18.266823459012574,0.5382765479286383,8.000420666666665,0.8449139433333334,0.2591155916452408,0.006834427515665667
0.15544797666666668,19.154423213485458,0.5827808413160701,8.095307666666667,1.01154732,0.23858541250228882,0.008219877878824835
0.63599589,13.279485763793422,0.3538749782145126,22.685396333333333,0.7920092566666667,0.5566876629988352,0.006615797678629533
0.18564832333333334,27.40483738129932,0.674105738726808,6.356042966666666,1.3530043,0.2602054973443349,0.005753199259440099
0.5316522033333334,22.27633562814493,0.5936717326665902,5.549994899999999,1.6558576333333335,0.27670815587043757,0.005218823750813766
0.44858598,23.822911387447174,0.6270078450872528,5.007680566666666,1.435643233333333,0.2716238349676132,0.004842440287272099
0.4220957633333333,22.955664165413623,0.636184342232231,5.140249866666666,1.6402323999999997,0.24035659432411194,0.008254845937093067
0.20387013333333334,22.463326560647673,0.569748357957712,7.371766099999999,0.9645413533333332,0.27351607879002887,0.008892138799031533
0.18607488333333336,22.349821796716853,0.5929438625028283,8.395394333333334,1.1403675166666667,0.2965140144030253,0.007548888524373333
0.4793305133333334,20.45963931452977,0.5850458415215257,6.071422833333333,1.4069701,0.24868905544281006,0.013545433680216433
0.41679855,21.637515998201327,0.5794686953338634,6.7013304,1.3840594533333335,0.2847629189491272,0.009205023447672466
0.33395964999999994,20.88199435561122,0.5835941493260465,7.5493060000000005,1.30782829,0.268586461742719,0.005656798680623367
0.26357632000000003,19.372284464718128,0.537829985131489,7.1960011,0.8667867999999999,0.27967912952105206,0.009890476862589467
0.14217137333333332,20.679759842549217,0.6206703979010165,7.357546200000001,0.5373154733333334,0.2726693252722422,0.008616765340169233
0.27132399999999995,19.02632828268143,0.5128448522648632,7.6402162,0.8933841333333333,0.305807759364446,0.0068864822387695
0.26758075333333337,18.98781634735157,0.5410059348791593,8.0184795,1.0619878,0.30789671341578156,0.008301337560017866
0.18168491333333334,21.20985837033302,0.584501868594689,7.892017866666666,0.8594565533333333,0.28339706857999164,0.009059031804402633
0.13355910133333335,22.243625480597128,0.5978852361899062,8.414481,0.8115372,0.2728940546512604,0.009417295455932567
0.37163772,18.241697412283823,0.5142250891635661,8.549496,1.1705735333333334,0.31533701717853546,0.003348588943481433
0.15334466666666668,21.64071692154538,0.5622462616360554,8.658010166666665,0.5943668333333334,0.30046115815639496,0.009353955586751266
0.22882199333333333,20.541752464129882,0.5659925815406464,8.548058,0.8897906766666667,0.2692447106043498,0.004711707433064767
0.26713358666666664,20.08282869599955,0.5473817017523062,8.746489333333335,1.0759825,0.31687162319819134,0.0068703492482503
0.20759619333333332,20.09420342026343,0.5333966836609936,9.416040666666667,0.8645162566666666,0.30772333343823743,0.008636792500813766
0.25304610666666666,18.665771618967828,0.47353054317837523,12.401176999999999,1.0039246333333334,0.367246280113856,0.006880839665730766
0.15302550333333334,20.585361994189032,0.5485643145125944,10.596002666666665,0.9583084999999999,0.29171049098173774,0.008235613505045534
0.24231329166666668,19.68509527416664,0.513876847008187,10.652868666666668,0.9753930133333334,0.30857091148694354,0.009002208709716733
0.12452573666666666,22.57527788751614,0.583343868430687,9.663298,0.8410265366666666,0.2726529935995738,0.008907874425252234
0.50951345,18.463353994632957,0.48207880507210366,10.261294833333334,1.1218955633333334,0.29818027714888257,0.010253588358561168
0.13499624466666668,21.182508277923557,0.5282900571748376,10.530696333333333,1.0149790333333335,0.29230490326881403,0.0077477296193440666
0.2515068733333333,18.37506142153628,0.4496695705170377,12.814662166666666,0.7801981133333333,0.37837939461072284,0.011649052302042601
0.2544252866666667,18.02035401629728,0.47420306217046226,11.221654999999998,1.0425534133333334,0.3605259954929352,0.007500807444254533
0.30780800999999997,17.74611288525564,0.476450967291355,10.398632333333333,1.0137242,0.31149335702260333,0.009685436884562134
0.3373681366666667,17.602938985409363,0.4857595373292132,9.051675000000001,1.1324738333333333,0.29921876390775043,0.0038572152455647666
0.3695474,20.58809934910352,0.5654471415809862,6.384704866666667,1.0788323,0.31206169724464417,0.0116336345672607
0.47049764666666666,16.218631279836547,0.4672434867242045,7.7729057333333325,1.5207735333333332,0.3492577373981476,0.008708000183105432
0.30130275833333336,17.75629790131109,0.5093602644871948,7.7501597,1.0812809,0.31862881779670715,0.006222407023111933
0.41374365333333335,19.935564689705824,0.5663670583709611,6.341353600000001,1.3638256999999998,0.31923993428548175,0.0068100293477376
2.202217866666667,22.188352228223454,0.5097882729597923,3.6012784,1.6601750666666668,0.1169713238875071,0.0088706811269124
0.43237727,22.256589059089904,0.46797802347757084,3.9781119,1.30320989,0.13583793242772416,0.009857734044392866
0.23295780666666666,21.160192575355,0.45522929282551877,4.712145466666667,1.0186667,0.1458405554294586,0.0103069146474202
0.32568839833333335,19.53343140520447,0.4773726657319088,5.890941266666666,1.0550849566666667,0.23199991881847382,0.007521073023478167
0.15840265,19.666222742687705,0.4770549053202811,7.204489166666666,0.8121869833333334,0.18305202325185135,0.0067083040873209335
0.29815911666666667,16.472976411110256,0.3796017647355508,8.004760566666667,0.6023180666666667,0.22351831694444016,0.007320562998453733
0.12272688,19.425233607039008,0.5717772322700035,7.957315999999999,0.8778411333333334,0.1805252730846405,0.012940406799316366
0.12556707,19.323798544523385,0.5569949484201067,8.751644333333333,0.7934093566666666,0.23591355482737222,0.006697972615559867
0.13162947866666666,18.507733878789452,0.5408952670201653,8.398631,0.8622835333333333,0.24330215652783713,0.006159067153930634
0.13621384,17.636998100043513,0.48073980453461185,8.427117333333333,0.71141392,0.2770382364590962,0.012942711512247665
0.17164704333333336,16.2524260278865,0.4297383347192811,8.823953000000001,0.68233807,0.32467857003211975,0.006278196970621733
0.13733676666666664,17.25785904454132,0.49432041373452273,8.469680766666666,0.8095983466666666,0.3516600380341212,0.007145643234252899
0.07750182500000001,20.410737528904566,0.5454223898546525,8.019233666666667,0.7516130333333333,0.30214261015256244,0.012571175893147733
0.13204795233333336,18.63756408111222,0.5139784200322751,7.997611566666667,0.7972357333333333,0.3731591999530792,0.006932814915974934
0.17857543666666667,17.499793529260696,0.5065121548772172,7.5006097333333335,0.6730277899999999,0.3583393891652425,0.004488627115885367
0.18662500333333334,17.38509315135309,0.5159718560607746,7.4224995,0.7497793233333333,0.34416742126146954,0.005980253219604467
0.17131805,19.01835428879051,0.5312499489630431,7.163048866666666,0.80302201,0.35038792093594867,0.007048845291137667
0.18835416333333335,17.599420437263714,0.4710741046244542,8.131683166666667,0.7723278333333333,0.39276174704233807,0.006903886795043934
0.11601756333333334,19.351183920269232,0.5231181414010067,8.2012549,0.7317535633333333,0.3811562955379486,0.008513847986857066
0.10857029133333333,19.193184850515582,0.49091415657864396,9.278435666666667,0.6015468533333334,0.4275731841723123,0.0107611020406087
0.18104118,16.354213749809812,0.4396535290522605,10.548352333333334,0.40491409666666667,0.4517802894115448,0.016811450322469033
0.09862840499999999,18.73536471656503,0.4918532536763152,10.601680666666667,0.5692765866666667,0.39817963043848675,0.006828387578328433
0.11483681333333333,17.86308167613997,0.4495028533405134,11.082205,0.5616465700000001,0.4122919241587321,0.010378678639729732
0.12143032333333333,17.876094352130696,0.4701685639920945,11.275102833333333,0.5110816766666666,0.3803173800309499,0.004964987436930301
0.12165950200000002,18.523564613902792,0.48109604774938314,10.059597166666668,0.5490150033333333,0.377849817276001,0.010127941767374632
0.24076436666666667,16.575137063590297,0.4532097239232246,8.823530666666668,0.5814156733333333,0.3785532812277476,0.006784121195475234
0.35902674333333334,17.461795356897653,0.47376341573524844,7.393645766666666,1.00195272,0.356036514043808,0.006803671518961566
0.4445169133333333,16.627713919895253,0.45966193101980357,7.139694166666668,0.8224852866666666,0.3677152494589488,0.005903005599975566
0.4139192,17.39473048257721,0.4789193799949474,6.925320933333334,0.8124425533333333,0.358053520321846,0.007047891616821267
0.4911659733333334,17.045065305637433,0.4752218056614577,6.6006906,1.0731168133333333,0.34899578988552094,0.0082443555196126
0.31754433666666665,18.58918323216519,0.5217327233609733,6.3328059,1.0739929000000001,0.3386973440647125,0.0033999284108479667
0.34134332333333334,18.344745759310328,0.4921651893925503,6.7817103,0.9288823633333333,0.351222703854243,0.006823062896728499
0.44964362333333335,16.904434625586703,0.4700377209480469,7.332312233333333,1.1386086333333334,0.34065568447113037,0.006771087646484367
0.17037663000000003,16.768159803354052,0.4206660856942081,26.367309666666667,0.69542057,0.49095335602760315,0.007681767145792599
0.2688320166666667,27.34311114612016,0.7223171097034715,4.562613766666667,1.4576079333333334,0.1981901476780573,0.0074649651845295996
0.24664421,23.107898688806372,0.5827902739684166,4.612666233333333,1.0430920333333333,0.17311937113602952,0.010837475458780901
0.15620235,22.514529028634694,0.6327457216040835,6.1255482,1.0316259133333334,0.20314559340476987,0.0068013668060302665
0.22549766666666668,21.048012240108786,0.5710096498991459,5.919787966666667,1.0533295466666668,0.21171737710634866,0.006780783335367833
0.162779688,21.560241570232957,0.596026727325874,6.692462833333333,1.0682686666666665,0.18004786471525824,0.0087308088938395
0.22455211666666666,18.985557547326078,0.5228434456949028,7.704630133333333,0.7648742199999999,0.27776009837786353,0.009334087371826167
0.2157606,18.23306532550067,0.5459376599168747,8.111176200000001,0.74674352,0.24363598227500913,0.006772200266520166
0.12461498666666666,20.5361808554613,0.5933769294305217,8.427338433333334,0.9363910066666666,0.2724473774433136,0.0034042199452718
0.18585466666666664,18.84749502678674,0.520374234984576,8.577747500000001,0.7769417833333333,0.3010561416546504,0.007535934448242167
0.10616558,21.025242009128856,0.6234259000461312,7.7215451,1.0959333533333333,0.2206866343816121,0.008105754852294866
0.19031027866666664,18.625578885981657,0.5369364585409692,7.852080533333333,1.1226322,0.2914090553919474,0.008921861648559534
0.14686395,19.524158975956777,0.5618771161582222,8.169589,1.1072540333333334,0.26013340552647907,0.011321703592936166
0.18803921666666668,18.86662248820462,0.5609649419790562,7.8620998333333345,1.0241857333333333,0.2509540617465973,0.010145187377929632
0.1265153933333333,19.47193037712512,0.5470645801712145,8.290440633333334,0.82951218,0.3022460341453552,0.005258162816365534
0.179132458,17.88937169017372,0.5158539247474776,8.494705333333334,0.9067472333333333,0.3263357977072397,0.0037155946095784333
0.13837827333333333,17.97507500502719,0.5091827874695553,9.6278895,0.9555541666666668,0.348538339138031,0.008172353108723933
0.13120689833333332,18.179602210167797,0.5140279185977422,9.706522999999999,0.9083988500000001,0.2912294765313466,0.0069011847178141
0.088171448,19.8266967691807,0.5533761112480033,9.487731666666667,0.7419090666666667,0.29222305615743,0.0067185560862223
0.09434417,19.28441658294946,0.5307245509685908,9.725514666666667,0.7679552666666667,0.2929008702437083,0.006797075271606434
0.18419299,17.017680674389414,0.500598016683117,9.892218999999999,0.9588830800000001,0.3267245292663574,0.0074178377787272
0.11214939666666668,19.21887661594403,0.5399282852262839,9.989073166666666,0.8725410333333334,0.30128736297289527,0.006782293319702134
0.11784628866666665,18.652638084973265,0.5146680352611295,10.043984666666667,0.6658617566666667,0.30498945713043213,0.0080301761627197
0.09801869333333334,19.553805824925902,0.5263567722497474,10.323402666666667,0.7227951600000001,0.31389766931533813,0.008554061253865533
0.14949057666666668,17.938383425226533,0.5198134803091264,9.164987666666667,0.7204346999999999,0.30614180366198224,0.008991161982218367
0.098885991,20.23131348968434,0.549311576996309,9.152963,0.8995512666666666,0.2787848214308421,0.0101726055145263
0.057507499333333344,21.35939782603781,0.5847531643338401,8.914882566666666,0.8401578766666665,0.2759351631005605,0.0049876372019449665
0.08119894066666668,20.268257319291795,0.5708613426143195,8.848346433333333,0.7184942333333333,0.2741435964902242,0.0034657319386799997
0.14396325333333335,17.767537983599418,0.5069670444330515,9.393953666666668,0.7262784366666666,0.31892763574918104,0.009482145309448199
0.16531743666666668,17.705510624396144,0.5228365844549123,9.669412000000001,0.9907762999999999,0.3343814512093861,0.0068074862162272
0.12624845,19.807659601638907,0.5856322568288356,8.135242133333334,0.9275128666666665,0.2676751017570495,0.0063931941986083325
0.15029106333333334,17.972105994705174,0.5492191175022103,8.510839866666666,0.7186493,0.2689604659875233,0.0082918802897135
0.14974854333333332,18.540288880839142,0.5491874191150348,8.4637805,0.98032808,0.2747038205464681,0.008468310038248666
0.15691239333333334,17.80160015389752,0.5442771104157724,8.129603566666669,0.7696046133333333,0.3045140008131663,0.006774346033732066
1.8133882200000002,23.59156495261175,0.5807612019536644,3.9939549000000003,1.76320588,0.18235003948211667,0.012476046880086232
0.44168162333333333,24.51140983652708,0.6091666347061715,3.6097335000000004,1.5458296333333335,0.1455731242895126,0.006757895151774066
0.24842079333333333,22.00227660236654,0.5845062812241847,4.4182026,1.12079362,0.16107512513796488,0.0086417992909749
0.20727277333333335,20.282733487645228,0.47533564683865476,5.981073599999999,0.7883228433333334,0.19880883892377213,0.008845011393229135
0.2979828633333333,17.50648657862485,0.5074730785134939,7.526764466666667,0.8340979133333333,0.2548937698205312,0.0079827308654785
0.2515228666666667,16.606059239152362,0.3177573151090611,9.428050166666667,0.6949846433333334,0.3009762664635976,0.0058902899424234665
0.19434558333333332,17.624533565338712,0.5184451773426195,9.738366000000001,0.8959330099999999,0.24761734406153357,0.0102152029673258
0.18773934333333334,17.87396612270877,0.4688425786447958,8.587420433333333,0.7686196766666668,0.22677741944789878,0.0069536368052164335
0.16519468666666667,18.49297860088201,0.518239015010825,8.952664666666665,1.0392165999999998,0.24938982725143433,0.008345206578572533
0.14740755333333333,17.767975469793583,0.48181194996221155,9.811672333333334,0.9169069966666666,0.2961659828821818,0.007544279098510734
0.15158043,17.630965077846323,0.4638185395919934,10.012861,0.8582368333333333,0.2713474482297897,0.008684714635213168
0.18549525333333336,17.889735074953936,0.4543023093411447,9.352497499999998,0.81171187,0.3399147888024648,0.011099418004353767
0.46447252,16.238866266489254,0.43266409126316,7.5218746,1.1415463333333333,0.3292938768863678,0.005628744761149068
0.2758800633333333,18.85279480163075,0.5134386650345364,6.6021955666666665,1.1102770566666667,0.32701981067657465,0.010235945383707633
0.33854074333333334,17.371432557052696,0.46815007652774837,7.265047699999999,0.8253182466666665,0.37707265218098956,0.0088090101877848
0.32211681,16.768577180422376,0.4536502741615844,7.902916066666666,0.8635142333333333,0.38348426421483356,0.007282733917236266
0.25728211,16.8224594786859,0.46873623659651525,8.603095333333334,0.8471076833333333,0.37668169538180035,0.0097377300262451
0.17171866333333333,17.740164160642223,0.4559401365576792,9.785779,0.5425546366666666,0.4391026794910431,0.0103055636088053
0.13049895333333333,18.0401643308931,0.4934079921175871,9.529425000000002,0.66174532,0.3559888203938802,0.003415743509928367
0.1464355066666667,17.14843542372083,0.46687034061262617,10.533424666666667,0.7406286333333334,0.3853645424048106,0.0089441935221354
0.15151249666666666,16.366611683461105,0.43816255476382276,10.973393333333334,0.5261519666666666,0.41371315717697144,0.0083967049916585
0.16781809,15.697323735320339,0.43322304926583577,10.869098666666666,0.5023292333333332,0.40140315890312195,0.0034628709157307667
0.14787802833333333,16.77559726098407,0.42011009564444307,11.034295,0.4633611733333334,0.45167049765586853,0.006753603617350234
0.09489661666666667,18.715470215607183,0.481011634573316,10.251381666666665,0.7367635533333333,0.40939973791440326,0.008374770482381133
0.19835030666666667,15.660031262945973,0.41517893158834523,10.438721666666666,0.43304006999999994,0.4259403149286906,0.0067911942799885995
0.18329909666666666,15.592251550947422,0.4133437927551215,10.807268666666666,0.3501679133333333,0.4443043867746989,0.008788029352823867
0.12785831,17.888118718393645,0.4936723734763005,9.880916666666666,0.49099112333333333,0.37892473737398785,0.010055383046468067
0.18542980666666667,16.638337502482585,0.46895530263301466,9.464453333333333,0.44467833333333334,0.38385261098543805,0.0066920121510823
0.22142776666666666,16.379864193821263,0.49174698914642273,8.155196333333334,0.5152165,0.3149786293506622,0.007519483566284167
0.20908878333333333,17.412958037342232,0.5384000814920938,8.1971024,0.9225921,0.2687419056892395,0.0069164435068766
0.21952651,17.13193576504159,0.5130415920765216,8.020005333333334,0.5954291133333333,0.29721514383951825,0.007599512736002599
0.22138725999999997,16.171972775833776,0.502436333130454,8.223621666666666,0.8250947833333333,0.2754312753677368,0.007720549901326434
0.16021163333333333,16.488609729402008,0.4891429332446469,9.754730666666667,0.5240003166666667,0.3034328321615855,0.012048800786336201
0.1797889033333333,16.238286505020444,0.49315562104135074,9.281736666666667,0.5862307133333333,0.2885267237822215,0.010841449101765899
0.16169229666666665,17.508557758313916,0.5123961323811285,8.232254,0.7086375733333333,0.27582192917664844,0.007985115051269467
0.13634021166666666,17.961196050087803,0.514727345223533,7.582046999999999,0.7186335,0.2664676507314046,0.0076510906219482006
0.14266808466666667,18.64891103004523,0.5211559841657848,6.954374166666667,0.8370114933333334,0.2875746836264928,0.010519504547119099
0.7782687733333334,15.310315687349275,0.4080690538294626,13.79052,1.0598455666666666,0.5113900005817413,0.008421023686726868
0.5154833,19.030839608182998,0.472629038954744,9.066883333333333,1.0612294333333334,0.34510644276936847,0.009949366251627565
0.20074402333333333,23.537818036205795,0.5724600703696613,8.608371333333332,0.9814587533333333,0.27645125488440186,0.004971981048583933
0.27717467333333334,20.83578961498727,0.5059825683519182,10.017106,0.9150896133333332,0.33073909084002173,0.0092500845591227
0.3332726833333333,22.48399321804091,0.5608316275543901,9.366321666666666,1.2115282200000002,0.3095004856586456,0.0102299849192301
0.085122812,25.48685811488855,0.604836318389845,9.56827,0.8422222666666667,0.3082167108853658,0.007803519566853799
0.16514806,20.452151946477525,0.5684603717577226,8.934904999999999,0.81411625,0.315429538488388,0.012935479482014935
0.08174015933333333,22.612925916464917,0.6124623506553107,9.065640499999999,0.6659250133333333,0.27864401539166767,0.010515530904134067
0.3354906913333333,20.34408835754994,0.5294221673499264,8.516048,0.8442608966666668,0.3101051499446233,0.0064036846160888
0.17913879,22.36041570809988,0.569504852470763,8.931179,0.93604293,0.31945178906122845,0.005566120147705033
0.13967951133333334,22.91629309160767,0.560734295264755,9.448803,0.8699367433333333,0.29948781927426654,0.008537769317626932
0.6390322113333333,18.49327589400198,0.48225636959639934,9.686198666666666,1.0581654166666665,0.34650976459185284,0.0066581567128499
0.30105658333333335,21.695800296722012,0.5635046336236881,8.379884666666666,1.1236931,0.29381505648295086,0.008109013239542566
0.44882691,22.526738349504317,0.5888024459486664,6.777071833333333,1.26853539,0.3017345617214839,0.004033327102661101
0.26673624,24.98136331369982,0.6419193657610064,5.935716833333333,0.9459867866666666,0.2783467173576355,0.009536663691202766
0.4886450866666667,22.301913245732305,0.5840594232576956,5.899229966666667,1.1374853333333332,0.31031946837902064,0.004689852396647099
0.4414142366666667,22.526909393923106,0.6016281581486419,6.082307666666666,1.0013244333333333,0.25852866470813746,0.009945710500081367
0.59396344,20.32792670046298,0.5535187633094371,7.083297166666667,1.6419654333333333,0.3082841883103053,0.0027636686960855997
0.3334335033333334,20.740693020596467,0.5429080362050113,8.869049666666667,1.1879153666666666,0.3002781371275583,0.0027511914571126
0.16507518533333335,23.694016163458244,0.5858199676027799,8.484995166666666,0.9180692,0.27996572852134705,0.0018036365509033001
0.15325465000000002,23.170236584949578,0.5879299568910668,8.560545,0.9175222666666666,0.2810175269842148,0.007542689641316667
0.19430747666666667,21.361085095928086,0.5443913053297034,9.254860666666668,0.8526851533333334,0.3005193273226419,0.006554126739501933
0.33566578,19.806915985584876,0.5310085235163818,7.985331100000001,1.1400074333333332,0.31359563271204627,0.0017247994740803999
0.11671324866666667,22.0657816626548,0.5566443814034617,9.028909666666666,0.8486452666666667,0.3120161493619283,0.0020148754119873
0.20096681000000002,20.182938739518878,0.5037216529274574,9.806264333333333,0.9902468166666667,0.35797024766604096,0.0
0.29349580133333336,19.328820889127694,0.5181297930892735,9.009510333333333,1.21683288,0.33793896436691284,0.0
0.09695198,22.965788434004832,0.5548737323224208,8.994917666666666,0.9140076700000002,0.3232291142145793,0.004532655080159467
0.09734715833333334,24.036423917238626,0.613315387759027,7.4868984,0.8057978333333334,0.2871401210625966,0.0036225318908691003
0.12127464166666668,22.49765218118983,0.567424443253584,7.921299333333333,1.0173141633333334,0.3716409504413605,0.0
0.5238299953333333,21.62098705710338,0.5762113734245728,6.427460333333333,1.3652662266666666,0.3235486894845962,0.004426479339599567
0.7150056933333332,18.14616458691154,0.4091006775132328,14.757660333333334,1.3183825466666665,0.5544554789861044,0.0040191809336344
0.5908998533333333,19.753377769351587,0.510723259325483,8.0921885,1.0839742466666666,0.33857303857803345,0.003320614496866833
0.22182983133333334,22.13107661618513,0.5966860854711754,7.314940533333332,1.3111649666666667,0.22295116384824112,0.006036361058553
0.17045319333333334,23.039541745825385,0.6092534587287475,7.339661466666667,1.0716062566666666,0.2694437950849533,0.0033419926961262996
0.21502624,21.59942293879107,0.6169292406123542,7.685065233333333,1.4630742333333335,0.25354792674382526,0.0043749014536539335
0.38472190666666667,19.24702334875661,0.5313560773107976,8.745303666666667,1.5566864666666669,0.296565443277359,0.0034340222676595
0.14653781866666665,23.116590084148584,0.646510308685248,8.322280999999998,1.1040716533333335,0.2612623969713847,0.0020848910013834335
0.39356241666666664,20.97535380016902,0.6008055624141585,6.948176466666666,1.5852958666666668,0.27066879471143085,0.0021410783131917
0.242697788,21.810484948696327,0.610113821818592,6.836167433333333,1.1127666133333334,0.23335770765940342,0.0027288595835367664
0.14709540666666665,22.88633720213383,0.6322043599888301,7.0713117,1.1225235666666666,0.2592103481292724,0.0058457056681314665
0.22290386333333334,21.114941597643107,0.5842606560482377,8.110891,1.2185082133333334,0.2735658784707387,0.0011285146077473667
0.186113577,20.51197833813581,0.5292926870098953,9.832897333333333,0.8159206500000001,0.2978092481692632,0.0025699933369954333
0.6416519519999999,20.7919322434899,0.544548152662906,8.604056666666667,1.47172024,0.32882244388262427,0.0014893213907877332
0.11174443,23.31238388549697,0.5907744282743198,8.404015333333334,0.6818639833333333,0.28185051182905835,0.004601319630940733
0.20756843666666666,20.84159226711193,0.5772126826745858,8.175777333333334,1.0245775166666669,0.28612866501013434,0.0027159055074055666
0.19931051999999996,19.944118897854835,0.5168149305337884,9.491629999999999,0.9709812666666666,0.3372736970583597,0.004432121912638334
0.10462641666666667,22.54583350915217,0.5810712646605433,9.043460666666668,0.8986465333333333,0.3075496355692545,0.0081268151601155
0.08507800666666666,23.222452267909617,0.5809150671233704,9.682822666666667,0.7327156333333334,0.3327679932117462,0.004073460896809833
0.11931768333333333,22.481293292044302,0.595865746226886,8.721348666666666,0.79637651,0.2835539182027181,0.006080309549967367
0.09110591,22.475441599504794,0.5571954009283434,10.122205,0.66456165,0.325791597366333,0.0
0.14257794333333332,20.889348993135545,0.5245635074525269,10.205795666666667,0.7020703666666668,0.3107593258221944,0.0025962193806966
0.167344342,20.761399960046962,0.5092893093749497,10.878327833333335,0.8758730333333333,0.3329964975516001,0.007478237152099567
0.3320323533333333,17.73581324754484,0.4661401690977433,10.135394,1.0447822333333334,0.3705652157465617,0.0016055107116699
0.28844089666666667,18.451307601379632,0.4855860282392301,10.374042666666668,0.9529892466666666,0.32941200335820514,0.0
0.32577471333333335,18.20004744177513,0.4807256094120717,10.554844666666666,1.0057125866666665,0.32137693961461383,0.0019833246866861665
0.26131336666666666,18.32505260164144,0.500747819462774,10.410556,0.8976100166666666,0.3170861154794693,0.005393584569295233
0.1390604116666667,20.020179144542933,0.5134566975921523,10.734993666666666,0.7714323666666667,0.29998113711675006,0.0012600421905517333
0.14111042999999998,19.52472096287973,0.45864689914906037,11.595805333333333,0.7434011466666667,0.33613840738932294,0.004374583562215133
0.16118257666666666,20.189170261596434,0.5022546070757631,10.115482666666667,0.8862134333333334,0.3392835259437561,0.004930098851521767
0.22392103,18.0790953238787,0.49140465639955383,9.268161333333333,1.0314925200000002,0.35137266914049786,0.0
0.16903935633333333,20.828335065847497,0.5054832090911934,8.585128333333335,0.8507852466666667,0.36361273129781085,0.0
0.12100781000000001,22.168675985930268,0.578261619648402,7.181811166666667,0.8933656533333334,0.321927269299825,0.0029407342274983335
0.1614776,18.857105196405453,0.5159805875072697,8.567078333333333,1.1130337466666667,0.34230202436447144,0.004148880640665666
0.12146327833333333,19.341251194491814,0.5043062433832889,9.707221,0.9661811333333334,0.37471418579419447,0.004427035649617467
0.09826339333333334,20.47353927111624,0.5240089143210297,9.099859833333333,1.0855607666666665,0.36034703254699707,0.0014700094858805333
0.092778504,21.91279908693934,0.5805194112658262,7.5260671666666665,0.8747681866666666,0.2808167487382889,0.0016254583994547332
0.40009684,24.983099719644105,0.71372778473719,4.434911233333334,1.8889390666666668,0.23977447549502054,0.0035256544748942
0.42509709333333334,22.16673797240381,0.6114430750750862,4.467575066666666,1.6431003666666666,0.2091276024778684,0.005220572153727167
0.45760738333333334,20.523177726217824,0.5482581233306103,4.714320999999999,1.842763,0.18585332731405893,0.0054874420166015
0.40600239333333327,19.099848966634855,0.5610846880894121,5.8949016,1.6068005133333332,0.2007378190755844,0.005592107772827134
0.17812593866666668,21.66772166264086,0.5915617236699301,7.151284733333334,1.0457665,0.18780664602915442,0.0
0.31746816533333333,19.544195593004417,0.5179487611561101,8.087666433333334,1.2572393166666667,0.22299330929915104,0.0018869241078694335
0.5321460533333333,17.251996296700156,0.46836813238402186,7.732339100000001,1.5684573666666666,0.24483133355776468,0.005598624547322566
0.12201933166666666,21.5995519042164,0.6122837562499618,8.3373489,1.0545316666666666,0.22011459370454153,0.0
0.2244508633333333,19.73932161827935,0.5813094520196799,7.843826766666666,1.1002391033333332,0.2526971896489461,0.005961974461873333
0.2691230833333333,19.374381719051005,0.5330706702476663,7.644085033333333,1.1250684000000002,0.27870310346285493,0.002018928527832
0.23251971999999999,18.3889598919806,0.49585833543514046,9.144665,1.0009200166666667,0.33900352319081617,0.0022776126861572
0.18265841333333332,19.949171657652393,0.5467449351696224,8.737220866666668,0.9117059866666667,0.3439186215400696,0.0039482911427815666
0.179469145,20.395870002198752,0.5744243151536804,8.450218466666668,0.8264478533333334,0.27863363921642303,0.008601347605387333
0.25130334666666665,18.51266881930913,0.5255545026150404,9.424121000000001,0.83220971,0.3136049111684163,0.004846572875976534
0.15180288,20.19061101444267,0.560594502084561,9.473325666666668,0.88645981,0.3036926289399464,0.0033796628316243335
0.15713993333333334,20.864509264643125,0.5879312697189093,9.214865333333334,1.0004682666666669,0.28959395488103223,0.0026686986287434663
0.7922051900000001,16.42546215813623,0.45978621421534066,9.623860333333333,1.1632075899999998,0.3459572394688924,0.0
0.2902794766666667,19.71411980023815,0.5416819882025633,9.081057,1.1889852666666667,0.3165333370367685,0.004166444142659467
0.3734056616666667,20.771214036448722,0.5564451643557183,8.840628666666666,0.86497861,0.3086056411266327,0.0027852853139241004
0.30361573333333336,20.734685562356333,0.5817782777253396,7.802535766666668,1.1739646666666668,0.3011055290699005,0.006137291590372701
0.3482262566666667,20.31837262757006,0.5684590621284372,8.367164333333333,1.2017990333333333,0.3263947069644928,0.004235108693440699
0.25968959666666663,20.721970397045173,0.554384343557245,9.123854333333334,1.0680597666666667,0.3321661949157715,0.0011804103851318333
0.2571175666666667,19.950902163658245,0.5121468008298656,9.676397666666666,0.9285118333333333,0.34304556747277576,0.0040606657663981
0.41480031666666667,18.543992993848242,0.5176348906831398,9.209855333333335,1.1386658,0.3059594929218292,0.0013868014017740665
0.24651578666666665,21.21716475188207,0.554327405470569,8.7611535,0.94544982,0.32847109436988825,0.0027421315511067666
0.29917199333333333,20.63596308921764,0.5492701863445989,8.2482199,1.2236849866666666,0.3343940079212188,0.0031004746754963665
0.31756176666666663,20.13298222642269,0.5397603448254104,8.520744333333335,1.2967065,0.3361834983030955,0.0
0.21220759,22.536761088342374,0.5939185907713448,7.5045863666666675,1.2698278666666667,0.31969467798868817,0.0
0.3691231366666667,21.530213498342636,0.5530568268040869,7.596238666666667,1.4192474666666666,0.38498052954673767,0.0
0.45479290999999994,21.24741003514367,0.5710773902644998,6.553203666666666,1.6191557333333335,0.3561986784140269,0.004145542780558234
0.26514828333333335,22.055158917507452,0.5888268081359617,6.8223188666666665,1.2516244833333332,0.3529996077219644,0.0006697972615559666
0.5604300766666667,18.93023180839987,0.543110997033241,6.576476566666666,2.3719300999999997,0.3823267420132955,0.0029170513153076
0.5193036033333333,18.78315319352876,0.5340513980717648,7.4181831,2.333584333333333,0.37740153074264526,0.004927555720011367
0.5391054333333333,17.952632207948444,0.5532246216685577,6.709291966666666,1.7133502666666667,0.3397934337457021,0.002235651016235333
0.32888928666666667,21.661616165302828,0.6121344440658238,6.962738566666666,1.69741241,0.3154878367980321,0.0021406809488932
0.26152506866666664,20.331482968033267,0.5636090039253271,7.583647,1.2873211,0.34988386432329815,0.0021917819976806333
0.24344399833333333,21.601385739737804,0.5860820505280668,7.501419266666666,1.09355765,0.32845675945281977,0.0
0.2270961166666667,19.792408270059386,0.5833320332832237,7.7914357999999995,1.3945311,0.3107336709896723,0.0
0.27608405999999996,19.259256702188928,0.5578949870684818,8.184894333333334,1.5967370666666667,0.32255105177561444,0.001284122467041
0.25316956,19.29919283616243,0.5545198722130255,8.872599,1.4055861,0.30016536513964326,0.0034092267354329333
0.21603836666666668,19.982320809606254,0.5619298811373383,8.699134866666666,1.3123845433333334,0.303164079785347,0.003579854965209933
0.18629364466666667,20.523652787678866,0.572586962334316,8.2641866,1.34839701,0.30904594063758845,0.006907939910888634
0.55103227,18.16722715953667,0.5126661521384425,7.5710551,1.4616277666666668,0.3090338905652364,0.0026729106903076
0.23391430666666665,20.056082958714565,0.5516714805867359,8.791195866666667,1.1561700533333334,0.32065871854623157,0.0054553349812825
0.35225550666666666,23.242931514990545,0.5567405376788023,8.443392333333334,1.4023274500000003,0.33597572644551593,0.006353378295898399
0.31891560166666666,23.62549089296566,0.5984195503255101,6.593515233333332,1.3868836666666666,0.29111890991528827,0.0021721522013346335
0.4401834833333333,25.34415566174278,0.618797800864458,6.489190233333333,1.0789477,0.24511972069740287,0.0013659000396728333
0.2262596,23.286646480468104,0.58236770212039,7.867112566666667,1.1618223666666667,0.2794451614220937,0.0010124842325846333
0.32870045333333336,21.799684894572504,0.5595502540952437,8.502504666666667,1.1520712,0.2633623033761978,0.006743987401326434
0.24323782333333335,22.043357181195024,0.5565298615195952,9.6751245,1.1948957666666666,0.31664542357126874,0.0
0.21043840533333333,22.90217556660473,0.5953689980799141,8.540063666666667,1.0189634333333333,0.297643780708313,0.0027855237325032332
0.14193082999999998,23.31251505528394,0.602504842214416,8.2025091,0.9690799333333334,0.2714286297559738,0.0019341309865315666
0.17154223000000002,21.3529581474801,0.5456142661396136,9.126762999999999,0.7289628666666667,0.2612748295068741,0.009182771046956334
0.1473775283333333,22.475320351604182,0.5426670655855302,9.900163,0.7333494000000002,0.293341651558876,0.0010207494099934665
0.16241366333333332,22.218242216791307,0.5499287895327714,9.896791833333333,0.9688175933333333,0.28286859889825183,0.0025003751118977667
0.1279017166666667,23.21438887032595,0.5439721367595608,10.823278,0.8101507833333335,0.3284825583299001,0.0033841927846272666
0.12584781666666667,23.10091976823675,0.5635146308471587,10.058279333333333,0.74233107,0.2816355476776758,0.0046602090199788
0.11664838666666666,23.523624031107342,0.5404696967064205,10.722828666666667,0.9436938466666667,0.3448791702588399,0.0
0.11773487300000002,23.017893621833537,0.56081452158234,10.057114333333333,0.8039109533333333,0.28562333186467487,0.0
0.19657229866666667,20.85866516176599,0.5098001405153992,11.153330000000002,0.7916415833333333,0.33730987707773835,0.005430062611897767
0.10000699,23.38294644413362,0.5469249737119023,10.844408999999999,0.70534315,0.29752110441525775,0.0028175512949625333
0.09368918166666666,24.812105870989566,0.5762203094638365,10.050569,0.8064306166666667,0.3078615764776866,0.0045682589213053
0.18228358,21.458641265885877,0.5184624446770779,10.835623333333336,0.8804319666666668,0.31393896540006,0.0016249020894368333
0.11325588000000002,22.18143546488655,0.5150012942438735,12.714815,0.7713983,0.29102719326814014,0.0027777353922526
0.149588055,21.706900296443376,0.4993697251010998,12.333726999999998,0.7243774466666667,0.34948310256004333,0.0024207433064778335
0.20887638666666666,22.623650719150465,0.5527775273646354,9.597469,0.9598686133333333,0.2866572638352712,0.0022633870442708335
0.25770044666666664,23.267568846733088,0.5997554118459872,6.863503233333334,1.317648,0.314473291238149,0.0023410320281982
0.44486908799999997,22.232822582228835,0.5212680824614423,8.457107333333333,1.0191071666666667,0.4187209705511729,0.005516449610392199
0.19368397666666667,23.149603419980718,0.5222232328659256,8.985775666666667,1.0070684866666666,0.3703850905100505,0.0
0.6752527216666667,21.208406230479337,0.5196486312030307,7.8247816666666665,1.3925422533333334,0.38331782817840576,0.0013454755147298
0.73497536,21.857258182487442,0.5195990730062113,7.505764733333334,1.25280744,0.39469971259435016,0.0067675113677977995
0.10639075666666666,23.420759120261682,0.5257285966459623,9.105697333333334,1.0052498666666667,0.36935940384864807,0.0031220118204752334
0.11243333866666666,23.287103191881545,0.5379571841332891,9.166164666666667,0.8563676,0.3648194471995036,0.0016841888427734334
0.26346119133333334,22.503085488282,0.5475857307296258,8.093155833333332,1.3422640333333333,0.4006219307581584,0.0013049443562825334
0.12830283166666667,23.898786673685226,0.5677809250325953,7.289691833333333,1.0841929833333335,0.3927350640296936,0.0036727587381998332
0.141784421,24.63762724208951,0.613167086816103,6.849884233333333,1.0448254333333333,0.33152379592259723,0.0028982162475585673
0.09967843533333333,17.961427622522695,0.3809043129418745,32.10917666666666,0.4927163266666666,0.432677686214447,0.0027070045471191333
0.12648248333333334,29.08065084366063,0.7890271007405509,4.234906966666666,1.2947377666666666,0.15541684379180265,0.006083170572916633
0.30189073666666666,25.296559778362763,0.6420564250614186,4.501134066666666,1.2544676666666668,0.1885464936494827,0.0019617875417073335
0.24360694866666668,23.15338447958132,0.6119980822771267,5.157941166666667,1.1756112666666667,0.19585290551185608,0.0
0.19521919333333335,21.164345017056494,0.6038127083496095,6.495294033333333,0.9083397,0.21846615771452585,0.0030407110850015997
0.13760211133333333,21.414017949162176,0.6378981434872403,7.788486933333334,1.1331370433333332,0.22320316235224405,0.005640904108683234
0.15192285666666666,19.76441780987305,0.5532905538177356,8.6764275,0.7464633666666667,0.251215989391009,0.0019491513570149667
0.13975676333333334,20.570402205919226,0.5686175310955773,9.805428666666666,0.7093713700000001,0.24798319240411118,0.0017604827880859334
0.09275754666666665,21.28639399770289,0.6352395618599754,9.261550666666666,0.8919721533333332,0.22184181213378906,0.0
0.11177032166666667,19.992691310626782,0.5784537547067413,9.411999333333332,0.7295194466666667,0.2385683904091517,0.0025165081024169666
0.09696468666666665,21.512544507807874,0.6073807182786884,8.297749666666668,0.8576591100000001,0.21751376489798227,0.0030131340026855334
0.14073164000000002,19.691992452612343,0.5525620048185474,9.109614666666666,1.0290793666666667,0.29263130327065784,0.0026476383209228
0.12460343333333333,19.02170623048629,0.5299028058670078,9.562498,0.9003643,0.28438559174537653,0.0016733010609944335
0.14492270666666665,19.52952068005067,0.5753234509758056,8.835578333333332,1.1704037533333334,0.29603232443332667,0.001971165339152
0.20485083333333334,18.23591232944749,0.5067423965546493,9.212361333333334,1.0394294533333333,0.33323247234026593,0.0041002432505289335
0.15018935333333333,19.868813965411142,0.5808128416242696,8.35422,1.1138851333333335,0.29078735907872516,0.004155158996582
0.16985015666666667,19.570616735425,0.5688484481894525,8.343025433333333,1.1131496666666667,0.2661799788475036,0.002679586410522433
0.38110557000000006,16.86888346323165,0.46944650768270174,9.101957500000001,1.3126056333333331,0.35998143752415973,0.0006705919901529666
0.21820952999999998,19.380628450101227,0.5287566607121432,8.667063333333333,1.1370514866666666,0.3085258901119232,0.0026756127675374333
0.14161872333333334,21.385836552241887,0.5998833309480825,7.992232166666667,1.1393312,0.2821130851904551,0.0
0.25879957666666664,18.35772364607354,0.5138258382932168,9.159560666666666,0.9549388799999999,0.34925005833307904,0.004199425379435167
0.28883650666666666,18.29906586193063,0.5162995070519549,8.548383333333334,0.9603790133333333,0.3103165676196416,0.0021725495656331334
0.13677782466666666,20.85439801321678,0.5697315989416442,9.258733333333334,0.7485588633333333,0.2818202128012975,0.0007403691609700333
0.13318371133333332,19.548343726434016,0.504274203437311,10.410568666666666,0.5329919433333333,0.35961004098256427,0.0
0.12869027,19.27746356463552,0.5273031176341706,10.015621666666666,0.54439626,0.3156143029530843,0.0045975049336751
0.17077823666666667,18.444440750927367,0.5318665954581615,10.121681666666667,0.7645372966666667,0.3256555547316869,0.0025109450022379335
0.15942200333333334,18.835139231011606,0.521275314263112,9.969035333333332,0.6118483133333333,0.31371068954467773,0.0020781358083089
0.15379962333333333,19.78443407093226,0.5637270182396334,9.009818000000001,0.7055066566666667,0.25704105695088697,0.0
0.15998492666666667,20.130006992459304,0.5701431432585767,8.080253833333332,0.8351827900000001,0.24737390875816345,0.0076108773549397
0.12353791666666668,21.47925212873407,0.5922504929276599,8.085182333333334,0.7818773200000001,0.27835414807001746,0.0027354558308919
0.19129456833333333,19.900576786035856,0.5647865895390759,7.7666459,0.7491228233333332,0.27483082314332324,0.0046869913736979005
0.17260503000000002,19.917959708669144,0.5853106621100725,7.493042666666667,1.04502045,0.2692646582921346,0.0022343794504801335
0.12289123666666668,21.128120625080694,0.6328496235461446,7.105954833333333,1.0025587666666669,0.24269066751003265,0.0034477710723876663
0.24433933333333333,22.187241323306917,0.5773094392280539,8.812378666666667,1.3050185133333334,0.30615938703219087,0.0013106664021809667
0.23102070466666666,19.854375909052674,0.48578274619075107,11.022015333333334,0.8636295166666667,0.35422460238138836,0.008220990498860633
0.16906068999999999,20.415323213091444,0.5041067502521585,11.209105333333333,1.0043723333333334,0.3676067888736725,0.0031113624572753334
0.17203227333333335,20.98805595391948,0.5400279089555959,9.879250333333333,0.8375967166666666,0.3069279690583547,0.0
0.11561357333333334,24.795456139309042,0.6742440006211571,7.5367636000000005,1.0705785666666665,0.27202500899632764,0.005325635274251266
0.12668508166666667,24.03976059776332,0.6491509327414441,7.3019518,0.7460887033333333,0.26334453622500104,0.0021316210428873666
0.16795444666666667,22.109798530854516,0.5908515338271756,8.392212,0.88704515,0.33531197905540466,0.004089275995890267
0.096748875,25.246018943147078,0.6634665416589335,6.931764266666666,1.0339724666666668,0.25453928112983704,0.005333979924519834
0.15031184666666667,24.152083610395,0.6625168871956085,5.7887203666666665,0.9962565666666666,0.2842712104320526,0.0060494740804036
0.1352492266666667,24.61933695875246,0.63363203315184,5.957025833333333,0.9625223133333334,0.28911622365315753,0.003846327463785767
0.20573395333333333,21.324201047634084,0.5891055257751566,6.634763066666667,0.9781630666666666,0.2816202739874522,0.0021799405415852667
0.28302458333333336,20.41077641864472,0.5448192748326474,7.364030533333334,1.1969389466666664,0.3784324924151103,0.0016492207845052
0.3584739266666666,17.625637373370285,0.5152806937274496,8.496711499999998,1.1413413333333333,0.29488571484883624,0.0023315747578938665
0.3045761133333333,21.821923835072614,0.570228239906335,6.726211199999999,0.8792718333333333,0.28864479064941406,0.0071364243825276
0.22846798666666665,22.229058973667488,0.6039935047142561,7.248042333333333,0.9825460333333332,0.312494417031606,0.0012249151865641
0.25067341666666665,20.92180424873913,0.5564959623966738,7.5535741,0.64912925,0.29559760292371107,0.0
0.20776385666666664,22.246891186333304,0.5883413301210613,7.580153,0.7057631666666667,0.2738947719335556,0.0018696784973144334
0.15403325666666665,23.725751787234582,0.6223544996709123,7.710274733333333,0.67235741,0.3043897251288095,0.0035800933837890334
0.12800844333333333,24.55334955436335,0.617497693795575,7.712601833333333,0.7136672000000001,0.2960480948289235,0.0037761529286702
0.27684592999999996,22.436366684352635,0.5950641035058314,7.3519982,1.1828157,0.31318049132823944,0.005171378453572567
0.21573884333333337,24.05193329874334,0.6100261609172158,7.153888133333333,1.0292837966666666,0.31763264536857605,0.0047071774800618
0.64371565,20.65069103173026,0.5392557385986745,7.871646666666667,1.3246265333333334,0.3082302014033,0.004207531611124666
0.37148840133333333,20.858334626976283,0.5546233841778526,8.926416666666666,1.4039424333333332,0.34549318750699354,0.003696282704671167
0.24869412333333338,20.701045960526766,0.5248343531791493,9.466306666666666,0.7021683333333333,0.31103027860323584,0.0026713212331136
0.2116485366666667,21.08218575711523,0.5358777577916815,9.757035,0.9135511233333333,0.31252556045850116,0.0018078486124674335
0.26713637333333334,19.59004909754705,0.5188299575041468,10.405468,1.0543408433333334,0.310116708278656,0.004663387934366834
0.24326687333333333,18.61528959702098,0.49001349265489985,9.939114666666667,0.9158236,0.30107704798380536,0.0034365653991698998
0.17895207666666665,19.574604153388012,0.5262268823668474,10.216307666666665,0.9139339666666667,0.28920299808184297,0.0036984284718831
0.12366208000000001,20.33261763403964,0.5238525736651378,9.678818999999999,0.9928737,0.2911146680514018,0.005485057830810501
0.10859448399999999,19.815527900766025,0.49923638313484314,9.766497666666668,0.9129324,0.3210976819197337,0.005635182062784801
0.29717031666666666,19.52401311275237,0.5471568600369073,7.5534992999999995,1.2805831533333334,0.293210764726003,0.011658191680908201
0.3093068433333333,19.122810605384924,0.5423870420063072,7.091948766666666,1.19927851,0.29136014978090924,0.0067613124847412005
0.13492290333333334,20.81715023057932,0.5847041299949473,7.095624399999999,1.1375259533333333,0.2863166034221649,0.003379106521606433
0.138203645,21.136730363771544,0.5586660845565191,7.789715,1.05247172,0.3187788128852844,0.006477991739908834
0.09936104666666667,19.9336923250638,0.5703852091506089,8.731309833333334,0.9625473000000001,0.2920356939236323,0.009933948516845634
0.20428695500000002,19.277146282386656,0.5650266474196611,7.273405633333334,1.3838641333333335,0.3050402502218882,0.0043919881184895666
0.21701066199999997,18.649177668961517,0.5141636833064633,8.057498,1.0468593833333333,0.3531645784775416,0.002994696299235
0.07948496000000001,20.76965938348721,0.5650600938658482,7.593366,0.73680389,0.28841236730416614,0.002051115036010733
0.18558724833333332,24.24223928902136,0.5590597382667607,9.296757000000001,1.3258139333333332,0.32699715594450623,0.0040184656778971
0.7192643333333333,17.039150549960794,0.41780159418720375,11.588334333333334,0.8716743666666668,0.49660374720891315,0.0078066984812418
0.34328580000000003,20.568883946546816,0.4764837841127056,11.829217,0.9719422,0.4234151939551036,0.0028369426727294666
0.22403807666666667,23.929954846382966,0.5509039321067416,9.809674,1.10171581,0.34387506047884625,0.0022480487823486003
0.22995126666666668,18.32643852404026,0.44237598605204015,15.173541,0.9852237466666667,0.43514283498128253,0.0071427027384439665
0.15719352333333333,24.242295150145278,0.5581620466237801,9.370759333333334,0.9117818666666665,0.3281863530476888,0.0012702147165934
0.18690995533333335,23.451795357684194,0.5376266215141978,10.153249,0.9250223900000001,0.3515813549359639,0.0026623407999674
0.2007171,20.670812986656987,0.4677286203820838,12.722057000000001,0.7573745666666666,0.40295195579528803,0.0012697378794352
0.17549631633333332,22.698506126349944,0.5260241570403076,9.996682833333333,1.1222829,0.3377122978369395,0.002285083134969033
0.10833880166666665,22.878572877892168,0.5188463751076493,11.517569,0.76711589,0.34831753373146057,0.0036710898081461336
0.1709027466666667,21.081766777934543,0.4996075325339595,11.538026333333335,0.8519476,0.3860865036646525,0.0054026444753010995
0.21708112833333335,20.73465608758292,0.480039150430688,11.931595333333334,0.8722241066666667,0.39695460597674054,0.0033644040425618335
0.5110446833333334,17.71005574818756,0.44072522886686233,11.111548333333333,1.1944070433333334,0.3921034038066864,0.003256400426228833
0.16444013333333332,20.51962543466976,0.45964060035225707,13.812791333333331,0.6690953766666666,0.39164869983990985,0.005325317382812468
0.345078435,19.74060255263123,0.4814302617754557,11.159032000000002,0.9718904199999999,0.3713984191417694,0.0041941801706949335
0.17748349,19.980408299448538,0.48094915431574153,12.459555666666667,0.9247007333333332,0.3608414332071939,0.004036347071329734
0.09358120399999999,23.508324399793366,0.5174655841102669,11.647691333333333,0.6783212333333334,0.3420850336551666,0.0054684480031331
0.09966575166666665,23.544845271535394,0.5050954855146196,11.390539666666667,0.7088670366666667,0.3644404609998067,0.0050105253855387
0.15014710133333334,22.46220094094095,0.5188167311155322,11.52578,0.7016958666666667,0.32197627425193787,0.0044950644175211
0.09738785666666666,23.965902179569856,0.539119849147748,11.028143666666665,0.6563382533333334,0.3189991017182668,0.008371909459431932
0.23316304,20.790479071715147,0.5018114503253833,11.554797333333333,0.6334847433333334,0.30823607246081036,0.0
0.16226141666666669,23.438133747606386,0.552245524611593,9.806715,0.8878137,0.31627986828486127,0.0045629342397054
0.5695809433333333,19.289891104608476,0.510128669405041,8.082008100000001,1.2757020466666666,0.3707815408706665,0.007072925567626933
0.9016529633333334,19.98187014632629,0.4908519957473602,7.389802366666667,1.4385972999999999,0.3717034161090851,0.0006103515625
0.25181057,20.25111110512298,0.5055133694016553,10.173832833333334,1.1596825,0.4047723213831584,0.0080002148946126
0.20501640166666668,21.099472587343936,0.4989079610063283,11.269864666666665,0.7139079733333333,0.3422965308030446,0.0041553179423014
0.106946528,23.401423818655605,0.5426910585266553,10.128128333333335,0.7869153,0.3343152503172557,0.003566185633341433
0.512212832,20.892996895861383,0.5248149386814024,8.688744,1.0590305266666666,0.41017945607503253,0.0
0.12194354333333333,21.47009393799247,0.5125641274731234,10.360903,0.8491908733333334,0.35476110378901166,0.004696051279703733
0.13772738833333334,22.07580763518949,0.5149817506301261,10.217521666666668,0.9706532,0.36732656757036847,0.0
0.08920095666666666,24.08179840068121,0.5786750612615993,8.454913,0.7876642,0.3115784227848053,0.0035465558369954
0.128066812,24.196690040190077,0.5856641277955511,6.848821633333333,0.9583630466666667,0.3618285159269969,0.005140384038289334
0.10669430933333333,23.89412621804043,0.609609070266658,7.056402200000001,0.83345854,0.3108418087164561,0.0037004152933756
0.14882908833333333,20.57931434035568,0.54514519626024,8.588567666666666,1.1658118666666668,0.33090028166770935,0.0055480003356933325
0.12064116133333332,18.508058620343842,0.47529753826914134,11.945200999999999,0.9933927333333333,0.40548308690388996,0.004027287165323867
0.17076045333333334,18.005354506966146,0.4465684837728147,12.994721333333333,1.0325121700000002,0.42719775438308716,0.009378512700398701
0.30979608333333336,16.09045384162457,0.30047915360373817,34.363705333333336,0.40968319,0.6233570079008738,0.0028990109761555666
0.5700282333333333,14.564177314358671,0.31702281456926157,26.951222333333334,0.6686209966666666,0.5946110089619955,0.004101673762003567
0.65304989,13.489748779702444,0.28700315942617777,28.453295999999998,0.5479735233333334,0.6212242841720581,0.0043089389801025
0.5091671666666667,14.636522543872905,0.28857265834359236,27.001397,0.5897019633333334,0.6175206700960795,0.005464951197306267
0.38951083666666664,16.707192614548422,0.3549809934401458,19.94915333333333,0.6668234733333334,0.5683894256750742,0.0038524468739827
0.42544137666666665,14.906985000038395,0.3444217196393229,22.172751,0.6818961333333333,0.5686604181925455,0.004571835199991833
0.2689132966666667,16.586009922378654,0.3431905999433007,21.165838333333337,0.5081907666666666,0.5494381586710612,0.003626505533854133
0.33657029,15.308705884640466,0.33938002664859285,20.534734,0.5546267533333333,0.591957688331604,0.0019485950469970332
0.21926179,17.40427317817085,0.37092569078098087,20.03546533333333,0.4397977,0.5286499460538229,0.004833062489827434
0.22785014333333334,18.034430588987544,0.38909514617591084,18.051214,0.9979424666666666,0.49586014946301776,0.0025459925333658666
0.18715604,18.110453103308696,0.4199152333763554,16.985309666666666,0.48894459999999995,0.4508007963498433,0.003764947255452467
0.17892249000000002,17.878706723449103,0.3882156751319526,17.546136999999998,0.5962842566666667,0.5354042053222656,0.0032135645548502334
0.10223767,19.373407348454787,0.4192446832021843,17.72346,0.78595165,0.43403961261113483,0.0045346419016519665
0.14630962,17.147828274495463,0.3851913997198692,18.486639666666665,0.7519069066666667,0.45597757895787555,0.0027891000111897666
0.13357254999999998,16.924735693592623,0.38822604230885077,19.166124,0.3498179833333333,0.4986126820246379,0.004874149958292633
0.12145786800000001,17.02894281074546,0.3795675037932648,19.064964,0.5342241366666667,0.47041340668996173,0.0027774969736735
0.139841332,16.267570526866102,0.3725038663314279,19.259177666666666,0.48924602,0.5045962731043497,0.0020283857981363666
0.121089445,17.28777059050933,0.4037309387780055,18.106091000000003,0.9405658533333333,0.43405154347419733,0.0032420953114827
0.096232865,17.67515342031987,0.4189985340370423,19.401460333333333,0.9319624166666666,0.4454791347185771,0.0033961931864420337
0.11128790666666667,17.38242027532523,0.41050863478890337,18.656587,0.89994115,0.4228709538777669,0.0034212271372477
0.158325798,16.763688158841678,0.39185304708857677,19.243375,0.7360125566666667,0.4401511649290721,0.003562211990356433
0.1669667,16.682647626740838,0.3972982869601495,17.298123333333333,0.5614240966666667,0.457990030447642,0.004852533340454067
0.11659438999999999,18.121554645086345,0.4450002585244028,16.602414333333332,0.82778602,0.3823789159456889,0.0014965534210205
0.17117214666666666,16.474699441014707,0.4258759963224589,16.063406,0.6078137166666667,0.42257147034009296,0.0067843596140543
0.20736501999999998,16.4926880573188,0.4351335054748992,14.703795666666666,0.7691657866666667,0.38763299584388733,0.0029996236165364333
0.2681401766666667,16.019337354653885,0.41761984827515164,13.761711666666669,0.63093574,0.3982554276784261,0.0032836596171061
0.36332521,15.906096931187799,0.4321874925245144,12.672198,0.8044987333333333,0.36995559930801386,0.0034817059834797996
0.17321483666666668,19.110979570881653,0.4748871557332886,11.877564666666666,0.8257019699999999,0.3601314127445221,0.003244876861572233
0.26771905999999995,19.26722333615423,0.4925322583967237,10.418197666666666,0.9938050333333334,0.349651833375295,0.0014015038808186666
0.36789045333333337,19.383095776944717,0.47803537671090407,9.74919,1.0819105666666664,0.3407064775625865,0.005375226338704399
0.33594492000000004,20.679072168123255,0.5297465988609656,8.894832333333333,1.1945869166666665,0.3268408377965291,0.0029042561848957997
0.24147965666666668,21.558136795641783,0.5545282991254281,7.834127,0.7677993500000001,0.3702159821987152,0.0021346410115559667
0.29732370666666663,21.221738492230124,0.5500535300346924,7.629922833333334,0.9600691333333332,0.34456082185109455,0.0
0.3149664133333333,21.724656841836595,0.5950956301833998,6.757518766666667,1.2849755666666665,0.3343125780423482,0.0028090476989746003
0.21577252666666666,24.499914203561875,0.6339199339785786,6.188488433333333,1.2259646833333333,0.31439222892125446,0.0035142103830973002
0.27073213333333335,21.795778887957486,0.5871862708421346,6.395383533333333,1.2028006466666665,0.31142889459927875,0.0
0.24093197666666666,19.60367400724257,0.49591084213039033,8.692798333333334,0.8216159900000001,0.40461377302805585,0.0
0.5373653333333334,14.327011066803536,0.32970377906775394,21.442992,0.7261325866666667,0.5493777592976888,0.005485932032267199
0.31610142,19.863342472122348,0.4575409623481528,12.659800666666667,0.8782354133333333,0.4255851209163666,0.004487355550130166
0.4161081066666667,17.31520146606627,0.36799722220832437,15.584954000000002,1.0137684666666666,0.5472158888975779,0.0018930435180664
0.43247277333333334,18.68038964400799,0.43994766234464366,10.602825333333334,1.0197883333333333,0.43268277247746784,0.003993034362792933
0.2853743933333333,19.83648535242361,0.46087653925353633,10.818612333333334,0.8718559499999999,0.4035435418287913,0.0034107367197672334
0.38603488999999996,16.636431371702926,0.4046589285896985,12.887077333333332,0.7990990833333335,0.43956510225931805,0.0054807662963867005
0.12696281366666665,20.954268786502663,0.5078699224650179,11.604233666666667,0.9184620666666667,0.3804960250854492,0.0
0.16345627,19.441154820338678,0.47566548388771124,11.117067333333333,0.7117785233333334,0.3337906002998352,0.0038389364878336336
0.188872,20.88533019763046,0.5228701747886826,8.523353833333333,0.7846164999999999,0.3060910602410634,0.004817644755045533
0.20804350666666668,18.73830295585255,0.46186087796083597,10.886942666666664,0.8242781666666668,0.38011104861895245,0.004073937733968067
0.20279462,18.673049861947533,0.4635091547508569,10.945972333333332,0.9992468666666667,0.3898079792658488,0.007698297500610266
0.21606213,17.794897267074997,0.4312288060345674,11.134528000000001,0.7850191,0.4054960409800212,0.005175431569417267
0.15782574000000002,18.47002320030633,0.4525844919974909,14.5738445,1.1810297333333333,0.39459386467933655,0.0040184656778971
0.13431200666666668,17.726608229598558,0.44030292768516993,13.380221999999998,0.5608563999999999,0.4082309603691101,0.006785710652669234
0.19780722800000003,16.464817433950092,0.426182272572571,14.172557,0.7695189333333333,0.4064145088195801,0.0035474300384521333
0.1516248,15.922011369067505,0.42836138690334513,14.020913333333333,0.3945181166666667,0.4194738566875458,0.0
0.10636858366666667,17.785492279954074,0.46536024657544006,13.454495,0.6520172866666667,0.36227524280548096,0.0036253134409586336
0.16898801533333332,15.975732559998926,0.41814387423975946,14.400677333333334,0.6713249,0.4068450729052226,0.008206288019816032
0.11281634166666667,17.126234151789337,0.4115121959210127,15.246134333333336,0.75536902,0.43197057644526166,0.0026775995890299005
0.11223144133333333,17.500202637495274,0.46940835047032287,13.23092,0.6087295333333334,0.3488573332627614,0.0
0.13432119333333334,16.99157404320874,0.43610205223965653,14.729403333333332,0.8598658866666667,0.35689136385917664,0.008033831914265899
0.190005,16.74117515635461,0.459617619085096,13.002150333333333,0.92472045,0.33751707275708515,0.0013395150502522669
0.14062115,17.305755232768046,0.4595302439297217,13.639661333333331,0.6781359333333333,0.3544437487920125,0.0016233921051025332
0.2225765266666667,15.776467796038977,0.45829255230154486,12.306851,0.9056292999999999,0.3261740158001582,0.0036372343699137
0.17787125666666667,17.304823058758725,0.47335245464822534,12.236873000000001,0.79614552,0.31995559732119244,0.005188544591267867
0.19920678,17.22533001598197,0.4598717354112168,11.836306,0.6531548266666666,0.3332381248474121,0.002051830291748
0.25399588,16.984032704283823,0.4618676687524936,10.800361333333333,0.7456423466666666,0.31268496314684546,0.005123774210611967
0.21620614999999999,19.406391238258156,0.5071471328354561,10.097333666666666,0.8916559833333334,0.3123648564020793,0.0045466423034667336
0.5156859866666667,16.21154619477261,0.4286860162785929,10.317966,0.9645634166666666,0.3877745072046916,0.004166523615519167
0.35184239666666667,19.2486046004751,0.5454787358528069,7.781658166666666,1.0870462333333333,0.2741627444823583,0.0027899742126464666
0.3631342233333333,19.59392044609053,0.5388520394079119,7.082763766666666,1.2541311766666665,0.322974294424057,0.0020291805267333668
0.3920068233333333,20.291424847518382,0.5671552808297434,6.2317363666666665,1.0396682666666666,0.28975645701090486,0.0036342938741048005
0.36045345,21.153862243015503,0.5919288438643995,6.085893666666667,1.2989935,0.286834180355072,0.0039120515187581
0.22819746666666665,23.369150247054424,0.6564990776217541,5.381021933333334,1.2246230999999999,0.27455412844816846,0.0031186739603678
0.5830258266666667,20.428722841627643,0.5777083719297944,5.349611800000001,1.5301027000000003,0.2992717574040095,0.005062818527221667
0.4035895133333333,20.875535616500162,0.6213069333399538,5.523428,1.6298523999999999,0.2803126374880472,0.0
0.19340203,20.764834261296397,0.5995813229465358,6.493760833333333,1.1667162133333333,0.2996589442094167,0.005385160446166967
0.08157042666666667,18.485805831014392,0.4212830553614761,27.956089666666667,0.6727314266666666,0.4653051495552063,0.005392074584960933
0.6029380533333333,25.786358791556683,0.6419255265085378,5.594186666666666,1.8003156,0.2357378900051117,0.0032366116841633665
0.36743485000000004,24.347231613976575,0.6546492673718785,5.2570987,1.3803242666666666,0.19868045300245277,0.0014901955922444335
0.31136352666666667,22.43695738353104,0.6361990662845539,6.676386766666667,1.3783221666666667,0.22170797983805332,0.0
0.24365493666666668,22.036533688527175,0.6247621345540456,7.6916161,1.0896594333333331,0.2530165960391362,0.0015075206756591667
0.21444095333333332,21.823586540050382,0.6424039102325323,7.251772333333332,1.20462048,0.22063659131526947,0.0024762948354085
0.28772671666666666,19.84180836775883,0.6103451454911237,8.617994733333333,1.2144396766666665,0.2725214163462321,0.0031723181406656665
0.17252296333333336,20.678820040602957,0.6227735308387068,10.452498,0.98671538,0.2628449350595474,0.0031895637512206667
0.19401749999999998,22.33830476598219,0.6205235275629831,7.207787,1.1512019333333334,0.18590455253918967,0.004787047704060833
0.30541291666666665,22.29837084888557,0.6347594761024631,7.142566033333334,1.5698469666666668,0.2023924241463343,0.0072508653004964
0.23356068866666668,21.785431335724837,0.5916938819003692,6.4866859,1.0806367666666665,0.2330668717622756,0.0026837984720865667
0.243341072,21.068763412592656,0.6359334151379339,6.9842272,1.3875963333333334,0.23328665395577744,0.004638274510701467
0.20722832666666666,21.13319916608191,0.6054816126276791,8.065481033333334,1.3596815866666667,0.24237951636314392,0.0013395150502522669
0.15749701666666666,21.40394506301085,0.5937741107113266,8.252988666666667,1.1226938533333335,0.26580180227756495,0.0
0.14370729866666668,21.084461105827135,0.5429565341964667,9.302917666666668,0.89936429,0.28314727544784546,0.0021077791849772
0.13812358,19.864715330420314,0.5656777746926899,9.927414,1.0535868,0.27902146180470777,0.0024902025858560997
0.11103318333333334,20.600600246825632,0.5388632290512799,9.995176,0.7282431733333334,0.29305717349052424,0.004344542821248333
0.2505147266666667,17.85015105158158,0.5145250834404616,10.621419333333334,1.2810204333333333,0.31748966375986737,0.0
0.09781736333333334,21.083588146698652,0.5720624456755754,9.596484666666667,0.7834794666666666,0.2484342356522878,0.006637016932169534
0.17385165666666666,19.37187536114651,0.5417796294305549,10.505266,1.1283519333333334,0.30317820111910493,0.0034819444020589003
0.08105738000000001,22.23375531315663,0.5749052608414499,9.994272333333333,0.88822498,0.2710066239039103,0.0027259190877278335
0.20285492333333333,19.72064910484768,0.533951001894734,9.387049,1.0736949900000001,0.29776377479235333,0.003361701965332
0.13864359666666667,20.427118228201554,0.5503142124618002,10.090663333333334,0.9139464833333332,0.3024609833955765,0.0021504561106363666
0.21441981000000002,18.858262149285327,0.5219592694296668,9.395602,0.9535830133333333,0.2980333815018336,0.007450739542643199
0.2352365,19.590950407959912,0.548646863961634,8.399620333333333,1.2282425000000001,0.2857603132724762,0.0
0.19734230666666666,19.944203735702914,0.5374586566199717,9.160870333333333,1.0073853033333335,0.2996630072593689,0.0068013668060302665
0.18439971533333332,20.91440924093528,0.5307718656048309,8.853875733333334,0.9654366,0.3150978684425354,0.0
0.20219115666666668,20.209135897510993,0.5516688428838645,8.410028733333334,0.9889338133333334,0.303825428088506,0.0049626032511393
0.19997298666666666,20.09155570929399,0.5727789173870476,8.3148609,1.0129499,0.2710524002710978,0.0060163338979085
0.19789281,19.973735023139735,0.5643932111076956,8.958172166666666,1.0682357766666666,0.2642423113187154,0.0
0.1682764016666667,21.269181224005695,0.5964765224997631,7.964491533333334,1.0382365233333333,0.25921084483464557,0.005518674850463833
0.12575242333333334,22.773749727065933,0.6446348097286619,7.531423133333334,1.05030068,0.23489272097746527,0.0021240711212158
0.20552465,20.334380047033033,0.5780243777354973,7.911650233333333,1.1069683466666667,0.25089865426222485,0.006149450937906867
0.17798480333333333,23.076817287997887,0.6511528236806148,6.4619527,1.0757583333333334,0.21826742589473724,0.0050266583760579
0.28915731333333333,19.330865993931322,0.578653059013522,6.519766099999999,1.3404366833333334,0.2638201216856639,0.0019822915395100666
0.2644225233333333,19.26416569748497,0.5482417572554706,6.8001339,1.2164773666666666,0.26972913742065424,0.0
0.16175992866666666,19.648863534578922,0.5856471527138235,7.6444784666666665,1.0377257766666668,0.25777463118235266,0.004571835199991833
0.068942458,22.21186637682216,0.6613899853093216,7.185685799999999,0.8375789133333335,0.21557204425334928,0.004361232121785467
0.13288454000000002,19.617505607491037,0.5204717248329267,7.0899112,0.7688863733333333,0.24882920583089188,0.0027937889099121003
0.09881379466666666,20.67325484607113,0.5656384898821449,6.4835558,0.7889082666666667,0.225091482202212,0.0034511089324951
0.09988191333333334,22.759403124482038,0.6302697208081144,6.538611166666667,0.90635215,0.2577972759803136,0.0022865931193033666
0.38107428,21.780333418356435,0.5584404429203583,6.977194633333333,1.0991005666666667,0.31676403681437176,0.0015518665313720666
0.28546292533333334,15.179214522290257,0.40945994016330695,23.881601333333336,0.5145224733333333,0.38269243637720746,0.0021080176035563
0.44012475666666667,26.539884782482734,0.7016892277708283,5.994389333333333,2.1173832666666668,0.25947444140911097,0.0019648075103759666
0.467586,23.27082194341258,0.6747667225177153,5.3817428000000005,1.7746605000000002,0.22538864115873972,0.005438486735026033
0.61412751,19.971754650112857,0.5206589330547033,6.420841833333333,1.4666585,0.2962829867998758,0.0025086402893066333
0.5801269166666666,19.636216031581863,0.5494145803470555,6.453273433333333,1.555872,0.2640040814876556,0.0027561982472737337
0.45520384666666663,20.215620193258086,0.5560616957314516,7.585993900000001,1.6300113333333333,0.28187264502048487,0.0
0.4047268433333333,20.783270194046978,0.5645854376457826,7.478961666666667,1.4324505666666667,0.28071305155754084,0.0033857822418212665
0.2593972666666667,22.388623550707976,0.6089574115970158,8.397259333333333,1.2563994,0.24980406959851578,0.008091211318969666
0.8627417500000001,21.700982310989147,0.5848885697844549,6.437822700000001,2.0464145333333335,0.2650129695733388,0.0022285779317219663
0.1794205733333333,24.02662101867902,0.6443756184391564,7.4720002,1.1524987666666666,0.2569656670093536,0.004226128260294567
0.26301353333333327,22.56981126376155,0.6086994315685591,6.655335566666667,1.2547865333333335,0.2579781313737233,0.0039528210957845
0.49123720533333337,20.237180874279062,0.5353475053591151,6.8349739000000005,1.1751675666666666,0.28326406081517536,0.0016121864318847333
0.37063910333333333,19.816089322882398,0.5421135489121505,7.3650609000000005,1.3141130666666667,0.26279736558596295,0.0
0.33914533333333335,19.519456941917706,0.49916366320267097,8.798890666666667,1.0849348166666666,0.299634983142217,0.005882024765014634
0.16605400666666667,22.63980838311012,0.5815355659353404,9.099818333333333,1.0909598333333332,0.2780764698982239,0.0033406416575113666
0.22446971000000002,21.87792827384017,0.5842704909235824,8.105505666666668,1.0801553366666665,0.2902333736419678,0.0018673737843831334
0.1733697936666667,21.82323646215851,0.5580363037471652,10.118765333333334,0.9482893133333333,0.3146915733814239,0.0035153230031331334
0.11335245666666667,23.788945145432262,0.6057490934024087,9.201355666666666,0.817786,0.2642339915037155,0.0006476243336995334
0.12224821666666665,23.162989670997728,0.5898425491380208,9.257425333333332,0.7472379133333334,0.28658729791641235,0.001981973648071267
0.20886332333333332,20.58437182293209,0.5334089399532124,9.970347333333335,0.9077369633333333,0.3435864100853602,0.0063726107279459335
0.1912841533333333,22.08393307507681,0.5801384660517593,8.707394766666667,0.8333206666666667,0.27799956003824866,0.0023083686828613
0.29612127,22.43599392770476,0.6023627834210457,6.904408433333333,1.2005591466666667,0.2553537090619405,0.005476872126261333
0.6636908466666667,20.430495739867084,0.5352969890264525,7.928735433333332,1.2595040233333334,0.32195455829302466,0.0032691955566406003
0.6991994566666667,19.64491016117378,0.5187181575624438,6.948543099999999,1.2989435666666667,0.3081504553556442,0.004791021347045867
0.3884920333333333,20.819435021854233,0.5334750153043869,9.003585666666666,0.7828989000000001,0.30861244599024457,0.0017247200012206999
0.37172121,19.64629218726942,0.5068360480570887,9.073932,0.9243177133333335,0.3458791673183441,0.0014078617095946999
0.23197539666666667,20.825365383301968,0.512008963988822,9.838521166666666,0.7842526433333333,0.32250972588857013,0.0024040540059407332
0.2789566633333333,18.824370388510093,0.4748333616643397,11.16534,1.1046982466666666,0.36552455027898145,0.0027717749277750333
0.8388808133333333,15.889447549278701,0.4301799590275264,10.791955333333334,0.9051407533333334,0.3865879774093628,0.0
0.20345851999999998,20.30915674686675,0.48310937959605527,10.600786333333332,0.81100026,0.3472832341988881,0.0017678737640380666
0.32769653666666665,18.122653789070082,0.45541077705712296,11.513488666666667,0.71603745,0.32757530609766633,0.0
0.22022788666666668,18.59999599821001,0.4722862483595773,11.956402333333335,0.9064453666666666,0.3155515789985656,0.005293687184651667
0.2572323,19.344841838599226,0.49821955796029194,9.6072475,1.0238014466666667,0.3108324309190114,0.0007701714833577333
0.36086555333333337,17.01622601165149,0.4682764870362794,10.378386333333333,1.0488135333333333,0.3293546934922536,0.004023234049479134
0.45690141,17.17651042301618,0.4915713263041061,8.274818333333334,1.1775107333333334,0.3444388012091319,0.0052416324615477995
0.27348582000000005,20.136360077486497,0.5524095723099327,6.890129533333333,1.0957918,0.3082365393638611,0.0068037509918212336
0.28654368,21.05976110059981,0.5828623057300764,6.2472628666666665,1.12231888,0.33084752162297565,0.002772728602091433
0.23342073,21.019067917683063,0.5861853662965104,6.4376165,1.0758837666666665,0.35558969775835675,0.005767583847045867
0.100414328,22.987181668298955,0.6051078843815221,6.941329533333334,0.8809418166666667,0.31524978081385296,0.0047836303710937006
0.154927175,22.51580612537788,0.6044268252858087,6.5468370333333334,0.8456797766666667,0.36661580204963684,0.0026954015096028335
0.15080488,23.116308997028625,0.5073647354512839,11.569222666666667,1.127028,0.39961327115694684,0.0033384958902994335
0.14349980333333334,23.812398273736918,0.5483414332737707,10.906839333333332,0.79213443,0.3719298442204793,0.004239241282145134
0.2455459133333333,23.54097728163533,0.5845732855329611,8.772419,1.2087338833333332,0.31839729348818463,0.0017639795939127332
0.19308997333333333,23.830539352689456,0.6122218310585669,7.6035359,1.1439776666666666,0.272489458322525,0.0037183761596679328
0.33091741999999996,23.944431375992977,0.6171582553771464,5.9598276666666665,1.3553578999999998,0.26863533755143476,0.0040946801503499
0.5153830333333334,22.716565736146094,0.6007208812464376,5.307931533333334,1.5021846666666667,0.2795435786247253,0.006224791208902967
0.24336317666666665,24.147868660427164,0.6525436053726462,5.3665042666666665,1.1948535333333334,0.25511249899864197,0.0
0.5712564366666667,24.287124498948753,0.6212300865549735,5.2458019,1.2708224799999999,0.24176953732967368,0.0023353894551595
0.47372903666666666,21.75667359432411,0.5897864056070057,5.5758719999999995,1.582667,0.3402721881866455,0.0019854704538981
0.19781788666666666,24.041808123559054,0.6444234086337873,5.430159133333333,1.1688887666666665,0.2711743712425232,0.002768913904825833
0.18683955666666666,26.134589067455295,0.6852295557245324,5.327666333333334,1.1636593666666666,0.2780171185731888,0.0019591649373372332
0.22886262133333332,25.13659319668372,0.6515648157498897,5.126711766666666,1.1479160133333333,0.31462643543879193,0.007898251215616799
0.45487101,21.159612442723482,0.5731446692411337,5.750355133333334,1.5417862666666666,0.36835052569707233,0.008808056513468367
0.11667278833333335,23.838570478154008,0.5752894040054755,8.532655666666669,1.2047764333333335,0.3609656691551208,0.004105806350707966
0.18993923666666668,22.20488198345096,0.5501873053642982,8.917936666666668,1.1017361333333333,0.3440722127755483,0.0017103354136148998
0.29123149,20.405068402729125,0.4675122590409357,9.767572666666666,1.3417269,0.4464270770549774,0.004292885462443
0.17602446333333333,22.89905057724427,0.5250211797127299,9.707134166666668,1.0138587,0.3642300268014272,0.0026878515879313
0.3086404933333333,19.883980044746405,0.4972800450376462,9.665442333333333,1.1823024666666668,0.384171058734258,0.0
0.1379567,23.88970678737554,0.5594336956510982,9.125079666666666,1.1438620333333331,0.35512715578079224,0.0
0.14976910000000002,23.895271207414623,0.5843021386816502,9.044713,0.9047739633333333,0.3134857515494029,0.006021340688069633
0.16249293133333334,23.54243779662797,0.5597470008662654,9.966074333333333,1.0427571,0.35249175628026325,0.0
0.21986936999999998,23.460700106585147,0.5829813919108754,8.559495666666665,1.1878656466666666,0.3739097019036611,0.0013288656870523998
0.18384555,22.00802549680863,0.5183645434689433,10.931348999999999,1.1047874466666667,0.39461655418078107,0.003360112508138
0.18960634,22.361918649952617,0.5445308997084685,10.153598333333335,1.1059475666666667,0.3845015863577525,0.0020282268524169666
0.30282343666666667,22.392520525228377,0.5524173167006925,8.679126333333334,1.246799453333333,0.37833917140960693,0.0024467309315999333
0.5024136433333334,22.75091294701907,0.5696027657910171,7.739312666666666,1.3840028999999998,0.3743570347627004,0.0013171037038167
0.1761439966666667,23.50156012070788,0.5867826659129722,8.296554533333333,1.0570814133333333,0.32456323504447937,0.0022380352020263668
0.10509629333333333,25.23561725988687,0.6148660292045423,7.721741333333334,1.0485734466666667,0.34565449754397076,0.004007657368977833
0.40852627,20.121032599848444,0.5166106186175623,9.142492666666667,1.2019158566666668,0.35612504680951435,0.0
0.10768105166666665,23.314003165158166,0.5789373567694572,8.915019333333333,1.0533474433333334,0.30528149008750916,0.0033707618713378668
0.11397829333333333,22.75250439956889,0.5267369793791318,9.454898,0.7970684066666668,0.33783590793609614,0.0043276945749918
0.15983059,21.620531208905533,0.5494146370370724,9.103821166666668,1.0054854333333332,0.3480970462163289,0.002333323160807267
0.23791724999999997,19.03712233884747,0.4919249810466466,9.699606666666666,1.2548762199999999,0.4167685806751251,0.0015140374501546002
0.29164070999999997,20.85230798969951,0.5388147793183273,7.6618350333333325,1.3064302466666666,0.360301931699117,0.0025261243184407332
0.37232104000000005,25.273403901899247,0.6653416330293765,5.418665766666666,1.6069027666666666,0.22512061397234592,0.0042502880096435
0.32441308,24.930902626453285,0.6601193792276078,5.4340668,1.5063504466666666,0.25473290681838984,0.004787604014078767
0.5172654466666667,21.10087942816409,0.5774483252514507,5.9217387666666665,1.7675123333333334,0.240006610751152,0.0047931671142577665
0.4592116233333334,21.346918045409463,0.581536292253087,7.225474833333333,1.3875901666666668,0.2433196355899175,0.002068758010864233
0.4120146366666666,19.388632280247915,0.530399945109842,7.567339366666666,1.2876141333333333,0.28562186658382416,0.004631439844767234
0.2639042,22.102598769089756,0.6088174959111309,6.968635933333334,1.3407866666666666,0.22522311409314466,0.0024752616882323998
0.5635172733333333,18.637925921008684,0.4670516241395528,7.278763166666667,1.3707338666666669,0.2905560930569966,0.0023134549458821334
0.2531848666666667,21.107204461955842,0.6103247095250866,7.1480250666666665,1.4873799333333333,0.25245406726996106,0.0028552214304605997
0.2864475733333333,22.552222000357034,0.6082921675953513,6.340575666666666,1.28434215,0.25189892450968426,0.0
0.38125430666666665,20.321402492718793,0.571938752304236,7.8700748,1.5569403,0.29528725147247314,0.003013134002685533
0.2732720533333333,21.947702730981124,0.5837586697791688,6.717244233333333,1.19709868,0.2772360344727834,0.004769484202067033
0.2334242,20.52158976636976,0.5771880174508172,6.8743199,1.09925142,0.2742310216029485,0.004744768142700167
0.16063770133333333,21.892327838370225,0.6248983532943481,6.228923066666667,0.9658699133333334,0.27212246259053546,0.004360675811767534
0.22879683000000003,21.372498645235073,0.6127623815735254,6.262204166666667,1.0358036666666666,0.29372580846150714,0.0026230017344156665
0.32321688,19.90916979146248,0.534680770862569,6.530307166666667,0.8372531633333332,0.3243514100710551,0.0027549266815185334
0.27361233,20.908426718332038,0.5579800802596856,7.177885766666666,0.86044543,0.33829149603843683,0.0005478858947753667
0.24009351333333337,21.55291316243461,0.590958707494356,6.954340433333333,0.9209057466666666,0.28736873964468634,0.007517814636230434
0.22191005666666666,22.491368015934867,0.5950362340385507,6.9987785,0.9280751433333334,0.311245063940684,0.0020009676615397
0.37319478999999994,20.079014115751864,0.5369934425951284,7.552712199999999,0.8769969233333333,0.3295205334822337,0.0022684733072916665
0.18918485333333335,21.94378843362505,0.5794767674761659,8.352473066666667,0.8483048666666666,0.35431191325187683,0.0017037391662597333
0.13334025000000002,23.449382463901895,0.618945742328454,8.0452625,0.82250678,0.3171740770339966,0.008346716562906866
0.28326881000000004,22.260424368170316,0.605199133724602,6.932374433333333,1.2874908333333333,0.3181462933619817,0.002823909123738567
0.2703735366666667,20.998123333153806,0.5579435782227263,8.847338666666667,1.0114648466666667,0.33854055404663086,0.0029784838358561
0.21578662333333334,21.604618833935863,0.5599748367780987,8.713234333333334,1.0052521233333334,0.32363871733347566,0.0
0.46534276333333335,19.117810737945746,0.4989370379365572,9.432085333333333,1.2080828566666666,0.3541150589783986,0.0050253073374429994
0.33405366333333336,19.636939479228005,0.5180378392496573,9.610141,1.0536205866666666,0.32842084765434265,0.003741184870402
0.52218302,19.009579247814653,0.5023894704202245,9.755358333333334,1.0820842133333333,0.33221972485383344,0.0018679300944010333
0.2887993566666667,19.696765713404407,0.5276779977789863,10.328038666666666,1.0296302666666668,0.29564032951990765,0.004164616266886333
0.347907802,19.9076397344369,0.492312132466697,11.542057999999999,0.9133653133333334,0.3194170494874318,0.0020082791646321334
0.20188263166666667,20.879249506315205,0.5166760218981353,10.982031000000001,1.1327703666666666,0.317625492811203,0.0038802623748778998
0.25506402333333333,19.791172622572073,0.5000629628352579,10.823916666666667,0.9829424666666666,0.3236624002456665,0.003412087758382133
0.7177343566666666,19.363319377196273,0.49698496973602513,8.496055333333333,1.4192107766666666,0.33582890033721924,0.006189425786336233
0.2854531,19.346530935528794,0.516380699060241,9.353962666666666,1.2065445666666668,0.3295937528212865,0.003367185592651334
0.3864356,18.27837882190018,0.48016715043825703,10.329682666666665,1.3388953166666668,0.34637121359507245,0.0006685256958007666
0.19723377600000003,20.82743360027563,0.5327550069509727,9.306831,1.0670861,0.3277280529340108,0.0
0.9189577,17.46841624367441,0.4907712423424529,7.8364102666666655,1.9515136333333334,0.37263206640879315,0.0013763109842936001
0.30258177333333336,19.388119435715904,0.5343476612522791,8.429962333333334,1.2582746833333334,0.30895424882570904,0.007754882176717067
0.3261089833333333,17.95566790381225,0.5415090589167575,7.400056,1.4518077666666667,0.328500896692276,0.0035377343495686664
0.24343200333333334,22.148191977334033,0.6034094878712729,6.8944976,1.3078234333333334,0.31609732906023663,0.008639971415201767
0.21329359533333334,18.81047513419199,0.5006145043453964,9.445752666666666,1.2748927566666666,0.3490832249323527,0.0019435882568359334
0.4216949033333333,22.994814053515782,0.5935765268272104,8.848652333333334,1.7993952666666668,0.27891266345977783,0.0041909217834472335
0.32898790866666666,22.100873634970508,0.5594063145728909,8.219009,1.1404438,0.28666070103645325,0.0021969477335611665
0.2338325933333333,21.898185120014006,0.5721166247090177,8.770024,1.2758470233333334,0.305532823006312,0.004980723063151033
0.14913228,24.49616032332092,0.614177945444418,8.455054466666665,1.2780964666666665,0.3070421169201533,0.0049313704172769994
0.3724154533333333,20.943695517907937,0.5118336216232132,9.335075,1.4545531,0.34820061922073364,0.0039374033610026
0.22140893533333336,23.36406482537474,0.6019906038507017,7.941367433333333,1.2147779666666667,0.2600210011005401,0.004085063934326133
0.19781440333333333,23.44165170189939,0.578474489137037,9.0802605,1.2499510333333335,0.2987720767656962,0.0028092861175537
0.22967475,20.333280326998864,0.508581644300667,10.798679666666667,1.0006951666666666,0.3195965091387431,0.0
0.2842248566666667,19.301349456797237,0.511726789187162,11.059090666666668,0.98909898,0.3422693709532419,0.002707084019978833
0.486842555,22.34773879006721,0.5746080543997073,7.5091700999999995,1.1887614766666665,0.33281131585439044,0.0012204647064208666
0.5370426433333334,24.227353286808988,0.6116580886250813,6.305492966666667,1.6987581033333334,0.32974691192309064,0.0066266059875488
0.7841026366666667,26.02625278328648,0.6582420599010717,5.335016133333333,2.1773516766666665,0.31607490777969355,0.00326935450236
0.34759204666666665,24.710801855031324,0.649307184138967,5.880890966666667,1.8036800333333334,0.2906365046898523,0.0055310726165771
0.7360392433333334,19.593443928837207,0.5566157969842235,6.626060166666666,1.9478933666666665,0.3151760051647822,0.0
0.2744969566666666,21.65086163195926,0.5513721052719801,9.083255,1.07228057,0.3149543503920237,0.009965896606445233
0.7280025119999999,25.605566385956692,0.6435829844592456,5.790332199999999,1.9465959833333333,0.31367005904515577,0.003715753555297833
0.29226423333333335,25.32177714142681,0.640851479179644,6.7253225,1.2869743666666666,0.28089285393555957,0.0022485256195068333
0.17725405666666663,26.373564744387554,0.6556169703456599,6.902410333333333,1.2280559666666668,0.29735685388247174,0.0057847499847412
0.20729878133333335,25.900592062056564,0.6766306316824462,6.901352733333333,1.2128895366666665,0.26820223530133563,0.0023928483327229667
0.7389651566666666,23.36900313147917,0.5947337401979854,6.856048133333334,1.7262619433333333,0.3096150557200114,0.003936926523844367
0.5446267233333333,22.541153180528983,0.5920648970036682,6.7941679666666674,1.4911687200000001,0.3122751712799072,0.004731973012288366
0.31103904666666665,25.003994676988658,0.6358237597607143,6.498392866666666,1.17642199,0.31759604811668396,0.0
0.3947185066666667,20.85161267412091,0.5498122562666227,7.888418999999999,1.3918582666666666,0.3391239543755849,0.0
0.15698037333333334,22.61528905126607,0.5018735420571393,10.282857666666667,1.1114281000000001,0.3796837131182353,0.005476713180541967
0.17651955666666666,25.25501381758758,0.6052552199006244,7.2565609,1.3234753533333334,0.36438482999801636,0.0021214485168456667
0.41415559666666674,20.336720153183517,0.5008725828011644,8.614696,1.4039773333333334,0.3891661663850148,0.0038899580637613666
0.16492053333333334,26.1037448137298,0.6568983625848951,5.914300166666667,1.0405587566666668,0.340925653775533,0.006386597951253199
0.13418882000000001,26.74705185936499,0.6669143852312014,6.215805899999999,1.08685895,0.3229160010814666,0.0017215410868326668
0.5038017833333334,21.283643738028182,0.5601679251463078,7.105695900000001,1.6947579333333334,0.3705512583255768,0.0055755774180094335
0.22868035,23.27907059434449,0.6045553511581506,7.048248133333334,1.1742080766666667,0.30119257171948743,0.0027185281117757
0.08475867666666666,18.026910608747663,0.42119461325246627,31.404462666666664,0.6047576466666666,0.4971741537253062,0.006712436676025366
0.17416233,21.33154688976393,0.46226664681469815,14.105920666666668,1.1726162333333334,0.5128113826115926,0.0018321673075358
0.23853693666666667,23.53712199684448,0.5585128035070654,8.374607833333334,1.2232101,0.2935401995976766,0.0024503866831461336
0.26162679333333333,23.41412448979966,0.6255934680773916,6.793371133333333,1.3324802900000001,0.26742489139238995,0.0006148815155029
0.3488176,21.598615799456734,0.5696576855335661,7.544317100000001,1.2628804333333334,0.24543112516403198,0.004067818323771133
0.57436834,20.9637348580434,0.5555720822201355,6.214119866666667,1.2447833333333334,0.22848172982533768,0.002019723256429033
0.12204812666666666,23.62132066521868,0.6281831293797987,9.431321,0.9546094366666665,0.2679763038953145,0.0014791488647460666
0.28208539666666665,19.975274185358163,0.5623141766616198,9.173075333333335,0.90740112,0.32223135232925415,0.0012888908386230332
0.49610796166666665,18.20627284808478,0.5062661711330023,8.796257333333333,1.273198,0.28128260870774585,0.006125688552856366
0.23277511999999997,21.266881822197412,0.5816174710477826,6.704710933333334,1.15510751,0.22494575877984366,0.0026896794637044
0.16254374333333332,21.108292857343297,0.6324629308606374,5.9061724333333325,0.6530947500000001,0.25338893632094056,0.004004875818888333
0.11958223333333333,21.844808691479972,0.6552912236149061,5.4607695000000005,0.82117246,0.21333312988281247,0.007944583892822201
0.17384630899999998,20.64004497038233,0.5709806591301213,5.7453259,0.8171095999999999,0.23939105868339539,0.007801691691080699
0.11063471133333332,22.9826924763879,0.6702092633890465,5.872665333333333,0.6864239366666668,0.2212072213490804,0.005034208297729433
0.13875973666666666,22.931726027069534,0.643518482979931,5.937284866666666,0.8961206333333332,0.23484160502751664,0.0034681955973307004
0.14892608,22.490388556125,0.6106779771013696,6.365714233333333,0.90272761,0.2430889705816904,0.0034160614013671667
0.18150797466666668,22.606200699678954,0.631301761447793,6.064899666666666,0.9667936899999999,0.22826273242632542,0.0047536691029866
0.14589208666666667,23.173165125429886,0.6304180850356925,6.894900633333333,0.9327166666666667,0.2616434593995412,0.0
0.15967285,22.908481122450286,0.617265673891601,7.291960666666667,1.0946389666666667,0.2850049336751302,0.005447308222452767
0.17709720166666665,22.542743351115103,0.6263246907791767,7.100509433333333,1.11515638,0.2583482712507248,0.0
0.28243415,20.886490539670604,0.5960502287124188,7.411794533333333,0.91754032,0.26846428712209064,0.005723079045613567
0.16263805666666667,23.582942272809955,0.6351817396189804,7.477840533333333,0.9094755,0.2773062984148661,0.0005092620849609333
0.47800230833333335,19.9815030701502,0.5500901026903156,8.244527666666666,1.2912000333333333,0.3240352272987366,0.0043214162190755
0.24149219,22.27195952690417,0.5892164392050127,8.712328833333332,0.9370767999999999,0.2740367203950882,0.005737145741780533
0.8050440533333333,20.813191586770284,0.5505519825422779,7.291763866666667,1.4935776833333332,0.2799912442763646,0.0025184154510498
0.49003247666666666,20.681353134129395,0.5444388803558202,7.038413033333334,1.211412,0.2766595135132472,0.0038975874582926335
0.2543006013333333,21.52553057497126,0.5881409909766585,8.078378333333333,1.2761015333333334,0.250263437628746,0.007404883702596
0.26048432833333335,21.790101253782154,0.6061258351469325,7.276119333333334,1.2034535833333333,0.26653002202510834,0.004871209462483699
0.2745481783333333,20.843330295591684,0.5465166797653193,8.4328798,1.1029044666666667,0.2964231272538503,0.0033435821533203
0.2454039213333333,20.614024931233377,0.5477731233551503,8.398595,1.0677632333333333,0.28465772668520606,0.003673791885375933
0.2403601333333333,19.862372877717174,0.5256542988122284,8.524913,1.1367538666666668,0.294692466656367,0.004050970077514634
0.13846497333333332,20.20789019167435,0.5510051953786238,9.308407666666666,0.8722022333333334,0.26884878675142915,0.0033877690633137996
0.24294930333333334,17.788167570530984,0.5115058860618903,9.307099666666666,1.1846583666666668,0.3017636736234029,0.0
0.18772727,18.225008794614457,0.5056068904463612,9.900683833333332,1.0655823533333335,0.32974310715993244,0.0022857189178466667
0.07986736933333333,19.20053149920197,0.49663262756443566,11.929306166666668,0.52440557,0.32722969849904376,0.0027920405069986665
0.07332212,19.961620772843244,0.5304979500684268,10.900317999999999,0.7712309999999999,0.3202530046304067,0.0027103424072265334
0.08941496166666667,19.612903574424948,0.5124976759916564,10.067390666666666,0.7938964033333332,0.3248588840166728,0.0015523433685302667
0.14994840433333334,19.42230106592385,0.5334264163472143,9.128783,1.0435847,0.3546772797902425,0.0034780502319335673
0.08223433166666666,20.12671497131617,0.5422837397354772,8.644506666666667,0.7891337333333334,0.3191477805376053,0.0047464370727539
0.13565456333333334,19.048589674800095,0.5812492481746044,7.495092333333333,0.93550251,0.31523943940798443,0.0039983590443929
0.10680582833333334,20.750585999834197,0.6075085410503788,6.786479233333334,0.7326343999999999,0.3021325866381327,0.0011099974314371667
0.09462962999999998,20.82546293653266,0.6066364445923552,6.565148066666666,0.7963933166666667,0.26585549612840015,0.0050985018412272
0.18256465333333335,16.3416943850533,0.4251536864328302,26.451476,0.6896846,0.4795879026254018,0.004403750101725233
0.5446106533333334,27.24252037012759,0.7287514783336833,3.7946158000000003,1.8647719333333335,0.14902319014072415,0.004323323567708333
1.3941941,21.439660916385737,0.49381214575347365,4.1340246333333335,2.012715733333333,0.22935114800930015,0.005517800649007133
0.34900100000000006,24.332496281769455,0.6310005811081889,4.4158740666666665,1.5175615999999998,0.15736867239077884,0.0
0.6901068,20.316365941219885,0.49913495526799717,5.4179919,1.4666680866666668,0.1863867789506912,0.0031499067942301335
0.7419359999999999,17.251229627385403,0.39959591676984624,6.929347266666667,1.2363458666666667,0.29211125274499256,0.0022509098052978333
0.23976044866666668,20.382276070993928,0.5329451595061073,7.2417511333333335,0.9954544100000001,0.1979375431934992,0.006100257237752233
0.35907653999999994,18.735864383615798,0.4604179572201121,7.345192666666667,1.1632704333333335,0.2111164058248202,0.003231207529703767
0.36092199666666663,19.95249134337377,0.5362070935905149,7.075117866666666,1.3422003566666667,0.20207868516445157,0.0047809282938639
0.4060910766666666,19.23200440069091,0.44586489409040575,6.5844741,1.2551587,0.1902723262707392,0.0024489561716715333
0.22550969666666665,20.77815717076156,0.4996080054661422,6.862275333333334,1.0370598233333332,0.20067836344242093,0.0020117759704589666
0.19171478,21.213303316086595,0.5088628189375255,7.043776,0.8363194433333333,0.21205426255861917,0.005985577901204399
0.2608764,18.622318452856774,0.43474439949203564,8.077648766666668,1.0254599133333333,0.2594709992408752,0.0026716391245523666
0.15131352333333334,20.32271868461495,0.5342072990101173,8.250902333333332,0.9341803333333333,0.23884887496630347,0.0020479361216227
0.19892476,18.561180856666628,0.5079646566050691,8.334040333333334,1.0770177,0.2541332642237345,0.0029609203338622665
0.17938886333333334,17.946104650991902,0.5008620255835013,9.594298,0.9445082033333333,0.29833649098873133,0.0018801689147949
0.13803553799999999,18.391905324026904,0.5294715733723271,9.553395666666667,0.7884757066666667,0.27396466334660846,0.0025654633839925
0.16093960866666668,19.193889884744088,0.482821627755454,8.131833499999999,0.5954362999999999,0.3019072512785594,0.0019340515136718665
0.18246136333333332,16.311685531421876,0.4503315184055629,10.892571000000002,0.92156362,0.33820679783821106,0.0010968844095865667
0.154849085,18.398255933272363,0.5044518239863004,9.188972999999999,1.1817953,0.24620473881562546,0.005705833435058534
0.18402819333333334,17.605381874118635,0.49288985790599854,9.3095299,1.2376026666666666,0.257039874792099,0.005711158116658468
0.13985022333333333,17.876191296299968,0.4860595664252311,9.714151666666668,0.6130381433333333,0.2733540832996368,0.005354245503743467
0.15210057000000002,18.34350113448592,0.4783988128372367,9.721959333333333,0.8157805699999999,0.2980899761120478,0.0048430760701497
0.2671537233333333,16.20676309878247,0.4182421984703117,10.860291333333334,1.0107104333333332,0.3311598797639211,0.002650499343872067
0.22262837333333332,17.501626348424615,0.4676584503295209,9.817336333333332,0.9106430866666667,0.27666563789049786,0.0006686846415201666
0.21954979333333333,17.721921111201738,0.47922948064538606,10.096297999999999,1.0519408233333334,0.2676434616247812,0.0024285316467285
0.2552299333333334,16.537005816887305,0.46414782260054754,10.315959,0.9338081333333333,0.31303858757019043,0.0028048356374104667
0.24658415666666667,16.47767443804958,0.4245747609239004,11.176139999999998,0.6869481199999999,0.33726749817530305,0.0055713653564452665
0.15999768,18.46426625994422,0.4791219287584844,9.979152333333333,0.8040749333333332,0.29216533899307245,0.0009249051411946333
0.23878641333333336,17.337669769028366,0.46112909362354043,10.135437,0.8391358333333333,0.30967503786087036,0.004771312077840133
0.2711276866666667,16.965810236224517,0.46436719485409467,8.881065333333334,0.7421784133333333,0.3017625908056895,0.0033567746480305666
0.12622981666666666,21.260060232295352,0.5778600752742861,7.803741866666667,0.9842402533333333,0.23275903860727942,0.0041521390279134
0.36806139,17.11319232206407,0.45239174302506013,8.2143029,0.6950862533333333,0.2875679085652033,0.0046180884043374995
0.19375788133333335,19.782509045053928,0.5228604412517376,8.386848833333334,0.7815917099999999,0.26843782265981037,0.0040179093678792
0.20269156666666666,19.201221426255426,0.5105997036282496,8.061483666666666,0.85631455,0.23124649127324423,0.0022522608439127334
0.1781750733333333,19.6910771377785,0.5217790523986895,8.588143666666667,0.8195949166666666,0.2609162330627441,0.0049496491750081
0.17500913333333334,19.29706147362376,0.525897908197157,8.567453500000001,0.6194000333333333,0.2478842784961064,0.005869468053181934
0.1908033286666667,18.501081443941896,0.4920496674811757,9.721816,0.58060851,0.2826770593722661,0.0012087821960449
0.19098463666666665,19.60975599162211,0.5092469908400812,8.214336433333333,0.7275618866666665,0.2561041712760925,0.0011203289031982333
0.49098899333333335,22.913125544481336,0.6189891812061664,5.601508666666667,0.9341651666666667,0.2236575980981191,0.0019200642903645666
0.47750224,21.358933570311724,0.59893840857323,5.895183,1.7256413000000002,0.23652885357538855,0.0
0.49847642333333325,21.64367506672723,0.6496925828835324,4.993578833333333,1.945619566666667,0.20382435619831085,0.0028672218322753663
0.31884972333333333,23.612093558199067,0.6959902809646549,4.914386566666667,1.6008816333333333,0.174228012561798,0.004604180653889934
0.5014767400000001,21.594406000195608,0.6098627511502411,6.492891666666666,1.4967962333333336,0.24371779461701706,0.0011571248372395668
0.2610280346666667,22.87095043324621,0.659611981655205,7.2684906666666675,1.4925739333333334,0.2174684057633082,0.0
0.2748801766666667,22.590699855824685,0.6335651033728293,7.717573466666667,1.4572882333333332,0.23928590615590414,0.0027390321095784333
0.2886253366666667,22.287438038610745,0.633257767003997,7.595264,1.4581279166666665,0.25419778128465015,0.004637082417805967
0.4065486166666667,20.37762225135437,0.5813835813145953,6.291396566666666,1.4824293333333334,0.2423630406459172,0.003549496332804333
0.2635221366666667,19.84793811423278,0.5629624443447678,6.911878366666667,1.06897805,0.261264647046725,0.003789742787679
0.41247109666666665,17.271930019095425,0.49608886694863435,7.055235066666666,0.9672179766666668,0.32565457622210187,0.0021223227183024
0.37857932000000005,17.635944488455053,0.48760334814461403,6.783022866666666,1.0411259,0.2919471859931945,0.0059451262156168345
0.4828833833333333,17.183635813674794,0.4888807872937746,7.009125999999999,0.9891442,0.32277432084083557,0.005280733108520434
0.14759774666666667,22.378264932870707,0.6371328808311856,6.374169366666667,0.9766034466666667,0.2653137445449829,0.007795731226603167
0.43837722333333334,18.976978785685436,0.5292855632278607,6.927598466666667,0.84279746,0.28182626763979596,0.0021641254425048668
0.5151094233333334,17.582761900347464,0.47609091497394823,6.9627672333333335,0.9103835566666666,0.2992890377839406,0.0021065870920817
0.32994692666666664,20.28023160689955,0.5527707783006429,6.3066646,1.0649199333333332,0.276611308256785,0.0026263395945230997
0.67084461,18.6784141854024,0.5148688174060247,7.141525099999999,1.3229132,0.343345582485199,0.0
0.3744305233333334,21.110032496427156,0.5959569789180114,6.362775966666667,1.2973455333333332,0.2763105432192485,0.0013421376546223667
0.4085406866666667,19.87641052677197,0.5480537718575719,7.4697423,1.2167209133333332,0.282122681538264,0.0023250579833984336
0.8356259233333333,22.501929711931044,0.5904359343855936,5.4951579,1.661493916666667,0.3200027644634246,0.0
0.9251690733333332,23.94239273694483,0.6247470140399717,4.8599950666666665,1.8830359433333335,0.2900213748216629,0.0012354056040445667
0.6367655166666667,20.91711994556967,0.5623892891978118,6.5784586,1.654901633333333,0.2937844196955363,0.004885117212931267
0.7487756266666667,18.8685850792778,0.5224023285749967,7.552473666666667,1.8623116333333334,0.3085552553335826,0.003389120101928667
1.2994565866666667,20.56855966009928,0.5335724041379116,6.308536,1.8516395666666667,0.3034801681836446,0.002786556879679333
0.7084360233333333,19.974510349732,0.5406080957022802,7.234022366666667,1.3245368166666667,0.29429487884044647,0.0017011165618896335
0.29111983999999996,20.86923833244559,0.577225025013206,8.0707588,1.0656063333333334,0.31111050645510346,0.007917324701944934
0.3308857566666667,21.134725950214452,0.5711806244034384,7.532828866666667,1.0640264133333335,0.2798916796843211,0.004028240839640267
0.31343846533333336,21.257266375047045,0.5683009038628107,7.620839666666668,0.9812060333333333,0.3243565360705058,0.0040926138559977
0.3247026533333333,21.275051257194836,0.5484440344775804,7.663619,1.0412193833333332,0.3095930218696594,0.004986127217610633
0.19644016666666667,22.56147025392917,0.6189766784209249,6.410896966666667,0.9707387000000001,0.2962402005990346,0.0010167757670084333
0.6523610833333333,20.012742225014822,0.561037946333268,6.566644533333334,1.3382184100000003,0.3114105661710103,0.0027964909871419
0.09247256999999999,23.25580369593149,0.5825945860986032,8.0570877,0.8069532333333335,0.30049725870291394,0.004553874333699501
0.2258376666666667,20.36116575450224,0.582512505338998,6.9787751,1.0141925966666667,0.2757092813650767,0.003542423248290967
0.1577108633333333,22.315743934093664,0.6104313197770425,6.8115409,0.7903153633333333,0.27284260590871173,0.0060460567474365
0.21240475666666667,19.935763095572856,0.5638717575244293,7.735508200000001,0.9955686333333333,0.29214817285537714,0.0
0.2419014466666667,19.2075950075683,0.5495573619544006,7.688255633333334,1.0059764433333334,0.32616854707399995,0.0015233357747395666
0.16411506,21.13428338331511,0.6150741520137124,6.424703566666667,0.7378207266666666,0.24915996193885803,0.0026712417602538997
0.29193108,20.813237097224036,0.5836271681802973,6.851816333333333,1.1622486866666666,0.2663218975067138,0.0023848215738932
0.5242583933333334,17.30148542075733,0.4760088492693677,7.160313066666666,1.1299333133333331,0.2938057283560435,0.0013740062713622665
0.10062072333333334,23.108537067936734,0.6091550117158034,6.995921,0.9989557000000001,0.24997042616208387,0.0029129187266031665
0.6347869983333333,20.201486002377823,0.5489372412378372,6.413349166666667,1.45838859,0.2989936570326487,0.0027153491973876663
0.10075228666666665,21.938891938970414,0.5604311082595476,7.695917866666666,0.8435416233333332,0.27477699518203735,0.002496639887491833
0.24369856166666662,21.27290259041262,0.5853635024640295,6.944260266666667,1.1566520033333334,0.29553457101186115,0.0044430891672769665
0.30187061,21.680533898575835,0.5982215506420782,5.735642466666666,1.5062706666666665,0.2504350244998932,0.006556987762451166
0.19652654000000003,25.823298160579895,0.5566464104001155,9.270921,1.17426908,0.3507723609606425,0.0
0.6451590566666666,22.11803813859052,0.5468064387446581,5.073144266666667,1.6355412999999999,0.15588913361231482,0.004052559534708633
0.38898690333333336,19.573366983752496,0.4803679709049826,6.366258466666667,1.3692217666666668,0.18106977641582486,0.0040327707926432
0.5181740433333334,18.188588183244974,0.32241297516265705,6.055047433333333,1.2965604666666666,0.2397993703683217,0.0034858385721842334
0.26782494,21.347156885409518,0.4944284027379136,5.530646333333333,1.503057433333333,0.19516848772764206,0.0020074844360351333
0.5423398566666667,16.830537639777315,0.3787088452501932,6.634536033333333,1.29366712,0.2285070518652598,0.005531628926595034
0.30803250666666665,17.465273730403375,0.36608611239451494,8.0237468,0.9557630333333335,0.2824419240156809,0.005626519521077434
0.17277109999999998,18.26030814849326,0.4737976088500974,9.380116666666666,0.7245609666666667,0.25547855099042255,0.006549676259358666
0.23314190666666668,16.488971280792523,0.42566372071723574,9.987075666666668,0.9577117333333334,0.27251699566841125,0.0013615290323893
0.24083829999999998,17.358116441489443,0.4725635266259503,9.489063,1.10740061,0.28368875384330744,0.009167750676472934
0.21300432333333333,18.6911469353664,0.47953987873417664,8.0388788,1.0552112100000002,0.26121026277542114,0.0
0.5001532333333333,15.2083815338946,0.3953863866005629,8.379073766666666,1.0951859333333334,0.3058469494183858,0.003479798634847
0.28526432333333335,18.622193310857202,0.5036284187667822,6.967583333333334,1.1691380333333334,0.30571969350179035,0.004112402598063134
0.6584345566666666,17.10539322844811,0.4691270560885938,7.569715833333333,1.6034880999999999,0.3083220620950063,0.0009231567382812334
0.41409051,17.065467575531788,0.4871621873467034,7.458784233333333,1.291086,0.32042111953099567,0.0008752346038818333
0.4090732633333334,16.366882515019938,0.4552259446618883,8.622405333333333,0.9697007133333333,0.38278646270434064,0.0033769607543945
0.34137661999999996,16.315113108040965,0.4858236983324333,8.353516666666666,0.9653645833333333,0.32128366331259406,0.002037366231282533
0.23934367,16.891095500906232,0.47419764796203506,9.32191,0.9911833466666667,0.3658088942368825,0.0016359488169352
0.2988459666666667,15.438122421545422,0.4521322293953647,9.676827666666666,0.7771591333333333,0.36673643191655475,0.0027609666188557667
0.13910552,17.665971044357544,0.4535856463366145,11.556122,0.7808620466666666,0.3881441553433736,0.0
0.11166397666666666,19.165552980614464,0.4873657128332887,11.337178166666666,0.6386498,0.4153718650341034,0.0
0.11437076166666667,18.821582498812518,0.42595489593970676,12.328610666666668,0.6520985633333333,0.44018714626630145,0.0013359387715657332
0.2391125066666667,16.66635291570817,0.45280384599307727,10.249094333333334,0.8075704499999999,0.4005879759788513,0.0
0.23243892000000002,17.483092237833592,0.456598040990199,10.689669,0.6160490433333333,0.3895866572856903,0.0052062670389811
0.2637992433333333,17.489127063726567,0.4720643587154312,10.914734666666666,0.7571847866666667,0.35958509643872577,0.0009051958719889001
0.3437100966666667,16.52181564104401,0.4538852184130003,9.814062999999999,0.8280179866666666,0.3561696608861287,0.0021137396494547334
0.3284629666666667,16.981773629537074,0.49247612649820693,8.753971,0.9600198533333334,0.33836492399374646,0.003400484720865867
0.3832973386666667,19.51084543066592,0.5231754209350742,8.056376233333333,0.82269471,0.3598068654537201,0.0016604264577229667
0.41139265333333336,17.574701601276157,0.5025489017985357,8.018458866666668,1.0897147333333335,0.346225768327713,0.0021802584330240667
0.3369539766666667,18.452740496031925,0.5073943436911357,8.000797333333333,1.1592991,0.3738196790218353,0.0
0.6150000666666667,16.744000379220363,0.45954868425052303,7.968038133333333,1.1743978666666666,0.38369592030843097,0.0
0.51503694,16.40542545778435,0.46114478635184986,8.571354833333332,0.98532396,0.3867024978001912,0.002545038859049467
0.3098531133333334,18.473301378419936,0.5119552159380246,7.911257666666667,1.0819667866666667,0.3301989634831746,0.0027540524800618335
0.24049237666666667,17.771633734294618,0.5043919151819286,9.094340666666668,0.6925869366666667,0.3302087783813476,0.0035015741984049335
0.18986221666666667,18.872412789173026,0.5527103951478246,9.264293,0.8354043433333332,0.3026654422283172,0.004131793975830033
0.13224876,21.486018380692517,0.5947856773009064,7.676273466666667,1.0679258333333332,0.29465652505556744,0.0042134920756022
0.31328705333333334,16.97060229855058,0.501563656561785,8.500113566666666,0.8470730366666667,0.31392963727315265,0.0
0.22667025666666665,19.137233613538935,0.5759773157928371,7.339388,1.2690786833333334,0.2893188347419103,0.0012811819712320667
0.4645590783333333,14.056218646077392,0.3548027812642478,32.26728266666667,0.38896814,0.5640217065811157,0.0
0.39995474666666664,26.121317394517984,0.7139947354823025,4.671771333333333,1.5789056,0.17464091380437216,0.0063477357228596655
0.2773092866666667,24.097340410262564,0.6927699033468101,4.9646124333333335,1.4439785333333333,0.14547376086314515,0.0023368199666341
0.5942202666666666,20.63551413609002,0.5267291520492149,5.1270698,1.5348996,0.21055698643128073,0.0048991044362385995
0.5280625433333334,20.208957740173766,0.5043519363753318,5.560116033333333,1.1517693199999999,0.13956672946612034,0.002419710159301733
0.27406663333333336,20.072370589153568,0.5678807051910771,7.059744899999999,1.2847704999999998,0.2233173797527949,0.0068898200988769
0.41734319999999997,16.541595978453405,0.4024343006123654,8.4922564,0.8555261600000001,0.23198661208152768,0.0050273736317952
0.24271810666666668,19.11344393869715,0.5277936551055281,8.691944033333334,1.0205085200000001,0.2170100311438242,0.005472421646118134
0.1782421133333333,19.519573221776653,0.5329705946466293,8.786177333333333,0.86741794,0.20022207498550415,0.004831949869791633
0.17228400333333335,19.489595049395962,0.5637541413585789,8.891513000000002,0.8839949033333334,0.2258057743310928,0.0027007261912027664
0.15188215666666666,18.86635814485599,0.5106876363475837,9.035236666666668,0.93897012,0.24033915996551514,0.0028225580851236665
0.10598722966666667,20.237037505999833,0.5371327590687364,9.400782,0.7722557666666666,0.2533037265141805,0.0036288102467854333
0.10893878333333334,20.62963191010366,0.5406785261136743,8.969275666666666,0.8725464,0.2574759423732757,0.0016963481903076
0.21414647,17.60701094044631,0.4492760040646635,9.502183666666665,1.0582961666666666,0.33141987522443134,0.0008747577667236
0.13336116533333334,18.81438049895351,0.5300721327619445,9.680116666666667,1.0818074966666666,0.2636485646168391,0.0041263103485107
0.19079034666666664,16.903466353722067,0.45759747506280357,11.155921333333334,0.9768679099999998,0.344892015059789,0.0022269090016682667
0.20316459333333334,17.02105023895738,0.42797439401675064,10.326909333333333,0.7766617666666668,0.35847505927085876,0.0017921924591064334
0.09897893266666664,20.128087316333158,0.5338416855953004,9.606226000000001,0.6927739666666666,0.2918580075105031,0.003970464070638
0.2192232066666667,16.65551997709036,0.48927951679268933,9.830714666666667,1.1250191333333335,0.2936755567789078,0.007057428359985333
0.18731032666666667,17.536959826094314,0.48966375726545747,9.877343333333334,0.79789313,0.3376871844132741,0.003393332163492833
0.20424945333333333,17.557363859665283,0.5092643895095175,9.031037333333332,0.9837949466666668,0.2988768517971038,0.003191073735555
0.4996906833333333,14.37510379758269,0.4540742966668341,9.419421999999999,1.0675961999999999,0.35060248772303265,0.0032902558644612337
0.28926838,16.444829116307734,0.4711378273490967,9.519042833333332,0.9218665666666667,0.3418426016966502,0.0
0.17720311133333333,18.42302249342479,0.4904725922140283,11.100485999999998,0.7458968866666668,0.33402127027511597,0.0005853176116943333
0.1472539783333333,17.779374103583304,0.4599339573827024,11.790615333333333,0.5865942199999999,0.36746351917584735,0.003355582555135067
0.24149406333333334,15.888709835725981,0.45002647522542144,11.135629666666667,0.7380277999999999,0.3574284315109253,0.0016753673553466667
0.18996220333333336,16.573403855190218,0.44251684770755184,11.096559333333332,0.5390889466666667,0.365628848473231,0.0031797091166178002
0.16501149,17.32254640283732,0.4614918562092318,10.813333333333333,0.5342656533333333,0.35917686422665906,0.0015485286712645999
0.14910885333333332,17.969194255483345,0.480014989485469,10.919687833333334,0.6359940066666666,0.36709246039390564,0.0034086704254150334
0.18533064333333335,17.952432560713305,0.47918838075894055,10.250493333333333,0.6723530333333333,0.3579284946123759,0.0033079783121744335
0.14532167,19.18177254150441,0.5166951197372367,9.771560333333333,0.7537793,0.32141150037447613,0.0033963521321614333
0.19998416666666666,18.629105476152386,0.49807976607614535,9.198517333333333,0.6132566433333334,0.33652546008427936,0.0
0.34707240666666667,17.4945191465828,0.4950931216891952,8.273427866666667,1.0411068566666666,0.30033746361732483,0.0063659350077311
0.23655325666666668,18.9660742667167,0.5547059862701483,8.152514666666667,1.0409625666666666,0.2582110464572906,0.0009304682413736667
0.40689025333333334,17.224130308412157,0.49200404389187447,8.5478075,1.0933245533333333,0.27899133662382763,0.004533529281616167
0.31504987333333334,18.100235075332478,0.5365822252906393,8.650494233333333,1.0248792433333334,0.26792943477630615,0.0039855639139811
0.24702843666666666,17.968843245680898,0.5368165263371335,8.690484,0.9931652666666667,0.2663546651601791,0.005468448003133133
0.16935865666666663,19.20579489424094,0.5614420754837048,8.892121000000001,0.9367184133333334,0.2795688559611638,0.0034345785776773996
0.3779620733333333,16.71014390846681,0.4745338958856595,8.3692222,0.9373203766666668,0.29418011506398517,0.0061757564544677665
0.17501343333333333,19.984729567523278,0.5542986445173024,6.893600566666667,0.8790888666666667,0.28373642762502027,0.0033953984578450336
0.28128617,17.66242804095042,0.4768899529791888,8.004618666666667,0.8981070166666667,0.2950722674528758,0.0033870538075764667
0.38854998,16.626083302327945,0.437015494691966,7.084189899999999,1.05546011,0.2900660385688146,0.0028692086537678665
0.22980426133333332,18.991472486430144,0.43327055653174024,7.322851833333334,0.8708430866666667,0.29014235734939575,0.0022485256195068333
0.20599092666666666,18.23889039560955,0.41970920960604935,6.513462999999999,0.6895720399999999,0.2797908137241999,0.0026419162750244
0.16675411166666665,16.868524433328023,0.4093539264770118,28.444144000000005,0.47753020333333335,0.4025665620962779,0.0012946923573811666
0.13047220666666667,23.207437016240956,0.5146769848446914,12.4144425,0.9514856333333332,0.3729023536046346,0.0043400923411051
0.22624253800000002,21.7696425321585,0.48495815074459564,11.288055499999999,0.7206227799999999,0.4202401240666707,0.0019154548645019334
0.48209562666666667,19.7545450137241,0.5100551649526007,9.094107,1.1950006833333333,0.2922172298034032,0.007859706878662066
0.46989589000000004,20.324028086008344,0.5000037238118076,9.792046333333333,1.2853694333333332,0.39190858602523804,0.0018904209136962667
0.8058168933333333,20.509645890222036,0.5087338615889246,7.863141066666667,1.0643401333333333,0.27616681158542633,0.0009495417277017999
0.16202515666666667,24.0007111971404,0.6120382514346385,8.1480501,1.1574399,0.2996011277039845,0.0025335152943928665
0.22193107999999998,23.155780965347546,0.6114967055375355,7.7929759333333335,1.1672982333333335,0.2971933186054229,0.0
0.15177042999999998,24.497936227823022,0.6554072664997905,7.144658766666667,1.1724736900000001,0.26089472075303394,0.0
0.4398647983333333,22.386021206838667,0.5949334264115571,6.466849933333333,1.2104947000000001,0.2457049538691838,0.0043675899505615
0.3084632,22.15651802113958,0.5921302843572479,6.732774466666666,1.3325177666666665,0.30463911096254986,0.0
0.21062887,22.07919661956178,0.5885091355971062,7.0950703666666675,0.979788,0.2619922955830892,0.006591081619262667
0.17781785166666667,23.57142251256776,0.6185340288436864,7.544962333333333,0.9921800566666668,0.26248352726300556,0.004093408584594667
0.42908131,21.860200388670687,0.606384116294572,5.497373733333333,1.364303933333333,0.22822469472885124,0.007285197575887001
0.29055073666666664,22.15343363016343,0.6007234198694251,6.721210233333333,1.2062956333333332,0.24058762192726135,0.0009707609812418333
0.59266816,19.42508838511646,0.5332185248888025,6.966160900000001,1.4340830999999998,0.260223130385081,0.0019350051879882667
0.15478630866666665,24.08826573977534,0.6065756421131109,8.129556766666667,0.8932249666666667,0.2626639207204183,0.005203008651733366
0.35936915666666663,19.54780398447146,0.5109534688943704,9.058977333333333,1.0873204166666666,0.29715827604134876,0.0025815963745117
0.17922811666666663,21.958319755368233,0.5699579369027319,9.291051333333334,1.0066237333333332,0.2719112336635589,0.008070945739746033
0.31865503666666667,21.871960655233085,0.5732575024878351,7.9757352,1.1881409333333333,0.2607576648394267,0.003178596496582
0.2595408533333334,19.50941185895024,0.5366146890326061,9.692860666666666,1.1940765,0.2589679062366485,0.0033360322316487337
0.6410475766666667,17.079313233457327,0.4669097361549239,10.504802,1.1466204666666666,0.33113582928975416,0.0014801025390624664
0.30948877666666663,20.305064945334326,0.5356738107787798,9.047405,1.08977932,0.27196628352006275,0.0
0.39336394999999996,18.18520149265625,0.5060408740014076,9.145474666666667,1.3773536000000002,0.29227957129478455,0.0017585754394531
0.5307952116666667,19.9955276215191,0.540342664454233,7.944239166666667,1.5438994033333333,0.289521187543869,0.003290255864461233
0.24487756533333335,20.85428916508469,0.5675000769360001,8.145285,1.0574085666666668,0.292046179374059,0.0026307106018066333
0.3797048166666667,17.629619870101884,0.4974908116697314,8.936335333333332,1.3886032000000001,0.3531513810157776,0.004882415135701467
0.16643664,18.94464114958511,0.49436583843226106,10.163785833333334,0.9354184466666666,0.3514440854390462,0.007885773976643834
0.12756631666666665,21.126550145912898,0.5644560390038919,7.968884833333334,0.9060312,0.29763474067052204,0.0
0.3158395033333334,20.580695964076238,0.577835688110553,6.699180899999999,1.2510593766666667,0.3216113199790318,0.0006270408630370999
0.22028872333333335,19.93692747257512,0.5626843465377406,7.359335466666667,1.1920486533333332,0.2744038701057434,0.0046745141347249
0.21022798100000004,22.137148812706897,0.5904338006336463,6.3309843,1.0929531533333332,0.296990896264712,0.0
0.22757596666666666,20.85677549739424,0.5677902967996296,6.3827271,1.1496992666666668,0.26751955350240064,0.001544713973999
0.20087205666666666,22.503744280449734,0.5983270555200028,5.710396866666667,1.2444454999999999,0.22631658116976416,0.0016948382059732668
0.19246813333333335,22.134770139971703,0.6000117568067612,6.019242466666667,1.2371229333333333,0.2680061111847559,0.0
0.18692055333333332,20.784057554914053,0.5983394470774172,6.590804666666666,1.1976969000000002,0.2638963609933853,0.002314964930216467
0.1561108333333333,21.92026496720315,0.6261405632351624,7.459879099999999,0.9783361666666667,0.26243436833222705,0.0
0.10446269466666668,21.739220831377207,0.6076179185948917,8.677334366666665,0.8827526233333334,0.3195426364739736,0.0014204978942871
0.3119417566666666,19.601323423226066,0.5712102633622096,6.999233433333333,1.36072854,0.28953277071317035,0.004147370656331333
0.32977384866666665,20.437948792677364,0.5819153968731412,6.8665574000000005,1.6170633,0.2943747689326604,0.004862626393636033
0.19012657199999997,20.655761208688656,0.583060235088951,8.302413466666668,1.1444226666666666,0.33834895491600037,0.0028528372446695667
0.27607449666666667,20.161013861793084,0.5607605075550105,7.341909066666666,1.3193195,0.29169020056724543,0.007631858189900666
0.10530580333333334,22.22584173230217,0.6041460738620615,8.432869666666667,0.7843823566666668,0.2960105935732524,0.0023685296376546
0.16881333666666665,20.619503647252287,0.550480695673757,8.393153066666668,0.9877471333333334,0.2935924082994461,0.0050084590911865
0.17160134999999999,19.966608892579767,0.5328130256866662,9.162001000000002,0.9814818666666666,0.2971156636873881,0.003494342168172167
0.12989782166666666,22.650214213284443,0.600705716998733,8.0278713,1.0054483,0.27298401792844135,0.0
0.22523337,20.120207467004004,0.5527746748763578,8.643482833333334,1.13847,0.3028282622496287,0.0037248929341633665
0.20359547,20.245868095535403,0.5710317909678416,8.762542133333334,1.0413858566666667,0.3139920731385549,0.0029996236165364333
0.14913149,21.787323792573975,0.5749953320689528,8.650165166666667,0.8088500000000001,0.31093968947728473,0.0
0.13959656333333334,21.42399923945963,0.5725220925043404,8.933325666666667,0.8659304900000001,0.2881283760070801,0.0009450912475585668
0.18571083533333335,22.198911938653087,0.568220430624344,8.516343666666666,0.8964437666666667,0.311815212170283,0.0
0.9746774533333334,20.015661383135413,0.5395098173163699,6.344026333333333,1.5176157166666666,0.34451466798782343,0.008569796880086201
0.9230410500000001,20.23516409879714,0.5742064309880575,5.6333773,1.7125279866666665,0.3348134011030197,0.008017460505167601
0.44186583333333335,21.151515339136385,0.5570734909254966,7.0112724,0.8566037666666667,0.34121748805046076,0.0033823649088541665
0.7712284333333331,20.860375226959594,0.575373691663504,5.2565635,1.5283125233333335,0.33361973365147907,0.0034890969594319333
1.0105042,21.470214503221,0.5673655223139024,5.327063866666666,1.66862812,0.3406726171573003,0.0
0.72371615,19.425961047007654,0.5386427863542084,6.327244433333333,1.4695046133333332,0.34926971793174744,0.0
0.33153803666666665,21.109269444887364,0.572312540229929,6.898957066666667,0.9572621833333335,0.30633738636970514,0.004288355509440066
0.89145518,16.77764542228823,0.4809776679858593,7.1004564,1.3554054333333332,0.35102738440036774,0.002865552902221667
0.46241989,19.17188393045221,0.5500065019208075,7.121195666666666,1.5400187533333334,0.32174328962961835,0.003349463144938133
0.6323279866666667,18.557423786556964,0.49009573160506736,7.564241233333334,1.28214795,0.3830951253573099,0.0015681584676106666
0.34868214333333336,20.65215267263118,0.5335113889484376,7.368742166666666,1.0722512,0.3669663667678833,0.004990498224894167
0.3837569,20.37331772151027,0.5537383577613865,7.249155233333333,1.0386199,0.3576887349287669,0.008825778961181599
0.5169649433333333,20.307509023959238,0.5753275195221664,5.645918533333333,1.5837232533333332,0.3672813872496287,0.0
0.3611486416666667,23.910975458379482,0.6647391627493636,4.717950299999999,1.5730488333333332,0.3413980007171631,0.0035636425018310334
0.9066374999999999,18.558887831614857,0.567552568119209,5.519226233333334,1.3132613666666666,0.3263200620810191,0.0
0.26997402,21.54128892529489,0.6360874546847141,5.417191833333334,0.9661905766666669,0.31586915254592896,0.0035876433054605997
0.36855963999999997,20.868616900413503,0.6364067099337617,5.0130650333333335,1.2189213333333333,0.31980418662230176,0.005860010782877567
0.9353768200000001,19.96059277679208,0.5749920646572998,4.901736333333333,1.4819577533333332,0.3648729821046193,0.0020515918731689336
0.12942637999999998,17.36439669495336,0.3966231973759112,27.746112333333333,0.7503830166666666,0.6246156692504883,0.0033467610677083335
0.5528107233333334,23.024211493813485,0.5609002908295316,3.8590322333333336,1.1993443666666666,0.17821431656678519,0.006157875061035133
0.48818602666666666,18.697121508880652,0.3034020314733922,4.7467899,0.9890726333333335,0.2281421472628911,0.0
0.10601201133333334,23.840049474701658,0.6332062365833265,5.153478333333333,0.9527810666666667,0.15640593071778608,0.0021332899729410667
0.13594131333333334,21.63446355427811,0.5684053718990972,5.737096533333333,0.8641114833333333,0.14759223659833273,0.0024321873982747332
0.09795936533333334,21.155318944280836,0.5636006193603363,7.2691609333333345,0.76542835,0.17708641290664673,0.002137025197347
0.11818553700000001,19.970499601499558,0.5730263000835238,8.186025233333334,0.7781504199999999,0.2408550182978312,0.0020118554433186334
0.11749669,19.733138455403253,0.5703011381311082,8.940151,1.0744162666666668,0.2500933160384496,0.0037204424540201665
0.13776801666666666,18.930347859289995,0.5275918238421239,8.525087999999998,1.0167806333333334,0.23407918711503342,0.0006686846415201666
0.24625923333333333,17.554562007619552,0.4755544028016643,8.511651666666667,1.06004599,0.3080386867125829,0.0
0.15819866833333335,18.198471902041653,0.5177811217900933,8.454868166666666,0.9648128266666666,0.2794794837633768,0.0005073547363281
0.13000584166666668,19.18288408117936,0.5281536145749467,8.341301333333334,0.8480235,0.31246839960416156,0.005978743235270134
0.17889650333333332,20.04981761943935,0.5933301840362654,6.526556899999999,1.1973577,0.25527811050415034,0.004511117935180634
0.18902803,19.521261107276985,0.5512208548725918,6.766377599999999,0.9578483666666666,0.3542777399222056,0.0005336602528889666
0.1719595966666667,20.80847053997271,0.5666652537986626,6.176352999999999,0.9518986766666666,0.3763090968132019,0.0033639272054035996
0.19854008,21.102355999315026,0.5657748466372076,5.990210866666668,0.79603345,0.4058925112088521,0.0
0.15162557000000002,21.191279829160496,0.5581681135066016,6.745548966666667,0.7179434666666668,0.4001333713531494,0.0006113847096761
0.17232079333333336,20.160494184528762,0.5707828065365413,6.5977068,0.9621776666666667,0.3841359317302704,0.0019038518269856666
0.11766237666666668,21.720379318072276,0.5654973091380558,6.7428535,0.7166786566666667,0.40471595525741577,0.004258076349894166
0.09885976200000002,21.696839192694355,0.5642555953016958,7.698213666666667,0.5491878833333333,0.4282741943995158,0.0020685990651448335
0.11321959333333335,20.3733215723218,0.5242830080271466,8.484517666666667,0.6411121766666666,0.43015607198079425,0.0027104218800862337
0.13384366,18.821579436597062,0.46334180439016204,8.971901833333334,0.5476411200000001,0.3990039626757304,0.004583915074666333
0.12092702333333334,19.18219289423354,0.5103029132794794,9.440302666666666,0.5770385466666667,0.4015768567721049,0.002608776092529267
0.108779032,19.41923668013313,0.505648113219505,9.012725999999999,0.66248932,0.3769668738047282,0.0
0.3474241,16.705916522050504,0.49475761123883477,7.3532606666666664,0.86851111,0.3681565225124359,0.001572052637736
0.21952853000000003,18.624133185385286,0.53257659187057,7.724967133333333,1.0699162666666666,0.3544919788837433,0.0021649201711018665
0.3578148666666667,17.39229419021124,0.5298323993908626,6.714857100000001,1.2726041,0.3500407139460246,0.008452097574869734
0.30794799,19.05735945034826,0.571429632368165,6.105478166666667,1.2093841666666665,0.3476334909598033,0.0013332366943359334
0.2386502566666667,20.84498039172576,0.6078152652778624,5.34941,1.1533551133333333,0.3352823356787364,0.007202943166096967
0.48221678500000004,19.12116182637565,0.5627446952335696,5.4527513,0.9470798,0.3506613274415334,0.0033589204152424997
0.21180767,19.71135473705134,0.593319625048264,5.894513333333333,1.0533884866666667,0.35315603017807007,0.0041992664337158
0.29277406,18.409761542222906,0.5281030397528851,6.2359808333333335,0.9078641,0.360272745291392,0.0032458305358886337
0.17648482666666668,20.83440182926388,0.5845084470484768,6.151799033333333,0.8300745833333334,0.3319211453199386,0.0009043216705322
0.07655253866666667,21.762034827465992,0.5982164999509069,6.968646533333334,0.7717422800000001,0.3181711236635844,0.0024279753367105667
0.42376123833333335,23.15135558580212,0.7371595064638649,6.496054466666667,1.4520866000000001,0.16329094767570493,0.0022147496541341
0.36531699999999995,22.117913811683437,0.7098941459700293,6.033229033333334,1.3791014,0.16581130027770993,0.006317774454752533
0.27715744000000003,23.647817908514856,0.6938213040180639,5.347512666666667,1.4586107866666669,0.13876390457153312,0.0020400683085123666
0.6109522900000001,18.750555424220376,0.4822663413207786,6.314442799999999,1.4292474333333332,0.2527577479680379,0.003274679183959933
0.36280370666666667,18.75258221847739,0.5166415929056504,8.359770666666664,1.0564497666666666,0.22170254588127128,0.002156734466552733
0.4033592833333333,18.346544740195313,0.4795694866303164,8.606210533333332,1.1598823999999999,0.24517806867758432,0.0
0.42080704333333335,18.64913656579994,0.46707822695013607,7.6106023333333335,0.9211709333333333,0.25112052261829376,0.0035535494486490667
0.24490767333333333,20.84239697220899,0.4967004353558724,6.826212600000001,0.8499277433333333,0.23859988152980804,0.003523429234822567
0.4095790533333334,20.26495541878099,0.4919959354052803,6.033125433333333,1.3842296,0.22093779345353437,0.0032990773518879663
0.26891222,21.82828060656647,0.5442862226593436,5.6055398,1.3785958333333335,0.21900098025798795,0.0014095306396484334
0.21727272333333333,22.20172488797493,0.5302878082379668,5.6083202000000005,1.101378,0.22406170268853506,0.0030806064605712665
0.45192609999999994,20.730920648117145,0.5299906005441863,5.2556219,1.6966674666666668,0.22140157222747794,0.0027633508046468
0.3907365933333333,20.337728427808823,0.48528774453246976,5.6390398,1.2857144333333335,0.3183076282342275,0.0024154980977376
0.3734850666666667,20.917805761615238,0.4733915112717046,5.614414833333332,1.0055353933333333,0.31757322947184247,0.0033893585205078
0.2640887533333333,20.66613040237266,0.4937862972327707,5.899303466666667,1.04064001,0.2968351344267527,0.0
0.3556963233333333,19.107309810022404,0.4699815947176927,6.432409799999999,1.20351622,0.3360072473684947,0.0006076494852701666
0.30200610333333333,18.76627207634587,0.4608468258722594,7.394277633333334,0.8870468499999999,0.35145894686381024,0.0023864110310872332
0.20296837666666667,19.960680749507045,0.5042300160134362,7.440762533333333,1.0016576766666667,0.30798037846883136,0.006389697392781499
0.30398685999999997,18.789078501243043,0.508656807581847,7.165354000000001,1.0999583466666667,0.291423295934995,0.0019833246866861665
0.2790382833333333,18.91011830754582,0.5021858646785321,7.795680933333332,1.0686795000000002,0.3143969674905141,0.005950133005777967
0.32328843,17.619795133404043,0.4879811654338119,8.704436333333334,1.1817649333333333,0.31843137741088867,0.0025466283162434667
0.38813655666666674,16.950511682788214,0.45752812624104866,8.985132666666667,1.1090065933333333,0.3299853603045146,0.0043056805928548
0.33559053,18.51182942144968,0.493117534834376,8.026539833333333,1.1318851833333334,0.3102913598219554,0.0038915475209554003
0.43698556666666666,17.817559775173105,0.48677035358130194,7.1715067333333335,1.05755928,0.31206877529621124,0.004183053970336866
0.2704510066666667,18.75552596881732,0.4857889677555005,7.559800766666666,0.7314927666666667,0.3060470422108968,0.008254051208496066
0.42871254000000003,18.027189700081397,0.47435393833479855,7.352696333333333,0.7992711333333333,0.3128962467114131,0.007528543472289967
0.27258523333333334,19.636158484283374,0.5122884146322809,7.106694566666666,0.8645865233333333,0.30871565639972687,0.0
0.23930677999999997,20.534615996276212,0.5525057125624908,6.825625666666667,0.99603232,0.26361537476380664,0.0
0.4962423433333332,18.636266392443222,0.5052387035640692,6.332390166666666,1.2015405866666669,0.25036973754564923,0.0025945504506428665
0.29822869333333335,21.210762438396475,0.5812918192357318,5.6940710333333335,1.2279746133333334,0.2302512228488922,0.0017757415771484334
0.31981477333333336,20.81656791478868,0.5561646461596786,6.235920433333334,1.11598762,0.24472178518772117,0.0034527778625488004
0.3505303566666667,20.650719096330402,0.5637140594328606,5.932520333333333,1.2606248999999998,0.2477524826924006,0.0045098463694254335
0.31069909,21.772285945678743,0.5910605981004134,5.828031200000001,1.1984195566666667,0.2542187323172887,0.0046992301940917665
0.27805099666666666,21.787008012617488,0.5899800956447327,5.459439666666666,1.1538573666666667,0.2586560646692911,0.0051649411519368
0.26066184000000003,22.06461244907568,0.5883963914956092,5.390813633333333,1.3228750666666667,0.24028269946575156,0.005015293757120734
0.17921295533333334,26.52406450742562,0.742745430199502,3.8036433333333335,1.2675943333333333,0.13555416216452912,0.0
0.1800293433333333,23.751853651792903,0.6874482234569225,4.481642333333333,1.3008616333333334,0.1851101567347844,0.0056033134460449
0.15288457833333333,22.56865143791617,0.6389480972064996,5.9769051,0.9459207233333333,0.20711189011732736,0.0017026265462239335
0.11553933833333334,22.43411661585668,0.6444843906216056,6.842649333333333,1.0860494,0.1830159227053324,0.0042918523152669
0.08328019066666667,22.607261943682584,0.642832784287564,7.528052,0.7203476466666666,0.1947851479053497,0.0025781790415445667
0.07766433,22.32984668847773,0.6606018671625122,9.148313,0.8022908333333333,0.21690176427364347,0.004406372706095334
0.11378938533333334,21.037067023411456,0.6236329943999475,8.754254166666668,0.8995298033333334,0.24235813319683075,0.0049780209859212
0.16925844666666667,19.98316073421368,0.5631749477925964,7.8394091,0.7216923833333334,0.21003574629624686,0.0007105668385823334
0.10768205333333332,20.826759188325706,0.5999736332328025,7.4341802,0.66377208,0.21373931566874182,0.0027041435241698998
0.11348055,20.89766864486447,0.608562087552661,7.288226633333333,1.0038676133333333,0.20777073502540588,0.004830916722615534
0.12026276666666667,20.49733022142357,0.5785008094135528,7.693050899999999,1.0639166999999998,0.2306213627258936,0.004775683085123667
0.14665419999999998,20.122740150876908,0.5493431993570204,7.554981766666667,1.09206829,0.23305020729700718,0.004530111948649033
0.15095398000000002,20.008901536619266,0.5348602424876233,8.181725566666666,0.9818033666666666,0.26129989822705585,0.0
0.12691222,20.25615905629823,0.5537089764386839,8.460104,0.8989014000000001,0.27652279535929364,0.006730000178019166
0.13608399666666668,19.88544872419685,0.5366584488690279,8.614553333333333,0.9880181666666666,0.28479270140329993,0.0021864573160807
0.1484885566666667,18.925872946041082,0.5321642911403959,9.263373999999999,0.9565919466666667,0.29550750553607935,0.0072596867879231
0.085561255,20.61807110226899,0.5637301943650855,9.795062999999999,0.8888853133333333,0.2717039088408152,0.0014572143554687333
0.13739144666666667,18.855886167742515,0.5246942284285301,10.474973833333333,0.7927187866666667,0.2997187077999115,0.0020495255788167
0.09370917833333332,19.270085648614444,0.5009132520094011,12.075908333333333,0.71938957,0.3505555788675944,0.0026035308837890334
0.15289483,17.61886160371806,0.4814287448176799,13.393246666666665,0.8797649433333333,0.3542557656764984,0.00058380762736
0.11043491166666668,18.501019549369516,0.5066900435927048,11.867406666666668,0.6736601200000001,0.3017462839682897,0.0030742486317952
0.11885026,18.039278227182376,0.5215031727519285,12.179566,0.9253616,0.3035062899192174,0.0086449782053629
0.08328522866666667,19.497644958537,0.5323112029684941,12.112774333333334,0.6637003033333333,0.32259683807690936,0.0031234423319498332
0.10449192666666667,19.64936732094289,0.5335459353242197,10.406962333333333,0.8218718666666667,0.32871323823928833,0.0021322568257649667
0.14740884333333334,17.695026428933073,0.5114584110935251,11.068378000000001,0.8161082133333334,0.34834765394528705,0.004866917928059867
0.16618367333333334,17.32583437064039,0.512698256398623,11.091565333333333,0.67956988,0.3055079181989034,0.0019845167795817
0.13961777266666667,19.14295948288827,0.5491961551117116,9.850481,0.7412336133333334,0.2690127392609914,0.0016357898712158001
0.08294789533333334,20.807923040596666,0.5802063728855795,9.301992,0.77651561,0.24146130184332523,0.0013358592987060332
0.13680664333333334,19.517573471593867,0.5512411340717446,8.690591,0.7902039566666667,0.26300091048081714,0.0026753743489583335
0.10733587,19.678510325101318,0.5654691434310456,9.038024333333334,0.85398688,0.3051346143086751,0.0
0.13520181333333334,19.18422142961193,0.5650082020281341,8.755717333333331,0.8535318766666666,0.28093441327412916,0.002823829650878867
0.16558065866666666,17.91933489817387,0.5527392881204073,8.718065666666666,0.9409038466666666,0.26884591579437256,0.003948767979939733
0.14155990333333335,18.088159605668906,0.5207281083385367,8.800153666666667,0.7758398666666667,0.26610742509365076,0.0006759961446126
0.16358783,17.88222989596179,0.5030604802495323,8.604889333333333,0.8004210166666667,0.28235435982545215,0.0033599535624186
0.12953768,18.961548133318377,0.535003657219589,7.646929,0.87744365,0.259590024749438,0.002263545989990233
0.11238556799999999,19.43596231207304,0.5925483648015336,7.229641733333334,0.8107239866666668,0.26425384481747943,0.005306879679361933
0.08599247,20.255968555291016,0.5555908781085207,6.828595933333333,0.6996506566666666,0.24575383464495337,0.0
0.10500881566666669,18.49704754001416,0.5295280759602173,7.2405420000000005,0.60055436,0.24257412552833554,0.0027005672454833668
0.7531114799999999,24.408166919082934,0.6166855013017506,5.0364195333333335,1.5502153666666665,0.2578876664241155,0.004040797551472967
0.24669617666666666,26.056070729281277,0.6673226679527199,3.629345366666667,1.4086855666666667,0.11092727879683173,0.0
0.649714,20.347198263275573,0.41070877663684685,4.2136167,1.3228683666666667,0.2083759854237238,0.0007054805755615
0.20428069999999998,23.407249243687847,0.6221255169249398,4.9503988,1.12589965,0.19173265000184378,0.0010298887888590333
0.20589153000000002,21.439492844104375,0.6069739710255623,5.9790567999999995,1.2181626333333335,0.2186823238929112,0.0052134990692138325
0.29314714000000003,19.277125234276426,0.5184027358734101,7.053401933333333,1.0839749333333333,0.21997597316900888,0.0019468466440836333
0.19988079,19.54939405959667,0.4531658143301609,8.192357,0.7865917133333333,0.23412156105041504,0.0047306219736734665
0.22763180666666663,18.304877053382484,0.5027966836706758,8.325748333333332,0.7429541366666667,0.3048500219980875,0.0016565322875976335
0.14652798666666667,19.752593080615686,0.5410861341888604,7.354280333333333,1.05699552,0.23745919267336527,0.0025699933369954
0.20421488333333335,17.941659272058036,0.5081993873842158,7.898919666666667,1.0442323,0.3264356056849162,0.003770192464192667
0.15172773333333334,19.1637868835446,0.4914560611995164,8.144813666666666,0.77444802,0.28974345326423645,0.0
0.15990877333333334,18.80825297073639,0.5149164228591263,8.235592833333333,0.9778592133333334,0.2722212771574655,0.0
0.21268105,17.833953066451954,0.4790696914526893,8.203510333333334,0.9703052333333333,0.3069884777069092,0.0026840368906656336
0.19459066000000003,18.134380971034222,0.49316928322877684,8.577515666666669,1.1181988666666667,0.3065427045027415,0.0020997524261474336
0.17531802666666665,18.53115927381839,0.4756225783017813,8.665665166666669,0.8556253133333334,0.31725504000981647,0.005956490834553967
0.31034241,16.994796065299862,0.47023158131474885,8.926660166666666,1.1304264333333334,0.35983966787656146,0.0
0.17409022333333332,18.74449777023796,0.5074410626053795,8.678009000000001,0.8820671,0.338238666454951,0.001977523167928033
0.17110545666666668,19.143381530575226,0.5314320978802346,8.185237133333333,0.9959039000000001,0.32650792598724365,0.007373253504435167
0.20288045333333335,18.883111497849512,0.513594601419525,8.113575166666667,0.80053315,0.35891259709994,0.0084327061971028
0.15780393,19.27144732019968,0.5094245617757732,8.398833766666666,0.9091536066666667,0.3870649635791778,0.0012607574462890332
0.11376818233333334,20.516919134596563,0.5617035037151789,8.443445333333333,0.7316496566666667,0.3499066233634949,0.0015516281127929668
0.17270926133333334,17.917173253903172,0.49189833926870935,9.342534666666667,0.6755374833333333,0.3721040387948354,0.0052402019500732006
0.14008085666666667,18.344710648194106,0.509825701891384,9.334775333333333,0.6163640499999999,0.33654138445854187,0.0045665899912516
0.1435739566666667,17.60148919742777,0.4871694434977433,10.351584666666668,0.6940287466666666,0.3734688063462575,0.0043814182281494
0.15456642,17.48870167860119,0.472846664307161,10.108057500000001,0.55650726,0.40714560945828754,0.0017868677775065
0.13691532466666667,18.360207551034623,0.5200263368845599,9.684471333333333,0.8876913700000001,0.349467138449351,0.0
0.21774700333333333,16.176171393478228,0.4356034022048676,10.128623333333334,0.5177149666666666,0.41030826171239215,0.0053733189900715995
0.22222054000000002,16.902471616687,0.48060749109023576,9.055863666666667,0.5007640333333333,0.36570481459299725,0.006607055664062466
0.17797348666666668,18.334088690074733,0.49160157308066244,9.068620833333334,0.5881116966666666,0.3920143445332845,0.0060014724731445
0.16157311700000002,19.682198285713692,0.5243204790365493,8.482065333333333,0.8847328033333333,0.3643984893957773,0.0
0.27414666,17.70822612735961,0.48066441125930387,8.259000833333333,0.7397874999999999,0.38345595200856525,0.0013386408487955665
0.38708004,16.04102593208703,0.4490951662954597,8.213431533333333,0.5051540533333333,0.3583887318770091,0.0029370784759521333
0.20585623,19.106316824013266,0.5564029654985506,7.6691441000000005,1.0349476,0.3051845630009969,0.0031168460845947
0.347410665,17.87428356861841,0.5006652732673503,7.766316033333333,0.7425743333333333,0.3219789912303288,0.0019467671712239335
0.19371855000000002,19.26704517770877,0.5603290863359621,7.570673666666667,1.0022799233333333,0.3117399911085764,0.0031333764394124003
0.29203606,16.560268415223316,0.5020778964855998,8.177148566666666,0.9421813466666666,0.31538289785385126,0.004618565241495734
0.23667744333333332,16.725578108666813,0.4985264831857584,8.118971866666667,0.7615723133333333,0.3317383527755737,0.0018472671508788666
0.40102369666666665,14.361426440825213,0.3473931960389102,32.502822,0.3786222166666667,0.5152212679386139,0.0045994122823079
0.29494035133333335,22.345421586471172,0.5052249499067613,11.248878,1.4261520666666667,0.3975696663061778,0.006052017211914
0.6853652,21.527980663268618,0.5737425801204039,5.5012272,1.2461557666666667,0.21603724360466,0.0028568108876546
0.16207684666666666,22.766759853341227,0.6356350212032984,6.539433933333332,1.0657645,0.2713861316442489,0.004391908645629866
0.22109579000000001,22.361104714302982,0.6209221051963687,5.803761466666667,1.2538629166666666,0.2350137780110041,0.0
0.14539728333333332,23.752120299864274,0.6866648817134896,6.1717162666666665,1.2506739333333332,0.19699608782927194,0.009180148442586232
0.3433323666666666,20.31409027184806,0.5650363852760006,6.787411433333333,1.1865274000000001,0.23247933387756345,0.004608392715454067
0.29599028833333335,22.24216394854497,0.6532239503152122,6.845954266666666,1.581917266666667,0.23954762518405912,0.004754145940144834
0.31452479333333333,21.096020124527257,0.6130510078416773,6.917098666666667,1.6203304333333335,0.25803593794504803,0.006102005640665667
0.4022389800000001,21.538524742475506,0.6096584081964487,5.855681966666666,1.6970028666666668,0.21436387797196702,0.005128542582193967
0.16855095666666667,25.175592982785304,0.6909908316798753,5.9106467333333335,1.1153097166666668,0.21633147199948624,0.003435373306274367
0.2665701233333333,23.864642384529585,0.6590952913277603,5.738719433333333,1.2422726333333334,0.23784313599268594,0.0014711221059163333
0.27954229,21.338475471297084,0.6179024421073559,6.098223233333333,1.0799749333333333,0.19648233056068412,0.004692395528157534
0.22523163333333338,21.158635200072766,0.5916917048577344,7.2564272333333335,1.1547790000000002,0.2435028403997421,0.0022212664286295333
0.26597409333333333,21.35561149073662,0.6026943922826147,7.8547759,1.3903517799999998,0.24893375237782797,0.005407969156901
0.5970274666666667,21.018745448338237,0.556894857503325,6.9471856999999995,1.6396313500000002,0.29636074602603907,0.006670395533243767
0.2634295066666667,23.504663895007642,0.6390384827329881,6.268931966666667,1.1355587,0.25612445175647736,0.004814942677815733
0.286337,22.528381049143473,0.6036606459496422,6.127597499999999,1.1864207,0.270357052485148,0.005463361740112233
0.3103427266666667,21.77407183322011,0.6029597334206461,6.6772408,1.1888606766666665,0.25822289784749347,0.0025187333424886
0.3061328066666667,21.46460132483823,0.6210083872626465,6.607148,1.13753041,0.2565981944402059,0.004108985265096
0.1463435333333333,24.54313967087121,0.652576545861333,6.605605566666667,0.9130851999999999,0.2430585821469625,0.0027950604756672996
0.2716449966666667,22.04704986747846,0.5937349837554531,6.952173900000001,0.8314477199999999,0.24956016739209494,0.0033452510833739996
0.25282458333333335,21.627924548430908,0.5919947228023542,7.887761,1.0179416666666665,0.278416911760966,0.0033685366312662334
0.4908019833333333,20.29966858994543,0.5447336433880577,8.172082,1.25034941,0.2616702914237976,0.0011616547902425
0.36331911333333333,20.732159201811594,0.5778348285353053,7.844910466666668,1.1736721233333334,0.2407892892758051,0.0024144649505615
0.30292689666666667,22.36686918445091,0.5846359210769659,8.077536466666666,1.0658507666666666,0.2579320619503657,0.0031289259592692
0.3722535166666667,20.843424151883394,0.5712016569068118,7.504448866666667,1.1156017333333335,0.24800736208756766,0.0016532739003499335
0.6388809033333334,18.40219807257319,0.48257652751099817,8.486995,1.1090482533333332,0.29938791195551556,0.0021183490753173668
0.29714959,19.838561917917048,0.5446815959550939,9.363900666666668,1.0577294666666666,0.2732765525579452,0.0
0.31932963000000003,20.174265050957242,0.5351311794353042,8.916322333333333,1.0927579633333333,0.2868534078200658,0.0030585924784341995
0.32909136,18.621475784356925,0.5135142724495855,9.769084166666666,1.1453451000000001,0.29137663046518963,0.0035174687703450336
0.38989549666666673,18.879106246082717,0.5223865610026818,9.204438666666666,1.1434828333333333,0.2902649939060211,0.0
0.38843703333333335,20.843367667903074,0.5806441777996456,7.383904000000001,1.3792796433333334,0.2814222127199173,0.0019051233927408666
0.32999638000000003,17.039346527121136,0.48991135206036773,9.758639333333333,1.2825677333333332,0.3514193097750345,0.0033867359161376663
0.15001106666666666,18.980508908788778,0.5106948522731019,9.880702333333334,0.8896631099999999,0.30260248978932697,0.004105806350707967
0.14152192666666666,20.032957810703316,0.521766357896995,8.969004,1.0077424666666668,0.30010783672332764,0.0038009484608968
0.09449034666666667,21.283750432950086,0.5596175979938016,8.145923666666667,0.9373296833333332,0.28794266780217487,0.0051322778065999
0.13700320333333335,19.153708998896875,0.5373214404974247,9.060007166666667,1.0260924833333334,0.3179432948430379,0.0013386408487955665
0.2304170866666667,19.26884091998655,0.560150541043999,6.8213361,1.2116767333333334,0.32520829141139984,0.002073208491007467
0.09955145666666666,21.737603313065843,0.6055056712052792,6.737502033333333,0.9180197666666666,0.2695875217517217,0.007564067840576133
0.14989677999999998,21.82005284907399,0.6076494556470227,5.746440333333333,1.0681607333333334,0.2969433963298797,0.0018575191497802667
0.24107436333333335,20.863801100374122,0.5797307165080038,5.706075333333334,1.1889895499999998,0.2850010295708974,0.0052229563395182
0.3176475266666667,20.060918411561875,0.5703840594572374,5.036506866666667,1.5026446,0.2765692273775736,0.0016148090362548665
0.21128127333333335,19.04447916770169,0.5797085384344939,5.897554433333333,1.1743898799999999,0.26049229005972535,0.005935907363891567
0.21523366,18.893090952998172,0.5915101059938854,5.893033366666667,1.2390802533333334,0.23276980221271512,0.006782849629720034
0.129119417,21.584316722604218,0.5848862043339987,6.1732054666666665,0.8544830666666666,0.22840324044227597,0.0034743150075276664
0.17934664133333333,19.360273447186533,0.551450077566794,6.5648051333333335,0.9036356033333334,0.24445367356141404,0.0020862420399983665
0.27337265,20.01090259314773,0.54165586144742,5.7031181,1.2651977,0.21683450539906815,0.0021305084228515334
0.3950445,14.658679703148826,0.40283800140196613,22.817525333333332,0.8611349866666668,0.457049419482549,0.000676155090332
0.99745141,17.45800202664323,0.4123806950184236,12.844008666666667,0.8956647000000001,0.5330414672692617,0.005921363830566367
0.38195054000000006,21.89862813241328,0.5092279709188602,10.042997999999999,1.2069403333333335,0.3713855544726054,0.0027173360188802002
0.19433407333333333,20.77739662241052,0.4996512455844087,11.550037000000001,1.0187208866666666,0.36942721406618756,0.0025111039479573335
0.47350021200000003,18.790687504022976,0.4395242222192766,13.829339333333332,0.8529320033333333,0.458222617705663,0.001362403233846
0.178605247,21.905171233664035,0.5258593506847041,11.624658166666668,1.2611098,0.3934996426105499,0.001698096593221
0.5869823100000001,17.94539506426308,0.46374471577461157,9.549267,1.4401594666666668,0.3643923997879028,0.0050576527913411004
0.30313705333333335,22.09924640927576,0.5719683667668044,7.045209100000001,1.2372055133333333,0.32685804367065424,0.0026899178822834997
0.19503825,22.973731263985375,0.6083191716644788,6.979928233333332,0.9297234766666665,0.27356875936190284,0.0035278002421061
0.59807029,17.48946369181626,0.508525973593675,7.295127100000001,1.9120029333333335,0.3077016671498616,0.004784663518269833
0.24667136333333337,21.702586194134426,0.5581761135084423,8.2897202,1.264009,0.3234750032424927,0.0047951539357503
0.19468476999999998,22.26897804143378,0.5578365401737987,9.4868165,1.1802225333333334,0.3240080277125041,0.0033438205718994
0.3224237413333333,23.14003965337655,0.5895875805581213,7.299268666666666,1.2066221333333333,0.29936721424261725,0.0016752084096272669
0.48363498,23.431756096633865,0.5962032323029871,6.914338533333333,1.6014022566666666,0.29788048565387726,0.002954562505086233
0.35496079666666663,22.71754805615846,0.584108188944889,6.793397266666666,1.1605334666666665,0.27541764080524445,0.0021615823109944333
0.3534110433333333,22.356194408443894,0.5814849645540674,6.924779733333334,1.1479682533333333,0.27308183908462524,0.0027555624643961336
0.16212248333333334,23.959489228799043,0.6133344417893634,7.922792766666666,0.8981753499999999,0.2761104007562001,0.001481294631958
0.6019397733333334,18.721009287258486,0.5248852223422772,7.998187333333334,1.5492528666666665,0.30324720342954,0.0027224222819010337
0.26638395666666664,22.52421293970257,0.605784248680407,6.745438900000001,1.0209269266666667,0.2528601537148158,0.0
0.21490871666666667,24.146991616115088,0.6161047080486765,7.408509666666666,1.05197918,0.3098529527584712,0.006167809168497701
0.20722377333333333,23.38450829778351,0.610987961845752,7.1257131,0.93817878,0.25894215703010554,0.0034603277842203666
0.333820848,22.561683515172472,0.5750150336605276,7.853840666666667,0.9349069499999999,0.3079579720894496,0.006608883539835533
0.18928483,21.584276822327993,0.5528264883142598,8.920783,0.8275661466666667,0.28657228251298267,0.0
0.20592020333333336,21.710166114391516,0.568399988070658,8.295977166666667,1.0849702,0.3087706168492635,0.006758292516072567
0.23468462999999998,20.278253628175914,0.5438144795022852,9.512135666666667,0.9873303666666667,0.2842201391855876,0.0029216607411702337
0.21039195333333335,20.543293757314938,0.5385688215792735,9.193519666666667,1.149621,0.30852248271306354,0.004981756210327134
0.14936829466666668,21.189964498931417,0.5559291251180523,9.738190000000001,0.9793638866666666,0.2832268873850505,0.0022365252176920333
0.35797433999999995,18.026734410369997,0.5022652850070665,8.439805666666667,1.3360701333333334,0.3061305085817972,0.0033899148305257
0.40760962666666667,17.68487593700104,0.49696640417907484,9.587485,1.4001941333333334,0.36155609289805096,0.003150065739949533
0.25263880333333333,19.604349633379197,0.5455060161512582,8.006886833333333,1.2677853833333332,0.3050828278064728,0.0035361448923746336
0.15381291333333333,19.2971019684465,0.5446226713216218,8.220337333333333,1.1426025666666666,0.3067175050576528,0.0050071875254313
0.129682722,18.949864836818552,0.527368246652764,8.887439,1.0197455533333333,0.3366645375887553,0.0012944539388020668
0.31726317,17.54390257187674,0.47304073733344554,9.342579666666666,1.2062471333333333,0.3932764132817586,0.0024640560150146333
0.34627785333333333,16.796647977477317,0.5095226953515581,8.331861,1.6140660866666667,0.35821911692619324,0.0043678283691406
0.09830151233333334,21.55414012232821,0.5711155225760179,8.200038566666667,0.9029313,0.2803374429543813,0.0013434886932373001
0.14380347533333335,17.022139874534602,0.39994184394398125,29.064002333333335,0.6279421599999999,0.557357927163442,0.0028996467590331667
0.46617069,14.525089476976438,0.41799792670579167,19.180858,1.00012571,0.5108748773733774,0.005017042160034134
0.5425853733333333,16.54400049715979,0.4213154187175992,13.700664000000002,0.9256523199999999,0.523630162080129,0.0042626857757568
0.16580264,20.35421094291498,0.4581435627418016,15.488135333333334,0.9123961433333333,0.4904099702835083,0.003461996714274033
0.3963600266666667,20.364330138620783,0.46313308642416207,11.302056666666667,1.0783249333333333,0.45128245155016583,0.004423936208089166
0.50246579,20.7512266887083,0.49184613700973484,10.001753666666668,1.2153387999999998,0.39342796802520746,0.0023800532023111665
0.1783762166666667,22.36667889040535,0.5035271598395857,11.682044333333332,0.8458927966666666,0.3836703101793925,0.0065227349599202
0.19353072999999998,21.650515719741747,0.5066816733816104,12.035187666666667,0.8674971466666667,0.3317362467447917,0.0015954176584879335
0.10328373833333333,24.7965038465002,0.5782170575225297,9.729569666666668,0.7733992333333334,0.3316951394081115,0.0012125174204508334
0.20772068666666668,20.899525582097407,0.49725738494315985,10.425543333333332,0.8662985666666666,0.38267025351524353,0.0020590623219807667
0.1814915566666667,19.225149369464702,0.47235314924017596,14.559442333333331,1.1081163866666666,0.4235007067521413,0.0013375282287597333
0.09651618866666667,21.210122704667373,0.49934057673189924,14.416013000000001,0.7817560233333333,0.3576820294062297,0.0013008912404378
0.09543702666666666,21.846193915798796,0.4578232500448882,14.789236833333334,0.56952707,0.3841819167137146,0.0028088092803954996
0.19661164,20.435764786705185,0.49805831305227316,12.376476166666668,0.6330782833333334,0.3208245187997818,0.0038259824117024333
0.08945402200000001,22.511595490662533,0.49952083468371106,13.295761,0.6242780333333333,0.3476936916510264,0.0047050317128499
0.3875564633333333,20.043543281503393,0.47472663275109417,11.463002666666666,1.1643646,0.39473286271095276,0.0027967294057209997
0.22146772,19.915798630798825,0.4776650655625498,11.687011333333333,0.6459537166666667,0.3477799743413925,0.004180351893107066
0.11279603666666667,23.868700198065422,0.5523282775735434,9.9620065,0.9332661566666666,0.3009066383043925,0.0024929841359456334
0.2626715313333333,19.80437631034466,0.4490742021189213,13.299096833333332,0.9049258433333334,0.4071363608042399,0.0032927989959716333
0.16932055166666668,20.74728124319624,0.4817568733567825,12.076981166666668,0.8142879466666666,0.32700738310813904,0.0034897327423095334
0.12021334,21.814670093827278,0.4945434367702349,12.315310000000002,0.7491705866666667,0.31350844105084735,0.0
0.09670821,22.387004748483474,0.5345912043533592,11.577807333333332,0.7792278966666667,0.2720806996027629,0.005549271901448533
0.18377616666666666,21.773772450004362,0.5131463855955398,10.16868,0.91171061,0.33642041683197016,0.003361701965332
0.16393186333333334,23.044388985284954,0.544336145862894,9.002037666666666,0.9581445833333334,0.3358635604381561,0.0066436926523844
0.21348664333333334,22.696882602722365,0.5595612820721682,8.082391666666666,0.9764953399999999,0.3869655628999074,0.005090077718098933
0.11387607866666667,20.67290446362907,0.4883218314857259,11.997735833333332,0.80780891,0.3440634608268738,0.004988749821980733
0.23374153833333333,18.640129174761523,0.46303586782122896,10.594531666666668,1.0950883,0.3885103464126587,0.005591471989949501
0.14308792333333334,22.068680616502125,0.5224659365432278,8.6856305,1.2698852,0.3661682903766632,0.0088300704956054
0.09474613666666666,24.014551328377582,0.5919144762915972,8.243304566666666,0.6293245700000001,0.310450275739034,0.004512866338094034
0.08874899799999998,23.00843948075607,0.5689822968369757,8.650886,0.8796204799999999,0.3119797110557556,0.005101839701334599
0.12260296333333333,23.388778799987296,0.6045589106305242,7.129404999999999,0.9939060466666666,0.33331782619158423,0.0035884380340576
0.22242417266666667,22.497030109053835,0.5902159011895295,7.918817100000001,1.3626974666666667,0.3935612340768178,0.0022127628326416003
0.15730131500000002,21.740326372587706,0.5734546742810233,8.626371666666666,0.97332794,0.29265867670377094,0.0019663174947102667
0.17741744,16.939925745725468,0.397668294259694,27.476547,0.63372372,0.478157917658488,0.002744595209757467
0.14202048,25.952308842801852,0.6326711924473937,7.8153949,1.0138748,0.3063812553882599,0.0005837281545003
0.60961928,17.9013287967541,0.4676651262643056,7.1346305333333335,1.0270586966666666,0.27952599028746283,0.0033559799194335664
0.24943807333333334,20.369577970720186,0.541001879321533,6.8443952999999995,1.0590317333333334,0.23738356928030643,0.0023759206136067666
0.107154305,23.580046434074088,0.6529671189735965,7.778454666666666,0.92749658,0.20829309026400247,0.0054700374603271
0.15669455666666668,19.836243363376404,0.5450221670722077,9.915002666666666,0.6543738733333333,0.29078164199988044,0.002951939900716133
0.135043778,21.007899502119812,0.6274599069581659,8.393955833333331,1.00830902,0.2211676140626271,0.0037150382995605
0.18143932333333332,19.600587825044226,0.5817840377775466,8.974894333333333,1.2075217833333334,0.2404080331325531,0.0
0.13863190666666667,21.15690437050557,0.5835294586087764,8.573456,1.0754236199999998,0.2591103216012319,0.0038441816965738666
0.3073356,17.408986340143453,0.5063617854399927,8.716157233333334,1.3253662000000002,0.31060501933097834,0.0033720334370930666
0.21539400666666667,17.222864719920228,0.44770510906389793,10.270284,0.8256203666666666,0.3254701594511668,0.0006675720214843667
0.12262415666666665,18.77884432029651,0.5321608092479148,10.752814,1.01836579,0.33478908737500507,0.0011188983917236
0.15369672333333334,18.9033717776844,0.5260570941872357,9.516948999999999,0.8823719466666667,0.31537640094757075,0.0
0.09690220333333333,19.843130874554856,0.5706899875174756,9.701709833333332,0.9499028666666666,0.27934564153353375,0.0
0.06771599966666668,20.521559696236476,0.5558403896575884,10.839700833333334,0.6848799666666667,0.3022039880355199,0.0006677309672037667
0.13881601,18.04562565339896,0.513052530285388,11.442628,1.0108351500000001,0.3369196852048238,0.0024828910827636333
0.24962063,16.51378493016655,0.4760784375202709,9.913483999999999,1.09140929,0.3633848230044047,0.004197041193644133
0.07543090333333334,21.318875314377127,0.5684948301784538,9.648581333333334,0.78265909,0.32751404742399853,0.005585988362630199
0.17924260666666667,18.574938799517472,0.5204595172121329,9.455051333333333,0.96468772,0.32174643874168396,0.007538477579752533
0.10010959933333334,20.407136325821895,0.505051607246929,10.416214000000002,0.7685813766666666,0.36208316683769226,0.0
0.09737833666666668,20.07687694730379,0.5072627811520829,10.150785833333332,0.61926139,0.3551037311553955,0.005307912826538033
0.09579576533333334,20.358682357682408,0.4931722796956892,10.725290666666666,0.6893128566666666,0.3665481706460317,0.004745244979858366
0.07965186333333334,21.040895674092273,0.5405828706166292,10.335840333333332,0.7444367966666666,0.3246547281742096,0.0051392714182534995
0.09402185333333334,20.530460083108693,0.5201716625493424,10.154507333333333,0.6815379433333334,0.3305971622467041,0.0015395482381184667
0.085094095,20.952846536263166,0.541882584627097,9.695555833333334,0.71386932,0.3209006239970525,0.0006937185923258333
0.17017963,19.137495167992213,0.5173117465688327,8.795932333333333,1.0081660333333333,0.3167354265848796,0.007913112640380833
0.12959477866666666,19.812744766886627,0.5133049300835966,8.992139666666667,0.7468243,0.34441540638605755,0.0011138916015625
0.13338240666666665,19.574928864039727,0.5287605763247633,8.540646666666666,0.9155820666666666,0.3271818161010742,0.002042214075724267
0.14526464666666666,20.037044536589573,0.5098154624924524,7.5322141333333335,0.9414648666666666,0.3293385903040568,0.0010538101196289
0.25150860333333336,18.436360687931614,0.5094392139717294,6.856079666666666,1.2281101333333335,0.3216993510723114,0.0
0.18616798333333331,19.289351938699276,0.5210399398509549,7.064206166666666,0.9714451133333334,0.3118684192498525,0.0034879048665364333
0.2838755686666667,18.347830898458245,0.5253240306974236,6.8688265,1.3320241466666667,0.3141765197118123,0.0032670497894287
0.21412948,17.911659835323125,0.4947008078993343,6.927613999999999,1.0573244333333334,0.3327106336752574,0.0011796951293945
0.6041418766666667,17.233002752976002,0.4073707698493359,14.511568333333335,1.0312266666666667,0.5543893476327261,0.0039055347442626663
0.5086500833333333,22.971863464172504,0.6031617860575641,6.124855133333334,2.0323922666666667,0.2833090623219808,0.0033443768819172996
0.26621457333333337,25.008563380918428,0.6641917372236891,6.4885581666666665,1.6474503666666667,0.24093050261338553,0.0
0.21339404333333334,23.439682388259083,0.607933563061242,7.761636466666666,1.3586781666666667,0.2528180181980133,0.0015802383422851335
0.23606405666666666,23.65376398705496,0.6164675605093451,7.1746989999999995,1.25313145,0.2555891126394272,0.005918741226196266
0.16088712333333335,23.86804895874181,0.6107893057094747,8.3195539,1.1298997533333335,0.2759615878264109,0.0026267369588216
0.16276856333333334,23.107478815032497,0.6022582610591224,8.29886,1.0466217333333334,0.26877785722414654,0.005568742752075167
0.3671129766666666,17.934407421691546,0.5026249395481371,9.352306666666667,1.2150845666666668,0.34674620628356934,0.0019864241282145
0.1935832966666667,19.504709265418303,0.5151799362168877,9.492467,0.6422518766666667,0.2975319226582845,0.0036369164784749003
0.28682041999999996,21.483570583355956,0.5963373715948218,8.341364533333333,1.5791103666666668,0.3148844043413798,0.0036528905232747003
0.45823538666666663,23.402500832050233,0.6036125247935727,7.009975166666667,1.2771393266666666,0.2706896861394246,0.004383405049641901
0.7366277166666668,22.950530470075744,0.6101655110972221,6.436253100000001,2.1705457533333337,0.2912780841191609,0.004909038543701134
0.9578297333333333,22.207359969373172,0.5663984233729539,5.133673533333334,2.1594155666666666,0.34238240122795105,0.0021007855733235666
0.5424218000000001,22.615628327672415,0.5872253412923251,6.689601766666667,1.4718706333333333,0.2747337967157364,0.0
0.30011649,21.817899997426423,0.5641106629830456,8.638855666666666,1.183076,0.31622839967409766,0.005446195602416967
0.6290970133333332,20.7880125612085,0.5630776615428652,6.933127833333333,1.3605482666666668,0.27836592495441437,0.0045989354451497
0.5834113366666666,21.58121008266765,0.5697987423700099,6.779997133333334,1.5121510999999999,0.2721048096815745,0.0
0.42961848666666674,19.58385139277558,0.49810456819637183,9.105063333333334,1.3211758999999998,0.32323378324508667,0.003338019053141267
0.13401807,22.856461741175647,0.5378109024358529,10.855619666666668,0.9719104999999999,0.28142104546229035,0.0041086673736572
0.23913422166666665,20.639213238262197,0.4975042696636069,11.371044666666668,0.9648232,0.30385946234067274,0.004187107086181567
0.19147058333333333,22.34394673808599,0.5556192572411977,10.178153666666667,1.0390387533333334,0.27780310312906903,0.0013375282287597333
0.17252266833333332,21.806763558547676,0.5324553154918444,11.310462666666666,0.9441241433333333,0.28784189621607453,0.0014107227325439334
0.22896544666666666,22.835364125313664,0.5830942327561366,8.762378,1.2791455866666668,0.26737411320209503,0.007677555084228467
0.32536600666666665,21.343401322107592,0.5728356276079676,8.034330666666667,1.4380168,0.29051442941029865,0.0017613569895426
0.3079314933333333,21.878738010314947,0.5442367401231959,8.465791333333334,1.1598175466666667,0.3514419496059418,0.004803498586018866
0.189737505,21.268201827583372,0.5099661895184328,11.105117666666667,0.9941968666666665,0.3044372797012329,0.004169225692748967
0.3339934553333333,19.863985850810757,0.507710401830277,10.646823,1.0173252833333335,0.2892095744609833,0.0019373893737792667
0.35927048333333333,20.27914728697457,0.517165627702657,8.476330333333335,1.4101517000000001,0.3180675705273946,0.005763212839762301
0.20976495333333334,20.187191158784614,0.4958738919216205,10.838333999999998,0.8316971866666666,0.30567018191019696,0.0
0.13429929333333335,21.393262655934564,0.5316933895508376,10.696852666666667,0.76355871,0.2793677548567454,0.004981676737467367
0.22209193333333332,22.229741441149923,0.5497575203930246,8.259483166666667,1.2935169666666668,0.33412811160087585,0.0030876000722249003
0.13983465,22.646011004432822,0.5501208203615877,9.14331,0.9809465666666667,0.31238595644632977,0.004068613052368101
0.18329116,21.006615027023013,0.5339102195211008,9.588929166666667,1.0158134,0.31775688131650287,0.0032148361206054336
0.2599665,20.586900006593662,0.5362512252554721,9.989812,1.21057035,0.34224800268809,0.0
0.09511269833333334,23.248389077691844,0.5536756083917966,10.207143,0.8735524,0.31945255398750305,0.0021034876505533666
0.19246126166666666,20.965245994290612,0.5502595969702905,9.6919,1.0328387466666666,0.30608882009983057,0.004775444666544534
0.10766971166666667,24.417483641323496,0.6148797732937614,8.457279,0.9300867,0.27817054589589435,0.0032157103220621336
0.14904808333333333,23.681339069892662,0.6237695669684319,7.362218366666667,0.9579869133333333,0.2884589185317357,0.0
0.10553388333333334,17.59044515938476,0.38223600200287217,30.89414933333333,0.5772527633333334,0.5584661563237509,0.0021965503692626667
0.20412309666666664,16.53651092197239,0.4199811871176519,25.549925333333334,0.8815571866666666,0.49907997250556946,0.0016500949859619
0.32067586,16.482618451350575,0.4018504728565649,20.884516,0.66793624,0.5611204902331034,0.0046591758728027005
0.5645025666666666,15.495465560525915,0.38132691950926967,17.52766,0.72241086,0.5326042671998342,0.0013449192047119
0.22326520666666663,20.677777542349613,0.43764927028683004,14.746033333333335,1.0670855333333333,0.5108655492464701,0.0073639551798502
0.29305842499999996,18.795790894581927,0.3906449029418782,14.383009999999999,1.0297509433333334,0.5186944504578909,0.0020378430684407332
0.6268099233333334,17.88218990182156,0.3854599034718436,14.553497666666667,1.0405460100000001,0.4776682158311208,0.0073591868082682
0.38848572666666664,19.316718318884355,0.397674894121997,14.853029000000001,1.1545041200000001,0.5206887622674307,0.0
0.16970233466666665,19.83005335555171,0.43251054815706347,15.544894333333332,0.9512211766666666,0.4293678601582845,0.0055554707845052
0.079300602,25.0370934432127,0.5411666034534217,11.207574333333334,0.8017570666666667,0.3666422367095947,0.003083229064941367
0.12276512533333334,22.433720048662973,0.48609816826631325,12.304146000000001,0.7657831466666667,0.40410210688908893,0.0
0.411609578,19.938449871741316,0.44383253210733553,11.891711333333333,0.8286337666666667,0.4307730793952942,0.0033760070800781003
0.12501813666666667,23.107092631651692,0.5044083994988006,11.241743999999999,0.9448091433333333,0.40802688399950665,0.0034542083740233998
0.13026604,21.42203371173314,0.46956875477322696,12.689602333333333,0.9240352999999999,0.3977021276950836,0.0020238558451334335
0.19575211666666667,22.24844841446667,0.48214083257006396,11.091123333333334,1.0333794,0.44691070914268494,0.00335693359375
0.10801437000000001,22.664610757607573,0.4925561910177286,12.029904833333333,0.66433365,0.36413151025772095,0.001826763153076133
0.08463915666666666,24.6927289443517,0.5567421182949992,10.095326333333333,0.72027914,0.32336921493212384,0.005692005157470634
0.353004726,21.656124249402605,0.5037328555090047,9.254125166666666,1.0581950233333333,0.3592094878355662,0.0019965966542561334
0.8695613999999999,20.124477244077827,0.4805935599511158,9.259014666666667,0.9015582200000001,0.4064621826012929,0.00189208984375
0.08908018166666669,26.041434911552898,0.6156593361419775,8.216851666666667,0.7954533866666668,0.2808492680390675,0.0019929409027099336
0.13232961666666668,23.036769395562526,0.542894643972718,10.19644,0.9763537833333333,0.3536248405774434,0.0
0.12903954666666667,22.40679821170322,0.5204489971646709,11.635202166666668,0.7027378566666668,0.3178848425547282,0.0034684340159098002
0.12553853333333334,22.577313330522088,0.5314396442778341,10.679509333333334,0.8946392466666667,0.3277832766373952,0.0037685235341389667
0.16197192666666665,21.808548117577317,0.5259781987513993,9.4403135,1.0161596866666667,0.3459866940975189,0.0
0.09419170333333333,23.514800901128837,0.5195963699216087,10.331262666666667,0.7168226133333334,0.35514750083287555,0.0026725927988688
0.10337235,21.560083744758867,0.5007245846248585,10.905727166666665,0.5893564766666667,0.3694170614083608,0.0027072429656982335
0.10712120700000001,20.75259896913951,0.5224506801075465,10.536658666666668,0.8332556533333334,0.34658198555310565,0.0
0.09779719766666667,22.69803650240169,0.5687489620697842,8.336196000000001,1.0912088433333336,0.3124998807907104,0.0035119851430257
0.199754121,21.150610420719453,0.5460645926968213,7.545018233333334,1.1760755666666667,0.3619733651479085,0.0014173189798990665
0.27144607666666665,17.326693347365474,0.47375158704835046,9.117779,1.14626848,0.39405499895413715,0.0037314891815185334
0.1706646483333333,20.558756679526,0.5485771710218914,8.059090166666666,0.9812665333333334,0.33586039145787555,0.0
0.1369537133333333,21.530111485266932,0.5665310150747369,7.459416233333333,1.0826312333333332,0.3360187808672587,0.0020263989766438665
0.17700558999999996,18.93162446241697,0.486827228912913,8.222874666666668,0.8575630966666666,0.380611648162206,0.0013354619344075334
0.25146745,22.188852670687044,0.49810348329824156,11.668159666666668,1.50710132,0.40454835693041485,0.0020391146341959335
0.18064296833333335,27.943337893388748,0.7661411165990345,4.0752289,1.2257662999999999,0.14983609318733207,0.001923402150472
0.6868719733333334,22.125188877769876,0.4948464206114212,4.1134973666666665,1.3314099333333334,0.1852900137503942,0.0030563672383626
0.52093471,19.81626936696971,0.43954274428672874,5.234979466666666,1.2610499333333334,0.24509373307228088,0.0032140413920084335
0.3497905333333333,18.845767165056415,0.3979838854753001,6.630654533333334,1.0348534,0.2766593992710113,0.002914826075235967
0.2846116633333333,19.08891819148673,0.4333461026381344,6.631374866666666,1.0551760000000001,0.242550919453303,0.0021120707194010333
0.2759353333333333,20.03833188755517,0.5268105169816166,7.4191424999999995,1.1061041100000002,0.19261995454629255,0.0067358016967772995
0.16912113666666664,20.1974018172014,0.5119921638505686,8.420281033333334,0.8781584466666666,0.20524371167023972,0.0029514630635579
0.24935335333333333,17.727568633425935,0.421268056577038,8.618756466666667,0.9345963999999999,0.27994127074877423,0.0
0.19421481,18.225238099689907,0.4113754949345601,8.885400166666667,0.68147548,0.229064812262853,0.0
0.12484642466666666,19.42454589559411,0.5276524506506158,9.100576166666666,0.9368677266666667,0.23500194648901618,0.0014568169911702332
0.15047433533333332,18.643279001759407,0.47461938821035116,9.707808,0.8543581066666667,0.27387241025765735,0.0012493133544921667
0.19123593000000003,17.641288267121265,0.43130922193391213,9.014408000000001,0.9474141833333333,0.29956404368082684,0.0040806134541829
0.16852277666666668,18.0812269655078,0.45514769365337737,8.6154592,0.8679012,0.2641003380219142,0.0031141440073648996
0.16610916733333334,18.36643226282489,0.5023688946761585,8.556612666666666,1.1281155533333334,0.24257337053616843,0.006212313969929967
0.13205520333333332,18.155111014934153,0.45060998267819913,9.583483999999999,0.70779624,0.28949968516826624,0.0011962254842122334
0.14968132666666667,17.974893250564076,0.4438568514349621,9.959535,0.65511441,0.3177444140116374,0.0
0.17495249333333332,16.868095307516036,0.43990222417503255,10.357654666666667,0.7760528566666666,0.32631240288416546,0.0017934640248616334
0.15728937333333334,17.209320697132878,0.4779953137960195,10.4183945,0.9367763133333334,0.3088108797868092,0.0
0.21281470999999996,16.954033012349573,0.4554530649266309,9.645836000000001,0.8234555333333334,0.3128828108310699,0.0034126440684000333
0.23778211000000002,16.63321400559339,0.4500595344918135,9.941564666666666,1.0183677,0.31581731637318927,0.002708594004313133
0.2152229333333333,17.070836857866233,0.44538827943742804,10.576118,0.8336254200000001,0.34824101130167645,0.006039698918660433
0.24331682,16.773959307389628,0.44646003781924,9.991428333333333,0.9840851566666666,0.3205806314945221,0.0008910497029622333
0.2408524,16.673517216939,0.4341667044523188,9.419885333333333,0.7653267633333334,0.3641949991385142,0.0020035902659098002
0.14482704833333335,19.330259821982413,0.5201852248844272,8.371213666666668,0.9715428366666666,0.3103397289911906,0.0031394958496093668
0.30338840666666667,16.04131565224095,0.4331367607352428,8.971186666666666,0.7478083999999999,0.3736814061800639,0.0046605269114176
0.26460548866666667,17.286265117590165,0.4517116179729626,8.355787566666667,0.6722250666666666,0.32918020089467365,0.0024434725443522004
0.14989415466666667,18.840678589581888,0.5351438796325322,8.121457133333333,0.8737010866666667,0.27654468019803363,0.0013847351074218665
0.2338114783333333,17.052248369808492,0.4821950822147782,9.057444066666667,0.8230099900000001,0.29004168510437006,0.0010631084442138665
0.18992861333333333,17.29060340207141,0.5144707681037658,8.6558761,0.7703716799999999,0.28351232906182605,0.0
0.2215624133333333,16.67386858046106,0.506497608579314,9.069327633333334,0.6492900166666667,0.3033958276112874,0.0052390893300374
0.16442233866666667,19.338383778364207,0.5191753473692897,8.912629666666666,0.8769043366666667,0.24471911787986755,0.0
0.20413228666666663,17.097439506327508,0.4628177484387668,9.124326666666667,0.60854098,0.3115238646666209,0.005311806996663368
0.11613408333333335,19.938915563404077,0.5855634262619347,7.134563,1.0241492866666666,0.20559851825237266,0.0011607805887858
0.13260690866666666,18.974266540025397,0.5135424175660875,7.020478733333333,0.7485084333333334,0.24989687899748483,0.002216100692749
0.19044373666666667,16.516560292030658,0.46307422231384665,7.5861816666666675,0.6340959933333333,0.27584590017795557,0.0013639926910400332
0.10479678466666668,18.771745935229372,0.5349273780453283,6.946784766666667,0.7915975333333334,0.20894559721151987,0.0018208821614583333
0.16568036333333333,22.213185339701667,0.6138656828204234,5.524961266666668,0.7256366866666667,0.164757693807284,0.0020537376403808334
0.21324295666666668,20.094101376977193,0.5329849939872887,6.519637499999999,0.9344160766666666,0.2511302828788757,0.0014788309733072668
0.1760739033333333,20.339251195272315,0.5159471609365521,5.759867533333332,1.2152023833333334,0.1367549548546473,0.0034186045328776
0.156393,19.599025986861154,0.5417420694646634,6.5970525,0.9196221333333333,0.19827520350615183,0.0
0.17706623000000002,19.162392207888168,0.5099432704160634,7.376252999999999,0.7993779466666666,0.2354115545749664,0.002343098322550433
0.17265125,18.078225835267947,0.5313077879636566,8.209566,0.8902050466666668,0.25987476607163745,0.0034051736195882
0.130790872,18.448227905801005,0.5067605371524236,8.467468833333333,0.7954958766666667,0.2299339522918065,0.0027127265930175664
0.12211813133333334,18.113982508488238,0.4754627303189262,9.658408666666668,0.7212617666666666,0.2750961283842722,0.0040167172749837
0.09434275066666666,19.57640159511239,0.5701829702974588,8.589194166666667,0.8236950333333333,0.22645738720893857,0.0049930413564046
0.13510131,17.609628683761162,0.5033907140508829,9.383663666666667,0.60531149,0.2688775161902109,0.0016568501790364335
0.14896987666666667,17.450043423085464,0.4280263226150278,9.685449,0.6535497066666668,0.32091836134592694,0.0048617521921793
0.14027666866666666,17.44965900229356,0.474536304895238,9.126666,0.7669465999999999,0.28050221999486286,0.0
0.11635901666666666,18.09230195380972,0.4671348277830854,9.586513333333334,0.7408741366666667,0.2803494681914647,0.002795139948527
0.14140940466666668,17.8063075406376,0.47605271205353455,9.851379,0.8148996533333334,0.3274084428946176,0.0
0.14503723666666665,17.028644092921766,0.47048669616314504,10.107182,0.7168001466666666,0.3109166473150253,0.002730687459309867
0.09536539,18.018039576410732,0.5113795959168203,10.422948333333332,0.6677352333333334,0.3063348134358724,0.0047059059143066
0.11176265,17.358214715694825,0.48192327888584097,10.957327,0.63089596,0.3555064797401428,0.008239587148030534
0.20115261333333334,15.637997687857661,0.4484806108395574,10.537947666666666,0.9810423500000001,0.37136711676915485,0.004302978515624966
0.14245251,15.493350324962277,0.43731220852965597,12.217471166666668,0.4123991533333333,0.3965616524219513,0.0033737818400065
0.12913287,16.527173373247354,0.44469360249603856,11.410426333333334,0.4949997,0.3712793290615082,0.0019212563832600668
0.10411787333333333,17.741028138977644,0.4638550507722517,11.256668499999998,0.6256499166666667,0.36367367704709364,0.007902463277180966
0.117637082,17.33300725663385,0.46456378870787257,11.645367,0.6327851433333334,0.3876038392384847,0.0025757153828938665
0.09486960666666666,18.211337788337577,0.4569667965493041,11.753225833333332,0.6023217099999999,0.37001482645670575,0.005354245503743467
0.13173623666666667,16.535305584895934,0.42448299613300183,12.605397833333333,0.39350676333333334,0.4113928476969401,0.0024832884470621665
0.11735175000000002,17.19658094552354,0.4567205059570327,11.602785666666668,0.4388491666666667,0.41085416078567505,0.0008190472920735667
0.11896093333333334,17.29905072718902,0.45197675417485544,11.279834666666666,0.4969507433333333,0.3832726776599884,0.0012522538503011
0.18081603000000002,15.423688662631426,0.40048585561748035,11.231181999999999,0.34966711333333333,0.41978467504183453,0.002655267715454067
0.11299659,17.6489533441174,0.4687451372877319,10.658590833333333,0.5762742666666667,0.336993803580602,0.003934701283772767
0.17936536666666666,15.612935997607993,0.4220975705298254,11.394908666666666,0.3696062433333333,0.36368924379348755,0.0024522145589192666
0.15404073,16.520763769720123,0.482052406543819,9.4064695,0.5868106666666667,0.3042074491580327,0.0018335183461507
0.19227040000000004,16.22605094112618,0.44680444003270564,9.961679666666667,0.47526943,0.3460451861222585,0.005218346913655567
0.18574601999999998,16.978733180237363,0.487446815011469,8.980089666666666,0.6554370500000001,0.29005495210488635,0.0013441244761148998
0.18265301999999997,16.69122249187002,0.49052671825629773,9.141675999999999,0.6623108433333333,0.3091821074485779,0.0057752132415771
0.2118477,15.76946142028641,0.47344590554246796,8.675089333333332,0.5576496599999999,0.31038026014963777,0.0020608107248942
0.3024038133333333,14.987441789025937,0.4330281130740154,9.019355500000001,0.51295886,0.3678763012091318,0.0069287618001302
0.20548140333333334,15.76737320394407,0.47752613012423994,7.982647,0.54410673,0.2961356043815613,0.005640029907226534
0.17781910999999997,17.71997250756654,0.4765956845346551,7.3687708333333335,0.71781402,0.32813168565432227,0.0031336148579915336
0.13345353666666668,18.699788094244013,0.4880734641260264,6.1168305,0.8262614666666667,0.3101560175418854,0.006940523783365834
0.13498675333333335,16.73869838998155,0.3528549402841092,32.03611566666667,0.37425828,0.4680844346682231,0.004101435343424433
1.82366899,20.63666209558509,0.4714876403172063,8.847060666666668,1.2262473333333335,0.37699755529562634,0.0
0.4037385,19.72950823870697,0.49047391884868957,8.318841166666667,1.1554753,0.3556271592775981,0.0012611548105875333
0.24225403999999998,21.783024757589725,0.5381888843647508,9.200281666666667,1.1602582766666665,0.381253441174825,0.006332556406656867
0.13342188333333335,22.11575649400044,0.5606491783688097,9.484516166666666,0.7953599266666668,0.34039735794067383,0.0048441886901855
0.13074727666666666,21.85574602109617,0.5734293426775249,9.968355,1.0396599866666667,0.29549651344617206,0.0033895174662272004
0.2910325066666667,18.997899351508945,0.5108663202806384,9.099656666666666,1.1015645866666668,0.3209920674562454,0.002469460169474267
0.097006003,24.37478978039478,0.6143636926118566,9.101889833333333,0.9885165499999999,0.2696716040372848,0.0014829635620116999
0.49858331000000006,20.32899733052995,0.5822550637127518,5.340104166666666,1.4358296333333334,0.26660846173763275,0.003067970275878867
0.3907247833333334,20.749049461412756,0.5713868491829176,5.774633233333333,1.4924891999999998,0.3481539984544118,0.0015764236450195
0.21622696333333336,20.978408080057516,0.583131550914255,7.3074123,1.3178553833333333,0.30648093422253925,0.0013381640116373666
0.21426735666666666,21.177600473918975,0.589525625295726,7.0188223333333335,0.9832649666666667,0.3013409574826558,0.0058937867482503
0.24241071666666666,21.599808829344397,0.5932101507890605,6.5729151,1.1091120666666667,0.2964863578478495,0.005085547765096001
0.14539755000000001,22.48482869961063,0.6043972552569281,7.436004199999999,1.0807158833333335,0.28192247450351715,0.004479726155598899
0.269830282,21.476766246452087,0.5766526814634407,8.108372533333332,0.8087703199999999,0.2830534875392913,0.0029795964558919
0.15976037666666668,23.144063063271954,0.6280212111220359,7.042031966666666,0.8394569000000001,0.2596176912387212,0.004005829493204734
0.14555641333333333,23.247339710538444,0.6149721026542727,7.381677666666666,0.8325268833333334,0.27750669916470844,0.0009075005849202333
0.27269916666666666,21.00255130619219,0.5787152346658658,7.163359166666667,1.0996140433333335,0.26476633548736567,0.0006689230600992667
0.211517488,24.526148052837456,0.64060015269803,6.329048666666666,1.0978977,0.30346533656120295,0.005112330118815066
0.3593914833333333,22.11554414276436,0.5757292836698954,6.7743292,0.9926950333333332,0.2691360463698705,0.0009966691335042
0.2696810633333333,21.48167333072519,0.5834351085346463,7.04269,1.2120397666666667,0.27762042979399365,0.005178689956665
0.19016804499999998,21.237683688169287,0.5569579791620453,8.806158666666667,1.0002166666666665,0.2848514914512634,0.004178841908772733
0.25530555666666666,19.047419511253974,0.5241535767636156,9.904530666666666,1.40107319,0.32144879301389057,0.0
0.12242732133333334,21.381048094612883,0.5500893816468087,9.805203666666666,0.7800267666666666,0.29049424330393475,0.0033995310465494005
0.141600078,21.544732601376992,0.5467443028643936,9.543318333333334,0.8026773,0.2857282857100169,0.003907918930053667
0.12569124899999998,22.03356307242105,0.5298822267215798,9.824940666666668,0.82085508,0.3364744981129964,0.0012178421020507333
0.26085857,20.0665897128921,0.515136535173696,9.098221333333333,1.1471275333333335,0.36451710760593414,0.0034830570220947
0.13068471033333331,19.105499528774583,0.46904447371052765,11.166265333333333,0.8673755200000001,0.3904464840888977,0.0016434192657470666
0.07554823666666667,20.206952406880095,0.49921296630438855,11.174328666666668,0.6375727666666666,0.34538814425468445,0.0027170976003011
0.197960145,16.17962269476192,0.43295905072760715,11.610256000000001,0.73758008,0.44045443336168927,0.00357453028361
0.09277003499999999,19.253889937238736,0.5058582307412883,9.978313,0.6766225333333334,0.36295271913210553,0.003281037012735967
0.11074597000000001,19.010521489103883,0.509037360882367,9.130921833333334,1.0431993333333331,0.36648953954378766,0.003594080607096333
0.22159642200000004,19.18395307811102,0.5578834573754309,7.237113533333333,1.3647789166666666,0.3630882849295934,0.00033632914225259996
0.22268965333333335,28.32864134286866,0.6834173756378942,5.9389349,1.8401366,0.2562562276919682,0.0
0.84519518,22.100292081801395,0.6133367197195255,4.571351866666666,1.5537409333333334,0.20420655856529865,0.004958152770996066
0.39950771333333335,21.850089077692235,0.5746981421336547,5.215471966666667,1.3685593999999999,0.16949691375096634,0.0013372103373209335
0.8566112533333333,17.95205424001129,0.33816415897354385,5.9090287,1.0683143533333335,0.25588986277580256,0.0
0.32861337333333335,21.471027611009095,0.6043077805069333,6.1378646,1.2680526,0.2240643898646036,0.0027534166971842334
0.158662718,22.911126228195954,0.6630356443443838,7.0850545333333335,1.1569303166666667,0.188977375626564,0.0042918523152669
0.2600649133333333,18.63802895318796,0.5078129945208345,9.077977666666667,1.1144217333333333,0.2841292272011439,0.0062452952067057
0.12398082333333334,21.221615771641893,0.619917163048319,8.964083,0.9193627666666666,0.22341664135456085,0.0027082761128743335
0.15006633,20.411189774164296,0.5835767414531593,8.426606333333332,0.9471331566666666,0.21133320530255637,0.005157947540283167
0.26328975666666665,19.09939579370798,0.5235788762028315,7.874546366666666,0.97545165,0.2369677076737086,0.0
0.22573999666666666,19.409066208686024,0.5625551099872935,7.623353000000001,1.2744569166666666,0.23979735374450684,0.0026280879974364996
0.14361942833333333,20.390968189741603,0.5867090440482934,8.416065566666667,1.1658474333333333,0.2591847479343414,0.0019381046295165669
0.31428037000000003,17.45353946649629,0.52553100552401,8.291035133333333,1.3437691999999999,0.274764726559321,0.0031731128692626663
0.4109762533333334,16.640917787466567,0.47083769588453794,8.775362666666666,1.3910488333333333,0.3183014591534932,0.008406877517700133
0.20107885999999997,19.384705554767596,0.5411162810303799,8.369846899999999,1.1265441466666666,0.3131727576255798,0.0014448960622151666
0.33975024000000004,16.170495435600625,0.49616566952880575,9.316097000000001,1.1789131800000001,0.3197164038817088,0.0033589204152424997
0.12348489333333333,19.86145997045377,0.5377495237561921,9.734068333333333,0.9495978833333334,0.31177285810311633,0.0038979053497314
0.12475183,19.721682923401886,0.5570541322156514,9.718054,1.1443582799999998,0.3117659389972687,0.0
0.11536773,19.299603769208918,0.5234822928753758,11.917433,0.9350380533333333,0.3482746382554372,0.0027322769165038997
0.11577376333333333,19.189549675759334,0.508181281958587,11.942596666666667,0.9987815333333332,0.34986069798469543,0.003998041152954067
0.14837133300000002,19.935785659209596,0.5651412053717352,10.321239666666665,1.0988392166666667,0.31751265625158936,0.006134589513142867
0.21262326666666664,18.735743549267056,0.54964533235645,9.726132666666667,1.3205037333333334,0.3217446009318034,0.0017488797505696334
0.17926801666666667,18.16713683398536,0.5044092178215765,11.489084333333333,0.9581336500000001,0.33779935042063397,0.006763299306233666
0.22346896000000002,18.033399655090363,0.5023425650230208,11.281336999999999,0.9768829433333334,0.3614887098471324,0.003470738728841133
0.13989057166666666,19.57369536594744,0.5067828217863549,10.999773333333332,0.9304103133333333,0.3620554308096568,0.0017760594685872332
0.24869451333333334,17.09188556543534,0.48587992976985,9.978868333333333,1.0169177333333332,0.3824147780736287,0.004777669906616167
0.2236409633333333,17.74367413022033,0.4883804852545408,9.551585333333334,0.9969634766666667,0.3821647564570109,0.004445711771647099
0.39982275,15.961863404688762,0.4675189342717215,9.56097,1.2114937566666666,0.38515100876490266,0.0038251876831054
0.31078143333333336,17.21914744762965,0.5146809076103761,8.426709666666666,1.2143150833333334,0.35217970609664917,0.0007188320159912
0.32830077333333335,16.78951985706809,0.4659562916119493,9.177049333333335,1.0141304133333333,0.3723431527614593,0.0
0.26133845666666666,18.119202488266637,0.5398967224903176,8.201894166666667,1.3013869666666666,0.343683123588562,0.0039276281992594
0.133254045,20.348475815251007,0.5537784425020477,8.850703000000001,0.9204221233333333,0.34877184033393854,0.006928126017252567
0.29080865000000006,17.67901011856241,0.4677122354680218,8.820689333333332,0.93388752,0.3726002871990204,0.0017595291137695
0.23229356999999998,18.625646787640516,0.5107691529078365,7.9160532,0.8616780733333332,0.3443959057331085,0.0041685104370117005
0.1936520433333333,19.539061110785727,0.5552338948413759,7.5278532,1.04804341,0.32693397005399066,0.0014541149139404
0.3893439933333333,16.111670895306258,0.4608842287240182,8.324232666666667,0.7959386333333333,0.36932244896888733,0.0013392766316731666
0.2215455266666667,18.18718296102966,0.5398765016252204,7.839212000000001,0.9699978333333333,0.32638924320538837,0.004057725270589167
0.28462489333333335,17.6288425313067,0.51747926201536,7.7549707,1.0668090866666669,0.34027079741160077,0.003381570180257133
0.23267568666666663,18.765541206701176,0.5492255370564082,7.066377,0.910269,0.352523277203242,0.0
0.26992235000000003,18.39708479492629,0.5341744074952234,7.161573066666667,0.84609389,0.36878275871276855,0.0033703645070393665
0.22704396999999998,17.900127868689427,0.5177058112996741,7.830339300000001,0.9518492333333333,0.3009722530841827,0.002787669499715167
0.13630984333333332,19.09555149568045,0.5220281568075714,8.408934099999998,0.9670789000000001,0.29829498132069904,0.0021639664967854667
0.16663652666666667,18.3778044181207,0.4931084055730648,8.1230945,0.87923918,0.32249470551808673,0.0021294752756754335
0.16228528,18.52277965916666,0.4865807592614894,7.649812333333333,0.8885852833333333,0.3283742070198059,0.005576610565185501
0.10162908166666668,20.17347178800192,0.5326886683224683,7.474138566666667,0.9332941666666666,0.27150347828865046,0.0013977686564127332
0.561378,14.45753137641402,0.35618699271952775,30.305028333333336,0.4616152,0.5707763433456421,0.0038800239562988
0.16886366666666666,25.761530195311593,0.5922855485899022,8.550769666666667,1.3607158000000001,0.2736541231473287,0.005473693211873367
0.23699023000000005,25.949384523233547,0.6982382423431627,5.270845433333334,1.3736475333333331,0.19781532386938724,0.002159118652343733
0.5048398266666667,22.859895253728425,0.6182656042189941,4.561549,1.5703717666666666,0.19546795388062796,0.005466063817342067
0.19709098333333333,24.68669974180895,0.701715613724367,5.640842599999999,1.1201725833333336,0.1939347957571347,0.004041512807210267
0.41466447666666667,18.282457483728408,0.4874568032600484,7.2704474333333335,1.0910484,0.22967276970545447,0.0
0.21067497466666665,20.207084781183102,0.5618138125238042,7.551764666666666,0.9932377133333334,0.1985154300928115,0.004256089528401666
0.17348730166666668,19.80762459136587,0.5955794781223256,9.305019333333334,0.7356384566666666,0.21469876170158383,0.0047463575998942
0.44941220333333337,17.884273286366355,0.5014419773145371,9.110267666666667,0.6809394000000001,0.2249872386455536,0.006623268127441367
0.19908346,19.55599566851677,0.5217572796514415,9.922451666666667,0.9636494833333332,0.24231783052285505,0.006287733713785801
0.11257409666666666,21.968822679189973,0.624820482227962,7.677112600000001,0.8480318800000001,0.15894165138403574,0.0033566157023111665
0.138340965,20.16439584842091,0.5518989327040127,8.552120666666667,0.8047365666666666,0.24487987657388044,0.003756046295166
0.14770996333333333,20.57466650360477,0.6142709341248167,8.426291233333334,1.0783706333333332,0.22153474390506744,0.0018056233723958333
0.24502633333333335,18.635564775691343,0.5151679610575338,8.518009333333334,1.15388525,0.2236715853214263,0.005929946899414034
0.47055478000000006,16.511567923603568,0.4858529335954178,7.812421333333333,1.6652337666666668,0.26832181711991626,0.004942655563354433
0.27451333,19.26873713132159,0.5427294900688618,7.4585729,1.4032454,0.26238156358400977,0.0
0.5856836166666667,15.352963879844273,0.4408294385631626,7.765335666666668,1.855521666666667,0.3246808846791585,0.0012009143829345666
0.36023050666666667,16.38526291041386,0.4618743456617825,8.514215000000002,1.3875693,0.2978990823030471,0.005230585734049433
0.27072942666666666,17.127021571419817,0.4593653967261959,9.033503000000001,1.033547,0.352046936750412,0.0017019907633463334
0.19852578666666668,17.82615198733406,0.49627417840412263,9.035609000000001,1.03491308,0.30647599697113037,0.0017261505126953001
0.29255281666666666,16.371470392149327,0.45920985447737067,9.728349333333334,1.1982245666666664,0.32287274797757465,0.004285971323649066
0.16453521666666668,19.10651860075657,0.49711660033597377,10.254394666666666,0.92934175,0.3244929413000743,0.005319356918334933
0.16958985666666668,19.36081800315013,0.5089538011152436,10.035180333333335,0.9721899566666666,0.28763048847516376,0.0042182604471842
0.21171129333333336,18.158877675956923,0.4813606247447006,11.288610666666665,0.9493591466666667,0.3295694788297017,0.0011912981669108
0.24569359999999998,17.516094874484235,0.491439120941256,9.765718333333334,0.9702139399999999,0.27703136702378584,0.0016249815622965333
0.2884058033333333,16.624657489356533,0.46061651880673765,9.879764,0.92983809,0.2838052113850911,0.0034661293029785
0.22276746333333333,16.961343468758844,0.45533604670888733,10.520245000000001,0.7766003966666667,0.3135665754477183,0.0023698012034098002
0.13823809866666667,19.230307106972337,0.5169601885028875,9.768921666666666,0.7976101666666667,0.3012912819782893,0.0035839875539143665
0.23079407,17.762793961679478,0.4806099763017857,9.333947,0.72688927,0.3206402858098348,0.0
0.24982784666666666,17.770647112156396,0.476498865388278,8.735917333333333,0.7683286133333334,0.3180093417565028,0.0021668275197347
0.23751762,19.115013383014713,0.5030287389969911,8.003354166666666,0.7353316900000001,0.31506266196568805,0.004593690236409467
0.19842604666666666,20.251124294248413,0.5532707013169696,7.8153079,0.8198088133333333,0.2665563970804214,0.006513277689615834
0.39850864333333336,19.767462651042532,0.5654611858424943,6.788506833333334,1.0793304,0.23511421183745063,0.006986776987711566
0.49632002333333336,21.108015263575723,0.5616436891732343,6.260386833333333,1.13635308,0.2629042367140451,0.004070599873860633
0.4910631666666667,20.218258091775585,0.5530373404749038,6.105668866666666,1.3247378,0.2760729392369588,0.005462328592936167
0.4521791783333333,17.87164445660397,0.403563888703292,16.970731333333333,1.4518723999999998,0.538886288801829,0.0022900104522705
1.3809092733333335,23.241410331914256,0.6111040830170317,4.771033,1.3459576000000002,0.22461283703645063,0.005769014358520466
1.2872291566666667,20.078592578545543,0.45641951330861863,4.736981933333333,1.5983079333333334,0.23219510912895203,0.0035406748453775667
0.26232,24.122686789083094,0.6349290377192668,4.2253878333333335,1.4083393,0.15087666610876713,0.0039817492167154665
0.4204121333333333,21.290919696013194,0.538769221946133,4.976690766666667,1.3619222333333332,0.20408227046330765,0.0027096271514892335
1.1209277333333334,16.938867210999764,0.4082594789023439,5.828644199999999,1.7211550666666666,0.28599823514620465,0.0025211970011393002
0.6070960866666666,19.692546198676492,0.5599027373319093,6.042189433333333,1.7872318666666667,0.2774245291948318,0.009808063507080033
0.38412841999999997,21.28551500196973,0.6077116555079193,6.668649900000001,1.64455669,0.2744960784912109,0.004391908645629833
0.31396202666666667,20.659527888273193,0.5690780372129766,7.484151433333334,1.2062956,0.24537179867426548,0.005170663197835233
0.214909515,22.896430029345456,0.6478959937638499,7.778499,1.33430401,0.23217375576496124,0.0037620067596435334
0.22904511000000002,21.3459787098878,0.5874839993058923,7.660484666666666,1.1735318000000001,0.3167893389860788,0.0035714308420817
0.3538235633333333,19.99781055599993,0.554586868593688,6.288735066666667,1.2177005666666665,0.2765962332487106,0.0023277600606282332
0.14050980133333332,22.11158376189638,0.5953587253278697,8.216750333333334,0.8797304333333335,0.2981910506884257,0.006098747253417934
0.2867006,20.62133529548823,0.570234982959399,6.8451008,1.3140109333333332,0.27716917792956025,0.0013438860575358
0.23210837000000004,20.08476659432948,0.5646188355908477,8.315439,1.2593298,0.28421494364738464,0.0031250317891438335
0.24217266466666665,21.914046185532545,0.573419937947159,7.355427433333333,0.9697789666666666,0.30491993824640906,0.0
0.224587,22.46254150389576,0.5978447113640826,7.227139,1.0481849466666666,0.2776108334461848,0.0010770956675211333
0.42886395999999993,22.52468241964576,0.6099583080249277,6.048222233333333,1.1655388333333334,0.2706362803777059,0.005504290262858
0.6336764100000001,19.748720018063253,0.5718701834899035,5.945029333333333,1.6723809233333335,0.29571123421192164,0.0010959307352701668
0.5580654833333333,21.23405962132078,0.5756708769898645,6.0141186666666675,1.5082990466666668,0.30311902860800427,0.0036017894744873
1.3767335133333332,20.768755680646123,0.5559523124878881,5.324298,1.4918482,0.30837716658910114,0.0026910305023193
0.4328751766666666,21.12756746188316,0.5568790700232645,6.497702499999999,1.0432987566666665,0.29590838154157,0.0009025732676188001
0.17820441833333334,21.08654789459164,0.5480550991325951,9.258295666666667,0.8721857166666666,0.30191392203172046,0.005096594492594367
0.4302546933333333,20.542621584767904,0.5598722921640388,7.059505233333333,1.3403077666666665,0.2797537644704183,0.0015011628468831334
0.44473716666666663,18.875349003906056,0.5140416902850329,7.612960666666667,1.1457008833333333,0.29944612582524616,0.0020185311635335
0.6952809246666667,21.934010669738836,0.5750994661192964,6.932534933333334,1.3007867833333333,0.27860777576764423,0.0055534044901529335
0.34083205333333333,20.692965423534986,0.550902285028822,6.911921333333335,1.1323822033333333,0.3260074555873871,0.0034052530924479
0.63790476,19.93466598328995,0.5438521230765406,7.1134499333333325,1.6842158666666667,0.3471253712972005,0.0005849202473958334
0.5539485833333333,18.835279405265776,0.5176764588151727,7.443531133333333,1.2985095666666666,0.3594008187452952,0.0050357977549234665
0.22609869533333335,18.89151311634006,0.48201618284234365,10.236043,0.86435445,0.347099244594574,0.002809206644694
0.3314083433333333,17.000172397785096,0.47725034555061346,8.793659166666666,0.9505020200000001,0.34048136075337726,0.0027784506479899
0.41959088333333333,17.712463882614347,0.49612645270291783,7.460330866666666,1.1825933,0.32932453354199726,0.0026141007741292
0.123336836,22.185403247373227,0.6045617149174339,6.816571666666667,1.0222154333333333,0.3174924552440643,0.008112112681070933
0.355062948,18.928001986651633,0.55200180468852,7.0568186666666675,1.3909184566666666,0.35047536591688794,0.0060443083445231
0.13121366,20.233934649948164,0.5338421166073078,8.390576333333334,0.9679446,0.347504585981369,0.0023515224456787
0.07736742966666667,21.433296277402622,0.5454130828720084,8.476595333333334,1.0016669200000001,0.34330132603645325,0.005806605021158801
0.13049271166666668,19.53487403199124,0.5438347728395491,8.787824666666667,1.1260729333333335,0.34317643940448755,0.005528688430786101
0.28947186666666663,15.12600482478644,0.4001427164384701,23.46596033333333,0.8976591599999999,0.5352519253889719,0.0022208690643310334
0.33099388333333335,19.269248931055284,0.4629771852216272,14.182155,1.1410588,0.5006579955418905,0.005493243535359667
0.3949484433333333,17.848481326337453,0.40784716368701357,15.157652333333333,0.6820605666666667,0.5126426915327708,0.0024388631184895336
0.19422803333333336,21.8090588970924,0.4620644892883738,13.527276666666666,0.8328584266666667,0.43799806634585065,0.006030480066935199
0.6840350119999999,20.941040599527927,0.4597677228946934,11.363162,0.99390922,0.4279296596844991,0.0027690728505452
0.22761341833333334,21.9079233480534,0.4968663050144054,11.996775666666666,0.8263555466666667,0.36958513657251996,0.005398670832316033
0.26438269,20.25836422096742,0.47711600745345345,12.001529666666665,0.94525279,0.3765447537104289,0.0015444755554199
0.13269669399999998,22.575524635732677,0.5433548680635604,10.312357333333333,0.8215324033333333,0.3519749939441681,0.006011009216308534
0.247315525,22.092373235683663,0.5379057325054929,8.748083000000001,0.8875257866666666,0.32480642199516296,0.004359086354573533
0.7679787833333332,20.136204055922224,0.46655250868170217,10.520739666666667,1.1994615966666669,0.4195994238058726,0.0055967966715494664
0.15392407466666666,24.045590331352457,0.5516057562684118,9.613822333333333,0.8755364333333334,0.3215946952501933,0.0033575693766276
0.20683024800000002,22.749669729034007,0.5391363229404215,9.509226666666667,0.6854136999999999,0.31528618931770325,0.0033256212870279665
0.13986083,24.036803145095913,0.5593762527722941,9.463063666666667,0.8901724666666667,0.32236391305923456,0.0045641263326009
0.14099942000000001,24.119122928162273,0.5646958912276757,9.236163,0.73348938,0.31254276633262634,0.0019419193267821999
0.14984481,22.561892425595143,0.5376574333124697,10.404806,0.6256681233333333,0.3098566432793935,0.005503654479980433
0.12798938166666665,23.600566094204947,0.5679623462930565,9.528305666666666,0.7426088533333334,0.27017293870449066,0.008985837300618435
0.3095898366666667,21.92849948603931,0.5442150692973124,8.699474333333333,1.17618045,0.3431614538033803,0.0019264221191406
0.12652539333333332,24.746654065068686,0.5851172473373886,8.693449,0.7535517033333333,0.29771776994069415,0.002273480097452767
0.11877199666666667,25.291747741198957,0.6052284906333861,8.429035566666668,0.9289214800000001,0.27903431653976435,0.0016563733418782332
0.23062056,24.99962646555508,0.6197211514575754,6.7475081,1.0274582666666667,0.30082804958025616,0.0
0.11515497666666667,24.760242951684656,0.5747344729054631,9.096282333333333,0.7325680999999999,0.2967309753100077,0.0039014816284179666
0.14907299466666665,24.836486162370893,0.6114643513442971,7.682924866666666,1.09474031,0.28121890624364215,0.003270785013834633
0.11958383666666667,27.627543710357898,0.668972310676608,6.3146224,0.7731081333333334,0.30106768012046814,0.0054474671681721334
0.09821839666666667,23.330184097697828,0.5100610482528354,10.833622999999998,0.8336593466666667,0.3471635977427165,0.0022294521331787
0.086244992,22.353554693338683,0.49888556731929373,11.849396666666665,0.84162874,0.3495657543341318,0.003730217615763333
0.08382434,21.243197655460033,0.48211369083686756,11.786915,0.6616613966666667,0.394542654355367,0.0012522538503011
0.17316579666666665,19.55821779705295,0.4966780230774049,9.79824,0.9417068133333334,0.36401305596033734,0.0016254583994547332
0.33969466866666664,17.410089699092598,0.470892842310998,9.749346666666668,1.1061781,0.44700944423675537,0.008126417795817
0.24158625000000003,18.829087497102893,0.48204863490687155,9.603449,0.8092611500000001,0.45071248213450116,0.0015381971995035665
0.12114678666666667,22.019582080238866,0.6043195808867287,7.6180606,0.87580636,0.31882844865322113,0.006849129994710265
0.09610148233333334,18.570502044121582,0.43717441744305674,28.111217999999997,0.54768895,0.41573646664619446,0.005829016367594334
0.36985023666666667,23.872571540238976,0.5425703891672699,8.746946,1.2597671666666665,0.3457595407962799,0.006227334340413366
0.09572312999999999,27.759259441212166,0.7120387286904174,6.233931233333334,1.1105377333333333,0.2257976382970809,0.0
0.28847891333333336,21.706575907815346,0.5943255276975927,6.978980433333334,1.0813944666666666,0.28061817089716595,0.0014780362447102669
0.28169548333333333,20.51714856788897,0.553023771432545,7.453814233333333,0.8936533566666668,0.2573133160670598,0.003712256749471
0.15497367666666667,20.44813984436099,0.5929548153185301,8.928662766666667,0.9891161333333333,0.2647839387257893,0.004513661066691033
0.13824435999999998,20.954960167249855,0.5865060706236186,8.778983666666667,0.84762514,0.27479631702105206,0.002023299535115533
0.103094175,22.112891777691626,0.6380051658300833,7.853390399999999,0.9660458900000001,0.20300080378850302,0.003871361414591467
0.18861726999999998,18.08885045955201,0.5192819540065914,10.282488,1.0402187,0.28794266780217487,0.0023771127065022666
0.14598628333333333,19.603065779304547,0.5368763921823329,9.719474333333332,0.8336832666666667,0.3057217001914978,0.003287394841512033
0.18926249466666667,19.00184867436267,0.5489799926085985,9.737695,1.0355210166666666,0.28538447618484497,0.0033609867095947
0.19548386999999998,19.18288324048946,0.546272022810931,8.1668162,1.1625032,0.2772251715262731,0.0032571951548258336
0.12937055533333333,19.680228258258953,0.5245685679706885,10.135507333333333,0.9248122766666667,0.3362633784612019,0.002499580383300767
0.24398098999999998,18.115325847137825,0.5645414902946001,8.434954,1.3545804,0.2835181355476379,0.0006696383158365667
0.2185883186666667,18.667305341272023,0.5448157032388776,9.0896465,1.1249636666666667,0.3076033294200897,0.004683256149291967
0.2591464666666667,18.085578335480175,0.5342583477701467,8.237792333333333,1.1089526333333335,0.2996196548144023,0.0053763389587402
0.39838063666666673,18.285866112729554,0.5132838577847408,8.2605492,1.3134274666666668,0.32225852211316425,0.003430128097534167
0.24114557000000003,18.540632930566712,0.5499556072332994,8.009521666666666,1.1807199666666668,0.3040479818979899,0.0013852119445800666
0.2709507333333333,18.621496671617166,0.5370644218713841,7.493859333333333,1.0540355333333333,0.3231035868326823,0.0
0.11498657333333333,20.010629640162858,0.5311382246572167,8.918116333333332,0.7252811100000001,0.32550520698229474,0.0015357335408528333
0.1855289,19.05799385133701,0.5449585058867611,8.104104,1.0694416,0.33850985765457153,0.0
0.15405987833333332,19.58791294135707,0.5569230704573294,8.449141,0.61289815,0.2850080927213033,0.0024438699086507
0.17870265666666665,18.931367559199757,0.5479062507458495,8.148878666666667,0.7510323900000001,0.2832940369844436,0.0023668607076008665
0.18150963166666667,19.719287618507533,0.5739977011127914,7.4253177,0.7371895500000001,0.25847524404525757,0.007700363794962532
0.13480437666666667,21.0522899675055,0.6032805426190201,7.191318899999999,1.02985042,0.2807210981845855,0.005436023076375266
0.25724696,18.36249620117816,0.5308216425421911,8.124816166666667,0.9758229766666666,0.29011452198028564,0.0047635237375894665
0.18353928666666666,19.952050549795658,0.568487667943996,7.189245933333333,1.13659428,0.27893022696177167,0.0037468274434407332
0.1539923466666667,18.829752071570073,0.5443285156121384,8.908361999999999,1.0545094066666667,0.3213258385658264,0.0
0.4214883806666667,24.785015921063945,0.5709574829032872,8.829958666666665,2.0207077333333334,0.3342469036579132,0.0010599295298258334
0.32229288333333334,22.485275039056518,0.5986867853811261,4.7175874,1.4842133666666666,0.12849709143241242,0.0052547454833984
0.7057570966666665,17.565876279117635,0.3133334984763457,5.396742833333334,1.2438269333333334,0.20359950264294943,0.0015504360198974334
0.38854648333333336,19.313016998728898,0.3629241476884462,5.733438866666667,1.0549461333333332,0.1912212918202082,0.0019142627716064334
0.25072326,18.989472082971023,0.4643679394574209,6.2070954,0.9354602499999999,0.18199888368447614,0.005754868189493734
0.2193110583333333,18.983889796934736,0.45539506186745776,7.7611338000000005,1.0169240666666666,0.19688826302687323,0.0
0.2708692133333333,17.196744433078866,0.4490191793188863,9.318446333333332,1.0756303666666667,0.27160381774107617,0.0
0.28544627666666667,17.738517918175024,0.465785543069181,8.2950325,1.1560666333333334,0.2042159835497538,0.0011629263559977
0.27178066,18.304112106020707,0.47762192246519936,7.8191452,1.0841114,0.2388148307800293,0.0018388430277506333
0.2928170666666667,19.140983135539596,0.4929663173289914,6.538951133333334,1.2318788333333333,0.2401797572771708,0.004681746164957667
0.3467147033333333,18.158384098373475,0.4891706202641159,6.253656333333333,1.1398371666666665,0.2700621038675308,0.0026729106903076
0.31515899666666664,18.305738491267853,0.48604836261540924,6.298358266666667,1.0777992833333332,0.2981924017270406,0.0049355030059814
0.23512740000000001,18.95573477116322,0.5066303312680231,7.066661799999999,0.9752146533333333,0.30557626982529956,0.004769643147786433
0.27737733666666664,17.647252472871674,0.4857009436891782,7.455308666666667,0.974568,0.33364195624987286,0.008646726608276332
0.42593987333333333,16.803726520775754,0.4606850864602374,7.4403245,1.0446801666666667,0.36240225036938983,0.007457812627156501
0.34020584000000004,17.23374403989445,0.4906638529273019,7.238150133333334,0.8796252733333333,0.3488222857316335,0.0033616224924723002
0.22267918,17.70379019886462,0.5126705546384415,7.929300333333333,0.8976830000000001,0.35742491980393726,0.006895144780476832
0.31395598333333335,16.25028565117876,0.4859683527910435,8.146296433333333,0.7388101466666667,0.366481751203537,0.0018477439880371
0.22341325999999997,17.626041215735253,0.5171924933601808,8.512692666666666,0.8599175200000001,0.33790268500645954,0.004846334457397433
0.15059055833333335,19.264580960256794,0.5272240537711995,8.373336,0.8042146899999999,0.37837086121241253,0.003839572270711233
0.27832212666666667,17.279720405795373,0.4997454496712157,7.895445433333333,0.9445501799999999,0.36157742142677307,0.004740635553995734
0.22035612333333332,18.062957795354567,0.5210570230828195,7.908854766666667,0.8639976666666667,0.3762056529521942,0.0012593269348144334
0.4797460333333334,14.761410497157227,0.450862703426046,8.468081499999998,0.7015473999999999,0.41357241074244183,0.0
0.6476538266666666,13.798273126372747,0.43075816784523663,8.465021666666667,0.8535687333333334,0.39148083329200745,0.0
0.33880483333333333,16.278644657278758,0.5130208650418419,7.9288841,1.0567111,0.3678620755672455,0.003870805104573533
0.16277377666666668,19.32548710727723,0.544335142644632,7.856182066666666,0.75520743,0.3831440806388855,0.004028240839640267
0.2862814933333333,16.262961627294427,0.47660511501252695,8.289123,0.6158697333333333,0.42490888635317486,0.0075172583262125
0.27902890333333336,15.064607893919053,0.46498544004964976,8.917577,0.44147833666666664,0.43363980452219647,0.0029687881469726333
0.30273145333333334,14.248340242922632,0.44241040459313163,9.289339333333333,0.4261528833333333,0.3951769669850667,0.0034832954406738
0.25722412666666666,14.781350244575444,0.464657417864954,9.734737333333333,0.3227547766666667,0.4017751216888427,0.0029574235280354333
0.19837534333333331,16.481814444536173,0.49998238993775407,9.738452,0.5068690733333333,0.39191479484240216,0.0034680366516113
0.18198192666666668,17.008680639462447,0.4851640916892907,9.210003666666667,0.5863352566666666,0.3924555778503418,0.0079242388407389
0.32820547333333333,14.758448239706501,0.41413225716995344,8.894059666666667,0.4277913033333333,0.3804720441500346,0.0049498081207275
0.167771425,18.3534937853746,0.5349160103008647,7.985260566666667,0.7931511333333333,0.33944679796695704,0.0006908575693766
0.20193065666666665,17.189483607005013,0.4857526159867498,8.155571666666667,0.5511005966666667,0.3636679748694102,0.006901820500691667
0.17941579666666665,18.36349169876659,0.5497213008763223,7.548797966666666,0.8919227866666667,0.31423771381378174,0.0056046644846598
0.14440539333333333,19.944912345612224,0.5657659679880088,7.427553499999999,0.9119907833333333,0.3228925069173177,0.006607214609781867
0.18192039333333332,18.503953214120624,0.5533959770454815,7.254362,0.7344387866666667,0.35537536938985187,0.006719430287679
0.32069248,15.521009500372712,0.43984826699702223,9.039095999999999,0.5888453466666667,0.3465286393960317,0.004158099492390933
0.18115052533333334,18.440547434397697,0.5516421549411317,8.160749000000001,0.9718316666666666,0.3040132224559784,0.0025951862335204666
0.5485433066666667,23.336574970341136,0.616683716365884,5.8732799,1.88989695,0.2517556846141815,0.0016652743021647
0.3261073,23.71572270352122,0.6363132132018051,6.089173766666666,1.4753688666666667,0.23202078044414512,0.005867083867390867
0.31641985133333334,23.802063138528236,0.6311595696323354,7.568404666666666,1.2667337466666668,0.28515108426411945,0.0012180805206298665
0.50390052,23.878078867182612,0.6066708154938785,7.222933533333333,1.2976175466666666,0.30144962668418884,0.0027499993642171
0.5707850533333334,22.815241071957974,0.5993904989729545,6.7383291666666665,1.8276766666666664,0.2812659790118535,0.0030041535695393665
0.18399666,23.470176038108622,0.5747102369555576,9.552128666666668,0.8619610166666667,0.2803545544544856,0.0026149749755858998
0.17808753533333335,22.52972025548841,0.5400326795815943,10.869267666666667,0.7791256833333334,0.29764288663864136,0.0027885437011718668
0.20757884333333335,19.202938379760894,0.49417925567782084,11.029125,0.9109665366666667,0.2909821172555287,0.0030709902445475
0.22111741866666668,19.520335054126928,0.48067700159924787,11.374700166666665,0.8822141500000001,0.3377509315808614,0.0040823618570963
0.13891178666666668,21.828210293373363,0.5085803836299944,11.387723,0.8281169,0.31810470422108966,0.0020108222961425664
0.15718961333333334,23.65280669306466,0.6001860263406252,8.822451333333332,1.15845831,0.2724748800198237,0.0
0.7804359500000001,18.47018326412491,0.4686088701120436,9.496919,1.4960986533333334,0.3882676661014557,0.0036199887593587
0.15018039166666666,22.955337134531646,0.5500098525131532,10.361923666666668,0.8846688666666666,0.301678200562795,0.0019226868947346664
0.20457535666666668,22.428511360936657,0.5491963661080329,9.593772,1.11939882,0.32217738032341003,0.0027702649434407332
0.29228328666666664,21.890285597295023,0.5762943076072168,8.083268,1.4648065666666668,0.29649537801742554,0.005417029062906867
0.8139688333333334,19.42499413008487,0.5172663322931594,6.922250433333333,2.183131933333333,0.3811965088049571,0.002662897109985333
0.66530718,19.21130725724097,0.4881921534871365,8.046858833333333,1.3660527333333334,0.34448954463005066,0.004396835962931267
0.26337858333333336,21.80346225066262,0.5107526650944743,9.767423,1.0146387666666667,0.37299967805544537,0.0030851364135741667
0.24854158333333334,22.28994909673334,0.5377898364746581,9.686348666666667,1.22784895,0.38890881339708966,0.005868911743164032
0.37543323,23.325148408221736,0.5920700143364235,7.310568166666666,1.4687193666666667,0.3680198589960734,0.006043910980224567
0.21368573666666665,24.725627232580546,0.6302603931352591,7.243749433333334,1.2142127666666667,0.32277538379033405,0.0017068386077880666
0.44363829999999993,24.049731675411625,0.6098977051005244,6.301972066666667,1.3988059333333334,0.34866679708162945,0.0046904881795247
0.4603236533333333,25.314924127843028,0.6258971537498123,6.381055833333334,1.7010332000000001,0.380618155002594,0.0034720102945963
0.9104243233333333,21.177272237286513,0.5450370738795199,5.565580066666667,1.8152556666666666,0.3837294379870097,0.006060600280761667
0.4814926766666667,23.868347280980164,0.6107266084502698,5.939197233333334,1.8935311666666668,0.3550062378247579,0.0013492107391357333
0.73496894,21.747307793575363,0.5527410636996334,6.827348833333333,1.7447993999999998,0.37681296467781067,0.0032507578531900667
0.5327572766666667,22.39687402079355,0.5695694069309228,7.4764633,1.1544219133333333,0.3594665030638377,0.006178538004557266
0.26526915999999995,22.665532517027398,0.5892342914370443,7.454878533333333,1.3849005333333333,0.3569047252337138,0.006148258845011367
0.19174932333333336,24.842337452405236,0.6304671095206476,6.938353933333333,1.4149825500000002,0.36936424175898236,0.0026358763376871336
0.3077083,21.70181883806532,0.581494318013441,7.162383899999999,1.614413366666667,0.345767080783844,0.0008275508880615
0.29965737666666664,21.08452636702471,0.5664658882103031,8.327801333333333,1.7171045166666667,0.3726657728354135,0.002053499221801733
0.44644087,21.29628128359653,0.5695549439138602,7.675235766666667,1.7247981999999997,0.3431918720404307,0.0013430118560791
0.35821438866666666,23.042301746417753,0.5115390896235984,10.551491333333333,1.3963450566666669,0.39485111832618713,0.0025697549184163335
0.4429182166666666,24.611997130820743,0.7127641357330297,4.325763066666666,1.6958757466666665,0.18171452482541395,0.0030974547068277664
0.59553101,20.602857835066946,0.5637769408165215,4.479060466666667,1.8408659,0.1703225846091906,0.0031029383341470997
0.42302966666666664,20.467237183281046,0.6220651933152417,5.457427033333334,1.7305775333333333,0.2215783546368281,0.0
0.4285413633333333,22.338706691886173,0.6982839360140192,5.337109133333333,1.9928489333333335,0.1869698067506154,0.0033504962921142335
0.31496699,20.709968768515054,0.6114071232809444,6.8383551,1.4680744333333333,0.2201611200968424,0.0026351610819498332
0.35988467,19.230521781400316,0.5073773999249135,7.607796766666667,0.9943149666666667,0.21535616119702652,0.0032560825347899996
0.33740334000000005,20.270735511413548,0.5655415261178459,7.7169351,1.3296453666666668,0.23386022448539734,0.0028936068216959335
0.3049665833333333,21.610014532372862,0.650891162553656,7.6666452000000005,1.6281533333333333,0.24524602293968192,0.006407976150512633
0.2918529166666667,20.16008185545635,0.586468980333341,7.863198566666665,1.3930060666666666,0.23359785974025726,0.0027654170989989996
0.28305818666666666,20.13099535227671,0.5365622276827077,8.106643,1.1587729333333334,0.2764260669549306,0.0005876223246256333
0.27122058666666665,18.624551261527426,0.5381049509469454,8.665428333333333,1.3083947666666667,0.2735416243473689,0.0011142094930013
0.37422932,19.11582237974696,0.5395145005791296,7.8783359,1.3875120333333335,0.2670180598894755,0.0041731993357339995
0.2583942,20.53924329698762,0.5393638363605578,8.516513666666667,1.1545881533333333,0.26625981926918024,0.004743814468383767
0.32896086333333335,19.7160063341795,0.5504488554069976,8.195547333333332,1.3110165333333332,0.24454900622367856,0.0
0.24417394999999997,20.802258458148383,0.5640727743551401,7.932720233333334,1.2228449333333333,0.2671161691347758,0.0009318987528483001
0.20354454,22.342562069345963,0.6162809505532939,7.5540601,1.2909991166666668,0.2827516545852025,0.0020466645558674668
0.2671391733333333,22.29170103742246,0.6216744453340712,6.526666333333334,1.3527231666666666,0.2812095582485199,0.0016210079193115
0.6477117466666668,21.09567622693459,0.5561138575842958,5.566057,1.5877812,0.30580162505308783,0.0012559096018473
0.37520861,23.14039641599459,0.6253946759341433,6.000486900000001,1.3474845233333335,0.27771317462126416,0.004172722498575834
0.7596317133333333,18.801448815957425,0.5043903553856574,7.627434333333333,1.33737968,0.3064906746149063,0.003657897313435833
0.4831856766666667,19.621189708955928,0.5682098177423093,6.313509766666666,1.6105065333333333,0.30847471952438354,0.004168748855590767
0.8231233333333333,19.24328257636056,0.5480929925040741,5.752672533333334,2.3482822999999997,0.3268877168496449,0.0018839836120605332
1.3527726233333333,20.74650220388726,0.5338824717663632,5.370578666666667,1.8367038333333336,0.31331037481625873,0.003981749216715467
0.9439969566666666,24.701033465738448,0.6081731193486037,4.7830699,1.5092682533333333,0.3261025746663411,0.002100865046183267
1.0134527366666666,18.642948739588743,0.49501837366132745,5.729702433333333,1.8757338666666667,0.31273570160071057,0.0023212432861328
0.87730282,17.8913831495768,0.5006640572912032,7.0559837666666665,2.0936654666666668,0.31226446231206256,0.0019152164459228333
0.5246178833333334,19.195249046331156,0.5257318895508029,7.466467199999999,1.4476144433333333,0.34663698077201843,0.0
0.4427776666666667,18.69399905856186,0.47907665706518565,8.691477333333333,1.0462580866666666,0.35454054673512775,0.005699872970581
0.54372313,18.887293646096285,0.5205562141058591,7.796993166666667,1.4263335666666668,0.30630200604597724,0.0023340384165445667
0.6000255166666667,18.44852425141509,0.5219589127835543,7.279734133333334,1.8039648333333334,0.31692420442899066,0.0026149749755858998
0.5652207966666667,19.314275896297598,0.5308792076285876,6.940848533333334,1.3135264666666668,0.3041190803050995,0.0020276705423990667
0.50024862,18.449943135934863,0.5153300282546416,7.546663966666666,1.1136097833333334,0.32600101828575134,0.005669514338175433
0.48795045000000004,18.12581657684272,0.5175058431705234,7.3628073333333335,1.3707452,0.34672078490257263,0.0013394355773925666
0.34622843666666664,18.501826914731584,0.524878051746405,7.738177,1.3197695999999999,0.3321693241596222,0.0034559567769368335
0.19601065666666664,19.951125029582727,0.5533367634069266,8.046660333333334,1.1530110666666666,0.3272918462753296,0.0034974416097005
0.09849720333333332,21.38174744494484,0.5617411515421495,8.867907666666666,1.0008281866666666,0.29941030343373615,0.0022160212198893002
0.11965273,20.53854004709154,0.5602121734140849,8.540956999999999,0.9615379433333334,0.298754205306371,0.0
0.16149283,19.062078650683628,0.4857322595415235,9.617726,0.9775775666666666,0.35486193497975665,0.0027008851369222
0.13972745333333333,19.725869373700768,0.5036543186225609,9.181331,0.9908013966666666,0.3319018880526225,0.0013857682545979667
0.3176247466666667,16.731590878981297,0.46765874250763884,8.597233233333334,1.2988431666666667,0.37349968155225116,0.0026721159617105997
0.107258905,21.34327437868164,0.559743975601386,7.424812966666667,0.8668485133333332,0.29700055718421936,0.006771326065063432
0.14754963,17.449115462614945,0.3940490440583735,30.14597333333333,0.49263133000000003,0.5083019733428955,0.0015691916147867668
0.5617472733333333,16.139330880066293,0.4126011504412837,16.876722333333333,1.0095036666666666,0.5413865447044373,0.002028306325276667
0.25899174333333336,19.66711527429989,0.4622921048560029,13.406338666666665,1.0734853666666666,0.42076297601064044,0.0027935504913329996
0.7280028666666666,17.85522915052341,0.4305627424872518,12.082183,1.0996907533333333,0.4804189205169678,0.0008829434712727667
0.13871769,21.798175791882556,0.5031963809912706,12.814347333333332,0.9688470499999999,0.4182670017083485,0.003170490264892533
0.27177883999999997,20.01292417720771,0.4832165246446693,11.952586333333334,0.7463175666666667,0.44429802894592285,0.0014004707336425666
0.24121973333333332,19.641118897037256,0.4796271851214177,11.945294666666667,0.7861905466666667,0.40406184395154315,0.0015368461608886667
0.30635113666666663,19.25410478452685,0.5053251993106976,10.013617666666667,1.6204425,0.3279455800851186,0.0020305315653483
0.124690955,24.192344750564114,0.5737236852703943,9.085161666666666,0.9726626166666668,0.34141676624615985,0.0034097035725911
0.10293843866666667,26.227581689368765,0.6327598979639782,7.772043433333334,0.6570166066666667,0.27799442410469055,0.0006688435872395667
0.15814651633333335,23.517343201771542,0.5631088116006308,9.324246333333333,1.0170941533333335,0.3068946003913879,0.003349463144938133
0.25564307000000003,21.922877731005354,0.5372952098397327,8.849356,0.8321937766666667,0.3372679352760315,0.002085765202840167
0.4627907253333334,22.098673657414565,0.5245888254491532,8.818124666666668,1.4012049533333333,0.4062804877758026,0.002161900202433267
0.23216638333333336,25.017362817859297,0.6136175211727628,7.235043066666667,0.9381349,0.32506423195203143,0.002856175104777
0.09339740333333334,26.615129783243518,0.6220421058116617,8.155129333333333,0.8561109466666667,0.2951449900865554,0.0025765101114908332
0.1273895733333333,24.068411484251783,0.550238437984123,9.769324,0.65158094,0.3581735889116923,0.0014026959737141666
0.12668307666666667,24.735838784860945,0.5816591184564109,8.822169333333333,0.7719124666666667,0.31915034850438434,0.004357020060221334
0.17097975333333335,27.554294453976652,0.6944868764337845,5.659801533333333,0.9125433,0.2625359793504079,0.0
0.15613235,27.973081489079167,0.7128237122912707,5.2723553999999995,1.1363195000000001,0.262281060218811,0.004420280456542933
0.18373066666666668,25.055211544900118,0.645082751464164,6.515140900000001,1.1378989166666666,0.26564424236615497,0.0027148723602294666
0.11178784666666668,27.474864255322824,0.6857985862783514,6.523444666666666,0.8898916,0.26287278532981867,0.0025665760040283
0.3882604633333333,24.70272275144021,0.6197364447798185,6.527502666666667,0.9448807233333333,0.28948599100112915,0.0029040972391764
0.30108474333333335,23.963849776183398,0.6147570389780982,6.346840133333334,1.2276568666666667,0.31551749010880786,0.0009839534759521335
0.37992627000000007,23.967882114088052,0.6065186562503312,6.670263466666667,1.13698959,0.34246546030044556,0.006746768951415966
0.09283641,28.470462388061076,0.7020721014230958,5.5614283333333345,0.91997078,0.31950810551643366,0.008498112360636334
0.18294006333333335,27.677558276276415,0.7138643386339436,4.577482033333333,1.1916933766666666,0.2986714442571004,0.003092924753824866
0.26172259999999997,24.685727593398266,0.6670507615857587,4.866384066666666,1.1808328666666668,0.3177841703097026,0.004191637039184533
0.15354439,26.16631029925071,0.7006635007213039,4.795836466666667,1.1313347466666668,0.28745952745278675,0.004252433776855433
0.16991062566666668,24.657352249427017,0.6453915611522575,5.7633136333333335,1.0174653666666666,0.3208791514237721,0.0033945242563883002
0.08510123666666668,24.458530530994754,0.6163692836082015,7.028718466666667,0.9154311666666667,0.34104918440183,0.004062891006469667
0.07579369066666666,23.878989299667634,0.5939543023866306,8.0348422,0.7063887333333333,0.34414490063985187,0.0013387203216552667
0.06625208333333334,24.235809208608938,0.6073899171037729,7.682547933333335,0.8146304466666666,0.3070676277081172,0.0020276705423990333
0.24021551,20.625597373331193,0.5473143106731149,7.089739333333334,1.2175313433333332,0.3523770868778229,0.0028433005015055003
0.15881747333333332,27.36880643539435,0.7527398332087999,4.4284563666666665,1.1699235799999999,0.20620663960774735,0.0006703535715738666
0.23349844666666666,23.63063894254482,0.6370424431387184,4.137629700000001,1.01462792,0.17053208500146858,0.0019292831420897997
0.17776066533333335,22.835797250226705,0.6182678545468351,5.043821,0.9484722366666666,0.16332393387953434,0.0027491251627604
0.20648728666666663,20.817982806096,0.5729029557800976,6.2558662,1.0196708333333333,0.21879923840363816,0.003975947697957333
0.15413127000000001,21.744158579875787,0.5696956493759301,6.762239466666667,0.9443890333333332,0.20615023622910175,0.0
0.15237983333333333,20.8186109699264,0.5562464590562828,7.435028,1.0799337333333334,0.19725245734055832,0.0025648276011148666
0.19141026333333333,18.652770826031304,0.5520019222189468,8.433189066666666,1.1876855,0.21796455482641852,0.0
0.11269227166666666,20.71363477750751,0.6023069309736385,8.463177533333333,0.8576942533333333,0.23071995377540588,0.0038333733876546
0.2521599133333334,16.715204328740317,0.4525017373711187,8.918581333333334,0.86676559,0.2846618245045344,0.0
0.16359726133333333,18.17664159000351,0.49953122665737587,9.109655666666667,0.9564781333333334,0.2839267253875732,0.003440300623575833
0.15430524333333331,18.110506966930192,0.525998316547702,8.527989,1.0199733666666666,0.2711890290180841,0.0021454493204752334
0.1592451433333333,17.796002034226703,0.5298058459775269,8.927595333333334,1.13597791,0.27874618271986645,0.003311157226562467
0.19734315333333333,17.2039186662148,0.483475819414722,9.0986845,0.9900395433333333,0.32571961482365924,0.003585894902547167
0.2088924,16.606871176062494,0.46853604503881946,9.436853666666666,1.0683249000000001,0.33860618869463605,0.006792465845743733
0.21026071999999998,16.74338217353058,0.46939247223822167,8.823093666666667,0.9796188333333333,0.3377390205860138,0.0051196416219075
0.15761229666666668,16.782535812505465,0.4585008931183032,9.972950666666668,0.7506427433333333,0.3865473171075185,0.0040336449940999
0.11670190333333332,18.629217563995102,0.5266699339375829,9.775855,0.9580980366666667,0.3604387044906616,0.0034498373667399
0.12455855333333334,18.349805715393295,0.5179802583722558,9.645346666666667,0.8218326166666667,0.35226704676946,0.0045992533365884995
0.10451202466666669,19.617200967773623,0.5540303060046025,8.519304666666669,0.7540858199999999,0.28425371646881104,0.004938999811808234
0.23000976333333334,16.50310239165543,0.4765047585866004,9.614391333333334,0.7698063333333334,0.36130161086718243,0.003846883773803667
0.18282732666666668,17.150594631351318,0.46542634940079647,9.620137666666666,0.5014084533333333,0.3808057904243469,0.0047059853871663
0.14453615,18.552355838120008,0.4851474798068039,9.769881,0.4791189633333333,0.36250630021095276,0.0008136431376139001
0.16228530333333333,17.961933618652044,0.4755472723679137,9.808742,0.5495921866666666,0.3681479791800181,0.0021154880523681333
0.18948102666666666,17.26122075490567,0.45459151252739566,9.746927999999999,0.5540315100000001,0.37755384047826124,0.0013954639434814334
0.28924314333333334,15.541934567455568,0.43293822424489603,9.916427166666667,0.5922482233333334,0.39014049371083576,0.0018095970153808334
0.12946525666666667,19.271031011898774,0.5214855937867906,8.480760333333334,0.8437143866666666,0.33255062500635785,0.0034390290578206
0.19440104,17.052068132492778,0.4725111493715173,9.284526333333332,0.5791206400000001,0.3456896444161733,0.0
0.10597594733333333,20.107057719538776,0.5651340303989235,8.839271333333333,0.73064068,0.280135914683342,0.0
0.17048590666666666,18.348333779822145,0.5321512400129277,8.635856666666667,0.9280917533333334,0.31749118367830914,0.006726662317911733
0.14127121166666665,19.45788472582654,0.5626720354242153,7.753703566666666,0.8519804433333333,0.2840826908747355,0.0037445227305093996
0.18652167333333333,18.081462393138526,0.5366952213315835,7.566639666666667,0.9596263133333333,0.3013521432876587,0.004710435867309533
0.18386865166666666,19.740076474923203,0.5484815946515903,7.267526133333334,0.9073981433333334,0.3288790980974833,0.0028487046559651334
0.23132639666666666,17.927206353521168,0.5294921966791251,7.075449033333332,1.0110262433333335,0.3198319772879282,0.0052727858225504335
0.20053026,18.378889807478064,0.5242346340438552,7.405009533333334,0.9559412966666666,0.29752756158510846,0.0014636516571044668
0.18066334333333334,18.621053959628007,0.5103591955023945,6.580028133333333,0.7553349333333333,0.2970255712668101,0.002221981684366833
0.17169003333333333,16.520627409272972,0.4070653565135219,27.438326666666665,0.6752447666666667,0.5149210890134176,0.0044445991516113
1.1567170733333334,20.130456547535687,0.5218747457821905,4.776716266666667,1.7530564000000002,0.25280794501304626,0.0027516682942708335
0.48238015999999995,21.961941441417498,0.6563579494534685,4.8694041666666665,2.0164185333333333,0.21165494869152698,0.0039703051249186
0.23567363000000005,21.548813862058466,0.6200884989479131,7.3108008333333325,1.3725907666666668,0.26942818363507587,0.0
0.22769178999999998,22.4008397436566,0.5839006870226784,7.382026333333333,1.00395566,0.25647991895675654,0.002752145131429033
0.15192899333333335,22.954239016842497,0.6116876000280004,8.041744333333334,1.0552217,0.24529037872950235,0.0030813217163085664
0.13635237666666664,23.7235093164259,0.6179791700776756,9.281942333333333,1.0738407466666666,0.25332728525002796,0.0
0.2294729746666667,22.316854416629976,0.5701807100482346,9.111244333333334,1.1950346566666668,0.2807087997595468,0.0011216799418131333
0.26200212333333334,21.090823799443957,0.5420392982431897,9.900198999999999,1.1623210133333333,0.2918892155090967,0.0015485286712646335
0.35393040666666664,20.323165766422164,0.5209125502463855,9.881223,1.2954436166666665,0.3235422770182292,0.0025930404663085664
0.12629497666666667,20.960635825685106,0.5540640310337905,11.504507000000002,0.8158688666666668,0.2842285235722859,0.004136800765991167
0.2582235013333333,19.922235362102438,0.5034319173091203,12.073518666666667,1.1311948666666665,0.35160518685976666,0.0
0.24440924,18.14676984175857,0.4843089075551477,13.822962000000002,0.8834876333333334,0.3316306571165721,0.0016772747039794668
0.21104024866666662,21.330451466896406,0.5374949016861165,10.707339,1.0827215466666666,0.3053925236066182,0.008231004079182902
0.4954749866666666,19.06600849687535,0.5200632475486916,8.597118666666667,1.7632082,0.34219592809677124,0.004931847254435199
0.8345914066666668,21.499282509466667,0.5738793749469203,5.908405533333333,2.7118488999999997,0.3479936122894287,0.0023974577585855997
0.4470423766666667,24.061741838229988,0.6377613558821699,6.6488309,1.92765185,0.30643417437871295,0.0
0.7705750866666667,20.60852419931227,0.5258099400917321,8.765518666666667,1.8380413666666666,0.36714354157447815,0.0045921007792154665
0.28380812333333333,24.230576605757232,0.618058268658074,7.296804433333333,1.5862631,0.3194010059038798,0.0021712779998778998
0.4449620733333333,21.82264502383464,0.5475255436097431,7.679819533333333,1.5838023,0.37888985872268677,0.003801584243774367
0.45555693966666677,22.632642571792346,0.519543822976548,9.878133,1.3065932333333334,0.3900958200295766,0.0051435629526773675
0.48298250000000004,20.439526662823226,0.525302574797276,8.325588466666668,1.2794455200000001,0.3376590808232625,0.0035014152526855
0.176589075,23.35815397490302,0.5465589818711828,9.937278,0.8881536999999998,0.34252113103866577,0.004803498586018834
0.4234034666666667,21.971381240370107,0.5466231552017898,8.847538333333333,1.0972771166666666,0.36479054888089496,0.004164139429728167
0.5562033066666666,21.442386774735407,0.5504837174212053,7.456855833333333,1.5686670666666667,0.3405139446258545,0.0037522315979003663
0.14175522333333332,23.814806288318778,0.5441165442792578,10.210688,0.8993727833333333,0.3399446705977122,0.0027804374694823998
0.1900402,22.629715347154672,0.5173778613522573,10.636331666666667,1.1180183666666668,0.3559880753358205,0.005349238713582334
0.20608019,22.004257438009855,0.5036174711940206,10.271684666666667,1.0691933333333334,0.3586563964684804,0.0028803348541259666
0.21738555333333331,23.770173946049876,0.5755017232053043,8.426682000000001,1.2206838466666665,0.34680259227752686,0.0017082691192626667
0.24814607133333333,23.12821960142877,0.5436055514767232,8.360796500000001,1.3826350200000002,0.3874198297659556,0.005754232406616166
0.43801953000000005,20.020303693840397,0.4660222977376818,9.916733,1.3800399333333333,0.4571684201558431,0.005340735117594367
0.7041320300000001,17.958013276602472,0.46159551173036834,8.520008500000001,1.8856741000000001,0.44581083456675213,0.005328257878621334
0.43902402333333335,21.032543411005186,0.5491929724956144,7.438743333333332,1.5396598,0.36113740007082623,0.004519780476888
0.47849376666666665,26.438599107152253,0.684901810448708,4.8136382,1.8093655000000002,0.22848909596602116,0.005152622858683234
0.5866634133333334,22.980570824271776,0.601233176423437,4.386843333333333,1.9389049333333332,0.16123952964941654,0.004266738891601534
0.4200090166666666,23.798964506014602,0.5491618586133437,4.1841041,1.4360036,0.14115365842978156,0.008196751276651933
0.42343767000000004,21.656557541524194,0.5547187703822392,5.266130666666666,1.4099965133333334,0.17774998644987738,0.0006752014160156
0.6995098066666667,18.19677085835224,0.427122293439814,6.467995999999999,1.0070218333333332,0.21739538510640463,0.006151278813679967
0.34037195333333337,18.56402350225658,0.5023853296719836,8.266339133333334,0.9419052,0.23245029648145035,0.0
0.25388539666666665,19.892937728794823,0.5429441586044519,8.016127533333334,0.8861101800000001,0.2050807252526283,0.0009477138519287
0.3193043666666667,18.393464214889114,0.4689433262415945,8.420350333333333,0.84275665,0.24509678284327188,0.004193782806396433
0.17642629333333334,19.613823600204952,0.5653804415904432,8.7196278,0.8272006133333334,0.23363098502159116,0.0069775581359863
0.16024023666666667,19.852910802098606,0.5878643773608611,8.522303666666668,0.9855104333333333,0.2470929423967997,0.0
0.11489649533333333,20.995522417506805,0.5987223109158536,7.969652966666668,0.8885918333333334,0.23363331953684485,0.004679520924886033
0.29565453999999997,16.69449195963307,0.4309204650290217,8.988148966666666,0.8321457566666668,0.2791035771369934,0.0080478986104329
0.17154326500000003,19.00947581763526,0.4949715517480026,8.665265,0.9183677000000001,0.25716593861579895,0.0
0.11297464666666666,20.829328835273955,0.5563523704079215,7.920372766666667,0.9107624333333333,0.2349105874697367,0.0044902960459391
0.13293192666666664,19.908754781099386,0.5163730204643672,8.579678,0.9537254666666666,0.2827931543191273,0.0038313070933023666
0.190098365,18.535379802796722,0.4605194263595262,9.046575899999999,0.9293300233333333,0.34029335776964825,0.0008563200632731
0.20256457333333333,18.419874599861032,0.5010105644702301,8.170412833333334,1.03850336,0.3142061034838359,0.0013043085734049335
0.14719258999999998,19.460208516371974,0.5117279603898324,7.8530458,0.8038272666666666,0.28143827617168427,0.0030324459075927335
0.17774917333333332,17.99896489804237,0.503296636134941,8.920864833333335,1.0787147666666668,0.2628868222236633,0.0033683776855468334
0.13100582666666669,19.379919306603913,0.5255417682255616,8.589572666666667,0.7353544166666667,0.2677916487058003,0.003686904907226533
0.16084153,19.452350428741052,0.5241707863158043,8.445224466666668,0.9127725,0.27235932648181915,0.004556655883789
0.15653115,18.851414511803025,0.49355281224006403,9.855539,0.7173114066666667,0.29612407088279724,0.0037147204081217004
0.1356852046666667,18.413763737672074,0.4932849178004634,11.046203,0.7702493533333333,0.2829689582188924,0.004676739374796533
0.129199292,18.97357123645056,0.5093089773138401,10.991470666666666,0.68591038,0.3004337151845296,0.0033496220906575336
0.13040007333333334,18.91995755433624,0.4928762475330927,11.138525333333334,0.60074922,0.28795902431011194,0.0034523010253906003
0.26518662,16.915282763610048,0.45448024136587956,11.230483,0.9975501933333333,0.34538232286771137,0.0030248959859212003
0.16927424866666665,18.681428563192814,0.4913771418802986,10.172607666666666,0.7133890033333333,0.3272539476553599,0.0038639704386393
0.17133434333333333,18.924156794879874,0.5243146433080054,9.120481,0.8406514233333332,0.28461186091105145,0.0
0.23562406,19.039137368198425,0.5364444243772112,7.3797331333333345,0.8595873800000001,0.27727532883485156,0.0008741219838460001
0.38712674333333336,19.282146639880768,0.5209309514922791,8.104138433333333,1.1397689166666665,0.3010997623205185,0.005767742792765267
0.34187902,20.27786319910452,0.5735177967035477,6.909444566666667,1.3899894900000003,0.23920374612013498,0.0034137566884358665
0.23516622666666664,21.497766465923547,0.6155405591132713,6.514748033333333,1.3145718333333332,0.24381173650423682,0.0039141178131103
0.2676185266666667,21.195019442887517,0.6127667189887643,6.331894599999999,1.3432376000000001,0.22889792919158936,0.003889242808024033
0.2670441966666667,21.098734734647284,0.6110910701119743,6.587342366666667,1.3362258666666664,0.23399443427721656,0.0014979044596353998
0.13955339833333333,21.767451318761932,0.6079879979926619,7.672921666666666,0.8943039066666666,0.2583385060230891,0.0011758804321289
0.3331438433333333,26.934993826302957,0.6485776484811153,3.5829998999999995,1.3344137,0.10114274298151331,0.0
0.13883117166666667,25.767597351642156,0.6059223459054679,4.277688,1.1603796466666667,0.10196319470802943,0.008181730906168567
0.31983401333333333,21.36108424688175,0.5361177465272581,4.7883863333333325,1.1507941866666667,0.14635318020979557,0.0060678323109944
0.33275178,19.423922725304184,0.49626314462976734,5.6966058,1.1233025666666667,0.18463486929734543,0.0061061382293701
0.3949718466666667,16.98356103102165,0.4622630303978054,7.795040133333333,1.0080409166666666,0.23348371187845862,0.0043967564900715995
0.30449212333333336,17.74694090984814,0.46170940036492975,7.521497166666666,0.9798245999999998,0.2172936101754506,0.0050447781880696005
0.43033794999999997,15.897410337033312,0.3816954115943508,9.350811,0.9304887333333333,0.27745545903841656,0.005568106969197567
0.21840353833333334,19.408948760988267,0.48320500507833514,8.701296333333334,0.9068625466666665,0.20009594659010568,0.0020980040232340333
0.21152163999999998,18.662684865127602,0.558365311135026,9.613012333333334,0.99257258,0.22781849900881448,0.0021465619405110666
0.26716931,17.29781121530949,0.4236415988266858,9.993922833333334,0.74259766,0.28044458727041877,0.0
0.24522048666666665,17.126406255193512,0.43227998842651494,10.403744999999999,0.8393128466666666,0.2885962227980296,0.005759795506795233
0.22359738000000004,16.867557910770547,0.4259062911158951,10.146378666666667,0.9223007333333332,0.30184809366861975,0.0012748241424560332
0.1700205916666667,18.274537518993302,0.4649869852219634,9.742259666666667,0.7822634366666668,0.2865596314271291,0.0
0.21688454999999998,17.175032893407007,0.4541699035319808,9.495516,0.9261800333333333,0.3034808933734894,0.0080644289652506
0.32971210666666667,15.729666192180472,0.4431521274952072,9.175590666666666,1.12166704,0.30569658676783246,0.0
0.23364964,17.969089251740517,0.4793171598819475,8.082077333333332,0.9927269666666666,0.28735125064849854,0.0041232903798420996
0.3095634866666667,17.30956910283624,0.4724023274769597,8.087352666666668,1.2223436666666665,0.2976141969362895,0.0036902427673339666
0.38138055333333326,16.475769431296424,0.47200970643555956,8.108173533333334,1.3148208666666668,0.3060159583886464,0.0024292469024657665
0.22588007333333335,18.915442069743378,0.5122371132471203,7.918584833333334,1.0198224999999999,0.3413890302181244,0.002620855967203767
0.27879347,17.40980871745619,0.4967837351098571,7.9200895,0.9586709333333333,0.3133304516474406,0.0022738774617513
0.3269025933333333,16.80211289246815,0.46281749706199243,9.353164333333332,0.8933852999999999,0.377864142258962,0.0037260850270589003
0.25200685666666667,17.133853318341355,0.4866486629314479,9.534422333333334,0.8281899166666666,0.33400094509124756,0.0
0.29084156,15.975376401826274,0.4659461530136662,9.410543666666667,0.7462048766666666,0.3309766997893651,0.004125436147054
0.33567307333333335,15.220731851693268,0.4455602760819375,9.575838666666666,0.6532795,0.3332265317440033,0.006750265757242799
0.29603204333333333,15.911536620685256,0.4744149708501151,9.196337999999999,0.78044035,0.3328332304954528,0.0037661393483479667
0.21689689666666667,17.10566917893585,0.5111914557747053,8.495883833333332,0.5970495433333333,0.3062264968951543,0.003660281499226833
0.23139337333333332,16.676406249741564,0.4868628799409194,8.769070333333334,0.6691431,0.33376555641492206,0.002785762151082333
0.28143852,15.408096491929328,0.4352247960193714,9.747342666666666,0.61489109,0.36018428206443787,0.002958218256632467
0.30750932666666664,14.945847598031884,0.43549645683003496,9.544616666666668,0.4770401333333334,0.3529006044069926,0.0025645891825358
0.21286785333333333,16.400217439555604,0.4973277580303386,9.45268,0.7542212566666667,0.351575235525767,0.003445625305175733
0.20017738,16.26564244280154,0.5025649246267441,9.603811666666667,0.5335661433333333,0.30831969777743023,0.0014310677846272669
0.19707785999999997,19.403734909957873,0.5709774018768621,7.4170031666666665,0.7724197833333334,0.24858228365580237,0.0
0.21845649999999997,18.32828801242023,0.5415581202368042,7.6698554,0.92068454,0.26969432334105176,0.004549582799275666
0.16320055,17.686012313447982,0.5323835536598293,8.495593000000001,0.7338387366666668,0.27448899547259015,0.004939397176106734
0.22071581999999998,16.49794751396067,0.5030576155983962,8.6480625,0.6895692833333333,0.2849071423212687,0.005813439687093033
0.16586326666666668,18.28232245670142,0.5500045309677992,8.296574066666667,0.60970034,0.29234834512074787,0.0021305878957112332
0.20116257,17.053491385944508,0.5012033850122245,7.786643366666667,0.6240987233333334,0.2521606932083766,0.004885196685790966
0.20647236666666666,16.762534761234402,0.4452855337447848,7.904374999999999,0.6077758133333333,0.31184562544027966,0.0027666091918945
0.13018759666666668,17.778873206269655,0.38778172827962204,28.569159333333335,0.6490183,0.5251764456431071,0.0016396045684814334
0.13879149,22.82091817947075,0.49043189109466634,13.535105666666666,1.2618235,0.4626417855421702,0.004275639851887967
0.34724252,19.727968638970097,0.45900270011110855,12.333048,0.9956132466666666,0.42432795961697894,0.006617863972981734
0.39572782,20.904544925007357,0.4750424511058864,12.180368999999999,1.2009649,0.43514599402745563,0.007423718770345
0.23669394666666665,21.937062152784204,0.5057142021923146,12.066712666666668,0.9581319666666666,0.3596773346265157,0.0013259251912434667
0.16467164533333334,26.21524639585465,0.646259655325171,7.152961433333334,1.1311764866666667,0.26430533329645794,0.0045391718546549
0.24885608366666667,25.472334643459416,0.6355831340910872,7.1580376333333335,1.2684527,0.31979297598203016,0.006028095881144166
0.19658193666666668,23.289980498381194,0.6001035715046545,7.7315785,1.04843438,0.260577251513799,0.0
0.17882347333333334,20.04759255236238,0.5484091485238666,8.467399766666666,0.9025006666666666,0.3528687258561452,0.003533681233723933
0.19842685000000002,18.02525299414793,0.5087330483761104,8.3012759,0.51844485,0.30905046065648395,0.0031468073527018
0.20910267666666668,16.506079290599178,0.482340209796339,8.875309333333332,0.4102700133333333,0.2812117437521617,0.0019223690032958666
0.14616003333333336,18.845307060089578,0.5236299801447296,9.864243333333334,0.6358629566666666,0.3481307129065196,0.006512800852457634
0.19130213333333335,19.288037948145163,0.5471872079360628,9.532552666666666,0.6405139166666666,0.2883494397004445,0.005560080210367799
0.14957869999999998,20.222499670431954,0.5426221956394349,9.884780333333334,0.6792552533333334,0.30307296911875403,0.003369331359863233
0.13984328000000001,20.989088081334067,0.5711887413891366,9.952162666666666,0.6210180466666667,0.3150887191295624,0.0034104983011881
0.09955178000000002,23.27753008647194,0.5967334594497956,9.955527666666667,0.7325000433333333,0.2659670660893122,0.0030224323272704666
0.10772367333333333,23.42642106398957,0.5628885365374464,10.029100666666666,0.7140201033333332,0.2890056272347768,0.0060467720031738
0.26632601,20.478726416968104,0.51045792999302,10.662591999999998,0.9537025666666666,0.37756797671318054,0.0
0.09531880833333334,23.931412543235638,0.5665692841897839,10.565066,0.7759630333333334,0.2885539084672928,0.0032604535420735336
0.19807844333333335,21.39684224000612,0.549036322580336,9.594791333333333,1.0270574000000001,0.3019681473573049,0.0014484723409016666
0.36736981999999996,19.415572328597985,0.5099456665947382,9.879176833333334,1.07804308,0.320104385415713,0.0018321673075358
0.21384743333333334,21.997634570606127,0.56395473587551,10.008437,0.9250890566666667,0.29798408349355054,0.0
0.154989118,22.117338953716082,0.5320153679073606,11.643288499999999,0.8247434899999999,0.3138231337070465,0.008093436559041267
0.2540128716666667,21.05689017529888,0.535427082268569,10.422878666666668,1.0740818,0.2878046929836273,0.0030302206675211336
0.17509777333333332,22.258132692387832,0.5200445885527772,10.785603166666668,0.8532977866666668,0.2976372440656026,0.005962610244750934
0.10329025666666665,22.8978717373535,0.5332586593641517,11.381349,0.7840816066666667,0.3023572663466136,0.004294951756795233
0.17979670333333334,19.750467512335796,0.49153202386593026,12.114478333333333,1.1023633666666666,0.3272864023844401,0.005982081095377567
0.09283380666666667,22.59886838958106,0.5395224878816454,11.182434666666666,0.7895421833333334,0.3203004002571106,0.004469553629557233
0.14876160533333335,21.535317400138357,0.5171791242677093,10.135056666666665,0.9900765333333332,0.33289196093877155,0.005296468734741167
0.12245372999999998,20.70721399232576,0.5180989118376488,11.570501,0.9303536,0.3408833046754201,0.002445379892985
0.10845816333333334,19.406415048703682,0.4622019151029834,12.943682666666668,0.5728597466666666,0.3493741651376088,0.0032842953999837
0.07923127666666667,21.15647299717898,0.47352022609492866,12.330134000000001,0.8849187633333333,0.3919248580932617,0.0033464431762695
0.19502830433333332,20.37066743003432,0.5042951584763576,9.217172666666668,0.9655932000000002,0.3697107434272766,0.0013398329416910665
0.24779565999999997,15.55588615251772,0.3959553981049972,27.533479,0.711936,0.5116000572840372,0.0009483496348063001
0.28629822666666666,24.782500953544485,0.6657715135759715,4.520115966666666,1.3016869,0.17335903644561765,0.0031112035115559663
0.29139778,23.347555732038728,0.5540145236584009,4.190241233333333,1.30821255,0.12278952201207473,0.0026705265045166
0.4428167133333334,21.512050590823566,0.5086801517066409,4.945331266666666,1.2142296,0.23793218533198032,0.0018345514933268
0.32581104,21.410207083786627,0.5247547924380462,5.2491221,1.2182300333333334,0.18403397252162293,0.0033887227376302002
0.30958716666666664,19.794318355908747,0.5545226446996012,6.001016433333334,1.4430245333333334,0.1817737420399983,0.004849831263224267
0.21802471333333331,20.243845233506274,0.5573323886096205,7.623265433333334,0.8798295666666666,0.1852295001347859,0.003380934397379533
0.19716446666666668,20.132082636869708,0.5531348466076706,8.861831333333333,0.9980965666666668,0.2494648198286692,0.0057491461435953
0.09544124666666666,22.12336833644042,0.6263602015453614,8.578933666666666,0.8150754866666666,0.20493966341018674,0.004312833150227833
0.15223259333333333,18.873827928152764,0.5774027717931137,8.999680666666668,0.8870235000000001,0.22298476099967957,0.0021003882090250333
0.14137066,18.956719966128954,0.5684884191148704,8.892038666666666,1.0996567333333334,0.23260358969370518,0.0035118261973063
0.20000964199999996,18.220735589897668,0.5166580950960317,9.831245000000001,1.1000942,0.29205875595410663,0.005447546641031867
0.12963466833333334,18.910623681321272,0.5768138114208382,10.676927999999998,1.1345330966666667,0.2845415025949478,0.0031929810841878
0.09832614866666667,20.503646388023974,0.5506316603522275,9.831762666666668,0.7702255066666667,0.2928171753883362,0.004128456115722633
0.13344202333333333,19.301711326705277,0.5463546523198476,10.018986333333332,1.0675983066666666,0.29777105649312335,0.0006866455078125
0.20864134,17.825901377993407,0.5357699359692085,9.511385333333333,1.2768342866666667,0.2918136715888977,0.0013372898101806335
0.12898502333333334,19.447105908064433,0.5707636894225895,9.606530333333334,1.1226798766666668,0.2730901936690013,0.005667606989542567
0.096356618,20.797218820859907,0.5783087962011921,9.167037666666667,0.97930065,0.26905948917071026,0.0026710033416748
0.11849711,19.494056230356023,0.543263347791912,10.314756000000001,0.9141649433333332,0.32126746078332263,0.0033400058746337665
0.103231405,19.589732750522177,0.5480996882836587,10.077910333333334,0.9101655233333332,0.29219932357470185,0.0013353824615478333
0.06888283266666667,21.521029001758876,0.5667100702899185,11.227075,0.81717223,0.2978621870279312,0.0011250178019205667
0.23991550666666664,17.116988370595816,0.501439983040795,10.137066333333333,1.007582,0.3114527215560277,0.0027909278869628334
0.19531041000000002,18.54712726716433,0.5252728496932488,9.752667,0.9145458933333335,0.3124489486217499,0.0
0.14618591,20.09219086409318,0.5815008666380491,8.918604333333334,1.0884119900000002,0.2723666528860727,0.005610148111979133
0.36221016666666667,17.194170642136225,0.5266582265922753,7.9765175,1.2237027866666665,0.29341191053390503,0.005975325902303034
0.16902525499999999,20.65048043130182,0.567336579338349,8.062672733333333,1.1322259466666666,0.2942419747511545,0.0020082791646321334
0.2633591833333333,19.654312711158337,0.5638563598600316,7.2895911,1.3471377533333335,0.3029321481784184,0.003980318705240867
0.41253367333333335,17.31584864331,0.501701416766454,7.4620626,1.1742367,0.29713524381319684,0.0
0.18153265333333332,19.543709191459726,0.5568772641074673,7.905482933333334,0.7708934333333334,0.27115024626255035,0.0010275046030680333
0.19264300666666667,18.202418577289965,0.5677601163192523,8.495034333333333,1.0264335133333333,0.2528493652741114,0.0037527879079182667
0.26418264333333336,17.08670857001538,0.4957304492726638,9.125677666666666,0.8099006566666667,0.31235772371292114,0.004805803298950167
0.14534488666666667,19.88344480593089,0.5600571123516761,8.850245666666666,0.6351617799999999,0.29532632231712336,0.0027261575063069333
0.20448013333333334,19.42638332215005,0.5687248370680323,7.531130166666667,1.0017899533333334,0.2749658028284709,0.0
0.16702672333333335,19.87335649574636,0.5843525907844462,7.729449333333332,0.9065828666666667,0.2739722430706024,0.004943609237670833
0.25186397,17.326038780843717,0.48880977572988343,9.258259333333333,0.7402264000000001,0.3044826189676921,0.005494991938273067
0.16060096666666665,18.971282714003895,0.4211082290292767,22.311313666666667,1.0240108433333333,0.6053327322006226,0.0010147094726562333
0.41338980999999997,22.04326175417926,0.497054654329115,10.827838666666667,1.4721581,0.40102507670720416,0.009442329406738234
0.327052408,24.908715417594923,0.6171297465056703,7.048874666666666,1.2460975,0.2635804812113444,0.0
0.9438844733333333,21.996459372740883,0.5873080914919769,5.606975599999999,2.2230617333333336,0.2838500638802846,0.0028212070465087665
0.8605345166666667,21.53942985096845,0.5666460018442202,5.781306099999999,1.7097892666666665,0.2269151955842971,0.0016882419586181335
0.7194081166666666,23.157346720789686,0.6167738283295997,5.570700300000001,2.1935960333333333,0.23339795569578803,0.0011452833811442
0.6300806933333334,24.04347523551044,0.6495080632610594,5.267600933333334,2.0331087333333335,0.213299736380577,0.0007868607838948334
0.4763225466666667,25.328611395138598,0.697016257253206,5.203886333333333,2.014742146666667,0.2119716107845306,0.004881064097086533
0.34731249999999997,24.27333654552412,0.671219007838761,5.990622533333333,1.6614725666666665,0.21167646845181778,0.0033873716990152664
0.3698430133333333,22.239361849206063,0.5956433099646183,6.689066266666667,1.3917511666666667,0.22245817879835764,0.0052536328633626
0.4633186,20.54095308789596,0.5622665464476836,6.077045666666667,1.5004123666666667,0.24455190201600388,0.0023932456970214666
0.47271028333333337,19.67876813393449,0.5164318126073282,6.431502966666666,1.2571016000000002,0.28618296980857844,0.005627234776814733
0.6502285766666667,20.471380895570245,0.5430837399947711,5.4912398,1.8248349333333334,0.25213240583737684,0.0013906160990397
0.5527025733333334,21.61332253559213,0.5990112851555547,5.2554501,1.7902746666666667,0.24503942827383676,0.0006674925486246666
0.7844793,20.93242096665836,0.5501794899147335,5.467118233333333,1.6034003,0.2480973005294799,0.003385464350382467
1.4445670666666668,18.230940350101964,0.45995183803033823,5.743809633333334,2.080362033333333,0.28498108188311255,0.0057887236277262
0.5688824899999999,22.694689222640836,0.6052448152752289,5.651548333333333,1.5004976333333335,0.25320517520109814,0.003568967183430933
0.46015506666666667,23.051060123989476,0.6105727958574387,5.532826533333334,1.4239517333333334,0.24542086819807687,0.0068543752034505
0.5276074666666667,22.58634057615728,0.5962601858100515,6.162990633333333,1.4879493866666664,0.26796625057856244,0.0
0.5042195733333333,20.32740700876604,0.5305555331089392,7.58802,1.2567031333333334,0.29224785168965656,0.0030076503753661663
0.41481476,21.47741953762724,0.5624219916878204,7.252671,1.3382858999999998,0.2828756968180339,0.005077203114827467
0.5221379633333333,20.642810350078843,0.5546851453334117,7.078272999999999,1.2900505533333333,0.2631109058856964,0.004797538121541301
0.5316168866666667,19.846627577785853,0.5243388051411418,7.462687166666666,1.21425489,0.28072523574034364,0.0008809566497802666
0.4348802666666667,19.721004145638044,0.51772746929438,8.3354615,1.1791467133333333,0.297445942958196,0.005537907282511333
0.5928989733333333,18.337498774597602,0.49099757951586226,8.973501333333333,1.2739283099999998,0.26512145499388373,0.0022629102071126
0.3978349766666667,18.683599764223732,0.48163596802214564,10.184374333333333,1.0045114533333332,0.3006649762392044,0.0024378299713134666
0.39587051666666667,22.516493511599972,0.5737943537776778,7.860914766666666,1.162088,0.29608560601870215,0.0008420944213867
0.3693797966666667,20.428545762576913,0.5460374656604413,8.216227433333334,1.1423722666666665,0.2895993888378143,0.0019640922546386333
0.23127658000000004,22.622810003245963,0.5716187131651026,8.325002166666666,0.9900107666666668,0.2854405343532562,0.002801100413004533
0.51663056,18.922783251047104,0.4838864473241508,10.065696833333334,1.2031318599999998,0.32323092718919116,0.0
0.40521789666666663,18.777323744469996,0.5115041192470683,9.379864666666668,1.4070926333333331,0.3428281247615814,0.0
0.28957290666666663,19.19348481643909,0.5093120863409099,9.011592666666667,1.3027501000000001,0.31373611092567444,0.004747152328491167
0.3849041766666666,17.299676356872983,0.4923409084562653,8.388127866666666,1.4836117666666666,0.3031456172466278,0.0048985481262206676
0.24677489333333333,18.150442241705658,0.48393112717243536,9.655731,1.1064408133333332,0.3657134373982747,0.005587657292683866
0.14621617333333334,19.06898997148483,0.517926147254472,8.819164,1.0693415233333334,0.3305597205956777,0.0013391176859537668
0.18267377333333334,19.178793173375205,0.5720121346704872,7.677715366666667,1.0670780166666667,0.286245584487915,0.0036691029866535996
0.3388936633333333,17.741243658055016,0.518031404664426,8.380773233333334,1.06263579,0.3246125777562459,0.0
0.35788974533333334,18.35773936229896,0.5268645416600822,8.170304666666667,1.4910248533333332,0.32652012010415393,0.0
0.107004335,22.344164767260896,0.6118031170522759,6.6000449,0.8762173533333333,0.2305795053641001,0.0016317367553710666
0.08975387,21.533598527208426,0.5838414741087963,6.9766414999999995,0.6779026,0.26101651787757874,0.0075639088948567
0.09539888166666666,19.976696035331827,0.5932065392745027,7.3944228333333335,0.5954028566666667,0.2414867281913757,0.0035413901011149
0.15187147,19.554939737360996,0.5399222471062846,6.5222045,0.5765533766666667,0.26289283235867816,0.007226149241129534
0.08509078333333335,18.203050807743818,0.4000040651886827,31.596487999999997,0.5060372233333333,0.4187239110469818,0.0024971167246500333
0.26472803333333333,24.12899374008855,0.5884704594815351,8.373296333333334,1.52858495,0.3029468605915705,0.0028007030487060334
0.30381722333333333,22.41996617490919,0.5774486512967907,7.193703166666666,1.4523068,0.2681534588336944,0.0
0.3118398833333333,23.071614348886712,0.6118689741104452,6.7625150666666665,1.2955229566666666,0.27746823430061335,0.004133542378743467
0.21227058933333334,25.659983827200776,0.6672936463407538,6.1397113333333335,1.1814833833333334,0.2343183904886245,0.0026381015777587665
0.31113641333333336,22.968400570819956,0.6175078608184846,6.599923666666666,1.424443733333333,0.25963133573532104,0.0021541913350423
0.24359623333333333,23.905925290252373,0.6241538328858988,6.548076900000001,1.1549769466666666,0.2454599390427271,0.005187829335530567
0.13090739666666665,25.154233203528705,0.6408626280460954,7.322511366666667,0.8880627,0.2661210248867671,0.0010492801666259668
0.15815026999999998,24.30848811436354,0.6531770112067182,6.9987056333333335,1.0751602599999999,0.2159864703814188,0.004690965016682934
0.142240095,23.87555511193915,0.6313179382532847,7.264058133333333,0.9214138333333333,0.21306784451007835,0.0
0.15453529333333332,22.256796601411214,0.6030705058185782,7.887148533333334,0.8609581033333332,0.27919927239418024,0.0018727779388427667
0.21007177,20.820470815680892,0.5714027816246247,7.5443560000000005,0.9027449666666666,0.2568236688772837,0.004008372624715133
0.3067110333333333,18.816250887923236,0.5436793862026849,7.9278613333333325,1.2960755666666668,0.29056358337402344,0.0006925264994303333
0.21407202666666666,20.843183230515905,0.5733456038775634,7.636788833333333,1.0295561133333333,0.2752735714117686,0.004053672154744434
0.25095770466666667,20.189354310482976,0.5701087471203216,8.151220433333334,1.0737085666666666,0.283552199602127,0.003843863805135067
0.2899851033333333,18.830758507818757,0.5306569199272347,8.160983,0.88524122,0.2818111876646678,0.0017424424489339
0.13517485133333335,22.51760455679256,0.6007831304486225,7.799200766666666,0.7519958866666666,0.2518970221281051,0.0022408167521158666
0.11672769866666666,22.802719189250073,0.6128969678562814,8.203718666666665,0.9001813,0.2684880346059799,0.0034016768137613666
0.16702987133333336,22.219169607951574,0.5812913760548329,8.398775666666667,0.81872329,0.2714136093854904,0.004460096359252866
0.11682459166666666,23.538909670715615,0.6164699052814797,7.738321166666666,0.8733514333333333,0.26817252735296887,0.0032444000244140334
0.27952548,20.24107328026811,0.5603938583993389,7.896542833333332,0.9514990666666666,0.2778802265723546,0.006947914759318
0.20623368,21.071904125160952,0.5613722059303,8.247339133333332,0.9323773833333334,0.2943441669146219,0.0
0.18963331333333333,23.29812284846797,0.6066428888712229,7.720648499999999,0.9990410433333333,0.2764609406391779,0.002573490142822233
0.134636635,22.97793488172196,0.5569031581728057,9.345337666666667,0.8088278566666666,0.32556950052579237,0.0020637512207031003
0.14440345000000002,22.8306294709591,0.5640345904311089,9.505892666666668,0.7815972000000001,0.35144683718681335,0.0
0.18846919333333334,23.72346309800891,0.6175181961555505,7.307416566666667,1.0894331233333334,0.2982291579246521,0.004140297571818
0.3269912933333334,20.469170305771,0.5670682778198125,7.496163833333333,1.1347167566666665,0.29565712312857306,0.0
0.216801025,21.696065729343914,0.5535240985773517,9.519344499999999,0.8233411566666667,0.3295606275399526,0.0013357798258463334
0.37594688000000004,20.837708190450446,0.5622515395721838,7.3455368666666665,1.1038822466666667,0.28346599141756695,0.0015048185984293334
0.5366318099999999,17.77364071649522,0.503988414291677,8.496050333333335,1.1488671333333333,0.3008572459220886,0.003432591756184867
0.33034527666666663,18.677718572606583,0.4996924213018878,9.774174,0.9132849666666667,0.3322422007719676,0.0018162727355956999
0.41701168666666666,19.46418663237237,0.5236370213011778,8.496049000000001,1.0435089766666665,0.3344372411568959,0.0033497810363769336
0.36374505333333335,19.45221986991776,0.5064830377117836,8.012402666666667,1.2349625566666667,0.34935158491134644,0.0013252894083658666
0.5641854566666668,20.46714661983315,0.5767599903927533,5.271607333333333,1.2612740133333336,0.3229978382587433,0.005739132563273067
0.22869144,22.941872626260608,0.6173385713581084,5.7729759,0.8666645166666666,0.29246133565902704,0.0027678012847900334
0.23822812666666668,19.459756987846834,0.5291957086478513,7.937530333333332,0.7954558433333334,0.30323561032613117,0.0013422966003417667
0.2871390333333334,20.162870514200836,0.5674857146888233,6.873301666666666,0.8818000533333333,0.30444774031639094,0.004062493642171199
0.19311045333333335,19.054603627190602,0.539316481615305,8.502462333333332,0.8047316166666666,0.3384150564670563,0.0
0.17361619333333334,21.608083629624485,0.4569542156550854,14.480037000000001,0.9332444733333333,0.49583057562510174,0.0021893183390299335
0.2896771413333333,22.6767363310562,0.5405569858068106,8.699536,1.2265085333333332,0.351656436920166,0.0013662974039713334
1.04389782,16.669655924340102,0.41475448494573736,11.829720666666667,1.0771306533333334,0.4301335612932841,0.0
0.22673104833333335,21.623317812953644,0.4831834649208,11.853222,0.9024621833333333,0.4291952848434448,0.0017964045206705665
0.66998566,16.890669534711723,0.4114177777649006,12.922923333333335,1.0366237266666667,0.4664909640947978,0.0021084149678548
0.5838223633333334,18.902046259956887,0.45062826444192505,13.312636666666668,0.7581064466666666,0.4687724510828654,0.004015525182088166
0.39206160000000007,21.53513889808151,0.5277387446945855,8.947811999999999,1.2275794,0.350069522857666,0.005291223526000967
0.09217410433333333,23.888344708123665,0.5514297758119425,11.262451333333333,0.7464299,0.34500205516815186,0.0028332869211832663
0.31870889166666666,19.647974644025698,0.4689236939219348,11.721330166666666,0.7587061766666667,0.40017030636469525,0.0018138885498046667
0.23295521,20.152537049917502,0.45716358135891255,12.753535999999999,1.04219175,0.4084588885307312,0.0028371810913085335
0.38666942,18.92569957961328,0.4434344643787898,12.378561333333332,0.7993363233333334,0.41236430406570435,0.004364013671874966
0.10443314,22.1449184691144,0.4835824415539646,12.956938000000001,0.7113839533333333,0.3833455443382263,0.0016045570373535
0.16550033,20.718905866246335,0.4774202543779178,12.813405000000001,0.8261129766666667,0.3696047365665436,0.0
0.08959866333333333,23.42221244064972,0.5409038709069067,11.454709333333334,0.8686106666666666,0.326977198322614,0.0018709500630696334
0.14844648166666666,21.829765513180295,0.49648360914303585,11.464639833333331,0.83664958,0.3670065502325694,0.003705024719238266
0.28126195,19.39711893828283,0.47552600659515926,10.474717666666665,0.91412335,0.3747036755084991,0.0020754337310791003
1.101208285,21.530858047249467,0.5457227886813053,7.243899966666667,1.6903252,0.34625231226285297,0.0
0.37062609,24.666659742170335,0.6227901399030759,6.571965933333334,1.3998863799999999,0.2980115711688995,0.0033519268035888668
0.36568674333333334,22.082943541917142,0.5727266799629053,7.262648866666666,1.4203024,0.30482300122578937,0.005037148793538367
0.4099716666666667,22.39160128993826,0.5670505537538645,7.512144533333334,1.4203646666666667,0.29941842953364056,0.0018294652303059667
0.10826940533333333,22.70041958980275,0.5266272154262019,11.623002333333332,0.7843578433333332,0.313146690527598,0.0048139095306396
0.11961021666666667,22.43229521910807,0.5131049049172389,11.1740335,0.7896946799999999,0.3402176797389984,0.0023305416107177335
0.14978033333333332,22.92760411186074,0.5515394570772888,9.106053333333334,1.0625437833333333,0.33486833175023395,0.0079715251922607
1.8898946166666668,22.471392456927713,0.5416780383199042,6.904634966666666,1.6317240000000002,0.36204026142756146,0.0
0.12844396833333335,28.62432576765613,0.6870554231869437,5.408694100000001,0.9935941833333333,0.3674899140993753,0.0018235842386881333
0.19897816200000004,24.47501839046522,0.5959706236509643,6.7414190000000005,1.3151036333333332,0.33983447154362995,0.006438891092936167
0.2716605033333333,20.547006033448305,0.48828670330150276,9.319361333333333,0.9975944000000001,0.39047813415527344,0.0011707941691080333
0.09958204,22.09579639416458,0.5173565460050152,10.401874333333334,0.8701128566666667,0.38605130712191266,0.004056374231974234
0.08029406666666666,24.102384792524248,0.5545611228690212,8.740710333333334,0.7485506666666666,0.3527570962905884,0.0
0.21705958,24.269410502566263,0.6914434992247133,5.4378454666666665,1.3332838200000001,0.236186554034551,0.0025122165679931333
0.4963706266666666,19.631641658522714,0.5292283636651112,5.8294422,1.4782550666666667,0.25502272446950275,0.0
0.28486059500000005,21.517040871502942,0.55419453163995,7.359621533333333,1.0366873666666667,0.2512190043926239,0.0027654965718587003
0.30349744,19.850745514373468,0.5245827960457715,7.589955633333333,1.13327698,0.2839861710866292,0.003169298171997067
0.28091557666666667,20.282184144641615,0.5717470958252284,7.623189766666667,1.2504105333333333,0.24627009530862168,0.004956483840942366
0.23574305333333334,21.68431522195894,0.6204347420744746,8.749636333333333,1.5675980333333335,0.26918356617291767,0.003990650177001933
0.23283935533333333,20.970357963288013,0.5938226352534647,8.879429333333334,1.3362827833333333,0.2720341781775157,0.0023748874664306333
0.37618748333333335,20.171658453064055,0.5366940002438679,7.156745366666667,1.256963533333333,0.28327518701553345,0.0016867319742838334
0.2561618333333333,19.4257699004384,0.5397909968859577,8.197345533333332,1.1891057866666666,0.27619678775469464,0.0010341803232828666
0.3873792333333333,17.914442003170084,0.5156665608581062,8.253710666666668,1.4473915,0.3209132055441538,0.0018617312113443998
0.105179454,22.892658872274396,0.5960414649282768,8.689358133333334,0.99680355,0.26619584361712134,0.005446831385294566
0.2801069233333333,23.345351135927483,0.6078951549392434,6.870548433333333,1.1732423,0.2835125029087066,0.004573822021484367
0.4473487966666667,20.99464027125667,0.5650460239800071,7.166674566666667,1.5972719333333334,0.3492993414402008,0.008649508158365835
0.3129173033333333,20.81769346652874,0.5630687193585467,7.133725366666667,1.3126500233333334,0.30927810072898865,0.0014148553212483667
0.12873268000000002,21.391434449406507,0.5506307356053339,9.809845000000001,0.8102583666666666,0.34888843695322674,0.0033698876698811664
0.11660613333333332,22.196926422964967,0.5581015366592722,9.252385333333335,1.02523238,0.35940607885519665,0.0031344890594482
0.18562389,20.153004741192117,0.5493843596748218,9.064072333333334,0.7635259266666666,0.3050703704357147,0.0
0.1638348166666667,20.829941655902935,0.549745868281147,9.658913,0.9151232566666666,0.3358632326126098,0.0014506181081135666
0.08701831466666667,22.68137685751623,0.5754084149473117,9.823423333333333,0.8613729866666667,0.27775655686855316,0.003835837046305333
0.14744196666666667,21.45806676808336,0.5658501401719792,8.907326500000002,1.1202063166666667,0.2988947033882141,0.0016523996988932
0.24748840333333333,18.950283386187916,0.5382312453850675,8.782767333333332,0.8894485666666666,0.30468358596165973,0.005262374877929667
0.47090800666666666,20.173171377248917,0.5582598897270868,6.826030666666667,1.3258495366666667,0.30831646422545117,0.0047570069630940666
0.2690022433333333,20.77865227402616,0.5568323268137694,7.823352333333333,1.1065509233333335,0.3141373693943023,0.0035259723663329666
0.30733591,20.18677308539658,0.5655411077116409,7.0884529,1.0000809566666666,0.2863218585650126,0.0
0.4655857233333333,16.78760662779098,0.48465732993938354,9.28983,1.0770198899999999,0.32342375318209327,0.005173444747924733
0.17144369,20.586753600473376,0.5393478176028089,8.811498166666667,0.8859923866666667,0.30136735737323755,0.0
0.3781875413333333,18.08147980228684,0.5150558062034203,8.568650666666667,1.1137971766666668,0.3419189701477687,0.0015061696370442669
0.28600142666666667,19.124533593908925,0.5288216367213163,8.187679833333334,1.1779676333333333,0.30219077070554096,0.005832831064859966
0.2205127,19.094281421500444,0.5099379196906298,8.632027333333333,1.07897581,0.37243706981341035,0.0039576689402262
0.08440567199999999,20.263475062032665,0.5038089176041265,10.55755,0.6388007633333334,0.3261873424053192,0.006916999816894466
0.10242868533333332,18.96378273518724,0.4718270160580243,11.812149,0.41064536,0.36688268184661865,0.0024220148722330667
0.13257170666666665,19.405147689802448,0.5231883032172348,8.625593166666667,0.91859015,0.3264527569214503,0.0029315948486328
0.36964801333333336,19.080143989736666,0.5459721183314664,6.266704033333333,1.5843976,0.3135949671268463,0.0051329930623372
0.16568268666666666,18.91726246655782,0.5514561848794487,9.101667666666666,0.8976874333333335,0.3106933832168579,0.0048597653706868
0.20314912666666665,19.7848214957307,0.5725183015838923,6.906036933333334,1.2086587,0.27572293579578394,0.0046915213267008
0.6868893866666667,22.637076043327287,0.6011219620085758,5.1012359,1.6691532666666669,0.28361589709917706,0.0020515124003092334
0.24978812333333336,24.241213087096423,0.6766011425428484,5.375570766666667,0.8572838533333332,0.20140964786211643,0.007005214691162068
0.3247513266666667,23.43049153416395,0.6159435219603269,5.3246328,1.2141533333333332,0.19488733013470963,0.0020009676615397
0.19820874333333335,23.45067108692774,0.6772937846244856,6.236274766666667,1.2098257,0.18339023987452188,0.006349325180053667
0.20718350333333335,20.552242243478762,0.5551257282299441,8.209020166666667,1.01672448,0.23508634169896445,0.0
0.13849334,22.316967431604112,0.6106903473875144,7.558002800000001,1.03294989,0.18267619361480072,0.0036699771881103
0.20473408333333334,20.574342833883733,0.5992080030365603,9.025835666666666,0.9481063133333335,0.24808891117572784,0.0
0.15670910333333332,20.139385276428865,0.5856144271548055,9.185229066666666,0.95224615,0.22672828535238895,0.008819500605265235
0.11859286000000001,20.54892552185601,0.6098286196154262,9.353837,0.8581077,0.21021753549575806,0.0040454069773356
0.10021352,20.65778236854723,0.5775945991195192,9.599034999999999,0.9036924900000001,0.22884134948253632,0.0083970228830973
0.08792979000000001,21.12447176664034,0.6196092130689443,9.325900666666668,0.6539011,0.23530972003936765,0.0089050928751627
0.08453656333333333,21.45752214855467,0.6146739758150966,9.341959333333334,0.8125010166666667,0.2323609342177709,0.0
0.12843745333333334,19.63654511227628,0.5630675219561682,10.346995999999999,0.89933053,0.2812595963478088,0.0044604937235514
0.12150932333333332,20.193057616255526,0.5719175479162351,9.358446,1.0482178333333332,0.27727080384890235,0.004821459452311167
0.19899376333333332,18.477288129635316,0.5377225068439079,9.483724,1.2160190666666668,0.297004113594691,0.0026822884877522666
0.14081020333333333,20.01293720681535,0.5624388600821989,9.127898666666667,1.0404546566666666,0.2785296638806661,0.003450870513916
0.08448900366666667,21.278928606768368,0.5574931697145883,10.161555,0.7380984766666666,0.29357062280178065,0.0015177726745605332
0.10436673866666668,19.98933473438679,0.5414859725007117,10.637096333333334,0.8613330833333332,0.2989004005988439,0.0
0.14689547,19.259974361530375,0.5144454746803758,10.857073,0.9140470866666667,0.30687638620535534,0.0014305114746093665
0.13607550666666665,20.519625627844587,0.5725607173016883,9.243018666666668,1.01039358,0.2552033464113871,0.0021152496337890334
0.21639413333333332,17.93904464689918,0.5058667303200425,9.747661333333333,0.9616984000000001,0.30361006657282513,0.0054086844126383
0.09441530466666666,21.474964383352273,0.5826272086168012,9.0377905,0.9499496666666668,0.2805400888125102,0.002133051554361967
0.23818820166666668,18.369297264400135,0.5147100612198732,9.016187,0.8313058733333333,0.31462597846984863,0.0011704762776692666
0.1906767766666667,19.99419000768385,0.5406916598787298,8.538511999999999,0.9326989833333333,0.29172832270463306,0.0053960482279459335
0.2913637466666667,19.405685863237007,0.5424987460620899,7.763470600000001,1.1542136533333334,0.28339185814062745,0.007085959116617799
0.21307518666666667,21.00537873391926,0.5676294266747727,7.038826433333333,1.0056128166666667,0.25463139514128363,0.0036353270212809
0.32265832333333333,21.132053770348154,0.5812189295663611,6.280024833333333,1.2931739,0.25140973925590515,0.0034476915995279665
0.23728844333333332,22.11790481698286,0.5809260205450886,6.431486866666667,0.99877108,0.28318926692008967,0.002978006998697867
0.28709297333333333,20.05543518972948,0.5742480464484373,6.4039373,1.20494668,0.25365871191024775,0.0017422040303548
0.21304330666666668,20.212864698373213,0.5829466095315693,8.085669366666666,1.3107836,0.2906088133653005,0.001007080078125
0.19449518666666665,20.296248665746717,0.5812220624683268,8.230982500000001,1.2661138,0.2850286662578582,0.006159941355387334
0.12764466333333332,21.79421041056447,0.5975924234715677,7.731117566666666,1.0406151666666665,0.25579687952995295,0.007486979166666599
0.66625955,21.723634954037667,0.5968898744096531,5.31682,1.7575788799999998,0.20379354556401563,0.0059417088826497
1.08473404,19.59366232127321,0.4901257762498945,6.222026866666667,1.2209634133333334,0.24759124716122946,0.0
0.3733709033333333,21.847836398920297,0.5833773133790697,6.521048533333333,1.4338647166666665,0.24369194110234574,0.004344145456949834
0.8671762933333333,21.269767407633797,0.589773870471258,5.229166433333333,2.3816621666666666,0.23871414860089613,0.0020858446756998332
0.34309827666666665,23.246375217508135,0.6516186653938748,5.697124266666667,1.6872934666666668,0.2400824129581451,0.0019621849060058334
0.26721571666666666,20.402146018435086,0.5496382366132855,8.966465999999999,1.3629633333333333,0.27608369787534076,0.0060181617736816
0.28981071,20.842239399534446,0.5574519276173792,8.545813833333334,1.2938570466666668,0.2867981245120366,0.0
0.15417,22.55893587938029,0.6208419194669177,7.865921366666666,1.213945,0.25820817550023395,0.0016794204711914
0.40049036666666665,19.2217930474522,0.5468799649969854,8.375795833333333,1.4742087266666666,0.2958067158857981,0.0033573309580485
0.5061092133333333,18.40815768100583,0.5339968268210488,6.744986833333333,1.3722634999999999,0.2742412537336349,0.004069566726684533
0.3089411766666666,20.49393976040186,0.5808554188688548,6.566272866666668,1.0428423,0.23319554825623826,0.0
0.5561228166666666,17.540105519804907,0.4612151987708782,7.452306733333333,0.8844071000000001,0.34381212790807086,0.004930257797241167
0.2654144133333333,20.53730972764477,0.5583010170511042,6.545113533333333,0.7682534133333333,0.2748575657606125,0.003976662953694633
0.22871522,20.951749312647717,0.593884345288495,6.8112026666666665,0.8742559333333334,0.29994996885458625,0.0028060277303059663
0.30266551466666664,20.938052773094054,0.5669570083190695,6.786778133333333,0.9821832666666667,0.2998158435026804,0.004102150599161733
0.16420046700000002,24.125876330636704,0.631096279396821,6.792898999999999,0.8865107566666666,0.28424421946207684,0.006473859151204367
0.26429366666666665,22.337142745885956,0.6086671657567936,6.9224429333333335,1.1533767,0.25854340692361194,0.0044762293497721
0.33943728,21.61390524505195,0.5920891500327293,7.300796533333333,1.3212831666666667,0.2671767175197601,0.0061402320861816
0.26722526333333335,20.712350634886466,0.5369470773417442,9.0969482,1.1051781999999999,0.27613443136215204,0.0015139579772949
0.35870973,19.749036676533752,0.5335501243431917,8.880810333333335,1.2556986866666666,0.27829165259997046,0.008776903152465767
0.49573525,18.91914039214038,0.5281145254246165,8.236782233333335,1.5562985666666667,0.2970972607533137,0.0068550109863281
0.33195211,20.086292977936413,0.5566243079135808,8.357041,1.2823342666666668,0.284943401813507,0.0059742927551269
0.3914764933333333,21.93235070592982,0.5903955087743035,8.060268233333334,1.3128954633333332,0.26608662307262415,0.0027167002360026
0.25264182533333335,21.49076396932898,0.564451232849183,8.535318833333333,1.0205949,0.27656079332033795,0.0052820841471354005
0.32918637999999995,21.428156336444413,0.5719026261931076,7.5887731,1.2424788966666667,0.26764543851216627,0.0031633377075195
0.2923861833333333,20.374694278256595,0.5339203162814791,8.016743733333334,1.0160152,0.27852564056714374,0.005651315053304
0.26821269333333336,21.269275707716634,0.5925155770224472,6.960268633333333,1.2916427666666668,0.28297835091749823,0.006683588027954033
0.3873557366666667,17.6669232277134,0.4890453982009828,8.523331,1.4554179333333332,0.31711729367574054,0.0
0.27291314,18.525961744222336,0.503629996170925,7.9810848000000005,1.0907736333333333,0.2977272570133209,0.005417426427205367
0.29486451666666663,19.135564417410063,0.5530493061731336,7.0515616,1.3429394,0.3354804217815399,0.005462725957234667
0.33009338666666665,18.640062091541164,0.5142132733554701,7.151298833333333,1.1770095666666667,0.3252264161904653,0.0033802191416422334
0.1965550833333333,18.684161201670104,0.5513281275705372,7.4005309,1.0667247333333334,0.28078774611155183,0.0028514862060546667
0.18366489666666666,18.998363536616694,0.5364603295547847,7.503109233333333,0.9882012666666666,0.2684676547845204,0.0019252300262450669
0.12155987133333333,16.766339124573992,0.39031479024215043,29.424166666666668,0.6177864233333333,0.4765564302603404,0.005936940511067666
0.3159569566666667,26.914290133737648,0.7149139654488254,3.8177202666666665,1.3667687099999999,0.15058583021163938,0.0060177644093831
0.3372799933333333,23.417205179160547,0.5557716499870885,4.667588233333333,1.3532995,0.15240076929330817,0.0057214895884195325
0.28856597666666667,21.4713497890467,0.5332237321860226,5.1759466000000005,1.2451063533333333,0.1876151214043299,0.003886620203653933
0.2546890486666667,21.970854636630005,0.5479789312039155,5.252351,1.0848879666666666,0.16751174132029212,0.0040299097696939665
0.2500617633333333,18.983593190763695,0.47475848859161224,7.4196011,0.9011581,0.2010441770156224,0.0030148029327392335
0.30931749333333336,17.36912931424241,0.3601066478350898,8.361601133333332,0.8093826666666667,0.21195936699708298,0.0035327275594075
0.19815815333333334,18.945556921463172,0.4569100243746578,8.460169666666667,0.9514510666666668,0.24954888721307114,0.003813346227010067
0.2301393833333333,18.151543858216694,0.5348220360072039,8.090105166666666,0.921107,0.23750527203083036,0.007741212844848567
0.19724666666666665,18.99631530877453,0.5033097604256614,8.0589072,0.9774234999999999,0.19813154637813565,0.007298787434895766
0.20410134666666668,17.97592963489158,0.44909486494664025,8.940427666666666,0.8054527533333333,0.2683097372452418,0.0013761520385741999
0.18092782,18.607620637917787,0.4810127212490896,8.223773333333334,0.9417150333333333,0.24334295094013214,0.0
0.26491956,16.429919268759672,0.4599170642144838,9.1072125,1.1016511166666667,0.2931924561659495,0.0013279914855956999
0.11481984,19.42830595529498,0.48542692708538365,9.857709999999999,0.7606891666666667,0.303199162085851,0.0013027985890706334
0.23572228333333334,17.23632643316274,0.4532836000792608,9.224680999999999,1.0106158666666667,0.32019042472044623,0.007476965586344367
0.19940466,17.246711025207926,0.45335988572546365,9.774728666666666,0.8273369333333332,0.3605121076107025,0.0
0.22820832999999996,16.476967026185118,0.45447101869612516,9.519198666666668,0.9611994666666668,0.326121320327123,0.0017391840616861668
0.19270824,17.621309548952112,0.4730093592419759,8.759464166666666,0.85319438,0.30971575280030567,0.0030210812886555666
0.23453583666666666,17.13010652131393,0.43757744557361217,9.751064999999999,0.8319187666666666,0.34523410598436993,0.0059585571289062006
0.3276053466666667,15.73261970897209,0.43868692929853204,9.335224,0.9737191533333333,0.31563786665598553,0.0034653345743815
0.20692492333333332,17.89351301031544,0.4831832684621875,8.979574333333334,0.8284139033333333,0.31124309202035266,0.008082707722981733
0.21730027,17.885801982559226,0.486448520187364,8.899025333333332,0.8447049,0.29988862077395123,0.003204584121704067
0.28356929666666664,16.808446902081233,0.4611703783885943,9.040439000000001,0.8131181866666667,0.32504708568255103,0.0008539358774820667
0.19591509666666665,18.6272346490881,0.5028624062393136,8.592168333333333,0.8293706133333333,0.29514916241168976,0.0006675720214843667
0.24253697999999999,17.075973455838415,0.4691995057930743,9.0651555,0.7876344666666667,0.3285308976968129,0.0012631416320800666
0.19840496666666665,17.64982478580222,0.4729904270603283,9.110242999999999,0.6817760866666666,0.31800237794717146,0.0054806868235269994
0.20169702,17.81101231783902,0.5139413667697773,8.589523999999999,0.8120488066666667,0.29818493127822876,0.0056135654449462336
0.18841621666666666,17.68791955348759,0.4758529690443352,9.007498,0.58436672,0.32069400946299237,0.0029992262522379
0.16504584333333333,18.145117907887848,0.5144839294430232,8.594562000000002,0.6177248766666666,0.26447987059752137,0.0041389465332031
0.18817458333333334,17.682422558225085,0.49304595383493804,9.198762,0.6983786,0.2738840530316035,0.0018116633097330665
0.134618962,19.185006967127606,0.5466961968122219,8.598900666666667,0.7824043066666667,0.24279358486334482,0.0025757948557535333
0.16241167333333334,18.648651868029077,0.5216948019934714,9.047325333333333,0.7643982433333333,0.2809639275074005,0.004559675852457667
0.19261305466666667,17.8590904257339,0.48778011550453,8.951224766666668,0.76001,0.2809773584206899,0.0016352335611978998
0.16436074999999997,18.04562695438923,0.5387065984746153,8.166639499999999,0.7762382333333333,0.21782148381074265,0.0031979084014892335
0.4493813133333333,23.47223630353314,0.6944729866231651,4.2033834,1.8013757000000001,0.1350878775119781,0.005015214284261033
0.26254445333333337,25.560694608419485,0.6819898092814153,4.060226533333332,1.3880378999999998,0.11659611016511917,0.0
0.44524450333333326,21.81595409774599,0.5247214802413732,4.877334066666666,1.3388338666666666,0.1267658546566963,0.006820996602376267
0.16176153333333332,21.10344579451805,0.5899742742995232,6.217124633333333,0.9650320333333333,0.17778631548086798,0.0
0.2290119133333333,18.985857742652684,0.578579044866976,7.580061466666666,0.9510980466666666,0.21188040574391676,0.0013593037923177
0.24784742999999998,18.438684951470446,0.46270211557477875,7.5583646,0.9042962333333334,0.2239808688561121,0.0007700125376383333
0.2349989566666667,18.451487834886994,0.5226729219615205,8.198172133333333,0.6506352833333333,0.21792200207710258,0.003916740417480433
0.16973871,19.2695781717083,0.48255433927986596,8.195343466666666,0.7681818033333334,0.21625996132691697,0.0051863193511962336
0.15383056000000003,19.809113387158845,0.549354256720631,6.903088566666667,1.0288401333333332,0.21592512230078378,0.0
0.17092789666666666,17.839082101388005,0.5034592164558632,7.6770441,0.6074248266666666,0.227892185250918,0.004255453745524033
0.12915117466666667,19.150958459059968,0.509570294771052,7.923656566666666,0.8690883899999999,0.23372310400009147,0.0018821557362874001
0.12694499,19.388929349209164,0.54282775819517,8.675123333333334,0.9832491966666667,0.25251017510890955,0.004616419474283834
0.1396039033333333,19.22105584242991,0.5519401011984764,8.012238466666666,0.7601424433333334,0.2360745668411255,0.0013887087504068998
0.08917917866666665,20.361504265308778,0.538265567393991,8.759844000000001,0.8074610333333333,0.24073427915573117,0.004486083984374966
0.19460107666666668,16.795139476741507,0.45949247824724965,9.975780333333335,0.96111652,0.3482488195101419,0.0018500487009683998
0.11676807,18.42080951116579,0.47685478564476824,9.567740333333333,0.6292905333333333,0.30320219198862713,0.005379756291707334
0.095879905,19.14361561191801,0.5118657191169067,9.3231295,0.7091667466666666,0.2771005829175313,0.002816994984944634
0.11385730000000001,18.124030638851846,0.4962024902632492,9.419899833333334,0.8904104366666669,0.2570195992787679,0.005176385243733666
0.125859748,17.65439005673784,0.4777719075940938,10.016379333333333,0.8655493133333335,0.2870466907819112,0.0049503644307454
0.11002629166666666,18.03354316583592,0.522717385484018,10.506700333333333,0.5545115533333332,0.27729877332846325,0.00120743115743
0.11904212533333332,18.210226182950173,0.5295408239587548,9.873836666666667,0.89956078,0.28715605040391284,0.005441427230834899
0.23572393000000003,16.69099627929341,0.4922388605154384,9.952055333333334,1.1910725,0.31766441464424133,0.0036778450012206667
0.17221054666666666,18.55325156742722,0.4956693210324212,9.295302333333334,0.8989786,0.2973078986008962,0.005846103032429967
0.22244564,16.768595831892153,0.48070806144114925,9.676991666666668,1.0052816866666665,0.2976735730965932,0.004747311274210567
0.15016316333333332,18.381801072160073,0.5021161539389568,9.020305333333333,0.6836300599999999,0.3089615801970164,0.0033894379933674997
0.20437408,17.93006221185603,0.4851424018627481,9.052552333333333,1.0526429666666666,0.34520115454991657,0.0014646848042805666
0.16688172833333334,19.256280929503806,0.5259598268756607,8.338175,0.9109757166666667,0.2969459295272827,0.004641850789388
0.17557869199999998,20.55002089348147,0.5708805896249721,7.286657166666667,1.0890284000000001,0.2611583818991978,0.0061884721120198
0.17787081333333332,22.10599232858743,0.6386971672684038,6.0386135,1.2511441333333333,0.21407216787338257,0.004446585973103799
0.21819323666666665,19.894477897200066,0.540488347108512,8.157794233333332,1.0006868866666667,0.3128099739551544,0.0
0.138213795,21.90091671486688,0.6030141748046318,6.964144999999999,0.9037976233333334,0.22525848448276517,0.0053348541259765
0.1689837133333333,20.453528059924004,0.5390364627331291,7.986954999999999,0.8931694333333332,0.3115431368350982,0.0
0.19075761333333333,20.168393677251238,0.5503251465123317,7.413032,0.9547184533333333,0.2828961908817291,0.008135875066121366
0.17064624333333334,19.667743966865785,0.5623915592487682,7.232783666666666,0.8543951100000001,0.25450129310290015,0.0013904571533203001
0.2929563446666667,19.022232010422393,0.5241668211945774,6.4366145333333336,1.0450573133333334,0.265954648454984,0.0014066696166991999
0.33595004333333334,23.16203192071802,0.5323208226241474,8.901146333333335,1.4639857333333335,0.37630608677864075,0.0024147828420003
0.18690667533333336,23.330815952465702,0.5888447560386744,7.8248487,1.1098174866666666,0.29609683156013483,0.003196636835734
0.194824658,23.999403346335594,0.5946897244494537,8.226575166666667,1.15415752,0.2993847330411275,0.006491263707478767
0.08992812333333333,24.300903881293383,0.6003994373379467,9.493201000000001,1.2138932833333334,0.2967819968859355,0.005232334136962866
0.23370273666666666,21.08278322390525,0.5546415812346783,8.510264,1.2616571666666665,0.295456866423289,0.0018390019734700334
0.214889098,22.540833879031368,0.6220718345269171,7.429098866666667,1.5421361000000002,0.2464169512192408,0.0021302700042724336
0.25551575,20.113517471485228,0.5545601652524325,8.800544333333333,1.2168028533333333,0.290705402692159,0.0
0.159041368,23.08638631249809,0.6160414001320303,6.909429733333333,1.2457314333333336,0.3080202440420787,0.0016874472300211333
0.15408050333333334,22.951794051490992,0.6198493202056407,6.602313166666666,0.8703206366666666,0.2790205925703048,0.0017782847086588334
0.30442974333333334,20.4648618973618,0.5719541646567151,7.217989299999999,1.1746503333333334,0.3097566068172455,0.0033589204152424668
0.41080832333333334,18.6505495506514,0.5093697764315414,7.737998133333332,1.4949423,0.368361900250117,0.004203240076700834
0.13859609866666664,22.617651141246526,0.5791507693275153,8.575788333333334,0.8605246000000001,0.33005447189013165,0.002800226211547833
0.2751410933333333,19.908346316762966,0.5281320411765036,8.680407133333333,1.1800654,0.3468499481678009,0.0022115707397460664
1.0336102233333333,17.87403143438757,0.48458844669272416,6.7537074,2.2461983433333335,0.36838958660761506,0.0029156208038329996
2.3903669400000003,22.6371370808002,0.5474748592586512,4.2282254,3.9516413000000004,0.3289186110099156,0.004662593205769834
1.1691224,16.93894547618005,0.47348434119396526,6.291374533333332,2.1826556999999998,0.3230215807755788,0.0029224554697672334
0.9617815833333333,15.898285373964077,0.48140670031965244,7.394396433333334,2.3979017666666667,0.3253156741460164,0.0023665428161620664
0.14189095333333332,20.79723923882141,0.5586245758485852,10.441547666666667,0.9943700000000001,0.26804931958516437,0.0
0.4265019466666667,18.391639787493773,0.5081852032980233,9.898679,1.4644297999999998,0.3137539029121399,0.005196173985799133
0.23836542833333332,19.568878208080474,0.5198902697586183,11.947749,1.1863477533333333,0.3134443759918213,0.0028347174326578666
0.40492908,17.159881449287624,0.47966259460487043,10.130532333333333,1.3726665433333334,0.3068589468797048,0.0023003419240315666
0.2894319,18.642872766651386,0.5341188119211163,9.910652,1.3991234,0.29019449154535926,0.006196578343709266
0.23707378666666667,18.58118183034976,0.4791341625820363,11.104608333333333,1.1398712800000002,0.3263009488582611,0.003259261449178033
0.14519382333333333,20.644160843769075,0.5646883523406837,10.016277,1.07805095,0.2542417148749034,0.0066813627878824335
0.26866944666666664,19.122963127919302,0.4799287415896282,9.892047333333332,0.8987897333333333,0.3412835896015167,0.005619128545125266
0.1433791613333333,19.00061912100065,0.4534441092234758,11.689165000000001,0.9707149666666667,0.35260342558224994,0.0010231335957845
1.1794046233333335,20.314880815870985,0.5247709843783739,5.6790131,2.690535166666667,0.35948513944943744,0.003767410914103167
0.26898216666666663,22.714348581181486,0.6079996153023504,5.648148533333334,1.2472587666666666,0.31177399555842084,0.0026140213012695
0.13522287,23.641596694175472,0.6255801658876479,5.874970266666666,0.9343986466666666,0.30660208066304523,0.006133953730265267
0.7414425856666668,22.099774701009903,0.6105124518262712,4.796264133333334,2.34366969,0.3143076499303182,0.004529158274332633
0.17375126200000002,22.875854162059298,0.6130444359798455,5.593842666666667,1.08154095,0.26185639699300123,0.0
0.42712675,12.740632613204932,0.2898623937546907,36.89191433333333,0.31816327333333333,0.6161078214645386,0.0022834142049153335
0.57017969,22.085158476233985,0.5663940391124879,4.731259233333334,1.4843044333333335,0.2447344114383061,0.0034305254618326336
0.24424950666666667,21.866737372160078,0.5196518774898949,4.745864766666667,1.2442695833333333,0.16242177287737525,0.005522330602010034
0.21510284,19.20523005857354,0.36714863359267297,6.371853733333334,0.8339796433333334,0.21687734623750043,0.0026930173238118335
0.17486998666666667,19.585117167145953,0.5372796465808749,5.6511610333333335,1.1688297,0.15222048014402387,0.0
0.13926101999999999,19.74726111987236,0.5233375694766331,6.8596642333333335,1.0839032,0.22495300571123752,0.003444989522298167
0.10513425533333333,19.872240017631896,0.557541457628377,7.529064866666666,0.945624,0.201952134569486,0.0029535293579101003
0.17038876666666666,17.76406051156066,0.520435460949555,8.003944266666666,1.0606702166666666,0.25682417551676434,0.0019590854644775334
0.14910305666666668,17.810120417372705,0.4858822495468463,8.122644333333334,0.8270199566666667,0.2844658195972442,0.0
0.160346315,17.734797852387235,0.5098590448615471,8.387303333333334,1.0408116333333333,0.2985486835241318,0.005395650863647399
0.187229485,17.714262297285696,0.5194062035822951,8.103999133333334,1.1835474666666668,0.33217341701189673,0.004806518554687433
0.16676462666666667,19.446026480522722,0.5438977260483387,7.040899400000001,1.1745991533333333,0.3519566257794698,0.0
0.25311402,17.53585812260454,0.5265630238551083,6.743356766666667,1.0347655900000001,0.3352448046207428,0.003603696823120067
0.12870030333333335,21.04600051371965,0.618717426381448,5.664405766666667,0.8006163666666666,0.31469791134198505,0.0017336209615071334
0.286516369,19.53145425683282,0.580394373868849,5.9337024000000005,1.198672,0.36949723958969116,0.0
0.29737109999999994,17.45731010751662,0.5334905993173237,6.0304408333333335,1.0722001333333333,0.4068730374177297,0.005922873814900666
0.21784804000000002,18.59195142330614,0.5665827072166071,6.0560353000000005,0.7042553366666667,0.3936929702758789,0.0057886441548665
0.2544869166666667,17.012258118240336,0.48545026802281016,7.121302433333334,0.7548967666666666,0.4440760811169942,0.0006995995839436667
0.21768403000000003,16.375071912119875,0.4813932025845291,7.9094752,0.71140398,0.4497118989626567,0.0034354527791341
0.167826818,18.24960179490445,0.5495030447313988,7.3100041,1.0922368566666665,0.35467349489529926,0.0021716753641764
0.18517774333333334,17.952969906429008,0.5054957373360779,7.253684166666666,0.5801566466666667,0.40436620513598126,0.0016441345214843665
0.22792528666666667,16.659255417040537,0.4945881142777954,7.315860099999999,0.62481287,0.4191068708896637,0.0027043024698892664
0.20945054333333335,16.664932141934646,0.485713137446068,8.137161666666666,0.6659621566666667,0.44596436619758606,0.0036892096201578666
0.24712646666666668,15.404389577275289,0.44896568505872514,8.362946766666665,0.4937805133333333,0.40669746200243634,0.0
0.21646832666666668,16.94831830086074,0.4480026733787315,8.928255,0.7192848,0.4620492060979207,0.0003035863240559667
0.2662241633333333,15.797381410804148,0.41389624164566063,8.864115333333332,0.6572258366666667,0.4599663019180298,0.004648844401041634
0.22977017999999996,16.960822888618697,0.45146778897383366,8.812548666666666,0.6469075466666667,0.4051637252171834,0.0036869843800862337
0.22006127666666667,16.619641783865394,0.46094244316441735,8.347305666666665,0.6869208666666666,0.4134242037932078,0.0033717950185139667
0.23561565999999998,16.070284196037665,0.45447355988324706,8.573270666666668,0.68965853,0.4456692536671956,0.0034681955973307004
0.126238782,18.778973410415148,0.5090222580567747,8.387190333333335,0.6440427533333333,0.4064128100872039,0.0011875629425048665
0.12790597333333334,18.870456545643663,0.513585167212125,8.326600666666668,0.6220097299999999,0.387530376513799,0.002203702926635733
0.11344602,19.062379986829352,0.516945338925688,7.898038799999999,0.6114312166666666,0.37216199437777203,0.0013350645701090333
0.10200337666666666,19.96641621880221,0.5768396530868867,7.212649633333332,0.9421282666666667,0.3475808600584666,0.0038033326466877667
0.13339974466666668,19.00766230938414,0.5388399831086079,7.3301124,0.8001190333333333,0.3825923601786296,0.0
0.12824497999999998,18.983918571747196,0.5710764876736837,7.392908666666667,0.9439834,0.3863308330376943,0.006922403971354133
0.11145467499999999,17.92751325271874,0.37977512899913307,31.076102000000002,0.4498176333333333,0.4734878937403361,0.0025630791982014667
0.27579324666666666,22.44919416762363,0.4886164673800832,12.027106666666667,1.2526146999999999,0.42384575804074603,0.005029996236165333
0.45618705666666665,22.03325226951581,0.5025959211889961,9.452212999999999,1.0900295333333332,0.3823915819327037,0.0014924208323160665
0.2728967006666667,23.0661925588378,0.5121261832499826,10.703013666666669,1.0834761333333331,0.39313410719235736,0.002685785293579067
0.21674285333333332,20.567146017013116,0.4592008214527321,13.847969999999998,1.17435469,0.4295443793137868,0.0016880035400390332
0.23467570000000001,23.543453006412488,0.5540905377966548,9.679783333333333,0.9841786866666666,0.3351580003897349,0.0034333070119222
0.10475864,24.43140856491321,0.5312374419012466,11.772267999999999,0.8941731,0.3924063841501872,0.0062657992045084
0.32672698000000006,21.352378620363165,0.474603929890407,11.575062333333333,1.13129152,0.4080661137898763,0.0007584889729817666
0.16313804133333334,24.49659072000885,0.5947678567974694,8.613547500000001,0.9802544333333333,0.3156582365433375,0.0010783672332763665
0.33208156666666666,20.833607451496004,0.5215851920860118,9.158244333333332,0.8394649433333333,0.3239039480686187,0.003284056981404567
0.17423883666666665,22.589533657071573,0.5318989210371737,10.204215,0.8750615666666667,0.30865851044654846,0.000981330871582
0.24372745333333334,21.00508192828694,0.4987045505031576,10.691807666666667,0.9153355733333334,0.3410644580920537,0.0037151177724202337
0.26576265866666665,25.059861629492982,0.5802233884866336,8.180530533333334,1.27808275,0.3395438889662425,0.004300196965535433
0.16776250999999998,25.475640821742342,0.5766012186043471,8.642487000000001,0.8820572666666666,0.34464826186498004,0.005496342976888
0.15999052666666666,25.49966564224624,0.5923076472718544,8.156214233333333,1.0130854333333335,0.3226551910241444,0.0021649996439615667
0.15745205999999998,24.36209796543085,0.5686804921093259,9.042917333333333,0.7158889233333334,0.3316221634546916,0.0006703535715738666
0.16558055666666668,23.981876883241583,0.5468817356671408,9.284574666666668,0.7266133333333333,0.31710396210352576,0.0018520355224609334
0.2079211353333333,23.486452384558614,0.5834489893143939,8.169844766666666,1.0696689333333333,0.3051627079645793,0.005518515904744434
0.14296044666666666,25.544209807326368,0.624472400334222,7.390890333333334,0.9725659499999999,0.28290606538454693,0.0060803095499674
0.13212042666666665,26.928988173216386,0.6535717960625578,7.084552599999999,0.8504279633333333,0.26214143137137097,0.005733728408813434
0.24046400333333331,24.971568765698795,0.619285618938511,7.252534,0.9676323666666667,0.31124949455261225,0.0025018056233723665
0.11754612866666665,27.5623900110193,0.6792660905129995,6.9071353,0.66270981,0.27554178734620405,0.0
0.18177586999999998,26.314152912518562,0.6554078933630735,6.735698999999999,0.7518567533333332,0.28226720293362934,0.0009864966074625333
0.47759808,22.359011906882802,0.5698600864803754,7.5162238,1.3030574666666668,0.3515654404958089,0.0020968119303385333
0.1706816733333333,25.003638877544834,0.6275388594057626,7.273625633333334,1.0144852666666668,0.2788795332113902,0.0035901069641113
0.22814557666666668,22.561504299534096,0.5584259476405061,8.979049333333334,1.1638342033333333,0.3132821520169576,0.0046762625376383
0.1428471,21.443932700029844,0.510131985429879,11.342400333333332,0.7142374266666667,0.33165477712949115,0.004046122233072867
0.17145470833333332,24.41646807690518,0.5988397734463432,7.625317666666667,0.8890532000000001,0.3279173572858174,0.002742211023966467
0.1328053233333333,20.722721437833314,0.4950432918927108,11.379711333333333,0.82128762,0.3132995168368022,0.005357901255289667
0.14317857666666667,21.62668988857639,0.5521652250790805,8.949517666666667,1.0190130333333334,0.2843815187613169,0.0018080075581868333
0.10051231533333334,23.160806569484123,0.5679937757126993,8.670822666666666,0.7523989233333334,0.30682270725568134,0.0007539590199788334
0.156880878,20.593231567235577,0.51744047958972,9.257615333333332,0.98870872,0.3463470786809921,0.0
0.08563228666666667,21.41776331200828,0.5288390629360037,9.8877215,0.6746629766666666,0.35275865594546,0.0065213044484456
0.16743476999999998,17.06085095525264,0.4467334993496462,12.130425666666667,0.9056600533333334,0.48040223121643066,0.0
0.18050323233333335,19.279987994811847,0.5469459329403553,9.96398,1.12543827,0.33915353814760846,0.0012405713399251
0.23964316666666666,19.40795146178012,0.5485501950905488,7.226661133333334,1.3740664666666669,0.3012808362642924,0.0005853176116943333
0.21569983333333334,22.324627714739318,0.5078204017488426,11.309233666666666,1.46481278,0.3871478637059529,0.002800146738688133
1.15795652,20.95021794675969,0.5560091915774793,4.978252966666666,1.5888802333333334,0.22865971426169074,0.0
0.34365486333333334,21.954299095438586,0.6270103847157689,4.529968733333334,1.4397304666666668,0.23177222410837808,0.007143974304199167
0.2829700233333333,22.339165084056514,0.5913190046093787,5.5684882,1.1448757466666666,0.25748286644617707,0.006515979766845666
0.6266146466666667,20.684169802653084,0.5422853003009159,5.268508233333333,1.4763622666666667,0.27451915542284644,0.008228143056233666
0.3561728766666667,21.409051247046392,0.5984980728399673,6.019597533333332,1.4299892333333333,0.31132792929808295,0.008797804514567
0.23493467999999998,22.131597642449066,0.6231463756808578,7.424832299999999,1.2823132333333334,0.2684612224499385,0.0
0.27421343000000004,23.21568609379767,0.5955301998570732,5.947337233333333,0.9837486066666665,0.2249167710542678,0.0036486784617105997
0.35112320333333336,20.54288467170137,0.5451685679171665,6.891166966666667,1.0893001333333334,0.23798117041587827,0.005478779474894166
0.17447804999999997,20.73294606130216,0.5783734197901521,6.8136193,0.7818172333333333,0.23763029277324674,0.0010162194569905334
0.19448429,19.766217261618863,0.5567175423633659,7.093315166666667,0.6971162366666667,0.2599906375010808,0.003489891688028933
0.24543869,18.74140061938036,0.5317697967086573,7.1009823333333335,0.8971217733333333,0.26339498658974964,0.0030891895294189
0.24670211333333336,19.475006773909175,0.5848680727859997,7.160459666666667,1.1041641566666667,0.2791038453578949,0.0013651053110758334
0.3663987766666666,18.402033174712532,0.5133453250309741,7.408829,1.0940094466666668,0.3051093320051829,0.0056637922922769994
0.21115449333333336,20.56522534053403,0.5847013990662286,7.132417466666666,0.9308139,0.27661097049713135,0.0013485749562581334
0.48313198,17.062865931656486,0.4840200856092829,7.2502121,1.0278072633333333,0.3106985787550608,0.006143331527709933
0.25377200333333333,20.691308447963294,0.5884885165673023,7.2867811,1.1862301000000002,0.2943717837333679,0.006356875101725234
0.34485861,20.717113155952394,0.5613316809214324,7.3125455666666666,0.8428105133333332,0.3123488674561183,0.0
0.19872222833333333,21.80099592645298,0.585816799536763,8.349708666666666,0.9248179533333333,0.3281866113344828,0.004925568898518833
0.2807310333333333,22.027338460460385,0.5720574719729439,8.039789133333334,0.8426042533333332,0.2932959447304408,0.0033521652221679666
0.19391739666666666,20.50749011702875,0.5649022816180701,8.823310333333334,0.9000088433333334,0.26713258028030396,0.0027070045471191333
0.26053567333333333,18.253287181314953,0.5071097916684878,10.193546,1.00564385,0.28920347988605494,0.0050779978434244335
0.10897445666666666,21.667323653750973,0.5308485277972074,11.466657333333332,0.7477367999999999,0.31750576694806415,0.002043008804321267
0.15018631000000002,19.98775425605311,0.4797623504622634,12.859771,0.68708984,0.3602560659249623,0.0012265046437581334
0.16609521666666668,20.102670295596013,0.5074559210168659,11.899520333333333,0.7483556466666667,0.33090207974116,0.0
0.20251586333333335,20.280470660468534,0.504664033894178,11.730427333333333,0.7947324400000001,0.309575284520785,0.008872111638387
0.24637690166666668,19.4285273261486,0.49667199058377803,11.028754999999999,0.9547227066666667,0.3112090826034546,0.0026815732320149663
0.3522290433333333,21.21335812655467,0.5566318452904236,7.9132138,1.1980221333333334,0.3040989736715953,0.0
0.4501662033333333,20.599857055992604,0.5519939481497863,7.574708966666667,1.3338229333333331,0.29116037487983704,0.0
0.28599675999999996,17.78193511878134,0.48914156680017823,10.774895666666666,1.2846108566666667,0.3610787789026895,0.0019994576772054
0.2771453266666667,20.923047030889702,0.5673660783972544,7.968158133333334,1.2354480466666666,0.2864191134770711,0.0025527477264403998
0.21338981333333337,19.66860631578678,0.5108305567527945,9.637158666666666,1.1574149,0.3155726492404938,0.0034329891204833668
0.14210168,20.10849317436281,0.5060870098910638,10.500721333333333,0.854816,0.2880694568157196,0.005172491073608366
0.3163437466666667,18.88913999908291,0.5250860456657357,8.942143333333334,1.3090865999999999,0.32517718772093457,0.0013552506764729667
0.12601425333333335,21.51768429061967,0.5486957029867207,8.743334333333335,0.9064136666666668,0.3160215814908345,0.007251898447672467
0.2426860266666667,20.197181432879898,0.538670249935191,8.942951,1.0925556,0.31145323812961573,0.0020276705423990667
0.09388469333333334,18.257534924498476,0.3674515781522689,30.422409333333334,0.48090428,0.5236792465051016,0.004619280497233066
0.7390120533333334,21.474898290799498,0.5002258342933538,9.110141333333333,1.4833742533333334,0.37668344378471375,0.004833380381266233
0.2534943983333333,23.5647020952774,0.6589589838980247,6.063662366666667,1.5033329999999998,0.24862798055013016,0.0
0.3396870633333333,21.289427417271718,0.5723293857817269,6.448454566666666,1.1489357,0.23824175198872885,0.0030409495035807004
0.15875498,24.872133880708876,0.6889767314090385,6.2913131333333325,1.11930158,0.23486335575580594,0.0037169456481933334
0.11179894666666666,24.960759361236523,0.6464923711380673,7.840486433333333,1.14187035,0.2998514374097188,0.004009326299031534
0.15926514666666666,23.054773534737162,0.5986197872854389,8.0956899,0.9769458666666667,0.24087688326835632,0.002213716506958
0.08055799933333334,25.99167916528766,0.6586537190559062,8.2602905,0.9741649766666666,0.27540874481201166,0.004784027735392234
0.17883167666666666,22.61293566762883,0.5914470011703944,8.725341666666667,1.08701328,0.3087440580129623,0.002393643061319967
0.32702029000000005,19.15893786785164,0.51466565041032,8.658715666666668,0.9584530333333333,0.28392331798871356,0.0033667882283528335
0.16089743166666667,19.787440192711827,0.5352672346918138,9.607648666666668,0.72349966,0.317260945836703,0.005647738774617433
0.12405300333333334,22.013667278898186,0.5755605055524868,8.820954,0.7677053433333333,0.28639329969882965,0.0020725727081298668
0.3739341133333333,18.568616579618084,0.49858797245356873,8.469175,1.1425026,0.2795336792866388,0.0016144911448160665
0.17930749,21.582172992637513,0.551722608575578,8.925049,0.9982272,0.31435256203015643,0.004687706629435166
0.14659611,23.208678870551044,0.6122677524166079,7.930946333333334,1.0520317666666668,0.29270275433858234,0.004090309143066366
0.13712769666666666,23.525435946211257,0.5994570941146606,9.179499833333333,0.9402526666666667,0.28594942887624103,0.0016956329345703001
0.16520658,23.08895524861872,0.5862525656982757,8.917679333333332,1.01104192,0.3288978934288025,0.0
0.15759469,21.405006558794458,0.5542484103943642,9.669658666666665,0.94232812,0.32208209733168286,0.0034986337025959668
0.16568031,21.716076820393308,0.5520742725164253,10.269586666666667,0.84409534,0.3334534366925557,0.0007813771565755
0.09885229166666666,22.966925386241048,0.546940668322808,10.782668666666666,0.6236417866666667,0.33290348450342816,0.004777431488037067
0.13951789666666667,23.173983450355724,0.5657691066055656,9.416774333333334,0.9505407333333333,0.30737711985905963,0.0036763350168863666
0.08351350666666667,23.797618262399137,0.5170954390420386,11.615194666666667,0.7349170366666667,0.3522912760575612,0.002160867055257133
0.19225999666666668,21.636844090059526,0.4693765467313471,12.264714666666665,0.7427796999999999,0.397066205739975,0.003233591715494767
0.13392282133333333,22.857678718834208,0.4983453637843252,10.670330666666667,0.9613828999999999,0.3575864334901174,0.0019601186116536334
0.19770504,22.03170397783639,0.5092057024128205,10.341208666666665,0.9839344466666665,0.3792523145675659,0.0049789746602376
0.22156359533333334,23.27011305935382,0.5340544596143917,9.306056666666665,0.8989216833333332,0.39678584535916644,0.0013391971588134668
0.13313378533333334,23.766877510373288,0.5457244184939166,10.471519333333333,0.74144595,0.33760945002237946,0.003144343694051067
0.47121710666666666,22.003039019684408,0.5507982315885657,8.495922166666666,1.1196955866666667,0.3416198293368022,0.0028947194417317332
0.23407466666666665,20.54884644718286,0.49979394357153484,10.818215,0.96798318,0.3468329111735026,0.0012966791788736668
0.15723991333333334,22.1822462681596,0.5388318702711493,9.585346,1.1112393466666666,0.34771405657132465,0.001991907755533833
0.18758191,21.4875302958128,0.5190610847381333,9.789349666666666,0.9694257566666667,0.3215291102727254,0.0033184687296549335
0.24382844666666667,19.232313623080973,0.5151936209711738,9.599296666666667,0.99448209,0.361726313829422,0.002117236455281533
0.132415035,21.977190025901525,0.5376084217100264,9.047419333333332,1.0659122333333333,0.3457673490047455,0.0034224192301432004
0.269453625,22.38146863915222,0.563965014956744,7.5388036666666665,1.1384864166666666,0.3828480045000712,0.0087964534759521
0.4528147023333333,22.652077825761307,0.5937139792077438,5.473771533333333,1.6027068666666666,0.33800015846888226,0.0024671554565429336
0.20263223666666666,23.271343210304916,0.6098060589570884,6.103598900000001,0.8815210666666666,0.3517175316810608,0.0010584990183512334
0.34776443,20.463378841231382,0.5744733419604603,6.693566399999999,1.1977704666666666,0.34699811538060504,0.0
0.200016462,22.814786117904543,0.5905312378331206,6.404999,1.1046658666666669,0.3734894096851349,0.0028762022654215333
0.08277974333333334,18.561980513262093,0.39625241639159614,30.713975333333337,0.4786951133333333,0.4864719808101654,0.004072507222493467
0.29174657,29.21487520099322,0.7269776248610333,5.212478100000001,1.7056517900000001,0.22381612161795292,0.004295428593953433
1.3045795566666667,20.012834561426512,0.3798965752860737,4.417764966666667,1.3835500333333333,0.20708566904067985,0.0049909750620523675
0.47059748000000007,20.934620718233464,0.4425119241743017,5.286326566666667,1.0979478666666667,0.2432488451401392,0.005431254704793266
0.21008414,22.72257129181365,0.5721516792545697,5.4800135999999995,1.0875755333333335,0.17926682035128275,0.0021835962931314665
0.2345235366666667,22.02827186406816,0.5683456027064616,5.749721233333333,1.0536379833333334,0.16576901823282233,0.0
0.21422088333333333,21.011818430661123,0.6396755859918829,6.037444666666667,1.2309664333333332,0.17932720482349387,0.0023709138234456334
0.2775341866666667,19.61463762281505,0.5072660557270873,7.2055283999999995,0.7883412399999999,0.20147639513015744,0.0011707941691080667
0.44376347,17.434762168094206,0.38438696041101145,7.855691666666666,0.9669975000000001,0.26604004700978595,0.0021580060323079333
0.2518336133333334,19.09466825455782,0.5258014095089406,7.937891333333333,1.0205571366666666,0.21901823580265037,0.002297957738240533
0.35603647666666666,17.951408471199642,0.4466525478356275,8.455813333333333,0.9274843666666669,0.22025789817174268,0.002288023630777967
0.3121946133333333,18.75346697078381,0.5319773069531998,7.205597566666666,1.3240413,0.1875541657209396,0.0029210249582926006
0.182683822,19.970226110792797,0.5651619286945185,7.545546366666667,0.98308422,0.19560963908831272,0.0023922125498453666
0.1783250633333333,20.186496662897614,0.5233565534713476,7.697029933333333,0.9791828333333333,0.2251923580964406,0.0033563772837320667
0.28799491,18.017000680943116,0.45420580349926104,8.446105233333332,1.0854204333333335,0.2858557303746541,0.0006132125854492
0.38677248999999997,16.672355359117912,0.428108016797281,7.949925566666667,1.2755130333333333,0.2810582220554352,0.0
0.25955072,18.686100627619023,0.4825421644456293,7.773164433333332,1.1203753666666667,0.27837133407592773,0.004195610682169566
0.26895851,18.53751390566265,0.4772315919290098,7.977059566666665,0.9709102333333332,0.2984817326068878,0.003183285395304333
0.29238581,18.31390201884621,0.45900175481429945,7.5996981,1.0178018833333333,0.3221036692460378,0.0
0.28443026,18.85142165246194,0.4668906083085886,7.218767866666667,1.0188766533333333,0.3221963346004486,0.0
0.30365219666666665,18.766774002467763,0.49047363334617383,7.2189999333333335,1.2816046333333333,0.2859242955843607,0.0040772755940755
0.4274153,16.743806395255262,0.47967274652895436,7.370244,1.3838651000000002,0.2731354584296544,0.0
0.38223506,17.183321023809683,0.462001977947666,8.329213833333332,1.3311349666666665,0.30994929869969684,0.009036620457967067
0.20006553000000002,20.047849392007393,0.5521131493805925,7.380181133333333,1.0886979666666667,0.2442894627650579,0.0
0.24470740333333332,18.66123882436908,0.5059273075741638,8.3158015,0.9874812999999999,0.3049619297186533,0.0
0.23336298333333336,18.1077256319132,0.48114844861383893,8.842127333333334,0.8621632133333333,0.3022799640893936,0.0013384819030761667
0.23541505999999998,17.56077575869507,0.47282501193578347,9.270514,0.7979325866666667,0.29114154974619544,0.0
0.2859951233333333,16.293260625175876,0.4493841530349664,9.388855000000001,0.8922963500000001,0.31452958782513935,0.0026483535766601333
0.23669631666666666,17.797528346323386,0.5081612913768522,8.424438,0.9660372,0.26852526267369586,0.007708231608072867
0.3195873633333333,17.64994703378063,0.4631318286590605,8.338407,0.8604908066666667,0.30302948753039044,0.0008358160654703666
0.39472708,18.005396418562032,0.4629816510341931,7.926408233333333,1.0039389,0.32602716485659283,0.0033560593922932667
0.27549513,19.45431329579444,0.4971162446021728,8.0227092,0.8762493533333333,0.3066913237174352,0.0
0.3968253466666667,17.220789513387075,0.4633040108049789,8.191445533333335,0.9644197800000001,0.2973284174998601,0.0
0.3443814566666667,18.239725899506386,0.4998846091254143,7.861079666666666,0.96951237,0.27095784246921534,0.0012965202331542667
0.29643530999999995,18.569213771592885,0.5294860021217669,7.5628242666666665,1.0606160433333334,0.2672787805398305,0.006760835647582966
0.31403712333333333,18.670496146846144,0.509157393273648,8.374837166666667,0.9661842599999999,0.2676386187473933,0.0
0.22345063666666665,18.833961408543114,0.5403419358740083,7.987059433333333,0.9159360666666666,0.2561248838901519,0.0023479461669921667
0.23962306666666666,19.43137433272403,0.5317638741173281,7.639990666666667,0.89992415,0.24864403406778968,0.0019971529642740667
0.17547066,20.69010096916624,0.5454235541358171,7.3225058333333335,0.6761152933333333,0.2731578052043915,0.005845785140991167
0.21907627333333332,20.394019329743074,0.5569534367479738,6.7910083666666665,0.8771990433333334,0.2468473712603251,0.0021762847900390334
0.28933207666666666,19.725631349533312,0.5315846464160613,6.0611301666666675,1.0748847,0.21409799655278525,0.005420287450154567
0.30077249333333334,20.377591305253734,0.514991535601195,5.4499496,0.9123216566666668,0.22714186211427048,0.0006682872772216667
0.27021336,19.400861395784982,0.513908935653585,5.9987815,1.2608776099999999,0.23406786719957984,0.0075755914052326985
0.430303065,14.920863305746565,0.3138115988683803,34.81739566666667,0.38962304999999997,0.617495596408844,0.0026862621307373
0.11584782,24.739665257309696,0.5231870221783398,10.888580666666664,1.2035786,0.43876394629478455,0.0034001668294270666
0.1820955426666667,26.049296714839517,0.6865256721379617,6.067158966666667,1.6553173,0.245879312356313,0.0082936286926269
0.3953184246666667,21.22568827439581,0.5536795437009957,7.5732875333333345,1.0923853333333333,0.30106233557065326,0.003357887268066367
0.39110591666666666,23.11353017721174,0.6275875156295317,5.6372219,1.6817696333333334,0.23590613901615143,0.0035208861033121665
0.43989557999999995,22.015297874358506,0.5976419655376657,6.816526766666667,1.5613686666666666,0.2765785704056421,0.0025795300801594663
0.19589509866666668,23.657091291661448,0.6504793022770227,6.722200366666667,1.4219002333333333,0.250002309679985,0.004899740219116134
0.22575299333333332,20.37980466279774,0.5773235710339754,7.963839066666666,1.2772915666666667,0.23974452416102088,0.006067355473836233
0.38466874666666667,21.701758976340887,0.6159678819128195,5.501625300000001,1.4416837999999998,0.23088759183883667,0.0067660013834635
0.23729492333333335,21.33157469884374,0.5841026652152994,5.741859533333333,1.0790464,0.24090577661991117,0.0026504198710123332
0.19911976666666667,20.73901909903091,0.6249721033659973,6.573363133333333,1.4682949,0.2482488652070363,0.0034523804982503
0.11682491333333334,22.170767194211816,0.5845427907732746,8.037195233333334,0.8701329000000001,0.2802040974299112,0.006103833516438767
0.20573392333333332,21.063265655310044,0.5868989943870471,7.3791664,1.2394767766666666,0.2675439268350601,0.0
0.14105793533333333,22.73201648579742,0.5990987995872669,7.741935466666667,0.7625816133333334,0.29757463932037354,0.0016446908315022669
0.41852005833333333,19.621201086223127,0.5332861762070049,7.845663999999999,1.1342066633333332,0.3448111166556676,0.0038675467173258002
0.29034999199999995,20.136195684359702,0.5292833663020943,8.401566,1.07819115,0.33351784944534296,0.0033431053161621003
0.213182118,21.171018774881436,0.5530637161724865,8.214801866666667,0.9440562533333333,0.28673794865608215,0.005238771438598566
0.49056688333333326,20.243074345146717,0.5301416892836609,7.8499424,1.08318169,0.3315868675708771,0.0032455126444498332
0.19607833,21.368269355639715,0.580353781337989,7.983706666666666,0.9356169200000001,0.2934282124042511,0.004815737406412734
0.12987130333333333,22.117957753865056,0.5803581353089983,9.140609333333336,0.9453462066666667,0.3166804810365041,0.005723079045613533
0.19029258666666668,20.454516759505694,0.5622442183716748,8.723427666666668,0.8640844466666667,0.29903396964073176,0.0012224515279134001
0.2251536533333333,19.91630162305006,0.5304065950468592,9.356975,0.8166245666666666,0.31482046842575073,0.0033827622731526664
0.16596511333333333,20.794692883302535,0.5464642275951609,9.620073666666665,0.86540702,0.3040412465731302,0.0018764336903889667
0.28981093333333335,21.399176591479137,0.573015211123353,7.909422833333334,0.9830769,0.29050420721371967,0.002248922983805333
0.16694666833333335,22.69169812662373,0.5753361997357836,8.1322345,0.8336284333333334,0.31899547576904297,0.0033435026804605997
0.2284605233333333,21.165606419318866,0.552794688727635,8.908091,0.8789380666666666,0.3109070460001628,0.004272937774658167
0.09248482000000001,20.876352526790328,0.5316498466684911,11.309743,0.5173414666666667,0.2873395284016927,0.0057280858357747
0.17161356000000003,18.292800225531675,0.5030270837195266,9.959961333333332,1.0204818,0.333894004424413,0.0021296342213948335
0.24444348466666665,17.277968459341853,0.49759941106326294,9.648056333333335,1.0645614233333334,0.36398308475812274,0.0037902990976968996
0.11839867333333333,20.183836617563077,0.561520822460572,8.402149666666668,0.9449753666666667,0.31086803476015723,0.0
0.3666428933333333,17.304470063914128,0.5217936357621907,7.064707266666667,1.5522091333333332,0.3292989333470662,0.003523667653401667
0.1416039,20.24311039096725,0.5372048019171328,8.1753145,1.0274459833333334,0.326598326365153,0.0008966922760009667
0.17641424333333333,17.85805857649211,0.4945322186495713,9.313329,1.2209374333333332,0.3544989625612895,0.005212148030598901
0.09200038666666667,21.702556432062124,0.5699643250541585,7.556436233333334,0.8912004333333333,0.324346790711085,0.005754550298054933
0.25426437333333335,18.01707090130297,0.5510924019916126,7.090517666666666,1.5081474333333331,0.3328852852185567,0.005869150161743099
0.16807492000000002,20.12928386253068,0.6171394976483467,6.502118866666667,1.2176749333333334,0.3014729768037796,0.0014341672261555666
0.09405628833333335,21.25859767884378,0.6202456667191214,6.243773399999999,0.8747402999999999,0.3084841271241506,0.0010725657145182
0.19305467333333334,17.518161058369092,0.5055426218641265,6.772052166666666,0.9631423666666666,0.2829658687114715,0.0034912427266438665
0.46526539000000006,21.097426192224656,0.4746985569062834,12.576309,1.1902437166666668,0.4330498278141022,0.004814545313517201
0.12461766333333334,24.27453371218752,0.5902622879288372,9.139167,1.0988592833333333,0.2720664044221242,0.007772525151570601
0.25450768,20.83295062242775,0.5376851361058463,8.443191333333333,1.0019997866666666,0.28785345951716107,0.0037666161855061334
0.18623744666666667,22.132564833046203,0.5822200827169254,8.431945,1.0972982333333332,0.317467267314593,0.004327615102132133
0.14701226999999997,22.90396919304531,0.5681546290435735,8.683243,1.0333859666666667,0.3203220069408417,0.007342735926310167
0.25664262,19.097755167072506,0.46358760076918687,10.846136666666666,0.7073233666666666,0.4179159104824066,0.004208008448282833
0.31228978999999996,17.620566212222283,0.46436402626230766,10.674714333333334,0.9527966866666667,0.34033958117167157,0.0010785261789957666
0.15422830533333334,19.711003373517386,0.5702398781227734,9.441930999999999,1.04996011,0.3051077723503113,0.0027976830800374003
0.17348073,19.35888118745427,0.506637698636585,9.232715,0.64167802,0.3404246469338735,0.002157370249430333
0.11821434333333332,21.77413351276734,0.552693921871006,9.916824333333333,0.8319990700000001,0.3173924386501312,0.0033962726593017335
0.21901219666666663,20.51939624511647,0.5118248061120324,10.18744,0.7349133766666668,0.3374372621377309,0.003948052724202434
0.17781737666666667,21.733910298927984,0.5355358673315189,9.902961333333334,0.68279235,0.3076849579811096,0.003982702891031867
0.25104930000000003,20.52347243326079,0.5148786282755277,9.931631666666668,0.8339813,0.36643514037132263,0.003276586532592733
0.12633696333333333,22.901617902206993,0.546804423891022,10.456155,0.5819031466666668,0.31484398245811457,0.004807710647582967
0.18235641000000002,22.443993854891612,0.5455356856563989,8.935818666666668,0.8987067999999999,0.3286485473314921,0.003329753875732367
0.15937714,23.00896687562357,0.5585759275549727,9.457942333333333,0.7569240599999999,0.2991291383902232,0.0
0.11679502800000001,24.391526466814003,0.5862774250842976,9.7159295,0.6343670933333333,0.3169497847557068,0.007023175557454399
0.13177224666666668,24.166416467793933,0.5929684964784346,8.468480833333333,1.0460386866666667,0.27800714472929633,0.0033514499664306
0.08432281000000001,26.19835454440967,0.6193671166558236,8.772625333333334,0.78400525,0.2679502665996551,0.005948225657145134
0.142103295,24.886534511710874,0.6118279078899006,8.1739729,1.0525270000000002,0.28214658796787256,0.0023423830668131335
0.8086066466666667,20.83747008542262,0.5287114683650876,8.157243233333332,1.6034243666666665,0.33614663283030194,0.007599592208862233
0.28452225000000003,22.6034226012475,0.542626250692054,9.552584999999999,0.9258763533333334,0.31423943241437274,0.003488461176554333
0.34546911,20.95780825918502,0.5058214260338417,10.918512666666667,1.01039075,0.33156786859035486,0.0030395984649658
0.23715902,22.959445661300094,0.5798449870215645,8.319795333333333,1.2492312666666667,0.27227183679739636,0.005614598592122333
0.10404528033333334,24.25814969350863,0.5694486243289392,9.363958333333334,0.9879892666666668,0.2847111622492472,0.0013823509216308334
0.20129134166666665,21.770515171441833,0.5164106147359971,9.888993333333332,0.9394530666666666,0.3210280239582062,0.0006819566090901667
0.17107597666666666,22.059272962682353,0.5499567153272236,9.004196666666667,0.9563002333333332,0.2993114093939463,0.0027122497558593668
0.17554355,20.26927512065708,0.4774062223313342,10.883269333333333,0.9269741666666667,0.38465489943822223,0.0023018519083658666
0.13176132999999998,19.831313296209128,0.4416843170741067,12.527588666666666,0.7779673133333334,0.4075568417708079,0.003063440322875933
0.07706966366666668,21.57924189167311,0.49352507728459144,11.692810666666666,0.75203197,0.39182055989901216,0.0010081926981608
0.20227356833333335,20.46086713525472,0.5581651267801745,7.9750198333333335,1.3298104666666666,0.33251748482386273,0.0
0.08292510333333333,23.892455099334637,0.5738811189980227,8.369480000000001,0.8216183333333333,0.34179283181826275,0.0041712919871012
0.43122188000000006,14.557053559141425,0.3465649035568605,32.19648266666667,0.4015006933333333,0.5694377819697062,0.0094827810923258
0.5337788866666666,19.507844132321164,0.4720038205177078,11.76435966666667,1.0875485666666667,0.3794101079305013,0.004811684290568
0.307773175,22.914446825709945,0.5648119700278393,8.142327666666667,1.3093892333333332,0.30690161883831024,0.007128000259399399
0.1872515703333333,24.27114184272696,0.6193673148816078,6.811339266666667,1.2356613666666665,0.30748134354750317,0.005015691121419267
0.3673760533333333,21.788688943444654,0.5789174015901896,5.6645796666666675,1.2881575666666667,0.27387406925360364,0.0016102790832519334
1.1002160666666667,21.297607393455582,0.5656100290491984,5.659373833333333,1.4665610100000002,0.25569658478101087,0.002699534098307267
0.30231116333333335,25.020077017494227,0.6653252585513099,4.913678633333333,1.2504288833333332,0.25259445607662195,0.002563635508219367
0.5040139333333333,22.5270940616642,0.6001621647112828,4.7175252,1.3146549333333333,0.2389430453379949,0.0021127065022786334
0.36879636666666665,24.479650003898907,0.6601025739973333,4.517873333333333,1.4220318,0.22682520250479374,0.0022564729054768665
0.8691570799999999,19.70273838972116,0.5399215857063342,4.923455733333333,1.8225084,0.27989479899406433,0.0035677750905354333
0.5426207833333333,22.324053611081137,0.5947521192790793,4.767150699999999,1.3994569333333333,0.24695107837518052,0.0019673506418863666
0.55005761,21.930596303560417,0.580512212396031,4.797039766666667,1.3685964666666666,0.26208535333474475,0.0020127296447753668
0.2496823633333333,24.54662298341617,0.6704287595012356,5.011679633333333,1.3374043333333334,0.2838979760805766,0.0024352073669433334
0.3595887713333334,23.497557135474864,0.6252060656643301,5.161377600000001,1.2317458333333333,0.2883508304754893,0.0040947596232096
0.18059168,25.44578915419493,0.648947123864041,5.472545666666666,0.9873146,0.29641755421956373,0.0038498242696126
0.7259102466666666,19.197915336370404,0.5394757503771413,5.646854566666666,1.7941957666666666,0.29811200002829236,0.0030876000722249003
0.33514466000000004,22.240237780405483,0.6010768927190985,6.353876666666667,1.28018871,0.34728934864203137,0.0031147003173828
0.2621329466666667,21.47462314615555,0.5610613239445995,7.238968333333332,1.2697298466666667,0.32768915593624115,0.0009418328603108666
0.37416891,19.03654322895267,0.5526217345844865,7.976240866666667,1.3524367566666669,0.33625251054763794,0.003292163213094067
0.12485877166666666,22.048722330623416,0.5407276100517033,9.950570833333334,0.7742705166666667,0.3098452389240265,0.0
0.22844114999999998,20.367158371544523,0.5395067088109812,8.783006333333333,1.2411761166666666,0.310856153567632,0.0021530787150065
0.119555642,22.17907593254152,0.5440758372458276,9.382621333333335,0.8651710499999999,0.3037372628847758,0.0013891061147053999
0.40210730199999994,17.482967787713434,0.490810785775897,10.814486333333333,1.1922450666666666,0.3407417933146159,0.004571676254272433
0.19570202333333334,20.903278706967335,0.5453236484572778,9.200595833333333,1.0987759666666665,0.3047251403331756,0.0008594989776611
0.41545266,17.084228116863105,0.4853820541747395,9.394433166666667,1.1221997000000001,0.328148012359937,0.0
0.3700228566666666,17.287906109117326,0.47428592855309226,9.773298333333333,1.3597468766666667,0.3337294360001882,0.0017425219217936001
0.21387467666666668,20.501046193829918,0.5528358239691339,8.393236,0.9961130100000001,0.2729490001996358,0.0013811588287353333
0.22568811999999996,19.435204248174582,0.5109088769431412,10.189161,0.9314966,0.3524886469046274,0.0033853848775227667
0.34307620666666666,17.348734175573565,0.48541658099447815,9.298425833333335,1.0975475333333333,0.30669983724753064,0.0
0.3306504333333333,18.319975121601605,0.5063837818590772,8.414111799999999,1.1750074999999998,0.3017953038215637,0.0
0.12618306333333335,21.174246778319276,0.5504493077038608,8.585873666666666,0.8614079333333334,0.2951420148213704,0.0026959578196207663
0.08737122333333334,22.196908120854072,0.5637134251408141,8.472650333333332,0.6291833233333334,0.30263300736745197,0.0033761660257975
0.06745573333333334,23.186806504895056,0.6063044455781106,7.599547533333333,0.7125012833333333,0.28910647829373676,0.0034077962239583335
0.4553650313333333,20.12345407116997,0.5633044913148163,6.871881366666667,1.3708003666666668,0.36653154095013935,0.002863566080729133
0.10316485166666667,22.443179749710627,0.5989553796021865,7.2713429000000005,0.8611099333333332,0.28497278690338135,0.0033445358276367
0.088717863,22.931875833303337,0.631850184444316,6.583837499999999,0.7802673533333334,0.29065512120723724,0.0034193992614745664
0.089771788,22.416213149911048,0.6177766398816961,7.035367333333333,0.9152133133333334,0.28822510441144306,0.0006693998972574666
0.13877273666666665,22.10621153725756,0.6310996837815636,5.882241733333333,0.7975692066666666,0.27178091804186505,0.0013368129730224334
0.19068051500000002,21.290346276441706,0.6321055581611628,6.024516333333334,1.0069182866666668,0.2724971175193786,0.008218129475911433
0.2337986333333333,20.697003364881084,0.5833380189325915,6.796302700000001,1.4737300200000003,0.27558260162671405,0.007522583007812433
0.18753910333333335,21.066840737931287,0.626459735149616,4.912569433333334,1.0533160833333335,0.14770460625489545,0.0054063002268473
0.13481907,19.968223177439107,0.5021703243863519,6.713922233333334,0.6817077733333333,0.17884307603041324,0.002076228459676067
0.1835479866666667,18.199456239904602,0.4963023768514012,7.7358237,0.7840485333333334,0.24586270252863562,0.0026793479919433334
0.11744125333333333,20.150878088294753,0.622289599049889,7.6258930000000005,0.8702470999999999,0.2202959060668945,0.0034976800282796
0.14743276833333335,18.35616673239858,0.568455377011463,9.060172,0.9311327,0.2439637233813603,0.0
0.10739904166666665,18.427718492553527,0.5333009670174297,9.964626,0.8020127733333333,0.28084265689055127,0.0
0.12780898666666668,17.505440554594127,0.5542049111896175,9.799526,0.9533487666666667,0.2970786889394124,0.004970709482828733
0.2613180433333333,14.989435123466103,0.468205318179824,9.481536,0.9714396166666668,0.34326303998629243,0.0069155693054199
0.14832491166666667,16.627256771252842,0.5063254468144948,8.818279333333335,0.8558046266666667,0.3232080936431885,0.0035547415415445667
0.14138878333333335,17.17155527189175,0.5170155064339242,8.328872566666668,0.90077657,0.34718032677968336,0.004909753799438467
0.2010119,16.870942589204137,0.5230390578293141,7.187922299999999,0.6683099733333333,0.4185309906800588,0.002301772435506167
0.12695793,19.772952041567667,0.5772111018990738,6.901673,0.8249462900000001,0.40991300344467163,0.0015144348144531
0.2590067233333333,15.96898321142239,0.4924061108924099,7.244878166666666,0.6289910366666667,0.45447078347206116,0.004645029703776033
0.14246344333333333,20.06554099475474,0.5997005975716216,6.172199966666667,0.8789960933333334,0.41879849632581073,0.0
0.17426357333333334,18.885693163768444,0.547413957569476,6.618245533333334,0.7822403200000001,0.46294622619946796,0.0070406595865884665
0.21866702666666668,18.35208027577881,0.5563361615735977,6.413150933333334,0.9025620133333333,0.45527420441309613,0.0014858245849609334
0.54331501,13.726320624735784,0.40414483876377866,8.086953666666666,0.7762298166666666,0.47495519121487934,0.0020988782246907332
0.250205632,17.946316410244005,0.5139978190487775,6.9598070666666665,0.7807379,0.46672622362772626,0.0
0.19168926333333336,18.25082567180873,0.5291648433164421,6.8692553,0.7720663133333333,0.4357518255710602,0.0007707277933756334
0.19596503333333334,17.882010985262777,0.5150443323426787,7.4887845,0.8035697933333333,0.42327000697453815,0.006319999694824167
0.38556875,14.370485777407652,0.39146366374059194,8.750787333333333,0.56710435,0.45058491826057434,0.0013336340586344335
0.32407642833333333,14.958363633174292,0.4479104216689757,8.696011666666665,0.8065662133333333,0.43870479861895245,0.0
0.23332625433333334,16.306430081630925,0.4718908276540523,8.958366333333334,0.5979951633333332,0.42053472995758057,0.0
0.22658731,15.714607396322956,0.4511208510714879,9.010291333333333,0.5288848899999999,0.49137425422668457,0.005517005920410101
0.18238493,17.194162548575473,0.48432115434106143,9.462204333333332,0.8729969266666666,0.4584951500097911,0.005738496780395466
0.23930607,16.915538740686,0.47861222864675484,8.799228333333334,0.9232542,0.4171605010827382,0.0030651092529296667
0.2837796633333333,16.860191701919156,0.4412296616123637,8.334182133333334,0.59812979,0.4233664274215698,0.004091660181681267
0.2545124266666667,17.748196208461973,0.5191751558943644,6.976709199999999,0.8750984666666667,0.3978066047032674,0.0022573471069335664
0.182793235,19.62937787477237,0.5379043092123733,6.986918466666666,0.73635115,0.39918528993924457,0.0037160714467366004
0.19213160666666665,18.72176886805583,0.5234250523019875,6.971310533333333,0.7276852366666667,0.3609967728455861,0.0025660196940104
0.172964262,19.017053705953757,0.519785454684138,7.3690215,0.7043982666666667,0.41274721423784894,0.0048350493113199335
0.15983525466666668,18.693576191933044,0.5630797616553028,7.322214466666668,0.6790533966666668,0.37531424562136334,0.0
0.21381408666666668,20.611113618103893,0.44320483614625167,15.244988,1.0630337333333333,0.5226807296276093,0.0039491653442382665
0.7084932533333334,19.19081474582201,0.5211447166805422,7.519407766666667,1.6062190333333335,0.3056574414173761,0.004567702611287433
0.2978672333333333,23.007518461917595,0.6425060215935496,6.5337755,1.4355499,0.21990244587262464,0.004442930221557567
0.34205627,22.604131179003094,0.6068518527232595,5.578336033333333,1.3389783,0.25147159397602076,0.0019642512003580667
0.4915278766666667,20.4832610899209,0.5653169403669948,6.487081066666666,1.6854942666666668,0.24483109513918555,0.005674759546915667
0.2405507533333333,20.94797765629085,0.5769211534762085,8.472257333333333,1.1266040666666666,0.247938926021258,0.0021274884541829333
0.31055057999999996,19.65998154348212,0.5690332925120778,8.749619000000001,1.4781368,0.2822750856479009,0.0034361680348714003
0.21999249333333334,22.794994503908736,0.6486263543495249,7.0675362,1.4343616333333333,0.21836945414543152,0.0019865830739339
0.13632813833333332,22.316793679319023,0.6005462993468619,8.192440233333333,1.0318441533333333,0.2128679007291793,0.004541635513305634
0.17625039,19.588992925511448,0.5522533471140313,7.9436629,0.7740060999999999,0.24783350030581153,0.0022191206614176335
0.16865898999999998,18.01275651231541,0.5151865629262207,8.067963333333333,0.6101748666666666,0.293915589650472,0.0
0.14781458666666666,18.02024080377227,0.5751696675455235,8.219463,0.5432087733333334,0.28085075815518695,0.0047085285186767335
0.18889571333333333,17.64544397518102,0.5028458085744164,8.869071333333332,0.48616458,0.29802382985750836,0.0018339951833089
0.14946941333333336,20.195040975503584,0.5748980847402045,8.2765978,0.5590360133333334,0.2812725752592087,0.004362980524698867
0.17868889166666665,19.95872146793886,0.5819332761899078,7.6705167,0.5532806933333333,0.27234235405921936,0.0053575038909912
0.23111185666666667,18.684371758425925,0.5464032188688984,8.030447433333334,1.004892,0.30470112959543866,0.0
0.1538223333333333,19.490717328927786,0.567054759549087,8.701324666666666,0.6828824366666666,0.27050602436065674,0.0039342244466145666
0.142990172,20.870300283763417,0.5821212839352096,8.152870666666667,0.6994949300000001,0.2922598520914714,0.0010089079538981
0.18902502833333332,20.447493626649095,0.5562620000646354,8.349998000000001,0.8414626133333334,0.3026494284470876,0.0022588570912679
0.09063173000000001,23.434295320767415,0.6153107026286458,8.441969766666666,0.7835775466666667,0.29846255977948505,0.0065135161081949665
0.16938044333333332,21.070729034197427,0.5686712353865535,8.593219666666668,0.6645536733333333,0.33164966106414795,0.0063004493713378325
0.13937829833333334,22.354544290602004,0.5642341394800187,8.417115333333333,0.8523130866666667,0.3371965487798055,0.004540999730428034
0.48033327666666664,18.377048539447895,0.4736416947438899,8.639270666666667,1.08979118,0.352183848619461,0.0034788449605305666
0.28525870333333336,19.282248169495077,0.44399208623193154,10.349053,1.0276791666666667,0.42570849259694415,0.0028050740559895666
0.3140512633333334,17.75560062116769,0.4236368730050665,10.786565999999999,1.0488055666666667,0.42221587896347046,0.0018917719523111668
0.5863312399999999,16.86176456525085,0.4105072253846345,9.712313,1.362894833333333,0.4262793958187103,0.0044279893239339
0.27009409333333334,19.962351476776366,0.46994894583646807,10.272064,1.0588877666666667,0.3775811692078908,0.005414644877115867
0.3942186566666666,18.254263707138794,0.45274482394553933,9.589474333333333,1.1532532333333334,0.38946816325187683,0.0
0.2273590666666667,20.40473662038846,0.46668281769982745,10.546148,0.8974057133333333,0.41358809669812513,0.003302176793416333
0.18636647333333334,20.658863291875814,0.46721651067601894,9.968439333333334,0.8114807466666667,0.3987476925055186,0.0034477710723876663
0.11092702533333333,20.547821897005306,0.4256933576987703,12.751506999999998,0.64964185,0.4209434588750203,0.0034023125966389667
0.4306436666666667,16.410910556776983,0.41906324728128314,9.7299925,0.9875847333333333,0.4437115987141927,0.0034825007120768
0.20456984333333336,20.352940885870705,0.5153077131050144,8.531906666666666,0.88397332,0.34960339466730755,0.0017697016398111668
0.39709526666666667,18.524661710251554,0.48197802996259603,8.758654333333332,1.3453518333333332,0.4176596502463023,0.005566596984863233
0.143704405,21.249148424244925,0.5148747753927522,8.948663999999999,0.9076003333333332,0.3683572014172871,0.0015186468760172332
0.17400234,18.159725177272634,0.49046148702068254,10.167766333333333,0.8805439466666667,0.3562903602917989,0.0020542144775390334
0.14815642333333334,19.01758494745944,0.4838694233183596,9.723041666666667,0.9277638399999999,0.3787793219089508,0.005098263422648067
0.5408285366666666,15.158970448027796,0.4588600128491193,9.239327,1.1414821666666668,0.4537961483001709,0.0019685427347819
0.15205676066666665,20.813028725494743,0.5438788975899583,8.542535666666666,0.9020721466666667,0.35996278127034503,0.007991552352905199
0.13103548,20.892498864167774,0.5579517894929212,7.869664133333333,0.92957097,0.33191656072934467,0.0042026837666829
0.65603866,24.649774895908724,0.6319952067226788,5.1952389000000005,1.5749549,0.24671528736750284,0.002698580423990867
0.149881428,24.696791228167594,0.7145747947876632,5.539558400000001,1.1512582666666666,0.12489933768908178,0.0026195844014485666
0.18532876666666667,21.521256610582395,0.6516293922189108,6.101557333333333,1.15943835,0.18430557101964948,0.0051297346750894665
0.18061086,20.292977058701904,0.6181726891855608,6.673783,1.1665824999999999,0.22203930219014487,0.004550774892171199
0.07853504333333335,21.8069809407756,0.6133719238198617,8.410970266666666,1.0008453,0.20691536863644913,0.0046570301055907665
0.13973001333333332,19.570160467061708,0.52184283353609,9.534920666666666,0.8410545633333334,0.25696433583895356,0.0043648878733317
0.16988282200000002,18.226461488938284,0.47127299365519226,8.907718999999998,0.8525027566666666,0.2610848347345988,0.0
0.13536022333333333,19.58043233673013,0.5235925717131801,8.237186533333334,0.8490035666666667,0.20699735482533774,0.0011915365854899
0.11493181666666667,20.150492028599007,0.5857534956188537,8.675029,0.9075445033333333,0.22091224292914072,0.0041103363037109
0.09533147000000002,19.484140703586892,0.5372035438809963,9.827978,0.7136045433333335,0.2581348766883214,0.0008976459503173667
0.13464828466666667,18.10487234567861,0.5158984410693032,9.321282333333334,0.8045147766666666,0.26947969198226923,0.0
0.08093745033333333,20.75381714494451,0.5872841879734583,8.987712,0.878554,0.2824188818534215,0.0017224947611490665
0.08329407333333334,21.124961675607455,0.5976633348671491,8.490301333333333,0.9558759633333334,0.2779895265897115,0.0
0.172278912,17.634800032985158,0.5359265746163665,9.527466666666667,1.0018541533333334,0.3135468860467275,0.0016970634460449
0.10508869,18.98180856416695,0.5464805551435706,9.234268,0.8188322766666666,0.3246527512868245,0.003978967666625933
0.18122674000000003,17.784317589254965,0.5390545869592146,8.692964333333332,1.0678224166666668,0.3692591190338135,0.0
0.20944252666666666,18.699351744573256,0.535721437777636,8.086775000000001,1.0490850333333333,0.3514033754666646,0.003323554992675733
0.3289722533333333,17.060078094591052,0.5146380621743715,7.772812166666665,1.0801771666666666,0.3787146508693695,0.0020407835642496665
0.19677637,19.33678755282581,0.5658873477678452,7.4205924,0.8977027,0.3312234779198964,0.0020178953806559
0.25141284999999997,17.545568055103814,0.506510331654597,8.143113166666668,0.7142326,0.3513231376806895,0.0028610229492187
0.15397916,17.921112463871495,0.4744636241937105,9.610034166666665,0.7230957333333334,0.39863264560699463,0.005198955535888633
0.12412349666666667,18.70315923150513,0.5040538653111012,9.211233,0.6924255766666666,0.3687394360701243,0.007949034372965433
0.08866128666666667,19.58485628756341,0.5472692316272582,9.210809333333332,0.59741244,0.3718267579873403,0.007328192392984966
0.07087988099999999,21.491929028420795,0.5814238337613492,8.400715,0.7352956766666666,0.37324778238932294,0.002761363983154267
0.07688832866666666,21.158857382915766,0.5766042631665272,7.794417766666666,0.7336745800000001,0.38115748763084406,0.0007932186126708667
0.12191250433333334,20.132033061914814,0.562560953503504,7.20157,0.77970738,0.3481650650501251,0.0013404687245686666
0.09337577000000001,21.357744741977104,0.6190843206881236,6.661725499999999,0.8770743333333334,0.31503613789876295,0.004267374674479133
0.16229575666666665,19.63850370570825,0.558890513950954,6.5534662,0.8304838333333334,0.39077863097190857,0.0013974507649739335
0.31167154333333336,17.642360106845043,0.5228353327571251,5.8199011,0.8492676833333334,0.3533387879530589,0.0009920597076416
0.23559666666666668,18.871932942135476,0.5642750848492526,5.898503566666666,0.7580144666666667,0.31139370799064636,0.0016101201375325334
0.26264288666666663,24.157727370089578,0.5284920569746996,9.772194,1.2925032666666667,0.41207121809323627,0.005426724751790333
0.87816273,20.299045888537822,0.5287773742792851,5.0603083333333325,1.6188848333333334,0.2582616060972213,0.0023277600606282332
0.26275569,23.14848124769641,0.7092671952012375,4.6466155,1.7107566666666667,0.18518596887588498,0.004211028416951467
0.25450304,22.55533491863517,0.670362943816334,4.781258333333334,1.6475017333333335,0.18454192330439878,0.0075407028198242005
0.3035103966666666,21.089829030296258,0.6582200219780316,5.609586333333333,1.7027831666666666,0.22148330012957254,0.006836016972859667
0.25353486666666664,22.27160554769854,0.6079109929693544,5.8190883,1.25386355,0.2555015881856282,0.0032007694244384666
0.5819976733333333,20.03432701267636,0.5586236515684343,6.0096684666666675,1.4957594666666667,0.24300586183865866,0.0019721984863281003
0.27577303000000003,19.35746813992735,0.5414660647528878,8.397199333333333,1.1251006,0.25259779890378314,0.0
0.34388545866666664,19.109245226920816,0.5251681749954026,7.777379799999999,1.1656855166666666,0.28563985228538513,0.004563490549723301
0.137318245,20.61441446943057,0.5734750516476333,9.176594,0.7367718333333334,0.24913072089354196,0.0
0.24035430666666666,20.057686612889537,0.536807397893611,8.157115966666666,1.1414498666666664,0.2935046950976054,0.0048445065816243
0.2584015333333333,18.97322312806148,0.5417386305993986,8.133052666666666,1.0705598533333334,0.32977735499540967,0.004468917846679633
0.22227558333333333,18.32092974734305,0.5272984523220939,8.452777233333334,0.9543122799999999,0.31052669882774353,0.0013411045074462667
0.20205011333333334,18.843204185400687,0.5318236402363853,8.817242666666667,0.9796289833333335,0.27974111835161847,0.004454215367635067
0.12110668566666666,21.442063808349797,0.5895017107992231,8.487672333333334,0.7918458033333334,0.27851739525794983,0.0028588771820068
0.128877238,21.18262228157042,0.5671640610315429,8.914293666666667,0.77949974,0.29752969245115907,0.0013387203216552667
0.2560465533333333,18.770766623752987,0.5165782767036347,9.279261666666669,0.8096654666666666,0.3037502368291219,0.004041989644368467
0.09525398666666667,23.08268920675481,0.6144682309611794,8.541167333333334,0.9559477833333334,0.2853961884975433,0.001239538192749
0.30988395333333335,20.583905425253203,0.5362736585740365,8.599042333333331,1.0982118733333333,0.3323824306329091,0.0019243558247884
0.5464636033333333,20.285462643242823,0.5744994510869258,6.719324100000001,1.3861925,0.302238588531812,0.0017441908518473
0.4813521566666667,18.831549439651358,0.5190241865834458,8.705922,1.3128161333333332,0.36328762769699097,0.0
0.42000287333333336,19.822882093928254,0.5719755995876813,7.2753562333333335,1.5203924000000002,0.30934713284174603,0.003686507542928033
0.39012712666666666,19.926693209965464,0.5313941508253236,7.921259733333334,1.2939382000000001,0.32547780871391296,0.0025177001953125
0.33054641,21.71457124498515,0.5815231675601734,7.088185333333333,1.3809107999999999,0.3196877141793569,0.0012964407602945667
0.19556728999999998,20.31465960265893,0.5142463298648011,9.886714666666668,0.8552517533333334,0.33955257137616474,0.0046088695526123
0.56504652,18.221964253927155,0.4799295287409482,8.470464899999998,1.4522750166666667,0.37047261993090314,0.0043677488962809005
0.21875881333333336,21.191997068026804,0.5302393023474101,9.688227333333332,0.8128073366666667,0.33959253629048664,0.002342939376831
0.34001428333333333,19.73292805780881,0.5034490086295527,8.548043,1.3347378333333335,0.3538421591122945,0.0
0.28397671666666663,20.91770852246236,0.5299271290978255,8.621054333333332,1.1121075566666667,0.3335941235224406,0.006121635437011667
0.53646964,20.567028483763806,0.5399129714435357,6.616066566666667,1.2192323666666667,0.33725225925445557,0.0058692296346028
0.4833949466666667,18.35409385681851,0.4707661766744499,8.493657666666667,1.0315762666666668,0.37420388062795,0.0033531188964843668
0.8110187000000001,17.723385438839554,0.49326395211086255,6.289744933333334,2.2442532666666666,0.4165445764859517,0.004096905390421533
0.6398268533333333,21.480627483593498,0.5966640185127396,5.475001766666668,1.4203654833333335,0.3631264368693034,0.006166378657023065
0.33556476999999996,20.492162774213117,0.5822823020093858,5.897470200000001,1.0681379333333334,0.3775220016638438,0.0
0.26992057666666663,22.114028205939405,0.5990755118111326,6.2923773333333335,1.2646993666666668,0.3513447642326355,0.005862236022949167
0.5189526633333333,21.19731817892718,0.5843472350809699,6.278486266666666,1.8446837333333332,0.4341604212919871,0.0039371649424234665
0.26929538166666667,20.998452822455302,0.5589617466784284,7.597464333333334,1.0436447433333333,0.345889280239741,0.0015952587127685332
0.25424952333333334,19.401671357506192,0.5393979748732368,8.0242931,1.0349612333333333,0.3583492338657379,0.0
0.21726143666666667,20.383533231198303,0.5705651925080373,6.980305666666666,1.0735887333333334,0.33406561613082886,0.003908713658650666
0.46529266199999997,21.75741481528002,0.6235055740476331,5.372488166666666,1.6764332666666668,0.347744142015775,0.0
0.3604698433333334,14.937685297241536,0.3308617803502975,34.119931333333334,0.4265888,0.6327372392018636,0.0016248226165771335
0.18585634333333334,21.900936009380487,0.46553767216964914,13.931018333333332,1.0380602,0.45632556080818176,0.0013614495595296002
0.2767859183333333,24.334630720555612,0.6151695603962302,7.478363333333333,1.7133113666666668,0.29766053954760235,0.0
0.24007092666666663,23.874391632612685,0.5672224771972004,8.943385,1.3314248433333333,0.2900855938593546,0.0
0.34103627000000003,23.46396331166007,0.5721713821610463,7.968676566666667,1.5301312133333334,0.30396804710229236,0.0006726582845051999
0.22227518833333335,22.366685190615385,0.4742360316159256,11.751663333333333,0.98538412,0.4155326684315999,0.005529959996541333
0.20755586333333334,24.867480078060122,0.5853941905474799,8.530828000000001,0.8413624966666666,0.28676294287045795,0.0
0.3396223233333333,23.876066745539447,0.5968462721211848,7.336696566666667,1.3168055533333334,0.3197411199410756,0.0
0.1954612,24.302235543104626,0.5772526591988525,7.680124800000001,0.9502969333333334,0.31740570068359375,0.002392450968424467
0.25403355333333333,23.65215022088996,0.5866521448455387,7.4900074000000005,1.0072743666666666,0.291594738761584,0.0033539930979410667
0.1646056,23.082899990170205,0.549244104860223,9.585295666666667,0.5370323666666666,0.28641271591186523,0.004318793614705367
0.3575955286666666,22.01032670480195,0.5468100336377434,8.608967,1.5007797333333333,0.3521343270937602,0.0037771066029866334
0.20457631666666667,21.27111793527931,0.4854749311179205,11.450729666666668,0.7719605333333334,0.3586522340774536,0.0015308856964111
0.19672030799999998,22.802114097648072,0.4967531481214123,11.579199333333333,0.6626022666666667,0.38799038529396057,0.0006744861602782999
0.3417671566666667,22.345942184619574,0.5468966069630429,8.697411433333334,1.4111585333333332,0.359184871117274,0.0
0.16502126033333334,23.37387314334418,0.5408700909076013,9.886306333333334,0.8684603666666667,0.32823494076728815,0.0011122226715087667
0.18191594166666666,24.210445897274628,0.5712921989298878,8.907627333333334,0.8200983733333334,0.30347712834676105,0.0
0.1776444,24.244101418884487,0.5853590064546655,8.150880166666667,0.7955757,0.3126403788725534,0.0016439755757649667
0.21663538666666668,24.038014513251486,0.5923422179422949,7.534501333333334,0.8480866666666667,0.25794882575670874,0.0021485487620035667
0.13316210166666667,24.449937835220748,0.5429200238599864,9.938515,0.7882484666666666,0.33187682429949444,0.0029967625935872332
0.16476781333333335,23.81190484702851,0.5221210550267577,10.296608,0.7488185999999999,0.35332198937733966,0.0065808296203613
0.18043877333333333,25.194542970806292,0.5847735836265334,8.160588833333334,0.9318286333333333,0.3242784142494201,0.005028247833251933
0.114421,25.545747042455247,0.5606230082162599,9.466297666666668,0.8002100666666667,0.3171713848908742,0.0028847853342691666
0.2776319166666667,23.434171456178394,0.5612260827234428,8.425803333333334,1.1119499,0.3112599352995555,0.0027449925740559333
1.012122882,20.770789333364224,0.47351050572494563,10.0163895,0.9501534466666666,0.3903784453868866,0.0028440952301025334
0.21924334666666667,21.787218732474372,0.46954991846115773,11.497936999999999,0.8853039666666666,0.4151262044906616,0.003950357437133767
0.09681103,24.748637375610333,0.5297853551263382,10.807186999999999,0.68510262,0.3314443826675415,0.0029790401458740005
0.14913848799999999,23.27084561274746,0.5243707671932964,9.621834333333334,0.9964873566666667,0.3593015670776367,0.0018480618794759
0.113109749,23.66842222536329,0.513975235235287,10.635303333333333,0.6456429766666666,0.37870872020721436,0.007822036743164
0.15594749666666666,21.812648134462673,0.5014576050664931,9.578912833333334,0.9602653499999999,0.35128722588221234,0.004517237345377567
0.2952743466666667,20.91309448242096,0.5117679247783375,8.262057,1.2002224666666665,0.3690473635991414,0.0033826828002929336
0.1722519433333333,22.051887448698462,0.5536767605138557,7.551987100000001,1.1664860333333333,0.3426111837228139,0.0013395945231119667
0.15899320333333333,22.558741067730768,0.5652741520384986,7.527435466666667,0.9995301333333333,0.3296579619248708,0.0
0.19526338333333335,22.459811280535522,0.595597543319701,6.545089099999999,1.05385332,0.3169825077056885,0.005788485209147101
0.11386120566666665,21.680903747983482,0.5620345102896145,9.140215333333334,1.0663921166666668,0.2914416790008545,0.0014995733896891001
0.05982194999999999,23.081319454578377,0.5930163773002352,9.428670333333335,0.7089122666666667,0.25707512597242993,0.0
0.16246183333333333,16.670026631041907,0.4171348578461429,28.671244,0.7059378199999999,0.5236521164576212,0.005410909652709899
1.4049204866666667,24.365257517615486,0.6096135949150349,5.352735200000001,1.5461125666666666,0.22526453435420987,0.0035547415415445667
0.4624924133333333,22.291988541010852,0.5846975712702333,5.410940166666666,1.2692288333333333,0.18628665804862973,0.003223021825154567
0.2528356433333333,22.670232325713922,0.675239890769146,6.630730966666667,1.4999499333333333,0.23065351943174997,0.005612532297770134
0.12825389666666667,23.43672808648498,0.7011601730769991,7.426849566666667,0.8837664766666666,0.22941136856873823,0.0031063556671142335
0.18296212,19.9038554166991,0.6019521472105397,8.820128500000001,1.1084101533333335,0.2747423052787781,0.0
0.1503924133333333,20.127544408570454,0.57198006546382,8.964464999999999,0.9122008899999999,0.22228767971197763,0.0015897750854491999
0.11205875333333333,21.08195672386142,0.631339336692607,8.980624,0.85642078,0.2172789673010508,0.005841414133707666
0.14606265666666665,19.833946728359884,0.5641948388458465,9.306385500000001,0.7538889533333334,0.2573073506355285,0.0
0.100377512,21.14927835964271,0.5926497702865996,9.365980333333333,0.72240795,0.26709256569544465,0.0023360252380370664
0.11235270666666668,19.666412371239037,0.5456134209951887,9.476385166666667,0.7272033000000001,0.2581928273042043,0.0027354558308919
0.14387832999999997,18.903519788947758,0.5036124461354902,10.218293000000001,0.8000982799999999,0.30160220464070636,0.0029210249582926335
0.2277912666666667,17.664572688621814,0.5143887528248038,10.390442666666665,1.2045874666666667,0.3156587233146031,0.006384531656900967
0.10849536166666666,19.37143289729112,0.5687899684080026,10.372970333333333,1.0395949333333334,0.2707513024409612,0.0027135213216145666
0.26113706000000003,15.978224848199671,0.5198619299894741,10.273672333333336,1.4225241333333332,0.323515663544337,0.004290660222371367
0.14144679999999998,18.744041599959896,0.5270718645084352,10.168021833333334,0.8809405666666666,0.3129000465075175,0.0027043819427490005
0.09686524166666666,19.99212228198722,0.5295503875104205,10.645683666666665,0.9034804666666667,0.3297661890586217,0.0033582051595052002
0.09424064833333334,19.570046343574344,0.5194345947622618,11.577817999999999,0.8695626333333335,0.32636841138203937,0.0009246667226155333
0.12951792333333334,18.299370176925446,0.4851957589619726,11.843828166666666,0.84399801,0.35843242208162945,0.0005168914794921667
0.10837737666666665,19.746441116685734,0.5312829698042661,10.725216833333333,0.9381057,0.30240830282370246,0.002320210138956667
0.16603059666666667,17.543496996952925,0.4698816053394487,12.008746666666667,0.8736317966666668,0.36122767130533856,0.0033787886301676335
0.10431332666666666,19.88852323705181,0.5291733360548058,11.263417666666667,0.9595575866666667,0.3165192902088165,0.0021212895711263
0.15387104666666665,19.120747749055372,0.5208223373339302,9.833468333333332,0.92412222,0.3184065322081248,0.0017291704813638998
0.11679519,19.78547679216597,0.5512674671509702,9.706857166666666,0.9959856333333333,0.2973414858182271,0.0029662450154622332
0.17537149166666668,18.659644346549474,0.5068542683254518,9.447672833333334,0.8523545666666666,0.3172140220801036,0.0019022623697916667
0.09766868,20.463600874039958,0.5468181572253513,9.496859,0.8141446666666666,0.29461884498596186,0.0009715557098388666
0.09391202766666668,21.428287737755138,0.5724841507528166,9.310564000000001,0.8165220233333333,0.2967864175637563,0.0029532909393310005
0.12557270933333334,21.618670513327245,0.5980954875520418,7.2510414333333335,0.9834325700000001,0.25695093472798664,0.004040241241455067
0.13736019866666668,20.057348854307367,0.5615671553199548,7.9660765666666675,0.6684513500000001,0.27114718159039813,0.0013489723205566335
0.13413494666666667,20.61842932889895,0.5929935120601796,7.8566,0.8321587166666667,0.23097573717435194,0.0036473274230956667
0.21158817,19.25397044152586,0.5740294212185325,7.417736633333334,1.1129764633333332,0.30178703864415485,0.004216194152832
0.13695064999999998,20.77087652479208,0.6105208036408983,7.260219666666667,1.0165312,0.28356606761614483,0.0026915073394774996
0.13029292866666667,20.251909298087227,0.5976941535169146,7.565314766666667,1.0425650233333335,0.30569016933441157,0.004429181416829401
0.1670671566666667,20.268936578545517,0.582543899190087,7.463938,1.1756877466666666,0.29762333631515503,0.0047041575113932
0.09533370133333334,17.753215915446862,0.39179732912348886,31.569629666666668,0.5103421333333333,0.4712316294511159,0.0050944487253824665
0.11860195,21.23992849053997,0.4609616748986931,17.927528666666664,0.8266823666666667,0.5462130010128021,0.0012821356455485
0.13427665666666666,23.62741924372351,0.5431848172266348,11.266024,1.1478755333333333,0.35509509841601056,0.0080155531565348
0.30381172666666667,20.139016219861333,0.48210542661349803,11.485004666666667,0.8318720533333334,0.4011546770731608,0.0034177303314208668
0.1672734876666667,22.90677123587051,0.5481369710316403,10.771488,1.2326844666666665,0.3508930404980977,0.0012308756510416667
0.11783620800000001,22.394262309710495,0.5370609123021234,12.080629333333334,1.00433474,0.3389757176240285,0.0
0.11448064333333334,23.51939908522218,0.584019606440013,9.928851333333334,1.1044174333333332,0.2832682530085246,0.0016659100850423
0.30230712833333334,21.8484362539794,0.5827660391841983,7.9473017666666665,1.479531266666667,0.27761680881182355,0.003935813903808567
0.23361167166666666,24.4323563444345,0.6314630379539623,6.7192774,1.10509159,0.2696170409520467,0.0022972424825032003
0.12841585333333336,24.143519747532434,0.6589276935188685,6.6567732,1.1129029333333333,0.25779266655445093,0.005554993947346967
0.2920373233333333,18.09740063369544,0.4950059473468411,7.853865199999999,0.7065004533333333,0.3276492953300476,0.0
0.1872033,19.290701959961062,0.542035297046613,8.0574529,0.8243637,0.31290003657341,0.005366245905558234
0.18680066833333334,19.768638487371078,0.5515621983020261,8.126999666666668,0.7956981400000002,0.3217276136080424,0.0016765594482421667
0.12434653999999999,21.848558897632103,0.5987206204214218,7.818328500000001,0.9737576,0.2661309242248535,0.0019095738728841002
0.12007943199999999,22.139137840425537,0.5868315371300953,8.194275,0.88520575,0.2611054976781209,0.004957675933837867
0.17920640666666665,20.71945163109587,0.5543044873429889,8.728744333333333,0.7703875166666667,0.3210398852825165,0.0019325415293375333
0.12096590800000001,22.16014029002727,0.6006400692026516,8.283762900000001,0.7153725400000001,0.2779022256533305,0.0020441214243570667
0.18377834933333334,21.68518429292241,0.5764830702548255,8.635349666666666,0.8645642333333333,0.2648680607477824,0.0
0.10702947333333333,22.3953174232644,0.601640466340097,8.513907333333334,0.8166710999999999,0.26849297682444256,0.0031057198842366334
0.25494149666666666,20.432532498596235,0.5321378938635992,9.043873666666668,0.7067680533333333,0.3139749268690745,0.0019186337788899336
0.15391526333333336,22.483172314014677,0.5561051041250784,9.226265,0.84757374,0.3167557617028554,0.0010120868682861
0.32326738666666666,19.6882199446659,0.5539327828631024,8.156149000000001,1.0510675166666668,0.25650238990783686,0.0047483444213867005
0.17094088666666665,21.12084247669029,0.5592602361667806,9.361623833333333,0.9507382,0.29511146744092304,0.0027570724487304666
0.18235322499999998,21.772782550771666,0.5498827824338886,9.294070666666666,0.85393826,0.29242471357186633,0.001989205678304033
0.34307836533333336,21.56463794195376,0.5698082959881776,7.7362049,1.1045339533333334,0.26799095173676807,0.0018563270568847333
0.29229107466666665,21.321895339842847,0.566928297356341,8.1468048,1.2969061333333334,0.32357204953829444,0.0047937234242757
0.5864709733333333,18.977058919962918,0.5194517121990292,7.6406915,1.3675699000000001,0.30021291971206665,0.001223882039388
0.11333091866666667,22.57258667061023,0.5750958768330231,9.074492666666666,0.9074485499999999,0.28103365500768024,0.004319985707600833
0.15119399133333336,22.04554409718199,0.5618926683287834,8.6046,0.9938313000000001,0.2794378697872162,0.0038810571034749003
0.328962098,22.132992703310123,0.5969967454359186,6.433031733333333,1.3642890766666669,0.29188030958175654,0.0020009676615397
0.19329122666666665,21.58628445650503,0.5988534863493273,6.977222133333334,1.2273591000000001,0.266521543264389,0.0013376077016194335
0.48676123,17.093801997069036,0.46675175612111436,8.34566,1.2106827666666666,0.36198874314626056,0.0019342899322509668
0.08295943866666666,21.038813616354087,0.5347316638387,8.285304,0.6451539166666667,0.3202984829743703,0.007654825846354099
0.10004249033333333,20.379867919041917,0.5509142442579008,7.7466631,0.9946904466666667,0.31765973567962646,0.0022567907969156665
0.09973121833333333,20.17257001663017,0.5307753421501462,7.788024166666666,0.7541381466666666,0.3310585121313731,0.0034526189168294
0.15232746,18.69556846470566,0.5437981405296267,7.64836,1.0208184333333332,0.35342613855997723,0.0026581287384032665
0.18820119999999999,18.732429667832157,0.5577881091916718,7.116054500000001,1.1039953333333334,0.3423142631848653,0.0020233790079752334
1.95605912,19.42406124178906,0.42483630426095936,10.763152,1.421613533333333,0.4600515166918437,0.004189332326253233
0.17974494499999996,27.726468926178445,0.7177552985621917,5.422332333333334,1.3065258133333335,0.23246081670125318,0.0
0.30712327,20.991554220223325,0.5400171420748298,7.924965333333333,1.3019991,0.29074546198050183,0.0017979939778645666
0.10083721999999999,25.207657561336323,0.5968494796942766,9.074606666666666,0.6528198666666666,0.2997947633266449,0.0009253025054931333
0.23351781133333335,23.053282112828715,0.5982985522530601,8.057048566666667,0.9299534833333333,0.27675288418928773,0.0
0.27740533666666667,22.839798962821774,0.5884225842489715,8.295233833333333,1.2361285133333333,0.2824322034915288,0.0
0.15916412133333332,23.476867356911807,0.6119872401717391,8.086048333333332,1.0697369,0.25990732014179224,0.004326264063517234
0.11418451666666667,23.802411579273524,0.6139895893790841,8.543984333333333,0.8130208033333334,0.2579768051703771,0.003381331761678033
0.10121634933333334,21.868901283235903,0.5948038988325477,9.526191166666665,0.59753548,0.2827622244755427,0.0005900859832763666
0.14182480333333333,19.24323208202225,0.5539232095458408,9.758482833333332,0.52237469,0.3270103434721629,0.0029175281524658
0.12582282999999997,19.83368621973638,0.5426304608532825,9.307523,0.60604673,0.3025942395130793,0.0022367636362711336
0.11394355833333335,21.19129224515933,0.5564390370487722,9.926848,0.7200326666666667,0.3005832433700561,0.0
0.10485443466666666,21.671751217980727,0.5964570358416812,8.874626,0.8664492333333333,0.27081525325775146,0.0019210974375406668
0.13623236,20.606856017157174,0.5604618620977074,9.295060666666666,0.7577651333333333,0.3072573741277059,0.0013204415639241334
0.13098753,21.25948958582212,0.5787934915603316,9.733653333333335,0.6435385866666666,0.2900303949912389,0.005493005116780567
0.13623548666666666,21.92245653192947,0.5597189942270719,9.592713666666667,0.7026086133333335,0.33500470717748004,0.0022941430409749003
0.17490004,20.43937184968286,0.5246833069087503,10.034637666666667,0.77114155,0.3148241440455119,0.0029845237731933334
0.15477120333333333,20.813063067321185,0.5278820442135096,10.532915333333333,0.66359571,0.3448316156864166,0.002373377482096333
0.12774356166666664,21.682560934519344,0.5319966694030484,11.670609666666666,0.6730527466666666,0.325601061185201,0.0020078023274739333
0.09898630333333332,23.77846304685846,0.5600817867110323,10.785443,0.66638352,0.3162701328595479,0.003687620162963834
0.4879171766666666,20.226792832259754,0.5189757517307592,11.131633166666667,0.8732629933333333,0.34217225511868793,0.0
0.21810504666666666,21.19247385429325,0.5225740957063731,11.042997333333334,0.84076985,0.33849321802457166,0.0026774406433105334
0.21096011999999997,23.26912316569683,0.5614894699067144,9.108407333333334,1.1212359,0.33895110090573627,0.0062478383382161
0.18828584,23.327665097242107,0.5702219749969936,9.023556,1.0867806533333333,0.324650506178538,0.0010057290395100668
0.35340404000000003,21.551568536488347,0.553362967020436,8.440937333333332,1.0787874666666666,0.30576464037100476,0.0052482287089029335
0.8368401599999999,20.44777946265511,0.47962229595824674,9.716679333333333,0.8683821800000001,0.40071219205856323,0.0028591156005858998
0.12319063000000001,22.199218527732416,0.49373032041090653,10.909244666666666,0.9211137333333334,0.36969223618507385,0.0
0.152209888,22.869409712076507,0.5298578038591025,9.486067333333333,0.8986891866666666,0.35808465878168744,0.0013245741526285665
0.21076999,23.171483331417736,0.5588646143159849,7.0097517,1.2174248166666668,0.35130414366722107,0.0019873778025309
0.195139698,20.656688613137643,0.4726496840205528,9.368541666666667,0.9866872666666667,0.3754341204961141,0.0028114318847656003
0.19516486666666666,22.793601303765087,0.5696972045355994,6.948505433333334,1.0893869333333333,0.33931774894396466,0.008551200230916267
0.09393137166666665,24.408457044516155,0.5883498827083615,7.851343666666668,0.9519704999999999,0.30778151750564575,0.002006530761718733
0.387661002,23.381720286685248,0.5841202347883977,6.6851965,1.2279514333333335,0.24704695741335544,0.0017102559407552
0.6612974333333334,18.040277997051053,0.4518719128511121,7.071642099999999,1.0863487833333334,0.3072563707828522,0.0021766821543375333
0.22713584166666667,22.139709765656036,0.583045770577432,6.804261866666667,1.2288643333333333,0.26370447874069214,0.002508799235026
0.27791930666666664,19.326382709925927,0.5384734084289203,8.002887466666666,1.539795,0.30716166893641145,0.0024038155873616334
0.13454172333333334,21.623911569187516,0.5999464897895614,8.3646782,1.3863421466666666,0.2616653243700663,0.0053056875864664335
0.12478770333333333,22.809234822256645,0.6185683741688884,8.477985566666668,1.1880867333333334,0.26792432367801666,0.0033666292826334335
0.12702640333333334,22.28319958493338,0.5917155112177078,8.100689666666666,0.7469600166666667,0.27678621808687837,0.0032650629679361665
0.14860558,20.83917234639985,0.6036091551588237,8.080909233333331,1.2864066766666666,0.28662243982156116,0.0021913051605224336
0.15609919466666666,21.3163767276215,0.6124869697849938,6.925556666666668,1.2669219333333335,0.26615650951862335,0.006622791290283134
0.23410540999999999,21.21505931329538,0.5896881648150899,7.2986339,1.3456737633333333,0.2908235689004262,0.0049476623535156
0.2080263033333333,20.956485256481763,0.5688678312735428,7.518931500000001,1.0544990133333334,0.28525686264038086,0.0
0.24742920999999998,20.37770855696882,0.5644636905774348,7.291777833333334,1.2053664333333334,0.34589920441309613,0.0013941923777262331
0.34360206666666665,19.462027005600472,0.5634895485012884,7.365896966666667,1.46855442,0.28583932419617963,0.007755041122436467
0.28866857333333334,18.257446916290846,0.5218880466621884,8.455123766666667,1.2455519,0.30055682361125946,0.0033955574035644336
0.42436145,18.43969496606162,0.5564355872337555,6.839246433333334,1.5927279666666667,0.2905907233556111,0.0016900698343912668
0.1322867733333333,22.936622417887648,0.622476977962532,7.612714733333334,1.0839481366666666,0.28435030579566956,0.0029335816701253
0.32771777,20.358771741790424,0.5647050948341971,7.479751766666666,1.2362495533333333,0.3286593953768412,0.005685170491536433
0.17920845533333332,25.489447434208632,0.6682037485100757,5.867391333333334,1.25512331,0.31505905091762537,0.0
0.30472405333333336,22.052993699742903,0.5999096544128072,6.010222933333334,1.1449024,0.32566770911216736,0.004497289657592733
0.2749096233333333,23.393885869229013,0.6169193538158145,6.302063433333333,1.0273829,0.3366658290227254,0.002624909083048467
0.63449618,20.58145417332034,0.5607175347455445,5.776513533333333,1.3845680333333332,0.3373502592245738,0.0033512115478515334
0.4956864633333333,21.35049248811841,0.575264963366366,6.467199900000001,1.3328155333333334,0.37077245116233826,0.005011081695556567
0.7033513633333334,19.682369836898165,0.5592418698805831,6.342887999999999,1.7972904666666665,0.342422217130661,0.0025548934936523
0.22982214,21.16966070452185,0.5633989964915884,8.484635666666666,0.8883775466666668,0.3390730122725168,0.0014303525288899667
0.37523726999999996,19.485353754342114,0.5395546592193706,8.302596766666667,1.1785338,0.3151606321334839,0.0
0.32632921,18.641641306458723,0.4881483718436555,9.744175999999998,1.1314180166666665,0.33245977759361267,0.006263256072998001
0.2105438966666667,19.05953877947347,0.5191927147280215,8.756864333333334,1.3706657333333334,0.3329035242398579,0.0016522407531738002
0.46914134,15.911580227900382,0.4708211060752458,8.841936500000001,1.4131646,0.39708520968755084,0.0
0.16139359666666667,19.48714751487557,0.5167509732218613,9.288420833333333,0.8962686,0.3814237217108409,0.0021641254425048668
0.21193627666666667,19.71106630903707,0.5486652525900796,8.6085999,1.1677984433333333,0.34412475426991773,0.003883679707845033
0.45720231333333333,17.051235821958866,0.49730861738114945,7.256767666666666,1.4834135333333334,0.38015339771906537,0.0
0.21686792000000002,19.137886964967546,0.5381986647441132,7.430740566666667,1.1655311499999998,0.3208647469679515,0.0026908715565999003
0.182761151,21.351539881410005,0.582931146249631,7.862351066666666,1.2305328,0.3240184386571248,0.004675070444742801
0.23169990133333332,20.230711386987707,0.4854530678316354,13.829516833333335,1.2607856166666667,0.47225460410118103,0.0037395159403482998
0.31784402,25.416974418352282,0.6789992763230511,4.401883133333333,1.3734792533333333,0.12165776640176769,0.0008223056793212666
0.31398423666666664,22.771588698034858,0.5089035372770906,4.5252682,1.3918526833333333,0.16212537388006842,0.005196968714396133
0.6449402566666667,17.10475237304729,0.36394808351357266,6.453531266666666,1.2336297,0.2605953315893808,0.003686745961507134
0.42789683000000006,16.704266713879367,0.3759118691037439,7.637291733333334,0.9424458000000001,0.2822047273317973,0.0
0.37283992666666665,16.243444146877764,0.37212138795605476,8.704538666666666,0.95545501,0.2728672424952189,0.0
0.23982019000000002,17.755765749784537,0.46515282164368527,9.245122666666665,0.9775281100000001,0.2261675943930943,0.0034595330556233665
0.38977846,15.804957457135457,0.38412768555354865,9.864791666666667,0.8917320133333333,0.2579516222079595,0.0
0.27484582,17.162435509823368,0.46167275577994493,8.538646000000002,1.1004958,0.22835474709669745,0.003326416015624967
0.36123193333333337,16.105056292877617,0.41994037379633126,8.431572000000001,1.17908792,0.2528896927833557,0.005213101704915333
0.21155299666666663,18.35741491956789,0.48574724108136397,7.9175398,1.2268221000000001,0.24302633106708524,0.0028739770253499333
0.13317152866666668,19.67970358133742,0.5191075509655407,8.239054333333334,1.0760041233333333,0.2614402373631795,0.0042133331298827995
0.25457437,17.428142248723038,0.41716201944524167,8.510954433333334,0.84261003,0.30887771646181744,0.0008292992909749333
0.22158663,17.562711102002037,0.4613516357821877,8.960472666666666,0.9684674533333334,0.3206380655368169,0.006080945332845
0.24327427,16.647033853338556,0.4540257440756619,9.247321333333334,0.9809204566666668,0.3175448477268219,0.0040467580159505
0.20888096333333336,17.166909633775983,0.46866617190006693,9.558803,0.8960696,0.32930152614911395,0.003968954086303667
0.223915062,16.996455428899473,0.4781369230901209,9.328897,0.98136222,0.34598033626874286,0.0038542747497558334
0.20853133666666668,16.518951172406926,0.4989329803141109,9.086152333333333,0.9306824333333333,0.3096172710259755,0.0051767031351725
0.22510382000000004,16.058233629643382,0.4626046124243867,9.587058999999998,0.7741934333333332,0.3512542148431142,0.0
0.2959354433333333,15.09797677493757,0.4420026461688135,9.420285,0.6755839233333334,0.3524466057618459,0.0034029483795166
0.15663001333333335,18.01651262596651,0.4726568854949537,10.241706166666667,0.8131982466666666,0.39129414161046344,0.0031132698059082
0.20516970333333331,16.39515450314411,0.4600542053603865,9.804794,0.6550905833333334,0.3741384545962016,0.0
0.22817235333333333,16.30922289135219,0.4519220337535947,9.393618666666667,0.48660166,0.370005577802658,0.002226114273071267
0.24040708,17.09767469448536,0.47350177700915513,8.064159233333335,0.7131331133333334,0.3742134968439738,0.0040903091430664
0.19137695666666668,17.861240194055608,0.5169522218263535,7.8332793333333335,0.7238282833333333,0.3773791392644246,0.0021202564239501667
0.25845954666666665,16.09966656564504,0.47445972481175397,8.010696133333333,0.7177926,0.3895456890265147,0.0013390382130940666
0.22265512333333334,16.99539239389618,0.48986743753834344,7.992060266666666,0.6386800566666667,0.38705455263455707,0.004724899927775033
0.11877668666666667,19.675914586474367,0.5456832803670851,7.646631533333333,0.8043637499999999,0.4095402956008911,0.0027040640513102
0.3306323466666667,15.931197169562674,0.46250165317998543,8.057094999999999,0.6213101566666667,0.40204767386118573,0.0006210803985595667
0.21696956333333337,17.003855464694,0.4695022067855426,8.311605666666667,0.7298392266666668,0.39664844671885174,0.0025684833526611003
0.13836492833333333,18.412867193342436,0.5061838202320054,8.842869666666665,0.7047331033333334,0.3729177514712015,0.0018546581268310332
0.12912793666666667,18.451080012086553,0.49290058485548965,9.395068333333333,0.6368469133333333,0.38002554575602215,0.0033396085103352667
0.13347146133333335,17.854242505771094,0.4755565631340945,9.792053000000001,0.54641052,0.4104479153951009,0.0015063285827636667
0.12487512199999999,18.075637569764332,0.488845605814992,9.665394,0.6385516233333334,0.37722629308700556,0.0010614395141601333
0.15492764333333334,17.113160484193887,0.47770376911511025,9.403818000000001,0.5405449133333333,0.4077529509862264,0.0024797121683756335
0.15823230666666666,17.635675846840105,0.4841139787779863,8.881754666666666,0.6398060533333333,0.384259174267451,0.006498495737711566
0.10846888666666665,19.978500827423375,0.5362182950760476,8.212988633333334,0.7157933333333334,0.37172306577364606,0.0054814020792643
0.17037897666666668,18.817195093294902,0.5269069731338313,7.442228766666666,0.5127687366666667,0.38941744963328045,0.0047504901885986
0.10186301000000002,17.47567263183473,0.40294706800499575,29.961497666666663,0.5774532566666667,0.44524426261583966,0.006099939346313434
0.6764505833333333,25.922961553215902,0.6667172195307902,3.1907015333333333,1.7910093,0.10481410970290499,0.009294748306274367
0.5520406400000001,20.72019725586107,0.4527052388068231,4.415448333333333,1.3581104333333334,0.15650551021099082,0.004025777180989533
0.45983622333333335,20.07981558207556,0.4269181913744297,4.671227666666667,1.2737760666666667,0.14177097876866654,0.0040480295817057
0.4516444966666667,20.021797092876557,0.4480598282845282,4.884076666666666,1.4893143666666668,0.15605576336383817,0.007413307825724233
0.3149683266666667,20.78699760627587,0.4140777474405642,5.30665,1.1362419533333332,0.20018179714679718,0.006331761678059867
0.2518179933333333,20.523155846632896,0.4792292801069091,6.202137266666667,1.2096467000000002,0.1689217239618301,0.006990909576416001
0.37961849,18.264060939512998,0.45533535401608694,7.107596266666666,1.1078930999999999,0.19770520925521848,0.004744768142700167
0.29422007200000005,18.383758226555475,0.4235180068865259,7.863112999999999,0.9483835333333334,0.21086551745732618,0.0021973450978597
0.32959440333333334,17.47187017961674,0.3698760871436653,7.927606066666667,0.9372910466666666,0.2713074137767156,0.0027653376261393
0.14422794000000003,19.757376254261057,0.5423589775867081,7.9882781,1.0106353933333334,0.22622259954611457,0.006710847218831299
0.14203277,18.6118491728197,0.450617321722741,8.717488666666666,0.7350053499999999,0.27326422433058417,0.006187756856282534
0.20547943333333332,17.00818789123186,0.4539799792857709,9.027456333333333,0.97462605,0.30866122742493945,0.0040006637573242005
0.1762723966666667,17.271173323060868,0.46720305047027016,8.294242599999999,0.7743183966666667,0.292142242193222,0.0055150985717772995
0.1892862266666667,16.890772758775267,0.45809112572281613,9.138244233333333,0.90620792,0.37698351343472797,0.003666639328002867
0.08607376500000001,20.20148230768153,0.5448080355404156,8.176968533333335,0.8841953,0.30448948343594867,0.004837195078531867
0.17604834,17.373306017861925,0.5051148210939491,8.038066466666667,0.8736507466666668,0.3245365818341573,0.0083645979563395
0.13635128166666666,18.643823183100395,0.5180226330785823,8.562254900000001,1.0034462566666666,0.33307603001594543,0.003352562586466467
0.15633052,18.343448916179693,0.5113510971117886,8.0977881,0.7854659,0.34642157951990765,0.0036664803822834997
0.21433618666666665,17.73519638051135,0.5088637799881054,7.996761666666667,0.9266008333333334,0.3266323109467824,0.0014663537343343
0.23424369666666667,16.984202632294636,0.5019312074470339,8.241244166666666,0.8562151666666667,0.34365300337473553,0.002633015314737933
0.14542434333333334,19.050762222803975,0.5254245942707325,7.977647466666666,0.8164852533333334,0.34385396043459576,0.0051860014597574335
0.1925288066666667,17.969234610820507,0.4962714267543105,8.292920666666665,0.7665787533333334,0.36310556530952454,0.0026776790618896333
0.14518116666666667,19.350928308235414,0.5072016132701581,8.314276999999999,0.7858733833333332,0.3896400034427643,0.006496429443359367
0.19273188866666668,18.513708189631682,0.4972263953816943,7.917995,0.81540525,0.3755479355653127,0.005647579828898067
0.20293456833333334,18.874412213931524,0.501178061224536,7.774629333333333,0.61826674,0.39335349202156067,0.0024925072987874333
0.22274039,18.27214504311692,0.4921209435428932,7.227714066666667,0.6724442666666666,0.3984873096148173,0.0027426878611246665
0.20512116000000002,18.80185888038694,0.5028609111245558,7.028462566666666,0.494011,0.39140618840853375,0.0
0.23745999333333334,18.34425119690795,0.4922918702782155,6.914436366666667,0.5669468666666667,0.40251045425732923,0.0008552074432373
0.24423105533333334,18.209751897226912,0.5259068147545458,6.790387433333334,0.49128817333333336,0.40054352084795636,0.0024737517038981
0.46454152,15.44180057885292,0.4370844041339925,6.793507133333333,0.5063513566666666,0.3832586705684662,0.005110104878743434
0.21266770999999998,18.511286651367303,0.5069125099669908,7.167595000000001,0.65196804,0.3984451194604237,0.0
0.19601791000000002,18.613464408796087,0.5268486335154304,7.2785660000000005,0.8769321666666666,0.348516325155894,0.0029960473378499003
0.12894670533333333,19.939716310556385,0.5832503389184117,7.0679343333333335,0.8012415,0.32350730895996094,0.004806439081827767
0.15580130333333334,18.488294226284875,0.5503662878433754,7.544309133333333,0.7887942499999999,0.34290754795074463,0.004504998524983667
0.21372515,16.450867283821946,0.4978250424324771,7.8814334,0.7359191666666667,0.31877925992012024,0.0037107467651366667
0.4890460753333334,14.72164102331123,0.38673391742543073,29.474753000000003,0.41744536000000004,0.44699177145957947,0.0
0.21432494,23.886978304625817,0.5478026803096124,9.195444666666667,1.3698871333333333,0.33727086583773297,0.004175106684366833
0.5206518646666667,22.935171911952466,0.5710518739239402,6.6072415,1.2080843666666665,0.2563169598579406,0.0033225218454996665
0.23601200999999997,21.25454671841049,0.5584977208767683,8.1206089,1.4580209666666668,0.2989998509486516,0.0
0.16069050000000001,22.79012426036085,0.5471666057948138,9.709193666666666,0.8916291466666667,0.3204592267672221,0.005675872166951466
0.17971112,22.213616648708182,0.5212325897729398,10.020954,0.9827402866666667,0.33436761796474457,0.0033996105194091662
0.11479939666666668,22.436692700436435,0.528352443376375,10.991000666666666,0.8126174566666666,0.3410239319006602,0.0075425306955973
0.22659441666666666,19.090750438744404,0.5111700724470071,10.79833,1.0433341,0.34116705258687335,0.0033581256866454996
0.10815192,22.4756280966433,0.5307869608735779,10.264172666666667,0.9588405366666667,0.3413412670294444,0.0041588942209879335
0.17370315666666666,20.945625787409337,0.5235083126336156,10.5463255,0.9679543800000001,0.3723665624856949,0.0026729901631672996
0.19264973500000002,20.235720979303487,0.4870423751293977,11.466493,0.9379657199999999,0.36828450361887605,0.0039452711741129335
0.12756312,21.0820182009245,0.512419370728957,11.605235666666667,0.8074373366666666,0.3255590299765269,0.003039995829264267
0.32169828,20.377003793765315,0.5442165486911433,8.200067233333334,1.1871928,0.32607293128967285,0.0027350584665934
0.2348015,22.87336920541681,0.5758928363047012,7.829147466666666,0.9567519233333334,0.34149476885795593,0.0030775864919026664
0.48037916,21.472354213613226,0.5711494525524451,6.578071333333334,1.1290259833333334,0.36538973450660706,0.003969430923461866
0.16204123666666667,24.500988900299106,0.5757844344636041,8.199621500000001,1.1235025166666668,0.36182495951652527,0.002722819646199533
0.13665759666666666,21.800586233102035,0.4795915895591909,10.666518,0.9724622433333333,0.41562946637471515,0.008505662282307898
0.17938504,20.48907605751737,0.4977525936888412,10.965296333333333,0.9229463,0.35179072618484497,0.0077446301778156664
0.13711540999999997,22.404887334978216,0.5008436785085458,11.681617000000001,0.85288804,0.3618897000948588,0.0010194778442382667
0.17729038666666666,21.603507608646307,0.49582559218066774,11.233131333333333,0.8860404233333332,0.3502746820449829,0.0
0.1890105466666667,22.08945542189348,0.5337548356783725,9.550905,0.9061364800000001,0.3683752814928691,0.0016737778981526332
0.31819007,21.91987888794411,0.5593710458191926,7.821958900000001,1.2863450133333334,0.3573903838793437,0.0
0.31927655666666666,23.79334286695323,0.5933725795071924,6.977196666666667,0.9271281666666665,0.3620392481486003,0.0011091232299804668
0.24551906999999998,25.12488845153951,0.6221652916554242,6.292613,1.0291145533333335,0.33954547842343646,0.0012167294820149667
0.16405649999999997,24.802121615310423,0.6054729628755741,7.165321933333334,1.0767423333333335,0.3382980227470398,0.0022969245910644336
0.14281117,24.52735358148928,0.5957123449868789,7.327760366666666,1.3374907333333335,0.3628011643886566,0.0020095507303873666
0.11804202500000001,23.01887828082251,0.5829144855766645,8.246021133333334,0.8767830333333334,0.361122985680898,0.0010325908660888665
0.17111716466666668,22.459007622049768,0.5893474358604573,7.905781833333333,0.7762417066666667,0.3634868562221527,0.0013369719187418334
0.38354708666666665,20.09501192681446,0.5420490238982288,7.929634333333333,0.9207755333333333,0.4259651104609172,0.003412485122680633
0.4461909533333334,18.29844897485032,0.4866938309191431,8.797808000000002,1.3863979666666666,0.44208263357480365,0.005576610565185501
0.15460783666666666,21.321335383378507,0.5419744021545022,9.126639333333332,1.10386612,0.3498552044232686,0.003367185592651334
0.10930113533333334,22.526477214618378,0.5524108708372761,8.932230666666667,0.8671870333333334,0.3547367056210835,0.0020095507303873666
0.05810045266666666,24.272559875039793,0.5590393843197097,9.418457000000002,0.8668754333333334,0.3602915108203888,0.0041582584381102995
0.09190177000000001,24.407871003715815,0.6026783720903467,7.462208100000001,0.9692950666666666,0.314701368411382,0.0020163853963216
0.11317375666666667,26.60248638862829,0.5757119794471874,9.8955605,0.9559196999999999,0.3315153817335765,0.0013391176859537668
0.34714960666666667,22.228122154033997,0.5433761883063294,9.568961666666667,1.2786457666666666,0.34611389537652326,0.003094673156738233
0.388017415,23.48647936278027,0.5901618355056899,7.775811,1.1449733333333334,0.28674569229284924,0.0
0.19351293666666666,23.438988799530843,0.6127668089577729,7.7481565,1.0483121666666666,0.2447831730047861,0.0037941137949625333
0.12067133666666667,21.609941247847065,0.6101354065136948,9.359727,0.7544747333333334,0.26437080403168994,0.002433776855468733
0.11785820666666667,20.846323387559362,0.6144968779595293,9.963389333333334,0.7411710233333334,0.24817651013533273,0.004346847534179633
0.107980582,20.696588523887414,0.6011206164512594,10.223892666666666,0.66996981,0.24780355393886563,0.0033732255299886
0.11232017999999999,20.43815199443667,0.5918156665472484,10.397097333333333,0.7384884899999999,0.23425050576527914,0.0020389556884765334
0.15452505133333336,18.988313340637735,0.5888395511573494,10.430689333333333,0.8808643100000001,0.2809179524580638,0.004767894744873
0.11179743800000001,20.448270212746866,0.5928745000747818,9.062694666666667,0.8406084100000001,0.22534463306268052,0.0028591156005859336
0.10720742766666667,20.47046408651488,0.5842125882438228,9.999336999999999,0.96525231,0.2384598652521769,0.003925482432047467
0.09329905966666667,20.683850837924236,0.5639478754383777,10.340623666666666,0.8257112433333335,0.2565993318955104,0.0014665921529134
0.15697944,18.841126905514106,0.545253373403503,10.5272655,1.1423276666666666,0.2958504060904185,0.0
0.15903868333333335,17.664668349576313,0.5171462944977324,12.020843,1.0680310566666666,0.29566969474156696,0.0088593165079752
0.08185456166666667,19.766120455878212,0.5202708520785421,12.535658333333332,0.5692522666666667,0.34153430660565687,0.0040295124053955
0.09532235266666667,20.256566899216665,0.5419359163549228,10.739699333333334,0.9038164533333334,0.3176865875720978,0.0
0.09685580666666667,20.14001708533709,0.5372843448423333,10.410400333333333,0.8766984299999999,0.3135928312937419,0.0039791266123453675
0.14325011333333335,18.161311129331672,0.49724086752164115,11.147210333333334,0.8699059866666667,0.3407662014166514,0.0022531350453694333
0.10001046333333334,20.123330799452933,0.5344393805483825,10.808599833333332,0.8690808333333333,0.3165423472722371,0.007243553797403934
0.1727394333333333,18.003809514009046,0.5421639385837921,10.784683333333334,0.9506554,0.2942094554503758,0.0023858547210693333
0.13112369333333332,19.010671199394668,0.5055621682803305,12.020216666666665,0.8397414166666667,0.33710235357284546,0.0036956469217936
0.18839182000000002,17.934064606587025,0.522834363349175,11.556659666666667,0.9157705666666667,0.2906726499398549,0.002158482869466133
0.15507270866666667,18.299836719530152,0.4877630773353674,11.688023666666666,0.6853218,0.3295977214972177,0.0026838779449462665
0.11841186466666666,18.968577857540737,0.5233432381300589,10.728589666666666,0.7215855333333333,0.3162603477636973,0.0
0.11876254666666668,19.170128556756094,0.5101304344896167,10.756949333333333,0.6700172666666666,0.3160834511121114,0.0030717849731445
0.16477561333333332,18.75073784628543,0.520732828208851,9.60581,0.90849145,0.3217436571915944,0.0013391176859537668
0.20894455,18.376697601655433,0.5410118064501053,8.910089000000001,0.9079278666666667,0.27444827059904736,0.0017745494842529
0.24412037,18.282964891906094,0.5310473684773256,8.369180233333333,0.9948579000000001,0.28226491808891296,0.0026148160298665336
0.19086157666666667,20.35597819428332,0.5760333616770305,7.3713631,0.9169041000000001,0.27066465218861896,0.0009617805480957
0.26125657,19.15340500423603,0.5496992314777881,7.526894466666666,0.9908305999999999,0.27568094432353973,0.0006151994069416999
0.29750814,19.217208631046883,0.5363941728896453,7.488071266666666,1.1390464333333334,0.2839991350968678,0.0019747416178385333
0.3182510333333333,19.152970696495252,0.5325448668118994,7.084763166666666,1.0194265333333332,0.2810428539911906,0.004100084304809567
0.39605752,17.87918534115772,0.5118506023268116,7.750825266666667,1.15275529,0.2862114856640498,0.004516442616780567
0.30390423,19.26004631538476,0.5523161102889432,7.022805333333333,1.2024198333333331,0.24342207610607144,0.0
1.1574593333333334,24.75510247952451,0.487809778386755,2.6933566666666664,1.8971901333333332,0.09120821331938107,0.0010433197021484
0.67658359,21.5666199155696,0.4477934382723187,4.491234166666667,1.5722091666666664,0.16958813369274137,0.0
0.45568253333333336,21.252428266299855,0.4484234480203017,5.260732166666667,1.2520208333333334,0.1735682139794031,0.0020072460174560334
0.4240881266666667,21.342297214588026,0.553235416370561,5.607040566666666,1.3438328333333331,0.21873324612776437,0.0032375653584797667
0.5506420466666667,17.31736351951198,0.404669428839278,7.543683166666665,1.0421828333333334,0.2364386816819508,0.003899494806925433
0.53155354,16.23960875132605,0.3855544158129078,9.111678833333334,0.9332148400000001,0.26354949176311493,0.003310362497965467
0.2935574733333333,17.255451606942664,0.4576718277874868,10.120486333333334,0.9157598366666666,0.27157553533713025,0.0
0.26723036,17.671731797455937,0.4561604552688105,10.377499333333333,0.8472121666666667,0.30238777399063105,0.004544019699096634
0.18589523666666666,19.110907121871175,0.5104068166582364,9.172056666666668,0.7429911333333333,0.2327674527963002,0.0011513233184814334
0.17829670333333333,19.010092607630217,0.5014378447265565,9.117148666666665,1.0248106000000001,0.24101226528485611,0.0020321210225423
0.12890369333333332,20.324474169988946,0.5621811517782825,7.974211633333333,0.8474716400000001,0.22748389343420664,0.0
0.23070671466666667,17.780963111301407,0.4826184040984856,8.834286166666665,1.1594489333333333,0.2540581276019414,0.007197618484497
0.2627973766666667,18.20003443375264,0.48521056774256993,8.789152333333334,1.2006729366666666,0.29405184586842853,0.0
0.18674395333333335,18.6659828376461,0.44982274229471436,9.759470666666665,0.8657495666666666,0.3212339878082275,0.0
0.20873494666666667,18.40497537662065,0.47017341562022025,9.602567,0.99477568,0.31599768499533326,0.0020117759704589666
0.22289286666666666,17.75827448597715,0.4405364960451161,9.806778666666666,0.8211601766666666,0.3138970037301381,0.0016351540883382
0.20771255666666666,18.513504023991132,0.48730459061761594,9.284221333333333,1.0518562,0.29046812156836194,0.0027120908101399663
0.29721253333333336,17.222067323662888,0.4355849323359127,9.998938,0.8827785466666667,0.33861492077509564,0.002239386240641267
0.26476107666666665,17.326132820630935,0.4652273661049975,9.471439833333333,1.0514947,0.2969875633716583,0.007229963938395166
0.30728851333333335,17.70727928719809,0.4736056822400972,9.053574333333334,0.9601849799999999,0.2989497284094493,0.0029548009236653335
0.29558871666666664,17.876173099210245,0.482355216535266,8.5272968,1.0961485,0.3117787738641103,0.0
0.33309009333333334,18.007180202158484,0.4670507468372255,8.743667,0.9906726466666665,0.3211972912152608,0.0067032178243001
0.27903306666666666,17.78534748860324,0.47349942174720816,9.246829166666666,0.8956559866666667,0.3199567993481954,0.0007145404815673667
0.28613964333333336,17.27619076898849,0.45316208323902946,10.134716666666668,0.8301290933333333,0.3625760773817697,0.0
0.2756254266666667,17.320441578590707,0.49131705322842717,9.869276999999999,0.8888355,0.28419264157613117,0.0019339720408121663
0.35762093333333334,16.305793462230493,0.4608449888814687,9.386967666666669,0.8807457766666666,0.3278938134511311,0.002725521723429333
0.2664481066666667,15.754473606101767,0.4174787885241222,11.894787333333333,0.7857818466666666,0.35168225566546124,0.005396842956542934
0.29264828666666665,16.25652181887502,0.45485795729770695,10.097587333333331,0.8617072800000001,0.30648035804430634,0.0
0.20898055666666668,16.792790074841104,0.46868199067105937,10.884119333333333,0.7480233333333333,0.3296179970105489,0.004847447077433234
0.21164747333333334,17.545493614354758,0.5007875125764876,10.0002625,0.8454041,0.30517500638961786,0.004459698994954401
0.23682005666666664,18.160447864612234,0.5119663321719786,8.948800266666668,0.86249442,0.3059254288673401,0.0035943984985351333
0.41943339333333335,16.37305615906011,0.4638246985244585,9.166247666666665,0.74743832,0.2965400417645772,0.0061354637145996
0.30960588666666666,18.296482673270503,0.504756425516501,8.247184266666666,0.8958778666666666,0.27473664283752436,0.0022951761881510333
0.20956144333333335,20.23582182182518,0.5819735402590357,7.365163,0.9507095,0.23883857329686478,0.003893772761027
0.241033622,20.135695926953186,0.5817707268909006,7.1864146333333325,1.0433270666666667,0.2613398432731628,0.0048991044362385995
0.29516962333333335,19.295680289439062,0.5390386177464209,7.181221000000001,1.04946375,0.27068544427553815,0.004205306371053034
0.21562917999999998,20.368102639877964,0.5731933066638941,6.939255833333334,1.02950855,0.2690507620573044,0.0016486644744873001
0.21867627666666667,20.07779540396446,0.5479207696768597,7.460245666666666,1.1317304533333334,0.2779800593852996,0.0028556982676187664
0.14716386133333334,20.090771952261317,0.5408359608458752,7.954241866666666,0.9554704333333333,0.28315453231334686,0.005662202835082966
0.30557764000000004,16.819140757349615,0.4586773218797216,7.9582196,0.77826635,0.2690715988477071,0.005545695622762033
0.14383063666666665,19.744052262862798,0.5353545295702657,7.9118260000000005,0.98272276,0.23965548972288767,0.0033857027689615667
0.13186614,20.2406528297691,0.5149007321356507,7.342477033333332,0.8865803900000001,0.25807732343673706,0.0034637451171874666
0.17482323833333333,20.155207849701842,0.5151085681319079,6.791310533333333,0.9335331333333333,0.2275822510321935,0.0019994576772054
0.18631575999999997,20.684093417547604,0.5290205740889652,6.204392933333334,1.0934551333333333,0.17840623855590818,0.0048925081888834335
0.2148595666666667,20.27347657527383,0.46667399615735145,6.184633433333333,1.09156852,0.20162759721279144,0.0026869773864745664
0.114406419,17.537609551053517,0.3961865392236581,29.898725666666667,0.49084932666666664,0.49804678559303284,0.0013390382130940666
1.1465684966666667,20.51791100996486,0.43127092796425615,11.931227999999999,1.14705028,0.46147677302360535,0.0032935142517089336
0.41385977999999995,24.26224296644939,0.6716057846704029,4.381647766666667,1.6176818666666666,0.13713407019774115,0.0
0.24510697,23.28945917370321,0.6631761535620663,4.517652666666667,1.3277457333333333,0.15179430941740665,0.0
0.3079130033333333,20.8123947984193,0.49848898842159484,5.143825333333333,1.2723485,0.1544687251249949,0.005848566691080699
0.20992532333333336,21.522543941467045,0.6107164848881176,6.4507529,1.2046026,0.19443155576785398,0.0013452370961507
0.30848617,19.849974164677693,0.5442795684345386,7.625714466666667,0.8817825133333334,0.2066929340362548,0.0009156862894694
0.3301557,18.75888668827599,0.49141819287608374,9.010803166666667,1.0954206333333334,0.21181476612885794,0.0053313573201497
0.3352215666666667,19.74317624865121,0.5359916418377366,7.730142866666665,1.2913075333333335,0.20314234495162964,0.005980730056762667
0.19127196866666665,22.813443822949505,0.6178519176122359,6.837286833333334,1.1427947333333333,0.1452733029921849,0.0034260749816894336
0.24859252666666667,20.090875334169382,0.5308986744199545,7.5171058,1.1469290766666667,0.24157837529977158,0.002302408218383767
0.1766654533333333,21.02860034204485,0.5398791201500055,7.1493123333333335,1.0038926833333335,0.20669357478618613,0.0027695496877034333
0.16123934666666664,20.270147799222247,0.5083161620799667,7.7556859000000005,0.7169587633333333,0.255238264799118,0.004206260045369434
0.16480072333333334,18.98192412799223,0.4942408553327062,8.071202,0.9136299233333333,0.23961855471134183,0.006264130274454701
0.16508955333333333,17.95411008522419,0.4678545550283196,9.077783333333333,0.73687382,0.29258691271146137,0.0055301984151204
0.123101265,18.314915076815605,0.48098022045487304,9.581983666666666,0.7452872999999999,0.28079935908317566,0.0046876271565755
0.16689671333333334,17.383935058032574,0.4073639642864439,10.219043000000001,0.67245344,0.38890185952186584,0.0063095092773437335
0.15812029,17.981240209716123,0.4604187500802688,9.110072,0.7963716466666667,0.3210592269897461,0.0
0.13602027333333333,18.49989683056407,0.4856083395243262,8.673969333333334,0.75536273,0.30492406090100604,0.0044491291046142
0.21415220333333332,16.88516959680828,0.43133543078048325,9.625114333333334,0.8230331233333333,0.34924520055452984,0.004225889841715467
0.24015933,16.485052848889566,0.4194792278560058,10.068925666666667,0.9023282333333333,0.3537886341412862,0.0043826103210449
0.16179499666666666,19.51382391618903,0.5216184696190331,9.232960333333333,0.9223059333333333,0.2785017093022664,0.0035009384155273
0.18391043333333335,18.623679130874862,0.5031633210528194,8.905250866666666,0.9964597666666667,0.2995642473300298,0.003153483072916633
0.23443243666666666,17.504922014146118,0.45121094918564914,9.240314333333332,0.8589357533333333,0.349514106909434,0.003920475641886367
0.23805969000000002,18.868006026146716,0.5188664118959502,7.777043166666668,1.0772763866666666,0.3150127232074737,0.0022784868876139
0.28419139666666665,18.055607666428667,0.5161924210812241,7.3797822,1.0359660666666668,0.27731776237487793,0.002483685811360667
0.23766377000000002,20.749424575798265,0.5491930408965296,7.101504333333334,1.0335727899999998,0.2787337253491084,0.0013641516367594335
0.27590123666666666,18.80642066643918,0.5268197174751027,7.616352166666666,1.0980540333333333,0.307526742418607,0.005795637766520167
0.28615272666666663,18.305172533300567,0.5025866021203751,7.678088333333332,1.00563751,0.30469971895217896,0.0013387203216552667
0.3080917033333333,17.80686832459757,0.47261364998326916,8.776415333333333,0.9900898666666667,0.31022052963574726,0.0060497919718424
0.12938334666666665,21.94706790068081,0.6108703477815939,6.744390166666666,0.8500724833333333,0.23332258562246955,0.0034069220225015997
0.19321536333333333,20.19237775875038,0.5711088560888048,7.561790766666667,0.9990545333333333,0.24780129392941794,0.0020674864451090333
0.26663440666666666,19.93411634563416,0.5602733804494221,6.476809633333333,1.0313766,0.22991119325160977,0.004548072814941333
0.23445659666666666,20.113953011300353,0.5209079094430752,6.987581133333333,0.8592755033333334,0.287983035047849,0.0027079582214355334
0.5819989400000001,18.46377754943047,0.46759340968783897,6.171181833333335,0.81220421,0.2728160818417867,0.005157311757405567
0.46066752666666666,19.59832473210768,0.48911367398397737,5.2648775,1.3374573333333333,0.28971988956133526,0.0033397674560546667
1.6151971766666666,23.755341205199418,0.5625629281418861,4.0357119333333324,1.7686727333333332,0.2194038728872935,0.0
0.48042773333333333,22.806325236341706,0.510230391896841,4.315476100000001,1.4022917,0.14728246132532752,0.0011634031931559
0.7066742666666667,20.770866273394695,0.3949035984904983,4.575156633333333,1.3995619999999998,0.2211235662301381,0.0038781960805257
0.5358554566666667,20.73678637815322,0.46404871834490075,5.542718666666667,1.3904969333333332,0.18553380668163297,0.0018751621246337667
0.5660786,17.750280808799758,0.46919738219204826,7.430888433333333,1.2362889333333331,0.24991575380166373,0.0024552345275878668
0.36859992,18.32129915231648,0.43815052003056004,7.990846,1.2107122000000001,0.24624454975128166,0.0010596116383870334
0.3809846333333333,17.343231185790394,0.4829147536616667,7.796971333333333,1.6055842333333334,0.2066710342963536,0.0006759961446126
0.2988546133333333,17.9551469865239,0.4557308156352395,8.729807666666666,1.1155646666666668,0.2367158035437266,0.0024511814117431333
0.27883271666666665,17.44273548051031,0.4858761576965856,8.7364,0.9270634833333333,0.23202401399612418,0.0026901563008626
0.16090975999999999,18.874347060934596,0.5644785420184221,8.311019933333334,0.6802006266666667,0.21678815782070157,0.0020033518473307
0.18462034333333335,18.17819764194402,0.46988871547695066,9.480851666666668,0.7552426966666667,0.2764162421226501,0.006238460540771433
0.15481805666666668,17.87497723309255,0.4920672984141982,10.335628666666667,0.8950738999999999,0.2738370398680368,0.0006693998972574666
0.23526637000000003,16.77613793764915,0.418430371681489,9.896477333333332,1.0038536633333335,0.3252561390399933,0.0028594334920247332
0.31702763666666667,15.385661945931362,0.45421493829097365,9.393358333333333,1.2216604333333334,0.31081468363602954,0.0035735766092936
0.14835050333333333,18.613834968849357,0.4699536711122483,9.550268,0.7274719633333332,0.313347265124321,0.0
0.14191293000000002,18.41394197133093,0.45334777731769793,10.445658666666667,0.6386532066666667,0.3378144105275472,0.0012342135111490667
0.2331399133333333,17.11298456090357,0.4693829647293224,9.062845666666666,1.0906587666666667,0.32991258303324383,0.0
0.16065542000000002,18.112711162446413,0.48524500906707474,9.675309,0.8381854999999999,0.3204509268204371,0.0014570554097493333
0.23219954333333334,16.61917067215909,0.46271051065703395,9.936022833333334,1.101738,0.3336665431658427,0.0013025601704915334
0.25531523333333334,16.331738581253216,0.47558984241990804,9.764418000000001,1.0346270800000001,0.32256582379341125,0.0021391709645589
0.23283611666666668,17.191823481447035,0.45769176920117177,10.380526,0.7715998633333333,0.32934945821762085,0.0028037230173746336
0.27950547,16.075725526920994,0.47730278903264584,10.185164333333333,0.9761151633333333,0.29654278854529054,0.0
0.4285270733333333,14.608371787116354,0.4498182219392996,10.502897500000001,1.0052081766666667,0.3328052759170532,0.0
0.30292226000000005,16.418112017156137,0.46907363611195046,10.0061655,0.9613462133333334,0.3351207971572876,0.002349853515625
0.30400985333333336,16.22014046602359,0.4559763233766326,9.48046,0.8044023666666668,0.3279878497123718,0.0035812854766845334
0.25633326333333334,16.42857921517133,0.46910974022448143,9.567320666666665,0.8098328,0.3171757360299428,0.0
0.14961599666666667,18.693253114683596,0.47721290840614367,10.053283666666667,0.6141295166666667,0.35047539075215656,0.0027232964833577337
0.13378523,18.844374404414015,0.5145224759634875,10.029236666666668,0.65366124,0.29374270141124725,0.003947257995605433
0.15479578,18.018762591629294,0.48505350234000594,10.666125166666667,0.6404975666666667,0.32430166006088257,0.0045669873555501
0.129620332,18.3877910420404,0.5344620921874198,10.205261,0.6577136866666667,0.2710343350966771,0.006100734074910433
0.16467344666666667,17.93208578494783,0.5093420962791391,10.2223715,0.6449855999999999,0.29072166979312897,0.0027370452880859336
0.21254689666666668,18.751210003317322,0.5432083223746025,8.4785488,0.9422403466666666,0.26632974545160926,0.0029792785644531003
0.1803548,19.561114342375287,0.5404874101002802,7.928429966666667,0.8634939733333332,0.25663086771965027,0.0036923090616861665
0.2975075033333333,16.85867346301802,0.5006190072984874,8.747978666666667,0.9523623099999999,0.29973739385604853,0.0
0.18907990666666666,18.680932513402407,0.5508154778496871,7.867238999999999,0.9625572966666667,0.24944002429644266,0.0036911964416503663
0.21609575,17.89604659256325,0.5410621690052376,8.500435000000001,0.8940632300000001,0.2662599384784698,0.0
0.18706933666666667,23.255863373997084,0.5010142611748493,11.895471,1.2218930133333334,0.4119771420955658,0.0025633176167805666
0.9830917166666667,18.82704028351919,0.48937039326036397,5.1266837333333335,1.9105889333333332,0.27163032690683997,0.0035453637440999003
0.3041288033333333,22.982718435521974,0.6403896687875911,5.426379,1.4616239999999998,0.21082122127215067,0.008688449859619099
0.41298005666666665,21.937937234960685,0.6386460112632558,5.029141166666666,1.7677036333333331,0.23183078567186985,0.006743669509887667
0.17576052866666667,24.89079215372266,0.691670598781586,6.0078642,1.3265635466666668,0.25024548172950745,0.003386815388997367
0.3321474,21.06717085229412,0.5641531104520836,7.2891957000000005,1.2781822,0.2444546620051066,0.0
0.28396423666666665,21.508909843443714,0.5857081087532139,7.135897633333333,1.2643271333333335,0.24789885679880772,0.0012540022532145
0.6765114600000001,18.59166668506584,0.48195100655296025,5.9359712,1.4221977,0.25392691294352215,0.004875580469767201
0.25503097333333336,20.26274743229833,0.5614555607816343,6.595837,0.9141892133333333,0.27757164835929865,0.0066157976786295316
0.32781646999999997,18.953646853097823,0.5263351876265004,6.637535233333334,1.1468646333333332,0.2627032895882924,0.0009583632151285667
0.15622624666666665,22.828700532374828,0.6656326555197635,5.8740481666666655,0.9812115800000001,0.2303145329157511,0.0034182866414387996
0.21590558999999998,22.199757858865265,0.5988116309133207,7.0308361999999995,0.9754969333333334,0.2712787389755249,0.0038391749064127334
0.20324426666666665,22.12692013389827,0.6126683220404071,6.8876755,0.88872658,0.24448244770367936,0.0070059299468994
0.19015561666666667,23.098036919035394,0.6220555643275129,6.916755766666667,1.0016896333333334,0.25695850948492677,0.0014452139536539335
0.14953059666666668,23.673115352035282,0.6497244838629647,7.420493466666667,1.09560441,0.25080632666746777,0.0013424555460611668
0.23693770666666666,23.58584636628107,0.6233103715346016,7.389907,1.0573717433333334,0.2621525824069977,0.0008143583933512334
0.38083411333333334,22.441147110902303,0.6190220542977382,6.6478874999999995,1.3680685,0.2710019449392954,0.004464546839396133
0.28127847333333333,23.32049996539216,0.6202928070190264,7.142393333333334,1.2278986533333331,0.27607815464337665,0.0017069180806477669
0.2771916,23.653082680235098,0.6279113764634694,6.612607833333333,1.2253947666666667,0.2634040911992391,0.0060337384541829
0.361659132,23.80968265396524,0.6250949511544897,6.6954854333333325,1.2472336966666666,0.29106564323107403,0.0
0.29782297333333335,24.343522120863398,0.6341103037437638,6.094190766666666,1.29387332,0.29260779917240143,0.0
0.9789120333333332,19.99623272315937,0.5381441277900441,5.788415666666666,1.54878525,0.33742383122444153,0.001482089360555
0.46576790333333334,22.01563654418671,0.5924588029730383,5.860967700000001,1.1391042,0.2981169521808624,0.0013353029886881333
0.5572503,24.224126484567336,0.6300235716272776,5.517347566666667,1.3370505466666665,0.2750700116157532,0.0015434424082438
0.26447688333333336,22.05800720151127,0.5828218449918157,7.6368974,1.2194605833333334,0.2981855273246765,0.004330396652221634
0.18119075799999998,21.50690983292522,0.5609288992302996,8.739842666666666,0.9249358799999999,0.3138323823610942,0.004098574320475233
0.13216747666666667,21.325269334815093,0.5456635016821972,9.611142,0.7875803433333334,0.3260030547777811,0.0
0.19750022,20.3710943961339,0.514370621316805,8.91476,1.0830684,0.3084334830443064,0.004787206649780233
0.15319286466666668,20.81039258374621,0.5301504359060388,9.199761333333333,1.1566264833333333,0.3546179234981537,0.0014991760253906
0.21612608166666666,21.52118931977614,0.5600305969974317,7.206855266666667,1.3636054133333335,0.32149113217989606,0.0030769507090250333
0.13207960666666665,21.58282879102892,0.5713465393723681,7.850364066666667,0.9006480333333333,0.3084133317073186,0.004768451054890933
0.094830095,22.141047479040605,0.5886606938023657,8.266531333333333,0.7774256333333333,0.29917630553245544,0.0005019505818684666
0.12845679000000002,21.3515441062828,0.5659990580904278,8.649989333333332,1.1439969333333335,0.37934624155362445,0.0018828709920247
0.11116529000000001,21.612857107884064,0.5504434243752236,7.948542533333334,0.8247885500000001,0.30125606060028076,0.0015858014424641666
0.15079940333333333,22.20452586934253,0.6268224681143698,6.225364433333334,1.0285325333333333,0.2745127032200495,0.005199114481608033
0.57473739,18.753056724038604,0.4336543140361626,13.136085333333334,1.13257952,0.4358299275239308,0.002194960912068667
0.27260596,23.746140461534015,0.6063978553327757,7.4878748,1.2706117333333333,0.28439557055632275,0.0018017292022704668
0.32863294666666665,20.63771886570481,0.5354178145741073,8.777513666666666,1.3311560866666665,0.28192464013894397,0.0
0.25997702,22.100121966033118,0.5743481983828339,8.303252333333333,1.5718951666666665,0.28613275289535517,0.006376107533772733
0.41310486,23.653106372695948,0.5887038131478656,6.843345966666667,0.9417079333333334,0.24973242481549576,0.0079309940338134
0.136306455,22.878547603385538,0.5674024963849764,9.866798000000001,0.8934370966666667,0.2840462525685628,0.0028249422709146666
0.15841083666666667,21.541358660084615,0.5285364826208995,10.959588333333334,0.7999506166666667,0.30795708298683167,0.0011720657348632667
0.21616953000000003,20.92422815898836,0.5359776735367968,10.807009,1.0182034466666667,0.3005227247873942,0.005857308705647767
0.121906315,21.238207321145797,0.5445067614676603,10.622504000000001,0.8695614533333332,0.281180128455162,0.004434903462727833
0.07910329666666667,21.449324583640486,0.5421019073043873,12.464029833333333,0.80450535,0.3375531733036041,0.0014570554097493333
0.24590545333333333,17.199049477495603,0.4513194099797592,12.282427999999998,0.80593952,0.4293687840302785,0.0
0.11046328166666668,20.363645411830387,0.5292266931604753,12.175271333333335,0.5354231766666666,0.33259230852127075,0.0
0.13642890466666668,19.45779133074876,0.4941116286248903,12.131975333333335,0.6336886566666666,0.3441462318102519,0.0
0.29557958666666667,18.7004512616114,0.4870040932376156,10.407929666666668,0.9195175,0.3526184757550557,0.0
0.11988955666666667,21.331603761819313,0.511388266426883,12.130250166666665,0.66053445,0.3163796067237854,0.003397464752197233
0.12950106333333333,22.589885567547594,0.5344194335219644,11.0807705,0.8648149233333333,0.3080637951691945,0.0048427581787109
0.16261227,21.911329870912876,0.5252375159477786,9.917693,1.0495397833333333,0.3426511387030284,0.0017186005910237332
0.610371348,19.460206555857308,0.5144722691007555,9.620196,1.2364471666666665,0.3600624402364095,0.0050714015960693
0.16922695,21.446002268975167,0.5284355242226435,11.695703333333332,0.95077052,0.3342251181602478,0.0026721954345703
0.28455024999999995,22.391933337368613,0.5623277979917666,9.226897666666666,1.3262317333333333,0.36082737644513446,0.004542986551920566
0.586492385,18.179889940242102,0.46565352234579044,10.890783666666666,1.3068909333333334,0.370283563931783,0.0047016143798827665
0.2513313,19.20019471457118,0.4819469257964501,11.500489,1.1075203066666666,0.3303029040495555,0.0032446384429931333
0.5775645580000001,18.78127678115528,0.4932164392438767,9.633204999999998,1.4056378,0.36832114557425183,0.0009535153706868334
0.3630911866666667,18.666834958402855,0.4516347677387335,10.956359,1.1795643333333332,0.36260061462720233,0.0023085276285807
0.15384872666666666,22.153679467009344,0.5587668492326253,9.616371,1.1134490666666665,0.3345991969108581,0.004638433456420866
0.31145601666666667,19.790762262946856,0.4976566946739614,10.170356333333332,1.0806376333333334,0.3931151529153188,0.0011988480885823333
0.16839309533333335,22.1554519635595,0.5604418891022043,7.879950566666667,1.2053437,0.33651851614316297,0.0033469994862874333
0.211060575,19.714430580134916,0.4987869493191049,8.874411,1.3668155000000002,0.3812022805213928,0.004663864771525032
0.3133880633333333,21.438846571279694,0.555929796382839,7.844850533333333,1.3897451500000002,0.3656887610753377,0.0022933483123778998
0.169427102,22.043168542332392,0.5576259112635693,8.280764533333333,1.2787127333333335,0.34105228384335834,0.006361643473307266
0.21094073000000002,21.514009175636968,0.5624834400490016,7.854463533333334,1.0819378800000001,0.32604997356732685,0.006959517796834266
0.14065460133333332,18.884039035968698,0.48470975525219046,10.987967500000002,1.1692964666666665,0.3557070791721344,0.0023040771484375
0.34000853333333336,19.356284224930764,0.5466448566859239,7.870017000000001,1.5254375666666666,0.3221941341956456,0.0021517276763916003
0.59703323,22.193169108117257,0.5910685301416926,4.3756965333333335,1.6072194666666668,0.2542981803417205,0.0026894410451253
0.22465664333333335,21.85870866129567,0.6140579235582639,5.911141366666667,1.2170192866666667,0.2668156325817108,0.0
0.15650306666666666,21.93755156238505,0.6098605923822198,6.656803,1.2313044,0.2671878437201182,0.005723317464192666
0.23886423133333334,19.681601350991844,0.5672636441578103,7.5530902666666675,1.3314393,0.2857373654842376,0.0055375099182128325
0.36768903000000003,19.60257210793171,0.541326175286156,6.953033300000001,1.3986593666666665,0.2919501960277557,0.0013390382130940666
0.16049563,21.220328762941875,0.5740231956410689,7.8230324,1.1049324,0.28324058651924133,0.0033546288808186664
0.13797246333333335,22.05484562330913,0.5972265240012172,7.8757165,1.1013960666666667,0.28178761402765906,0.0023887157440185334
0.35074916333333334,21.67664831458292,0.5993189537393183,6.5487438000000004,1.3386422533333333,0.27696537971496576,0.0058490435282389
0.2104301266666667,20.63641885117346,0.5698613458354239,7.452335833333334,1.0891026666666666,0.3131956954797109,0.0034119288126627334
0.13266328333333333,22.789620176971592,0.6369732280569514,6.2465897,1.0215915333333332,0.25853408376375836,0.003950277964274033
0.22650124666666663,22.06746326898239,0.6078397755339087,5.681155100000001,1.2779510666666667,0.315369576215744,0.0021954377492268665
0.23904230533333334,21.05215087483303,0.610758341415813,6.678429166666667,1.4371852333333335,0.33903289834658307,0.004420280456542933
0.12695726333333335,21.298790028298974,0.5530659941198436,8.441777933333334,0.8438311000000001,0.36540700991948444,0.0025833447774251
0.10891619533333334,21.400474200021804,0.5691710774512665,9.359487333333334,0.9558136899999999,0.32273185253143305,0.0030371348063150667
0.1758036156666667,22.088345956723828,0.5698579780012043,7.584988233333334,1.0352630366666666,0.37002761165301007,0.004065752029418934
0.2508116133333333,19.95653263915243,0.5373241495159682,9.435039666666666,0.9025714333333333,0.3942260543505351,0.005046685536702467
0.26366004,19.213439979748046,0.5433838358287555,8.465276066666666,1.0424691833333333,0.33209460973739624,0.002003272374471
0.11264501166666667,22.454682702238937,0.5756651574460755,8.428291166666668,0.8049705666666666,0.3329921414454778,0.0025456746419270666
0.16381347,21.464277811175595,0.5694777263505103,7.644582199999999,0.9746036333333333,0.31198636690775544,0.0049020449320475
0.14415879333333334,23.083927873609486,0.5793615589077825,7.902981666666666,0.7704076333333333,0.3179844915866852,0.0055315494537353
0.13487844000000002,23.0513862109384,0.5761814784123287,7.9762202,0.8796389333333332,0.33776741723219555,0.0
0.2169668933333333,21.793291927473472,0.5765371254469874,8.398056666666667,0.8411423766666667,0.32900254925092054,0.004663546880086233
0.2921208233333334,20.239374007040947,0.5608133892959191,8.26331,0.8155155000000001,0.3051196336746216,0.0020985603332518998
0.18079068833333334,21.293608156070977,0.5739509270339993,8.882613166666667,0.7040192433333333,0.2866155306498209,0.0019214948018391666
0.20828640866666667,22.270704254807725,0.5760148402045907,8.142694766666667,0.8355586333333332,0.31687553723653156,0.0034004052480061664
0.21107805,19.398768432540663,0.5339044045154734,9.783820666666665,1.0104504,0.2993785788615544,0.005273183186848933
0.296625768,19.663775147077814,0.5048988332759201,10.117547,0.8651662099999999,0.3386630912621816,0.0010170141855875333
0.13252136466666667,21.953796788119078,0.5523625179501374,8.974569666666666,0.7624914,0.32051853338877356,0.006189982096354133
0.10824960166666668,22.60325418095289,0.5793135415832289,8.629946666666667,0.7804624333333333,0.28971641262372333,0.005444606145222933
0.35890883,20.714521986028476,0.5622740469923371,6.283470233333333,1.0368492,0.3353453775246938,0.0026250680287679003
0.33881567,21.844176635124455,0.5870159906742817,5.428692866666666,1.0192557133333333,0.35627955198287964,0.0
0.14359131,25.22653516209199,0.6754455339607967,4.819423133333333,0.9402125566666667,0.36836376786231995,0.0035281976064046
0.91789562,19.944500849810325,0.5771160635294467,4.446234533333333,0.8858992333333333,0.3206345836321513,0.009358008702595967
0.15572635999999998,25.56336734376934,0.692726558810486,4.2799955333333335,1.0879467,0.32708006103833515,0.0034573872884114333
0.19643110866666666,22.776446820746965,0.6335072456910276,5.047615533333333,1.2735368999999999,0.315734177827835,0.0
0.14170192666666667,23.13561809625742,0.6454113303459684,5.203142766666667,1.14143655,0.3111914247274398,0.0
0.1403057483333333,22.14527371617264,0.6158162171984207,5.9733059,1.1007241700000001,0.3220475018024444,0.0017766157786051333
0.16813275333333333,20.721214734635193,0.5916499523104876,6.017641333333334,1.1295956433333332,0.33225071926911665,0.006910324096679633
0.18246391333333334,20.181158249460967,0.6121244804492699,5.990396533333333,0.9970908666666668,0.334377924601237,0.004197359085082966
0.19182525533333336,23.28504993910225,0.6428138282332309,5.3274441,0.9982019266666667,0.26968164245287574,0.006275097529093367
0.11472466666666668,17.371449051564984,0.40265183749633743,31.415083999999997,0.5166537766666667,0.5266304214795431,0.0
0.24093376000000002,16.76597040888168,0.38745316120269185,22.889283000000002,0.6090418433333333,0.5228688915570577,0.0034382343292236
0.7729720833333333,16.50506461893172,0.3842156650377136,16.195642,0.8078814933333334,0.5351593891779581,0.0068647861480712336
0.720177058,17.968625333966276,0.43253699149234776,12.433432333333334,1.2530164,0.4777962764104207,0.0026915073394775334
0.8516548433333333,17.546959850074753,0.41700983186376445,12.017175000000002,1.4056237000000003,0.4915318787097931,0.007901191711425733
0.22367620000000002,22.1208295761368,0.5068677553749169,11.703091333333333,1.2930225666666664,0.386710246404012,0.003870487213134733
0.15357357833333332,21.9947672226016,0.49047517451663286,13.410557666666667,0.9222365866666666,0.39950820803642273,0.004622459411621067
0.192894798,20.912247585915804,0.47676222357929116,13.569155,0.8791274666666666,0.37947147091229755,0.005874792734781867
0.13112933999999998,24.04622759256397,0.559030223377425,9.668790333333334,0.8765883433333334,0.3253108859062195,0.007797002792358366
0.13932585333333333,22.245680399693395,0.5212236131726296,10.883671999999999,0.8238631133333333,0.32765300075213116,0.0013399124145507667
0.09916362000000001,23.52195780366058,0.5138421215999669,11.706016333333332,0.63565487,0.36325860023498535,0.008703549702962166
0.31143611,18.570843335485534,0.43333987705999094,13.950544666666666,0.6852981333333333,0.42945106824239093,0.0055278937021891
0.09866186666666667,23.688992984834467,0.5115643895948511,11.491725666666667,0.8732955566666667,0.35531524817148846,0.003980636596679667
0.19155068866666666,22.799290190206467,0.5075856170051684,10.955219999999999,1.0069837333333334,0.3577422499656677,0.003349542617797833
0.17467962999999997,20.59080623225349,0.4345210526471011,13.960327833333332,0.7158899366666667,0.4300624628861745,0.004093329111734967
0.36640926,20.531534072063995,0.4592521867393555,12.895905666666666,0.9608876433333333,0.4369312624136607,0.0060733954111735
0.12010655333333335,22.404047125764283,0.48929790610450175,13.037882333333334,0.8454268333333333,0.37432210644086195,0.0019053618113199667
0.15563613333333334,23.998969686152247,0.5424164561389282,10.273606,0.8259594566666667,0.32091135780016583,0.0055627028147379005
0.15417006,21.85270697414535,0.4805930548941045,12.298505,0.6592875,0.37675302227338153,0.002473195393880167
0.210657338,23.021881752085733,0.5363273279142565,10.073350666666666,1.1633678333333333,0.3177308042844136,0.0023559729258219
0.20652415833333335,22.03713532608045,0.511474961136698,10.731240333333334,0.9466565233333334,0.34545594453811646,0.005953788757324167
0.25400887133333333,21.290283610360294,0.49430528516009825,10.862578833333332,0.9838010466666667,0.34957948327064514,0.0014992554982503
0.2708578933333333,21.83611860532588,0.5202796232036987,10.407009333333333,0.8282011466666667,0.3448784450689952,0.0016976992289225
0.20047040500000002,24.95541058471041,0.5778694661213715,8.086496799999999,0.9135831,0.3434765140215556,0.0016755263010660665
0.18033041000000002,25.042294901152843,0.5838603583107586,8.388486,0.8482267333333334,0.3551758825778961,0.0034351348876953
0.19801224000000003,23.970394692560802,0.5529662513462329,8.0488889,0.8672832433333334,0.3659030596415201,0.0014211336771647
0.14707588800000002,21.398930085056005,0.51678981914697,10.785754333333335,1.09259868,0.35314153631528217,0.002101341883341467
0.10221810666666668,20.019164197068218,0.4736856049734452,13.264488333333333,1.0021506666666666,0.4031684199968974,0.004636049270629866
0.23400472333333333,20.102270127161606,0.5020756678751347,9.472924666666666,1.3854352666666667,0.3885154724121094,0.0010333061218261667
0.38751137333333335,19.281146597548087,0.5040827999769036,9.231387333333332,1.2955206333333333,0.4629925489425659,0.0025371710459390997
0.13450613433333333,20.62169901069593,0.4830228017924035,10.828252999999998,0.9735675333333335,0.4209051926930745,0.0018041928609212
0.10515072533333335,19.458052029887188,0.47558777844256445,12.701674333333335,0.6336529833333333,0.3742555280526479,0.004165728886922166
0.5377257466666667,26.15547415146702,0.7022380818740244,5.433769433333334,1.8057837666666667,0.2275235950946807,0.0
0.9883561100000001,20.256333892876746,0.5403431620935045,5.296675333333333,2.0202760666666664,0.1789748817682266,0.0
0.34381955666666664,21.901612351118,0.6349503451914597,5.948431800000001,1.4677555666666666,0.15991047521432233,0.006096839904785133
0.5912106433333334,17.944715474616043,0.4013169020443666,6.454926,1.0362688233333333,0.1884497106075286,0.0
0.39036856,17.82495572769537,0.4081186313808145,7.972119066666667,0.9698914733333334,0.2035449544588724,0.004848957061767567
0.2056099,20.04841166508824,0.5770761942849522,8.706846233333332,1.0445603666666667,0.20017919441064194,0.008312304814656534
0.40924488666666664,17.48143632044722,0.40831035161609536,8.392681333333334,0.9900674500000001,0.23749206463495887,0.0040780703226725
0.22494931333333332,19.897728051120623,0.5808980803019804,8.632747666666667,1.2714113000000002,0.1879216730594635,0.0035271644592285
0.18809260333333333,20.943014094476364,0.5701698590925859,8.203575733333333,0.96189712,0.1812226970990499,0.0049521128336588
0.27909450333333335,19.186089126450934,0.4648785899801702,7.869103233333333,0.8654156966666667,0.20931599040826154,0.0
0.21386758333333333,20.68728028313458,0.5347293554877278,8.008642333333333,1.1621802333333333,0.2353635529677073,0.0026900768280029
0.20067560333333334,19.60830462074039,0.5145023479053009,8.716887666666667,0.8263048866666667,0.2553655356168747,0.0009912649790445667
0.25227668,19.504372925201988,0.5095629745952812,7.3568899,1.0676471,0.23690201342105865,0.0
0.12116435999999998,19.497359859328203,0.5013761251792349,10.051309333333334,0.8319523999999999,0.26149768630663556,0.006165345509846966
0.12950206,17.81550936087171,0.5154787830473923,11.033984333333335,0.6889877833333333,0.31224531928698224,0.003045797348022433
0.15418577,17.077709298043533,0.4820359779270957,11.41046,0.73610226,0.3101617395877838,0.0047330061594644994
0.14222847333333333,17.416275725646702,0.4716035627950721,11.999917666666667,0.7888140866666667,0.33697810769081116,0.0026718775431315
0.27898841333333335,16.26124780300921,0.46788008327006203,10.462713333333333,1.2196510566666667,0.35053935647010803,0.0
0.181428515,18.93134450956084,0.5134992862779452,9.1562752,0.8924230666666667,0.30055173734823865,0.004449923833211233
0.19906799333333333,18.075052654135572,0.47171758061950525,9.382292333333332,0.8861308333333334,0.3653384844462077,0.0030721823374430333
0.15140486333333333,18.786818076859742,0.5177927281128274,9.657609666666666,0.8616981133333333,0.3075095117092132,0.0040473937988281
0.23249966666666666,17.692342735797435,0.479471431425877,9.622437,0.76197825,0.3159078160921732,0.0036137898763020336
0.22939078999999998,18.381997870699895,0.5109331483043292,9.077886166666667,0.8696786599999999,0.28453500072161353,0.006472905476887968
0.31853214333333335,17.252575052691046,0.4769202557118452,9.352412,0.92717529,0.306314617395401,0.006244500478108701
0.3656448266666667,18.248619899740266,0.5104747653440348,8.355016,1.05233052,0.30028297503789264,0.0068398316701253
0.31123657666666665,17.62505690408785,0.480408616700043,8.893601666666667,0.9403817133333332,0.29880451162656146,0.0013384819030761667
0.2551302066666667,18.233226612056573,0.47865770695627674,9.289768,0.8314534466666667,0.325236901640892,0.0027369658152262334
0.25700049333333336,19.50957899205294,0.5030322026651812,8.525176333333333,0.7978335899999999,0.29602108895778656,0.0036675135294596
0.26121662,18.737640477176882,0.4837479872417736,8.591358000000001,0.7435716466666666,0.3383896350860595,0.0024266242980957
0.2939707933333333,17.918768059935392,0.46448369127723144,8.809366666666666,0.7144881933333335,0.32995973030726117,0.006188710530598933
0.22263570833333332,20.040669715393225,0.5176044510460577,8.126930333333332,0.7220203466666666,0.3115437726179759,0.0005835692087808999
0.4275353333333333,17.20969414236328,0.4419661039759546,8.24462,0.8287707200000001,0.31035460035006196,0.0024554729461669666
0.7334280533333333,17.825978180388535,0.46654223805497264,7.202354866666667,0.9231483033333334,0.2981342325607936,0.0060443878173827665
0.44165741333333336,18.835261884402794,0.5173456159917754,7.0143093,1.3665684333333334,0.27132037281990046,0.002113978068033833
0.6304325666666667,17.335347161801717,0.45544922824695905,7.296909799999999,1.343986,0.3019533654054005,0.006332079569498667
0.45010215333333337,18.397914303139085,0.48346676448550646,7.3686286999999995,1.0658720533333332,0.271809846162796,0.006116549173990867
0.33463153,19.19352281578733,0.5181558119095812,6.9575396666666665,1.3312194666666668,0.2601154496272404,0.0045866171518961
0.217593332,21.53644540174174,0.5301875743158453,6.558630366666667,1.0843720799999998,0.2557987521092097,0.004007418950398733
0.24510048333333334,20.30283924161607,0.5112816420498495,6.3600267,1.0965210666666667,0.2626471668481826,0.0024429162343343
0.204442045,20.222496013436704,0.48994713387582056,6.5491632,1.01410982,0.2533099204301834,0.006315549214680967
0.27624945666666667,20.866483104170957,0.3863435219336943,4.336555633333333,0.8853994,0.1799835662047068,0.0018022855122884
0.26313038333333333,19.90682755998322,0.40917061575254016,5.454965533333333,0.7913278333333333,0.23364699135224018,0.008955399195353132
0.19305479333333334,18.822949204209678,0.41056124573849107,5.8511538,0.7774011666666666,0.21401618917783102,0.006282011667887333
0.17743994666666665,18.952632426230668,0.400174290416422,6.915712366666667,0.9003148833333334,0.21397817134857175,0.0065977573394775
0.21017551199999998,17.81150619471889,0.4170015869888713,7.296194466666667,1.01260295,0.2584065347909927,0.0050427913665771
0.22030575666666666,17.99363422612853,0.37342900082573954,6.278374566666667,0.9703410333333334,0.24710354208946228,0.005482753117879199
0.30174993333333333,17.329287153991988,0.4381568856512896,6.611676766666666,1.2069489333333332,0.25089162091414136,0.0060898462931315
0.31424638,17.159092800366526,0.4454914818536646,6.444500033333334,1.1417044200000002,0.2622239540020625,0.0016016960144042667
0.2331485666666667,18.28055721526497,0.4336133249554179,6.982230566666666,0.9582333233333333,0.29238327344258624,0.0030333201090494335
0.15684937333333335,19.21926792273448,0.528689293415015,6.4529188333333325,1.0530132533333332,0.26234830419222505,0.009271780649820932
0.17008626666666668,18.358939120604507,0.4545040216840747,7.383243766666666,0.7092234866666667,0.29858075579007465,0.004036585489908801
0.16376056333333336,17.699314681846758,0.48916884081261075,7.471798866666667,0.8867030833333334,0.30401558677355445,0.003481388092041
0.13217492,18.17480422008343,0.4796717837731265,8.433244666666667,0.8451351166666666,0.29720614353815716,0.002759853998819967
0.12403373666666667,18.16304583919388,0.50688259634811,8.55438,0.9367844333333334,0.29411883155504864,0.006422758102416967
0.12653353666666667,17.767017119778362,0.49877995041564244,9.425598666666666,0.84241259,0.30544352531433105,0.003222227096557567
0.13426558533333333,17.92208435998347,0.4746501028442684,10.0369175,0.6183885566666666,0.361354927221934,0.0020196437835693333
0.14231261333333334,17.888620142974485,0.512745217367606,8.389980666666666,0.81308718,0.286567618449529,0.0005843639373779
0.17341867533333333,18.136376287161188,0.4987425725982337,8.385685333333335,0.8615681333333334,0.3459646701812744,0.002013047536214167
0.17605365666666664,17.86637978724156,0.5120988130648003,8.104234833333333,0.7167903,0.30014873047669727,0.0
0.16627241666666667,18.527251915253093,0.5051166087574326,8.065606666666666,0.6920621433333333,0.32434632380803424,0.004943529764811167
0.21043235666666668,18.347107531171204,0.5253147419458956,7.686542466666666,0.8201334666666668,0.35776208837827045,0.003463904062906866
0.20409937,18.007314012147656,0.4808243724890839,8.224376666666666,0.7213585300000002,0.36511451999346417,0.0030248165130614666
0.14316211666666667,19.699025450170197,0.5451325300677741,7.127929866666666,0.9014708333333333,0.3289324094851811,0.004696369171142534
0.12559763666666665,20.252203684289785,0.5642925656003192,7.1261239000000005,0.9643136666666668,0.3187615275382995,0.0
0.19017851333333333,18.436643909163998,0.5341707803152609,7.267438666666666,0.88051075,0.34344368676344555,0.0017192363739013665
0.2396204833333333,17.507125275052964,0.48533629738528483,7.841449966666666,0.82892438,0.3354373077551524,0.0012335777282714668
0.2202531216666667,17.0672088566685,0.5158024552833239,7.5105748000000006,0.8365048633333334,0.304318830370903,0.0020266373952229667
0.18140544333333333,16.538431591374927,0.4701535248529427,8.876398666666667,0.5435901766666666,0.37008238832155865,0.0066552956899007
0.13939415666666669,16.83007825202461,0.4757372842648617,9.791319333333334,0.66226691,0.3336903353532155,0.0
0.09534410133333333,18.192891821383498,0.47475342155246,10.492309999999998,0.6976489433333334,0.30684422453244525,0.0010986328125
0.11773131333333335,17.60220575810486,0.4821834648456096,9.807451666666667,0.6249728133333333,0.27969218790531153,0.0013391176859537668
0.18828696,15.48778231747031,0.4213443673824418,9.823615666666667,0.4786337033333334,0.33920225501060486,0.004799286524454701
0.15153439666666668,16.786981019671998,0.46687901870395504,8.812238,0.7801129333333332,0.2822944124539693,0.0006676514943440667
0.19577482333333332,22.290062341990183,0.48007666470973803,12.314051333333333,1.2655285666666667,0.46840346852938336,0.0020654201507568333
0.40932349666666673,24.221349314055974,0.6247435601811836,7.002483699999999,1.5127424333333332,0.3171791732311249,0.0013380050659179668
0.26505381,22.744376946602234,0.6126287216743194,7.2011688000000005,1.2881789000000001,0.3037913739681244,0.0014054775238036999
0.4312780133333334,23.77964458067686,0.6145350173257356,6.955233633333333,1.23535082,0.26213631033897394,0.0025216738382974665
0.22873871333333332,23.719085385381916,0.6369239626505832,7.523922366666667,1.5300936666666667,0.2695063352584839,0.0006689230600992667
1.1018284133333334,21.379530603007854,0.5312317510702999,7.912139,1.3031733799999998,0.3396886984507243,0.004534482955932566
0.12094134666666667,26.128147760088527,0.6536077558900284,8.066186666666667,0.9890793466666667,0.25787849227587384,0.0
0.302394258,23.057466859909656,0.6063191492664116,7.522018766666666,1.4785462999999999,0.27835187315940857,0.0051962534586588
0.14219931833333332,22.9426162424699,0.611941790328958,7.700268566666668,0.9289880166666666,0.25138561427593226,0.0010963280995686666
0.17246197666666666,19.811744923887577,0.550566903379818,8.377330666666667,0.6008688266666667,0.26255296667416883,0.006189743677775032
0.20383875799999998,20.563789360133555,0.5644454365859299,8.186673066666666,0.8566390666666667,0.2562287052472432,0.005076885223388666
0.19705990666666665,21.777478116790917,0.5628125429148341,8.325106866666667,0.9809948666666667,0.2796595245599746,0.0056689580281575
0.24279603333333333,22.24772330805105,0.5729679022930448,7.065300799999999,0.8150903066666668,0.27459951738516486,0.0020375251770019336
0.2955555366666666,23.03025140161765,0.5924615855555214,7.526283333333333,0.9363465333333334,0.29346185425917304,0.007967233657836867
0.20144408333333338,22.94125637235774,0.5816452504471686,8.379466833333334,0.8925547766666666,0.2930067032575607,0.003995498021443666
0.10965703,25.63874219566502,0.6147897134561745,8.528404833333333,0.8888920666666666,0.2976305037736892,0.004639784495035767
0.18278014666666667,23.41168124900409,0.5688507843270668,8.796675333333333,0.9527469000000001,0.3121750553448995,0.0040802955627441
0.3299875666666667,20.741510322649372,0.5259978413736296,9.869202,1.0664451,0.33492393294970196,0.004616022109985333
0.1427242466666667,23.520313230289208,0.5557979400847886,9.717772,0.9315084333333333,0.29809755086898804,0.003218968709309867
0.28396125333333333,22.448725070342476,0.5232833550947069,9.845268666666668,0.9035156133333334,0.3008251885573069,0.0
0.20976445666666665,22.189508782565866,0.5302337925089745,11.906261333333333,0.8838891866666666,0.30935866634051,0.0044634342193603
0.15165901,23.294315796749686,0.533687731510624,11.457895666666666,0.9083215,0.297008991241455,0.0020624796549479
0.1332623066666667,23.085810667230927,0.5343626204353001,11.194455333333332,0.90401372,0.30567612250645954,0.0031622250874837003
0.4280719766666667,20.370716196062133,0.5316502221503512,9.678252333333333,0.8849108800000001,0.2630796829859415,0.006422758102416933
0.282628512,23.573109220777656,0.6001435556886315,7.458517100000001,1.1099428500000001,0.26741360624631244,0.001252810160319
0.22849150166666665,24.6551090244407,0.6082100619516274,7.007967933333333,1.0587753166666667,0.2869936426480611,0.002274751663208
0.13942269666666668,25.218963688663877,0.6114582654835984,7.546457566666667,1.0304509499999999,0.29319286346435547,0.0014032522837320665
0.09629914666666667,24.884809492718976,0.5909397616244428,8.830515666666665,0.7371354233333333,0.30330632130304974,0.0
0.15325565333333332,22.997275055819753,0.548821562113944,8.723758666666667,0.8550967666666667,0.31657474239667255,0.004267136255900033
0.33316350200000006,21.40349248328563,0.5440651896613464,8.279348333333333,1.1406043566666666,0.36719614267349243,0.0
0.23212218666666665,19.54072484249863,0.47967308327005087,9.959581666666667,1.1198491866666667,0.4076014955838521,0.0031193892161051335
0.14404176666666668,19.574563108446416,0.4736444703081684,10.23146,0.7787973866666666,0.40878138939539593,0.0
0.14935990933333335,22.218435348508763,0.5668530830524686,8.2889221,1.2310094566666665,0.36859748760859173,0.006268342336018834
0.19803105,16.711406949158118,0.3943506375515898,27.028342666666664,0.6900959933333333,0.546566108862559,0.0038804213205973002
0.88564857,16.09973648641957,0.3815235164537502,17.352787666666664,0.8800410466666667,0.597271998723348,0.006736993789672833
0.4527466246666667,20.044319060648586,0.45473776932632726,13.407193666666666,1.1042860133333334,0.43689366181691486,0.0052494208017985
0.15051701666666664,20.96770440619617,0.47521247686243756,13.887312333333334,1.0302903,0.4635339180628459,0.004869699478149366
0.5475563,15.344176509814824,0.4051890939955518,14.705514333333333,0.8500579799999999,0.48252667983373004,0.003336588541666633
0.79817632,25.90582879603861,0.6207589989186294,6.015140233333334,1.2906964866666666,0.2819961706797281,0.0
0.15048385466666667,28.40831604215496,0.6971752011070977,6.1241650000000005,0.7097715266666667,0.2616912722587585,0.0014233589172363002
0.19663507,26.310534785745272,0.6453627491597144,6.050585533333333,1.0256374333333333,0.29019818703333533,0.005769491195678667
0.2670614,22.959940957751417,0.6105077132144089,6.395798799999999,0.8336791833333334,0.22990049918492628,0.004515647888183567
0.15052939533333332,22.515662174969936,0.607808927589098,6.893734733333333,0.6713337133333334,0.31184176603953045,0.0013349850972493333
0.18361762,22.01959574381154,0.5782914109660245,7.494634233333333,0.8228968766666668,0.30786141753196716,0.001420259475708
0.26472926466666663,21.400359517236215,0.5677002513807178,7.667265533333333,0.65170008,0.3349945644537608,0.0025000572204589666
0.09488062266666668,25.213729671245492,0.6256123255972477,7.7128998,0.7278220366666667,0.27410608530044556,0.0018399556477864335
0.14892355,23.582902335171372,0.6059303779907025,7.559490533333334,0.7125939366666666,0.29522733887036634,0.0030732949574788
0.15053616,23.781154655087267,0.5726720678039926,8.0719861,0.8299831133333333,0.33616044123967487,0.0
0.13947851333333333,23.937119539152732,0.5934621898844178,7.963601133333334,0.7862032866666665,0.3032614141702652,0.006089051564534466
0.15589452,23.727885798250693,0.5747736243852699,8.6265,0.7536522333333333,0.3143009940783183,0.0014658768971761002
0.11661610633333334,25.298548005626895,0.6062580340447873,8.1909519,0.8469475533333334,0.2975884675979614,0.0
0.10021505666666668,25.828244300677014,0.6258330053428945,8.200754666666667,0.7629170166666667,0.28870314359664917,0.004205942153930634
0.11184063666666666,25.918010871323702,0.6068580397076988,7.980355566666667,0.8307305166666666,0.31560468673706055,0.003248929977416933
0.17850051199999997,22.81941763927905,0.5631271822393162,9.108424333333334,0.7379658866666666,0.31970558563868207,0.0042759577433268
0.112475245,24.3748800753734,0.5754601544632209,8.845362666666666,0.8082966833333334,0.3238441546758016,0.0034396648406982
0.12728479666666667,23.215065032539247,0.5638901460910158,9.607057333333334,0.8467058199999999,0.30886151393254596,0.0
0.107723833,22.075771839543805,0.5137292106079082,11.070643333333335,0.7461878533333334,0.34813124934832257,0.001878023147583
0.11813681666666669,22.758907732359393,0.5609732714818061,9.630622,0.72864913,0.31122019886970514,0.004256010055541967
0.11815977999999999,24.091822227933534,0.5912355657694635,7.578307333333334,0.9765498333333333,0.31427276134490967,0.0036342144012450664
0.09499868433333335,21.81430217459479,0.4755843249681388,11.355446,0.7954395666666666,0.36489957571029663,0.002141793568929033
0.08606439666666667,20.335505085585726,0.45648378083161195,13.366273,0.7735010333333333,0.4520866473515828,0.006153504053751566
0.09473695,21.498303646811078,0.49989667829547363,10.259763666666666,0.7975966400000001,0.3843212127685547,0.0057373841603596655
0.19664468566666668,19.760033958971025,0.49986196480625744,9.171825666666667,0.9996117,0.38630224267641705,0.002791086832682267
0.12184940666666666,19.076392770938863,0.4459992353871532,11.138576333333333,0.9584609133333334,0.500712513923645,0.005293846130371034
0.13743175666666665,19.611943739166758,0.4949189284517154,9.705409166666668,0.8456114,0.3944971760114034,0.0018343130747477
0.04625897066666667,23.668168512798953,0.539721786935858,9.979514333333332,0.7548022233333332,0.3789326747258504,0.0012149810791015332
0.16265867766666667,24.350970758894462,0.5563615691917262,9.356006666666667,1.1893243,0.3510823945204417,0.0010489622751871667
0.17516415,23.65186439904086,0.6661365424467508,5.255472500000001,1.2771615666666667,0.22885780533154806,0.0034902095794677665
0.5535078533333333,19.051341540757424,0.4976557831272596,6.049181,0.74941165,0.2943152437607447,0.003368457158406567
0.2457131233333333,19.72076557744828,0.564126067284831,6.7011935,1.3328232333333332,0.3018242766459783,0.0022825400034586336
0.09519009466666667,22.418310849314963,0.6011412693056108,7.7647260000000005,1.0698449866666666,0.25394258896509797,0.006822188695271801
0.18873664,19.646639240564458,0.5311593759261405,7.666489533333333,1.2567561333333332,0.2849676311016083,0.0035430590311685667
0.11906986600000001,21.807573535381508,0.557063811994163,7.781235966666667,0.7241350133333334,0.295475939909617,0.0042444070180257
0.4326133933333334,20.324596955474465,0.6001327485904279,5.4270067666666675,2.0122800666666665,0.3182551960150401,0.0
0.5368867866666667,18.152564573728952,0.5244416099253101,5.446204566666666,1.6307081333333333,0.326706642905871,0.002512852350870767
0.18927970000000002,20.83005066577123,0.5521699985876322,6.949789366666667,0.9600426033333332,0.30577834447224933,0.003932237625122067
0.11421962666666667,21.346165422670953,0.5580752672356571,8.105077666666668,0.8735192233333334,0.297132929166158,0.003935654958089166
0.1884162,19.224441571073644,0.5545220761548538,8.670278666666666,1.2452757333333333,0.2899416387081146,0.0050630569458007335
0.11858787999999999,21.91741168493347,0.5899902335996735,8.476217499999999,1.0521998399999999,0.3313240905602773,0.0020014444986979
0.298484462,21.121756103683236,0.5617853980487656,6.936561700000001,1.02377008,0.3540259102980296,0.005547761917114233
0.39700557666666664,19.137114645246445,0.5443552304305922,6.7725888,1.3708757,0.3181169033050537,0.0012540022532145
0.18854902999999998,22.07127840857766,0.5893085709433712,6.9949984,1.0036431666666668,0.3204628229141235,0.0019311110178629335
0.21724318533333334,21.171756534587615,0.5784552330589087,7.3744247666666665,1.1886098666666667,0.3111402789751689,0.0
0.16651752333333333,21.60473016323626,0.5809128557534043,7.911731233333334,0.89655489,0.3326694866021474,0.0034831364949544
0.31069577,18.7882938355684,0.5418181743509047,7.8435603333333335,1.1443976666666666,0.34552741547425586,0.005160252253214467
0.14045106533333332,22.288998782311893,0.5659612114285545,8.019114566666666,0.7798613333333334,0.29713475704193115,0.0016752878824869667
0.16476493866666667,21.187455773440593,0.5471338963199036,8.484485999999999,1.018781,0.34158962965011597,0.0035323301951090333
0.2889265833333334,19.578144359884604,0.5452331329668599,7.6405194,1.1101793666666666,0.31319527824719745,0.005345106124877899
0.22226232333333332,18.88910284812123,0.5040136218306723,9.410182833333332,0.9168945466666666,0.33389371633529663,0.0
0.18994444666666668,20.392216905738554,0.5561117432606669,8.787926,1.2448698666666667,0.30788338184356684,0.0
0.59033178,17.817415527265478,0.544688823707462,6.616655833333333,1.8721961,0.32510698835055035,0.0034023125966389667
0.23141724666666666,19.663503567020857,0.5244844360719217,8.134347666666665,0.7820857533333333,0.3176123301188151,0.004349946975707967
0.1608367,19.89257997307675,0.5280387827455962,9.150460666666666,1.0545471,0.3823996384938558,0.002971967061360667
0.17830574666666665,23.71008649249408,0.6228332275197562,5.875267433333332,1.3056072866666666,0.3413308560848236,0.0027397473653157332
0.15963580666666666,19.65147597732618,0.5429992194659019,8.0892265,1.1172967333333332,0.3174504538377126,0.0032509962717691666
0.09192313033333332,21.57278233287703,0.5101757301053048,8.880061333333334,0.8248007233333334,0.34812653064727783,0.006179491678873667
0.097371199,19.67320977309183,0.4954468187202656,10.932877666666668,0.8956748133333333,0.40830578406651813,0.008040189743041933
0.22991542666666664,18.111120235499843,0.449563470848991,10.306162666666665,0.7664090533333333,0.4065263072649638,0.0062495072682698
0.24810674666666663,18.34593457978284,0.5093505603353397,8.396021433333333,1.1762143999999999,0.39705387751261395,0.0037365754445393673
0.124838968,19.63725741332611,0.5175471954622198,8.384444666666667,0.9120598333333333,0.3308058778444926,0.0018957455952962
0.6071035233333334,15.380264299822555,0.47594086172635436,7.133995166666666,1.6178894000000001,0.34766865770022076,0.0022199153900146333
0.3079210666666667,19.171587639422256,0.5780852646938607,5.687361266666667,1.4287023333333335,0.33707869052886963,0.0019618670145670333
0.28741797333333335,20.989757079653206,0.5795370345200613,6.447798,1.0704496000000001,0.3303879002730052,0.0025852521260579
0.32029355200000004,20.554341342102276,0.6024836103656956,5.524365566666667,0.8560709000000001,0.3573308289051056,0.007837295532226533
0.6229141033333333,23.74664311347065,0.6385212325891642,5.183317866666666,1.8423714999999998,0.20717544853687284,0.0053811073303222335
0.3477059633333333,21.151617503900017,0.5242517232807339,6.200891066666666,1.23308575,0.18765064577261603,0.004455725351969367
0.25437821666666666,21.917411205669236,0.5326376930353015,6.169186,0.82018,0.16786620517571763,0.005141019821166967
0.5894620199999999,18.854422883318694,0.4143356746728292,6.2733895,0.8705519133333333,0.16055542727311448,0.0006692409515380667
0.17624603333333333,21.464885499614486,0.6168605058176819,6.944229433333334,0.9964814,0.19505987564722693,0.006991386413574167
0.14428359333333332,21.00653041134263,0.6083718395699041,8.177386199999999,0.9990914000000001,0.22910650074481964,0.0048174858093261
0.13641774666666667,20.519553375927064,0.5616283701090959,8.4293349,0.9090615,0.21597938736279806,0.0014873345692952332
0.33285271,16.65547933021237,0.3924049118950834,9.593253333333335,0.8844934333333333,0.2574046005805333,0.0050008296966552
0.152748192,19.64812992765307,0.5536267829458866,9.678342,0.86925549,0.24129942059516907,0.0019220511118570665
0.161784332,18.761443008924104,0.5429951650270757,9.024736,0.6850354433333333,0.20809718469778693,0.0016396045684814334
0.127950147,20.398925475073984,0.5624919623474773,8.418803666666667,0.7832705433333333,0.2194536874691645,0.00326935450236
0.130817742,19.527680734100517,0.5799038334436837,8.544506333333333,0.7897443266666667,0.24501950045426688,0.0008482138315836332
0.13367224533333333,18.985957637815158,0.5383747914431248,8.554873666666667,0.9806872833333333,0.24733606974283848,0.0054023265838623
0.16202883666666665,18.15804408973035,0.4718168744527535,9.044785666666668,0.8000107833333333,0.29406718413035077,0.0034228165944417
0.14059816666666666,18.823384556318896,0.48823820246950883,9.545276333333334,0.7898155166666667,0.3096885879834493,0.003076473871866833
0.12230476466666666,18.65015836685957,0.520358546968745,9.253063666666668,0.7538299433333333,0.2850917180379231,0.0019224484761555666
0.17331392666666667,17.435110340602378,0.47862307310782876,10.333131,0.7833720133333334,0.33856018384297687,0.004717032114664667
0.12534585666666667,18.08268561731461,0.46838218368419,10.590418666666666,0.5949921266666668,0.3627701103687286,0.0
0.19834648999999996,16.473998742667508,0.4512395141730125,11.070794,0.7560334733333334,0.40227768818537396,0.0020907719930013
0.1269156233333333,18.196104493223814,0.46106338636267813,11.404333,0.5439748966666668,0.37544254461924237,0.0064863363901773675
0.09528162466666668,19.30796139322678,0.485161765990977,11.210763666666667,0.7223118833333334,0.3479953209559123,0.0038419564565022666
0.09495476666666665,19.479969948067932,0.5069638985025365,10.468873666666665,0.67519615,0.3471437692642212,0.005236943562825467
0.10989893133333334,18.306067132512165,0.46231966365403965,11.947300666666665,0.5211338333333333,0.3853473464647929,0.004830121994018533
0.11186918333333333,18.16422165929803,0.43433864764208246,13.147067333333332,0.5308134966666667,0.4313816726207733,0.0034441947937011667
0.12783582,17.808184692734116,0.43630188977304724,12.872373833333334,0.5782036033333334,0.40322206417719525,0.004160960515340133
0.11616535499999998,18.320684275608098,0.4304506266037187,13.466265833333333,0.51250478,0.40541529655456543,0.0
0.17086610666666666,17.38705207601976,0.4125395360527544,11.347027166666669,0.5994884133333332,0.4210335512955983,0.0016453266143798665
0.16128229666666669,17.4840668827357,0.4429771305276345,11.306552666666667,0.5515439266666667,0.4073054989178975,0.0007341702779134
0.16801553333333333,17.65274421589695,0.44450980229541814,10.746859333333333,0.53574395,0.40189042687416077,0.0013399124145507667
0.13212862466666667,18.97409625000138,0.5325423179641254,9.265532,0.7764333366666666,0.3004859785238901,0.0033310254414876
0.14347596666666665,18.157296983856913,0.48739789320013965,10.534357666666667,0.64924258,0.3400476972262065,0.0038638114929198998
0.14192580666666668,18.533072633240064,0.5010410703322586,10.371436000000001,0.5816095499999999,0.3372855484485626,0.004326105117797833
0.18297548,17.566935490078944,0.4889137413275971,10.045440333333334,0.6369931966666667,0.3008967638015747,0.002726793289184567
0.20000814333333336,17.410533605208105,0.468111765457087,11.296769666666668,0.6158792933333334,0.3468152532974879,0.0007053216298421
0.18000567666666667,17.80848224440491,0.4833764035990886,10.486581,0.6830990233333333,0.3041775127251943,0.005676349004109667
0.12180045,19.921062683837125,0.5686259977475725,8.881253333333333,0.6397188333333333,0.22603206336498258,0.004604578018188434
0.14076547666666667,18.552300757191148,0.5314757193860601,9.856184333333333,0.6260533966666667,0.2795037527879079,0.0043361981709798
0.17477970333333334,17.583426671387645,0.47798462910456996,9.626187333333332,0.5128176766666667,0.3264639029900233,0.0013777414957682
0.19824830000000002,18.496353932937044,0.495206130264247,8.478563666666666,0.7708824599999998,0.3166465659936269,0.0
0.21156186666666668,18.694669779408745,0.5159871877313406,7.8729884,0.9595498666666668,0.26137152314186096,0.0033415158589680666
0.2009555133333333,17.67406050174551,0.4974065963600501,7.7539825,0.62708232,0.24282827476660404,0.0
0.3915093613333333,26.169588572461834,0.6270108457763993,6.178378599999999,1.1594865333333333,0.22370376686255133,0.0036697387695312
0.26944637,21.99251566212634,0.5716814058850811,4.956000333333333,0.9546990900000001,0.19676861166954032,0.0
0.13442925166666667,22.857392033838476,0.6383550069314304,5.548086666666666,1.0994083666666665,0.204283133149147,0.0
0.09227568666666668,23.371899683252014,0.6457840642557735,6.459212566666667,0.87205403,0.20720011492570242,0.0022164185841878
0.13174950666666665,21.037178384959237,0.5991936533308556,7.572822933333334,0.8673860566666667,0.2342260082562764,0.0056018034617106
0.08438209,21.177359252778388,0.6241295259980785,8.2062875,0.72590975,0.20184476673603055,0.005428870519002233
0.12315650666666667,19.92628459033223,0.5979663873700028,8.343367166666667,0.8147136666666667,0.22699073453744253,0.002700169881184867
0.10259601633333333,20.883836013354628,0.5977138530667537,8.356719,0.91634111,0.23647083838780716,0.0033755302429198998
0.09484736333333332,20.840800497616307,0.6041245652105249,8.085982666666668,0.7388461133333334,0.2561110456784566,0.005489826202392567
0.09601058066666668,20.2919744326053,0.5662809046285915,8.865537333333334,0.8130597666666667,0.28196973601977027,0.003469864527384433
0.073963022,20.772470936380508,0.5727500301480098,8.391731333333334,0.7031574233333333,0.29840828975041706,0.003527561823527
0.098627585,19.32446150610367,0.5521489948988556,8.728410666666667,0.8455876,0.30121613542238873,0.0
0.11098261833333334,18.305869284367784,0.5241920213199917,9.684735333333334,0.72333354,0.3208378851413727,0.0032218297322591
0.09570698166666668,18.53040083519198,0.5221848350255541,10.083411833333335,0.7375126000000001,0.3105102976163228,0.0042647520701089995
0.08336232533333333,18.539306636127936,0.5379961818871465,10.739233666666665,0.6295588966666666,0.32029250264167786,0.0041968822479248
0.09172816333333333,18.699555516814453,0.547153386096785,9.962288666666666,0.86655171,0.3037895957628885,0.0012056827545165667
0.08338245866666667,18.96258498112711,0.5260297134411408,10.60467,0.6260059866666666,0.32106465101242065,0.0013387203216552667
0.08865709866666667,19.052451223421514,0.5341084329679185,9.990745666666667,0.6284004866666666,0.3145120441913605,0.002679665883382133
0.12364895666666668,17.49911361344211,0.500600222020601,10.093143,0.58890257,0.3523998558521271,0.0011396408081054668
0.12152291,18.108463032818527,0.5191302092934276,9.3367255,0.57956216,0.3107277552286784,0.007628122965494734
0.10566308333333334,17.898657001973593,0.5236277672290119,9.754205666666667,0.63385158,0.3167227357625961,0.0038173198699950664
0.08945827166666666,20.23715124453737,0.5837506963865985,8.406610666666667,0.8925505133333335,0.2946206331253052,0.003348747889200833
0.11622462433333332,18.870754737726134,0.5249620514438266,8.9826055,0.69739313,0.34280048807462055,0.006275574366251566
0.13879395000000003,17.40309239138529,0.5133799148552035,9.184070833333335,0.7378441766666666,0.3678654134273529,0.006866137186686167
0.13085568233333333,18.581760639020498,0.5144459786867923,8.309334,0.6061412333333334,0.35508705675601954,0.005276521046956366
0.12997799499999999,18.5043030657066,0.5229877363574172,7.880047566666668,0.73881582,0.33935546875,0.0030189355214436664
0.149725382,17.65448967165757,0.5624898490272977,8.1879238,0.7250520666666667,0.2963704268137613,0.002333799997965467
0.16137195166666665,17.07203689037461,0.5129572200773543,8.62632,0.6283819366666666,0.37617648641268414,0.002175569534301733
0.10306153033333333,19.003847063846283,0.54490208756611,8.085436833333334,0.9005694033333332,0.2806297540664673,0.0041829744974772
0.14912452133333332,17.83892757475731,0.567362029449469,6.954360466666667,1.0717667000000002,0.252972329656283,0.0035143693288167
0.6428961033333334,25.583521491468986,0.6482016381498544,4.853786,1.5427529666666666,0.23331097761789954,0.0017692248026529667
0.4477869399999999,22.409353034442777,0.6115970652128382,5.507878666666667,1.6954594333333333,0.20113322387139,0.001114288965861
0.4759009633333333,21.57444629513843,0.5262257418177851,5.4869235,1.1863070333333334,0.16810806592305497,0.0024346510569254335
0.41951420666666667,19.64142179429923,0.4950887001167282,6.803585066666666,1.2992634333333333,0.24411619702974954,0.003435214360555
0.3408994166666666,19.763876974124003,0.5434993942174863,6.8048924,1.3803624333333333,0.24521474043528232,0.0026791095733642335
0.5178414433333334,17.69744020139379,0.45588406933794995,7.667334333333333,1.3045838666666665,0.27370175719261164,0.006663004557291599
0.19894514666666666,20.419401034902904,0.5292665486467543,8.662548233333332,1.059440086666667,0.2287938445806503,0.0012241204579671
0.11195028000000001,21.408282417598233,0.6450724304475375,9.138098999999999,0.8891848799999998,0.20352664589881894,0.006866772969563767
0.1934010953333333,20.038023460905453,0.5244129514640102,8.342889133333333,0.9847734566666667,0.23682903250058485,0.0042824745178222335
0.17478243666666668,20.116057561436467,0.5232332629621236,7.989128833333333,0.8872143966666667,0.23950928449630737,0.006143808364868134
0.14219139533333333,21.330870696351088,0.6020330637299907,6.807863133333334,1.0072600666666667,0.1964563528696696,0.0011825561523437333
0.15146363333333332,20.86156168019876,0.5510826958398588,6.903438433333332,0.8260528033333333,0.22436930735905966,0.0019148985544840333
0.14911304666666667,21.419452766347423,0.5820734375003408,7.445682833333334,1.1086489333333331,0.2373670836289723,0.0
0.24967156666666668,20.124666859804364,0.5702806737095139,7.013335333333334,1.3180182566666667,0.23337720831235245,0.0029637018839518
0.24762381333333336,20.247097958005018,0.5406467409233137,7.044423666666667,1.1915117666666666,0.2520626684029897,0.0047070185343424
0.14829787,22.385566916362254,0.5866283527646577,6.944719466666666,1.0809095666666666,0.23708485066890717,0.006176630655924433
0.18062967133333332,21.765571533524394,0.5640563076090498,7.309729766666667,1.0945387333333334,0.2517317732175191,0.0033125082651773666
0.28381348,19.34831318257275,0.5030281808302141,7.557622900000001,1.1047246333333334,0.2846889148155847,0.0010608037312825334
0.2889773946666667,19.527454576068497,0.4935398736801712,8.031884333333332,1.0262588333333333,0.2898589919010797,0.0020889441172281665
0.16742700333333335,19.93671244519261,0.5248644110238757,8.443924566666666,1.00561141,0.2918731272220611,0.005357901255289666
0.12435663666666667,19.84693343326258,0.5381215404642944,9.169337,0.9039234533333333,0.2822488844394684,0.0035353501637776664
0.19436368666666667,18.422462865494087,0.4922906396934954,9.315845666666666,0.8755626766666667,0.3247209091981252,0.003934144973754833
0.27700087999999995,16.21896403538571,0.452346869885212,10.292167,1.0832852333333334,0.3344334264596303,0.0017685095469156668
0.11275387666666666,19.349651326133127,0.5093399200803069,10.489233333333333,0.7443379166666667,0.29997944831848145,0.0016779104868570665
0.19403750666666666,16.95361320914743,0.4653586196459771,10.936665499999998,0.7531028266666665,0.33589860796928406,0.004069805145263634
0.19325284333333334,18.235902353589406,0.48889857480222254,11.039022000000001,0.8276018666666666,0.31460591157277423,0.0034391880035399996
0.19412228333333334,18.349119969920785,0.49418140973450164,10.625256666666667,0.7749252833333333,0.31253467003504437,0.005609114964803034
0.21358458666666666,18.24477904877095,0.48345941314410673,10.400625333333332,0.7151406033333333,0.3316467007001241,0.005008776982625266
0.17803955666666668,20.1637793069827,0.5452262719775623,8.995380666666668,0.9396970533333334,0.2971457739671071,0.0065817038218179665
0.29111061666666666,17.376868405909857,0.45915631671870955,10.563147166666667,0.89631932,0.36767510573069256,0.0051364103953043
0.19970224,18.68584609757958,0.5127071020571771,9.725391,0.8472755133333333,0.3202105363210042,0.007582028706868434
0.22652395333333333,18.463102905766203,0.5063639834282729,9.029840666666665,0.82647358,0.32154953976472217,0.0066254138946532995
0.24532610333333335,17.89838706810283,0.4910843659085476,9.124820666666666,0.71434597,0.31788334250450134,0.0
0.16211338666666666,19.791889364609684,0.5420685981287942,8.379332466666666,0.72625187,0.27199878295262647,0.0026281674702962
0.23678699000000003,18.57539893228604,0.527282464803832,7.957629766666666,0.80690425,0.26916818817456556,0.0042043526967366
0.157702375,20.953089788224215,0.5857695750769533,7.505191833333332,0.8316797233333334,0.2620308697223663,0.0058658123016357006
0.17776617866666666,20.962757388431978,0.5989136831022828,7.313426466666667,1.0470829000000001,0.2933659652868906,0.0035316149393716995
0.21597334666666668,20.173893064050215,0.5865737263622567,6.5462221666666665,0.7906611333333333,0.27753919363021845,0.0033423105875650667
0.16767377666666664,22.15724127469659,0.6224622922047917,6.3324682999999995,1.02459799,0.27012318372726435,0.0013387203216552667
0.44243074333333327,21.512122493602636,0.48901364836237243,11.38435,1.5218166333333336,0.4469613929589589,0.0032432079315185005
1.23189668,18.94124184219636,0.43650637824351507,10.8147995,0.9767829333333333,0.44955146312713623,0.0046005249023437006
0.39635540333333336,19.6541422149228,0.48723179371516906,11.891757666666669,1.0327053533333332,0.4391707082589467,0.0033694903055826665
0.43652276866666667,18.643634502983954,0.41027050868316245,16.164831666666668,1.09654138,0.4895560344060262,0.0031820138295491004
0.41677489333333334,20.99207420558181,0.47214268658413466,10.075852,1.0742035333333333,0.41594667236010235,0.0033751328786214003
0.12848273666666668,24.01849396807259,0.5577316016673941,9.970693666666667,1.0632692333333333,0.3639461596806844,0.004400332768758133
0.12070357,24.356215789403493,0.5586644633940703,10.055921,1.027417,0.3319940467675527,0.004249016443888334
0.14146584333333334,22.6962814610247,0.543997684343783,10.164093333333334,1.0196600333333332,0.32937548061211896,0.00701371828715
0.4097301933333333,20.029850004654836,0.5149672302180285,9.181477,1.46547285,0.3869817654291789,0.0012530485788981
0.3675640066666666,16.23916854709687,0.410883341109302,13.614787333333332,0.7084993,0.47091080745061237,0.0021780331929524667
0.17085015666666667,19.13220320008688,0.4219755910485498,14.531025,0.6065836133333334,0.42633909980456036,0.0
0.16903294000000002,19.942132180473717,0.47281112480876136,13.650765999999999,0.9189814833333334,0.3809969623883565,0.003067255020141567
0.15251541333333332,22.360959047194797,0.4995858794414376,11.0934045,0.8820992633333334,0.33742406964302063,0.0009525616963704333
0.29244274666666664,20.301829533038816,0.47635490043047257,10.148256833333333,1.1628721333333334,0.38386539618174237,0.005774577458699501
0.15894204200000003,20.605018363977184,0.47765416415408996,12.840822166666667,0.5903715399999999,0.3684302866458893,0.006086111068725568
0.09354311966666666,23.225072244800078,0.5228112869725652,12.264335833333332,0.5482676766666666,0.3203407824039459,0.0
0.16156249666666664,23.599326622192763,0.5605780857930908,9.868746333333334,0.8210379200000001,0.265653242667516,0.003484249114990233
0.13338449666666666,23.603443262003783,0.5517145018316444,10.583165666666668,0.77892391,0.3010154366493225,0.0015864372253417667
0.13389992333333334,23.43333410420288,0.5332906502454632,10.670239333333333,0.6719075233333335,0.3389928340911865,0.0074466864267984665
0.17014859666666668,22.21746062807864,0.5353095538556226,10.407670000000001,0.7250181166666666,0.3014313379923503,0.0
0.30073726133333334,20.251714975728365,0.5061870313687765,10.079049166666668,0.7899711666666667,0.31754494706789643,0.0019865036010742
0.32246654999999996,18.122891485297515,0.47101983017368104,11.200206,0.9772323466666667,0.35844237605730694,0.0023237069447835
0.11435170666666666,22.77610938379497,0.5473512479640393,9.934855,0.9355354666666668,0.30421319603919983,0.003005345662434867
0.10149716833333333,26.157411090874366,0.6110160236287919,7.250641333333333,0.85056156,0.358121782541275,0.0018129348754882667
0.15476246833333332,23.980683590442155,0.5973827960350503,6.973850666666666,0.7894691066666667,0.2954674363136291,0.003367980321248333
0.11836109000000002,23.964553240495302,0.5932784479474552,7.637712866666668,0.8449296666666667,0.37578492363293964,0.0054081281026204
0.16192715800000002,23.264466749366488,0.6336360310761023,6.109742466666667,0.9407892333333333,0.345249871412913,0.003386100133260067
0.12330940133333335,23.994662266016586,0.6328839758506452,6.068199333333333,0.8649284333333332,0.3238947590192159,0.0027379194895425997
0.1791899733333333,22.119274510083937,0.5895047868725767,6.539202066666667,0.9310664666666667,0.3671169579029083,0.0037147998809814
0.08022739,24.140612814609128,0.6067488663490208,7.7812513333333335,0.8502182666666668,0.34314654270807904,0.0
0.291920048,17.84100273660062,0.44014329661626367,10.749287333333333,1.1300534166666667,0.4887011448542277,0.0033491452534992997
0.11081039133333333,19.57398484275622,0.4591070070212313,12.534196166666668,0.7242744499999999,0.41831332445144653,0.003885666529337533
0.2509033133333333,21.473836146554845,0.44832694042115123,3.9952373,0.9932721433333334,0.11554869016011554,0.0017825762430826668
0.17568191666666666,19.982508634666782,0.5088507427682196,4.923906633333334,0.60869189,0.13732698063055673,0.0009131431579589667
0.1693090566666667,19.207989951001583,0.5978214814942687,6.0341688,0.5941651833333333,0.13893786072731015,0.0037360191345214336
0.13908322666666664,19.466858150897497,0.630742421678319,6.062333,0.63679182,0.14965315163135526,0.0038866996765136337
0.17229383766666664,18.660603571045964,0.4927771856936782,6.864408,0.77830309,0.23269624014695486,0.0032513141632079996
0.14357157666666667,18.16919082960077,0.39958660401461404,7.412783466666667,0.5652103066666666,0.166374663511912,0.0033738613128662
0.10088313333333333,19.834854215542777,0.6006633568476878,7.832938366666666,0.8452663866666666,0.20843728880087534,0.0
0.096473863,20.368673002200754,0.5933515071018564,8.468631333333333,0.8557456333333334,0.2060963809490203,0.004906972249348934
0.06348538066666666,21.415935341710153,0.585689552551758,8.737784666666666,0.8111862933333334,0.21581968168417612,0.0027923583984375
0.10475088666666667,19.17900804703764,0.5064036983247725,9.175275333333333,0.7098831133333333,0.30330108602841693,0.0027285416920979667
0.11250285566666667,19.712662917257934,0.5202624034384725,8.508403,0.76028968,0.3035851220289865,0.0028911431630452
0.1346541,17.892746832571678,0.4833740634886798,8.540421666666667,0.48874115000000007,0.3130771319071452,0.0068725744883219
0.13342922533333332,18.465166703369178,0.4928934273150845,7.882078533333334,0.63576033,0.34480514129002887,0.005432685216267833
0.13451164000000002,18.44859784470275,0.5206406686017351,7.7896676000000005,0.5918158533333334,0.3760931392510732,0.0
0.19576689,17.491526741636136,0.48640069128177604,7.5279311,0.69892947,0.3866767386595407,0.0
0.24995525,18.4306324254997,0.5321742433815523,6.860986333333333,0.6978687333333333,0.3771494726339976,0.0020706653594970664
0.13024223166666668,20.49915634838557,0.588174387500573,6.394952633333332,1.0140042866666665,0.378568301598231,0.003386974334716767
0.16543014666666667,19.132080391048007,0.5487547774254428,7.096832,0.9719757466666668,0.3719882567723592,0.0
0.20311228,17.500260017443996,0.5060483103105863,8.0858012,0.81501112,0.4266156057516734,0.0027545293172200336
0.18450227666666666,18.474265196167973,0.5462005705240279,7.4844228,1.1659122833333333,0.33815457423528034,0.0017440319061279
0.2709660366666667,16.122312706306964,0.44936848363743914,8.773817333333334,0.70689432,0.3949645161628723,0.0075740019480387
0.14008719666666666,18.236315427915095,0.5045911199301426,8.770068499999999,0.7404290000000001,0.3518402576446533,0.003337065378824867
0.10425488,19.03164172030431,0.5171015019314918,9.095076333333333,0.7992630166666667,0.39324384927749634,0.0009611447652180667
0.16076557333333333,17.82566436665539,0.48219117071715917,9.354681999999999,0.4829185833333333,0.4259224236011505,0.0078631242116292
0.27444284333333335,15.922855572894733,0.4687467237283396,8.962114,0.53651406,0.40737639864285785,0.004106124242146766
0.15461664666666666,18.366092430164727,0.4920375701203488,8.334409333333333,0.5927224166666666,0.43871716658274335,0.0049049059549967
0.18701151800000002,17.253843144707318,0.4789169533758641,8.709052833333333,0.6937909000000001,0.4044303198655446,0.0006962617238362333
0.15543361666666666,17.530315264091453,0.47909583168448705,9.239681666666668,0.5998877066666667,0.3863200346628825,0.0009316603342692
0.1505875,17.193203036794138,0.46953521381617563,9.798168333333335,0.5296504533333334,0.4200231333573659,0.0
0.16408523,16.573729617873663,0.4755840307517998,9.546464,0.4868472833333333,0.3568118214607239,0.0019144217173258334
0.1767795466666667,16.547739306257284,0.46708765143393,9.601671333333334,0.5866609566666666,0.3456561466058095,0.0006562074025471999
0.15109765866666666,17.170042196302038,0.47386507798111066,10.136199,0.5144020499999999,0.35882992545763653,0.0018685658772785998
0.11182495199999999,19.12119679739718,0.5631836525813113,8.642480666666666,0.7601687333333333,0.3066853880882263,0.0034461021423339666
0.09512227666666666,19.307780798073196,0.5758824282277706,8.4302736,1.0379227999999998,0.33996424078941345,0.0010120073954264
0.20804978333333335,17.266461664471333,0.5203240945592995,7.763793766666666,0.7369953133333332,0.3386698166529338,0.005038976669311467
0.18195158166666667,18.84465937828329,0.546257350241016,6.613581,0.7381275199999999,0.3713916540145874,0.008436759312947533
0.2695136266666667,17.5767976484875,0.5174455041990637,6.544739233333334,0.77902868,0.3425450623035431,0.004040956497192333
0.2040246,19.416937402938576,0.5875631086083277,5.403157333333333,0.8247474,0.33698055644830066,0.0016095638275146335
0.4479173433333334,26.959634589856062,0.7072087949243396,5.140536,1.9226835,0.21746666232744852,0.0
0.8222837566666666,19.844617660418145,0.36116804792201157,4.706723266666667,1.7401371333333333,0.17197224001089725,0.0052814483642577665
0.5505998666666667,17.235371141638982,0.21508591935019564,5.8080110666666664,0.95054405,0.2161093900601069,0.0021176338195800335
0.23344068666666665,20.451831135585362,0.402929724565714,5.347522166666667,0.95821618,0.20543389022350303,0.0
0.37301438666666664,17.57580036175959,0.3506732406899749,7.008045666666668,0.8947728333333332,0.28573632240295405,0.003693580627441367
0.20400107999999997,18.494096314253948,0.4034673602326737,7.484051000000001,0.7507003033333333,0.2488009979327519,0.0034916400909423668
0.24596065000000003,16.71467516735706,0.3322181080713167,8.554562333333335,0.6822682866666666,0.22661373019218436,0.0017368793487548665
0.23406690333333335,17.014187586482517,0.3989356174433363,8.778708,0.71455532,0.24146625399589539,0.004682302474975566
0.18773346000000002,18.106809279474984,0.4354630187168638,8.856887333333333,0.8063374633333332,0.24457609156767526,0.0019311904907226335
0.14659442999999997,18.594753759315733,0.45115149342096234,9.175225333333334,0.7575905866666668,0.24878533184528348,0.006846507390340133
0.22831984333333333,17.104344505516142,0.4228306329728497,8.671882733333334,0.9529597333333332,0.2760121822357178,0.0
0.13032987,17.71016947231644,0.4716788152983338,9.386010333333333,0.7170412666666666,0.28867926200230914,0.002922693888346333
0.14283593333333333,17.777505764055856,0.48028973718867934,9.280665666666668,0.9832459466666666,0.27371278405189514,0.0037236213684081667
0.19920189666666666,16.351188624810806,0.43853069321882954,9.898598999999999,0.8680612833333333,0.33110459645589185,0.0044271151224772
0.16654116,17.248446915210447,0.47580957035733923,9.21888,0.9191375466666667,0.29863074421882624,0.0
0.21707415,16.298411604785528,0.44269787620563655,9.093505666666667,0.8837194666666667,0.3712383011976878,0.0033552646636962665
0.2184887533333333,16.736381118991297,0.5012184769760157,8.082019333333333,1.10601141,0.28784652551015216,0.0015846888224283666
0.3184834066666667,15.58074878696098,0.45118366886052746,8.473591333333333,0.7931321466666668,0.3504625956217447,0.0046298503875732
0.17725692333333334,19.144333667689054,0.533758447344124,7.360848100000001,0.78851183,0.34532828132311505,0.0
0.3587293466666666,16.29420367713483,0.4913033337878767,7.597151666666668,0.8609127433333333,0.3177312314510345,0.005696535110473601
0.23035369333333333,19.639423019097052,0.5605598867316995,6.589505166666666,0.8013304699999999,0.35347025593121845,0.004065036773681633
0.28076143000000003,18.67751500069261,0.5704282535473779,6.129431866666667,1.0478959666666665,0.32496293385823566,0.004006385803222633
0.15585163333333332,20.602391296989065,0.5663138934483578,6.9748008666666665,0.9304283866666666,0.41071025530497235,0.005434354146321566
0.46493892333333336,16.444588827590568,0.48480438236648477,7.549329333333334,0.9902854866666667,0.3539767662684123,0.0017902851104736
0.4733497233333333,16.142661345350582,0.49575609978040314,6.9990920999999995,0.8767689566666667,0.3714052339394887,0.0030842622121175
0.3671593766666667,17.634899232766205,0.5182942753959419,6.712258433333333,1.2076252666666667,0.3589073916276296,0.0023336410522460664
0.3371726400000001,17.868493270167274,0.5153495617943659,6.585160666666667,1.00505335,0.3530016938845317,0.0021554629007975
0.3006565466666667,16.50241864230725,0.4682305290688627,7.484258700000001,0.6969519666666667,0.36658987402915955,0.0034889380137125333
0.23550711666666668,17.004744987316343,0.46747121970997824,8.105919,0.7485186133333334,0.40733012557029724,0.002065102259318
0.22009703333333333,17.111301171250457,0.48363911072368854,8.275501166666666,0.59851893,0.38101380070050556,0.0013386408487955665
0.16629511866666669,18.646053808207913,0.5288358278917423,8.1473954,0.8789096933333332,0.3619315524895985,0.0010595321655273333
0.24043989000000002,18.06524615088132,0.48326025773222264,8.155632333333333,0.8098056633333334,0.3740807871023814,0.0041886965433756
0.20082228333333332,19.578217982322894,0.568431947972724,6.754019666666667,0.8703575866666666,0.34299495816230774,0.0022287368774413997
0.23328976666666665,18.253729151461386,0.5142710508595199,7.3177193,0.7478351,0.3753720720609029,0.004037300745646133
0.17335775666666664,19.895972024597352,0.5846648049076603,6.425268833333334,0.6942219499999999,0.33205636342366535,0.0039275487263997
0.23817148000000002,18.021139274944506,0.5143398737462866,7.435581666666667,0.6870738200000001,0.33130332827568054,0.0036139488220214336
0.22453113133333333,19.45186479605985,0.4495231964620789,6.307508333333334,0.78619985,0.1600105712811152,0.0031043688456217334
0.12345766333333331,20.796333624706953,0.5602176019968738,6.6179288666666665,0.7175911199999999,0.1542916099230448,0.0035196145375569333
0.139431905,20.67544729440648,0.5181229551799512,6.888462166666666,0.8675163,0.19297786553700766,0.0025463104248046667
0.14046145333333332,19.919337653437136,0.5583687773133517,7.3101667,1.1051386,0.18812957406044004,0.004404306411743133
0.19695209333333333,18.986229536789732,0.46378124535521775,6.742408666666667,1.0516134866666667,0.2029344240824381,0.0042633215586344335
0.24432078333333332,18.500240884617483,0.47336857347027483,6.9129176333333335,1.1011291,0.25859826306502026,0.002617518107096333
0.25884461,18.560458244187952,0.4703927758053143,6.373612733333334,1.2163893000000001,0.2413952350616455,0.0026374657948811664
0.49082703333333333,15.702513478445539,0.43825225869362594,7.0331818,1.3873324,0.2716967761516571,0.0
0.37786163333333334,16.13199912189972,0.44844644872148076,6.878374433333334,1.1253779,0.32127949595451355,0.005471388498942
0.16458832333333331,18.983103562145942,0.4983628128925246,7.162085566666668,0.9491060299999999,0.3176307479540507,0.0024769306182861
0.22653654666666667,18.769632445251375,0.5131528822710553,7.3963368,1.0846977666666666,0.3302229642868042,0.0063362916310628
0.22690663333333336,17.950101127807667,0.5238460091698758,7.820254333333334,1.0301147333333334,0.31660457452138263,0.0034511089324951
0.13115173666666666,18.65751079627861,0.5240006007336485,8.202959,0.8790090533333332,0.3119192918141683,0.0034994284311930003
0.16138719666666668,17.39829338752781,0.4826425432420569,9.171154333333334,0.87481968,0.33543233076731366,0.0026790301005045337
0.1718756733333333,17.831517553639788,0.5132005667178845,8.246529666666667,0.8197970133333333,0.34542592366536456,0.004115978876749633
0.18900263333333334,17.62723691357351,0.5220856259117573,8.5145585,1.170574,0.3289453685283661,0.0021622975667317332
0.23221176833333335,18.33265722562675,0.5290771800586799,8.291831166666666,1.1901197666666665,0.3328208227952321,0.0027120113372802665
0.2721929066666667,17.92220391962547,0.5122979484789928,7.096368000000001,0.6619764766666666,0.3790189027786255,0.0061819553375244
0.15514372666666668,19.783090244636842,0.5763018621082272,7.0220127,0.5815832633333334,0.37116902073224384,0.0048286120096842
0.23442472666666667,18.112675796127203,0.534376984003749,6.719943833333333,0.6874524566666667,0.36275338133176166,0.0034969647725422996
0.13242505000000002,19.77611431924437,0.5543973928113376,7.140669666666667,0.9661110633333334,0.3551289737224579,0.0022337436676025334
0.16283334500000002,18.77626325538059,0.5069813344105935,7.963657,0.6431472699999999,0.3775369127591451,0.0028210481007893665
0.14719931666666666,18.486422890249692,0.5650406993420476,7.155536566666666,0.8013949766666667,0.32366782426834106,0.0
0.15134097,18.149639432475098,0.5155978928533332,7.7743368,0.7051797666666667,0.34135617812474567,0.0032949447631835664
0.18020733666666666,16.833799910192514,0.4912896460734655,8.264237633333332,0.6174377533333334,0.3472645779450734,0.0026579697926838995
0.09280597333333333,19.91817773999644,0.5778253384527335,7.608164066666667,0.8015370333333333,0.31505152583122253,0.005905071894327734
0.16581442000000002,18.027100658338007,0.54776423016344,7.4332933,0.6259567300000001,0.3007223109404246,0.0
0.17510399866666668,18.456493972429207,0.5284428675290074,7.310300166666667,0.7979941199999999,0.3208837608496348,0.0030752023061116004
0.25253594,17.759150883762587,0.5161516468295685,6.707475466666668,0.9191854433333333,0.3300590415795644,0.0055475234985351
0.22837053333333332,19.306028587936833,0.5281770929781425,6.537021933333333,0.8493137333333333,0.3045574128627777,0.003982305526733366
0.18605560333333335,18.89271047816956,0.5575756763469994,6.2685718,0.8987703833333334,0.27254823843638104,0.0036842028299966995
0.13400070333333333,19.33969825741768,0.5484243041223701,6.765165200000001,0.8464067399999999,0.33274587988853455,0.0028210481007893665
0.14738009666666665,18.20485207225418,0.5069924885541037,7.2522826,0.6953563166666666,0.3138860861460368,0.004971981048583967
0.18933216666666666,17.348287142434753,0.48005554268475664,7.151457133333333,0.7383754299999999,0.29533248643080395,0.0
0.18632740666666667,17.70279079936761,0.4428133124062468,6.947133699999999,0.7226611100000001,0.31378649671872455,0.0016598701477050332
0.25194641,16.991005411859202,0.37111906277405216,6.816902066666667,0.7277178900000001,0.3250169853369395,0.0039435227711995
0.2182134,17.84408607845324,0.4395154195155822,6.002095533333333,1.00600342,0.28223861753940577,0.0017290910085042
1.1863533666666666,25.763891335872046,0.7615740438922737,3.3486257,2.9715675666666663,0.14028268804152802,0.004345655441284134
4.1090475,18.678471546637805,0.19609001064462292,4.336479433333333,3.750937133333333,0.21499930818875626,0.002449671427408833
0.89101172,22.370319762927522,0.19238675565158347,3.681634733333333,1.5286520166666666,0.13811457157135007,0.0051602522532144665
1.3656376166666668,18.46289182324232,0.21491282126828656,4.691270733333333,1.7783455666666665,0.19493033985296881,0.0031625429789225
0.9398988066666667,18.931217263358842,0.22366069892516635,5.302571033333334,1.2826193000000001,0.21774578839540482,0.002923568089803033
0.62983778,17.93090929533204,0.2516228119881601,6.146619966666666,1.1509856133333336,0.2187958906094233,0.0009823640187581334
0.9825488433333334,16.172193705233585,0.186150298244638,6.155198666666666,1.2802207,0.2373012900352478,0.0011388460795084333
0.45504519000000004,19.90723091439463,0.3020702359023678,5.639036666666667,1.2216248833333334,0.1853964924812316,0.0
0.8974188233333334,17.01028282384785,0.2667747983305368,6.160644666666667,1.5035862666666666,0.2336925665537516,0.0033631324768066333
0.7244537466666667,18.275602176103707,0.2508284918342115,5.804444833333334,1.3724685333333333,0.2046208828687667,0.0027906894683837665
0.8087867733333334,18.456110638911554,0.26801877437325666,5.8983311333333335,1.2369891166666667,0.2328433394432068,0.0012652873992919666
0.67049344,18.290468465280192,0.2706491240343627,6.024217333333333,1.5845003000000002,0.2252870202064514,0.004383802413940399
0.3710290666666667,19.534729057361847,0.28151473182311487,6.548174633333333,1.00904308,0.21593951682249704,0.0037136077880859006
0.52936255,18.68422528465179,0.29233496086198496,6.376005433333333,1.1275884666666667,0.24355436364809666,0.0017219384511311666
0.6654659766666666,17.36711933145773,0.30163409339295727,6.6593336,1.3201913566666668,0.26300663749376935,0.003141959508260033
0.8719675000000001,16.347562505093062,0.29802818025411776,6.702295500000001,1.732571733333333,0.2626660168170929,0.004163026809692366
0.4712385833333333,19.47990367982328,0.3317260648200653,6.014945533333333,1.0641583766666665,0.22332826753457383,0.0034689108530680333
0.42735944333333337,21.05425309102664,0.34974977441492544,5.349809566666667,1.1176062666666666,0.21064440409342444,0.0028458436330159333
0.6760436666666667,19.384592601460074,0.3391161420614616,5.836730233333334,1.3504423999999997,0.22564296424388885,0.0015108585357666
0.7862579133333333,18.58953701820038,0.31907596291984597,6.2996548,1.5752850000000003,0.2396163741747538,0.007544914881388267
0.8945658833333332,19.832015502934937,0.3274757600520301,5.287181233333334,1.3393349333333333,0.21317121386528015,0.002760330835978167
0.6049080733333333,21.190447780344016,0.35269656312915254,5.2589081,1.1073194666666668,0.221323142449061,0.003474394480387367
0.6198695333333333,20.528434194148428,0.3186926752099768,5.780209633333333,1.0986651533333334,0.25264020760854083,0.0017530123392740665
0.7262674566666667,19.59022990000361,0.3377782558249449,5.5156998,1.1739072466666667,0.24175564448038733,0.003857374191284167
0.9022891166666667,17.723467674234428,0.32054743521572787,5.859925733333333,1.1606821533333334,0.252882088224093,0.0
0.5613280166666667,18.713705239151096,0.35323390382507985,6.023470033333333,1.1332173433333335,0.24352556467056272,0.0019231637318928999
0.45073500333333333,19.328535084432836,0.3348613192091783,6.189489233333333,0.9396530666666667,0.2790946414073308,0.007508277893066367
0.4085229666666666,19.20610406535646,0.3626242936386635,6.021235666666667,0.9534553,0.24415343503157297,0.0030212402343749666
0.30356618333333335,20.00808542492408,0.39790704591918485,6.26185,1.1588664433333333,0.22234737873077393,0.0021091302235921
0.4163766933333333,19.405314917119455,0.36016428583063603,6.488791366666667,0.8702669766666666,0.2438326378663381,0.0032192866007486665
0.41308147,19.733331646665643,0.3760657596428038,6.0341752,1.0803630666666668,0.21924025317033133,0.0035388469696044666
0.54428309,19.478663765976496,0.368577672664225,6.062832433333334,1.45818621,0.2240238438049952,0.0034066836039225
0.36274223666666666,20.773548104883893,0.3876073303115186,5.816521566666666,0.9930492333333333,0.20172372460365293,0.0017194747924804668
0.9064782666666668,16.830935178237407,0.29095218452685295,7.538480166666667,1.1330482,0.3010535140832265,0.006236553192138633
0.5760109566666667,18.819579352653985,0.3456163414559814,6.5842251,1.1200051666666666,0.22532090544700614,0.0
0.5140923766666666,19.228975334674036,0.35516832795403425,6.3073199,1.1490687133333333,0.22834643721580503,0.0010046958923339668
0.5110087333333334,18.41603224595232,0.33381103326803335,6.8805507666666665,1.0304377666666669,0.23695808152357734,0.003901878992716433
0.5836131133333333,17.861372696643027,0.3305877235731051,7.865229566666666,1.0136772666666667,0.2874738623698552,0.0011412302652994667
0.4665856666666666,18.17944522191089,0.3264868983599165,7.250380133333333,1.0180600166666667,0.24434403578440342,0.0014019807179768667
0.42976343999999994,17.973233056045093,0.3556315791990925,6.610863299999999,1.0682655333333333,0.2305447806914647,0.0011639595031738
0.4083506266666667,17.89669637284569,0.32594103856051587,6.802935633333334,1.1533802499999999,0.25287946065266925,0.0
0.2214502,20.738663580987772,0.36860601153027056,5.901738533333334,0.90671855,0.23260954022407532,0.0034886201222737337
1.03926779,18.58150216519731,0.25750747269694224,4.281431066666667,0.8609570166666667,0.18929489453633622,0.0016740957895914667
0.3020603233333334,19.753530965890487,0.3991936440842177,4.5761054,0.7841936533333334,0.2411744942267736,0.0
0.1542249033333333,21.362531586078827,0.44072482404663155,5.1352763333333336,0.8697108333333333,0.14668829739093775,0.0027697086334228338
0.21517044866666665,19.835760928225785,0.45753866825538636,5.259378033333334,0.9003207466666666,0.18122948209444675,0.002914587656656866
0.17210826999999998,19.823866709764662,0.5236677969856225,5.642951166666666,0.8533859466666667,0.2207396477460861,0.0
0.189856095,17.67003635612932,0.44331410771201796,6.919990833333333,0.7616254100000001,0.2359833717346191,0.0043549537658691
0.17696645000000003,17.199158674486625,0.4596028055706846,7.646425566666667,0.5935427666666667,0.2558027257521947,0.0057816505432128325
0.15314571666666668,17.819354294284206,0.44074011167800814,7.875329999999999,0.68975498,0.28485476473967236,0.003368695576985667
0.14420615666666667,18.33177240026159,0.485575190166795,7.979770333333334,0.9336351833333333,0.2510758191347122,0.005088885625203433
0.12107281833333333,18.22473620652196,0.5063519086555585,7.5823413,0.6671602,0.22617642581462857,0.0027827421824137334
0.11805069,18.156150859946425,0.4809910082692676,7.6075455666666665,0.7842699466666666,0.25901344418525696,0.0048560301462809005
0.13205482999999998,18.171413300684094,0.5053203400276945,7.248151833333334,0.7934548333333332,0.2950017551581065,0.0027499198913573998
0.20433912799999998,17.260672573598573,0.46281321733319686,7.359789999999999,1.0255004166666666,0.3242462674776713,0.0
0.17264458666666668,18.59848068824435,0.5065888804969169,6.475886533333333,0.9485014499999999,0.30226042370001477,0.005497535069783466
0.17146414,19.08303374798561,0.522099589211135,6.612350433333333,0.9631002566666668,0.3052169779936473,0.005533854166666633
0.15392704999999998,18.640453618081157,0.534302613109943,6.843051766666666,1.0297721833333333,0.3238825897375743,0.0024547576904296667
0.16230383666666667,18.875843255997697,0.5357229029758869,6.547001833333333,0.9464551999999999,0.3188604215780894,0.0
0.16432567666666667,18.989822297000135,0.521133064229674,7.2845375,0.8065112,0.33367762962977093,0.0014106432596842332
0.16704020533333333,18.603065719033197,0.5382773051118143,7.0634958333333335,0.9211015166666666,0.36902375022570294,0.008740584055582633
0.22143645333333337,15.954754204406024,0.4860948733418164,8.419214166666668,0.8353251333333334,0.3375057379404703,0.003059625625610333
0.12104724533333333,17.674967650479086,0.5198060706083026,8.940063333333335,0.8260775833333334,0.3436623315016429,0.0016136169433593665
0.12500824666666668,17.031371641878852,0.48032163678117595,9.9863675,0.7060126666666666,0.37133272488911945,0.0048285325368245
0.10982642666666666,17.813219875170674,0.5112877666677432,9.659363999999998,0.5844789633333333,0.3398263355096181,0.0053478082021077
0.14546987333333333,16.687181075498728,0.5087847473043662,9.607758666666667,0.67455065,0.3606994052728017,0.0040502548217772995
0.12903148866666667,16.370795656877217,0.49753039381267117,9.933774333333334,0.5226928733333333,0.3639511565367381,0.0033574899037679003
0.13033945,16.296189512007533,0.5223456456721046,9.367498333333334,0.7347676866666667,0.36388444900512695,0.0031150182088215666
0.14996278333333332,15.774375805510934,0.4764937869319277,9.770372333333333,0.42438927666666665,0.33946865797042847,0.004984855651855433
0.09348461666666667,18.76258756006868,0.5430481277453523,8.632300333333333,0.9793258266666666,0.32901915907859797,0.003537495930989567
0.11678019,17.904755876277637,0.5269452931278148,8.463447666666665,0.6667269066666667,0.3070821861426036,0.0030762354532877334
0.12389819866666667,17.55226216095007,0.5155716680007233,9.236973333333333,0.5609811566666667,0.331669161717097,0.002496639887491833
0.13178287666666666,18.348965523642786,0.5313200841809776,8.411979866666668,0.4927664366666667,0.3234919458627701,0.0012514591217041
0.1433785433333333,19.0104430725697,0.5345762935395743,8.006143,0.6809629666666668,0.2933025658130646,0.0
0.14118081333333335,18.694405385273825,0.5775337257860595,7.874088333333333,0.6891128633333333,0.2769850691159566,0.0005904038747151667
0.14896981,19.193358472817668,0.5493070288837005,8.198549666666667,0.6454041566666666,0.30335397521654767,0.0030472278594970334
0.134423212,20.11921236849401,0.608423151322424,7.406084833333334,1.05509644,0.23851378262042996,0.004339059193929
0.14920814666666668,18.2155327491806,0.5482426075694958,8.120877266666666,0.9565570666666666,0.2665811975797017,0.0029529730478922
0.1410305,17.226271178915866,0.3985023443464201,29.360008333333337,0.7484119566666667,0.6395415862401327,0.0029934247334797996
0.41001008,14.767876272664358,0.4081649703830534,21.24139333333333,1.0142997833333334,0.5214308500289917,0.0005285739898681334
1.3717469666666666,15.585280241749494,0.36043795802630524,13.993623,0.9409341433333335,0.44858279824256897,0.0015981197357177667
0.6233631733333334,14.692866081947281,0.4047099391570839,15.981119666666666,0.7841213833333334,0.5053969224294027,0.0020066897074381335
0.42278369,15.700292412420898,0.41773535504622544,15.826033666666666,1.0858064,0.5131211082140604,0.0071475505828857006
0.17020421,19.934458356060876,0.443641571995433,15.276372833333333,0.5189739666666666,0.4839337170124054,0.005808989206949833
0.9911501666666668,16.978894359328727,0.39891783447555323,14.139311333333332,0.7393656666666667,0.4908517897129059,0.004699309666951466
0.1776347633333333,20.791798171617234,0.4869090836980275,12.104378666666667,0.9468207833333334,0.4206814169883728,0.0016318162282307669
0.3979746800000001,21.010186533833654,0.5144127821489944,7.915298833333334,1.0167034333333334,0.31856589516003925,0.0040266513824462665
0.15087997033333334,21.763125842630142,0.5004166461824101,11.852404333333332,0.7272413133333333,0.3897840082645416,0.005104144414265867
0.18794812000000002,21.761013660310326,0.49349159928376807,10.818103666666666,0.8459113933333332,0.3761654794216156,0.0036206245422363
0.11568720666666667,24.013513860484213,0.5278776473023683,10.768519,0.7816969500000001,0.3629247446854909,0.0030012130737304336
0.1806750633333333,23.066398197416973,0.5291017971773058,9.69095,0.7860164,0.34640371799468994,0.003266414006551066
0.7719185566666668,19.011927028547444,0.45346060977496605,10.545598,1.0164902866666667,0.4309699833393097,0.002775828043619767
0.12167805,24.125208596548237,0.5375327508568195,10.102500833333336,0.8050553433333333,0.35184048612912494,0.0018809636433919
0.20242632333333335,22.880944700082498,0.5180503610863986,10.608816666666668,0.7843071933333333,0.3775149881839752,0.0029179255167643
0.149177165,22.98131341669779,0.5499667616865752,9.767697833333333,0.7951232433333333,0.32734037439028424,0.004777987798055001
0.09007414666666667,24.81192732666405,0.5488799332201614,10.917687666666666,0.6356479533333333,0.3044293125470479,0.0
0.10247928833333332,24.372959477547578,0.5383066557797623,11.019927333333333,0.56901102,0.3166809578736623,0.0054833889007568
0.14350161533333333,22.93817905733967,0.5156801246649158,11.710619,0.6834896533333333,0.32508449753125507,0.004499435424804633
0.16197708666666666,21.827812809287575,0.4777012552555964,11.985025333333333,0.8604237533333333,0.3853090703487396,0.0013374487559000333
0.4396051366666667,20.60780533542989,0.4763069682901495,11.7201405,1.14321052,0.4018420974413554,0.005265315373738534
0.19654576199999998,22.172205301324624,0.5052956372294477,11.306596999999998,0.8623550866666667,0.3568952480951945,0.0
0.08998346333333333,23.314496492521624,0.5086721834431557,12.583505,0.6607063266666667,0.36836471160252887,0.007985353469848567
0.15548283,19.805531260788275,0.4455444585777067,13.505604166666666,0.8833585266666667,0.402115265528361,0.005312442779540999
0.08212916199999999,21.711287035547485,0.447029642558936,13.483499666666667,0.9060804533333333,0.4163351853688558,0.003456751505533833
0.37932619333333334,15.026503539745661,0.39045612497686927,15.325776333333332,0.9759154333333334,0.5027246673901876,0.0033679803212483665
0.22917914333333333,20.046428607368536,0.4650097874580328,10.831617166666666,1.42443781,0.5001856287320455,0.0
0.47543279666666666,20.80266473323326,0.495690405325759,8.502302933333334,1.1005358133333332,0.44691256682078045,0.0
0.39460849133333337,21.506771651982763,0.5263304258980976,8.553956999999999,1.3184200233333332,0.4263552824656169,0.0033818085988362337
0.30718732,15.130390673583742,0.3503047244648296,33.559014,0.44142490000000006,0.5932852327823639,0.002427021662394167
0.5823301866666667,26.93388173090211,0.691457839580066,3.8904202,1.4568426233333334,0.13555920620759326,0.0018587112426757667
1.5328205283333334,23.99185828612867,0.563622844413036,3.8936604999999993,0.9742264333333334,0.11008648325999575,0.003984610239664667
0.5730318,21.020705291239377,0.4763898662626349,4.7299039,1.4490719333333333,0.138693223396937,0.006134589513142867
0.3357636766666667,20.58098492649617,0.44545505668572133,6.076937,0.9337925766666667,0.1847025354703267,0.0017720858256021668
0.24961352666666667,20.32751042796753,0.5817687018771921,6.7270864,1.0062443333333333,0.19782682259877524,0.0034265518188476333
0.2455719266666667,19.203230648922304,0.5156223512471086,7.267352766666666,0.8604054666666666,0.21291359762350717,0.0
0.2503316233333333,18.75582816024499,0.4985302118252588,8.202748,0.8682926599999999,0.2566101849079132,0.005794922510782834
0.17664510666666666,20.33628136597599,0.5592900585011641,7.988470766666668,0.9631637,0.17556435863176975,0.0
0.13904944833333333,20.739318686528836,0.5684685465561684,8.1395821,0.7732510566666667,0.17413841187953946,0.0037361780802408332
0.136519952,20.1568445966933,0.5679364187886516,8.236510666666666,0.92862806,0.2031319290399551,0.0009925365447998001
0.14726472999999998,18.883453911905466,0.48422393249612616,8.803890833333334,0.7531307000000002,0.2478531002998352,0.005737304687499968
0.13973171333333334,19.287039057455257,0.5209505979724575,8.8718629,1.0060821000000002,0.23623969157536825,0.0015997886657714668
0.128951,20.208667694161058,0.5154079065555904,8.236759999999999,0.9070126866666667,0.22506402929623923,0.006774504979451466
0.14035854666666667,19.267711287603802,0.47368676683022914,8.675573666666667,0.7102380199999999,0.2915194630622864,0.002770344416300434
0.15531367133333332,18.49476738902047,0.5383164778292522,8.435112333333334,1.2337151133333333,0.2223960657914479,0.0024247169494628668
0.179573812,17.647982270615287,0.45573102077215105,9.491403333333333,0.7538101933333333,0.32405789693196607,0.0016306241353352669
0.20553548133333333,17.3660663400544,0.4683532574866421,9.615541333333333,1.02713501,0.30481256047884625,0.003917296727498301
0.31117734999999996,15.800154250936304,0.422892930456686,9.693623333333335,1.3243870866666667,0.347957303126653,0.0041204293568929
0.1387021313333333,18.880416182968833,0.5039555377450684,8.996265,1.0465635833333333,0.2562356144189834,0.0024545192718505664
0.18225635666666665,19.17712490738915,0.5212867260301898,8.502116333333333,1.0911877333333335,0.2441643526156743,0.0046153863271077
0.16093605333333333,18.282965667532334,0.49077021828917994,9.201050333333335,0.86735018,0.25738518436749774,0.0037282307942707997
0.26627874333333335,16.138440708237344,0.43479254880712265,10.489,1.0121707666666666,0.3194230496883392,0.0010290145874023333
0.2379154866666667,17.044854858690933,0.4835374806199629,9.359038,1.1093376,0.2526129086812337,0.004270950953165633
0.17642798,17.584337020809542,0.4823547469244904,9.832793,0.9473995666666667,0.2908800144990285,0.0016046365102132
0.1486691933333333,17.977211681320444,0.48280020710310567,9.947712333333333,0.7703384166666667,0.28027046223481494,0.007258574167887333
0.15811138,18.140160690731115,0.4796918710584497,9.536431,0.8174570500000001,0.31221259633700055,0.0014935334523518667
0.13507819,19.42085182053918,0.510271348614415,9.147879666666668,0.6843625333333333,0.2857124408086141,0.0
0.2014545533333333,18.47789468409472,0.4923480635548958,8.500248833333332,0.7571787866666666,0.30658350388209027,0.003106832504272433
0.18382023333333333,19.132095076810092,0.5077625795851283,8.0514686,0.7645881666666666,0.25758753220240277,0.0026196638743082663
0.23508907,18.347008542927508,0.49884136570591947,7.915569666666666,0.8929198066666667,0.2884761194388071,0.0
0.22309884333333332,19.043648355781155,0.5021748189261087,7.654840766666666,0.6922236666666667,0.267778476079305,0.003399451573689767
0.22780504333333332,19.0452414082895,0.5176823437279614,7.535866333333334,0.8973695466666666,0.256299689412117,0.006895701090494734
0.17682256666666665,20.030087838826848,0.5425739942635254,7.147629333333334,0.8474497799999999,0.26480300227801007,0.0062460104624429665
0.22685669666666666,18.996984577817816,0.517702650064559,7.132186766666667,0.9974718500000002,0.25592283904552454,0.005336443583170533
0.16317826666666668,20.431150013669733,0.5695162265679902,7.073142466666667,0.71512411,0.25781777004400885,0.0008025964101155333
0.2593927683333333,18.226255747245347,0.5046041978383197,7.382738533333334,0.8555734466666666,0.2541019320487976,0.0
0.1944145726666667,19.716100680491547,0.5385147028138669,6.879828533333334,0.79377088,0.2697996695836385,0.0022605260213216
0.21441427999999998,23.741661216117702,0.5225594092651223,10.904499333333334,1.3937436666666667,0.39712974429130554,0.0020276705423990667
0.23026625333333336,22.893241419069295,0.5894697193243285,7.810470233333334,1.2029782666666666,0.3098057607809703,0.0018254121144612332
0.3254022933333333,19.59795876097957,0.5052496412896358,8.383183666666667,1.0374021666666666,0.3414795647064844,0.0051960945129394
0.5127602333333333,18.43926985763779,0.5148456962544524,7.968531999999999,1.3885751666666666,0.3228244036436081,0.0033611456553140997
0.24363600666666665,20.24209141392998,0.5291384717501608,9.009763000000001,1.0334187000000001,0.32333969076474506,0.0
0.42515007,19.70325644715626,0.5391082271783153,8.009348166666667,1.5247128333333333,0.2801897525787353,0.0021123091379801335
0.24434826333333334,21.20320942952618,0.5734878024285108,9.063203166666666,1.1583506666666665,0.25779149929682416,0.0044011274973551
0.28041636,20.349942124407573,0.5645439281299687,8.1824548,1.1953508833333333,0.2655675560235977,0.0027476946512857998
0.22578108333333333,20.10895591206511,0.5572753021032227,8.295814833333333,1.0996910333333332,0.2787487506866455,0.0030008157094319333
0.12383437000000001,20.42588157185122,0.5799689069942726,8.023811466666666,0.8801435533333333,0.26500258843104046,0.0033848285675048668
0.17319918666666667,18.94762053745769,0.5405592737299417,7.915355866666666,0.8039207566666665,0.28557732701301575,0.004892587661743133
0.18167226866666666,19.087639955428862,0.5405528319059892,8.136154666666666,0.8857015666666667,0.2864221731821696,0.002779245376586867
0.13035473666666667,20.97524260854651,0.5683271822617071,8.765670833333333,0.7402565233333332,0.2972770631313324,0.0028529961903889667
0.13590263666666666,21.03885097497565,0.5921505971797328,8.583964333333332,0.7389859733333334,0.30216191212336213,0.0010464986165364333
0.16671251333333334,19.470007816269327,0.5635971307930915,8.526569,0.7107993100000001,0.2731920778751373,0.0026932557423909004
0.148726578,20.72333719432528,0.5815304572715024,9.202936333333332,0.8861352333333333,0.279657373825709,0.004280408223470034
0.25084777666666663,18.65173720460518,0.5259837761731848,9.815449666666666,1.0389278333333334,0.328826626141866,0.0025989214579264
0.3876762733333334,17.537760361136165,0.5261863259401612,8.759004,1.2698979666666668,0.30715621511141455,0.0018707911173502332
0.3201775866666667,19.104163804389884,0.5430268192138157,8.738661166666667,1.1597819766666666,0.29017468790213263,0.0013090769449869667
0.40113024666666663,18.016130384932055,0.5355412119133417,9.194638333333332,1.5596579000000002,0.3074252059062322,0.0008307298024495332
0.23374782333333333,19.727168207182405,0.5359867608667429,9.757425333333332,1.0532866666666667,0.2789406677087148,0.0033764839172363004
0.133495475,21.16622357738082,0.533599368603329,11.025444666666665,0.8054964466666666,0.29724749426047,0.0024022261301675997
0.16225155333333333,20.84115235344453,0.5552862221073568,10.256138666666667,0.95408879,0.28754429519176483,0.0006090005238850667
0.2829948433333333,19.001181768310065,0.5251725553663888,10.223201666666668,1.3498901333333333,0.3445982038974762,0.003381331761678033
0.12260884666666666,20.88605304713971,0.5258572846128927,11.261697666666668,0.8985249333333334,0.3214235603809356,0.0010976791381835666
0.25841309,17.78287289786131,0.5014623154415154,10.858392666666667,1.0620477233333332,0.29244406024614966,0.0033423900604248
0.16101187333333333,19.09222222211504,0.48945398562892956,12.173285333333334,0.9034869,0.31367819507916767,0.0059348742167154335
0.2214647186666667,19.86104267119349,0.5137074441045725,10.091764333333332,0.9345154,0.2943109373251597,0.0028363068898518665
0.2297507433333333,18.166700059476838,0.47804386434850676,10.722175,1.0253686166666667,0.3781970640023549,0.0013276735941568998
0.22097268466666667,18.074237795496135,0.47795167702126024,10.92226,1.0440542733333333,0.3600138525168101,0.0054065386454264
0.08046403266666667,20.248955983242496,0.548963737756799,10.389115333333335,0.9694853999999999,0.28138257066408795,0.005749702453613267
0.10662801766666667,20.176344551200334,0.5169790899574792,9.808331666666666,1.0607937333333333,0.2994081377983093,0.0
0.20911993666666664,19.99168308163286,0.5740457597455876,6.747089133333333,1.1657306466666666,0.309112474322319,0.003790060679117833
0.13606091299999998,21.37280531082821,0.5485244505219565,7.790416499999999,0.9604426866666667,0.3034004718065262,0.002220471700032533
0.06970552833333334,21.04063752006972,0.5787884284262368,9.086056333333334,0.7540637499999999,0.28751320640246075,0.008145093917846633
0.39050333333333337,15.134478963649967,0.39022687842928017,21.06064566666667,1.0667890266666669,0.5689158240954081,0.0018499692281087
0.23776816666666667,26.204229414881766,0.590309571512977,7.7668451,1.28013292,0.31677761673927307,0.004920562108357733
0.6920284579999999,20.87183530113757,0.49488391675147186,9.480504333333334,1.6019212466666668,0.38535269101460773,0.0038527647654215
0.13425293,24.414427002877463,0.5485935735637444,9.524035333333332,0.6780550499999999,0.32789982358614606,0.006666501363118433
0.18853855666666663,23.63235230412702,0.518776895499694,10.576627333333333,1.1506003966666667,0.36974337697029114,0.003441492716471333
0.22132433166666665,22.209960510669998,0.5075644025293394,11.202277833333333,1.1488032166666666,0.35940969983736676,0.0035496552785237
0.172697095,23.55355267563387,0.5590195987480311,9.679062833333333,1.1361546133333331,0.2932591686646144,0.002784887949625633
0.13373960466666665,23.31197423663272,0.5523890914330346,10.868412333333334,0.8629291499999999,0.3008738160133362,0.0096813042958577
0.17161478666666666,23.125658215148736,0.5676484719328859,9.194122666666667,1.0519317333333333,0.3015556186437607,0.002302964528401667
0.20197378999999996,20.99425176855169,0.5341540089652032,10.001213,1.0593483666666665,0.3603784441947937,0.004071394602457633
0.10863480333333335,23.835634623292595,0.5579191777941519,10.401385333333334,1.0314103666666667,0.34991693993409473,0.0020639101664225
0.14772698333333334,23.0688027334033,0.5462016755064769,9.985339666666667,0.8751979766666667,0.30838148295879364,0.003859758377075167
0.09127974999999999,24.601196397933492,0.5380907443351267,10.445040333333333,0.7433727133333333,0.34636956453323364,0.0013395150502522669
0.27744594766666664,24.87484135735896,0.6217035751423367,7.326361333333334,1.2975639,0.31008364260196686,0.0013252099355061334
0.12945295999999998,25.606393228050848,0.614034589139192,7.810563466666667,0.9529773333333332,0.2894987265268962,0.0017507870992024667
0.09099740833333335,24.102495442820118,0.5386299325689943,10.387360000000001,0.79079653,0.3412104547023773,0.0032715797424316003
0.14630001333333334,23.50184570138202,0.5451377706073378,9.976697666666666,0.72765,0.33624308307965595,0.003556251525878867
0.8494618233333333,21.98192685018861,0.5270812242058217,8.325805333333335,1.3325996000000002,0.3511682649453481,0.004769404729207334
0.35268401666666666,23.824637774910993,0.5638084865730869,7.946619500000001,1.2669975900000001,0.33897413810094196,0.0068381627400715995
0.44256804666666666,23.104928174290407,0.5823487500943816,6.584570433333333,1.4717220666666666,0.3002108534177144,0.003817955652872667
0.7231967666666668,21.36521630951647,0.5661528101973893,6.008194366666667,1.9149330333333332,0.32000722487767536,0.005451202392578101
1.0290267066666667,22.94820221106271,0.5711629977701808,6.793782333333333,1.4517290566666665,0.33813681205113727,0.0014121532440185332
0.8947724933333334,21.48791162756307,0.5566230750526588,6.797997066666667,1.4653701666666665,0.3643941183884938,0.008176803588867165
0.22183664666666666,25.17786456541396,0.6169050842385673,7.259141766666667,0.9709695333333332,0.3288607001304626,0.0063462257385253325
0.3037527933333333,22.76554013768806,0.5788815607879679,7.259128866666667,1.2119388833333333,0.28471057116985315,0.0020506381988525334
0.37337953333333335,22.47000801677736,0.5916701367573672,6.577189533333335,1.2955216666666667,0.3161376019318898,0.0039641062418619335
0.16216018666666668,24.25007846537061,0.5863503737289503,8.021028999999999,0.9306823,0.2992063959439595,0.0063265164693196005
0.09498243133333333,23.806637276781384,0.5570500249258813,9.491569333333333,0.8640654633333332,0.30599552392959595,0.003992080688476534
0.15598604666666668,22.85670499273208,0.5546258967432826,9.079569666666666,1.0029934633333333,0.34733376900355023,0.0
0.14192860666666665,22.44549731119062,0.5504582805092687,9.122786333333336,0.75744695,0.3092884421348571,0.004073699315388966
0.11805842866666667,21.540775733705782,0.5263245543526425,10.157720666666668,0.8718076,0.36761858065923053,0.0032477378845214336
0.09101604333333334,23.3471756983739,0.5770076751472976,8.231770433333333,0.7713140433333333,0.2980937262376149,0.0021766821543375333
0.097913482,23.836606084876166,0.6217356419341119,7.401423333333334,0.8018316533333333,0.28069320321083063,0.005414406458536767
0.6701224400000001,20.882919813822273,0.5937699078368294,6.149306466666666,1.2179208433333335,0.3334497312704722,0.0023372968037923
0.09719456466666666,17.303985530557952,0.40674275277671024,30.285920666666666,0.6053633866666667,0.48985594511032104,0.0013387997945149667
0.3295482833333333,21.6874009399191,0.48262069000871505,11.582130000000001,1.2988506,0.43054714798927307,0.002882560094197567
0.6471824166666666,19.38015594392301,0.5075948510895991,6.625707633333334,1.2622520333333334,0.2699962953726451,0.008371750513712499
0.48291092666666663,21.57616323256654,0.565031233855835,5.158612499999999,1.3247211,0.2551929255326589,0.0010558764139811
0.28225408999999996,24.023193062032533,0.6609210515449209,4.553156366666666,1.4890463666666667,0.20494766533374778,0.0
0.2964543366666667,23.876101439258377,0.6305378762101993,4.840894666666666,1.1263499933333334,0.21258642772833503,0.0009588400522867667
0.4052619133333333,22.630354454746566,0.6113406177214088,5.1147251,1.5673162333333333,0.2728056410948435,0.0033741792043049997
0.5518376366666667,19.87602962283141,0.5470880489003594,5.891647,1.6214693333333334,0.2803306927283605,0.0065526167551676
0.44168537,19.453606433943026,0.5400099630956798,6.649427933333333,1.3576837333333334,0.28350420296192164,0.0005040168762207
0.5559337733333333,19.35515127145085,0.5743602204179883,5.7188940666666666,2.0121816000000003,0.2938299874464671,0.0032815933227538997
0.25715787500000004,22.063752038270653,0.6165456957692466,5.773076200000001,1.2659717166666666,0.27779339750607807,0.0055733521779378
0.3340276233333334,19.82712538036255,0.5571972900210326,6.5637522,1.3977876333333334,0.3059930602709452,0.0019284089406331334
0.29346278333333337,20.630037716375377,0.5659841878386003,6.494348899999999,1.2922654333333334,0.28819693128267926,0.005743583043416334
0.09519220166666666,26.07045902783032,0.658202899161124,6.257426266666667,0.8183120866666668,0.3054093221823374,0.005366404851277633
0.24673326666666665,22.460662829185605,0.6208103648162112,6.073673833333333,1.0380519333333333,0.2790510952472687,0.0025211175282796
0.09358209899999999,25.372389147113193,0.6490541665354805,6.829448433333333,0.77340141,0.2759231328964233,0.003644625345865867
0.09094528333333333,24.944600540265725,0.6275486745868736,7.306237533333333,0.7525710666666666,0.29447229206562037,0.0
0.16159104333333332,22.822426588314574,0.5990617459508876,7.607023099999999,1.0799962466666666,0.26772048572699225,0.0033721129099527664
0.15685478866666666,23.257796885557074,0.6080040000563285,7.872823666666668,0.7692935366666666,0.2905166745185852,0.0012490749359130666
0.39553707,21.369995444667154,0.5587380997601987,8.731198999999998,0.84637192,0.33951152364412945,0.0034000078837076665
0.20191570000000003,22.15984748699751,0.5910148480775577,8.500557,1.1831743666666668,0.31271562973658246,0.0033450126647948998
0.23047577666666666,21.388267919769348,0.5679005325933326,8.477683333333333,1.0959543666666667,0.3312160174051921,0.0030232270558674997
0.20035800666666667,21.58124161499825,0.5569917136636976,8.393375333333333,0.8233162533333335,0.3070307970046997,0.0034071604410807004
0.2611285066666667,19.219263393169495,0.5255462815745534,9.878788333333333,1.2477559466666666,0.32763550678888953,0.0038275718688964336
0.20698810999999998,20.17020329570638,0.5365149692068796,8.813999333333333,1.1157792666666666,0.30728519956270856,0.0034457842508951665
0.21923977333333333,20.18127549599872,0.535632747196711,8.8278725,0.9900397433333333,0.3119813899199167,0.0037871201833089003
0.08606510333333334,20.87413991938201,0.4924687541978446,12.581273000000001,0.7586011833333334,0.36363300681114197,0.005367914835611933
0.12998158,18.166714163526997,0.46485162893608717,12.196894666666665,0.9581812,0.4080743193626404,0.005151510238647433
0.08321146233333333,20.616988887262355,0.5304217922143711,10.280546166666667,0.8904331833333333,0.3218792974948883,0.0021204153696695667
0.07324414933333334,21.46905341041381,0.5396289824427742,9.020629999999999,0.8745428833333334,0.3313436806201935,0.0033378601074218668
0.160342804,18.23602771545166,0.4777764802908755,9.871042666666666,0.9188992966666666,0.39817724625269574,0.0022819042205810334
0.06820624600000001,19.646027211988283,0.5294329999528375,9.534632666666667,0.5782246033333334,0.33682794372240693,0.0033690134684244664
0.07684990133333333,20.45318139165367,0.5441714661008881,8.225049233333333,0.74516175,0.33355160554250074,0.0052177111307779335
0.075973112,20.1108827615321,0.5238372508181305,8.323119666666667,0.7894765133333334,0.32788469394048053,0.0
0.5046241300000001,17.39520042509231,0.4697297269729542,6.885637699999999,0.78576735,0.4097464283307393,0.0057603518168131
0.6829141333333334,14.481253499299896,0.32893117119457904,29.93795333333333,0.3983619133333333,0.565544843673706,0.0033744970957438
0.15137234333333335,25.41602109734176,0.597275042998867,8.346788666666667,1.4044332,0.3228886624177297,0.004620790481567333
0.23109698,22.20663989798832,0.602238711376105,8.0047949,1.1939716999999999,0.33174150188763935,0.0028611024220784333
0.19783861333333333,23.52760715177163,0.6230580372983612,7.0634622,0.9096723,0.24003707369168595,0.0043222904205322
0.21242572333333332,21.21357863691297,0.5730038787087254,8.495917133333334,1.1393625333333335,0.2713868618011474,0.0022524197896321334
0.17756622,19.543443493985347,0.5459352653210314,9.798564666666666,0.8226815466666667,0.2463456094264984,0.0
0.19527882666666666,19.795244386868475,0.5445788366988135,10.340728666666667,0.9581479,0.2560050139824549,0.004733880360921199
0.15394757333333334,21.00569169835569,0.6097312938774463,9.292241333333335,0.9114544333333333,0.22699007391929624,0.006253798802693634
0.12396901,21.686204210796294,0.6274067942517433,9.503107833333333,1.1210523666666667,0.2293809503316879,0.0018053849538167
0.12819591666666666,20.95905674349005,0.555057674013521,9.915048333333333,0.620483,0.27388332784175873,0.0031440258026123
0.10909265333333333,20.602292242629087,0.5882050216900626,10.554721500000001,0.6455128333333334,0.2698956827322642,0.004609107971191367
0.23616553666666665,20.099803275433022,0.5790078665668446,9.609329833333334,1.3554053333333334,0.28803764780362445,0.0026621023813883002
0.10010391066666667,20.576070842468994,0.5328508062180634,12.360788666666666,0.8660492366666667,0.2955752114454904,0.0047806898752848
0.116547152,19.782843972168468,0.5136992928147408,11.238666666666667,0.6986627,0.3197626521190007,0.0033650398254394327
0.1986757,18.280652837433532,0.5059572476885991,10.517168,1.1400411666666666,0.33381299177805585,0.0043071905771891
0.094767904,21.523494125032187,0.5625237841994802,9.9866905,1.0172414233333333,0.3213944335778554,0.009936014811197833
0.18397366,18.66976647753124,0.5057943901740952,11.954797666666666,0.9701842566666667,0.36122305194536847,0.004502137502034467
0.14024553666666664,19.953645472278172,0.5593709249844515,10.874211333333333,1.1192720133333334,0.25878941516081494,0.005598704020182266
0.08091982333333333,20.981633894867745,0.5621638747715326,11.454569333333334,0.7913407,0.29811375339825946,0.0046372413635253325
0.12590040333333333,20.03350323694247,0.5604087612766572,10.643991666666667,1.0069609566666666,0.28407122194767,0.0015740394592284664
0.14029895666666667,21.141683983012058,0.5652400188963927,10.46595,1.0291882833333335,0.2904617091019948,0.006720622380574501
0.13930571666666666,20.716429200208733,0.5360181527469082,10.542256666666667,0.9593631366666666,0.30651941895484924,0.0007640520731608001
0.155111472,19.546259650268187,0.5399733240351988,11.353540833333332,0.9593431433333334,0.2975588540236154,0.0033784707387288
0.22035459,18.61162162797879,0.5303579345688881,10.009521,1.0684510666666667,0.31500061849753064,0.005415598551432234
0.21707280999999998,19.893223960555925,0.5534843211652173,9.252110666666667,1.1309537,0.3020111968119939,0.005750020345052033
0.2761559633333333,18.75523655824459,0.5319476285776125,9.082498666666666,1.1796069999999999,0.3152964115142822,0.0009299119313557667
0.3792564766666667,17.9230178381632,0.5180730392291099,8.253582833333333,1.3217929666666668,0.2925732930501302,0.0016822814941406
0.2792028366666666,19.059313940268066,0.5337744033695779,7.839306466666667,1.0651270666666666,0.2882362256447473,0.00183900197347
0.18618709266666666,21.720388760402077,0.6201512830514111,6.786431599999999,1.040189,0.2640548050403595,0.0033706823984781665
0.30006389666666666,19.385556241702847,0.5679200971931155,6.724560333333333,1.3054207333333332,0.2838452160358429,0.004657109578450467
0.24525756333333334,20.247591233877774,0.5942629072404858,6.311319833333333,1.1320059666666666,0.2580609321594238,0.0015675226847330665
0.3321348933333333,18.97304066443199,0.5525835750111255,6.665742033333333,1.1450892666666668,0.28140170375506085,0.0022651354471842334
0.38530579000000004,18.26059735675825,0.5264123740544867,6.721335233333334,1.2333401333333331,0.26013120512167615,0.0024803479512532332
0.4148214133333333,19.064106978399224,0.5105365781610033,7.464478866666667,0.9887668766666667,0.2845778663953145,0.003691832224527967
0.34685744333333335,21.0899301738023,0.5552739405548811,8.003279833333332,1.2927718,0.27646756668885547,0.0
0.2183539733333333,21.540582516978816,0.5772523312399694,8.2201362,1.2049717466666667,0.24204950034618378,0.0
0.38233453000000006,18.548659242558546,0.5375151909966374,8.867757666666668,1.6751150333333333,0.28469118475914,0.0027188460032145
0.4183691766666667,20.777819014976245,0.589950225186271,7.5872017666666665,1.7205897666666667,0.25525186955928797,0.0028405984242757
0.7542424,18.51963767896899,0.5263644623582493,6.382680766666667,2.0403414,0.29874221980571747,0.0
0.3027853866666667,21.4683602177206,0.6352544075434224,7.158229933333334,1.8681112333333332,0.28119470675786334,0.0019917488098144336
0.3905760733333333,20.21720679749176,0.5980544723170474,6.9279456999999995,1.6970813666666666,0.2544340242942174,0.005540609359741134
0.8130611066666668,18.551928759198532,0.5250286840229749,7.5601861333333344,2.0366113666666665,0.3377307256062825,0.0064774354298909
0.26543484333333334,19.867472923067883,0.5486399770631762,8.065756433333332,1.2167781466666667,0.28557198246320087,0.005040963490804
0.19234631000000002,20.755659786794794,0.5561740380585057,8.515901333333334,1.0750269666666668,0.2883112331231435,0.0
0.3452285966666666,20.5979506101384,0.5791035883361446,7.028037,1.4559443333333333,0.3167158166567485,0.0020968119303385333
0.23902817,21.267132680645187,0.5930689631546274,7.5349341999999995,1.2468429666666667,0.29655878742535907,0.004426081975301067
0.25328405000000004,21.14632424221764,0.5656936285543384,7.418939666666667,1.0538085866666667,0.29884979128837585,0.0
0.48100131333333335,21.75665568444646,0.5745357686906799,7.0907184333333335,1.25077078,0.3396791915098826,0.0026894410451253
0.3848386366666667,19.77063909289727,0.5588604589936077,7.492486433333333,1.2525803166666667,0.2630838851133982,0.0048457781473795
0.32661944333333337,19.683084825994843,0.5179997048141645,8.218479133333332,0.9909454866666666,0.36354965964953107,0.0
0.30424171,21.061858607876335,0.5325116874270668,9.674071333333332,0.61934291,0.3539910515149434,0.0059583187103271
0.34042236333333337,19.06324993222974,0.4754578498122383,9.801376666666668,0.99043505,0.41384132703145343,0.0017244021097818998
0.4467690266666666,19.041060078340426,0.5117673757063689,8.207931,1.3267396,0.3543321490287781,0.0
1.11453232,16.984979209525022,0.48049342619786817,7.025295466666667,2.0434143,0.33755842844645184,0.0036385854085285996
0.6211434266666666,19.24562326978769,0.5296244160848599,7.109877333333333,1.2851385,0.3304142753283183,0.004282712936401333
0.50663574,19.85641110863627,0.5268358449361136,7.663000666666666,1.1875144166666667,0.32411494851112366,0.003977855046590133
0.36610994666666663,21.315728001103597,0.5737509939042029,7.360778333333333,1.08751198,0.3160106837749481,0.0
0.16219502,21.353153464173175,0.5294480718704978,10.627194000000001,0.9060925766666666,0.3002595504124959,0.0028149286905924335
0.38474370999999996,18.07180404994891,0.4873478124964021,9.327402666666666,0.9557314,0.33427002529303235,0.004787286122639934
0.6157650233333333,18.623778997122102,0.4984883208608428,7.919097466666668,1.3674255100000001,0.32514896988868713,0.0
0.12453196999999999,20.57621902586948,0.5147226123372478,10.812233999999998,0.8064816833333334,0.34702455004056293,0.0027782122294107998
0.15395675,20.455132750775803,0.5481441456443684,8.672533999999999,0.9188207333333333,0.30862342317899066,0.0016365845998128
0.139087242,19.300570557607198,0.5072301164171082,9.488521333333333,0.9792692166666667,0.31428014238675434,0.007154305775960267
0.13967061466666666,19.562752922558456,0.5175076804960206,9.1510635,0.9808907333333333,0.29487257202466327,0.0019776026407877334
0.1688143666666667,20.671062434611944,0.5512362344729788,8.322041833333333,0.7466965499999999,0.33687172333399457,0.006108363469441699
0.09215198200000001,20.943948409448105,0.5234931157913111,8.9124355,0.6016832533333334,0.3001967668533325,0.002160946528116833
0.16671748499999997,19.671047282909083,0.5500300614860906,7.909841233333332,1.1797569666666667,0.2894176443417867,0.0028297106424967334
0.08168533,21.093262963613952,0.5313982475374993,9.421351,0.75243311,0.3367370863755544,0.0048849582672119
0.5513849479999999,19.97173746219858,0.5354118772270972,6.686407533333334,1.3782895499999999,0.31980226437250775,0.0008672873179117667
0.21125238999999998,19.578488931253926,0.4291576051962034,16.263197,1.0650438333333332,0.5342314143975576,0.0050404071807861
0.22854320333333333,22.95968756452449,0.6284003240335977,6.4796841,1.336096816666667,0.23618530233701066,0.0033706823984781665
0.13943736333333331,23.887096670773108,0.6588292389512733,6.259871466666667,1.0649715666666668,0.2680135468641916,0.0058325926462809005
0.14221630133333332,22.887298894399624,0.602369120172174,7.439989999999999,1.0313490166666668,0.2908103366692861,0.0017616748809814334
0.18456552,22.495314011650738,0.6112667528551678,7.7334735,1.1260396666666665,0.3066147267818451,0.0036420027414957334
0.33663641333333333,18.987606398505694,0.5364015993072137,7.403294133333333,1.373549,0.29446399211883545,0.0
0.25009756,20.939732435266546,0.547254411274956,8.162944666666666,0.9856881,0.2685293704271316,0.0034782886505126663
0.29583380666666664,21.23873143949255,0.5448204498100652,8.168014866666667,1.405986633333333,0.27731551726659137,0.002424160639444967
0.28156054,19.98757665954715,0.5378908487563749,9.421782,1.2191190333333333,0.23530603448549903,0.0027799606323242
0.14087229833333334,21.82617076627223,0.5308943357561966,10.633397666666667,0.8041148333333332,0.2686163435379663,0.007510900497436467
0.11424804666666666,22.06780633899631,0.5609508415244352,10.403769833333333,0.6323559933333334,0.26704370478789013,0.0033464431762694666
0.13408994999999999,20.54514474492376,0.522823451401018,10.835116,0.53821217,0.31130655606587726,0.0031400521596272337
0.15736682666666668,18.345245190046395,0.496513526492826,11.343627333333332,0.6294444800000001,0.38878682255744934,0.0029975573221842334
0.24149893666666666,18.901291547226837,0.5280589858138222,7.970638166666667,0.8268030433333333,0.3155125081539154,0.0021208922068277664
0.13592329533333333,21.299787023984532,0.5709910017739583,8.666635333333334,0.6324534966666666,0.27715423703193665,0.0056920051574707
0.15894806333333333,22.141910009449152,0.5992680346997975,8.2080378,1.0278091566666665,0.27671348055203754,0.0033474763234456334
0.20841820533333333,20.75874931844434,0.5148398082637936,9.283380333333334,0.67625057,0.3472481369972229,0.0006701946258544666
0.14642549000000002,22.66042832998032,0.5569018327813408,9.268404,0.7871037766666666,0.3225082457065582,0.0010303656260172334
0.16689553999999998,23.16293821291245,0.5820321125394636,7.974638,0.8662929366666666,0.3150038868188858,0.004579067230224567
0.15656622,22.090897426996346,0.5198772273477706,10.223564999999999,0.7909214666666666,0.35575031240781146,0.0005528926849365
0.4015938766666667,21.03987925466294,0.5603734646174884,7.2559334,1.1764952333333332,0.2873900185028712,0.0010041395823160667
0.23840277666666668,21.791336428040136,0.5428790136819932,8.933148000000001,0.9014542333333333,0.3309057255585988,0.005055189132690399
0.28112688333333335,23.370982180984587,0.6143469855399215,6.9250878,1.3379177,0.280281921227773,0.0
0.25185153466666665,23.306945361952987,0.5753852909260879,8.755315,1.2913781933333335,0.33718542257944745,0.004862705866495734
0.3272605333333333,21.378413876724068,0.5334019270882792,8.834913666666665,1.1880706666666665,0.31774490078290296,0.0013626416524251002
0.8120771666666667,18.913653643980407,0.5075453849967978,8.241156466666666,1.7987673666666666,0.34893051783243817,0.0012462139129638665
0.7718073799999999,17.8394670404027,0.48807246787136277,8.112171866666667,1.6853404,0.3530106445153554,0.0
0.5076390633333333,20.112127598371465,0.5463926290341816,7.525168266666667,1.5144787666666666,0.29910060763359064,0.0007163683573404666
0.11360232333333332,21.469612789498626,0.47163528676411026,13.225377333333334,0.6494226233333333,0.3652074734369914,0.009436925252278567
0.13688419,20.827394270508005,0.48541176187808244,11.636374166666668,1.0134947333333333,0.3579547107219696,0.008752584457397433
0.19136667799999998,22.06581497488658,0.5257819223847303,8.834545333333333,1.37522955,0.32926574349403376,0.004650592803955033
0.17081307999999998,21.409776982810154,0.4845209770176318,10.567364333333332,1.0819735999999998,0.3317663967609405,0.004386186599731434
0.17214707333333332,20.628599135685047,0.5039422257216261,9.596485333333332,1.2290334666666667,0.3429891963799794,0.003930648167928034
0.18927818,22.123254036144658,0.5342196446649857,8.724755166666666,1.1747836666666667,0.3391184409459432,0.004727522532145134
0.09998305533333333,23.14323889244294,0.5510352630980386,9.029448666666667,1.0202012333333332,0.3024834493796031,0.0026492277781168003
0.24234951200000002,21.013295207703084,0.5055703902651393,9.980959666666665,1.4065139833333333,0.4132847189903259,0.006119728088378833
0.07657532366666665,23.405151267821314,0.5505405224656991,9.200836333333333,0.9442373333333333,0.30842674771944684,0.0034916400909423668
0.20127024000000002,20.788533461462972,0.5041837407095863,9.540933333333333,1.03238491,0.3526712755362193,0.0022281805674235
0.13239786466666667,21.814213267618616,0.511859126796253,9.056434333333334,1.10279392,0.38124508659044903,0.0009175141652425
0.93873116,23.494204197472797,0.5581940582592676,3.5201944333333337,1.5476201666666667,0.13765792051951084,0.0
0.7324990233333333,19.581905855699357,0.30967236131116377,4.739681866666667,1.0102269666666668,0.22413188219070426,0.0058543682098388325
0.20196215333333334,20.920512150525127,0.5748096255921981,5.311596566666666,0.8427731,0.16483689844608307,0.0
0.18024673666666666,19.776803154358376,0.5621062583121004,6.6259921,0.8485533333333333,0.17908592522144315,0.005503654479980434
0.18270178,19.188856127575402,0.4826436909118626,7.178348533333334,0.94913282,0.2368352313836415,0.0032366116841633665
0.3265842666666667,15.805577071971085,0.3690404279981281,8.644916666666667,0.6294429533333333,0.24399754901727042,0.0017335414886474334
0.10635095566666668,19.608645949576974,0.507254915297275,9.729817666666667,0.8798677766666666,0.20379058519999185,0.0022509098052978
0.149964528,17.61289957234615,0.43051416401329784,10.697828666666666,0.6878255466666667,0.26028117537498474,0.0036715666453043336
0.17901674,16.72370589699172,0.4307965482736995,10.718176333333332,0.5573675566666667,0.28905869523684186,0.0016716321309407332
0.15268103866666669,17.772463826891492,0.4362546180685316,10.306405333333332,0.6777570833333334,0.2886493504047393,0.005413850148518834
0.13678440466666666,18.402654470487757,0.4619953843613944,9.897245,0.7388097333333333,0.2956505020459493,0.0011007785797119
0.12442919666666667,18.088561208230594,0.4743375911046523,9.783230000000001,0.6973757599999999,0.3077515512704849,0.0064490636189778
0.18438860333333332,16.612694632458982,0.43836549378008155,11.198835666666668,0.9561055,0.36260069410006207,0.0013391176859537668
0.11675961866666668,18.131763723040233,0.4417619592855376,10.441046333333333,0.6653032466666667,0.32618316014607746,0.0083051522572835
0.21229281666666666,16.848686243786634,0.4249266407230346,9.435665666666667,0.6983220733333333,0.33710572123527527,0.005521615346272733
0.13345804833333333,19.095663010963023,0.5185900589451339,8.474505666666666,0.82911729,0.30751170714696247,0.0027357737223307004
0.20726585666666666,17.79769822235346,0.48586902598207565,8.347979666666667,0.87519625,0.3349454402923584,0.003436009089152
0.24382951333333336,17.49858542702397,0.5009929813244643,8.179209899999998,0.9563317333333332,0.33760686715443927,0.004304806391398067
0.23813644999999997,17.63841913445607,0.49044693299647896,8.390444500000001,0.8936498,0.3386004368464152,0.0012542406717936
0.2563721233333333,17.507260969252027,0.5077712419818249,8.238766,0.8670453466666667,0.34217312932014465,0.002709070841471333
0.20953460666666668,17.822727058555557,0.48212496934222077,8.633277666666666,0.9900907533333334,0.3624296685059865,0.0
0.19097368,17.730943287411684,0.5158775480046669,8.786825666666667,0.8906458199999999,0.32070712248484295,0.0031682650248209335
0.21062706666666667,16.468135687298513,0.4626171871272182,9.792467333333335,0.8582003833333333,0.3551223377386729,0.0039699872334798
0.25779615333333333,16.87597098712708,0.4733552615668086,10.506116,0.6268617166666667,0.3573461671670278,0.003457943598429333
0.14836799666666667,17.17498202617634,0.4569992501026781,11.130049333333332,0.59278256,0.3514503836631775,0.0026721159617105997
0.13587777666666664,17.56875611706735,0.45399953595143394,11.18954,0.5888682766666666,0.3634574810663859,0.0028141339619954333
0.23720765833333335,16.146636866227,0.43660453788349857,11.055355333333333,0.6099577966666666,0.3989514509836833,0.0021247863769531003
0.22792595000000002,15.677614867648117,0.444062166014342,11.315995000000001,0.6357710733333334,0.36809268593788147,0.004727284113566067
0.17833266333333334,18.080344030390094,0.48993350265760344,9.564947666666667,0.91599058,0.33692402640978497,0.0023832321166992
0.3619085233333333,17.069214937257524,0.5030081394637479,8.345769333333333,0.8576068333333332,0.3027140547831853,0.006755828857421833
0.25264125333333337,17.68919906708987,0.49094644772387763,8.478336,0.8647919666666667,0.32612599929173786,0.0013394355773925666
0.20261786333333334,18.894268142349905,0.5143778098201842,7.803413066666667,1.0094897999999999,0.35522318879763287,0.0
0.41466817000000006,16.106098043516237,0.45871629380382556,8.475515999999999,0.7682084466666668,0.34512458244959515,0.004906018575032534
0.29678086,15.727524286758069,0.4915640660595497,9.201035333333333,0.7481014866666666,0.3161043127377827,0.004178126653035467
0.17653695666666666,17.889547263573757,0.528081287019022,8.130286466666668,0.6918425733333334,0.29922502239545185,0.002915064493815067
0.13287096833333334,18.474290378292313,0.5491452531046707,7.823697766666666,0.8491093066666666,0.28337295850118,0.0010470549265543334
0.07592373833333332,17.966684994503563,0.40563153485159537,31.08120766666667,0.5464829066666667,0.5159951945145925,0.0034379959106445
0.6019820633333333,24.363161326354007,0.674660940702693,6.084453133333334,2.0121455,0.2371502468983332,0.0038191477457682004
0.5457258700000001,19.839824076109636,0.3967712387445322,5.513733500000001,1.5021405,0.20959468185901634,0.0028236707051595
0.24245104333333334,21.51584967013655,0.36598660238279884,5.1746002,1.1542479333333333,0.126348853111267,0.002697308858235667
0.39969582000000003,18.006593693369194,0.3533255141215863,6.386200866666667,1.0476097333333334,0.2305998081962267,0.0027197996775309
0.23051122,18.9097250957514,0.45801722336384887,5.730628566666667,0.9837992999999999,0.17551768322785688,0.0048603216807047
0.2756860433333333,17.03821819390899,0.43394034810400134,6.779404766666667,0.9004293900000001,0.230627511938413,0.0
0.17370810333333334,19.680338681433827,0.45775775157495807,6.8248044000000005,0.9860118666666667,0.19416268666585282,0.007512092590332
0.15086254333333332,20.14548503061414,0.506776476971862,7.420603533333334,0.99872448,0.21998775998751322,0.0024336973826090333
0.2387864866666667,18.2471007213352,0.4214399612340052,7.046695833333334,1.0586334833333333,0.2593524903059006,0.0021251837412516
0.18883414666666667,19.361263694135577,0.4699719591839426,7.064522466666666,0.9944331666666667,0.27743565042813617,0.0032252470652262
0.24826707333333334,18.377998450636557,0.467636206153392,6.7478032,1.0421511666666667,0.316654493411382,0.0045208136240641
0.34716580333333336,18.61505447273772,0.48780523310834756,6.392038166666667,1.1840885033333335,0.3239288131395976,0.004382292429606066
0.21594717333333335,19.867857519916154,0.49908144594556986,6.6030022,0.9793207666666666,0.29368074735005695,0.0056506792704264
0.3569153166666667,18.4144023490522,0.49824439011884825,6.3705967333333335,0.8492818400000001,0.3235099961360295,0.0014063517252603998
0.32955185000000004,18.322310468615346,0.5077196367926354,6.210758333333334,0.7893579000000001,0.31359978516896564,0.005029519399007133
0.24848736666666668,18.960006237546164,0.5330058416972312,6.650512666666667,1.0455749666666667,0.33202919363975525,0.0017204284667968665
0.37275656333333335,18.100937151396533,0.5350608103625496,6.3752886,1.2605035,0.33516770601272583,0.0
0.25948863333333333,18.19326578849028,0.5341817902489164,6.794054333333334,1.0337292666666666,0.3375271757443746,0.0037070910135904335
0.29628672866666667,17.255551156778818,0.48324844315822113,8.840401,0.9273442666666666,0.362245112657547,0.0
0.2176955833333333,17.015357682173303,0.48750898788999425,8.266414766666665,0.5308398233333333,0.34420424699783325,0.0059590339660644
0.17046531666666667,18.69905782304802,0.5423493866472404,8.230681166666667,0.9348298833333333,0.33216436703999835,0.0034113725026448
0.12647466666666665,19.28525722700861,0.5468518461358701,8.666857,0.75364741,0.30921919147173565,0.0012172857920328666
0.20491943,16.62012597257441,0.467246443886699,9.046804,0.5136019166666667,0.39381690820058185,0.0048882961273193
0.18163713,16.76690463372211,0.5103601568673447,8.551412999999998,0.5190708300000001,0.39868928988774616,0.004871765772501566
0.19010157000000003,17.414772675078726,0.5116928077045013,7.566222666666667,0.5471091833333334,0.3890716036160787,0.0
0.19601157666666666,17.115444256622933,0.5050436694483041,7.8142034,0.45271992000000005,0.4288191000620524,0.0015098253885904667
0.21779662,17.176218344064335,0.5004799797190126,7.1514298,0.6599074566666666,0.4052575826644897,0.001923402150472
0.1863280833333333,18.032067429806276,0.5162040530289941,7.359519766666668,0.7976096866666667,0.38908512393633526,0.0034994284311930333
0.22526648333333332,17.49357869024773,0.4985546987095626,7.593662866666667,0.58300668,0.38078324993451435,0.0011854171752929668
0.24404777333333336,16.64297931415211,0.49127756897542074,7.712392566666668,0.5633041266666666,0.372687429189682,0.003046512603759733
0.24367583,16.454520487298286,0.48157932881258375,7.7951325,0.6328256466666667,0.35963571071624756,0.0005254745483398333
0.23969653333333332,17.055434329675382,0.5069106962270696,8.327141333333335,0.87274625,0.3424602250258127,0.0020399093627929666
0.07420772866666667,21.02342292728377,0.6244685022165134,8.210217466666666,1.1309219133333333,0.32710695266723633,0.0009554227193196333
0.09941650866666667,19.02995011415018,0.5741620399313333,8.871075,0.68110021,0.3526944617430368,0.005369742711385
0.16039667999999999,16.82233382468367,0.5341160448957627,8.538313666666665,0.5895713633333334,0.33272164066632587,0.0052555402119954
0.633590968,24.71932459518766,0.5807043737777292,7.2973942,1.2928705166666667,0.28594521681467683,0.003174066543579067
0.2803941466666667,24.76974428960111,0.7177380921601664,5.495383733333333,1.6013835,0.26467182238896686,0.0012384255727132
0.4067014933333333,20.511110727323665,0.5968468105824146,5.6890089,1.5077454333333336,0.25070263942082716,0.0020231405893961336
0.19190449833333334,22.139043178963604,0.6249914217788618,6.729754766666666,1.1371883333333332,0.2635299464066823,0.0024451414744059
0.41301831999999994,18.56571079354519,0.5036920030573788,7.2006313,1.2992175,0.24622632066408792,0.002544164657592767
0.46966738333333335,20.625351411187506,0.571285283756157,6.456536466666666,1.2078759000000001,0.2472703208525975,0.0010959307352701668
0.22661064,22.52428743625136,0.6107631973359043,7.3156192,0.9404904166666667,0.23635366559028625,0.0040618578592936
0.21424969666666668,22.550553864120868,0.6436512009563721,7.319339066666667,1.380281,0.23325325051943457,0.003891944885253867
0.2998528166666667,21.005263678854405,0.58440405936097,7.555119466666667,1.1856468666666666,0.24411375323931372,0.007816473642984966
0.21647952,21.93180060363352,0.6279992444109763,7.3287179,1.3045253333333333,0.24177339176336923,0.0013822714487711333
0.2216929,22.445906340267033,0.6426786146442877,6.710273099999999,1.2383875666666666,0.2217237949371338,0.0035649935404459335
0.2586397,21.230270398470406,0.565174582949347,6.977662066666667,1.10817781,0.259452963868777,0.0014158089955647669
0.27073503,21.88184610817783,0.5860391573835565,7.283095666666667,1.1996011033333334,0.26636958618958784,0.0010717709859212
0.41648164,19.607770216931623,0.5090703946353431,7.999166133333333,1.1287673666666667,0.30845726529757184,0.0017274220784505
0.26129948999999997,21.16483734737866,0.5974903021875996,7.542828666666666,1.2139070166666668,0.2764675070842107,0.0033374627431233665
0.15115073199999998,24.303923529723658,0.6532823368558393,7.139651933333333,1.0940536666666667,0.2473457157611847,0.0014723936716715333
0.19374144866666668,22.883375784690088,0.5991333634828491,7.7923710999999996,0.9753802666666668,0.2950095583995183,0.0052088101704915
0.28851926666666666,21.77078650539805,0.5699517032474936,7.573977233333333,1.2337211666666665,0.32607579231262207,0.0033837954203287334
0.24151913866666663,21.53220372919152,0.5810583125092611,8.866908333333335,1.14304889,0.2822621862093608,0.0016605059305826668
0.18432499666666669,22.361515757488842,0.585579840605246,8.560376333333332,0.9917547266666666,0.29425568381945294,0.0017384688059488666
0.4404456333333333,18.370691272538277,0.5074576911497659,8.151368533333333,1.1897320433333334,0.30326705674330395,0.0013802051544189334
0.22156171333333333,22.03788115581682,0.5741481014720828,8.139211333333334,1.13334895,0.30485776066780085,0.0
0.32474970666666664,20.431727885154306,0.5572187866686433,8.304282833333334,1.2992231833333332,0.28979316850503284,0.0
0.1816497,22.072163228148025,0.59000414693053,8.560017333333333,1.02823328,0.2784113585948944,0.0035865306854247665
0.25425783333333335,21.050855816619165,0.5564252596801031,9.847707333333334,1.2168176666666666,0.30192358295122773,0.0061531861623128
0.24772271666666668,19.49743249619519,0.48879036228542194,11.516263,0.9310874666666665,0.32160436113675434,0.0
0.25977435666666665,20.933999218776076,0.5715942555842887,8.608244333333333,1.2229601133333334,0.2766849348942438,0.003432035446166933
0.6684486966666667,18.05337812403549,0.48715744367946184,10.792145333333332,1.18616318,0.36082544426123303,0.005402565002441367
0.16133324133333332,20.625430461285763,0.5026492567554578,11.219396333333334,0.8478736133333333,0.3042279779911041,0.005491574605305934
0.488311282,19.77004592002923,0.5064482628822131,8.667673666666666,1.3933407866666665,0.3319333295027415,0.0021185874938964666
0.5384466633333332,20.409314360986148,0.5383221007499944,8.036720666666668,1.3364872600000002,0.3005342980225881,0.0043346881866455
0.9487838666666667,18.317767382376246,0.49798709278189063,8.263073,1.2212313766666665,0.36211681365966797,0.0
0.24538897533333334,20.304375998410457,0.5398475838272746,8.175745433333335,1.1253289,0.31605818867683405,0.0
0.60004223,16.831319161257827,0.4902913950675689,8.476371666666665,1.53581488,0.37475579977035517,0.0046741167704264
0.20887248,18.89551226416323,0.5225621218593226,8.771151666666666,1.1640902333333332,0.281546210249265,0.002562761306762667
0.17247451766666666,24.534237764912927,0.6604690652920406,5.330773466666667,1.0452667566666667,0.29451337456703186,0.0023256142934163335
0.2973586146666667,22.85586088720019,0.6201599029950912,5.984415833333333,1.1347085666666665,0.29660703738530475,0.0047031243642170996
0.14137641466666664,21.788296509648035,0.5972840578425778,7.678003266666667,0.9587884,0.2770602504412332,0.005384445190429633
0.30922871333333335,15.188463050703938,0.3488939456485974,34.400118,0.4801653166666667,0.6049674252669016,0.0
0.33349000666666667,25.885394555470842,0.6134276254389263,7.280837000000001,1.4860036666666667,0.29516134162743884,0.0044437249501545996
0.6454898533333333,23.06981890185558,0.6335250734680883,4.3762078,1.8613427,0.18488704661528266,0.0
0.3915800733333334,21.131069530877628,0.5506806689051343,5.065971566666666,1.1066660333333334,0.19501390059789017,0.0027953783671061
0.20643145999999998,21.516776101824775,0.5946901019505416,6.091171233333333,1.1242757866666666,0.20962536334991452,0.0034229755401611
0.14714295,22.074037245045265,0.6251624503949734,6.9019626,0.9102968866666666,0.21067243317763007,0.0032724539438883336
0.11439954333333331,22.994181376769784,0.6322854943362203,8.443865333333333,1.0205264633333333,0.22065794964631394,0.0016594727834065334
0.17872781999999998,20.4789241689916,0.6297855280786752,8.581025333333335,0.84742259,0.2415077437957128,0.0029608408610026
0.39124995999999995,18.95619605796735,0.48846304179380784,7.498244666666667,0.80502808,0.23925688862800598,0.001588503519694
0.25948684666666666,20.14350680337703,0.5569545973762621,7.253484533333332,1.2303171,0.2621682683626811,0.0062143802642822
0.4611171,16.051797588930295,0.4554875145768133,7.068020999999999,1.1808832466666666,0.3036698301633199,0.0
0.22527450666666668,17.6348165085391,0.51333767213124,7.751181833333334,0.7625811100000001,0.2803386946519215,0.0
0.13233239833333332,19.998895382246147,0.5680243070990615,7.375692566666667,0.7662793466666667,0.2540846069653829,0.002165635426839167
0.20778386666666668,18.17031863082015,0.5484306693322557,8.326378566666667,0.96371094,0.2780348112185796,0.0027905305226643665
0.21312858,18.66544207144948,0.5422544445310836,8.369333766666667,0.81098801,0.3072814345359802,0.0
0.2001544593333333,20.650031070712195,0.5476026395518909,8.284996333333334,0.7837860333333334,0.27304833630720776,0.0016880830128987332
0.19834987999999998,20.255122898053227,0.5744404308818328,8.0344109,0.88463167,0.26363488535086316,0.002128044764200833
0.16157980333333335,21.849069556836536,0.609031709875505,7.8290115,0.9266245833333334,0.2607408016920089,0.0034750302632649333
0.30840682,20.516938301468375,0.5478881394651784,7.683093033333333,1.0475220633333333,0.29015755156675965,0.005221366882324167
0.5007020966666667,18.969659262108134,0.537836119487937,6.659157666666666,1.5012673666666665,0.24705727895100904,0.0017928282419840333
0.2885838966666667,22.186138160396837,0.6071769926367572,6.752018466666667,1.2692579666666666,0.2691854486862818,0.005776961644490534
0.4477688366666666,20.197577581642758,0.5548243835929566,7.235145866666667,1.4404257999999999,0.31562202672163636,0.0008800029754638666
0.5692532066666667,21.895828135295062,0.5635729941948465,6.539814799999999,1.5420908333333336,0.305275817712148,0.0029800732930501
0.8540747466666666,18.595766871690397,0.5143577547997341,7.181868133333334,2.1146405,0.2944225668907165,0.003972927729288734
1.6773941333333333,16.703517422390387,0.44102796481198575,7.094205866666666,2.6998468333333334,0.3157960126797357,0.0053767363230387
0.5307154733333334,21.391444589327648,0.5718641521633225,6.829379566666667,1.53282649,0.2724767029285431,0.0020877520243326665
0.3928284733333333,17.761869955363817,0.4785159511187939,9.632810666666668,1.0208006,0.30948055783907563,0.006891886393229101
0.24998123000000003,17.817453872715085,0.48865459956120616,11.818668666666667,0.9769384200000001,0.326534445087115,0.0031058788299560334
0.2558326366666667,18.658488428070218,0.4820785632404159,11.383044666666665,1.0842125333333332,0.30316730340321857,0.0015530586242675666
0.3000871666666667,18.615642276557356,0.49343620086904955,9.904706666666668,1.1526555666666667,0.30698708693186444,0.0019439856211344335
0.4755145633333333,18.113880824994038,0.5025953986131935,8.426343999999999,1.5196221133333332,0.3246792058149974,0.0005835692087808999
0.22460015833333333,21.878537791531883,0.5892505981393791,7.994310833333334,1.1499747633333335,0.25555798908074695,0.005553483963012667
0.42967262,18.608461892003252,0.528451674278721,7.653665833333334,1.5206211866666666,0.3115664521853129,0.0015884240468343
0.9927581266666667,18.362493352410862,0.533471902056294,6.458531766666667,1.8709686666666665,0.352630356947581,0.0021319389343261667
0.451509618,20.573317430160916,0.5718638367112212,6.379519766666667,1.6069470333333333,0.3131625950336456,0.0018668969472249335
0.16838441933333334,22.10925592335261,0.6136238630219876,7.4387607666666655,1.1899028066666666,0.2769621262947718,0.0033740202585855997
0.16790567666666667,20.792290939794317,0.5666892683898693,8.338779566666666,1.1534799433333334,0.27652650078137714,0.0
0.38968320800000006,19.489461959052125,0.5323545444165555,7.882749333333334,1.64646702,0.29437635342280066,0.005265235900878867
0.14951751666666666,20.92087225488841,0.5873192794874884,7.997171166666667,1.10371129,0.23836096127827963,0.002921422322591133
0.23471446999999998,18.17316600162174,0.5183846806058966,8.355748166666666,1.2670895666666666,0.29025961458683014,0.0029041767120361003
0.47761777999999994,17.622409665871754,0.5019767538939047,6.823365033333334,1.6908631000000003,0.3075014551480611,0.0013720194498697668
0.4385998233333333,24.38326047937514,0.5974258379467589,6.698489566666666,1.6781955666666668,0.2965955634911855,0.0028578440348307004
0.20465347333333336,24.99881280961029,0.7087755091384672,5.931472233333333,1.3653559,0.22095350921154022,0.007480541865030867
0.1807383433333333,22.843873380730724,0.6644680682491853,6.645278033333334,1.1056819466666667,0.2338101764520009,0.004679123560587533
0.32237483333333333,19.85446996725136,0.5127303985150337,7.3458042,1.1189709333333333,0.30061846971511835,0.0024752616882323998
0.24998124866666668,19.631281718203194,0.5362173414348375,8.513642233333334,1.0628111666666669,0.26917016009489697,0.005892912546793566
0.17179442333333336,20.547230677436108,0.6164431251452444,8.548645833333333,1.1127586166666668,0.24639696379502615,0.0019962787628173668
0.27027693,19.083454340670773,0.5545933616674593,8.194733766666667,1.3449532,0.21424606939156846,0.0
0.28197222666666666,20.23531866799821,0.5532527934106508,7.119210166666666,1.1312559,0.21033083399136857,0.005591630935668899
0.25489895333333334,20.400030660668172,0.5563475382403428,7.364529466666666,1.2715071,0.27165253460407257,0.0
0.30690209,20.098181796526237,0.5844078771489926,6.252586133333334,1.4937746333333333,0.23430041472117102,0.0007041295369466
0.42916244,20.046359813644546,0.5273028205553847,6.795584866666666,1.4794359333333336,0.2601682444413503,0.0
0.4086491666666667,19.552478420708905,0.5652188457041009,5.9582353333333335,1.5516736333333334,0.23265611131985975,0.005733569463094033
0.27565238166666667,20.94180999788809,0.6052289729595229,6.405207100000001,1.4750807666666665,0.23845705389976493,0.008347511291503866
0.28257269,20.6496390999782,0.5752952376821253,6.596105866666666,1.2024957,0.25253093739350635,0.0039109388987223
0.2343193233333333,19.70842538692504,0.5678458947933986,7.577058633333333,1.3196615333333332,0.285056193669637,0.0
0.12113281233333334,21.96126055240418,0.588760430611928,8.365072766666666,1.0344192,0.3017121851444244,0.0037314891815185005
0.24114765333333332,19.002518293815026,0.5490194825393259,8.083001333333334,1.2898252666666667,0.27907648682594294,0.0018748442331949667
0.2575213,18.075788884537346,0.5050333750367356,9.261149166666666,1.2542384999999998,0.3173062801361084,0.0
0.12528241333333334,20.388341118162717,0.5774033932551034,9.194220666666666,0.9773107,0.2597413212060928,0.0047987302144368
0.17094863999999999,19.10243028603605,0.5332992710756909,9.898603333333334,0.9706303233333333,0.2839331527551015,0.0026174386342366
0.17245993666666667,19.85731726275359,0.5338979568256986,9.170840333333333,0.9980120500000002,0.3134012818336487,0.0
0.32910892333333336,19.575211177920824,0.5257257455811307,7.4014318999999995,1.1366727333333333,0.30076775948206586,0.0
0.23286034,19.67330178636824,0.5663263180598986,7.555325033333333,1.1564192333333334,0.28841643532117206,0.008700291315714467
0.28916221999999997,19.758015697516385,0.5632139673254601,6.548677433333334,1.1775494566666664,0.30254558722178143,0.0029334227244059
0.16272078666666667,20.66998238826556,0.5939413224922109,7.529329433333333,1.0423323,0.2783686916033427,0.0046861171722412
0.18883085333333335,19.82853974750216,0.5542753661429057,7.887375233333334,1.0464398,0.29791321357091266,0.0012192726135253666
0.14979307,19.04841081243443,0.5213550597002111,9.524627,0.7423786199999999,0.30132535099983215,0.0032835006713867
0.15754597133333334,19.68411651838294,0.5522643450433918,8.743721,0.7669673,0.25342676043510437,0.0
0.22037408666666666,17.715549657449525,0.518284967396177,9.584371499999998,0.8907961200000001,0.2814586013555526,0.0038990974426269336
0.13397794833333335,19.796580539049817,0.5763759250441962,8.289516666666666,0.9131815833333334,0.2424815595149994,0.0032521883646646666
0.13050998466666666,20.06199363208377,0.5750795520578392,8.519720999999999,0.8962603766666666,0.2527438849210739,0.0026891231536864996
0.23525352000000002,18.06809423661293,0.5367475399508416,8.702895,0.9924249999999999,0.2703260083993276,0.0
0.17087629333333332,30.669805024699343,0.8069432607780209,3.835710133333333,1.367292,0.18038361271222425,0.003389040629069
0.35970544,24.611971712728927,0.6101001109670352,3.534826066666667,1.2042316833333333,0.1262593617041905,0.003704388936360667
0.4560136416666667,23.13727174482932,0.5806459714439917,4.367483466666667,1.2513925899999998,0.14449559400478998,0.0062300364176432
0.2058096,23.221591251275385,0.6668172412834803,5.405763066666666,1.2289762,0.16183581948280332,0.004679282506306933
0.23950205666666666,20.085087545048253,0.562613108164428,6.672684833333332,0.9643272466666666,0.19723087549209586,0.004083236058553034
0.27171181333333333,18.99169025554593,0.4739510968400659,7.4453201,1.0532312000000001,0.19776388506094614,0.0014334519704182669
0.23480340666666666,19.863792287364898,0.5232459048137442,6.778467533333334,1.1444159666666667,0.17256100475788114,0.0012412865956624333
0.17299222133333333,21.492656422076895,0.5969721164757753,6.469798233333333,1.2939925866666666,0.13691470772027967,0.007711092631022101
0.2517339333333333,19.256685783111408,0.49343469741895113,7.218502533333333,1.2204850133333334,0.26472131411234534,0.0015168190002441335
0.12070121133333334,21.266718338685003,0.5735027898920123,6.704142766666666,1.0257689466666666,0.19081553816795346,0.006017446517944299
0.17308879200000002,19.12675540627332,0.5237598267032202,7.728545133333333,1.1293289,0.238568514585495,0.0
0.15717231,18.199381115266977,0.4550302446985061,7.892351533333333,0.9552200666666666,0.2565210362275441,0.003189325332641567
0.2917482433333333,16.37131594081427,0.44573150740674716,8.467612,1.4294811666666665,0.28954659899075824,0.0012524922688802
0.15373494333333335,17.325238152987954,0.4552745919294245,9.996505333333333,0.8189634866666666,0.3272005518277486,0.0019363562266031668
0.15342889166666668,16.877265648757657,0.4810133755536838,9.915977,0.8087860499999998,0.28199758132298786,0.0
0.13367070666666667,17.075728533651425,0.4749812302013845,10.722283666666668,0.9112767100000001,0.31824379165967304,0.006175518035888633
0.10825112533333332,18.00958728250148,0.46484452083985056,10.476255,0.6860430633333333,0.318750003973643,0.005627393722534167
0.14489669666666669,17.06857550360611,0.47564443745910157,9.890377333333333,0.7681263866666667,0.28217077255249023,0.004600048065185533
0.27832508666666667,14.89647115714728,0.4215259999465766,10.846885666666665,0.8003391999999999,0.34185491998990375,0.003920555114746067
0.19768331333333333,16.902931669601326,0.47407440458747746,10.244829333333334,1.0568669666666668,0.29904968043168384,0.0027105808258056333
0.12162628199999999,19.15830529361646,0.4928668339382973,9.981255166666665,0.92462685,0.3132125536600749,0.0
0.17649585,17.837343311881842,0.5048842740237428,9.297108666666666,0.8874086433333334,0.30503918727238966,0.007933616638183533
0.20307417333333336,17.807598570247322,0.45424139757407933,8.941393333333332,0.7044042933333333,0.3070646077394485,0.005938132603963166
0.20043235666666667,17.723472969608103,0.506616180641666,8.065089333333335,0.8128295766666667,0.2768183598915736,0.003351052602132133
0.26656615666666666,17.25500827704842,0.5065703356275719,7.8958986666666675,1.0201162666666668,0.2582690219084422,0.007368723551432266
0.28240830666666666,17.45869398636864,0.4711563394350984,8.168315499999999,0.6639560133333333,0.30230061213175446,0.0032650629679361665
0.20348256666666667,18.811043577887556,0.4994674478299082,8.3760845,0.71960357,0.26564334829648334,0.004086097081502233
0.33043895,16.69903699160831,0.44041866993932893,9.211789999999999,0.6480501666666667,0.3013331145048141,0.0026008288065592334
0.17443555333333335,18.530439897596064,0.5112521116199603,9.210713,0.8584649933333335,0.3034211496512095,0.0028835932413736665
0.20401653666666666,18.108145838030566,0.515402121295398,8.498627866666668,0.9057180166666666,0.2783634314934413,0.004152059555053667
0.19128193333333335,18.76056801532867,0.5118450832348883,8.2469039,0.9064539333333332,0.27272040645281476,0.0
0.21216758333333333,18.62824561389,0.5027200648979157,7.771310133333333,0.9905342666666668,0.2727429270744324,0.006428798039754167
0.09913659000000001,18.473037060397843,0.3960904031137222,31.808768,0.43734958,0.4908171097437541,0.007327795028686433
0.49537721333333334,23.639278031046263,0.5438953906616518,9.096229000000001,1.5019381533333334,0.3924051026503245,0.0037666956583658332
0.23515736,23.173885005356226,0.571697698832208,9.029320933333333,0.9933707066666667,0.33071450392405194,0.0
0.21736266666666668,24.677642931904003,0.6056835673062896,8.181489433333335,1.2252016666666667,0.3078915476799011,0.0025097529093424335
1.0490567166666667,20.33173563278621,0.4956751255769439,8.532142433333332,0.9924469199999999,0.3512924611568451,0.0061015288035074665
0.24140637,22.790334011584974,0.5667174713058717,8.769624,0.8415418,0.3079497913519541,0.0015806357065836333
0.6455148596666667,22.517293955696136,0.5602493940389187,8.167647133333332,1.45170818,0.3208839148283005,0.002678791681925433
0.16640229,21.416646493274893,0.5426575408968785,10.163256,0.68219961,0.3271252512931824,0.0076007843017577665
0.13433888533333335,20.423947470309464,0.5215500006932176,10.952117999999999,0.5437878466666667,0.32115299503008526,0.002403259277343733
0.10367700733333333,21.08012014021995,0.5428467089294945,11.565931,0.7364051733333334,0.3345176378885905,0.0038108030954996336
0.27448906666666667,16.874877209125497,0.44094752002384247,13.897264666666667,0.8549771833333333,0.43519659837086994,0.0
0.21850978833333334,18.365846673636383,0.4454058754659025,12.882400333333335,0.7905840566666668,0.39469600717226666,0.0013277530670166
0.11044218333333333,21.71629222869717,0.5223720558464122,11.984963666666667,0.8143357433333334,0.3053281555573146,0.0015052159627278333
0.12037086333333334,21.569547820766704,0.49859931562366255,12.026606666666666,0.788881,0.3458834985891978,0.0024639765421549335
0.08298898966666667,22.397725517506107,0.5177995810654511,12.883238666666665,0.7658784,0.309751699368159,0.003499666849772133
0.13576333,21.92949769267348,0.5493809900241905,10.598986833333333,0.9135385199999999,0.30434626837571455,0.004390557607014934
0.11087522333333333,22.787708702353214,0.5524488400856713,10.94547,0.8714959466666666,0.27178699771563214,0.003931760787963833
0.19798164,21.967144725340813,0.5381358153808398,10.408124,1.0260980666666668,0.28955792387326557,0.0018157164255777668
0.20561851166666664,22.47433511458668,0.5730194888875227,9.543013,1.2861832166666665,0.29086053868134815,0.0
0.21701022,21.718304187609423,0.5207294547955023,9.734487333333334,1.1645421,0.35757829745610553,0.006549596786498965
0.22681456500000005,22.41146403160413,0.5291591705414067,9.909199333333333,1.2598746666666667,0.3504768908023834,0.0028079350789387996
0.13097223666666669,25.53327962546672,0.597209886792628,8.073463133333334,0.84950085,0.3366045653820038,0.0061378479003906
0.5562097979999999,22.199015008636646,0.5271358933598367,7.858339466666667,1.12024482,0.39175601800282794,0.0023083686828613
1.1810301666666667,18.611910623646786,0.4568076237661581,7.554385933333333,1.965927,0.429771492878596,0.002365509668986
0.7824790666666667,18.535761790574355,0.46872376773673424,7.471638333333334,1.8985674666666668,0.40075034896532685,0.0024162133534749333
0.3227703433333333,19.95138794179933,0.46771436086987306,10.534489333333333,1.2505677466666667,0.36927250027656555,0.0033831596374511667
0.18133344799999998,20.02893756676812,0.4631050598929047,11.710294333333332,0.9351258333333333,0.34484512607256573,0.003308852513631167
0.13735380666666666,21.58546363801813,0.5140591617035261,10.487013333333332,0.7732783533333333,0.34025904536247253,0.0034189224243163997
0.17516337,20.025141635476377,0.5173023704539953,9.457072666666667,1.1419956666666666,0.3345582087834676,0.0027554829915364333
0.138023158,21.343870989313913,0.5320584883387688,9.959157333333332,1.0170500999999998,0.3025121291478475,0.0006174246470133333
0.07357736533333334,22.465344924109584,0.5258806175059441,10.769403166666669,0.8325748333333333,0.31065840522448224,0.0034125645955403335
0.112655673,20.259207716792343,0.47076712765369105,12.277133333333333,0.94402079,0.328720360994339,0.0013426144917805666
0.107835368,20.741689178754452,0.5280026305080039,11.802399166666667,0.9148800533333333,0.2873816688855489,0.0
0.08512611433333334,23.229263040772224,0.5769608161231236,10.473876333333335,0.8393886533333332,0.2679436405499776,0.0
0.19397152333333334,24.836641633333027,0.565463977628378,8.989680666666667,1.5249242666666667,0.35857729117075593,0.0026564598083495664
0.2831417766666667,23.848726309291944,0.6565232779085071,5.824492766666666,1.5011814833333332,0.23025081555048624,0.002115170160929333
0.112792127,25.896718115640294,0.7005142539423556,6.605883266666666,1.1267336333333333,0.2232869714498519,0.0
0.3070051713333333,23.27151374277119,0.6195800201297349,7.0723704666666665,1.2358747866666666,0.26171470185120893,0.0020031134287516
0.33745096333333335,20.5114367485978,0.5797360438087636,7.654350099999999,1.3727510666666667,0.2518087724844615,0.0060614744822184005
0.2805005583333333,20.506053427039777,0.561613258868548,8.597323666666666,1.2958273333333334,0.2726009339094162,0.0022609233856201003
0.3558035066666667,19.219267652325744,0.535493494472265,8.669392666666667,1.3837592,0.2885089268287022,0.0039452711741129335
0.19224933666666666,22.178129822910762,0.5863061851362249,9.042322666666667,1.1055688,0.2536326547463735,0.004376252492268833
0.36951504333333335,18.747818772869213,0.5406968384095433,7.722183333333334,1.348713,0.2601458330949147,0.003928740819295233
0.2882929633333334,20.40780179099746,0.5693760746659976,7.008727866666667,1.3422271666666667,0.25796758631865174,0.0
0.21457005500000004,22.993924079654324,0.629638291638507,6.1494539,1.2057843666666666,0.24166435996691385,0.0035709540049235
0.21042810166666667,21.479974594419904,0.6143327459234054,7.928619533333333,1.2789924000000001,0.23932746549447373,0.0042153199513753
0.16358566333333335,22.924929671823293,0.5949094326986328,7.864227766666666,0.9551486366666667,0.2490390141805013,0.0
0.8629994733333334,20.203470960131487,0.5247283173605516,7.397290533333333,1.4721484566666667,0.33303255836168927,0.005219936370849567
0.3893452533333333,19.77305568349505,0.5354164537623753,6.990533,1.2098366333333335,0.28819178044795984,0.001966396967569967
0.18461238000000002,23.095140302928368,0.6033526797642343,7.202707466666666,1.0299740333333334,0.27368134260177607,0.0053867499033609665
0.23954704000000002,21.509835893375755,0.5740503614513172,7.526519166666667,0.8674753000000001,0.2620816975831985,0.0013760725657145
0.14186788666666664,22.598153891594468,0.5855429005220211,8.613878333333334,0.813224,0.3134071131547292,0.0014549096425374335
0.26779256,19.92264675842148,0.5445004488393882,8.470228333333333,1.0986960700000001,0.3159173329671224,0.0029820601145426335
0.25251041,22.33726338856441,0.6252161090878058,6.812422833333334,1.2010472466666666,0.26463128129641206,0.0022573471069335664
0.12883326866666667,24.095801895141545,0.62171929791985,7.895184666666665,0.9342711666666667,0.2705103407303492,0.0010710557301839001
0.14429662333333335,23.24984587613933,0.5914748045633905,8.436207166666668,0.77995905,0.31232366959253943,0.0029033819834390997
0.3234817466666667,20.042173711289383,0.5631551141323192,7.731309633333333,1.08107655,0.25819581747055054,0.005232652028401667
0.3414279433333333,20.031437523972084,0.5455300868039755,8.512152433333332,1.12564701,0.2907605916261673,0.0
0.39796189333333337,20.56625949100932,0.5324081373283839,8.536547,1.2249774433333334,0.3057259072860082,0.0041106541951497
0.22991326666666667,20.953349255804554,0.5486982849369421,9.034002666666666,0.8754234866666666,0.28907312452793116,0.0
0.18664579333333334,21.189493011122625,0.5256012813966507,10.6713185,0.88095208,0.34314867854118347,0.0
0.32302913666666666,19.32331420622096,0.5271421062739237,9.210631333333332,1.1331851566666666,0.31259899834791816,0.0027670860290526997
0.41880824,21.313943402087038,0.5607671623945693,7.695924166666667,1.1786034033333332,0.2913937270641327,0.004016399383544867
0.29976163133333333,21.796834671499784,0.5528940127641461,8.055300866666666,0.9976550666666667,0.3121852179368337,0.0006911754608154001
0.24997292333333332,19.000664972444913,0.5207489262833497,9.289319,1.171841,0.3094020386536916,0.0
0.21335066333333333,23.743521907867073,0.6160132072005519,6.181914466666666,1.1744536333333333,0.3400244613488515,0.0013737678527831999
0.29343393333333334,20.82828928907524,0.5781053422166526,6.2353510000000005,1.2784007333333334,0.3072252372900645,0.005714098612467434
0.3639005,18.683280767672066,0.5321474119773231,7.044325000000001,1.2843316666666666,0.34208862980206806,0.002742369969685833
0.10522946133333333,22.942245709063062,0.6105652021250446,6.4705583,0.9355868466666667,0.28666747113068897,0.0020066897074381335
0.09223828466666667,22.421413690111162,0.5800036225717812,7.344626666666667,0.8854209133333333,0.34246676166852313,0.0016983350118001002
0.5546624733333333,23.384444898347066,0.5467271039990967,7.6737055000000005,1.2726792999999998,0.29796094695727027,0.0026965141296386333
0.31953607,23.831129379000018,0.6271364067871202,3.7291520666666664,1.2371769333333333,0.12895235915978745,0.0034565130869547334
0.24890350333333333,21.269740928126698,0.5622914462764967,4.7079028,1.1941794333333333,0.22725010166565573,0.0027233759562174335
0.20345471,20.275430051139043,0.5736622466348286,5.959483233333334,0.8849853,0.2387666006882985,0.0028415520985921
0.35024082,18.8595157045538,0.5211351203921214,6.2098428666666665,0.7419410599999999,0.18499879539012906,0.002553383509318
0.2919896033333333,18.01768594752025,0.504909896726359,7.5133576333333325,1.2400583666666667,0.23527566591898597,0.0030179023742675664
0.13134267666666666,20.268536999069635,0.6141407235451383,9.234395,1.0875625833333333,0.2315709441900253,0.0020639101664225
0.15810558,19.320892859645344,0.5688463059706466,8.944073166666668,0.9728335533333333,0.24583094815413153,0.003474632898966467
0.31461999999999996,16.36289574439228,0.48376160714074623,8.596859,1.1551365666666669,0.2960518250862757,0.0020956993103027
0.13447142666666667,19.94095009819024,0.5998601300625372,7.7692315,0.9675691133333334,0.23759138584136955,0.0041906038920084335
0.14274858466666665,18.839143758236204,0.594736313782187,8.169586133333333,1.1565098,0.30590090155601496,0.003428856531778967
0.18563171666666667,18.244495278063848,0.49661430519408506,8.051462233333334,0.8937261133333334,0.30401237805684406,0.004028320312499966
0.2062495653333333,18.896293695307346,0.5562225294128745,7.3810775,1.1163795666666667,0.3050648768742879,0.006266196568806934
0.32487781,18.070283884692348,0.5437585395784869,7.110971466666666,1.3742433333333333,0.32564911246299744,0.0041556358337402
0.27806314000000004,17.99366783615936,0.518627563344289,7.241740666666668,1.1047609,0.35407574971516925,0.004815816879272433
0.38601151333333333,16.95873844754185,0.5116125309294044,7.358032666666666,1.077458133333333,0.3510515292485555,0.005065679550170866
0.19680707333333333,18.699920057256914,0.5212173944532226,8.212214666666666,0.9002692,0.40001180768013,0.002310514450073233
0.12461785800000001,20.148874050525986,0.5549046123947576,8.215218433333332,0.7970709333333333,0.3680621385574341,0.0026392141977945663
0.15000841666666667,18.466754872732952,0.5317536724601631,8.945136,0.6584177066666667,0.3554464479287465,0.0016011397043863666
0.115738012,18.779677850610778,0.4885059294127032,10.481425333333334,0.7130911433333335,0.4189943273862203,0.004165887832641567
0.16649438333333336,17.789609574722558,0.49936362995777656,9.221564166666667,0.8339745866666667,0.37310175100962323,0.0032785733540852333
0.15275974666666667,17.652308266692618,0.4898286745815459,9.881855666666667,0.7247226800000001,0.3721450865268707,0.0024986267089843668
0.12062674666666666,17.897865660426184,0.4896832274547858,10.664112666666666,0.6482218900000001,0.41518407066663104,0.0030079682668049997
0.12515186,17.942634799210982,0.5013025519720521,9.325931666666667,0.5600151833333333,0.380794217189153,0.0005840460459391
0.18345065666666668,17.2070836330429,0.46932522691220696,10.018239666666666,0.5250332766666667,0.4272361397743225,0.0
0.11051513333333333,19.578515262742354,0.5334270275141719,9.147411666666665,0.6745352133333333,0.3774859805901845,0.0010275046030680333
0.18235998333333334,17.694498011924708,0.5192511535675395,8.288275833333332,0.8237542800000001,0.3412964840730031,0.0005832513173421
0.14812719,18.50387298325494,0.4915793423874635,8.5181721,0.67842003,0.3519108891487121,0.002331097920735667
0.10665450666666665,20.240415548095697,0.5444726015760788,8.282166333333334,0.6234430266666667,0.3617599606513977,0.0016584396362304668
0.138143742,19.415473629144515,0.5482497041373148,7.633674833333333,0.9166115666666667,0.34541913866996765,0.004730145136515267
0.21038757333333336,17.869414873581334,0.4900843224734348,7.907878966666668,0.6687892999999999,0.3679597576459248,0.0019939740498860666
0.32760669,15.928928332589408,0.4745545829001143,7.5208509,0.7879068666666665,0.3620092272758484,0.0026889642079671
0.14002312800000002,19.043034835300485,0.5516725750614656,7.768353333333333,0.6679438400000001,0.314622700214386,0.0032863616943358998
0.13320951166666667,18.69268130520788,0.5867031855536843,7.049474333333333,0.9790162666666667,0.24924900134404496,0.005921045939127599
0.7733673433333333,13.85629495107186,0.3891757902961999,18.042374,1.2718747,0.5208994547526041,0.0033408800760904665
0.5831298566666666,21.669716023523492,0.6193283119854928,5.8260865,1.9122194466666667,0.24067245920499167,0.0005849997202555334
0.5302945766666666,19.376352527345404,0.5645088902485927,6.152288866666667,1.5954352333333333,0.24490403632322946,0.004102706909179633
0.5418708766666667,20.284523099669183,0.5964247252472002,4.973434433333333,1.9273315999999998,0.18597924460967377,0.008689244588216067
0.30327159,21.159766390426174,0.6393473639619698,5.633353100000001,1.6289666333333332,0.2031765977541605,0.0027180512746174997
0.4621748066666667,18.623113444155305,0.5299834602696425,6.348111733333333,1.6573975333333333,0.2492247223854064,0.004760424296061167
0.35086398,20.019686044344553,0.5797012552304542,6.738297566666667,1.3952685666666664,0.2561696420113246,0.008820136388142866
0.6951981000000002,18.3446332367969,0.45929552958337244,5.9334888999999995,1.4134045666666666,0.2416318356990814,0.007265806198120066
0.19131961166666667,22.054620647782585,0.6278918533228262,6.421838433333334,1.1450443166666666,0.2166984677314758,0.006179650624593067
0.28503919,18.021442162763897,0.5675681108985146,6.866306333333334,1.1437451333333335,0.2554830014705658,0.0034324328104654665
0.18490096666666667,18.004180439501514,0.5555181339880394,6.825034166666666,0.8759321233333334,0.2660022477308908,0.0016917387644449667
0.21515510666666668,16.25034532049344,0.46863025300241756,7.492089666666666,0.4967144833333333,0.3154082198937734,0.0032402674357095997
0.16974268,17.40432917536764,0.5463624607416694,8.213737333333333,0.7972196666666665,0.3194945951302846,0.004666407903035467
0.1934296533333333,16.86994924172502,0.535566741288679,8.358620333333333,0.6190438366666666,0.29852258165677387,0.0012182394663492666
0.28262023333333336,16.250719732368548,0.46319840941906126,9.944040666666666,0.7436431533333333,0.38684166471163434,0.0
0.10585844133333333,20.816659992366237,0.5950704876742203,9.355123666666666,0.70218265,0.28259384632110596,0.003482182820638
0.1565103,19.71858441971821,0.5721158390083806,9.379328333333333,0.6929948233333333,0.286244014898936,0.008143424987792934
0.2763042566666667,17.90653433493155,0.5203601588882848,9.988000166666668,0.96562532,0.31936909258365626,0.003400723139444967
0.3157063566666667,19.184242475235603,0.5596522519914615,8.127247533333334,1.1726526766666667,0.27932245035966236,0.004005273183186833
0.3168988933333334,18.48816006813389,0.4962802462062959,10.269436833333334,0.913964,0.3208745022614797,0.005271037419637001
0.33341918333333337,18.823975482979453,0.4972078312550828,10.631019,0.9787554333333333,0.30875617265701294,0.0021002292633056333
0.32343635333333337,18.867209920541015,0.5015273932453902,11.728858333333333,0.9179145933333333,0.34144062797228486,0.0036181608835855997
0.3437652033333333,18.877027880679652,0.5298515659693223,9.759509333333332,1.1216430666666666,0.2842383732398351,0.0021613438924153335
0.58395591,17.39309910077682,0.484003921434848,10.537453666666666,1.1081088766666667,0.31720678011576336,0.0019185543060302667
0.26669685,20.75244120290187,0.5559193429151786,9.480959666666665,1.2094683666666668,0.31368347505728406,0.004134734471638967
0.5930009033333334,19.01370679630682,0.5085148579976453,8.825075666666667,1.5396695333333332,0.3436481753985087,0.0011764367421468
0.5458764433333334,17.864388482747,0.5007534433205447,9.084711,1.6824548333333336,0.3128262609243393,0.0
0.5223079266666666,18.56576157799181,0.5070856138468577,9.271914666666667,1.4021968433333332,0.3074302126963933,0.0018808046976725
0.39435628,18.380084490945745,0.48305907976085893,9.584590333333333,1.4405697,0.3457120756308238,0.002422968546549467
0.31041582,19.948348499678765,0.5458681763116323,9.628001666666668,1.2458297833333334,0.29702701171239215,0.005417029062906867
0.2113834933333333,20.647359385680172,0.5172308349303777,9.60817,0.8991608000000001,0.356997678677241,0.005272229512532534
0.16012590833333334,22.32651063112554,0.5801423997108216,8.2894565,1.0400600133333333,0.34130937854448956,0.0015307267506917
0.24324834866666667,22.058182721047302,0.5558374365974342,8.330419333333333,1.03406825,0.3374551733334859,0.003802776336669867
0.3240198966666667,21.901647246943103,0.5580425156387411,8.039694333333335,0.9910171666666666,0.31654126445452374,0.0012982686360677
0.19942293333333336,21.57460428958326,0.5458052224243134,8.4206901,0.9933575133333333,0.33776331941286725,0.009449879328409799
0.1812680933333333,21.063797368323648,0.5417564387146506,8.537200666666667,1.0711840333333333,0.3434189160664876,0.0011014143625895
0.7574928366666667,19.20074293557872,0.5184063532536564,7.7908772,1.3419676333333335,0.39701298872629803,0.0016299088795979667
0.4881724333333333,17.468055680545863,0.5168219011854921,7.327963433333333,1.7757381133333334,0.3114575644334157,0.0021413962046305333
0.17042610533333333,20.279161460786824,0.5125813662775939,10.148817666666668,1.1065059666666668,0.30903658270835876,0.004875818888346334
0.4078558713333333,23.608704205852778,0.5330945030981026,9.079604999999999,1.2498952799999998,0.34532081087430316,0.0033316612243651997
0.6433978300000001,20.608028686042207,0.5675638431433002,5.113357199999999,1.6666595533333333,0.24919832746187845,0.0006167093912760334
0.34711515,23.455875987256764,0.6269987156196962,4.835870133333334,1.3940824666666665,0.21965767443180084,0.008215268452962167
0.37749528,22.31111037205224,0.611048772940124,5.568197299999999,1.3102425999999998,0.2165465255578359,0.0069052378336588
0.4283771599999999,22.07485024251065,0.6039663927639162,6.065032433333333,1.4521933666666664,0.24867566426595047,0.0008377234141031666
0.1813057286666667,25.118930580554196,0.6503198454874594,6.853283666666667,1.0786499833333332,0.25534763435522717,0.0026957988739013668
0.23935352333333335,23.03067021426419,0.6082160284621537,8.262477033333333,0.98990375,0.2586661179860433,0.0065372784932454
0.29377392333333335,22.98564475697378,0.6078692825964729,8.407056233333334,1.2727156133333333,0.29493866860866547,0.0013484954833984334
0.3725952666666667,19.726451413832905,0.5219453846564643,9.433061666666667,0.9895468333333334,0.32693708936373395,0.006471157073974533
0.16912298,19.774313756145204,0.541003332621498,9.971919999999999,0.7864769033333333,0.29554041226704914,0.0023162364959716667
0.24988971333333332,18.502756260071823,0.515081833962734,9.325166666666668,0.8024497466666666,0.29705923795700073,0.006831089655558234
0.18199217,20.575860502239237,0.5335239020609697,9.345735,0.86332588,0.3126091659069061,0.004405180613199834
0.16047438333333333,21.91481270808183,0.586664337323498,9.026107000000001,0.8186797333333334,0.2630704542001088,0.0030609766642252334
0.19649775333333333,20.903344956310836,0.5605742111541764,8.809458833333332,0.83552084,0.2741197894016902,0.006387710571289
0.2401746966666667,21.808252720900573,0.5759590303872675,8.5842997,0.8546022999999999,0.2921614050865173,0.003247737884521467
0.16915125333333333,23.828355393245584,0.6169181995327369,8.222299999999999,0.8739403499999999,0.2752407838900884,0.005827506383260034
0.20890999533333335,23.80798937790816,0.6173616158890426,7.966602800000001,1.1570321666666665,0.2723008145888646,0.006429354349772099
0.15696833000000002,23.220170802412525,0.6177748276822241,8.425097966666668,1.1281317,0.25770027935504913,0.006405274073282834
0.2554853066666667,21.83508808810632,0.5861690169249398,8.1277852,1.325562,0.29859104752540583,0.0031765302022297667
0.29282141,20.54524701583607,0.5475489602021151,9.452943333333332,1.1684278,0.32606377204259235,0.0029021104176839003
0.3892580833333333,21.2514762072136,0.534222741460214,9.479047333333334,1.2093015233333333,0.3452475269635518,0.0019129912058512331
0.46321816666666665,20.438658361106153,0.5407846175462149,7.916653366666666,1.577499566666667,0.34031447768211365,0.004009405771891233
0.59899699,20.33870831444699,0.5158471986870765,7.6135723,1.4276811,0.3763155440489451,0.0058430035909016334
1.7932549700000002,17.755764473632798,0.41146911193752783,7.488474666666666,1.4141575666666668,0.40016745527585346,0.005450010299682566
0.25811693333333335,19.914862293843044,0.46082778933102775,11.670656666666666,1.2568154333333335,0.42148053646087646,0.0018401940663655334
0.31452357466666664,20.15293387610073,0.4931127539213724,11.373431666666667,1.0209926000000002,0.3939450681209564,0.004318078358968067
0.21994802666666669,22.281088696597593,0.5322117408657906,9.237662,1.1975413833333333,0.3688886562983195,0.0028035640716552335
0.28444330333333334,21.563613269148846,0.5442317282089714,8.536941333333333,1.3424533,0.32272196809450787,0.0036153793334960664
0.25543805666666664,22.404482811227634,0.5683018240383703,8.1098447,1.4610162333333332,0.3298704922199249,0.006146907806396466
0.08035425466666667,24.67729309678492,0.5714754294604356,9.241919666666666,0.9607017,0.3303174575169881,0.004683732986450167
0.18808605666666667,21.666664797831874,0.5535285506313782,8.363438333333333,1.3652459,0.37930675347646076,0.0067690213521321005
0.18345451166666668,25.0121386358369,0.6358240925570379,6.483473233333332,1.0262621766666669,0.3197563091913859,0.0037282307942707663
0.15997088533333334,23.212213111551957,0.5644798862568722,8.398563000000001,1.2580884833333332,0.3653897245724995,0.0041422049204508
0.12852484666666666,22.774124093602925,0.5704694909185495,8.666081333333333,0.7758776133333334,0.3780505359172821,0.002168655395507767
0.12399911666666667,17.44839852288692,0.36973183063691056,34.79615633333333,0.4233753533333333,0.6040048897266388,0.0010618368784586333
0.40718846,17.243927587418508,0.4093577894859271,16.778172666666666,1.00587109,0.5650648077329,0.0049648284912109
0.35803305333333335,20.0138007415308,0.44296167733264263,14.479204333333334,0.8532156266666666,0.48375970125198364,0.004517714182535767
0.17556728999999996,23.051790940874525,0.5035752992880695,11.086764333333333,1.23004168,0.3987285892168681,0.0066589514414469
0.3890941633333333,18.413447928833573,0.44322097844176817,12.752438333333332,1.1232912333333334,0.46404264370600384,0.0021046797434488666
0.60067412,17.73830941119866,0.46724700184640294,10.289963833333333,1.9281974333333334,0.3768288145462672,0.0018074512481689
0.17050983333333333,24.094564448417774,0.5664862869607639,9.479849333333332,0.9610891199999999,0.31631358961264294,0.0031338532765706
0.25405453333333333,21.19405590886028,0.5342229170666853,8.883808666666665,1.1111609333333334,0.3338442842165629,0.0012648900349934665
0.26108728866666664,20.42706889342769,0.5240877973507548,9.190292333333334,1.0012539666666667,0.3495919605096181,0.0033400058746337336
0.3168393366666667,19.64309202499245,0.5132681882251123,9.140039666666667,1.2529469,0.35670140385627747,0.002469937006632433
0.18618474666666665,21.823592904143535,0.5551154902681071,9.485836333333333,1.15208272,0.31135426958401996,0.004420518875122033
0.14950042866666668,21.72318001331006,0.5277825065376279,10.403818333333332,0.8075690566666666,0.32713138063748676,0.003032763799031533
0.12007855666666667,22.467625778827514,0.5497427609003047,9.716785,0.8795644466666666,0.3438327113787332,0.0038440227508544666
0.312012275,20.067993402028424,0.5116603369987996,9.574114333333334,0.9676797333333332,0.39458003640174866,0.0033713181813557667
0.26709066000000004,19.976587014998305,0.504385629263191,9.666961666666667,0.9641920166666668,0.3499167064825694,0.004685401916503867
0.330969569,19.31132279000797,0.46711212834458743,12.303157166666667,0.7716103166666667,0.3757406771183014,0.003997246424357067
0.10288910666666667,23.827141834186033,0.5509336176506135,10.46217,0.9029418333333333,0.32934977610905963,0.00160813331604
0.15662969999999998,21.339114766206063,0.5022291924305643,11.716516166666667,0.9461332866666666,0.3122962713241577,0.0013871987660725666
0.39273407666666665,20.229537099070473,0.5191056479292114,8.714898666666668,1.4817371566666668,0.368834192554156,0.0017847220102945665
0.19417092,22.922830943987435,0.557186989987906,8.920783666666665,1.0510048166666668,0.3000309566656748,0.0023647944132486665
0.34865975,20.457011224248223,0.495676999152243,10.788714333333333,1.20384465,0.3812745114167531,0.002291123072306267
0.26269209,20.459615413484247,0.51853286743155,10.334511000000001,1.0749820333333333,0.3353774646917979,0.006687482198079367
0.65581356,19.000271145280276,0.46926758151956594,10.087492,0.8994544566666667,0.3670314649740854,0.0030001799265543003
0.2628723846666667,23.300882012732473,0.553248516615403,8.470144,1.0143103666666666,0.314131240049998,0.0013676484425862332
0.18188144999999997,23.50380899412342,0.5717321535260088,8.211036,1.1263533000000001,0.29079247017701465,0.0036447048187255664
0.205941638,22.38501933460942,0.5114239479519879,9.876085333333334,1.1218599999999999,0.35151102145512897,0.0015249252319335666
0.15776626233333332,21.85054021078332,0.5216453437339253,10.278584,1.0283702833333332,0.3514830569426219,0.0012531280517578001
0.17321243666666666,21.62260961109526,0.5015478536621575,10.215601,1.0213763,0.37637896339098603,0.003343343734741167
0.23818045466666668,22.083067016993585,0.5294522539204172,8.806113999999999,0.9967155866666667,0.3549980918566386,0.003432750701904267
0.16450553666666667,19.939877289854827,0.4785684858125617,10.805525000000001,0.9486597666666666,0.3760263522466023,0.0011688073476155334
