Classical,Early DL,Physics DL,Adv DL
25.27579281022035,25.15141281268251,25.62936579570533,20.52967551955021
26.903386006973992,24.18480550878637,20.473431704857845,19.77256885621285
28.45838629113113,21.846096503585795,18.703084397764403,17.8948672341397
27.168439358725724,20.82401370830441,20.60668587789537,17.97115979825816
25.934829493938697,20.84171961860477,20.212446335932125,14.423315828836158
25.81783435579125,20.589140165229512,19.436216706621952,16.762385839054932
24.92629170199144,18.98454842677474,18.04850324949071,14.837387508803204
25.331300796044847,18.36295098625592,19.20347277788808,15.803321441652502
25.61789065799015,20.14826077647634,21.33046144002573,13.065613473671746
25.57152065184698,22.34889574459291,16.65621897469662,17.261065560537997
25.2371442104359,20.12642525508148,18.85939083804008,17.183105938832195
24.86473212712969,19.836847227070795,20.52499365960652,18.38538270317896
24.818669988451948,18.86252684067806,18.085151455574238,16.713744616658847
24.67203531866547,18.76669468721097,18.29253984952448,16.554465751705845
24.22626793384768,19.42854820514458,16.59703263910634,16.405687517298205
24.05922433819676,21.131838554411367,17.188953945544984,16.072506993827137
23.306136294504224,19.238997191826854,18.076643133076644,16.74664315049482
23.70385741116875,18.058811924596306,16.548612347872695,15.513710987335688
23.03309720276643,18.74298493678577,17.680043810121305,16.098270276935242
20.146581597431645,18.822232554869945,17.53686620367056,15.851418945999106
22.802709407320307,21.113917453910357,18.734306056869634,18.07791578624492
23.72486068499541,20.700748925238685,18.39042003514925,14.460800222877852
23.961403089931093,19.229630130680302,17.380876735175868,16.000155611641933
23.71734434511936,19.185370839569035,16.49093533898914,15.498098989503635
23.532165643877374,18.83353070766716,16.798188196117774,14.921537886682884
22.881136557980327,17.878252935679644,18.08095754720067,14.080426528003278
23.53836737524678,18.06451512806895,17.658359753076727,13.317624609552205
23.28418317078201,19.25872034384568,18.155306654588856,18.22638052111233
24.17222212986157,22.844234749093207,18.27865172922112,15.21114536918292
25.532753102722467,18.137957390277418,19.313170356504116,13.762674713168527
25.34615226207231,19.942605844947167,19.465975310025424,15.999051132988894
25.47553286599222,18.27874415599932,19.74624805292463,15.89246187455722
25.62204908942748,19.139025251220385,20.17205231735601,14.641693223068472
27.27777158283557,19.354778791852265,18.503219756503643,15.094410168092756
27.73705852802931,18.77898488096265,17.499503497452555,18.40857995974558
28.10198315060521,19.495335756810963,15.964463267973684,17.310804783810983
17.129431364440624,25.47073109232172,24.12496111811684,21.44547389674501
20.578835943143968,23.32662740447351,21.798961317137028,19.19954617949417
19.20228938119361,21.11863036426149,24.528984024029672,19.149480123729717
18.97959792695349,23.32474249751345,25.63946539343634,13.995117848042725
18.09173119052465,24.02002419578192,24.50468481156336,19.78093169223467
17.29471576412555,23.43843902622468,23.25289078573836,17.25957353341759
19.428309512483512,24.84921694843761,22.56837502704649,13.95614484692112
19.034040976639083,22.12744784238508,23.410688346138787,18.02818585801835
19.681715224222824,22.4581126357841,22.531285403087164,19.67617958673368
20.807787585725865,21.323978204365464,22.325019472981364,16.397820033869227
22.38490043606381,24.11165446420705,24.29463246980276,19.712208463322117
22.47306820334449,24.64476875221056,23.19375273765191,20.73092101655337
22.38067645994873,26.330868236045006,23.910047598631326,16.700343762895873
23.10810381492505,22.979236730885564,21.74666459011796,20.882269216278647
24.89296916302332,25.49292703464664,23.522363142492058,18.58606863870564
23.418663112953467,25.08147227944362,24.623337496783325,17.33933293307334
23.38271288953029,27.787140665867067,24.399747243946692,18.25143547284681
22.85844029478492,25.784026608383492,25.159791049076308,17.342699616818383
23.93181444431175,23.237103523433507,22.39230981937541,20.449488492083
21.207195633461964,23.008608327114484,24.477599902838158,15.44181491265613
20.131101690834004,24.37062706183964,22.865653071428984,13.810210314291531
20.40194083818496,26.48846344040341,23.853232535436536,17.114931935316616
20.255195141310114,22.56344725101272,23.263007359002287,18.19294551317492
22.17722776807596,24.989574264400748,25.308871708215893,17.07223742596844
18.571356287607465,23.065030349043585,23.2049409273992,17.8152412254455
19.05891667800618,21.382322801323955,21.479278426895267,11.850703789486795
20.4503879689839,25.246576830949124,23.57264140838108,15.921017280537484
21.086340324820245,25.646681691596644,21.027577104960383,19.7090132741063
21.4380860782812,27.749343245391252,26.239908278851644,18.630968609719982
20.346636085184507,27.76057095583753,25.157002620724658,19.324231445915697
20.90467729119777,27.103041955234147,25.510439810763085,19.032746048606164
20.93612389068191,28.086647023046584,25.397574233973785,17.168922407883795
22.35208619166419,26.19247992410344,24.073933618575484,16.85831558880515
20.607769520122023,26.20702108538939,23.456753733329084,19.741732820954784
21.310949488404635,25.607254666318187,23.956474448220348,14.481295830463806
23.252777599867,23.564563278658994,24.435151341070867,22.85350368790249
19.44600134988927,26.495707019230668,25.52596422615824,21.73352568263407
25.30131822794029,25.34995294157842,23.874957342242958,21.077354412461485
27.48470065943195,21.236147984855457,21.174352464972312,16.028896701851313
26.997969560694344,20.7307667857838,17.825621436417332,17.69604053998582
25.8069089429232,19.89876263738353,18.2122450741324,17.781656133959903
26.89089842486996,18.68633727290558,18.98389125982064,16.488306275953544
27.069702361020045,20.43116214384964,17.013978187462865,16.2084367926831
27.670297155518696,19.3050771118511,16.47740643416675,16.891449889513428
28.42424045722788,20.639529865821817,20.332844950358677,14.936058902549396
28.49386558348357,18.63893947989833,19.29868812524937,15.984564966497352
28.288490441582564,18.538059349114324,17.648477475764597,17.59272807920507
28.31075192269529,19.886465017132224,18.71297466975665,12.700311722095677
28.40548297010885,20.201638562166448,19.98871676689425,17.441948653910867
28.27851142771821,21.272011626909023,21.78312916765704,13.950794340796648
27.15918731940352,21.322246082309416,19.78681498570425,16.365570336452
27.167475104891384,21.24962192656511,20.5150853158843,17.32768479983132
27.47473604889515,19.8235881055331,20.45667872152273,13.456652029836642
27.3808352495833,21.328383987073025,17.468848916372576,15.971573298327362
27.514172902873053,24.04851877694291,19.364679547674125,15.672056301764194
27.274568994941493,20.963956856316944,17.642894478839434,17.37175287095128
26.72116570697241,22.756667828395702,18.31196108379245,15.77114742184132
26.124167832414965,16.706734920011144,16.905250163223187,17.723508509873408
25.325628618656093,20.34528798448001,17.69405596832611,17.591064026704558
25.07122251806381,21.976986593296186,16.42263855105347,15.261025697536908
24.842128395567677,22.43452339573466,20.753814869591007,17.45713227355809
24.571410202233896,22.46984607713618,19.21284572084503,14.468161554009988
24.336089063575734,22.522775546799902,20.610222875976337,16.188730209629203
25.18683296411096,20.830923952364746,19.393410476575188,16.748035822919306
25.40337751779808,20.46695879919432,19.794700437870983,16.874879046165784
24.611129966505032,22.324948268689297,19.970816741260027,17.167079752157864
23.886813715288483,20.80214906463289,16.88129327573076,13.726588421728598
23.91583541226972,19.11249539829669,16.851494341668058,13.273215854659446
24.249820312656805,18.966495324491092,18.15299854994232,15.33375854415234
24.627938192164127,20.22642189414973,17.243758076336505,14.810244984493218
23.555350044577,19.725015152889927,17.883014207230286,15.516028717438196
21.690435963020978,24.799374514349537,22.009295376388952,18.104519557537472
19.85969006979201,22.19953564955981,21.2413964473912,18.388933968182474
20.87829423457426,21.98397450573761,23.071787989624813,20.582374093586232
22.446110271284017,22.550689070288342,23.56119702718192,19.168459259728493
22.495352329271583,23.230242697452272,20.721125770124512,14.54758344844906
23.05503715326428,20.36596136812264,21.430486154507538,19.964366670429055
21.20988675689865,23.662475357287544,23.44749200380538,18.62979940091331
24.57050025700651,20.832325644212823,21.160688464298293,19.27847656313712
25.243141207434302,20.485346188620323,18.74021940917227,17.274379497160606
24.72445276418252,21.13893163649629,19.868524406163782,19.660350687988565
24.44443602080841,24.07373864584297,19.36090985486379,16.03895721470466
24.43526428388721,22.096145439757237,22.05630127918846,20.585025904752783
25.048903632057584,22.862203991775576,19.53192287056243,15.93591284170816
24.725089606844364,21.144323112180462,21.838743667661813,16.11557777784465
24.76027510186885,21.053993773026647,21.00759213984173,19.53893616191462
24.697573490251216,21.78129118122304,21.372176288686145,18.472348218026216
24.439290870075165,20.80297572294086,21.82006611949014,17.169506647367673
23.968571183406738,21.171542485306613,22.29901735408737,19.77453757597449
23.02424877198777,22.79032876341758,22.047208736170774,21.474039043966005
22.08604249336833,23.16533927008308,21.027270096915128,21.854935740077053
19.808279458058283,22.02348885365056,21.603486511871814,18.987267431509213
21.03557354420349,20.85299461744836,21.51221266034825,18.433642501939293
22.030133468465102,21.061981035993607,18.471075563267096,15.14132092827358
24.960371168462967,22.51821078439781,18.916299743662574,16.064136798668812
19.583593726173056,22.794466815004345,22.77145806574812,15.51488994676592
22.337659182969208,21.85409985309538,22.021016413107688,18.13606458147865
21.537860631448467,20.548501910740864,16.020301697532688,17.539129233996693
20.678731209625116,22.808701240450947,19.417793874514768,17.048859149144448
18.57564233485253,22.05233950612725,17.78752996954098,19.095303804052826
19.45613854205161,22.83971928113974,16.97924283037129,17.268024691719678
17.60163000653807,22.78701874571023,18.53172001591136,16.3615265977288
17.80430621376392,25.434017319120432,21.2161765476574,17.412850590230708
18.519323901770104,26.20716053264321,21.89957492593851,15.32790855178331
19.296461871289083,21.800240578168214,19.20634341298562,17.513203556299356
20.04315562300349,22.598334049831703,21.04672824298363,16.66396322185763
18.369324334780487,21.15331783754339,19.991906495549635,15.798206107137688
20.3268596689441,22.77734552967148,20.363202493078177,19.529450622496984
20.659301256395043,23.73324188314135,21.854216233262378,21.29731107506728
20.861186864360636,22.39636970527364,22.21345541229032,19.281059696033747
21.891739075386937,22.050622282064356,20.36936028744285,14.498904766307785
21.64613387725504,19.746163319966424,22.31635894280639,13.14412336213364
20.207073423994466,21.694423289414264,23.30530501052125,13.322131544416708
18.801012290973365,22.765725474975707,27.821551727765357,22.36541792294601
23.48157178369576,22.8044142031259,21.123799637070057,13.70247541941476
23.98473659346219,20.11555566108132,22.19008557094374,20.101547635341763
25.412310321086284,18.565329849183087,21.33451221833188,13.912236219466264
26.26377778779074,19.99116238033436,21.73716235800619,17.19906068429849
25.81153670695516,19.739652819354408,18.59246038719026,16.689582790421095
25.272418429577744,20.054102285659763,17.19115972267574,15.646541295014018
24.33239575671737,19.28359760515029,17.891205699768232,17.08926399105933
25.69440137063574,18.618480716789826,18.1685850751912,15.343033762976503
24.6187662403991,20.31933449300273,19.15722873609981,16.90750428101403
24.57570879422343,19.080948566589345,18.65240142468109,16.76564983510597
22.44052348810089,19.7585102499952,18.6423546374254,16.522064209601428
22.81792246850458,20.570164506844275,18.276856980930777,14.3895984511144
22.695358472198453,17.791874557541238,18.84959252952522,14.243261199417
23.790231531478355,18.117901425280067,18.102540731165785,13.906660388628884
22.357111635913103,17.44645744235602,17.431847333184052,13.277443290343184
21.391648055724676,20.13542198460889,17.810695317245365,16.653789555233928
20.91515846581765,18.15001178755971,17.92273927941747,13.48514141857521
19.144835241365456,19.047506093382776,17.79597619091939,12.910102492302642
21.030018319293266,19.25605590944784,19.15816915955909,17.349289773470378
20.091999292610456,19.742207817476537,18.25830876935276,16.078801904871106
20.5822105047905,19.224957600485627,19.16025755653915,16.96957172484358
21.56583295841894,19.180993622814416,16.535225632585295,12.157885641874865
22.51710012073701,19.268523084012653,17.622693179767996,14.358511454322402
22.777045018917875,17.91442387015071,17.432493369981618,15.554774671070613
22.71427590890981,19.640114053838293,16.938316237703827,15.349239946593425
22.83573334153504,19.178288490839524,17.289333190706305,17.435101040832258
22.428694711874623,18.49268933714648,17.069257320504857,17.397930269589736
21.97500253353916,20.43481334579467,15.27181144171144,17.894971284718768
20.86635684839469,20.13602683556195,17.618906563209837,16.786959792281113
19.881754083330613,19.506388627485475,18.48071139668853,16.504363136729307
19.556618267818298,20.95567171237708,17.982119458853536,13.549869845026125
22.95055132758092,20.33669903507258,16.252079400071633,17.929680352929918
23.25464714784172,21.14622762280877,17.82007354437111,14.127038070154962
23.38732013556162,22.13217955472585,19.044921200550984,14.793689733539212
24.150334018773023,21.670508132693037,19.020182130387397,18.514344258520328
23.38508396287263,20.36078053420108,17.234209068620487,15.303614501279084
23.179011259273125,20.070469100803358,16.14608926538754,14.956133830364267
16.061609018732604,17.185998559793763,14.647265894632858,16.584738895876097
13.590877191362456,21.948554678753613,17.411999814994772,22.218799852802352
15.576439182775024,23.40309946975115,17.397408703034145,23.78309350167876
17.2070091967814,25.65490428064821,21.908154290006348,18.798900392484423
18.036739764922576,20.823104329020524,19.69841882594052,19.602149192681413
19.28519056815753,24.36961163935653,22.396107137395564,15.821203668745772
19.391715485291236,26.185450891877185,26.029291743543524,20.43876356010163
20.72090456948335,25.38272927176909,23.694958422515665,13.256299086468834
22.23156507311033,24.724054512039515,21.340934892262823,19.70153335371779
23.26667737731138,22.993827315447973,21.56631817744044,18.69064436083936
23.86864461901473,22.515001334740493,22.690148508254563,16.709009145155438
24.079899336738507,23.09128263193178,20.664579269885227,18.962461411118184
24.062954184214394,25.554055493601936,23.76896074638301,17.376863039975586
24.572565039027086,23.139601533665477,24.17522596507725,17.136769891892026
23.7143396290046,25.04190873993516,23.416002918615163,18.94834630379781
22.911433200185684,26.472885694317085,24.56531513385272,21.666850604895
23.70240566705559,25.307919749531592,20.822814365338917,20.65246142170597
24.433591507774725,23.47197378533076,23.238939494532417,19.23777380647198
23.88958862158557,24.42717721500785,23.829419987476783,17.472078139016446
23.41123275333281,25.0256464020572,21.85966455482904,20.721697310241453
23.47138986353961,22.597576265236203,23.293525475385398,16.002118089880927
23.413808447887003,22.79895600740665,22.15849200810612,19.70910604563872
20.917066219756908,23.920927920854407,22.822555788311387,17.344772174852125
22.4824355662536,22.51513250960763,21.221223236072717,16.780626671269328
23.1775563282682,21.16196432814397,20.01683196356251,19.312363739540576
23.0720561430406,23.137431867408207,20.333907247773517,13.326673975504546
21.79753858742643,21.474912049409728,19.65238775737392,14.400372771978237
19.66120290934325,23.73321430706117,20.40089409615683,15.573834653840391
20.019428696809303,21.49707465589409,20.38384304241489,17.790673087416035
21.42948655038614,20.59058829027564,18.70021126395092,17.81638560569726
22.134255271584337,22.46466283209152,21.26034048297331,19.547602332978908
22.59689815251609,20.809378450854823,16.186953125458277,15.19004798095529
23.345880578016654,18.88839066253377,20.50475190033359,16.09353088010132
22.666205895486844,21.49991197110561,22.46426587474389,16.015764288584524
25.05503227535669,23.331314404282995,21.406561215915698,15.869667068499696
26.156728159317936,22.54867132232907,19.453454279984644,13.369200084924303
26.423398149652268,21.79277401258409,21.247809556584286,15.765479191118066
26.67502057586749,21.19596507692544,16.831317607313675,18.65915360460405
13.949321389019165,16.206409479930347,15.462650552901636,18.99799045278213
16.390642659917877,22.492734859268595,22.859914812654385,18.57327161475588
16.540827910750817,23.05758678833475,23.94528906853705,16.99789239002857
17.099510932137793,22.870547971028824,19.23276138916577,21.6362212856999
17.601297898102512,24.879204651043317,20.10446612658385,23.40852394484067
17.243645469990025,23.548959450347795,24.008705579904035,19.90525773897849
17.797087942443813,25.684838061246086,23.487523081080464,17.642521482993015
18.33419289751968,25.06991277309613,22.95143614727645,17.62311726547212
17.782744593305686,24.63589198893096,21.60457954434456,19.64412789354168
17.15213142349354,22.72232150127913,19.87422881336826,17.16705363437856
18.17450847528146,21.78852091787584,20.408932633157185,19.26878919446481
19.09096529545096,23.17271547811743,22.531042691889,17.376700691254868
19.27645760928458,26.83039876226142,26.815474984446727,14.33815002720997
19.07297871205358,23.03715959257416,24.432010899533072,19.212826744036605
18.676292661815083,25.25525575568841,22.024293676767865,15.694842910678362
18.94062170427733,24.2178036902012,22.21145652234472,18.072747900105018
19.022699843715092,21.15304722912116,20.42152456339297,17.59284355127732
18.9026734862654,20.50003156545432,21.0827487758636,18.584122066089236
20.34526860615812,23.021601120970757,22.60105781547592,17.78949183699864
22.1305957090702,21.37210384396096,20.25652186115118,18.600545451899645
24.787652812439145,21.848548518864405,21.34999984184398,17.3006228987666
24.437422818113987,21.669741620858137,21.3804381979214,20.26022842386823
25.978208547659875,22.910180551517723,23.00073603329452,21.106286937331863
26.81756889711888,23.10521086249386,21.98236514378552,18.570175356965223
26.010964022286164,19.817350077086868,23.421168689961977,17.796258558417335
26.672223551732458,23.786352521032565,24.04885243878834,17.615251932157385
25.724223325604004,20.96554724831805,21.08139122606902,19.869151985114765
25.180469434256317,23.069747929160183,22.14494332963756,20.598706411198677
24.682633740461963,21.96313838869521,22.560141879531443,20.193420442962303
24.268714547146576,22.773718505013765,22.165058581283272,21.556696311426677
23.55766834907524,22.028580589044115,21.18307830613673,17.36125902257699
24.62870744300425,22.60960153040033,22.365498441066432,18.455226425370306
22.632554136199968,20.913920363306524,22.27011700247496,16.686124918872064
28.003287544992315,21.373855641697865,21.21544181021416,18.790037503879137
28.337750970600563,17.821468773004778,21.192659738338943,17.961063844927438
27.23324217171258,19.74911972587857,20.360050296559308,16.21695029748497
27.406029434301047,18.576456147373555,20.719910535090865,18.142862989773004
27.42902986054015,22.5383426027349,19.059034209173166,15.065526574426556
27.2685896369977,19.6689633582226,18.762984227745537,17.339028364576922
26.848948771921982,19.843374598669296,17.150431069511693,17.52059532044462
26.80074682262465,19.23178936857485,17.69980901270717,17.61868543776968
26.0494795343498,20.11318286321553,20.20349817647677,15.154482240921602
26.385032230099643,20.040289436891005,19.751565530419025,16.947969511609866
26.0977355077422,19.24920328964581,18.55680433071665,16.038362742642075
25.37965686621133,20.159425550738323,18.458074930029,17.726515671495324
25.35314907186884,18.39963436449399,17.818111112718473,17.758043033700922
25.359428773287437,21.22021686943716,18.48355413473867,15.161616790282835
26.04862568942789,19.243082619324465,19.26938740399996,17.125350832971797
26.06361158464333,19.55681781450104,19.22031396537163,17.047916551750188
25.611794301752575,19.88352923017896,17.272006463037883,17.265406241721944
26.06125205096171,20.654111356292844,19.455221535387324,16.70060900108253
26.2393723698293,20.346018863235,17.94343486652326,14.640025894436738
26.51950843503821,20.075907992686933,20.001636893332847,13.265347406373465
26.604771076698977,18.91055755178644,17.757808622168756,16.622240434215865
25.673560707565883,20.88495942972453,16.402025573406576,16.130696302157176
22.76800541371975,22.14005264080497,19.225857761749808,15.00825577517646
23.643671972284427,19.897963657529093,16.690233409306135,15.15299459101616
23.489765692596247,20.874457573507325,16.962676323687905,18.15270465784296
23.56333582669048,21.236521101736617,17.491000957754835,13.804294311963696
22.41111367336333,20.488048154691157,18.0777107332184,15.424958919729113
22.018349123702293,19.198393751821467,16.493118145850794,17.370735718479775
21.643618187068096,19.870488669659785,17.145774477553864,16.644262792692633
20.28077821083023,19.81353382825068,17.035255197436992,14.154643217151255
22.383181754678763,19.630298640311956,18.303357562916656,13.585877955389362
23.309168415203384,20.73307094703046,18.50028414760444,14.380013319450052
24.1404424274472,21.770528879108607,20.419609142504108,16.12676445115588
23.8917299495757,21.943127589227505,17.997214648607258,14.542218527344865
23.774598703655503,17.543728857788146,21.29711048220257,16.170500686506482
24.23311536168548,19.741140555777,17.800467721502702,15.219116408954813
24.968020895475856,20.03500839627773,20.74968609610577,11.93640426715569
24.9085639000886,19.924771553975702,18.84566278870808,15.67858628434791
25.390704762065848,21.420256674487877,18.302600818642755,15.47028922930319
18.099771372603996,25.152884881552897,21.448784954081045,20.07537226625497
19.72662584750881,23.83612083519006,26.211726606869277,19.593174539791125
19.863088481771047,23.553715228147546,26.817240765874107,21.14580131029078
22.330605200244992,25.839601498308657,27.42643511057077,22.45941609527729
22.666354629980415,26.303359602080253,25.24133672734753,19.869374645827936
22.56681180049176,24.744711618136524,22.137619656438023,14.212981129631066
24.14455313556608,21.886581814965165,23.48370404585023,19.47589874101484
23.259223741145597,21.99524460101122,22.87848046309715,19.79990605611289
24.41010153284191,20.804171504495013,20.74338037646415,18.16261836777143
24.777374642885533,21.43939446275434,22.683932270282725,18.36057481161564
25.181034773255863,21.182451796693517,21.884451560174917,20.23736129460572
25.231786456082904,24.82803903168504,20.477411684819348,20.331418863031463
24.983565234077123,22.56195185775015,21.711578490967124,18.84978330942798
23.76229822079557,21.91352765423541,21.298486410955864,17.619241731897258
22.99847038084265,22.094545921177883,21.04970332358806,16.46773583118147
22.98475660937584,22.073025038735647,22.51700727011367,18.366805089448235
20.951340936310345,23.83860044740948,22.740582795053275,13.286084005669094
20.56892711891087,21.693448583130543,20.47199627166471,17.077607210529994
19.66705480178572,24.136940266995637,18.026913474892098,12.664173980168664
18.507023267831045,23.521026428417755,20.01986675298045,13.351056886787452
19.78265599034061,22.408010503742545,20.260846314624803,12.840550381099709
20.510067082853293,22.04649574616506,20.918564643651493,15.540964103791984
19.944231554327803,19.69777026302415,19.227432675918102,15.27412208474938
21.750735478724625,20.138640711767096,19.77439596177471,16.3309435094676
23.03494614010262,20.34466403194195,20.336384419567228,17.54538211344816
23.89624900244122,21.74015887970342,20.44504142979133,13.141679228519411
24.308164780323597,17.51897842926388,20.7477561720501,14.84868680888969
25.104546556557747,23.491108908905144,21.57092792935279,13.489721758494088
25.18235152833238,22.202842073111498,18.137024216897924,10.979091798524736
24.14696992345831,23.52583255270825,20.06636563134805,14.055815016556702
22.20453812732668,22.2478737012064,23.0034799691967,20.398465567510456
19.97304047481166,20.988963219815613,21.23604590488805,16.93350921160323
19.57851903640513,21.09632583949093,18.20687799349197,16.570230787241297
21.518738216096896,24.279792193051357,21.64141989589459,19.674239929161327
21.45435943013348,25.567376408471763,22.826423571447844,19.68220841724051
22.096820532430385,23.524108327836,21.298229926097324,19.475750599073503
22.81450400575524,24.449130763002795,22.96956506063932,18.44282836509948
22.8858945216754,21.86940587448395,18.001324275260504,18.449677328497224
22.617682520046696,20.78111502379416,19.683334489017323,14.273287620789654
23.70720451533961,20.46346783441776,18.1019812228701,19.16691073233826
24.82354385814557,22.365040840748676,20.421825844870924,19.216409684701546
25.334613944927707,18.310117168283394,22.049710280554887,20.69221745366621
24.723516442218507,22.27531482313329,18.664123605605777,16.64089141418079
23.959447974756102,20.763075236936825,20.90970264745873,18.827801756813983
23.772336906788087,20.78579464908688,19.365857477718876,20.49852885988816
24.17899092893008,22.171444790137247,20.325451746322987,14.284205149400186
23.65290739251965,24.276160322776263,20.91381900754436,20.68084302252774
23.60628085693185,21.917154546955047,21.325597164648507,20.590119525783237
23.64954179869396,21.919868405201957,21.357742713609312,16.275568804683108
23.241552866004454,19.296874624492045,20.34309940975257,15.609056546114276
24.292921707340906,20.998782319871747,20.6350299608928,17.953755603011235
22.046894473895577,22.948252344489276,21.36652813998517,19.84354109719324
23.252233328220623,23.485488657651683,20.33201351919656,18.100690583614316
21.714704221536568,24.20675497672541,22.61689452943223,19.76469468119529
21.19755318092593,23.23924940959632,22.292322803697328,16.137022248028703
21.350140703979736,23.21853625669728,19.52644766326399,13.482340114469794
21.0032423395643,19.93051825858323,19.04508799095382,17.464486024027156
22.520420779166543,24.481634190125835,18.74479602571464,17.632952591825738
18.927575231636222,23.34788914545572,17.22557754757699,14.113615889866493
20.199957948558524,18.305109549098898,19.627365899811235,16.852549210363076
19.407886115776247,22.95633108096856,20.447220958154613,14.673587426166923
22.577156753612,22.93240045853082,18.90110247053149,18.144123733349364
20.3710872104301,20.14326476346339,17.59581831414528,15.79713868800586
23.12960352422819,22.915154275731265,20.696694724695877,15.727910232374702
20.232006800899804,18.50690722855623,19.959072686848877,14.318849306639626
19.557152111709424,20.570824460764754,20.03840848124064,16.703773762375782
20.63144563980781,23.39682281645906,22.887073135948643,17.0965331537441
21.01700029967188,18.089022984954312,17.599449079462275,13.452134350359517
20.767573148401485,19.02684042650877,18.68886195571046,15.699282401810851
16.173035575063277,15.282653478915291,15.326488352352092,12.86673684773744
19.179049351381384,24.09130042809649,23.18081436229984,16.82961687187924
18.194279335147392,25.00000996041321,23.00720551407177,20.582101593532173
21.33153055055717,22.704957451743923,23.60596939496283,18.585175056911574
22.06137970018158,24.442367814985406,21.61216057622475,21.486943508234717
21.590801635171363,21.70887332219885,19.646133112795592,18.54632575952797
20.571931049019927,22.4341746209369,20.02696244397328,18.720815563945752
21.924469490698907,21.31232066172583,20.49051569258084,18.49036705694173
22.468272652811603,21.09448988819351,19.45557937878192,16.67756655518716
22.41670357982746,20.929510022362248,17.066393127504888,16.87362366366672
21.57628855585664,20.21477866945716,16.368993315056702,17.455583483937257
19.702812259626967,21.288628896939223,19.21589851916085,17.28993578307071
21.516439230230574,20.52334540669822,18.075228380207253,18.036614216215035
22.31786870974529,19.31890190865328,19.0475652680382,14.138818340060723
22.61505076389157,19.36006091196924,20.27571879927604,15.049825156159455
22.92626956712928,20.649271353148013,19.71818451364241,17.187204194465107
24.476795933898813,18.76006593628845,19.934517522235115,16.195708415802223
25.508187648348343,22.519047173962274,18.17628869449257,17.722345797616285
26.063617724803265,22.334042130682587,18.14312939382581,14.137740257561566
26.046316329737877,19.26050622992581,17.376547795164758,15.821891598349124
25.511304440418797,20.16342431863288,19.363403828901557,16.512654281453692
25.536438893843865,20.719486989861903,17.785135763733393,17.487049218461532
25.33704140963459,20.647332151902088,18.627750770935748,16.610034623236313
24.895259931156488,21.5766747143216,19.08040216499789,14.955978471763116
24.03311175755935,20.791190118410285,22.811878122767165,16.75056523986527
24.366330560795134,21.52755816150244,19.668525643627124,16.212407251293538
25.33233847224167,21.57925494253656,20.921967600654032,17.888626189910422
26.206029775342756,21.20900302026829,16.799744305628046,12.710923190279775
25.22897662316588,21.35957118910912,18.995067194949907,15.496304253634042
23.36280739410783,20.8162325844493,17.481559991022888,12.203530339152712
22.958610397264888,20.878828865573396,19.00757307293292,17.84400023160411
22.82771883984948,20.186838618646693,18.797654409105306,14.203804966021409
22.99640277613952,19.998031744246507,17.97305072414088,14.244905664910917
15.432763674632795,17.195878984522647,13.491119220917945,18.397044758037524
19.27160172600572,25.48078805072866,27.797158847538608,23.843382694483523
22.22118822395483,25.61166756839471,24.16929136522197,20.7201218521926
21.18439440776092,23.85994567152484,24.142912733120465,19.229732143547604
21.88173135417229,22.83687122164728,19.534928365900917,18.75742157280117
23.180787738146453,21.10821472552332,20.85774112079206,17.52515433353306
23.254811232614006,18.58982478511368,19.96286644122501,17.201891976873643
23.15770462397791,19.84478135813012,19.55937283844035,17.164957001508412
24.281030075939032,19.14943219666769,21.55388713091744,16.248305778092817
25.562726277601254,19.382581946466725,19.921982421386048,13.400998253907623
24.837923115614032,19.248492026911467,21.06537385509085,15.39291908934211
24.98934708804448,19.79318118889306,18.03349574311436,13.89986813925906
24.60595595183616,21.062776703566083,19.337227418839607,17.81739146155609
23.98247153705116,19.564958391369466,21.164939459891507,16.48140117080036
22.64766200483238,19.03514739273957,17.7625176283004,14.597069042496043
21.1242713163905,18.46340076546572,21.353336219197725,14.60872465253936
21.33531452739525,18.66501375245769,19.562897698789367,17.438377642212146
21.329391975386965,18.44801517034558,18.58833843795748,18.049548732007317
21.321677149780168,21.510884389969963,19.41017869593728,14.988549307962272
20.91514114500743,21.750929455720208,18.432835996924595,18.27285624216505
20.80166102925608,21.21202506223776,17.315041025541532,14.203637371795532
21.29934585084068,21.288874859485222,18.551542065580747,13.78840107121583
22.497125117429608,17.88196712952349,17.50484147319877,15.116931072337207
22.80917039913512,19.75513631688707,18.97557664492343,17.595045782145192
22.9453950582455,20.522869697915056,17.750862740220537,16.404773620961993
23.226509717847296,19.571995279436607,16.47455066001001,15.484440225679633
23.015228730667143,20.74491666514188,18.825482045333995,16.050945327036604
22.69049124790231,19.15215288406134,19.09382925908365,15.54616318390248
23.67926828517133,19.843288187450103,20.14469764230994,14.455290673868737
22.80990107478505,19.091541011676824,17.63020415093403,17.184038185032296
24.36998746174281,20.08580156720154,19.04467326754834,15.777399309602606
24.20228561427385,20.21282206999256,19.55725319634602,17.81670762158446
25.31030719570391,19.91654658890584,18.500267997090585,16.726481172523503
25.400442972147943,18.00148785851442,18.438173497906423,17.964045301609108
26.31306620763641,21.261459533933944,18.543329923924556,13.158773489885895
15.913071805418156,16.485327774238584,14.601157204636444,17.736263040695047
15.164870241883577,22.030695811104398,18.95784682885905,20.565151468721577
16.305141044961818,24.54295047076672,24.62229941064975,22.515798749892017
16.61524923352363,24.98200733632588,20.341802213585492,21.062275245109717
15.753870668087226,22.724896753871334,22.354907918537396,17.59832329977319
16.158016430381966,21.43234139347987,21.915756126490763,19.35867655046031
16.617943898483635,22.36456764603268,21.31819988983885,18.609077765083537
18.79362121536996,22.563302380407865,21.50305785207433,19.84480894097092
20.00988727380862,22.16356340203617,22.046333460627107,22.65564081755161
20.59317626094453,23.43828554328191,21.92194522234112,21.776384305116505
19.17950608408268,20.17076488173525,21.25089310067235,19.996059424965285
19.29715479279225,21.211206604048765,21.310670441398376,18.229862339014616
19.764819556794084,21.344713769784743,20.73070226801188,14.54545530212802
20.38419458478314,21.691814667924746,20.64884582595413,20.174779898409387
19.802312374961293,21.624018572115133,21.085746345579853,17.755791372677017
19.35658410985719,20.378025655493445,21.7220273745772,18.309188914715524
20.68465541215548,21.901712063520197,23.58946984607404,17.58258560022036
21.10575171659646,22.88691856772303,22.16550313321615,19.979500960072908
21.0887757808612,20.49995130543521,23.152220525582567,16.126324770405944
20.27906455929536,21.294188721232214,22.22470911238715,18.08996886683888
21.121079200213185,22.09118204847878,23.262796410236486,13.571193609840464
20.70490031839025,22.74574113868715,23.80164965276749,13.725347515584136
20.46848247718748,20.928326354805787,22.73407158393931,17.188597004657776
19.88528754381912,23.87553023111424,22.1626257942278,15.236899380587005
21.35911077754581,22.70400004122385,23.536562268090474,17.423997380619856
20.58060450618066,23.34562364108007,23.159388450643863,14.470841951710533
19.963696231890157,23.6881812871607,23.814825052833744,16.8249631965767
22.23168322603865,26.323192133813222,23.709222000498272,15.939479740098884
22.034373043343816,24.828859728682136,21.330476637192017,15.951799926476966
22.419465986284283,22.201904267844185,20.04906316254433,14.03221220875884
22.918812256134306,23.165335390712627,20.985483223125463,13.383610066319171
22.412226990347435,21.417135968470024,23.03593507483731,17.791310702795776
21.612277647033952,21.87088496732041,24.117011991838258,15.491776039216388
21.413446746673333,25.481227330180072,19.31037534418688,17.48726147460555
16.960018035812368,18.02603043835084,17.93037080504,17.342707547348663
20.518317678592663,26.93722323122925,24.41778033551136,22.147015023475245
22.20684247835785,24.75107503795229,25.497007944415703,16.575316406835466
21.333867991413808,21.21909892032264,22.20357959989273,19.69580801450637
21.517677842407377,22.492405095841104,20.946775944848454,20.26836002514149
22.354371690969295,20.530371971366595,19.75825888816749,18.0932770862038
22.071342368721652,19.37460111287216,18.34600975964769,16.514291823429698
23.42807279163125,21.220022371733734,20.77188814318361,16.825205479661232
23.1998452368191,18.94624318962741,19.256272591745645,17.731704264680022
22.8488138860342,22.067276673507664,20.79731169968388,17.08829792342843
21.548001560858808,22.075032846675967,20.14839450799476,17.244708316733433
20.317302595227087,20.760046703549847,18.850226342196915,15.487369902184478
19.95609555985705,17.876354867774232,19.125368821237878,16.680773854355
20.390363068942687,19.026286076142952,18.37548965860238,16.66984360277742
20.02759825034411,18.30586863507796,19.23541937132976,17.053337528223736
19.36504802118114,18.940405745013635,19.391381214493872,17.391738575864185
21.07486692341641,20.6913409691314,18.12361121625153,16.023712329272104
21.2552603230824,20.12065066682594,18.73917552041373,16.19611517107469
22.58706598100875,19.217280819356912,19.006911578666266,14.792942488197092
23.371880792601555,19.958076807561397,17.644283254557614,13.677074853496658
23.36103274156835,20.40926678825914,17.22485160755926,19.05580165142568
23.20713089370483,17.951749929984363,18.694945990216848,16.180925164874253
23.250631161139413,19.7123900702966,18.506635830722885,14.196214191389666
23.37325104358955,20.481926312331343,18.18079064295112,18.068971515020277
23.61767149340849,19.08918917294568,19.01278738277385,17.825851315752605
23.39619532241437,21.02193173768553,18.695395028268088,14.622425539869004
23.110293854339684,18.950330411714926,20.91974828082173,18.92032586036152
22.813119168849465,19.525002617673724,20.76289335958467,18.38132258338201
23.614356983125088,23.62361283508996,19.332764542913548,14.906007785425166
24.326884697267676,20.635535292344567,19.06552938506425,17.464390625350777
23.791259172825157,21.608936610370463,21.48401882817505,18.06573992368258
23.32341629875329,20.19376867957257,20.863507097410796,16.07078605500205
23.131395598592302,23.38551160183206,21.51757081212199,16.78062517547487
23.79306573876005,22.762029663852264,19.58950885056159,17.406288599720494
24.106196227792093,22.544837062956343,21.25698067051569,16.97266208340795
24.01301443265,22.6200468787656,21.64968860421252,16.206773044635586
18.663187795219454,25.250438048279563,21.474542989099007,19.996898733455527
17.595743828290598,25.68215413570019,22.621982788998483,20.123002974508964
17.237606934227006,22.01895360294935,21.354222856605897,22.17971665702801
17.33799371274195,24.85069504459847,18.71177743588037,20.18647969199515
17.880191513240487,22.74069287136784,21.49010267587278,19.802921758357535
18.679678563034727,22.393645931265382,20.92368813111873,17.51590559224029
20.476572142926283,20.543552509990636,21.85537600280712,18.680001245996877
21.599958967971656,24.098385554496733,20.78747064000797,16.004786365569867
22.21774103908176,24.504333629267062,22.707642346877453,19.11845493012338
23.40558841786826,22.513161542214235,24.252669336210644,21.447849045287413
23.68180765890793,23.61213098054493,21.28440391006588,23.16185703050312
23.06419663199724,21.69190222624157,22.61868384272053,19.806933346360207
22.463769382728284,26.676896241957817,22.64625765113076,23.62324170586712
20.91194828091142,26.23228282963083,24.91570560560245,20.49397515540685
21.29388473873664,25.985879558803585,23.80429006791581,18.562549543444675
21.487702492057423,23.902859725217112,20.63412276791922,17.92290386230768
23.816435378102128,21.107712311633087,20.60999821970535,13.371281628233232
22.73647108284167,21.33748321523147,19.727552543895285,14.962099241150815
24.462002119503826,21.519765913043237,21.672829086624944,17.934924412753237
24.91966097983124,22.73871483001371,22.8274627661102,19.34400332250144
24.446405277245614,26.107713584560667,20.889445363726,19.179772694014847
22.14246700596929,25.940586280098497,22.423765382533315,17.918892530089053
20.30810460349897,24.950786864723995,21.3900338420102,17.966469503501038
19.72150229869773,24.548076518856533,24.578070657718456,17.36097050770748
20.59300426819058,26.0060383546096,22.867923594162647,19.046442671595443
18.56654033487239,23.503152771336897,23.29352489450459,14.242554340661918
17.932702162816604,22.546047472770766,21.79753659560592,15.886322944844238
21.260584927083144,21.31654269194745,21.54354645177225,14.20745770768005
21.7726540110293,23.690936096997447,22.92191973869513,14.402939901079868
22.29622475015112,21.882673779903683,21.8493745511614,16.35384778689109
21.12591924144183,21.06633528866777,21.032054237673357,13.16757865067582
20.70975253289357,21.783544921681138,21.450623754874695,14.99714329459888
18.23135733132664,24.973183727724173,19.7960586623647,18.322247401634367
17.724815463574203,25.955846285268542,22.335893326443365,12.856521129004506
19.65783986077869,20.608749552833967,21.979676481748346,13.288399957863549
19.490183203541367,20.959938607369875,21.63169369941828,17.545003092032093
19.17373570012988,23.990795622319805,22.613002255942096,15.608838661330257
14.539759225630675,17.055675318376753,15.232245890477126,16.835303112023926
16.89164333044712,25.986328178137867,25.18502203734688,21.715084907445988
19.458145353235825,25.23956830778948,20.595985166495485,20.94442626123473
19.421066626510207,22.476945804262684,21.32371423754307,19.35515409501637
20.343705843463727,20.17209450262436,19.914532374143,15.527307657157571
20.378620216873745,22.97262562973732,21.11325907409196,18.38313321140949
22.282929707719376,20.67656115720462,21.097960930419625,19.34102208474416
22.77957528496165,22.593142585611087,21.34146247163987,19.805440342054244
22.607100771831,22.56374371294956,20.72221702809913,17.853097545895345
25.40591886247712,19.60090283177018,22.37022107387392,19.060185472033925
24.68123190998081,22.098928849894936,19.422999925925254,19.50068417920457
24.823282349155203,21.84463535514047,19.913394842848486,18.89745163446759
25.401892935188386,21.22437424678001,21.449123471271506,15.349399250046716
26.20882740775364,23.666238697735174,23.219192905262823,19.475981212778837
26.318183723155617,22.322294008334712,22.22219809704964,20.557875173859813
26.06509835169396,22.786400388571508,22.133496704561068,17.18914612204368
25.60313446754422,20.879892318841677,21.385150475144936,15.31664582268384
24.34874163699509,22.12392718356781,21.80777957565788,14.568275930445344
24.82528197828745,21.203330269332582,19.41027925012611,18.113896099878342
24.23735453934732,23.32333633629766,21.64135837139894,16.006209434781187
22.8593565842114,22.834890146682056,19.56486252870568,14.94306741084998
24.811283322035724,21.989217469922924,19.716169272225446,14.420629753055744
25.715410740434105,21.10018827310182,20.129577049777076,17.123645520947836
24.564735261384147,22.315517913169867,20.935670327147708,13.240127304930663
22.385209027903,20.19602693680322,18.739418096952843,17.67760303642285
20.09462846039145,22.59204316816177,20.27169377726687,12.026526188636176
23.71699097102837,21.04902799480934,20.144141307570084,14.03937913122988
23.30701737704105,20.168299874239764,19.32802087700659,18.87423554022463
21.8095907699438,17.197493568691296,17.83311950718599,12.589411876414289
20.120985122851284,19.24559538324814,15.989500897041594,15.698512083113876
21.51976345968073,20.464321304113795,19.53783578744166,16.924805525602977
22.226040557273905,20.7894061652723,17.738390190041475,14.60948339532626
23.188445508144827,21.48546403428101,19.93964849997099,17.572173031285043
22.3655077759956,19.36623225556201,18.57869792048451,16.543480596823244
22.64793940885002,24.322327930469477,19.816190071845025,17.70292106385921
21.072576038968496,20.15507973729771,18.202791475695435,14.877823652192603
19.397355937808907,18.244114533856443,19.20581115798681,13.808272128747548
19.259300477604864,19.142713624234545,20.84921110374509,18.565086658431344
15.389106929872916,17.000397962332485,18.25063039035352,16.547385740729343
17.761154820466363,20.830213913834505,19.869820842237463,20.35856837266202
21.551074591097727,25.13773485594949,23.66815457288214,22.597971270927943
21.62769594329716,23.25675385044396,23.05993301722481,16.309667909169818
21.978755514744844,23.62707767681249,23.839830865011283,17.6607608652549
23.548652711621077,25.80097136964013,23.02568197564118,18.830522994794418
24.28222348220076,22.158796978385595,22.58237481372542,19.28402600393433
23.370928862176708,19.745170827356148,20.08813563782769,19.07693798820321
23.64262810868603,21.047761204702084,19.739234844624544,19.698478494044505
23.36167803500357,22.726167768442025,20.39061750808475,20.26497380135901
23.7871767603016,23.4620437587471,22.597232385717135,20.31183485470572
23.50289523428431,22.6819895250995,21.44331579663313,19.525725433326254
23.39182308500617,23.175523704282096,21.31792065665612,16.34068824561646
22.75222305484312,24.404200450028917,23.75367008850999,20.22289700266396
23.30037540195245,22.962184716735948,19.88235753175736,15.827965503072663
21.858414880055445,21.82742567190313,21.940106957127323,16.340743923173793
21.56737306369511,20.155191323859437,22.288426962406486,16.22190232184778
21.08856308859817,21.706014718836656,19.594769509370952,17.485310653843314
19.991995138915097,16.885500465478515,20.19453506573699,15.95651511995417
18.861035767803568,21.398715530228277,20.64510052680537,13.80241203754674
19.451239823967963,21.687470836503184,22.930491261135742,14.036503893524364
18.67520518936941,19.64118968028154,19.097606168291048,14.694162984354543
19.08865536642998,21.12792718694269,21.31015925668725,13.678957769908456
20.32544730053093,20.27315679975637,16.74718512026257,13.565300049239314
19.16053485681742,20.72368301484885,17.99522851131943,14.497641581197849
19.550555008551274,22.297228634344588,20.76265140258077,14.353055938924507
19.004664830288775,21.6534946166386,22.16026814329294,16.796191247108883
17.82540781535538,18.725852333303138,19.50723742957805,18.458624671754244
18.62186271122877,21.651207907908685,21.005166355117595,16.02716663278045
20.383752352958957,23.696882621988795,21.505008722601843,12.22734714895199
17.96531972737127,24.57817123362391,20.855012917493465,20.17681082027624
20.48342230281433,25.241949233513694,22.211772281623283,16.098560086973954
21.06826797153811,22.99816965182384,25.16598681738948,21.03509723349033
21.199514130820905,22.626911014944078,23.00727109793931,19.437993205158868
21.84401293416219,24.151390286317596,19.23293667030805,17.865881807647835
22.978057798925988,22.66030570095884,21.74607653887885,14.630038818012432
24.900391506137,22.42062155973624,19.916116392220196,16.3460411854164
23.538003845910584,23.07557897128305,23.0476864163136,17.78495403705695
24.46858532986647,23.179942910191212,19.7786940874152,19.56412822129304
25.38521707700819,21.63706263332439,23.100905950413992,13.794862471213724
24.962433717744464,22.2904882445972,21.595260790073883,14.629073342562656
24.086697665743877,24.178200064184097,20.91244422049483,18.140012465464128
24.44995925827963,23.46516118595274,24.36537090185195,19.41884318991597
24.761833706195148,24.689375129534188,24.689910048217502,21.266841055727298
24.765762222209343,23.407942402749963,22.919526182769303,20.32551969147114
24.62264679057671,22.963410889007623,22.18463359256125,23.012320581220905
23.259257555763668,23.16008093256964,21.89731292173522,20.97062772301664
24.736208908981386,25.50406223117433,22.88022744429801,15.465845059415187
24.166384833655087,26.802671585248504,23.741186178597182,20.138114087159643
23.506276448421747,24.438653676922247,23.56308726624268,19.28467463320692
22.157764094325387,25.856099751598844,24.77161243627833,17.337852721449963
23.479934647178307,24.789697749422302,19.31697287193639,18.978120949143765
23.57261581202893,20.745584585886323,21.09264803384593,14.286112828512453
19.650246587060888,26.214094060078523,23.77548781875389,14.08921979325416
22.660263449039046,23.59226863245975,20.95006287373225,16.088643903909205
23.6533320153171,21.489296939231195,22.65390782217951,18.858151561264403
21.5615286662696,21.65673720940393,19.36551631152473,16.762005597163096
20.44291475258998,20.14409543956093,20.68749270056027,12.038701664497326
19.77078973827373,22.190017521272303,21.250306162807096,14.991141616370284
20.19855517025805,20.69770639358138,20.2794280060654,15.279749823326682
16.774247738332377,24.77058755014831,22.9893720200656,12.162486435762082
16.233174648974067,19.481103940508834,17.187445968536434,13.033546880018791
16.6845904365989,17.760549611094664,18.804720846856256,16.937087207418895
17.433914329204168,19.79575261387997,18.115544682675893,14.691962625892048
18.11788450482301,20.583496369795043,20.193584206742933,15.653577457935096
26.05569725945523,17.540350407756925,20.374215024487498,14.492745112842933
26.79135723389197,17.56745920872961,17.665061862268455,17.2842639668535
28.3342115920901,18.09703840103843,17.895763335894184,16.63759549425121
29.83622641318941,18.561467434508728,20.85545125263879,16.16852781632716
29.13986673019527,16.684111605688873,17.131868654637547,14.547013189482316
28.345668193593824,18.921244634197155,16.56846932513785,16.222233607426208
27.202060436661498,18.03724691023069,20.488042127071548,16.456338449093924
25.972940415435456,17.98076085841906,19.757412976733537,13.58181029269478
26.018570926632865,18.703972948740688,18.557825728621257,16.89259885891587
26.18430273800101,20.522961064915428,18.42029191982334,17.13497612973352
26.168076595963612,20.8466656499248,18.091329128332067,16.78140295847275
25.0201166460062,19.504288062475627,19.53442098893293,15.650663983494306
24.846305455588432,22.34216273312576,19.549368470483085,16.542539469372105
24.205809502544707,21.042417202328835,17.710234181221765,19.28231596583896
23.827915609812084,22.66031539391928,18.223761816853067,14.802643811040108
24.145289097629437,19.88352647425052,17.42217540065872,14.632356076731178
23.7619444765618,20.23689718125106,19.587602413184367,18.23348421779665
22.72350845906011,18.891532752781465,17.93354259666062,19.1497238619595
22.53759776139549,17.169717026615597,15.772852417156551,17.77081136913912
22.343809824036995,17.000627399608273,15.694385799416644,18.35494880497804
22.4822947868002,17.041300224352508,17.892060156757722,12.563284194022032
23.001421952537964,21.529498232872424,17.771411186871962,17.39525165583164
23.11333453549521,18.6811866999678,16.30729993668607,17.372937967995416
23.18372863386844,18.297525413451,16.272612165318815,16.895079848435564
23.125174019406582,20.96341855836082,18.546066947766093,18.292993854729488
23.573289766115327,20.09799806171964,16.62061475197944,19.40727199003117
23.6068001942913,18.926005223395197,17.084590465954843,17.49665846071962
24.579008285389214,19.48823015750142,17.136706073421273,18.706074120362427
25.50849737735126,20.3921350682233,19.42190596713424,16.840588770370648
24.767703474149112,21.62217715773612,19.42633422353648,17.002658502334388
25.22101662029745,17.73075788973468,17.485934078852292,18.54727284252864
24.6482593494008,19.44357717622376,17.365136652365564,17.534368226986977
24.21757201798393,22.28120419470692,18.98859188098469,17.559897649120288
23.67332971889202,20.180185111591797,18.874050687169788,15.564373552318926
23.18727137132633,19.29908592241131,21.237421195518195,16.672140569652314
23.05784677589137,21.168685355326232,19.401020666369323,17.17487629946824
23.842800770418155,20.607268370813188,17.265810610131208,18.35490415023069
14.314747424833971,17.88828577100116,18.252001022917494,17.60330845209238
15.292481905742946,19.5610228455748,18.60050008309123,22.170616663529863
15.896271796598024,22.531422393719087,22.5503986872526,20.996814651104525
15.873005514837834,22.99388068959119,17.656775013815682,18.720765988182816
17.428107499877516,23.77295940550523,20.893014336680967,19.68020969096785
18.215417523697223,23.79742344591129,25.74232685786232,19.787892124662463
19.60119553389856,23.55099531094413,23.70773199613903,19.181744741985927
19.7715673734942,23.325573053696846,23.376509839575192,19.098388238132745
20.052803779638957,22.390260213288155,22.38249483938878,16.643756686892768
20.242872012619927,24.329514591472844,24.617676110881103,16.14773259303374
22.457008192680338,23.72623563317097,24.83700297913278,20.19412127775855
23.721764676296896,23.13334844170152,25.62201199787428,18.675978623609293
24.668224769026192,27.33953570203748,28.09627014973951,12.74023936896679
24.96093493321104,24.705584485055123,27.494424719039497,19.678227508204163
24.308621766720343,21.58235642011709,21.14991624933057,17.50610695208096
23.14256658280709,21.890487299620787,24.712493526392205,19.225728658471983
25.30824846906918,24.16588548491931,18.888403142380245,20.431634814569264
25.37289593683443,25.43741673125369,23.92191969619144,20.28994507737788
25.70633742881668,27.083483504997197,26.671602813945796,15.853955605448196
23.08358200051065,27.658034317732305,27.49070604654908,20.204676773543703
22.58021464946975,24.2644516945933,27.86980822425404,21.5039452798853
22.690608267473923,28.146914851745105,26.961406875225236,21.030081418542323
23.39736141041157,27.11532717337235,26.6907775329194,24.013771054718585
24.58458204370298,26.747389244088183,26.92048373159659,19.57518455886293
24.793434268430676,27.684905081580137,28.21568857726161,21.24697564860089
24.46320536235523,26.421128973341627,26.504740169350708,18.573254162391127
24.347524249573272,26.722535698731097,22.707443008519533,23.446985045221336
22.98525690260444,26.606143444937832,27.311944161514717,16.263717201522145
21.013065976795883,26.702561307593676,24.58912688233949,20.90306702391433
19.439676603973364,24.595908735133268,23.592535262091666,22.51780912904555
17.245810125560208,26.03063909436296,25.00185457588813,16.09399826442502
19.74674840642051,25.853474350349423,22.912729615156337,19.44295914296599
17.52252742168416,23.26046996622315,21.65696802413656,18.491258800177786
18.310150194699816,21.81659634457543,19.948897847866917,18.67968503049337
18.868265530592605,23.817523169822035,24.384307802989166,19.83652769659125
19.938428203637116,23.09692730626,21.892691138780936,18.668814564228285
20.530921039034776,21.467595604239893,22.694975309645145,12.164584377822491
20.3089945403636,22.282632685196464,23.76731583113435,15.079349768474794
22.006130400367933,20.24621255768636,20.482349733723694,16.436763107262863
22.66732541948852,21.5397183758822,19.30188798287618,17.687621226563703
23.236416580688537,20.701398053518528,20.39728194617325,18.48381933994628
23.72835840380037,21.58083990552829,20.307815512744977,18.9805654285436
23.9609835258323,23.7595642614144,21.46470541993904,17.514057017734242
22.7301313407804,23.85116290637446,20.76448979846538,18.980670932399743
23.414470463090936,23.243843300031443,22.2738353493323,16.6686003959009
23.94599300298613,24.41439074362028,22.34891375108782,14.716285722887491
24.480578052852007,23.024359892134783,19.7816515690143,16.328268750630617
22.11182437343427,22.94056293416597,19.660934293311403,13.382118383449123
24.2930199483684,22.24004682825029,19.818619312523253,16.644230894192223
23.350142140254352,22.31702542660014,18.362599193502277,19.608646594882
24.27446143917685,22.25074061573964,22.58703132883299,18.92492675812382
23.847350284341115,23.87624001389861,22.356578582854656,21.35750178179504
23.76348996665621,21.30071000495504,22.146070751833804,16.35678154846852
24.271906682964214,24.405515462260524,22.097066948102736,18.202934872354582
24.85236179448098,24.0796529341194,22.59138722070703,19.661481608719228
24.85176099036393,23.26899121348564,19.79267420353406,16.595522612878714
25.606320528595955,24.45312795328265,22.523942051705205,19.41971492179657
25.94035654985507,23.509904123045654,21.939963035998822,17.95650484147407
26.861332516701168,27.46714076898752,24.187916121154057,18.72902216692895
25.59391617018481,26.161853123225427,22.75146324320204,14.198503256624976
25.82242437745334,25.145231267674365,23.4362463154719,18.04720553139636
24.481702069437507,25.614441214775397,24.88925961016531,19.178116569757613
20.06140266455162,22.751751403587978,23.032620454283897,22.620991768463853
25.512872224299286,22.990038214067443,25.055142594179085,15.354642169168336
25.443578778431363,21.03507739310199,22.339610894760213,15.03665571022364
24.478162940145847,22.18797366561779,21.976389554633503,18.3515759629631
24.06627321815704,20.48953687120344,20.132165780758545,19.618149281372137
23.74182281567041,20.779797908433824,21.74732819265165,18.475379457061976
23.13923664240463,20.29952019692593,19.262288900222064,14.679018532621162
22.703070916521767,23.50809331663376,19.020561273675018,19.443549311612667
23.40225049520569,20.11525757238206,19.853798806356263,14.976493332007172
22.387830081399688,20.974269719217144,20.78570915654132,14.073080437382195
23.29796911890148,22.320107155743276,21.39822466350949,16.239064944801985
24.231873961222988,21.56825447954645,19.412483584069623,18.111111740525725
24.83357019510119,20.94649209397419,20.15782756044348,15.40528339165074
24.40762405106359,20.228062323838333,19.054599380720205,16.18430548230316
23.78674431355829,21.436512257216567,18.9673674946268,14.8235321801695
23.149536270629323,22.271088982652003,16.563521619931837,13.1396342186461
22.50903420794973,20.07888494060094,19.609193630858037,17.015931343919284
21.13529341012574,22.24020511954498,19.9023757063452,15.307692035724523
22.313840271743203,21.185801577198408,17.607902658993858,17.358868291055405
22.88161191488119,20.33345595653696,19.084905420158176,14.0416150050336
23.09861952553314,21.664267502349063,20.123451002118845,17.616523059320475
22.88687519671924,20.344247606329905,19.548615527580207,18.00583484654953
23.40918676846023,22.17050687107184,19.209412772822585,17.81920211261946
23.920887485241725,22.56579701234709,18.47838688051877,15.78466856863412
23.976408149634096,22.241022817284875,20.75940787973117,17.39760786355728
23.76783793508695,21.933024216751807,18.894900626280144,16.781700759049443
23.65453714757768,22.425766622772755,21.337485360712563,19.009156542629743
23.776632695687656,23.3023730812282,18.886919996861828,19.589544343256364
23.264831013489243,23.2898941362674,21.19536606403684,13.619732308823847
22.67839243790118,23.983039833910517,20.111502159709225,15.950481055687304
15.88247920340161,15.952058016781349,13.719148128808555,16.51161638377154
14.01149048662125,17.79255316943941,17.310143286029174,20.3200061139598
14.26791627328726,22.81825539068204,18.328858734177757,20.681418920677505
14.754168815727152,20.250174690800005,16.542974166017174,21.170988646856912
14.180751521671144,18.874102559831115,19.178029316091557,21.805628625105754
16.930383878235176,23.603876265858396,21.8339034928798,21.28058869076639
18.79758100159195,21.82392130596988,21.995275913645774,21.498599012050253
19.1254544219008,22.33480909507554,22.010183177386452,20.272751760123025
19.36174828307777,20.82281757019384,18.141575190138656,19.771518335784663
19.30053668412109,22.31983149476032,21.774759269017537,22.033865850000957
21.002970952094888,24.67265754478336,18.104614664939664,23.440566951057075
20.97607359492952,22.859647563783323,19.702760980346124,22.451973219275413
21.450510636860603,23.8280613746354,22.451443430113912,19.215089650910237
21.050279559085613,23.039665254578324,19.86741866567445,20.710961859588267
21.219299051550426,24.06855674683872,20.86083219788328,17.74213951203618
20.89954409453627,23.8578029973053,24.149376307679457,21.4321013364446
21.89028458109058,24.663916630016814,18.731630427976864,18.447337225784093
22.074653752431008,23.10217882587669,23.741632967904994,17.974635539107158
21.8570711306242,24.413263358229344,23.432743317148027,21.233963930439785
21.663890682290944,24.14668389727909,22.270060098909216,21.429268439296933
21.56934038163885,24.07862448001532,23.75027297848945,16.296717400891307
21.034363111026323,22.479297232533288,22.747329879900047,18.05697293781415
21.18333992160427,20.67548210027537,20.55124133519834,16.27304083958114
21.247681402908253,21.51612812768952,21.902903080513443,14.427630588331132
21.23685736427049,21.65316840940625,23.367258651499224,19.56075461105508
19.86783937125113,21.958088364341947,21.75626495186258,16.413568991202457
21.036244257845528,20.02090159101003,17.437917672244428,16.988581505535958
20.277881586317367,23.375029448841374,19.79371960358469,18.86846224604061
19.547278436105906,22.53716550570124,18.819529162804653,17.507433799476036
17.791877520629452,23.33073639431086,21.71331080184254,18.03940682473822
20.227801087684004,26.466002236405483,25.266248477774685,24.296468847808512
28.779696003772813,24.15691845135657,24.46565562327224,12.95472798284358
28.87676717114361,19.233973171846262,18.72946232837273,18.918261306327008
29.68811108295289,20.95929053590736,19.09628506585712,18.36210084510833
27.02799371117727,19.254607351050428,18.266322287886663,16.651783415128577
25.25073595043563,20.06862745413132,20.481753377464845,16.937773287353895
25.515592461481035,18.760012035060956,20.137212271078567,17.70999414835121
25.13345004574725,18.561175776950844,19.586972574700763,16.9481685044427
24.941912843943022,17.748608053377954,18.162275000332027,17.185129247953714
23.20822761504306,19.045739209537903,18.54458183550918,17.310807251309665
22.33599699753626,17.3747749780281,18.537199087806208,13.269445332542425
20.59263662793189,21.27791846853475,18.77867968357593,14.055611102290028
20.119634009420334,19.256703443573727,18.242405809829723,17.875194374123634
22.67418126639456,19.55102543899204,20.137565914426787,18.149535198875864
22.54931967953141,18.97479669877643,17.88100058410451,18.44023603898632
20.870578198849447,18.905628180497803,18.61838631642978,14.71883128862276
21.800214624984022,20.024982572709117,18.412812096906297,16.016534672651506
22.47290146804561,19.09829311112188,19.01706775213989,18.63782958926172
23.145696703886973,17.733745723275735,17.28754308206143,18.389202733298017
23.695584368842123,20.33631329910843,18.70769750882313,18.93949445731247
23.468329925561093,17.648367955980746,16.416124562697743,13.448436894777442
23.438480790853163,18.36089109627553,16.141500311058977,13.53405800883005
23.374848173771948,18.944072123975285,17.71307912069197,17.48960701798482
22.93639235368431,20.06741793163489,19.328475008416305,17.4946670142979
22.567306074969167,19.82649559901437,16.34458372158582,17.570265926539324
22.711278977984996,19.46287325759942,18.437108241348184,12.41871399491512
22.50107582431232,20.21880782290521,17.80228934375964,14.78041294064405
22.959435792529632,20.41178381106508,17.29009922587787,17.568542379448154
22.5061497940326,19.764970120497225,16.697155650848416,17.269496932536093
21.493295835835166,21.172853432932055,16.65721218770882,14.602648063503317
22.526628532209788,18.69305305570385,17.45265338847513,15.693830977490473
24.23205857895817,21.163953213713903,18.20914746560204,18.011628893473635
23.4551192476616,20.317176496864107,19.157865333791424,13.04983543163236
24.4429807031872,20.907247852675948,19.02737368675619,15.8033166768706
12.678713165958673,16.580934606722035,15.883354530874817,16.752062536842985
16.407814142935774,26.563191388811987,23.47850672178811,20.221710856818504
16.85676064102296,22.982229941574488,17.619118581170394,18.333341473000495
18.77642510338738,23.304667184858527,24.322583528152805,21.36713545055133
22.230535529022145,22.87829374208594,23.102908507303045,15.105214038794497
23.34345775767557,22.48494362194198,21.219354581273205,14.532926416421748
23.806767729248637,24.17106433060833,25.794710210016515,17.212651996829667
23.524865774762816,23.68809745342146,24.730156652394925,19.331555744664207
23.7263718833505,23.409404964020936,23.0523513800747,14.72351613437795
22.91171915820817,22.74273892583477,24.51680987622993,19.076787382819912
21.684373525313475,21.4468716325075,22.07687516833158,15.277668401096646
20.885158459033484,22.4230027337365,21.010668739708347,21.628607464725786
21.32008466682532,24.267353996016187,21.36831495393228,15.555451426242898
21.352691299417955,24.085128351269717,20.38605923246732,20.749754978197945
21.146865056778463,23.283474008534245,22.59677126260032,21.142594692945096
20.91906783457105,23.65188439418731,20.105571381809067,19.729129039684704
20.576392774144253,24.327881647566148,19.511779896493227,17.528465918883096
20.72007249020098,23.99112122839257,21.36863857835124,16.72227374172924
19.2127652676034,22.966005900945373,23.56690008960976,16.874729422413495
20.321165328367552,20.098493082309844,20.104273893542057,17.763536886296748
21.04023814575435,22.93768293675494,23.14806753111293,15.398347325151782
21.353394402628584,22.78346796320658,21.29251463066716,18.66609312180221
21.25106897281198,22.44172334394068,21.429233198186903,16.454021491478294
20.289603621577328,22.51851778876738,24.44737786451273,18.45855325309474
19.86636092552503,20.239862579999865,22.372981638090774,15.276231813361385
19.87544509280956,21.88411844625648,22.1551477383987,19.404408498381585
21.95964008827154,21.19332493465885,20.139347097697826,17.796121648613184
22.02040393627598,22.440919438538582,22.84296346681482,17.2039322777153
21.7462251455021,22.11800704248633,21.652336509670395,19.7009010421928
22.054459037408137,20.68053502304109,21.69859964936525,15.012811691062996
22.16277449965004,20.15282714882235,20.022648262741185,16.509593721920528
22.4119248516384,20.64650599615601,20.028907721177667,16.94032968594919
23.52638773417408,21.87525121719639,18.441883922988755,15.866017540470224
23.771531345115694,20.687833102207502,18.97329225222128,17.617279198258714
24.017352480224236,18.541135934950404,17.627275718039584,14.867372562884052
23.096808775480724,22.48195473489689,19.350127766716195,14.90547659966719
22.149856389401133,23.70868372202741,21.30836192725033,13.534399284792608
16.072341855473724,25.55695536902964,22.484237267182568,20.91813728003074
19.6206896732924,22.504271826800046,23.44192565721119,21.470039121413325
20.68264674100976,23.31173581688729,23.417483487010852,18.491396770104817
19.85247514580612,22.04219630825208,21.660762723329487,15.295977847565538
22.04839256297589,22.6699173155786,21.13213434333096,19.901819844473
21.639871946998383,23.628438079317306,22.49718508999454,20.00497106872264
21.429959361917657,19.23034350410523,18.873150875391456,18.51049104147591
24.28746204995228,21.492789080798545,20.59463846496206,16.722678522243925
25.43242996763782,22.405744744091876,23.79736495445596,14.603112179713516
25.841457050557008,22.25966725847705,21.043725548456127,18.567488243820534
25.53931748807862,20.80817364264666,19.842329158276968,16.981482660481525
25.656394964128754,23.57460509146595,19.052419478397244,18.634955030026976
25.13613444384377,21.799817139531545,21.387718974404976,19.819978397108866
24.68977246281404,21.420907015901797,22.55154776334436,20.024461194887262
24.323826296496232,22.12986058774,21.262618983378104,19.417238123736936
23.88624093841642,22.139357859170048,20.763514338170875,18.616434886381597
23.1023491519062,20.58877764899404,21.24636927372113,17.339161565085814
22.61427316535494,21.99722305570116,20.821290787263862,20.06450399676088
23.15901613738181,20.413245498444144,21.497021453146203,14.120077214668289
22.67285562617413,19.512863064811143,20.763334361539357,16.522207176167807
23.45247313571077,21.431916739526013,21.050358724403093,18.427438835356067
22.87813139184618,21.425471649690497,19.21791064880176,15.622386606096958
22.239340858278226,20.292611300880044,19.63947434727466,15.098358047208066
22.30592457534549,17.925132860589702,18.854053347683493,15.685750348903335
20.659941435059483,18.332539821370844,19.20596048153023,15.187549975994148
22.764855353866512,21.5501076733307,19.368445486973,12.309152306700785
22.734337875792296,21.58371495969726,21.349990151302787,12.90428204347937
21.273815523534868,20.248179429862123,15.818310269664304,12.53899200789271
21.26119765515804,18.04353617773888,20.04743353303304,16.621794561902757
21.3549543272067,17.093109670525436,17.07857865396133,13.99351399738993
21.85842722217257,19.51027711946711,21.084352409903094,13.707770049777489
21.104947033329747,19.490365261867325,15.820224078348652,13.033413400677745
22.18119300237559,20.13308940751616,20.43939017257225,16.890192089301816
21.947055982538583,20.084326055880656,17.70868014019865,17.50279516159991
21.19954483370117,19.36044207688464,19.39542232642066,15.687644211314186
21.7182630526765,21.121862090272973,21.232480874620563,17.772837380547305
21.550923469963617,21.18210532983775,19.024003312556783,17.335485741200888
22.36666521359697,22.386584773827572,21.03906158615716,15.692387795961048
13.5600511747559,17.16065257822613,16.844504451480162,19.74327210305261
16.853603562550465,24.450900256720384,21.32937742074109,20.70528322759709
19.31573139495352,26.7946917162309,22.407753485136016,18.413058261229228
21.365284186288655,24.58913314250252,21.583319594567143,19.06067229797341
22.4622538586738,21.616607523454874,21.426920877368445,14.570814893437372
22.702065475982323,20.563337998897,21.451594213869228,16.910381322104637
23.318110503133045,21.78065498538531,18.52584094513861,15.14650289447305
24.52127136729538,21.541058714259123,21.38508371639199,17.56360163104816
25.58863440989816,19.09874293157799,22.7186758792718,18.42047570298759
25.972634967380746,21.095158243975572,21.131621259125023,18.39660687149616
25.57596922035945,18.127949956866065,16.65809498086648,17.607366544891406
25.00495733377988,21.994807613434705,18.55894793897578,19.883677817814217
24.471567459448423,21.43882298631289,17.942494420985792,17.399303248801214
25.5218250804311,20.309449779010155,16.99630662356309,17.66081623169355
25.7664540932532,20.52148254192409,18.783893651472976,15.670095334858065
25.771929910549392,21.893520035410585,18.960656223208726,14.096578124989437
25.91700087266448,21.52526985469574,19.21100300734236,17.36333635368159
25.5676748283115,21.5804166308274,18.83551044432932,14.611369974128962
25.20918938652436,21.76286119005648,18.469180495638383,16.515295041752186
25.22418324036599,19.608009604847144,19.418486953910715,17.87736351040239
23.827264737736147,18.30354249166212,18.00226232590306,17.97980525534611
22.431743919572387,17.34252290717913,19.711134965732743,14.229440052594214
22.826115267848365,18.77153125358732,18.88193899959727,15.414304314008431
22.875515498409516,21.20041690407574,18.248803287040456,14.84172423719094
21.376422770086617,19.03298697124267,20.885573490989984,14.25794312381018
20.684100559934787,21.17223820036152,20.037205568746803,13.868788912055804
21.27438078001019,22.84639855816754,15.95714956565052,17.912700446100832
21.161592356643933,19.49531253976069,18.251356314472694,17.377191839151738
20.750415597179018,22.760047929970774,17.129869072779485,12.863381032422687
19.58072506746576,22.390741203931,16.889730959572827,12.769212194944762
18.85998147573103,23.53795369764265,18.769005373342395,18.78383251772336
18.705307251798637,22.014120554464142,18.79420475988597,18.378865712212416
19.978584404326156,20.66677085288396,19.98096429475505,18.04032993953409
16.97117858624597,23.156109144400855,19.610968138123607,13.481137221526376
23.528993680659084,22.004569315193617,19.176730333147205,14.50781972030046
24.900962390329607,23.053059931852868,21.314441736894235,18.811957149443355
24.81032611046753,20.622220300445257,20.748570428069257,17.406714565262863
24.509037374931783,20.868829463852293,19.988571153739944,18.47272649471993
24.85311895950707,21.62450520064303,19.14612358541081,14.567017123401824
25.05100774074636,19.23827541299473,19.31207826472945,16.594335940996178
24.84599275800802,17.8277384215526,19.02842353139623,16.333276800545317
25.07351258380919,18.811327486537586,19.24331964831424,17.526720887637087
25.242255075327137,17.210580471876085,19.60256960227438,16.423925420956472
25.390403722940125,20.836001245745845,19.05145687401928,17.330019820589992
25.078263008496474,19.772643654886483,21.6408575845568,18.230727037496678
25.192566419991294,21.11713420339857,21.05802621825941,16.867222872106144
23.99483941961799,19.479491730560834,18.30331157195013,16.998894716118038
23.59047371600808,22.634925313874717,21.054167155031376,17.298768566712656
24.306371176270023,22.694896643318504,21.77513797524148,15.988775104314437
22.151306640901463,20.05917712787996,18.284027868983497,13.781841406058255
22.7867565022615,20.75315679995724,19.21165140231589,17.580125154538823
21.849448405685536,21.454411399483583,16.876306689606185,18.524667813290407
23.352781096749567,22.572858484905822,17.92040207790523,17.184295636598844
22.31465351791874,20.68287398465112,17.472617891975613,18.765251642648675
21.999081625296025,21.66828856908478,14.898977904662845,17.144162445415244
21.00447033327072,20.581024418612408,18.825788610880725,18.464796609781413
21.63182217230933,19.90608545905664,20.613834968030872,19.06773577860152
21.38856282824193,22.19665113411015,17.397332422545762,18.925215339784987
23.000480184056133,23.077610892408163,20.33023621024296,14.341947429516106
21.53797594246613,22.38026410181098,19.239277151235594,18.976974276144837
23.207275406514835,23.326103556249365,17.342310525580487,19.177242504958212
24.20020002916432,22.836707482008084,18.117990714172617,17.904046253208392
22.720799705288783,21.50054738204447,16.9237906396992,14.629583640491504
23.081560628349308,22.028170971925864,16.524001595743716,16.1426248543397
23.560370328901957,20.02695430559123,18.38609539207248,17.288740099031788
23.600035636057644,20.11650210826672,17.347055012525217,17.680144699968732
23.396118067214378,21.0702239675442,18.846239021142903,14.399882817657575
24.717686258887174,19.534372611398886,18.745635099715283,17.034171759457053
25.47018559080325,21.13762967248533,19.66935913337104,13.44464139952248
25.869171393831348,20.485668604533966,18.338174584864007,18.155208698244454
16.10564277421228,17.186598398409767,13.662646280962354,15.988177730414108
20.51131900535623,23.5859009341308,25.839455110898523,20.91270783631852
23.142506312845946,24.270390286744533,21.47923279636416,20.01688356415215
22.656768195007505,23.780383116994773,21.926233466350595,16.706606051201064
22.644667677026053,20.412837609819437,21.73000740792961,19.0978080179105
22.337771679023955,21.602428418658445,21.28943041961998,16.4291445317337
22.87260331606683,19.53442637780793,18.766973416085147,18.418402134343307
23.33301583248013,23.529684173516063,21.039504262091217,17.145233229524212
23.762495781820448,22.07886374412826,20.77757198704869,17.984672741297363
24.268641106195304,21.6262189494472,20.7125852578976,16.993980041314256
25.1158074119228,19.63755183891324,20.780489309195712,16.69266123424879
25.37925701237376,21.528568654620084,20.55816322484007,16.702069473948963
25.328476655572263,20.5135427530039,18.25759899449848,18.90189500680817
25.554063820418264,21.575634944555706,19.432775700284598,16.33757540484865
25.30379837875052,21.364627967832437,18.958282156725684,16.884762192821682
25.279006417990995,19.981962213664968,19.61614706939477,16.709310761576546
24.583557227951825,19.675566902434294,17.840812102839955,15.747623104314023
24.212177726108468,20.2075113939832,19.570043078452,17.57455587142252
23.833743010125087,19.701151220879797,18.51202447329727,15.743683802866228
23.79300914198289,20.48830041102342,18.367346339874544,17.151246506561332
23.82132133447313,21.99392611486021,19.461150496845622,16.921277426236117
23.625928744546076,20.166020880151937,19.36049266347129,14.741162342713793
23.58326035833146,20.878479104840878,16.81401187931984,18.520848545669956
23.286424359399238,19.657524539207007,18.6304143904556,16.71610892502184
23.173221132890177,21.67362940732588,19.396461984988605,17.241563960472188
23.20678010833106,22.353358375054484,18.9236938814858,17.482801411381093
23.38176109034846,22.78266394382888,19.60152633758686,15.765544927599658
23.928302526145277,20.641070492652613,20.45685989642268,18.0958355033866
23.430449532359148,21.375999416744538,20.11742679226725,13.477156888272551
24.15702259848946,21.673966022761885,21.544474421734765,13.506777385833104
23.54413336722531,22.18180266964265,19.277276022378143,17.169809755808895
23.217761105055065,21.836936413427583,20.98856664572223,13.82686329394306
23.80626106336109,21.11458295836969,16.99080660309373,16.330025145975455
25.186535593873035,19.30837604055764,21.19532195887326,19.567722733009425
26.476860165892106,21.604056485587453,20.21080010315541,18.67169456229239
27.440472044266546,17.079615065890696,18.499572794617716,14.435629750986974
27.80056227437429,19.611710484005883,18.538252958776827,16.81956098498858
26.28071960461791,19.349493349916862,17.4806289033484,16.620577602615445
25.80299280412611,19.387118489249342,17.112528489966433,16.9765676222432
24.543297448186763,18.92122151090412,18.63881696032113,15.0047290890393
24.855634786795665,16.951851298905243,18.92844493044633,12.962432114278144
25.75328086560964,20.268069733749016,19.535774964447658,16.48442648290805
24.85438747862143,19.11046124071898,18.736218651420717,16.380911785179933
22.40413800035336,17.582074808445586,19.989223227699583,16.189865142112904
23.953920029864577,19.60610597880246,19.974750668357704,16.427840683870656
23.160854192053705,17.63228288651615,20.07483158899993,16.61660473797559
22.55070780152298,20.169028558285238,19.093545192321702,17.59470638144161
23.588257292469976,19.33664465136776,18.74543700885434,17.10225558346613
22.64748012386725,20.601178663590897,18.74137279319032,17.09010905105057
23.30363161825638,19.71507209566124,19.419691425374555,18.390559575450663
23.114322120866262,21.353547590390203,18.50309666850409,18.47275783028256
23.57376517930406,22.31988527576892,19.932189891821743,18.25981766272441
23.521283892491624,22.912352992746296,18.982711420776937,17.037612251897034
23.951732127242725,19.333052178838805,17.74505987062266,15.443924492104664
23.45032725653353,20.748469218104443,19.237100347608727,18.07932119709434
23.456935041454454,21.180486199316658,18.560559211827023,17.19988285266493
23.574670038326364,20.16330579379982,15.500048768482488,16.218460374587767
22.219774235045637,18.12380260473884,17.562021737365285,17.783541870846076
22.903195196929197,20.408600623326237,15.75206160650344,15.010329225892148
22.65142227019196,19.180525311885308,16.147922568422917,17.402019497236527
21.466127943042817,18.164752992565383,17.489509352924838,14.26018682517998
20.911625052372035,20.50909335932684,17.527683056865115,14.017024083961138
19.03695015567416,21.12612479932785,17.628396218654995,15.294029359917152
19.62575654780935,20.40586491256828,16.66306546609998,15.70673500616141
21.55877784502256,21.551584970910977,17.861959292317305,16.302492502363794
20.938172693941585,20.67372482997764,18.964560105285216,11.43174018965126
22.91230935745696,21.84574530986416,19.093716757467103,17.418539558917285
24.161462512254477,21.387046910315977,21.009238490724726,16.604355432856796
24.72160336853307,21.70808698943665,18.45153202190385,11.54820198731352
24.638497903278573,20.92334075639198,18.243521416888647,17.13174849857674
25.806340664891906,21.49894859451534,20.36039782921624,14.744230037254283
26.677342575717287,23.010194889048535,21.290830730288267,18.57463814888336
14.185890402048551,17.81796342833468,16.730792520728784,18.225808894296176
19.706464633830617,29.07143073008507,23.01068368619107,21.915877457239134
21.528636358655827,22.88353728988693,21.68150145823635,20.170817987779717
21.98546636079321,18.53852231046503,22.391847989382143,20.29562298567969
22.21304349525124,19.887060098638973,20.868021347510272,20.119206087992428
21.579418279489136,20.891786943709107,20.57738580036561,17.79196467886865
22.85928817078566,19.635860449919047,20.69571214385302,19.528879921931967
23.66866441362397,21.029941730563028,20.881037676165203,14.00471796649814
23.811167217697545,19.830058307963693,17.840361633288165,14.653162912357644
23.502910851967503,20.59917751284073,19.866197266020777,16.457719100549387
24.54721203438253,21.17717927170752,21.7786903339523,18.305994232807187
23.95904455399116,20.193988761614893,21.70786115508137,16.639743415092997
24.577374621685163,21.46460461953684,20.073547126008936,18.078862851421828
23.55316933118153,20.610465705074635,22.31699835993783,14.971060069315746
23.059172959143567,18.946717402658308,17.986617220656484,17.807070298671725
21.581099913746574,20.26165266994161,20.73002861627559,13.323278963582805
20.576610309685737,20.25242273150886,18.94442023187809,15.429885607289824
19.32574672641432,19.9961639658414,22.41817116328841,14.141536764162623
18.717732068003347,17.987329806150125,20.22469980528933,16.633621972200682
17.52735429781978,21.72475470603815,21.067937470553776,16.359457056482654
18.247125864297548,20.31803784276672,20.20084722416692,15.4972339542541
17.752386715037236,21.618127873096245,18.93775358885698,18.05369123863557
19.19307444901958,20.152676655329405,19.097738694398,15.759060187856091
20.083242103441627,21.46790503363741,19.800112830998724,18.168673144182677
19.92432284746919,18.937526031709016,20.816823399379555,17.17019041988537
21.002263752804087,20.78950270606412,18.62416851137475,14.958010658111114
20.463738278318758,21.050689937558385,19.880542473691417,17.159157908214105
19.03138175802157,19.82710580523271,20.3022111805374,14.28337638692483
20.41019981919804,20.148548821972422,19.734514627054903,15.675820238111916
21.78672538472845,20.28906158328172,19.31752674303111,14.117033892822183
22.73554386182947,20.824238035750813,20.14075294195563,13.689602859430073
22.374556594837987,19.542791052363565,17.766446015870702,14.39772943583173
23.41047063620643,20.24482136566778,19.333349487672184,14.546837329365744
23.67798988010762,21.601998921549814,17.322982776380847,16.330385354907694
23.181607573546312,19.507271769584975,19.589144100425862,15.066030882999849
24.89967785032515,20.422781995585755,18.323610101984134,15.915456101473785
16.320026163672708,22.690012090969947,23.321234362366276,20.81217586227641
19.22198252585811,23.085548028540924,23.20277926304649,21.61065489837952
19.316935643322054,20.75392030928048,20.07882010222451,16.08646809785166
20.343938613448216,20.84456595149604,20.78243263807412,18.04772355851799
20.55563821537327,20.110391597284945,22.073485974499533,12.713304443205113
20.29203756863101,23.491494370260245,21.4105876392552,18.760948694108475
20.228941844840943,23.468399474582096,21.69155926990821,19.39223982810623
22.10018421585376,23.23384564162292,23.536813660974243,18.147194445656464
23.147802987204003,22.649620668317635,24.2004063720582,19.969437547862288
25.02144911579357,22.732265352419223,22.682456719351787,21.63713571355369
24.56732787456048,23.312944199786603,25.2977605416756,21.649741770231877
22.24609876738348,24.00899524717424,22.800289714028853,16.916895849339102
21.09920405251836,24.48708338142069,23.99636405733716,20.985538573232787
21.145795077829884,24.91242546158284,22.62957902067545,15.113489791191563
21.89684382146292,23.899473256675865,23.5490212514481,18.67828824815777
21.147880126332893,23.463053224595324,20.966383881368863,13.468206034713118
21.45423626370613,22.28126636291989,21.234837150773377,17.880899963543907
21.820188568661973,21.964446906418985,20.310737772974296,17.61335539267939
23.770699120159296,21.013713581822355,20.19679993667605,18.909573626975664
22.59793334822344,22.447063250180225,20.065533513499037,15.116180923128828
23.396036411831883,21.72413289291558,21.257239282486463,17.277130106414784
22.2658348670792,21.603294220725683,23.46079788817224,15.522815114392932
21.8435791259956,23.74999518592344,21.173436742539856,17.231416690721847
19.8607376728358,21.986171424449434,20.76973194683356,16.440854561906466
20.67623767643476,21.79529489480053,19.300004559389965,18.17577527434721
21.827478009126423,23.18391064226274,20.260560200819928,18.84504245328309
21.14292613781367,21.55636198408257,20.279206519619148,13.077219079164829
22.17364907012781,22.362098467136164,20.25612572783854,14.23783361417476
20.96598656115721,19.413563342565578,19.96961910263429,17.906099545776417
21.77340966606524,22.132256198637723,19.013493904167643,19.1043482151738
22.892508112473397,21.983930975595936,16.814757393213913,17.651278255278296
23.62649686179473,23.018876208023567,20.57713233197204,21.44564174599759
24.095280591429702,22.592926193587715,20.85728161398986,20.84290467477094
23.275825785274797,22.698412727901427,18.78290903772835,17.126031799003226
23.59974276187497,23.221147922804235,19.987881415969092,15.54282342292906
14.579276143176807,17.604716745746867,17.73106010911624,17.646286100679344
18.72127468073658,24.391481386697052,24.471676751606324,23.989052740445185
21.13960119419501,22.63488581091405,26.241011752254565,19.39032656389031
20.394530540331417,23.3918343465333,21.984313207041534,18.90564652215637
20.67347462115967,20.90001950744443,21.712494305822123,16.712193008778346
20.81654409497632,22.84720878122771,21.725521523417346,13.32581169702805
22.14986346943112,20.03406704829297,20.83225009065923,19.12115946686219
21.883179956100587,21.211338628959396,18.972958246363746,14.88419424669484
22.02841581924377,21.607285699813875,19.317634470660305,18.026290396796146
21.20097262452423,23.327181735259305,21.986305617485527,18.599767568704795
21.420455163228425,21.233756553971087,20.874139814943707,17.934790714129132
22.42298031068259,22.165969401656028,21.329354839222727,16.38449824101693
22.776112845195037,22.86667494178681,20.902711955127035,17.911264999319013
21.9602904427321,23.2470803912676,21.39875930675048,16.998646130817843
21.905153401954824,22.444631488965744,21.37554988513841,18.10890242057467
22.799267964228523,22.224834846483876,22.020408571950185,17.77593336763214
23.44266427611104,20.0439740178216,19.184273126029836,17.547271216419386
24.33739727805153,20.91506093750279,20.275885252287285,17.699604678544826
24.061621319272927,19.38949159355493,18.799241518185585,17.657791553359797
24.151489998810234,21.43137912070817,17.454419698839185,18.615462199041577
23.894687994346786,20.717428673882573,19.74633496279053,13.700526306566102
24.339843029819782,22.6580935835878,18.38916874406675,19.47100096673317
24.566384768742143,22.034803767910347,17.7363569580824,14.247937974264824
25.49767470211757,21.919857221185453,18.000456875474924,13.512839227134515
25.273503603802897,22.618094126513327,19.16303881261728,19.07366561612773
22.555672226158283,20.28774756047422,17.347388948721164,18.365464596524475
20.39053625276937,21.4232396875463,17.620398378112466,17.297003801920553
23.54513606567029,20.856616665288573,18.17925011355726,16.79240939372492
24.6685277190039,22.074958651599104,19.198408817563,17.62273142790439
23.903799514765137,21.63349397003691,19.94615654365347,15.959488753945182
24.19591158595071,20.3594128890376,17.798143652535718,17.389359934853353
24.587660471925734,20.60405009712149,16.96405145143316,18.33330023094227
25.34502428635409,20.80183275881186,18.6041793490061,17.128760729920472
25.06567099162203,21.27085468410732,18.949416145314814,17.265394313650322
26.018528174584617,22.962757770500303,19.06884847857762,13.41249770979321
26.146713462670107,22.42953233416412,19.857685792503343,17.371946532821156
26.332908197451843,23.993602751529192,19.44027068042875,14.643566814461323
25.709830919647544,21.766770033864404,21.81789561203586,16.922474751794113
26.69232550643605,21.855384587905224,17.750560261102574,15.672118219998124
24.73668796085539,19.26069541127595,19.46975059011553,17.3901672965703
27.85112443469916,20.159072894675493,19.170242007388364,18.463495036690105
26.318349529800923,19.89035640122709,17.81820909782469,17.441931552448068
26.19224038179984,17.86107644315312,21.870071727072258,17.247359709546725
25.85099502938337,19.261853127680144,19.683347657188005,16.5435763622587
25.893455896667835,18.33913823562972,17.894942579407992,19.45967182285254
26.41804742797677,20.413645512972543,18.215757706396214,16.339604124719248
25.814442602833555,19.3820770889504,18.935638588133205,15.40174389799108
25.61401915808732,18.0706611620059,19.19322116032217,15.08077753245289
26.16280241375744,19.729866862163203,21.04048481789817,14.358755972045138
26.40918978582197,17.81657338992005,18.25032861125017,16.696082915268743
26.13791032474297,17.92220349976363,18.413159316734216,17.27539235413731
26.72589115269987,18.37352796806863,18.368192684371135,17.23767393129946
27.154720578898782,21.96310354558717,16.998467108120515,17.236679496179423
26.824523149957685,20.45146137537041,17.31816647075355,16.86007627234955
26.78036684255392,22.902556418177472,15.901386871766862,17.98483754635603
26.38364292219057,20.572059370154307,18.737642251131323,17.574874777495545
25.257687648158903,21.583203916162432,19.485161803381494,18.0116204537895
25.08858299783402,23.15270977058799,18.82194653193901,17.199926433850475
24.10272166237578,19.920444330583468,17.696978145471007,18.190904333485346
23.497574893152443,19.56791617357849,16.964934432524267,17.349906107213574
20.50662276177298,22.408110018402013,18.839748202926792,16.49661789024405
24.60176693613253,21.06659337458824,17.155513664766712,17.712712743844975
22.619703142217947,20.028242273132214,17.370198226006593,15.702322321234526
22.250117633218892,19.33712024636577,17.11879070803897,17.393657448970337
23.14438658706024,19.63853904347613,17.682848959448542,15.95898172684526
21.925191677993016,21.166101059065127,19.2844091133901,17.624469440711724
23.47147361849994,20.60441870454085,18.016291278613423,14.773933670757918
23.40397373166321,20.331571480863605,17.411587771296364,14.903951920403651
22.741747542704235,20.96892873393668,18.22351461256346,16.573872228038436
23.528919698254825,20.033607743867027,15.793493331489769,17.02650617869016
24.01400206169923,20.803226729231746,16.704847618514908,13.060050901412204
23.62086384855954,19.821208155462084,16.60809616872197,16.9915929967801
24.62116578271278,20.75784698890073,16.619166185084065,17.646426737560233
24.48159639181038,19.514875616068533,18.31470721120893,15.52385934487858
17.65228942340345,24.902841596326315,21.069105252894843,20.22285705169184
18.867545773568263,23.74989763668936,23.126602817133172,19.789580090557653
17.743354112602535,22.835993064004573,19.5724818111801,21.0671495404862
18.642984533097145,21.31207423736168,21.446597058243384,16.563345468688492
18.55232654822591,23.11962559030688,23.02854470271897,19.472400303944465
18.109286644335597,22.77332014045292,22.664652934640213,20.009097177744437
17.81948541400567,23.57922755036685,23.204276811386556,21.747041250038365
17.90735729598616,22.04243730753972,22.04188394419564,17.57009877298427
19.12601308925456,20.616212135492464,20.20641309963285,14.740126349233243
19.614632062024395,21.47661839740009,20.613660231966524,15.587294135928088
20.824362256713336,24.02848442070878,22.734953287057536,13.404550759438465
21.388134505975003,21.31838897873296,21.638417363006145,15.75222941890568
21.66056624038525,22.410571391465144,19.78321621154585,17.08807931634008
22.85927899386869,21.74215084274682,22.88662682371381,16.791881884979464
23.164053020072146,24.477024527027364,24.85586686396177,17.6328878090367
22.381522937656666,23.16394366374224,22.650874029587936,13.3261787052133
22.58658767355314,22.241900250075812,23.579499937406258,20.314393063462383
21.98491303824359,24.895715041006696,22.062364555361057,18.03494984348504
21.96697725066656,26.05575200551216,24.83241977144505,20.253130554017247
21.7687586980332,22.78177554578382,24.928651271031853,16.282370096804694
23.059000623148165,25.6001853850284,25.06422686660348,14.39952909057885
23.79883854223843,27.130072880343047,25.036890492395628,18.458627954804644
25.359262755616072,26.93560825964809,23.41551800093237,17.17986956543487
25.444584933524656,23.90243539134114,21.89698766272733,19.702065908451527
24.55838392441028,22.65639988124364,20.32256086997008,17.105751024412317
24.43359447989012,22.726557115248117,23.37650794115376,17.75352626307453
23.930430402714197,24.480722180413256,22.23047871152132,18.27424353123812
23.804044416878416,23.02788170817969,21.754818658018817,19.67902838880113
22.23237917007926,24.744844537282884,23.46277753930821,18.214578203144644
20.51349579779466,25.29409462499763,21.735684775305888,17.35614705657302
19.63746146112005,24.972591250489927,22.515359089648268,19.27362909557603
19.05119947389137,19.980571344596594,22.09260468058056,18.735597441819035
19.815863635841456,22.92371412182121,21.676221114748497,19.89131666491279
18.854281925882336,24.145715201126816,22.142028813465263,14.399485313793216
18.236413348233484,24.73007348545822,24.72371511261588,15.08481453999717
14.129373263541549,16.998546986480218,15.352547657363289,21.50804539027673
20.439984455709418,26.182085152415585,26.471818571998167,20.90816755480696
23.153159833554643,23.738520119366036,23.642603649811672,15.200164540295418
23.19844261193276,23.01632032047625,21.306796954329723,15.294416127598684
25.59867598379948,22.870484690462508,23.111556524604254,17.681164675381844
26.642892144353635,22.62195582374315,22.677607396291524,14.40250119708427
25.57415739097813,21.37142729132832,22.18808086710709,18.43615972242299
23.51182263895828,20.216331881774323,20.232650283412287,16.933730378113093
23.86077884206497,21.984237235180675,22.6836335497122,17.039948438023018
23.223276294391628,22.34883472573587,20.96810247487373,17.794257644148338
22.621318235005425,19.654589949635135,20.55999818181999,17.819961206156
21.75744597088121,20.857897619593,21.48202384664677,18.611192823312752
21.49280439797153,21.717869477010456,20.9902726589255,16.50866939865258
21.864363439879213,19.894044729146263,19.78565196786185,15.633770518067148
22.18934831552216,22.026949206893324,19.916492463908597,18.784687825332167
21.90603526470736,22.622117582575488,20.149431768256694,14.455152770674852
22.066999826405084,22.342833561767005,20.394101645118067,15.379496487393432
21.69904074555024,22.608608725729606,20.101260212334424,14.674833188414109
22.304621154308,22.38207947415665,21.187033399206467,17.49027944618116
21.993874311948016,20.230936867507168,22.13414334887809,16.060854710564694
22.95444019017288,21.612823382788903,19.23719994697365,15.80381952861695
22.924619570521568,22.062208002072627,20.44164930176491,13.085108551353343
23.496625580799314,20.29549638409924,20.631066632734328,16.803222943061886
23.975377935313706,21.836322428628176,19.8600155368288,15.856390463636968
24.2960786425196,22.51180895854292,20.023322332699337,14.417822861953448
23.964122865390056,23.396977362449903,22.1504819548086,17.613957585764698
22.383159070075557,22.669797415599305,20.92573291490235,14.161443667583
22.215311545133748,24.396693885022312,20.312077982603743,18.1198085628278
22.99437491879283,23.353327351691856,21.09057466012139,12.913648297938522
23.612001286903737,22.113837203125065,22.13017989174479,13.414968286883896
24.38625364975719,22.07384633574568,20.600574671360807,14.313161032447669
24.840730853222286,21.08685895229347,19.09681764994612,16.633946035965263
24.68150454930851,20.0768515481456,21.678506324030725,13.823020256671256
25.47949569638183,18.000332510548372,18.76638830272641,12.167668486548884
25.135279594693927,21.242520210126568,20.29473174296929,16.419608018479842
24.74143632350821,21.089085414135106,19.130872272218856,17.3511939480961
24.774331927526045,22.102500595341315,18.66662833134168,15.6981951560122
25.466491825665685,19.91184331419131,18.08846870092599,16.151649856430183
26.097437925106505,20.796454269092447,17.279849044122265,14.391683828590894
25.99509554665667,19.926494834787,18.580642143333307,12.394866762905512
16.827284387058963,17.86969196193448,17.33900529796354,16.666057522808092
15.634185478824056,25.28772017171205,24.016402683304587,26.44413724020676
18.458590934658805,24.506350849675613,25.544701217965216,21.051532716173448
19.027593611462333,25.050904791903623,24.526557042213664,23.16974290514459
19.64990424085942,22.80404179685437,22.076361571575728,20.068273566109685
19.408007435986388,22.55628244838482,18.99006625990704,16.807342577559396
19.849006458989475,21.301167390433307,18.599548405805365,15.030206430387736
19.955186547681325,23.72949052289206,20.48318093143748,18.08512308244361
22.3735917260374,22.533972349412355,22.80042482173212,13.581260267288412
22.44343391156869,21.30596117666133,19.3548266074456,15.871538301534729
23.458287933716264,20.72964959641383,19.734834658059103,17.111201616950922
23.73254108377007,21.27422923340203,18.68310749812855,15.222842462507252
24.120939442596427,21.30543112517635,18.855244470126248,13.928973622765769
24.37135430430818,21.02996783864396,19.149004916669,16.927682414425032
24.66980448908773,24.987233427230283,19.66053230688887,20.75571017679897
24.06745555583229,23.447630088116185,20.836526363190085,20.30196607876691
23.474657974946563,21.53506999793645,20.74624123652434,17.193464476547046
23.955365818294837,22.908234019354293,21.05340524451321,17.673965997980886
24.030749537808628,19.66832858394673,22.63656039610956,18.512450924283257
24.841917740493106,21.840454491864858,20.30108759677521,15.712311019872814
24.108081072574294,22.359322559198237,22.577884497219863,20.158165279140785
23.132476809236355,23.54725221972855,20.91059720493089,18.11479362821744
22.319834377446764,21.72568512994441,22.077902655911306,18.76854157074516
19.7524432416188,20.469505680253643,22.139991101301217,15.00909071754645
19.397479066552645,21.054755173512728,20.226504921106617,14.096458339607617
19.6970597837927,23.59599575446555,20.05625534480992,16.54620269244739
20.24302677924028,22.84410372974048,18.401834642386635,16.56351972652445
18.93462761414129,23.75376111810468,22.69870103775504,14.396236088410111
19.192860842747915,22.837758692541,21.929312356046957,13.686406307774613
18.602403794490133,24.962464092296283,21.783992775182128,12.65853355896694
18.74007891262556,22.79022496518564,21.74207983559423,14.24462353663983
19.760729487300694,20.993069551151624,20.491094552244384,18.43818151306918
17.56427756723539,23.608310058141097,20.80438382209645,12.385389205537011
20.905076976696385,18.80059925626024,17.389934756884994,16.250027626854322
17.150490160373142,25.876298454354774,24.787924848391054,22.820521160797718
25.25244959721269,20.49142157043601,23.5548610161324,15.57939242380088
26.715608474218424,23.36216368346028,21.648105014785187,18.77487367820142
28.635210624284056,21.911878111808807,21.480688875535048,19.236530549580383
28.51257294396157,21.18062973968794,18.932957302163462,16.817737105502797
26.41002461167592,20.47422987303683,17.21075803349549,17.195662590170233
25.902278889699417,20.734341235957725,17.578986684088346,17.413482363787594
26.633599868306877,19.618906605313764,18.591556533425365,15.447760619306116
26.807249646302896,19.46731174598401,19.55600083455523,12.996243709289727
24.973542979183023,19.74540687026086,19.22909468956466,16.281426021901876
22.80000540057588,18.6420773823542,17.756156840963225,17.594645111845008
22.98403522646629,20.4213431204142,16.626679333995416,13.78940222852009
22.326363214992917,19.63733562251031,19.072228133939152,13.86695405195754
23.57927428863938,18.80052222858784,17.546748054817666,15.770439820068589
22.84082036664182,18.23340623448204,18.615149445498965,14.567180914439986
20.95536227048292,18.11137376923961,16.62184294367246,17.564872071010146
21.6110935485131,17.856682122273472,17.353193797061373,15.629785485706536
21.72958359126675,16.442158233738404,18.52169450384662,16.60767947586047
20.30896561888464,19.10877303298728,17.906558688037745,18.33834728311227
21.9833495701569,18.776375379487224,18.279078415057477,15.167162408253864
22.10471755426785,17.558664570528425,16.88368525608531,16.709721154577686
22.30111336942295,19.133738380957634,16.98422462328141,14.139022697030091
22.809023935546463,18.96118400583341,16.355322511308042,16.41875100677044
23.304339145911552,17.551224321032766,16.04460697828482,17.512040799814404
23.90991032029557,17.976070323634218,19.1277000833085,14.4590019672224
23.01177010410912,18.652604031496452,15.708417248214856,13.909908352845624
22.407543161975287,17.9685765615005,16.310774989528916,16.04243499911827
22.476908359334494,18.480211949327472,16.236943453309106,16.696786396187143
23.060767895408727,19.10503112127781,18.20456126150573,14.08211848150655
23.13811726173034,19.48667107992975,17.540781613241275,13.300426095989115
23.877887562573942,19.939558461053647,16.376256541700638,15.654226445822792
22.386847115348647,19.23458805343863,19.341171571259515,14.378941846098948
23.36254611935107,21.27907665304914,17.592851696089284,17.010783680185707
24.7375100321819,19.891895658823252,18.077457502108963,17.890127842177833
25.00633275450297,20.86269643917258,18.09159203001226,15.267354368169878
24.921701416964797,20.91412948748993,19.37648800820024,14.36463206038922
25.33949480376202,18.893891304710955,18.82295865893264,15.703503691557808
26.35625230910272,19.924862557770183,18.521912771320316,13.103961372523395
18.224870025756825,26.583915855051647,27.63827287991357,20.926054579317327
18.917346320055213,23.76463086555999,23.944757787501064,21.33813036411057
20.56442286796666,27.017346727528388,27.19608377849742,18.51056855355686
19.57813329883345,22.521089519699647,21.40816603210768,18.51943203007607
20.19069711593116,23.784337651879923,21.18247809362501,15.742478450624732
20.33912267754008,25.651499357374597,19.92857900237644,20.790986377522312
21.412369452775096,23.49934295599764,22.212530889294413,16.290291524843184
23.96188538967728,22.83786093593355,23.133863687807832,21.252552719752074
25.45406018633728,22.75176221497685,23.57818046557928,21.22838385074144
24.883643717706715,25.20130822823468,20.51798035306296,16.39604967626985
24.7044019649466,22.692948064106787,22.15768252840273,17.83140769052417
23.949586218268944,22.891926860312143,22.0188642942884,18.61570944303732
24.54224407563561,21.18090234951214,23.894889814527243,20.764359098040668
24.24777440970632,25.01305090563979,22.33473158271172,17.54869598495124
23.936182755055643,24.42992067240118,22.264482980995453,20.39961696165935
23.9814397608002,23.679378330581063,24.82330808775025,19.824778494933085
23.946393392092933,22.511932690029983,23.58072310266503,17.287417679259853
23.410980891677145,24.72314195542657,21.698064924326246,17.29834962773353
24.112318977220696,23.35854661260787,23.1662064435603,19.7533480437896
22.67368877069,23.406978000577983,21.84205460130029,19.496404913125986
20.52788540150314,23.842079182398663,21.877928980489557,14.588132208566838
21.755719971799905,22.51604223542623,21.97018175529497,17.49284989991995
21.25043157099717,21.015524811464097,20.99839373562016,17.61958427546779
22.941736341885647,21.942641814659183,18.800033249444283,16.481424285165183
22.443006203960536,22.308535111851903,18.15409185546513,18.506439268048144
19.61326604324225,20.431345236568895,19.41933716154668,14.746746982485396
21.66741397696433,20.59278186339681,20.8822061128486,16.876954724430746
22.066025972658647,20.59789071261009,16.30121389608218,14.168830527597912
20.429198495608755,20.71680219891682,17.770668665398382,16.884934007266967
20.17000865597851,19.07152988276988,17.04258598162605,14.65837432508445
20.30166071442103,19.8519503935966,18.587206652904964,18.67699657800307
20.70221613897713,17.60671125132075,19.108177958846277,16.303693877710145
20.214589589032688,20.4664516436227,16.71468479527648,17.621307551013377
21.002382095412365,18.26404389115909,18.940790710084887,17.009620561493737
19.523079907900275,22.44161690249436,20.28957214881061,17.069380589970212
19.43719322043383,25.83198584100712,26.64142203709223,16.01696964260098
20.32825539902849,24.53489287987536,26.747106886864074,23.11740082048328
20.279220889203263,24.69940458893716,27.43631055878734,20.414387142585216
21.15766685561377,23.17659385764116,27.74296755631542,20.20926438761627
22.38927305737494,24.131224913175917,23.627665210653007,17.869849881864155
21.21305337196489,22.22407028729069,21.83272617448134,18.412311763014472
20.64866223245901,23.00749477805114,23.28215549146533,15.727498042779615
21.98368179937829,24.230316193503388,22.314191036042043,18.52957138616934
23.7917111067467,22.35406874051644,24.528481775953257,18.83189741232873
25.028854623046232,22.63549717873482,24.235426179042577,20.29198292109015
26.11932522004665,26.286944841725106,22.999251326698783,21.324909192342812
25.786136014136755,23.71169305991117,22.897247013553592,14.87193520622136
25.536872414936784,23.78991436161469,23.896890333492014,18.52674447721111
24.94421317382294,22.773587456055576,23.47430267087452,18.02161732371113
25.56557064798521,23.682363681552136,22.491732603442017,19.45881109817941
25.25419112713685,24.31696567172703,23.34774062255995,20.66396985483241
24.86843694662046,21.720094014582656,23.57012060776158,19.773604288220863
25.61167184623128,24.85607267987254,25.434764988373043,18.057456485309828
24.512382204856547,21.475508101263213,22.95804569009084,20.686633398162236
21.056673865807863,22.72436261424156,20.803930336115275,18.04433497178763
20.579130157866874,22.834784243870875,20.68695833347931,18.43703342948101
20.82106626631911,21.468554318563303,21.198196927175086,16.745429774509137
21.02266875266898,23.176792491253043,19.71177297197764,12.24167622605888
21.022588226009844,20.487383769164683,22.21541423693431,14.082095522883678
23.371304971687405,20.663024027220825,19.331926503643302,18.664473178247885
20.48242453698316,19.220181591981262,21.39352738222569,14.724956602526278
21.574077482674245,20.68067629426816,18.170796889198684,16.682950465767927
21.903909364312767,18.21777825918615,16.859885933415608,12.83934689963192
21.81381023028048,20.48047312115608,19.411874977252648,17.7264639932562
20.609285857426908,21.87528951275792,18.59160975114136,13.002779011570638
19.72652919727445,21.29574351898596,18.991800028352745,13.415412081288244
21.08316650926752,19.5494113192682,21.43612326640739,13.376597581773078
22.09929407446006,21.62059840953661,21.133058906747436,15.65887290063302
22.752583650769463,20.219434382912,19.21993892943217,17.06208687795115
23.00095591948165,20.792305339450024,20.306774078154497,16.161542839034865
22.14497409077072,23.152045977016247,23.42150981992999,15.82765648627007
22.41777790206048,23.06083268386624,22.73849909257653,19.795839820892656
22.71853195629612,22.734921850098644,21.82499625005782,19.095576176348303
21.709107265509903,20.87352405621429,26.249289871097744,11.515597006587988
19.8175752747492,19.99469904367716,21.346846392171237,14.457306610800266
23.2719114884616,23.282123314146727,23.780248160933557,15.476442600406074
27.40746108881885,18.242207108786506,20.810885703568427,15.452662053702982
24.55180841130605,22.80470878686184,20.91237323856838,17.51919980296213
24.57436098421949,19.804652900443,20.348874923686328,17.425347665163528
24.183982396572105,22.88712735175825,18.463202787981448,17.926244656255196
23.56923154376892,19.595928573934813,21.448597182829378,16.653931644059448
24.2434646735766,20.03994433199412,21.687435023400717,17.707823376843592
24.58938662813321,23.09989558471132,19.00084317400545,16.885077722294763
24.27463657162654,22.28352779371725,18.40542457631889,17.95251570050609
24.32046988050097,20.59770607344913,18.30624212639542,15.654986660774997
23.33917637887915,22.0645075799815,19.78670633677277,18.46448442445629
24.677982852797708,21.616796711429117,16.027795390495697,14.506825790418302
25.319869323300267,21.804041966781117,18.061989538770693,16.577761161931615
25.03697897877583,20.2155892311979,17.724819845112915,18.65214445848912
25.92269757760305,19.0905185206084,18.891387272417703,15.94035383731859
26.358503991415727,21.393002521628954,18.20210628008124,16.116610347809104
26.330199108212053,22.496489969766603,19.264759201809174,17.227876220763
25.91794763581656,19.915931100265027,20.333149393348364,15.90293156758623
25.58298880827101,22.989671483045687,21.450219535048216,14.594935168558436
24.994939835214087,22.16172326456613,19.497743320871308,18.440362110124514
24.648912849402496,21.807123765605684,20.09348295459273,14.352188235327995
24.024551343128262,22.798465040648907,20.160434874150976,15.614162351340257
25.00396212786177,21.3161194979098,19.97556517964636,17.388471425391792
25.282884823475225,21.791123410939942,20.223895581409156,16.23751307847056
25.3006112515161,21.388350992577003,19.7961257426061,16.7170352684424
25.064077751321364,20.68528329944464,20.44508017335203,14.261320159134856
24.03617854704549,20.903879100399084,19.11983071734713,13.890307562899984
16.768605592257206,18.50541294109367,14.469441171092194,16.646908568429847
16.795890410473007,26.258217986507887,27.40446669828962,21.993833188315467
20.03958414326165,23.51392564701077,24.969811173714287,21.232037688413243
20.00543087433657,22.07452940276957,23.78570103078853,19.28237183526439
21.092819700711257,22.21659732561712,19.2025512447834,17.168474336947927
21.911861601429848,20.42056788882363,19.99978499794532,15.000112193467814
22.22659071808924,20.735606768991477,19.91883815581896,17.365945895055646
22.38320251699366,21.52331920160964,18.149168837973168,18.29610323542864
22.10507386498473,20.1324693984311,20.55651184002458,18.13938878591389
23.425209906741788,20.41005953529996,21.130604073515787,18.717585780946056
22.840677997051756,22.973525755918217,20.849502067472766,17.40012060017487
22.145777906628485,20.2322253469974,20.66546149488259,18.16062625979413
21.713060878890257,21.009150392407395,18.706404689077488,17.283399176586705
21.069524295788582,21.661595230176783,18.31443207001522,18.45478672575476
20.400616467217446,20.339539962796856,20.7215526602426,17.408301714067864
20.815332916236475,20.335905633825803,20.520883659611016,17.84964111366202
19.758165836032983,20.657384097488585,19.16957907254264,17.05806271278534
19.50997744416776,21.125191404789238,18.797100384224056,18.976811188124177
19.3288075597792,20.25548554930657,18.888705375183307,14.097509063275032
20.4777626181842,19.60783157179468,19.68293974147686,16.50367971756133
20.852323367928754,20.019475094048325,18.703545418490503,15.275212386610628
21.393904465127623,21.05116936985959,17.92596690905877,15.214546382058424
20.52252522394691,19.100912698450472,18.931048665356883,16.91740155471474
21.302080551280877,21.349508360757916,18.23346819394792,18.23614761288515
21.76307986548635,20.15827697757996,19.79735668363728,16.49895066161444
22.54055747437632,19.61689500387998,19.5169990089751,17.248632110989853
22.54639844218386,21.230883672193094,18.19465071972181,16.79936237115066
23.781518876537817,21.631252717896103,20.780438958518317,18.359457565049286
23.21683456918055,21.804668697321382,18.94111875010105,17.522439900429188
24.173131185630425,22.04665719345013,22.81731592434342,12.80606373666729
23.71167217945413,23.53365223840676,19.932690554414524,17.016693206528494
24.09084210718089,22.00397136800485,22.13092531122398,16.864852912731646
24.02920127340405,22.083467998223806,20.50714426231944,18.41127145527548
23.44339301187871,21.232027776678837,20.44862373734821,16.904566765260558
29.3637567203737,17.635895590320615,17.15995679588028,17.169512997746185
30.68078398929164,16.92434907312263,17.22607018099436,17.289786338160273
30.04474939021799,16.691993130826216,20.193291046152027,13.14627377815662
28.25021554319793,16.35545846357247,15.731251007308302,16.31308110957662
26.344352540731236,17.941460996947143,16.168915930946362,17.398629326906114
27.11218488728225,16.185348214712953,17.711246961434572,15.316429333091634
26.14814434510869,17.213966524432326,18.64500684141485,15.746299791259274
25.98167800763224,18.290155090255528,18.082561201940347,16.2998220461136
25.57064200630112,21.15069325562177,18.64025812245808,17.122646493040776
24.373409328455043,17.23100491586509,17.447352622514153,15.538397951238778
23.671619577521863,20.01927822528737,19.458952781342244,16.621177054421256
22.853966696601173,18.49575259852678,18.452982615274507,16.41894092925719
22.57186997839592,18.33903809617142,19.928314091100265,14.37500286348483
22.413668850602942,20.68254798053008,16.259373878213943,16.972008191888467
23.10545865664701,18.22375299514345,16.955719741624154,16.616157321248696
24.225779063644893,18.565033946001797,18.42630880867465,16.63668409818641
24.957643624508663,21.020247028594262,20.02058990246562,18.003420626198917
25.871993771028155,21.27943672226388,17.22137531731692,14.977561671261183
26.25187281705082,21.16792155410125,17.151774202086305,15.848181876361757
26.842700065048486,21.33774891188521,18.290609511635243,15.686974939881026
26.980585758845454,20.13220100385121,19.39508808434906,16.207136592749766
27.146190332168025,21.889719252877622,18.77118842954273,17.692711089288895
26.698136516150697,20.093040263553664,17.337126067841677,17.897571980101645
26.41844383558627,21.147742484114872,17.196671728080805,17.198844519526453
26.00718470441494,21.172306875203216,18.24606265952445,15.653352587696306
25.332135542676497,20.89388908717559,19.72117445166334,17.06181974150851
24.96638082405209,18.71133476452789,17.447093826682313,15.893667256276863
24.22762327818029,19.1667288487956,17.57604209860363,15.81913738914408
25.36359789807118,19.7874072211515,17.32695393022271,17.497531552632154
25.45468703760405,18.590452290625933,16.727674656495616,15.784189269317402
25.751286583161207,20.14854981053692,16.747435029834847,15.868912255057763
25.21418899555195,21.03485958366076,17.035296954583036,13.905812385839868
25.01426674803209,20.303865310308883,17.924362335330667,15.814115406118963
25.34276406757897,19.836836552137072,19.757793632605768,16.528997030902882
25.97724267880587,22.512547021017014,19.137762375514665,17.2447532881996
26.728025601054515,19.610016775715305,19.115124964718817,13.273294505922571
25.931159267246567,19.79645508277408,16.551950428161007,15.83797533380533
14.64774499720535,16.60043685570347,17.32704507465502,16.921022276705287
16.536456660351725,26.07057149710177,23.39967745746656,19.977977715482137
16.979196253273397,24.63405171691554,21.976783740140643,19.02761764087044
18.70725435662104,25.373004478496483,21.5042870876958,19.13550397926002
18.092917961167647,25.07520882816029,23.30666973548141,20.051815493378808
17.126833545979082,24.61595391284436,23.590388617399796,20.15496642529868
17.058303899824775,23.953438731370863,23.808484355125888,16.592729095979987
17.76333434765802,24.02521942435151,23.24749071592385,17.188525059593946
18.412771659614457,22.237306574281103,20.53482607858594,17.243780509607504
18.50811643286919,21.21759312483079,18.8354326692068,21.3517778393454
19.66304277849711,23.476059658615597,22.550688724789627,20.678108595796516
20.30945524756549,21.077968993404365,19.16542922935728,19.685448982769334
20.48233702580184,23.95598567432327,20.31832745184148,20.34892965532049
21.725227173800363,20.301801862700195,21.247420142976136,20.31470505770623
21.04633129960425,23.347185209672883,22.5973766108969,19.793350140764232
21.440600157476556,23.10532280232648,21.628225645296343,22.191650878914785
22.375674962759607,20.96849375396469,21.34857605928324,20.279901576134268
22.15348830650042,24.76907439722633,23.36179163360988,19.52543420962941
22.999532357069345,24.199497092708487,22.80554604497404,22.522853637322168
22.620376504861625,23.782742468469056,22.45876274046344,20.79908510195743
22.91841104237932,24.40778869826941,23.78290609324522,22.90902200557285
23.22985700694838,25.02837908523259,23.646250767479103,19.89196046149012
21.643384180760812,22.677966018353484,20.640005703801503,18.03326953535776
21.335254588652088,22.77547650634212,19.77693121253967,17.934348794036577
20.818880983923822,24.49791406957785,19.920251395866355,16.489301188545532
20.854698547393276,19.28182806645492,22.211466752481325,20.29355410024357
21.91043422139626,20.510818680577053,21.092325140017287,19.77552008742705
21.46495822496547,20.35567216914781,21.21846721315997,22.643590506556865
19.955526641751657,23.41051380092601,19.54650017817807,17.69948465136632
20.116355828886217,22.588593991605773,21.9668544874649,19.44929161667368
20.56513811579726,20.566441936596423,22.51226733230462,16.408427359333142
20.18641655964352,22.950248050151924,22.453457917034097,18.45034487836216
21.832420191837,24.004794463020005,21.694470245141694,15.63561872464092
22.46375484885427,21.28639686940483,20.699743804336453,19.50180860460542
21.89664476581477,24.37022712300693,21.187084363825964,16.295198853497514
15.019924222521636,24.1093493158962,18.879682407375483,23.66163487530308
16.62749253254256,24.223712799474907,20.63418633876176,22.02432077414369
18.23176178491279,23.84234650970347,21.76430547091914,20.82778005834626
19.160941930139614,22.553257306340665,24.8338435615413,21.16362818775737
21.86631138420057,24.82221049790224,26.234568098777867,20.41031053044269
23.0749811213693,23.201655801699605,24.648437080912643,21.41137741474849
23.443693489627908,23.33571363848337,24.02318514672801,16.495944246036846
23.223661874027677,21.97412388964336,20.129588858380608,20.366979213375547
23.77331336858316,22.618019524070032,22.067405656434836,22.06322027228281
23.8614962187544,19.33000564829788,18.48824665333454,17.119073067633032
23.787281853226197,20.110835187790897,20.1425128786888,18.75512041712993
23.430478499661785,20.047520328557425,18.327187678722314,18.951342748249484
23.20346423038529,22.33113704137652,19.064128818614112,17.966338524993972
22.79812089253349,20.855866996251216,21.1620024846585,19.058218331736445
22.769951807403363,22.61675796926384,20.919115202070937,16.00087359964461
23.52678569607811,22.315490917759394,19.058526804080483,19.69493538188712
23.47316089704765,21.560364358333867,22.16179876767096,19.427548298210915
23.34436064130413,21.27191789736519,21.77570379198673,18.83464215074309
23.512596831163915,21.988075857766507,19.306630361579916,16.11452612056869
24.10004365388564,19.32739581069298,19.54803029572552,14.899135344684778
23.9409460762478,21.77759537016057,20.624444485270924,18.042991532469987
23.602016705765724,21.41872841088242,21.27555249843456,15.755977088263863
20.32510651785918,20.014036635710248,19.531799403937985,19.489165794936657
20.92711321606814,19.572073045485286,18.931898382798185,15.321374945956284
21.46389884510222,20.77320660383607,19.16363118612091,15.37915984317256
22.082542455174806,23.00534509926876,19.725702352513675,18.568287618930977
20.05464357417183,17.867084794603404,20.066076620505303,17.0689650985999
19.342060453327893,22.227968237904445,18.777495907328724,16.608319514793482
19.745047297420054,22.30296653151684,22.46460039733606,13.581283853563948
20.2277217506794,20.704223533252208,20.122776560992616,15.334526465451548
21.702768343817443,18.5037511848854,18.447965483212503,13.755596738970755
22.7074954201498,20.86688635768178,19.39979928126776,17.011851061805107
22.93949251892266,23.063297710687053,20.53642176906598,16.61731973017099
21.06597468738913,22.96497208937892,21.891135865507803,13.34701698026408
23.112698717145047,19.7238843487314,21.323124062573523,13.948113160637382
25.243303905156846,20.445786233569,19.826460992303375,16.954361367878803
21.105473581135,25.036465882679934,24.2720092278476,18.84772480291845
23.02245640207525,21.651219490700203,22.10395142190253,17.709018023016217
23.191645821693527,22.18365570370157,20.0971482093188,18.40328482125751
22.592953710390987,23.879962028136063,19.88716115841304,16.909013344381496
22.31936630093885,22.786373021279573,21.240249929391307,15.168985130431691
22.476536812797992,21.540564075144506,21.407007834420664,16.92048586487392
22.71367200235746,21.461799628475774,20.17916069882675,17.574089836885435
23.401880593414425,21.426866629900584,19.76896555911574,17.20735503368826
23.16636942662662,19.92050973959739,19.617556645473044,17.342455986798065
22.843718446649945,22.58015574987138,20.295603215720543,17.516542228785685
23.28445388590136,20.7851112577814,21.115358618429852,16.84097326516296
23.464023796043463,22.86026210980206,22.062812927512557,18.035338563253305
24.39123533228944,22.62476434343492,22.738505601869207,17.20348229794328
24.300041576472168,22.844627409013288,22.595054427299512,15.19640301739154
24.554343009952536,24.878012635181165,22.36130930955959,14.01196791232092
24.08621330469693,22.499251047429283,20.66861421314005,16.63862098816982
24.39012023097482,23.074405332346146,21.0399928008707,17.418252159827166
23.011488301112205,20.632562461880703,19.602766230858705,13.804150083542966
22.602673941368547,22.96733946973981,20.07543903348868,14.546338286429494
21.564995922443927,20.862871457233435,19.00702564199443,15.940879622083406
22.304505732967737,23.087946262411364,20.756031812205844,15.228893728112594
22.4556722175588,22.82866094178354,18.698357951769182,18.96068112664621
19.49065370152479,21.16470736147204,18.277611984846427,16.283369397922858
22.751217845244906,19.80239349855052,18.208965609918565,16.586181031851734
19.98516304453519,22.512705301569717,16.056565432732157,17.72314041183265
20.033423593155984,20.18135637496565,17.48440613339459,12.70861150062379
20.45509762324176,21.727462905247563,18.14202784294457,19.129947005475973
19.978856770463462,20.53251301640979,18.541251666691743,15.39084721824134
19.24219171589552,20.213970962257218,19.516211356698047,19.25941650110788
18.767918749898904,18.74887950808889,14.563661149277172,15.89880183233993
18.359406407150605,18.815929094252525,17.406077099750373,16.476505039386755
20.152356792570146,19.543931658617392,18.89678235614185,14.786509594701576
18.79057440915456,22.46654564717736,18.471542991689777,12.444624650518938
14.309828458260972,21.678173606410283,17.85610364343277,20.445180793892348
17.78476524405808,25.854062514362187,22.96224173808419,20.85824775802419
19.633575881405932,22.70239778465489,21.18361698515045,19.08413373932402
21.645546259958447,21.76189815423868,21.80711183723988,20.434022592411747
22.75096706661621,24.15950014827077,21.136674076523565,19.324753657259503
24.07289628042925,20.755074824439763,23.30534065381424,19.305093555771464
24.76963123237986,20.415977132997664,18.694326321250923,18.52581760672468
25.823007736056763,20.165139686989917,19.884786564369627,19.028482077589945
25.876976573378688,19.143663406118645,21.620623839284477,16.325932115395606
25.776336865940124,19.827604687123717,19.13330561215941,17.081941808877332
25.29366285363489,19.759014282873935,18.276435815164447,16.166296978229987
24.58822123975304,19.49779082726459,17.744474847970025,12.963633854069352
24.86652682345213,18.185988772289537,17.820961663841583,17.444287280028007
24.19489299543395,19.83607588918225,18.33461552582133,14.844410574785526
24.297063545993783,20.62215011732212,18.301140945020773,16.96297428865348
23.816472507058595,20.49438249811661,21.21148154239256,17.17473998153626
23.862649662300424,21.400924831200825,19.45580497771857,17.368127917799967
23.414363139450085,20.80363290022545,19.508115243440614,17.774883443924058
23.73546621885801,19.871661382739,21.375754785686457,17.56700360228354
23.44591466943733,20.67901760469696,18.32276764114182,15.709690617560566
23.62513550435418,21.986974809164572,19.06474361188366,18.23969385421951
23.5826196605371,21.15942762022356,20.325502349114995,17.433209717423093
23.47855368994573,22.203620860505666,18.961831405414355,17.001968787209893
23.81314716016729,21.973502765642973,17.26351538784283,16.846098840637502
23.47790462449768,20.171691585220326,19.983976176337418,16.225059384321426
23.540501442959293,20.835599342838453,20.22731709593385,15.78317343737254
22.732942253592185,20.47043285325302,20.186316758734964,17.63529897416772
21.661302187866884,19.09858502302948,18.65550162330571,17.489984739289017
19.918270125779127,19.2687778461103,19.19201104631149,12.693921097053757
19.94214023435205,21.21697256053041,20.07277764781112,13.711684785771244
20.06610585682725,19.9188591328162,20.18715124159426,14.34657462547484
19.52890322679084,19.392890561848123,18.75981702221925,11.434421669109012
18.99922131753014,22.08175543679923,19.411467604455297,18.075169462038463
17.880903908166005,22.719893326305755,21.322774934814188,17.499632923986297
19.92696403138889,23.035165224891944,23.308897730357074,14.479150202190157
21.103588482445605,22.040410532988123,20.312807591952687,19.023423841214623
21.407543978697397,21.06518683574431,22.05698067871984,19.308161951623863
21.976477052089887,21.884771509220872,22.50663966758169,16.214348340759557
23.68933792841274,20.95545993391526,21.464152501537672,14.416714855436124
21.996342826464087,24.85256218613144,21.98352791235246,17.338102438709942
22.43067861574604,20.79665018445044,23.537916243056817,17.008631101874666
16.600629973967422,17.0149701650524,14.06970243237426,16.68987144704263
14.112039297724742,19.24074356476414,21.15144427477536,16.994205022496534
15.886608881071751,22.61339593018076,24.51616605327056,19.176750237042807
15.453727004807,24.269343531377825,21.35138139287211,18.741365464994534
15.266082809415856,23.869579760100237,18.582672082951248,22.581653490908504
16.693591107238486,24.96171005169284,24.23897694288721,22.59560983879634
15.959188122964004,20.949359671473903,21.544229271023102,20.29113254238276
16.73296663632033,23.52013064048343,20.85340101780408,19.006774607890165
18.29664390626028,24.61048881374271,23.485830524019537,17.725163844517326
18.03793544074469,23.16298952253716,23.40858048998958,17.19668998150608
23.488840590375634,24.31611477445428,22.91240736194013,18.329580849899006
28.797191102042955,24.38111209105029,26.535813763044064,19.611377271125352
29.96284440313592,26.487818954088368,26.70259080749356,16.996969805908964
30.58817360985781,25.67469593018869,28.19706688032071,16.89024443380963
29.810887368264147,25.58985921356013,26.456089203074537,12.93733810253977
29.88871520955955,24.368665141613405,23.005661913520083,17.31251711397169
28.52908778843293,23.139024042147323,25.90348502436001,12.435272523515437
31.94590274077565,24.56857065979661,26.85734569034707,16.687930321043854
30.22356197047229,24.881189560779195,28.541170208494748,15.783622178311928
30.284515939389006,25.6996333234395,21.17175732813684,18.41153305479705
26.023109156391865,24.812025217055545,26.176974811338216,17.304269068199066
21.07424920568292,22.374508878731167,18.615885441307555,19.041035427180173
21.79943237974412,19.889782500789096,22.519955946350564,16.236357005997103
19.53758666815388,23.21087050851285,24.655728708014195,18.695992192371403
21.198464256121,23.37288513514662,23.137701296126817,16.6742824261766
18.717691048922315,22.62075023234321,25.32543238599391,18.496884905748512
19.64103314096829,25.89265318229195,24.208681931772837,14.055957128241207
20.06847796200664,22.15505320825527,23.588644404048747,16.789101021534517
17.4428581174152,22.16568645456411,23.938439268124785,13.264288133806716
19.53079561977552,21.209039166359588,18.498329463970105,17.98950363418428
24.32894655405117,22.2632136915949,25.86607723695652,18.97851259936222
28.505319926791973,21.88285497786036,22.20633436438168,17.89449928583259
29.483153240521776,21.70157294840664,22.756641361977263,14.62814670233387
27.866747579249022,21.482098946226227,23.5732830398418,18.069238297795405
28.552882567383705,17.058040587822877,19.51952993116642,15.096877021248636
28.266616660349356,20.26478014338888,20.585089187289444,14.022365703690667
28.409640524702624,18.05791050447114,20.0318548405975,12.773139517376626
29.08235079752537,19.735552055622847,18.085727550288095,14.232004584892351
29.5152000337036,19.42601325468478,19.817878339531955,16.524246764722253
29.20222375392363,19.51003556869718,20.400249818507472,16.32687195043315
28.56837490833932,19.49158289034595,20.064492989471443,13.34070947357547
28.084037399248544,19.15723146346405,18.8521317156391,18.0765723126575
27.301180412784632,21.40077841729261,16.611896015357907,17.59206386990358
26.68297167290456,18.950764524311825,18.151641676342415,16.00630344635092
26.53478611161159,20.23086185789411,17.512795714072535,13.475709692444733
26.054640549327463,18.282752579204736,16.91554436222647,15.15869282385839
25.779221554973784,19.37199140792987,16.954798341373845,16.70738974550472
25.53343398297216,19.59408980534992,18.131637752996216,15.020769061449606
25.39281576487457,19.04430761070352,17.751007474182746,16.19142286678203
23.104285195504804,19.53949932543583,17.13843641459137,15.9436792063946
22.72838990034043,18.74808357353496,17.72217166556371,14.225791983987667
24.56466114319177,19.66738674616958,18.416855129371527,15.589328427674992
23.97337646682452,19.899556695607828,15.835323043409176,16.325264663509312
23.891817825018617,20.503776776235654,15.949188444658882,17.265801090460087
24.03434726183185,19.010145795046725,17.549917425823462,13.587575503205406
24.693841449472483,18.9551133207839,17.805385200249003,16.54782509945056
24.67915026643644,18.85723108232709,18.030562228378997,15.485235966216305
24.78308382120439,19.13069101481984,16.888427572183357,14.98603346978007
25.06627702447873,19.6568276882911,18.25435410420206,15.00377246959061
26.335159275086102,18.006593414125113,18.70608353029597,14.545121143475711
27.44256152677216,17.851916025207245,18.46112210100893,14.972051729277451
26.699463763507385,19.362265080811323,18.05962346836618,18.257244364829365
28.13345950297281,20.182685179769056,20.7341044505204,17.04590592623664
29.0045200134126,23.2501251682343,19.83157730547797,15.381824040639405
28.9147254687213,21.760428349682982,20.648407935634413,15.872307781563013
29.398929994073256,21.95607862568391,20.915578571529405,13.540987092555204
28.770381074753956,18.841841503596708,19.24500735576965,15.779592952518897
27.249813372223883,19.805781616807437,18.72768871008159,14.64734332072698
25.9831639866679,22.410160355882685,24.5954120747718,19.996222441594508
26.849605479114857,22.037463712522467,20.669022170614777,17.519266113091888
27.297129758945943,21.09805906195676,21.387739186084676,15.908973617981632
26.909023803976936,21.63240992451435,20.00590781859176,15.31240737582278
26.52581224894216,20.352016366419548,19.74121567429284,15.81036296762216
26.661323011073847,22.42051095536597,21.725316437325592,15.317790932793152
26.783067303616065,18.37655807971991,21.03050753393949,16.15090119033081
26.29454137179644,21.058438246094585,18.986281156237,13.903034016070531
25.7725192133682,19.929280166549475,21.3276852471078,14.21475555381751
26.53054961939566,21.141764423059115,19.53344502095275,15.502752901524582
26.55614496684433,19.876688910398197,21.95611180594856,14.126349663440244
26.18253400461214,18.806572949822023,20.160678430658844,18.26307592972769
26.59644226593905,20.1364300186406,20.65124712263832,13.848601615296516
25.540327423928417,18.621747140775327,19.13784721060757,16.869601401678604
25.72182040587232,19.80280089176038,18.950524084208084,18.58148837099975
25.593583823220555,21.207151551972128,18.648257163598878,15.50701606455452
24.81110053772126,19.82856200854623,18.11900989627423,13.388333518750237
24.74077015794065,18.19282473210725,18.199470465231425,14.759882022041436
24.982998732675117,18.62459736452564,17.144170291713078,17.057873677092164
24.88068151676913,18.31427893613777,16.482992394633673,16.39750934765578
25.03903946171684,19.214510209731586,17.1662332200691,15.319844138577151
24.70865435058218,18.51162064216072,14.947920120664984,12.17849334969376
24.435813493132,19.27383444979207,16.89069841038247,15.548839964988728
23.88115667970283,19.03877641348704,16.82159311873225,13.52689672827782
24.261514825637267,20.52075564898908,17.072366554639917,13.327615362603115
21.986444358208043,19.298366042193507,18.582929153553103,14.98082401892738
23.57796722708592,19.255536267315563,17.182087004055578,16.87973824609632
23.785421943834407,19.936424605473896,17.620136426632026,16.46955889683623
23.79713457187167,19.639344927383014,17.801090282173316,13.9591135727678
24.426778244158086,20.50057274679145,18.196458424394454,13.689585870651683
23.48267338996861,19.63683126873052,18.48684074783565,14.533455182414253
24.83480270224416,18.731127940154117,18.12425521785,16.6636394664888
25.22918939706564,20.123875302886944,18.551062309213403,16.467674025260294
25.24975570463205,19.16496445703079,18.80041675747988,16.124500283846285
26.317753971634847,19.140652201604453,17.975129501902313,17.005239827767365
18.310750308642632,16.592513904835155,17.81502040194253,17.19926788043141
14.587228420484308,25.12634822571245,18.74161605766872,23.34074063252378
19.248617251559555,23.67319353260489,23.36267158669753,21.65675852407749
19.46993148858305,22.320475250788423,23.38689160764437,20.41971305162677
20.46811782392073,22.377797716313285,22.65955724014783,20.302805367568645
21.96729953057349,22.48054305579944,22.23844512920321,20.202751844239547
22.85950318523537,20.052036709859767,22.3252001823056,20.23307754662959
23.041264454632284,21.18150165549996,22.18029813950561,19.57045046478664
23.533624413657765,22.14869590026359,22.428279889057915,19.119576353819408
24.668137817973346,21.919925108935605,23.3760307980112,18.817397555561403
24.641334854620485,19.79531884016436,22.99085718504528,17.476288402201877
24.059205887960005,20.867803804416667,21.695422627783813,18.231753004510622
23.69205966233673,18.180915986980317,20.096990054613887,18.128788258594867
23.993779657080864,19.129878411299984,17.64633905979029,14.169201044607997
23.643255265893867,21.26141035553561,20.20942055442656,15.272152244018416
22.182139044246743,20.50568411542085,21.47755667126152,17.303536331135113
23.734780219850368,19.52095931805384,18.87673686269881,17.25749678631648
23.17362173311244,19.031676234445143,22.300411726149708,15.202526150931943
24.09567647903629,18.645095084769807,20.37295638210394,16.401519561856652
23.752428701445183,20.34913485632194,22.324544658513275,17.252953811142934
23.669491035408186,22.877483847469392,19.907495736145805,15.287017348050178
22.602497898587675,20.76736378129036,20.57974014486156,14.126768555360234
22.81893299661624,20.53502626191305,18.23639079905294,16.506131867729195
22.278416725786567,19.92170991995528,19.73685551152148,14.701860314031642
22.53318784806034,20.116933338108524,20.341131422160103,13.48019669740104
20.831905022052457,23.058315847802078,19.58334234981691,12.896919961823698
21.895662413011625,19.41892214594281,19.652371957079463,16.454664838439946
21.71520498662936,17.13641701808601,19.15679321585709,16.988220950982306
17.796969797575468,20.390889778875504,18.97154216836886,13.56003156320956
19.199151942256247,21.804273127382924,19.697284080292345,16.724740716691475
21.391199023585525,22.18493092704589,19.47292121735197,13.484889088530686
20.168846379351766,22.13795298306425,20.918403873822395,14.883982064126302
19.25606243755864,21.39136357868534,22.05745298499322,13.908988468466696
18.95067097691544,24.626360494592877,21.381872294041628,14.47125970940993
17.169223147180816,21.007024377698333,20.977025425172144,16.562089727078572
15.681683300896834,26.88946452650729,21.572688804577503,23.5401609295766
20.56975657270684,22.46384637986613,21.85122844920509,21.210939382888665
20.647325716380102,21.30623013902529,24.600194718863765,14.350515549763584
22.859641765703103,22.2039202869216,22.27074396920331,14.100352291456202
21.93124431123867,23.895350121223867,22.71646060326425,17.844124832610774
22.38285307170584,20.66323986641374,19.26853366543456,19.291991147741022
22.42669279976468,21.19371072233709,21.707697667486727,19.877276041646308
20.841561011840504,22.146347329308316,23.141921739205287,16.041910206437887
22.853423555213094,21.643140447915272,19.398780636028444,18.445244069321063
23.56059950204107,19.849588942464305,21.20078906731517,13.748490053852937
22.844065583303507,21.485953312144705,21.86701951817776,18.48292965172704
22.9752017443118,22.55144912222192,21.938050127389644,18.889599086840068
23.30025248005462,19.42370026583194,19.7593785067254,17.45963269222603
21.99037950426282,22.281294370076854,19.682978957870333,20.204935178977284
23.37493815702904,21.688581708607973,20.52728002093884,19.083821905901345
23.41788879690337,21.03347062688313,20.528247286602927,17.835552608141146
21.938841974905728,21.188547336509387,18.53596610254981,14.455312386449256
21.519426870510177,20.43637026857129,21.87012783190147,15.308391441623035
22.29569473916754,23.297330980630505,21.523162138675804,16.127078887509803
21.81736312553707,22.02762361812402,22.37141118147419,16.244814923550408
22.25856515544668,20.687982618375703,21.58612645284184,16.207749846242873
23.082958033536794,21.74686660575572,21.632485752155144,15.083905107664462
22.48452340906753,19.470635045914783,20.47314431714468,14.09265115444036
22.67869648244196,20.878783832288608,21.16046757957641,15.993258491290709
23.38256138960637,20.61607796395364,18.935406478023648,16.86532394699645
22.927829121042805,21.436161623289905,20.34674132354449,16.618535711958014
22.686587248462548,21.49996892913744,18.8413805823597,16.166545868492936
23.041692893447664,19.51328420308696,20.163588884801133,13.260532305324327
24.23949463484259,22.365390235230223,18.74248459465609,15.59484576731513
23.974190682458755,21.169058662283717,19.57337772072371,16.25784963977669
23.34701882877577,21.95922380058779,19.411035204277542,13.5305779481367
23.730432719824734,25.003985036253628,19.042065398342245,16.68355574042033
25.155785251306096,23.30548326503396,21.390772112787555,19.95641349387964
25.997727813944053,21.48850737948925,20.352978996782284,19.60207165046252
26.23154084381981,23.921224261609392,20.755563435977816,16.149365449616933
22.15745811115876,23.08601515111328,19.086801650641988,16.563719034528102
24.67483052244187,20.20603973035201,20.825956699023376,17.396882992316673
21.169235219591943,20.917544171921666,21.29823728884136,15.904887669136754
21.12683607691034,20.820719058363068,21.36449012253124,14.626310936102971
23.51724744668285,18.878980564376064,19.499673164820937,16.733978636353147
24.23238526749265,17.418554292036788,17.81761583104173,15.493756553064935
24.26313966879974,20.10037240319089,18.134782290872284,13.72450807679211
23.223843479886884,18.62192643220909,20.88429686781303,13.355645337534677
23.223683032755883,23.3580758561617,21.91769647039161,12.516158506466011
25.75184823754471,18.423769213117804,20.72974593539607,14.39954836787002
14.58199884963876,17.710739185724492,16.588913542375145,16.952931417384274
18.836202004955,24.90823868813932,23.9251435247612,22.17480515725553
18.73574722901097,26.653958338095944,21.51609304995527,20.73260242418705
19.407227607824677,22.224723779475735,18.211128199774222,20.174227266850032
18.99436775870372,25.65031225567037,22.33660791998888,19.77701216166845
19.579722400144707,23.051804043904596,20.276678130997023,20.32138093138041
19.15876886982753,23.137364538352724,22.43831458372503,18.389034880336464
19.45668109981082,23.392203727505237,20.25802868492563,19.799587147627037
19.794514828317457,22.64835656640317,21.683115562946742,19.306841240759585
21.49468466783465,19.806064516450416,21.95862518027627,19.22130164893777
20.889569928777345,21.12447994503547,19.19409503596088,18.393325580773595
20.37066940474806,19.769931195835177,19.95397750939343,20.11173506454904
20.32993287341952,21.53652008291803,18.7531964456129,16.2570479616296
20.43610021757237,19.74482471290686,18.69233080536188,18.352852729172174
20.45606578991256,21.214350922474512,18.331921240306357,18.56621147138607
21.76585124512445,23.8614828692638,19.43504001750483,19.198444625314025
21.26206827714403,23.70208835039724,21.0771180864021,19.686830156011723
21.26604620633905,23.970979292564703,20.90397684917811,16.62559431171128
20.177700881565688,22.32644746511107,21.40032316453796,15.585591853139244
21.048629607469135,22.350790811180605,21.490880188491477,18.82683719736152
21.69600837342916,24.886951640309803,22.63259910039676,16.54705118126893
21.302378371760607,23.229797653047388,22.15081478898108,16.016151845583824
21.094553558993077,26.384339736433045,23.720765748767267,17.64537128195501
21.00859831383219,25.02181340429545,22.448869650007225,17.98366534465393
20.863289144176356,25.54688671174428,23.43256108214254,16.803511324358325
22.335768736917817,24.82923480061412,21.15598511641469,17.952153025028547
21.00181211861032,19.750078798143104,19.61687944291737,17.093099973586668
20.6283720332093,22.7282053232656,16.655420097463086,19.280544561802984
20.85475037029148,24.69508774983421,22.190219936757668,18.133798117809317
20.866404598478933,21.858627531867757,20.954727937876047,17.557033074146972
22.31790477747333,24.142264613680805,21.070185590868487,19.11532115241615
22.40091969737528,23.86200901769065,22.71045022217829,14.924000670632369
23.71284974922016,24.58502727244908,21.65787156839931,18.82540055828784
25.00537212912396,26.90502280408367,25.009655443523076,21.365923652453517
24.24862982130537,23.230329736266828,21.35004132730526,16.999147166570165
26.36228544742662,23.160576478569453,22.23925344937537,12.503989311540082
26.06091755368053,24.22142467430881,20.535132756883822,14.530553637038372
22.56084081331952,22.394100820424203,21.871005226566563,18.89930190136947
21.755566318783565,23.069211268019803,21.77031645288031,13.215758298057878
21.203276103769937,22.77066905415576,22.00791759872305,18.57478813967056
21.201369006169557,21.75976747810924,19.56038601906577,16.32569673249687
21.229399699972088,22.377186527236564,23.8783148255222,19.86913717209481
23.23092463791063,22.795688924614296,22.37479677311023,21.000699940986006
22.31611307455215,22.803409880068088,23.30674772076373,20.354807101946623
26.16264882411801,22.096525603861057,22.55568792067181,18.66400124259197
25.510562884216966,18.75428741399539,17.350151933694182,14.415720015699714
22.69699511824641,21.427418826629424,19.24000487979569,18.57981477048682
20.709991645273032,22.41296291691007,19.05657953393572,20.222640718722374
22.16885659269074,19.284350240238044,19.808075509138877,17.534536826073413
24.403004461910456,22.553760402523025,22.32423923810376,15.33525905271896
24.10165745750645,23.130151681303445,22.921300216417976,16.90372592741621
21.50894621356769,22.132543053442777,20.77566260308529,14.120333242862936
22.89490524892734,24.186249553552965,23.22951886802704,19.03211590598993
23.12432766923831,25.269090565598344,22.25501880516461,16.413289787357687
23.33561278107036,19.033064732262336,21.19119289573046,17.47524361511995
21.206704879214318,24.3540225168118,21.018027178951137,14.619497523376468
21.11571911586537,23.23635552442003,19.530253524312865,16.709712152111333
22.024638347783704,20.442485729821595,18.657568023545057,20.67535887400449
23.79962502136151,20.475101512758386,21.38953307429337,18.049392078246623
22.201969805529583,21.94048012646654,20.16896665542926,19.62235735879949
18.16623952464416,22.947050061075164,20.751711939557826,19.40136860628826
17.882246701423522,22.24108036106888,20.219685313229107,16.966331516407774
19.967784682532717,20.911828043797527,20.850448877691903,16.427816124556795
16.957255483821104,22.259651459542464,20.015426913086923,18.747280623663357
17.19361993928989,26.55240137597312,21.645940682443808,15.719227211672418
16.49755914441026,21.115410503711967,19.616503994734725,17.088231482396594
17.58124499289421,22.374398449909062,18.81446328743101,20.04715057389352
16.946777842700527,21.070529318109617,18.307122978467604,17.586904167968573
15.127260904122858,20.159011865609227,20.012610162470647,18.25794610998692
17.134229255064497,21.775121009983224,14.583635488828929,15.795601498476524
15.858482395820277,18.16790322318702,17.135072385312682,16.061132423618798
14.390514273509012,19.13157627512805,15.3862530308336,19.850933826511767
14.435299028852556,18.69638102334818,16.34818072741489,18.32781586383665
15.43441660144896,17.698612584512976,16.89499276813432,17.236922992864994
16.14304349572261,24.32503009876639,21.309669228029264,18.08626831212152
15.954145317459757,20.448259638281183,21.48865757207422,19.05668989771929
16.701676482324192,20.092788298130348,17.019284311742084,19.50157578521527
18.53502097559958,21.18498528712949,20.13413652482405,18.40372566679424
21.22309218267966,23.024079186381915,23.723130578694335,17.114176415826893
21.48762899434105,23.705312767454128,23.942298501518906,21.04630100201781
20.40548433625055,25.52243774162549,22.468418288883274,19.68523441711317
19.94834314932008,23.88813205774068,22.191341005757938,21.10652618871288
20.18543157559612,22.31445681728041,23.475543013869487,22.259492489515583
19.97689086246626,23.40833838889933,24.39855907528523,19.23835853407137
20.90323809982893,23.745550911081967,20.97320263054677,20.72176777173031
20.71026409916261,25.061970196447977,22.77341543357437,21.31627288247446
20.96409159897512,25.201193560894943,23.70902980151812,21.16388008668962
21.031787121883408,24.3091577847873,23.491293500520708,19.573295932849597
19.762710602626527,22.883030862964407,24.4821648961264,17.27376639761076
20.29260094328963,23.02144472014743,22.80978353452068,14.86342461341927
20.99674198221406,24.747132162599645,23.28590068813614,19.42797203231899
21.49243599974253,25.887496307441666,23.229371549895504,15.947517665680785
21.320973421135992,26.27107346632666,26.51116147996672,18.03163195655055
21.02078621133698,22.3691641162192,19.79499604765699,17.776948752683648
20.29148833032714,23.79689227731949,21.873877437051107,13.745864679527177
20.780411313469937,23.13906131884038,22.25527983456748,16.951578230750926
19.1977561743502,22.64234456293208,22.98361041700555,15.165651098390873
20.49823172670281,21.66772918166483,23.60458003430726,15.91088732393048
21.442268546101104,23.638780058521125,20.81595162006366,20.434811919993997
21.701989291510348,22.04269595690348,19.6747863766316,20.56143603504066
20.970862529995884,28.758660166985,27.35561023963726,20.6017129597501
28.702278901254303,22.67577930932828,24.93709267529729,17.94738352140786
28.03746196791953,22.60622415795456,22.55781814269639,19.579168767682045
25.995878899809732,21.755923784623253,21.717470592720165,18.368700208429694
24.74521908111618,20.98992822332985,20.62298935967983,18.878356546051343
23.463849582904675,18.860785342338826,18.38268913914784,18.174114020110707
21.9140939439345,19.13869622420816,19.51592705566964,18.4823666772368
24.594096978814832,19.48895030780355,16.427710959111447,18.983239002889917
24.04253039881196,18.59867568831804,21.227929665234967,16.96549443220674
24.403165902038467,21.36304023618514,19.17906659181074,14.26347638424732
23.390067772011022,19.464269900518968,20.35614793905459,18.105601160021205
22.412113960189178,19.156485752295065,19.34568564497613,17.44306141653603
23.81062796814821,20.78486300811001,19.045549799424148,17.418782272177772
23.568081456389532,20.59545636314988,17.497392913368152,17.033694108458334
23.73354937740733,21.54243544112652,19.164102486834945,18.11595264493526
23.93881444728657,20.652342332798845,16.657947141471155,17.016597927696825
24.3063294131171,20.34745196020793,16.51294517005536,17.02228951762993
25.33789186440857,22.53503488275108,18.79409375920336,17.881748084129036
25.899179287464506,20.273659874781465,17.427974482664315,18.392835650005043
26.150435010501948,19.461474506359654,18.30095895050735,15.372668990990864
26.364141886790645,22.847332172490088,19.97543812374569,19.863527405638667
26.43006671856139,23.401376799546902,18.68474397650141,18.7319653572707
25.200337597424763,22.584077754702545,21.487736273982307,18.73683692521305
24.230934151787483,23.114621480623228,18.66948162160987,17.519726804646183
24.060463437215216,23.401478878781017,19.68234341451384,18.7137455420897
23.494448403021316,22.74628883195629,18.1859421768695,18.684351878265723
23.84854821492716,23.269964160182525,17.443432307227233,17.414755918931277
24.519526006379937,22.57492046837035,19.48578955683939,15.937642800728067
23.5308232814422,22.933374801308844,19.202950048261123,14.522212322482282
23.607603320010245,22.681947562474303,20.8175870580461,14.311436719520636
23.759183728962046,20.1712017236906,20.47876884500512,14.103156468931289
24.410292763557266,22.301059152304223,19.57500061569642,17.41773130331496
25.196040467442703,19.16989070815508,19.908277551776816,14.009583269295112
24.13120436463576,19.658340731598283,20.10371725309675,17.112543058564246
26.017118735330428,19.541433091917828,19.73921830204369,13.149325823457696
25.510623665321145,19.637517421460675,20.867448258650963,17.07891684327843
25.750826614943065,19.21022270344275,18.741650758888778,14.580766628900706
18.211766450631465,25.10185849213215,26.932885781393747,23.71711732220751
22.394458664807345,24.65116815314398,24.14355902165975,21.188043094616997
23.41472237338428,23.20853980661941,20.54785030091506,19.713973331424253
22.84348647954239,23.77744334415664,24.523360063291204,20.877392851290494
23.357678794598115,22.963514234035745,22.55748287834905,18.301300350787216
24.391962373322343,22.56551926417332,21.92772342289044,19.990054078378375
24.676104882295977,21.10097773200359,21.07605456511445,16.858777267560857
24.633034212336344,20.808257852303644,19.80969480999292,18.69052044776282
23.81037733560061,20.24930872992456,18.977575520649385,18.01894304509724
23.7172118695748,23.079821254609985,19.111095100739192,17.38758754928343
23.732347655413573,20.17395317299597,20.19226422346139,17.98954449757191
22.767259907508656,19.997232290500857,17.938109541041438,17.598219778343456
22.36960334598219,19.667308042022857,20.741849431902214,13.652088731399266
21.88632497058405,20.415430318459723,19.962501539651928,14.628045812550544
21.81824728302911,21.410618653727,17.103664816623148,18.663065135297018
21.884788169557517,21.30439123750617,19.6066824072667,15.29921068689328
22.020530222956225,20.56116540921369,18.81893157806658,16.212983677955943
22.323574578102352,21.272400433584348,19.978716204019133,14.04999547785807
21.962297323469237,21.41485837225584,20.582587837203835,13.91328005271712
22.427757661284733,21.39272483954386,17.459151414205937,19.299423989300564
22.00074027486453,21.090924629917108,18.074403197735325,13.277995848261128
23.71574814521968,22.338331328080027,19.746278013708974,15.46670284423402
22.914163947445044,21.87454419077044,17.948446294143476,17.477254074232917
23.400844279355145,21.47438373288986,20.644816154811576,18.286787302062677
23.389976705679413,21.434829132438693,18.94051708944481,18.38017323642673
22.53371247246397,21.277360488463,20.35397632695179,13.088484569853902
22.90987555949312,20.32462638201137,19.20968773959473,15.515218283635518
23.228608779294035,20.488229926709646,18.620982069663334,18.484128042943468
22.115815993833124,19.89555895545732,18.61598171365758,12.730509902534012
23.67623261692869,22.340553777329784,18.459928260606343,15.763824834171963
23.952021230193164,22.329657057735957,21.460238362827692,17.073697709118562
23.387970480786176,21.64417011316972,21.51064335332528,15.829996104411196
24.57008181093604,23.00202608610834,20.73163893844365,15.972045319626824
16.332486470966167,18.488263406135623,17.50128954297904,16.415724221432157
13.522072306928642,16.851019031858787,13.54814611925504,16.771992560827453
20.438322528361123,24.66103040690341,25.327593349612105,21.80548913280697
24.82554228059201,24.28254859948497,21.800721937826022,21.06047546073456
24.89843087043136,23.945438305994667,25.319860770370497,17.4848799506681
22.152868661215454,25.775521094285303,22.88543298176816,20.812219746259824
22.874400528579148,25.143933070109263,23.396031368452327,19.592773606069944
23.72770649465693,22.094944095849616,22.19134657321553,19.72348930921009
23.37600166864426,24.161000810705943,24.30538711626363,19.882094347799956
24.391056225689493,24.44973614651523,24.865222041173823,15.430848998893334
25.253007610094944,23.99569247006075,23.815493443098187,21.244151151712337
25.229778332858427,23.721837587033168,18.612631945491504,16.301119372720926
25.346661767940343,22.864513606578573,19.599167559150825,15.701029797439716
24.754474193889408,25.29083153751317,22.01437167287287,16.410200256936324
24.45773536855863,23.444920742504365,21.14185318351661,20.139302655214788
24.86724809261236,24.036931966314587,19.282956193165173,20.47311146100728
24.637444853484716,23.612414135588317,20.746144116349395,19.71405893615885
25.23595064849906,21.857762599271908,22.34980313661716,19.594176820190665
24.75459022715261,22.704456316754943,21.32819086573854,18.599494103447658
24.58648339864044,21.881010709969853,19.51467446648324,15.30026089209972
24.713221265510494,20.78554725845821,22.58169134378165,18.36439430823817
24.51553931482708,23.184849356509982,19.67787161473957,22.00561471447682
23.123667688938696,23.17543221157585,20.96821012308574,20.15239017949598
23.08434583889191,22.168517359027707,20.34776727277329,15.08670582166323
20.651436938912056,26.36402747037427,22.53708482794797,14.77835014571652
21.96392215989096,22.410093192434164,18.39009578574183,11.564014527329697
22.7961584668422,21.273236119486583,18.11622697863497,11.592931639112498
21.240407656333776,20.423328186189515,17.1235576577858,15.357071944740838
23.337171989665634,17.646251427171535,20.423162777084023,11.09855682104716
23.612469980005383,20.347396102097655,19.23855925646332,17.20595359755676
24.080827788065296,20.501877265807536,21.32614617282066,20.434129136330306
21.300287468211405,17.69079897786554,18.772505468285654,18.442252459123704
19.901531112034817,18.68058152413816,18.41546951896329,14.598428250550889
21.63148857753798,19.471831671313375,18.37656184926035,17.144366583618673
19.98267154364596,20.158582359325795,20.167464914787143,19.506204796806426
23.57860780480997,20.938946186119733,18.592481759945013,14.92244122232496
23.80173501047179,21.314880653058207,20.311984298353867,13.22336640605004
24.69985758277907,20.31083093934427,20.32014592012105,18.70549401209887
25.43042307480182,19.60920689255476,19.350695075749552,16.31726317426691
24.23742943156427,20.996378764034645,20.469297009939076,15.033632795494768
23.7428724752982,21.937623243867023,23.71292647864265,17.86902008787445
23.15009440543039,23.275003958101923,22.056113309272074,17.53122592992105
22.27817015612142,20.84536460999146,22.77329926556654,17.807227575542534
23.440658008774005,21.649203596580996,18.984031244451305,17.532941245520668
24.0922337855437,19.77423094833909,21.593832777746822,18.8527043573838
23.9048784131096,20.27431452483422,19.71960798096472,19.246335472891783
23.95430615887088,18.203236573827105,21.617494789138306,14.01556377006147
24.696264994042757,20.72827259734147,22.340442382643072,17.336826966967088
24.51814443176669,21.47252457661979,18.855807571192432,18.16809937651879
24.52992331089617,20.98225078473488,18.433160649274555,18.935099928503234
24.70473066837918,20.19029915396911,21.861998146947204,17.165254087547776
25.64723920986712,20.83773888741061,19.8127583363672,15.39717202934528
25.407055071692024,22.4804027830175,18.76524756379797,18.091381065716867
25.38721037506038,20.15728489612314,18.72700559309291,16.43456050000142
25.40282785512269,21.78890882012105,21.61691339588577,15.654683695715788
25.156153317664785,22.566745576028143,20.824586488304053,13.366211172186894
24.85526433498596,23.395597646353536,18.80642979213012,18.219758898238076
24.7022964770907,21.742787670063496,19.9287034777318,19.200810109487964
24.5339332554966,21.768686968385367,18.30961570193644,18.20209640701373
24.1264996814284,21.06669076039894,17.78024570861668,18.27791194295496
23.96970571089203,21.93658198023612,17.128764279869912,13.48485115955758
22.94102797558592,21.60635316693029,17.74277878990887,16.892073381859305
22.295407206990237,22.37505971509702,20.11949762224222,13.856672940532818
22.391229004120223,20.946342007110616,18.40614760572441,17.52350172280992
22.66256209203073,21.29492893032293,20.42010079102323,14.098436072536506
22.812552331318283,21.77408928860582,20.37549404993433,18.163640587209382
22.49656171942469,23.26907668960157,20.08153535489952,15.85796358628425
22.479378834691484,20.910311693842644,20.313283195091635,18.558119609225358
23.61605295099856,20.421923989767524,19.753425797587138,17.302122282304722
16.31575861728668,16.84092304489356,14.39342660280556,17.404510258852408
13.724852096982817,22.182535066359147,18.378986362448803,21.02302095854525
16.202616553318823,22.172322786937844,19.73099505911664,18.136557473795943
17.232915368285216,22.96005191600464,23.784723910361063,17.732201352541395
16.70491699965248,24.389200026050407,22.25190917392932,17.966820517458746
16.394093370401663,25.354824459238028,23.2732436766485,19.06074738291443
17.017934908546504,24.693188760938728,23.14466763648516,17.9436254381694
19.067005729543222,23.721267719417806,23.21768190522012,17.04281150915046
22.068266093973545,25.7275610658924,26.2408217386174,18.531434437516506
21.338334046846995,24.45893532859141,24.895185310550588,18.997164432942384
21.69035426405348,23.30086580929857,24.871299177938635,19.74791808004708
20.95713433419476,23.14109544182812,20.51337753974188,22.220194051227512
21.11858730460126,21.815680306434725,21.102218073290697,17.327204331442584
23.086447701087184,24.52781856503385,24.94123610517398,17.345294821223106
24.15139240661334,27.62630962464017,27.075068111801077,18.22147118080999
22.975553136564844,24.07745199217453,25.137218028547263,21.42754424963972
23.31084058296588,25.739103443914782,26.358493043999783,18.989498171447195
22.836515076480023,24.96167627254074,24.277332190104847,18.502541343429577
21.66949491323581,22.183366619074096,24.40482594880582,11.981608703098134
21.17765273333952,25.507150883123916,24.740371621746178,17.976800396846766
21.818639990844208,23.273965424610196,23.49016034203644,14.667613882531242
21.62970113569308,26.89107193583681,25.320813029669072,16.51360443017768
22.773277990228724,22.79416117097502,23.359979196318708,16.668247592150184
22.274969270372495,19.49867315042888,25.18852233345249,11.253827236507568
22.36625871758302,21.970740344752688,18.46437046722019,16.10435518926855
21.36485781376541,20.67763927480196,20.595138066335533,13.668622967327742
20.83510891730352,20.59704292757401,21.606651651112955,16.257985460413803
20.36388320699984,23.272118334379996,19.62361155468228,15.61331773527166
20.46403611547384,22.455526274879176,19.20574767099953,14.81189639097434
20.303140726776427,20.835904145961678,18.61766149636603,13.091240925658347
23.705029434526733,24.135982978745503,23.78017412619359,23.64011137498702
21.852397915061307,25.764087118843765,22.522099556777,17.771519170325263
23.544384449182115,25.36981768724682,23.26534778806546,15.433103570721002
23.21062397441237,24.35938064827333,23.757228387289484,19.621037471283053
23.848572933073587,23.82950677768929,19.73192935520707,18.163854539422545
22.799462336226508,22.89600666727418,20.54591679499611,18.95777924206578
23.04026605039489,22.343672464728176,18.78847901860694,20.27987056653643
23.00985394146076,20.864913318131556,20.0885154884497,18.719763385651618
22.560313656972923,19.6468333780406,20.981246327412325,18.10760906371265
23.2558636821511,19.80324175391497,20.55209256483012,14.33169734960456
21.985857900296832,20.14728025607544,20.01850551910816,17.74369126136274
21.9823717463008,20.04218149545065,17.075651856593943,17.710319356913303
22.698161150980173,19.04672056408768,18.195911462841305,16.215353035729127
22.168455986296674,21.20184414642426,19.975143543396783,15.297579554022738
21.751024574677867,22.12025454525613,20.8815278304812,19.211391300350144
21.64889261845621,19.918024475725225,19.22482496933936,19.02151538008431
20.099213303345945,16.950540249419365,20.71034299691431,17.283615441559224
21.68099025907286,20.131059747425248,18.783992792743675,15.829626740228784
22.162696329480863,21.9514022168906,18.590595957890574,18.3019646586743
22.246084717230215,19.17515013981693,17.978937912124497,16.595363523503146
22.368920995250598,18.683664617803743,17.329249510318856,18.144259043107624
23.27219665692745,19.353039679966,18.12072358214244,18.718070769211767
23.67871223656068,21.4742197935814,18.06666731648375,16.733510958662407
23.445361929685088,22.11820390809193,17.28266836890675,14.084035335681838
24.418859024986887,22.03183893224462,17.938773517357756,13.339872578448222
26.01367869923784,20.249362296245398,17.287343216980968,17.707971927706968
25.03897116325792,20.58333200539141,16.32759933979823,16.905144950814424
25.120127789434893,20.53331898463492,19.18628112568757,14.885157513963762
24.578724597796423,21.381057163167245,17.833008358677922,14.856955774882138
24.636829885987563,21.50915028282284,17.063070588461073,15.327544812741245
24.809217060730884,21.2393240618897,18.79733489673348,14.001480061166632
24.090266043662584,20.629117297032334,19.59545091344815,17.29150960323376
24.77122256392347,21.97188116331816,21.04414285025269,15.641597658517233
24.590118540679168,23.35885747739129,18.549335955614552,16.814186568064596
24.95051897392109,21.12512916609219,18.936051866965627,16.475009580790072
20.24823111776252,24.885040384167173,29.97409425638467,24.31431661025113
23.83537405528316,22.73051503912267,23.684597190584253,18.31726295507156
24.837434416603628,22.957994945151626,24.923687280630304,19.453947591885026
25.98083911637825,22.581826389527247,21.04318077234633,14.81105574467704
25.77448675200692,21.50669733240891,18.77804350141585,16.379044025756397
24.840618422569914,17.617844561623354,19.20209896613402,16.699916961044227
27.195584133026937,20.81021435622364,19.46825540142816,16.50757382658354
28.064098299032256,20.926215041639555,19.74727476910073,18.035399313367748
28.353856837448,17.53411996079481,19.65156716305872,13.304387903582017
28.358174529957772,18.46200655225916,20.98870302808057,16.688987997840076
27.824584426368947,19.38804156018266,19.795985455798156,14.395282742269435
26.968290246291037,20.16271959403784,18.72209137806045,15.551199791158664
26.156297624778063,20.042896104091543,18.17143331415628,17.712046572090724
25.746821830597263,19.74126348649121,19.44618548015478,15.41260709431419
24.91526391253934,17.242516654692636,17.944481109740014,17.313390697498118
21.708367760312058,19.14011593834381,17.762405538530786,14.046104324186857
23.05823618868081,19.00129170961597,18.691167963278644,17.457835149626334
22.30083252697329,17.253590756104682,17.494942625799244,15.369093702487406
20.91259879145232,18.406682261520704,17.08139347955861,14.945521192656036
20.538320659964366,19.581765987932695,17.543231638280478,14.300144342294267
21.42351783783587,19.31584977989174,17.892637761876596,13.44124635397486
22.27835475775133,18.57545215385676,17.7097310391061,14.769656386861476
22.38295318100866,17.48946664385777,17.293301636059173,15.098405904086874
22.88208890272524,19.94119395885661,17.632384545032156,16.822708060841272
22.088637027834263,20.14962721260551,17.816735680441393,14.98055852941664
21.895525710284744,18.88941539843651,17.137122359825998,14.497252936075787
21.497806321944044,20.81121187150823,17.982347704249907,13.909503780877372
23.395472344532923,19.5672998145071,18.72688752880964,14.48677248861713
23.96051529302993,19.178262841238872,17.685033372909956,13.394862294414796
24.178472017412822,18.84558364534952,19.731465445264647,14.163544322787631
26.344675424558137,21.93005494187648,19.53520132387988,15.110424977733302
27.208629840062866,18.717477105427857,19.747483708542845,18.59721646943127
27.252539051461365,21.499246149311407,20.178137200038616,17.636189139359896
27.51724060910253,20.227195633439383,20.450719769322404,15.880924078816015
14.523250530190978,20.01278800006622,18.010295017544234,16.475188691597015
18.829866925802374,26.20155854598509,25.47799527134604,21.155734444789697
19.334252054101214,27.38827992729783,24.593962217980987,18.279868891010565
19.621487418147435,24.129454415356303,20.0927296992503,19.13471220118222
19.99758663122697,23.505225497155703,20.45319054334769,19.607366208152357
20.309844668840213,23.2951285393476,21.649746398168837,18.16842048935627
20.119645483771933,24.005303132774383,23.468298192079484,16.36020969059871
20.983318253087187,24.25036930377962,21.04633899226951,16.525993791887426
21.32920360164052,19.510175486758055,19.69376742763087,19.551621987594853
21.81181694831616,20.060156093290107,20.557543941615624,14.152936937336642
22.75479421874813,22.391106003832835,23.31099109526514,15.714538776935866
22.832442704014408,22.334306170485917,23.24354165503099,20.303395519122432
22.833746264494675,21.685842998163007,19.74645816212069,19.006260879561136
23.00857196275095,20.237431272052238,21.94818158031353,19.24453059390025
23.82170107093537,23.756131922867954,23.83257275974041,19.30134110762299
22.628602315664327,24.222635843347344,23.331178320610796,13.804718663290226
21.18124551112765,23.219843574440105,20.598171682607287,17.92787283224518
21.104037087406336,24.213095971003558,21.541705151889847,16.980676562886977
22.12909394681948,25.116849737048906,23.61494755522044,15.927864733080147
23.432928166683624,23.224711916579896,19.36337841182706,17.873960240276848
22.36780799894989,23.628933116748897,23.568470478565107,19.767768860227974
21.18731242364419,23.62859149598489,19.537708073834505,18.91138238422061
21.82063390217949,22.861420535641717,22.596713317990368,18.9120879056494
20.448641834648225,25.17050689389565,23.07821344946036,18.753651412423583
20.790422889748555,23.700407920800263,22.48375602283239,18.08659439806699
20.22120538805952,24.15355903769024,22.47446284270445,16.599592783221706
18.56451438855139,24.272585026875216,21.834754186643963,15.064110247937442
20.08719119794526,26.24727855167204,25.504344477642167,19.00138061663722
19.09306921780725,23.756381572777556,23.240200770271343,19.627485181233567
20.932732677787687,25.54156729232803,20.30608096338321,15.644512867438747
21.039772787947925,24.08299623947076,22.62328040020929,15.89001189833776
20.64891481128493,22.610547565396637,21.28584129647817,19.814379591308064
22.63560226550524,24.226285410389057,21.65418944015913,15.214294063038588
24.674353972562795,23.997929031286347,23.493002360250983,19.60808969746114
24.12329939768208,24.365887091628057,21.483379448243184,17.397041142770306
25.013714564207195,24.81822844660632,22.57392643921309,17.571954756747886
22.46684508255755,25.328789471133224,24.302038294914627,18.59217079712967
24.314347310341414,24.416839838566165,21.71445663347278,18.726363917812524
23.77851861435116,20.63973195067265,23.015816049943968,18.256611981803637
23.00114861144509,26.0711217256201,21.72264167498941,16.406223305668064
23.273017491666845,23.668873265687164,20.81028901536482,15.801268088102594
19.204290755003637,26.25146900170603,19.52828967499397,20.24193730397843
21.676688335785613,25.14300056552483,20.50049910760758,19.05478931285924
22.82453635460295,24.23859301209552,22.794214849390745,17.32507936765626
22.51229294592548,21.43989712907365,23.856402022243604,18.28461677925676
21.812978721187733,20.889653905227483,19.82285432704712,16.677534507244513
21.88032835272152,22.901999714213503,23.35347134715722,15.096933314650506
22.213765659180627,21.29053199986352,22.19636748723076,15.284710527026723
21.63448328978575,21.659607733967363,22.423897097854763,16.530897009549626
24.314846166336363,21.600955759628345,20.820480939520724,20.343347253204392
25.25088214490601,20.06735728040287,20.377052474667284,13.277986385378568
25.096452745182493,21.29307017182381,21.32242111454768,19.214226923619325
25.275759041540663,21.809350845599425,18.78399854795905,19.607255016501195
25.334270060797888,21.86379230270808,23.12967617631538,20.289515027032422
25.176946514925422,23.639454581383927,21.94306788067792,18.897502510458256
23.920915603746124,25.47210009457019,20.95613790880549,20.041955536395108
25.135144155135663,23.605563805754645,22.221389595660344,21.03834337446565
25.152506131186698,23.104226992744348,21.45410638726192,15.648008706764235
24.116981840303957,22.82134922364837,17.73172340659853,19.314811716537893
24.032109007035203,22.67914406585811,21.117716732879284,21.425836418159797
23.337771389939377,23.64607479034524,21.25395973116605,19.103451677154688
23.996586198263845,22.640768533356876,21.052127192273304,17.769642464119634
24.04631620127229,23.977003121088455,19.821267935432704,19.66685455718041
22.81244893069702,22.989587474181807,22.11504577294127,17.977367844539454
22.93274191027521,21.911787484561145,21.533235275123904,19.12758877973492
21.407496636250144,23.866675386554107,22.224639403778852,17.33759299877776
21.31227216890705,22.735169581261925,21.245122181773528,18.474810044969157
21.915341670851216,22.89655994046912,22.49895408135488,17.486005156146394
21.312906380751897,23.07005146138061,21.82310119417676,13.290912687470382
20.367670158626726,21.992531270643628,20.565334305463075,18.247147224220768
20.39085384190249,22.602985606985403,19.559309882287224,17.989543416729642
21.159299967761832,23.373736343704422,20.77339480140517,17.323450868648806
22.045137900193463,23.48076750338771,20.73269528276438,17.011588179890712
17.888140142910924,21.82379794912513,20.913310946019177,15.06653107749253
18.783634765676496,17.827872751606034,18.27354508780065,14.82900879543521
17.670374754588046,24.187834122597536,22.080916967634163,19.495553353507173
17.24524793129088,22.237545296646307,15.478168967752266,20.964040686232075
16.805059147443806,24.7148631065694,18.66202880817553,16.78703016957862
19.015786232116355,20.92895632774311,20.80690065900433,17.424326746598133
18.28394550532393,22.242295056038603,20.70306330120688,16.744181577193924
15.114002857412688,17.216456268528567,15.538154947485715,18.4910906225829
15.737835245878609,24.664284537161645,20.95410165238242,22.50563905137766
18.39273341680038,26.466699440118703,20.430917350596456,21.604072009409407
16.797260714317627,22.682126217982184,23.85863477071669,20.835672030587904
17.709565103867067,21.46237983146804,22.435242322814247,18.725883326342515
17.672333697883808,23.499240200411997,21.717275156767787,18.98561237703345
17.66505738142969,22.764792597635736,19.615791347855183,19.17911475508352
18.841012186948543,22.574721775395677,23.16662313291258,15.99654239516174
20.23954555930546,24.164557985916858,22.98160673073757,17.922807954874227
21.987361543841462,22.341116539160097,23.437550876501817,21.439347652983656
23.04085786028503,22.63761459638357,20.099840319313824,18.67809631588906
22.30747859641753,23.318619813187613,21.866388507305643,21.30546490837583
22.40799184643322,23.632925704919177,24.061054386528184,21.1433556550441
22.569635432113213,23.906264853791843,23.05684825559558,19.300092308888093
22.4675449864118,25.22401036095826,22.784357947127106,19.935379117071488
22.55044711467721,23.881155227663555,22.750562143720497,22.209293127727918
22.862712095507888,24.919086381642543,22.64567087706625,17.252628241396994
23.21882412519558,23.769370204406957,24.280369884998937,18.604146885389387
21.3444076771561,23.040781198367142,24.409803138357173,21.627123490440297
22.07626387919465,25.848739048710843,25.356203058488397,16.904542965828487
21.69472306834892,22.69683471177022,24.011174875197664,16.101941023160887
19.844225576580744,22.45830331388724,23.0772308929171,16.225571579972577
21.04108628105301,21.66498843975157,22.24892693074206,19.146688474417697
21.34026204157085,22.265934701971915,18.77891513716914,17.607541031118544
21.939904224323488,21.262648066919947,22.628679597593365,19.98280520617668
22.241579814615147,22.64697805933521,20.447948402829848,18.802144262717366
21.863307811888877,22.164448534640968,19.065771112877385,15.92323619776698
20.443014194700343,20.020885991465327,22.355840574675824,16.03135783517166
18.02913792951344,24.49402096947564,23.100621854466212,17.94354128001099
18.939024072520223,23.404408279116826,22.22406625039154,18.329024643254908
21.513687139295104,23.54932763138036,22.38671990263785,19.35735694661609
22.38730229107971,23.756106562563456,20.81299293073802,12.943390916021142
23.09515523648504,23.94843451255059,21.47912982373509,20.09561302281904
23.618865901336594,23.33700198496121,20.59054745041657,18.80113436453444
24.622583662739785,21.842048253492237,20.78308319217955,14.316035988742604
14.00722463644923,21.817848444637743,19.339940223862754,21.792567547792743
17.869970165537833,23.530314041115105,21.83571190513747,20.45721735614048
18.85079495468897,23.86830304581916,23.22753800538577,18.777938763584043
18.68956377132974,24.433517739129787,23.749140461939817,18.35372854221968
19.478452032612505,23.70104716417445,23.886740418942413,20.04226686232968
19.725024598993787,24.74004565831457,20.184884196180008,19.327196472077627
19.08707365286376,23.295116016080712,20.99854502070628,19.83245772066109
20.756194742470345,20.582653414486312,19.900642897575853,15.52156844655895
23.07351091286193,21.008746856852465,22.957260530615585,18.61140122292645
24.439384592763588,19.79537102699656,20.890924339891225,16.48019068501895
23.41031618844204,20.87988192447996,18.594055035284143,18.787769981606548
24.72714575615545,23.289416637634805,18.91695907058871,13.738427641476102
24.905604467041275,23.68646028499997,20.700316265585737,15.94849009033068
25.050230977281245,24.243412883530524,16.795931886392548,17.474514415623567
25.135922763185462,23.15140045707632,21.62110747510153,21.057412932555867
25.30651957840441,21.972386751869333,22.82851239648565,17.60711458500619
25.632951121819488,21.971799371139408,22.76567372218138,18.412328267574637
25.059066482378864,22.78182426626455,23.22008315346982,20.772277124913725
25.286824284529548,23.10207630199486,21.34004531493688,20.295390755362558
25.173091004786144,20.502547579676165,20.487650366269964,18.9356078183216
23.582776294498263,20.47798693438031,18.85762998941543,16.456076570893742
21.704323499204303,21.8117042822079,19.5857606209762,16.046706781802378
22.303107341885504,22.419676750590508,19.72160925130048,14.074673908829324
22.378897351642134,22.896187508768843,21.101212903896712,15.933065008372688
21.44992280942748,23.765379130378587,21.82042214042248,18.55708507755424
23.289123571209814,22.4861159108274,20.03450692917237,16.62783906617099
22.711647516258925,20.374491552905265,21.465764683425856,18.85222041677382
22.108598859857967,18.98336465317093,20.518474072445187,18.496599041326025
18.773866372165337,20.91461985525834,21.4204552414553,18.208719777098644
20.060437737836,19.56668386176727,18.53538428854211,13.983991119012783
19.887292528113854,20.81994851937403,18.63147330473078,15.730593401184214
17.967756152829377,20.598374988759577,19.62457429485828,16.06096236147511
18.801168491147227,20.825821073059856,22.198156334111832,20.208624679383774
21.09080825601171,22.53514880385723,19.55981774727313,16.110178929210978
19.68554062917925,25.188409036205893,20.06720841677356,13.11209960528818
21.777072180551546,21.46359373972128,21.142044814308463,13.049335251020906
16.268910972046328,16.487868787327013,16.925171793138393,16.104893877721768
14.634102459283282,15.167816161785993,15.276527305319048,18.864212993225856
15.249287147159654,23.871671478070493,19.698870968837,20.111842395802608
15.731247202277396,20.6097076377258,19.72590189399356,20.169236699402365
14.934383110154108,20.62993186035615,16.18437139607254,20.571006847685755
15.15044880514307,20.24449018745226,18.376452035888693,18.241908267893447
15.303279235299843,19.9723329588238,15.314757055506137,20.046911392022796
15.982059597480164,19.30876536213162,20.226872793636343,18.524750689283557
18.38986559738172,20.51012485840859,18.85784682210437,18.909751102459413
19.66381169872016,19.04501879537172,18.682504373402587,18.379053092660644
18.294008969294435,21.07180211462988,19.46828395571201,21.230888757412984
19.059393796502757,17.27032150717627,21.26173428432059,14.342371177216847
19.28806440673437,22.541377309603146,20.364454118890748,17.91053078617621
19.16927421397325,21.241061230328643,19.79892719842475,19.358149855243624
20.8765950091952,22.42292770881089,21.18486175720547,16.63057333171222
20.63931614041925,22.520512735271627,20.86014288897576,16.90239983801983
20.717380274220066,24.90134393044222,23.584058293797213,19.37978613968429
20.703345111020024,24.12342956736806,24.141446279000476,16.508059520336932
19.503110426561403,22.677288431717106,25.02906410156672,15.451312851899957
20.056126661848037,22.465880728497694,21.36399882538878,19.690589262833036
19.31112231770567,21.6908235580364,22.00507097336229,16.972723158927113
19.28241529569061,22.454932285331296,18.879333382584274,17.656753450037055
19.68417042604961,21.99129635170266,20.741748393738263,17.3004888753534
19.50416414232669,23.19062239746698,20.13564948824637,14.627854731619244
19.088031338915325,24.32319060322773,23.25682584096695,19.39452399259877
20.28365616069732,24.629663455297884,18.674763920540588,18.380829802207877
17.04659758732719,23.50624900156169,18.60358455170723,16.361171457538163
19.66059790860136,20.61423814975761,21.14188707720382,13.76062113855789
20.012554711102627,22.11699510000702,19.234558063115564,17.638795263275306
20.15321973149702,20.459806228597976,20.624323505510237,18.61624500405505
19.679000360150923,22.83165382057824,19.603243796569075,21.82753554400286
20.47237224708435,20.27420798417714,18.988142233469024,14.063727011534873
21.05989063162654,21.82200622077119,21.350709823984687,18.948480955219782
28.510395794798644,20.65576949614667,25.04256611089794,21.73702558220357
26.345098468115,20.60220680159629,20.96183890592506,19.28726159638575
25.03253179735255,19.505301014224045,22.15584377085376,17.803862555367207
23.588558839897114,20.56672924877861,19.47289167601266,17.67782343692485
23.42371359019228,19.779047091168295,18.488441637932382,17.212467281098675
23.032355693414164,19.053613157943172,19.18956135293323,17.55434578784235
23.35047208237769,19.953185092502533,20.760764427109272,17.197573854702572
23.432870180156986,20.917861447891383,19.823716103753146,18.02787640964568
23.965215691506117,21.30897742239013,19.227817719265506,17.453038304131482
24.060211259069607,21.053783523835797,18.79693032897386,18.12615855356545
23.48111615649684,21.462541077932418,19.225461558059195,18.514624414962547
23.79276160447147,20.71366145626742,18.1966711848928,17.88842541227003
24.36293742226581,20.32998754359876,20.270788515083648,17.272478853381198
24.490261812804444,21.545221850791524,17.284835559705403,14.536908126648369
24.811531376910168,22.406439199376056,18.20159343106019,15.848039215561151
25.25993396825613,20.936823227698905,18.398727665636688,17.80714401772079
25.89612529630206,20.73176411274272,19.862881099246582,15.408240159255852
25.619968140453818,19.883887367966345,19.573506953878,18.433491963277664
26.0479922217073,21.40129322429033,17.957747432557532,17.240001830073115
25.617677407822708,21.86493406399912,20.023004027645914,18.57132330174043
25.11441708948017,21.906823724466324,17.385169796226716,19.33796698013564
24.901412818820265,23.48812785272722,19.92501916200556,17.596523522057954
23.86190012215232,22.398014512613724,18.607890219597653,14.329135451161656
23.605095844035343,21.523424526246828,16.900171504809293,18.72555006527638
23.23374292101819,22.314380476730356,19.65101061691529,18.71193344633545
23.183437078919795,20.71986518589932,19.44925879904983,18.1204826242692
24.217832250276995,21.006699770713084,18.77446536066846,14.679449835373104
24.09934477147125,20.605070897493626,19.552986545483414,15.490238995685369
20.668539706829765,20.67573730001937,17.102016567591537,13.91457730870269
24.11905919846401,22.061242288998056,19.240693965113167,15.371889735107326
23.41381663515861,21.4270311231318,17.825976722526075,16.77357127315032
22.71479135274824,19.566746832380176,18.989531491668416,12.541996702465504
14.479922011720888,17.14268706082809,16.84344708409561,17.835249444702427
17.04472233850287,24.37498931431563,23.66832320254123,22.652262703545176
19.056453417756945,23.90937248300928,23.5844965469512,21.51793331506705
21.396490921520144,22.68782750942913,21.4163438925888,19.589386011587877
22.369271658443434,23.5370680607399,23.867056569672044,17.572969953331512
22.300700252861294,22.55102206176083,23.550153159948707,20.018507605210413
23.70986395104557,24.292673565708053,21.583529462012667,16.702579592957953
22.99851794668856,24.453373832208683,22.321645828273404,19.464297915784808
23.139002136729527,23.78161323278813,21.127523999948,17.207878128540198
21.71422445053209,23.97500862335801,22.53196847075255,17.946852340448405
25.3440369782614,22.80305594095921,21.4908611929267,19.46435778335955
24.00090951271132,22.775893639754788,23.294191621547792,21.17064546112833
20.055186479180097,24.937371411016056,23.839362080613856,14.74238517252842
19.48890801083045,25.834825550884805,24.884824637412805,19.2814840041498
20.846680748767664,25.357947980783138,24.84541424584371,20.44889368609231
20.94394718130562,24.804668565233737,25.39686961359581,22.425387358467685
22.467704218323277,23.59569896145099,24.92089637169217,22.1146242757217
24.58435364071575,26.508366861097542,25.01895324450054,21.456572920484785
24.71729865134056,23.13047452229831,24.88484645661559,18.547322471106764
24.69828237224976,23.03606377771696,20.487651251449982,20.1068153957869
24.997498826744344,22.189754118022023,22.351509208063607,19.994201752927072
24.781907637031093,24.20917648265504,23.819518524890828,18.080903259753835
23.698770487149066,20.683027508005924,20.276876339652887,18.239940287371866
22.7925920870879,22.70169130913261,23.173796857644778,17.203154133083178
22.35012909154092,21.71480019037481,21.217888491512383,17.906909152841717
24.01170334537207,20.40500771204994,19.23257319461838,11.78128534322289
23.71658285297705,22.817533579012863,19.519964534190432,18.258559117460923
24.0921959222906,22.493696751585443,18.934551324098347,19.168317253681764
24.027133024096926,21.701281238663324,23.049141863840784,16.63276048405078
22.603410192202023,22.35341428870002,21.040695461179663,16.365885901550016
19.32577173093162,21.605191752016765,20.820096522997265,16.995708980715936
23.288082992967805,20.03161798544336,20.32820849074941,13.128390253949668
21.16491080388312,18.58935318092708,22.569982536572397,14.518760229375246
17.822632704724853,19.684644710504102,15.669310874476844,17.54459714024688
19.031557291377,18.283007070365617,20.85782231245361,14.759869541215672
20.837844993906632,20.474004523890567,18.49291857757818,15.539979052922908
21.17326594226916,20.06560327019146,20.185448081306134,18.71147868023084
17.80247197671569,22.391722457752564,20.669634559151664,14.713710348370476
17.272381829260897,24.158824527748013,21.353061114910144,19.180872421063928
17.83851096371636,23.180782297036675,20.884373432342176,18.294753378136686
16.504392015815146,17.19922507161957,18.03121199947391,16.71105903513291
18.61382473728446,26.41346048605244,26.475660258836303,21.148187767457618
26.042760568141887,20.736004090427603,23.79759497917347,17.818028779210664
28.111382923352757,22.23039956774388,22.68140339629802,19.12614361897361
28.16311643169188,19.633468959441718,22.307108676578565,18.478753141114694
28.36047038900833,20.691488091619792,18.825337662568888,17.908727708187502
25.636235038171566,19.65015945987846,21.51293401005591,17.33508844647243
22.22299412064402,18.85668705477791,18.181963313814357,17.379559612236424
22.84533923927755,20.170708231336835,19.003303549373037,13.942893053857745
24.68747078367654,19.399613853994538,20.44346043399184,17.709798056836974
25.14819585049628,19.86213944522851,17.86233352408068,16.443443692372487
25.89404390724557,20.025870624945124,19.397327737503872,14.712524415237851
25.327663685498678,21.051370016079627,19.00794211004506,13.831767703114387
24.8750321413872,21.09176844330748,19.85634351191732,14.5120943460935
25.07661446938281,19.281996480070475,18.02113336672961,16.113804058430734
24.86128038502982,21.919873265307675,19.46979232848042,17.31492830191891
23.74284618944837,20.487749121664876,17.31440287652482,18.3929975844694
23.31965725373591,21.640565719817413,18.61775161812568,17.611452592849513
22.67155698691412,19.123916512532777,18.060664239883064,16.944292396903137
23.478059142602486,20.461116404141617,18.44375704247463,13.265070384858827
22.207193511346627,19.89449114393093,18.40364802374312,16.13350431224247
21.329818321409736,19.41978962285603,19.38921727711356,15.654447675440023
20.180577070901972,21.079618122275505,19.44886252891512,17.003060149415173
20.0626834593163,21.21250415667359,17.52267708194667,12.830058810857784
18.88668471248736,20.565059841820712,18.880688361816716,18.0315651037124
19.74946181498341,19.40916163170393,17.799959085584693,14.01059799178924
19.233974430177497,18.649349776934702,17.83587509966237,14.13880899412627
19.81883049866488,17.97542393676846,16.96167955603427,16.109133686881126
19.479235677393014,19.108270425702127,17.530701594569397,15.726918824774252
20.00679335850913,18.38475554884867,17.799379101560753,15.92778991195363
20.767057131532123,21.04489862117902,17.808812730520675,14.785776896830836
22.47816092239021,20.94829860942737,19.599546198234343,15.92154733959697
23.153028438000693,21.231184036603207,18.81946982523085,17.226765383774264
23.154056650002897,19.825726470494576,18.692505991275443,15.89595714364622
21.12237244537204,19.65637945735418,19.178358295616174,17.73410457133073
22.455638814933323,20.125629472322817,19.37341519203777,15.56380034291998
16.969311541546528,18.613026599388,16.712098062943095,17.58258682831521
25.116801973254866,22.142758886880813,26.922406079759057,15.947287284305933
29.412659704252764,22.903611323255895,19.512615903338546,17.252422758521906
29.64551681752341,20.246803525370304,20.669261536552813,17.562436421255317
27.807405434276333,18.13325898045262,18.54597449600061,14.31335018003631
28.26206259045813,20.870771554340383,19.847288580891117,14.206251613347838
27.63626375937534,17.442172699651366,19.09009606453041,12.870777943753724
27.05724317911275,19.854602126973827,18.722941530946912,15.863564881613948
27.361842078898928,19.207163845343903,17.583498495402605,16.236396256254235
27.270544963678716,18.10859333377196,18.92180654637929,13.931140221966082
27.55157756245568,17.945728028934855,19.116940116985464,14.359638211343778
27.432911710315352,20.12866326558248,21.59285288366144,17.834901061131234
26.66251690939732,22.079363867222444,19.9682899016902,13.892421095222549
26.640064867771144,21.201835913185636,19.89863092956024,16.94884835724414
26.26453380077812,20.737280195918306,20.7818331648284,14.401328737354897
26.17641993739357,20.958331151897863,20.29755694993671,15.93638693577838
25.114998153989035,20.762470642797,19.312163904296263,16.291638765990648
25.38721046981814,20.33195754504892,17.244820502230173,14.449652175399883
25.89508940199471,21.494007255842067,19.327882134019596,17.952786817553203
26.18147606234893,18.39043410473603,16.94533168280459,14.16654568861808
25.61060138081217,21.025652556357795,17.502155715482647,15.636905881731693
26.17244334369723,18.45203502447291,17.995345167528697,17.1175726222614
26.954594267355414,20.46470592965976,17.540151423944092,15.14393377515772
27.13251091037921,19.94510984577905,20.013677338190025,15.35782706115734
26.87141509490005,19.95736246077153,19.604640480589072,15.505304368697368
26.72694574987136,20.04064736512185,15.96386251727239,14.648166608041851
26.295435321013542,19.81402707966828,17.593965251739903,15.772457181793795
25.38986169992619,19.30172686299267,17.472080746716287,15.35047500492581
24.148578045450886,21.176370772671888,18.444014695956945,15.534451798201706
23.352385044214877,19.87502780810449,18.31124103505644,14.19560384910656
23.07211340321841,19.532467937965183,15.931725988685256,15.243739502462732
23.57673913463036,20.151385193301465,17.07519043895234,15.845676020703555
23.81750592092837,21.2512709345967,18.314697979100966,15.29624515406648
23.00525767264827,21.69932455270377,17.305710544149324,17.253191234210913
24.27093568361601,20.08152081854718,18.581171237320703,16.335090679613838
24.461247648925767,22.659591695869484,18.82821496567502,16.28143324939066
24.8608897321467,21.435198827457324,17.589502506465667,14.186022643115033
24.85584540822072,21.535360684430543,20.03092189009393,12.963103220884507
24.897969426321,20.312163972291437,18.4162457638968,16.194037005722357
22.38909318379624,25.93508281603977,29.2251347552576,20.29195384510568
27.58391894863976,19.037578631142893,23.030482303684845,17.397236467880273
28.532296117291107,19.31212943890564,24.143857830699744,13.843169609610904
28.98799962370397,20.110709773661902,19.92549679073289,13.544387256786656
28.92496100957978,22.4126406540011,21.263840172420046,16.71632477679341
28.48070775651752,20.46837462841992,19.80396929057924,16.990807948920036
27.917808340288627,18.995275829648328,20.01537283749637,15.230274454166668
28.06973484564499,17.6968447330887,18.670969391834983,16.98901589501193
28.102995886649907,19.44442220816249,18.20551236186627,17.012565744677985
28.225685254910037,20.516971989907635,18.71597521895436,16.675647454720337
28.214535794483396,19.559649052489263,19.579284624799936,16.521414295027835
27.821324202137703,18.356974081867104,19.50452441125965,15.829971296760196
27.648803100205782,21.885685487917662,16.81022156064387,16.784888006584037
28.55736499239376,19.625353460164305,18.84967994633338,18.72452977198472
27.065313633502893,21.858195338418057,19.41303231176812,16.9474176626792
28.147176196663548,21.12137945957881,21.719027251316064,17.601555661532185
27.94608321763653,23.016912286819565,19.920040677780317,16.214939262648098
27.254352663292213,23.5704215817714,19.035313968248094,17.220490920767578
26.83735311498453,22.2278362259714,20.462836085138854,17.519914468839154
26.46693283559733,21.18715399566733,17.507813666004584,13.97870076928273
25.01945863527789,19.468226148616285,20.196579414168948,18.09206145496721
25.23513622891537,19.71634091123076,18.166136417021736,17.511416457286426
24.928650413392493,19.948180096105236,17.11951775371556,15.02546498011825
24.25578391961045,20.205565858198398,16.92765278291597,14.46553998511917
24.5725353409834,22.069983959713813,17.598957403007418,15.777573479523976
25.000813080934392,19.50753141741456,18.31830947507496,14.44647798665636
25.105670377610725,22.02780224584413,16.973066386200397,14.247248495718951
25.284061890603933,18.329548135271448,16.688384163822665,12.817703082489478
25.828403198383185,19.360624118059736,19.045883758451318,12.395308149791296
25.57189735885039,20.247196033894912,18.922620301526155,13.697580835838346
24.056278403083653,20.36156050357921,17.067936272920647,14.807713957322909
25.57935655725754,18.64381589754944,20.14560006833352,17.109419143212428
25.63050311319887,20.389363146546906,17.849242959103147,14.071816684975444
25.983183052442477,22.44824142806073,18.112046454064775,16.996801233713306
27.393085765871835,21.021327165398016,18.53466800856801,17.480708588266214
27.38325425521538,20.66224955429197,19.373612359381102,15.211033589580074
26.05904865914172,20.09617171107294,17.408318126969405,15.603165962978592
28.29254395195908,20.19293536061573,19.08063321913258,12.900884342685016
28.745095407906792,19.90988594865536,18.849910141244933,13.01573609829291
16.680332073636453,18.408649299419032,14.87172850902716,16.75731790674418
15.644092528307334,14.465528042361052,13.469470914944386,16.54559757954661
23.47379803055197,25.91351101450489,24.83954625767464,20.49349148909608
25.478683733804072,22.09915344392675,25.328107616211827,17.186331436036824
27.134368821030808,19.788406575246057,21.84650629434744,19.985577241114264
27.4022155089589,20.528343163431877,20.87509615945009,19.306515023263987
26.411350549630725,22.21246508363447,19.930691761225624,18.283300389768144
25.67647031815143,19.660605109195902,18.06381108057345,17.35290205175377
25.362558835639614,20.389283408524427,18.57724776893952,16.495936769887994
25.401907498984453,18.634460242478337,19.951975006073223,15.841392717417577
25.059458868760856,20.356873407163206,19.62797436117111,13.39143915193256
24.513456012001303,20.97670728732884,18.89042817405097,13.15164437726539
24.003538967386365,20.895144849624167,17.724065568220198,13.273552104720125
22.62802747544062,19.44900695591292,17.964737309584567,17.218229751061145
22.709373859416345,18.579803707246512,17.712139346336382,15.931706058844355
22.98628950545982,18.813738893809077,16.64856785113887,12.291815018684424
22.174130582850623,19.606553530265924,15.618572332928329,14.773809284776467
23.4921647515061,17.947884100312304,17.194621287384788,14.178028488755352
23.60834452701124,20.07855091723033,16.635384821785145,15.156541503742352
24.022877489672023,19.027936236878645,18.66749618095847,15.775109130603
24.426740969108604,18.94515598862308,15.959429973918384,14.359307022677587
24.65011847030057,19.293736511243107,17.88660129846353,17.157697583633574
24.30805538239576,20.91796593213898,17.288584709482794,13.85484499684082
24.847087010844444,17.57096607122944,16.763801472298614,14.405494561420378
24.564753688027626,18.481710917224685,17.515089150229386,15.89852205624239
24.401052094715126,20.48447325141821,16.624815174348512,17.97555212851161
23.87700605504139,20.475470559729345,17.62077669774289,17.621601348474897
23.290203202696784,20.432174989717343,16.542449860067318,15.562319333733312
23.131861718700566,20.519698384777957,17.36887154962061,15.047190081289353
23.183657880432403,19.72127481390411,17.751176089145776,17.462256910652577
23.34920754396315,19.39797218475633,18.39673623518332,13.465807038853384
23.88631959172859,22.52831055286032,18.835792168359337,16.494453905489127
23.10412443833901,21.328054966905327,19.1457100093325,15.86905425791629
25.051140660651587,23.19787215472457,18.237497050819204,15.99152892808884
24.58748082575412,21.173310377042142,18.26682345901257,17.153776049120832
24.31807671434682,20.457409866583745,19.154423213485455,16.099119368156725
13.498894182040567,16.689518388297845,13.279485763793422,18.77949812209975
17.584138357710913,24.463128713404828,27.40483738129932,23.67786963996879
19.943106989695405,24.11936377432278,22.27633562814493,20.605622336956785
21.019888551124986,23.91655964132801,23.82291138744717,18.51874379611941
21.31269612381093,24.52365968099969,22.955664165413623,19.315109980561196
20.89288046330144,22.604823809172927,22.463326560647676,18.90240598750626
22.10758730181664,23.38828498272454,22.349821796716853,18.882617952841333
23.485242636391167,23.141141425045152,20.45963931452977,21.68401501594187
24.15251159196609,23.66207290624829,21.637515998201327,19.783800465685054
23.671039921546328,23.11985005340648,20.88199435561122,20.227464755684597
24.559901811098097,22.976388235111585,19.372284464718128,18.247604151083685
23.426104290087896,20.983793367653504,20.679759842549217,17.459970911620534
23.57420492465328,20.819258104322888,19.02632828268143,19.567977327625737
23.360454801780808,20.73206128415621,18.98781634735157,19.03565642051191
23.846331667608933,22.33380325884504,21.20985837033302,20.60551934406545
23.32693694810277,22.128085520356,22.243625480597128,16.404758982741324
23.764974568777887,23.36650626715087,18.241697412283823,19.93091325655069
23.75541305941611,22.503928991616714,21.64071692154538,19.54310462486296
23.136395740247725,21.56734057153521,20.54175246412988,17.772642177429574
24.100648027144626,21.740397125612706,20.08282869599955,18.474181201256613
23.12205851179335,20.989007855670117,20.09420342026343,19.786833624622066
21.594254189153464,20.39102857845565,18.665771618967828,19.39342230749291
21.96716671142306,21.043442661716384,20.585361994189032,17.509277496131087
20.96424179704894,20.588216856216096,19.68509527416664,15.954233038281862
20.907498704783,22.537970389779662,22.57527788751614,14.562434752163986
20.627073767582488,21.36261037298853,18.46335399463296,16.831982745762655
19.51999192140303,20.524535195809744,21.18250827792356,16.218610051968724
19.23460411787185,20.631586115739186,18.37506142153628,14.669693921428124
19.691288788814997,20.64802035490374,18.02035401629728,16.405125986154122
19.704529682240533,20.31568053628869,17.74611288525564,17.585629712534995
21.59057747276613,21.1387098120956,17.602938985409363,15.398481422678048
22.945136164498507,21.604179864019216,20.58809934910352,16.891564059221285
23.93431807297471,20.50873613860014,16.218631279836547,12.808230486090224
24.857029850547654,19.939508655509066,17.75629790131109,13.261844509021502
22.069863777154115,19.78614293757808,19.935564689705824,14.714192276727134
22.8014740190121,28.0138891478385,22.18835222822345,21.15380931537157
28.621011456381197,19.675175857085883,22.256589059089904,16.333188903009347
28.48885487469101,20.796385518090982,21.160192575355,17.15209957858485
27.59350139332653,17.71896530682288,19.53343140520447,19.48855629208286
26.07767952894937,19.81385574000605,19.666222742687705,16.77981001289645
26.390017192630022,17.71245238355638,16.472976411110256,14.560758627931923
26.91169756295479,20.297037560902268,19.425233607039008,15.9060706057846
26.432733001170064,20.01378373324057,19.323798544523385,13.760585038395549
26.374807457200315,19.16527710355481,18.50773387878945,16.499635278690423
26.295789130468798,20.473661144208496,17.636998100043513,14.417316413283912
26.218553255384297,18.49934506512,16.2524260278865,14.90082515507492
25.47470446719719,19.21056404635806,17.25785904454132,14.267813102780943
26.027140943522948,19.83462022279279,20.41073752890457,16.10544768896855
26.633319185925625,20.81929588714152,18.63756408111222,13.714221213338186
26.24831458069201,20.275740282784746,17.499793529260696,16.78714454455729
26.46566593280779,20.280424046018137,17.38509315135309,14.640662361640423
25.649715041730545,21.048298381348832,19.01835428879051,13.149529035091676
25.867490202889236,18.859832715254,17.599420437263714,18.36791050436777
27.004862303460424,20.18317208759044,19.351183920269232,17.093088047988047
26.749659717284857,20.846766792462944,19.193184850515586,15.115795335699971
26.479421159104035,20.28086478967017,16.354213749809812,17.234938180924736
25.799753890642936,20.15784023425637,18.73536471656503,16.93554176744576
25.65655802427042,21.111333845292187,17.86308167613997,17.583507959410113
24.445139446898875,19.58203227504894,17.876094352130696,15.61349613545894
23.50397679675977,20.402744713946525,18.523564613902792,14.537381105614092
22.100648861331365,20.3016082082492,16.575137063590297,18.27279074913954
22.56385275520896,20.244746750837063,17.461795356897653,14.92556969658162
22.48055946746885,18.306514482331867,16.627713919895253,18.277478265821397
22.439206989040727,20.76370665028625,17.39473048257721,14.981039423145845
23.341953277900952,19.79024461499957,17.045065305637433,17.838834819602955
23.2152131514776,22.105783219916173,18.58918323216519,13.099854458297878
23.837154214288,21.82036509212241,18.344745759310328,13.89155687055017
23.94666105960299,22.13884242276946,16.904434625586703,15.802532104907751
16.01706520409037,15.131759856025589,16.768159803354052,18.17140515590916
21.26046995393379,27.385782482807542,27.34311114612016,20.99350129113112
24.419788492747625,23.40119287644657,23.10789868880637,22.307807166228145
23.55027650828571,25.25820618124412,22.51452902863469,18.09731855366466
23.30187576042961,22.785540560132887,21.048012240108783,18.273693986552814
23.63870042578347,23.259738280434235,21.56024157023296,19.417735323910133
23.62710763543905,20.779848995418845,18.98555754732608,17.236453863624465
23.04111263691156,20.64986920419797,18.23306532550067,15.350433995499662
23.670386034757417,20.282900714513943,20.5361808554613,17.793337308322023
24.202059972143516,20.7448650230037,18.84749502678674,17.506320202824423
24.00372783192587,19.735747824029858,21.025242009128856,17.461690689481237
23.607712888108267,21.81458737240578,18.625578885981657,14.825446768163928
23.601074477383342,21.83091565662464,19.524158975956777,17.65381069371727
23.761903028882102,19.360435246608585,18.86662248820462,16.480224563984432
23.591844890713176,21.991971151118936,19.47193037712512,14.019460626477338
22.86621014314961,21.828813766918767,17.88937169017372,16.652395499442147
22.50576648970585,20.161961274571457,17.97507500502719,18.515140595286
22.11767018969344,19.945619384365973,18.1796022101678,14.936718703154996
22.448356967659468,22.49107793423961,19.8266967691807,16.419696891028625
21.74904838089381,21.572882698754764,19.28441658294946,14.639246500675474
22.63169892771225,21.4546473563893,17.017680674389414,16.42189303228187
22.139937910611938,22.319452197166253,19.21887661594403,15.03467789024205
22.49580426386236,22.35080109569668,18.652638084973265,16.841696124140483
22.24438572579497,21.139702363413964,19.553805824925902,16.493636513453385
22.265688838088696,20.2020773196918,17.938383425226533,16.034016043452922
22.223513290637168,22.05990859177419,20.23131348968434,16.805095658933848
22.07951676916724,21.831524135662843,21.35939782603781,13.186132403718398
22.01989631638401,21.976767963008037,20.268257319291795,17.229163465678482
22.20382276136849,21.367067897953177,17.767537983599418,13.271739239393108
22.36614312081445,22.55779416811648,17.705510624396144,14.730661951040704
22.812681143827348,22.9749164777095,19.807659601638907,16.930065225124803
22.341722836075984,20.900388572376706,17.972105994705174,16.757063795346017
23.574381898279047,20.20732925556353,18.540288880839142,14.31765489761947
23.526273525706983,19.697202701326614,17.80160015389752,14.443173531312905
20.500576600948865,24.988652302932493,23.59156495261175,17.391606420415965
25.456798880772883,19.44995484090868,24.51140983652708,20.324154294072432
26.03691323512875,20.67005820190011,22.00227660236654,18.543262167860732
27.46212417389484,20.38076109473453,20.282733487645228,17.66388659438007
25.94552934527732,20.38902945845145,17.50648657862485,17.995592563937553
25.821581951176885,19.516902504838463,16.606059239152362,15.39752849088898
25.70206866342208,19.317532878549144,17.624533565338712,16.72303105998903
25.882484638001557,19.722405090832385,17.87396612270877,14.325752205942663
25.55176450050892,18.95904954754685,18.49297860088201,13.04385298121528
24.980300306535963,19.54472681764801,17.767975469793583,16.986523879478174
24.688457945496435,19.9410246307806,17.630965077846323,16.597103256884232
25.35615711809451,18.72288023690288,17.889735074953936,18.06536601025155
26.658789009609634,19.712022393514104,16.238866266489254,13.656515850093784
28.419883502386075,21.21226847218758,18.85279480163075,16.950361590245116
28.29126056051523,20.820430182665124,17.371432557052696,16.717338439046518
28.423197001289008,21.708545052624974,16.768577180422376,15.422553654150926
27.343481192097528,20.14656013339561,16.8224594786859,14.697272485212194
25.748205748053,22.44871131600952,17.740164160642223,18.115622940431468
25.024559665684745,20.216696128099603,18.0401643308931,17.86657242559899
24.321619574950677,21.369395501571194,17.14843542372083,16.990328715860382
23.30935559789657,19.97617217239323,16.366611683461105,16.725585985770486
23.46646291784648,20.39089193628502,15.69732373532034,17.260505005112105
22.684306410124147,19.92953368426073,16.77559726098407,15.84703904221161
20.562435013358257,20.941684576327773,18.715470215607183,16.211091217558533
20.16033055943658,20.014500552511493,15.660031262945973,18.40178235244635
20.13181443564913,19.65314367408395,15.592251550947422,17.522083769209022
22.15186434228775,19.671116825449896,17.888118718393645,17.69200196924025
23.93483226972856,20.662343364592285,16.638337502482585,16.532147843294226
24.287719926464977,21.554614659140043,16.379864193821263,16.43861052102459
24.02435423062094,20.35705166374464,17.412958037342232,12.810238098559706
23.855474063079157,18.773288808941444,17.13193576504159,18.90983718945781
24.633833888354825,19.840664133852677,16.171972775833776,16.111040535755574
23.715010086243797,18.436958770794664,16.488609729402008,12.691852636830852
24.491255641969843,20.288612284984527,16.238286505020444,14.655502140868355
24.99878205083228,18.533086421530054,17.508557758313916,17.18981850300532
25.5207270804073,20.104543595199008,17.961196050087803,11.893466310275189
27.391278239672385,20.219306702109574,18.64891103004523,13.826856300483842
13.595962655884422,20.178911502623983,15.310315687349275,20.91078617491024
16.421858254699263,25.2544638077699,19.030839608183,19.508903556665206
17.867337048914216,20.491521773608245,23.537818036205795,22.170508872540108
18.070756296065937,23.384205989897367,20.83578961498727,20.628175907728156
19.22740960463388,25.360114643313025,22.48399321804091,16.801372462978772
19.458648340143988,23.289121292983637,25.48685811488855,17.67382822752393
20.203670909167997,23.086186826728,20.452151946477525,18.622891421793607
20.45628126919433,22.041006672157835,22.61292591646492,18.180065129489403
21.640800731955547,22.70900419736972,20.34408835754994,14.895989971706191
21.979935083579363,23.12002638122237,22.36041570809988,14.948019798011224
22.00252586206362,23.017781845993024,22.91629309160767,20.24697167139529
22.268934614159424,22.144229404947364,18.49327589400198,18.14953216593364
21.28765613228017,24.44235172079492,21.69580029672201,17.72847062815703
21.10583297984372,25.870478281465225,22.52673834950432,14.22106865115698
20.019888015682135,27.570208758063547,24.98136331369982,19.94460080172192
21.514327230958003,25.510833468017815,22.301913245732305,17.63973002101395
21.198025572116205,25.499082792471643,22.526909393923106,22.15055821148925
22.065389036644927,24.860631450566228,20.32792670046298,16.746262572034667
21.0807743842987,21.31878615164069,20.740693020596467,19.183024040901877
22.016652234230747,21.523697130660903,23.694016163458244,17.519626351393175
22.26680151516202,23.26104755745977,23.170236584949578,16.37008479986321
22.011048697057507,22.91585414777229,21.36108509592809,15.57029170799599
20.80431137260503,22.18749422513405,19.80691598558488,18.72462536055949
21.95399928619774,21.422812403787432,22.0657816626548,19.661806021565585
21.7953869661464,23.139334762175064,20.18293873951888,14.220604141500536
22.53992129228226,23.584329079239257,19.32882088912769,18.03850356769324
21.06898811099199,24.806629610407334,22.965788434004832,14.3520918335796
21.09234437088423,25.93547908103189,24.036423917238626,20.36086326202753
22.076640225383205,21.894200244577743,22.49765218118983,19.79512544685497
20.543372278719016,20.50416577449789,21.62098705710338,16.88854037109974
15.727754413665258,21.09295638083798,18.14616458691154,20.071511437654078
17.30077078745575,25.491385021178463,19.753377769351587,17.555654321913945
18.915008975824136,22.460215348133246,22.13107661618513,20.3056378415998
20.13923579152284,23.761129522298383,23.039541745825385,17.829459430727216
20.942652561085943,22.08472703828902,21.59942293879107,14.536934723719527
21.36442599449568,20.76687231526212,19.24702334875661,18.476196036666355
21.87031213720857,25.078894674712327,23.116590084148584,18.321630608686053
23.87983137184497,22.38989218885087,20.97535380016902,16.288069484376596
24.16331011235486,22.79485453252326,21.810484948696327,19.57176448778864
24.155370898436047,19.380664289231632,22.88633720213383,16.438633750555443
21.908712155078035,21.41648041585798,21.114941597643107,18.63593391857033
22.938614682215213,22.690995121517844,20.51197833813581,16.286500554268567
20.542130890165677,23.051023935164466,20.7919322434899,14.613442941981958
21.562182745115525,21.267431824471828,23.31238388549697,12.286041531500624
22.519741988897263,21.97252553419176,20.84159226711193,17.386377536173075
21.117059063587664,22.654840253763965,19.944118897854835,16.313671634785198
22.45703283890317,23.224173428416105,22.54583350915217,16.706111383827714
23.22539968305344,21.993263017882036,23.222452267909617,17.077571887351933
23.06832519732247,20.914547711770343,22.481293292044302,19.289259953122283
20.58358991111112,22.72999880040224,22.475441599504794,16.042072723745505
19.35534840583962,23.391806793356157,20.889348993135545,16.179884654900576
21.86957822729792,21.192604756113493,20.76139996004696,17.826727197011824
20.051380748310176,20.613541646022195,17.73581324754484,15.070921548979909
19.33573664953113,22.898949484489908,18.451307601379632,16.305055049804846
19.97609923152536,18.98645098304228,18.20004744177513,15.574557419519598
19.04983014960927,21.34564745078684,18.32505260164144,13.506316693408545
21.86889334238601,21.70688413188691,20.020179144542933,15.311452677733916
21.578476696995185,20.99170413480069,19.52472096287973,15.586104198262186
20.331067103682788,22.99928863431704,20.189170261596438,16.11096464596072
20.34559166788311,21.44458996757164,18.0790953238787,15.10077571627916
19.833079686612752,22.234930648763285,20.828335065847497,16.208657710365284
19.22073594431625,22.202196641161372,22.168675985930268,13.67446436078634
20.42098422575848,20.245668115768257,18.857105196405453,14.238499355874431
20.062975693502597,22.42821761417916,19.34125119449181,18.627815876267444
22.218898260569475,21.34538953383929,20.47353927111624,18.75440056246348
19.157130152256418,21.846491450905003,21.91279908693934,14.62595418461627
20.64524471035281,24.01527040837177,24.983099719644105,20.082551056031438
23.107105402367097,21.948741676287916,22.16673797240381,19.84531084377775
22.486982509642743,21.03537446101686,20.523177726217824,13.04371026763931
24.506254031199457,19.38971334595762,19.099848966634852,16.521523939913386
23.478390003844076,20.49753051702696,21.66772166264086,18.308266120539447
24.10443897174581,19.955502887109283,19.544195593004417,16.711093582075673
25.99012818937645,17.54266275155551,17.251996296700156,16.72775682061166
26.339397989796694,19.18242201838717,21.5995519042164,17.421299212552654
24.893551221281857,18.87864481061225,19.73932161827935,16.468241568510297
22.41519164778689,19.40250498180265,19.374381719051005,14.396631307422185
23.65616045639169,19.52244833210192,18.3889598919806,13.447788080413964
22.85621833496641,20.85594432348388,19.949171657652396,15.583976506305415
23.01066643877473,20.048295611922704,20.395870002198752,15.62175172913255
24.080710444163916,19.94196017561417,18.51266881930913,15.226858914948735
22.34686211157877,19.980500500379005,20.19061101444267,17.593046389912857
21.9583373142428,20.779096841656063,20.864509264643125,12.552627862720309
20.88247235355115,19.471276229616745,16.42546215813623,16.70164485529784
22.76592449389252,20.502676870504956,19.71411980023815,16.361525268368265
24.705361551376686,20.68768908051138,20.77121403644872,18.203834986914487
25.243709888031876,22.50781981483674,20.734685562356333,15.872736074494846
25.12214234053009,22.671009697297063,20.31837262757006,19.01532669203064
22.521121806936545,23.116573360123464,20.721970397045173,16.82944338536944
24.84697938368229,20.871949644354743,19.950902163658245,17.041221074166387
25.0095972215661,20.69958769286464,18.54399299384824,19.75796227511648
23.592636115148096,21.48687225769621,21.21716475188207,20.60119052641375
24.85693444974533,22.598599494666058,20.63596308921764,17.066368620105596
25.12513138740377,24.22086739021543,20.13298222642269,21.96262984503137
26.13648489426796,24.87978527996215,22.536761088342374,23.43494529824653
25.912705701359084,23.309344817812917,21.53021349834264,22.05287118967452
24.439344527303543,21.038260776807107,21.24741003514367,19.73703403945754
24.75490212306092,23.140759192746877,22.05515891750745,18.49399965715844
24.253607833291085,23.455491715659832,18.93023180839987,22.329152934193605
22.832795381226276,23.59610117078576,18.78315319352876,21.467220457468585
22.259527741963016,22.71403624547791,17.952632207948444,21.429839040213057
22.002595061745023,24.659571300385164,21.661616165302828,20.52773869265757
24.49240942484715,23.588177701210316,20.331482968033267,20.710601324419333
24.70289825014463,22.628720117518515,21.601385739737804,15.040038658023642
25.83840979696616,22.5710848965515,19.792408270059383,15.066546958566535
22.23958588665313,23.08446731413998,19.259256702188928,14.041056809973538
23.512206592551166,22.258983268997245,19.29919283616243,15.857246004207813
23.33604186409812,19.31170880651101,19.982320809606254,13.42819566823892
21.10699412668121,20.48748326893095,20.523652787678863,14.880393804914666
21.49307623538972,19.02411390460775,18.16722715953667,12.457045932275596
22.65166487767836,21.004102591519832,20.056082958714565,13.690574959613247
16.827238630549193,25.63968101827903,23.242931514990545,24.638304832617724
18.07084443960092,26.67403406408022,23.62549089296566,20.600973308513588
18.510352880954528,24.581180516835104,25.34415566174278,18.24726121276735
17.524300272840403,24.207863212561332,23.286646480468104,17.231761918957336
17.407334379729217,23.386111683931528,21.799684894572504,17.815776311334503
17.666498063769847,23.92333359325516,22.043357181195024,19.8113615458368
17.750280861238302,23.60268457571476,22.90217556660473,20.8261090286684
18.555797036038168,21.287808280495945,23.31251505528394,20.39945805760258
17.391074469494676,22.32277973870205,21.3529581474801,20.12020072904173
18.24822566083626,23.09205604671838,22.475320351604186,19.51821263491225
21.44394350420862,23.08054937437588,22.218242216791307,19.507983961825307
21.948742335989817,22.73521679564205,23.21438887032595,17.879843718120945
21.82831742590104,23.911112432587,23.10091976823675,20.93302460394075
21.600755657181463,23.20640952114778,23.523624031107342,19.88849094606405
21.623216890901634,24.44411433306414,23.017893621833537,21.960050654646025
20.821484719261125,22.72514754540511,20.85866516176599,18.30266416044548
21.38416576587408,22.7655918537252,23.38294644413362,20.22889568061197
20.99410916046561,24.12581686915877,24.81210587098957,18.40463605708977
20.512388279519843,23.069504109205496,21.45864126588588,17.698277261217537
19.883652473060096,22.34861103808108,22.18143546488655,19.87249889692767
20.371118852125644,23.20932476497035,21.706900296443376,18.654757879268328
19.800316822877868,22.385505949897848,22.623650719150465,15.152254316113874
19.92475828814992,24.180692406149376,23.267568846733088,14.414709826128371
19.68742877554955,26.093768784834594,22.232822582228835,17.537538121353414
20.317774439493665,25.749000488891667,23.14960341998072,15.589498022642356
19.871593953312665,27.15122544787873,21.208406230479337,20.1902283852968
18.74481341828096,27.14495625044863,21.85725818248744,19.88076505459983
18.50746576330645,24.202324938620933,23.42075912026168,17.827374570705086
20.822711340348068,25.947386614569808,23.287103191881545,17.443855339458036
21.293057408690785,21.56872905621242,22.503085488282,16.206588520428692
21.34665908750382,24.93823292485078,23.898786673685223,18.598853905201548
22.47966085464293,25.030140828692343,24.63762724208951,20.73355846171957
15.654239936079316,18.028473085570564,17.961427622522695,17.162545024031516
22.76765032201949,24.9825091719428,29.08065084366063,22.59969858722731
24.52071607730796,24.978616628020045,25.296559778362763,21.194172170974664
23.498598664681044,21.871743373473283,23.15338447958132,19.17023929416637
22.541363489849772,21.57157305469975,21.16434501705649,16.834078880819416
22.41622992220702,22.61299351531675,21.414017949162176,17.99238842705903
22.62807618641805,21.605869879154557,19.76441780987305,16.47433932242649
22.014756857873596,18.95654761843268,20.570402205919223,13.489058468580092
22.334286415033716,21.023643818274035,21.28639399770289,16.723063690285006
22.876765367347588,20.72273702114468,19.992691310626785,16.556613813049694
22.44814351965061,18.69987523316385,21.512544507807878,15.16303456730563
22.014428057789303,18.6131704505747,19.691992452612343,18.73640150702194
22.16495801922005,21.31905779645952,19.02170623048629,16.1589615908772
23.16970359883541,20.707786717871617,19.52952068005067,15.534959149621937
21.71469980831481,22.438202179832064,18.23591232944749,15.324692639542734
22.2196864034836,22.205571240654507,19.868813965411142,17.643443236004583
23.086759215748188,21.70932184072521,19.570616735425,17.20821547485555
23.48360192453548,20.03028910963192,16.86888346323165,14.131118100372982
24.26963402958999,22.77306056444014,19.380628450101227,13.267399638434767
25.10538096803729,23.36661523298837,21.385836552241887,16.322495086516835
24.266040665672858,20.87484194709499,18.35772364607354,16.409908431118147
24.27622224423114,22.081376194788927,18.29906586193063,16.726260368834446
24.04670974036712,22.357796192120706,20.85439801321678,17.46124317335907
22.88438620487057,22.193376305776525,19.548343726434016,15.59341963429265
22.82174665798776,21.485343831887803,19.27746356463552,16.430748129580287
22.51754280785515,21.667788515437795,18.444440750927367,17.023656782702574
22.91132821369673,21.513635764678927,18.83513923101161,16.791787430733475
22.42830195384421,22.367443255389603,19.78443407093226,16.8267883479545
23.542608593800583,22.70791917066531,20.130006992459304,15.693298605795173
23.32245496341579,23.09103863937418,21.47925212873407,16.93559351281719
23.955298243768024,22.95033207273788,19.900576786035856,16.793379460904177
24.20041199153596,23.18717681593229,19.917959708669144,17.827906302419777
24.275075053514488,22.93582119757508,21.12812062508069,14.077126058849908
18.17042329424381,25.859671386906182,22.18724132330692,18.752922908457347
17.66177642836212,24.008407773172248,19.854375909052678,20.75062408954078
18.99098047194209,23.24824310306828,20.415323213091444,19.173069518569104
20.408498955783276,21.90423077660197,20.98805595391948,18.154837088403557
22.944046008202065,24.12618918776693,24.79545613930904,18.69283854666084
23.4294182278034,22.895346976641747,24.03976059776332,18.892258643186285
23.771209087513952,22.74365240635328,22.10979853085452,17.94101293990757
23.204322865451346,25.53691138737337,25.24601894314708,18.209264019767627
25.16156288453261,24.675934974263345,24.152083610395,15.74849569276958
25.542643946985223,21.41470327125789,24.61933695875246,21.009919237340984
24.765315313908385,22.849354665262734,21.324201047634084,21.009015766060944
24.26995447603161,24.01558803675448,20.41077641864472,19.03279380850944
22.279685754594592,19.05675361458639,17.625637373370285,16.658314548674145
24.48167600803663,21.76683225989891,21.821923835072614,17.482691559072432
24.56419254837021,20.04669554073816,22.229058973667488,19.78541759401395
24.41894738301112,21.58549103023668,20.92180424873913,17.000943394954742
24.03520027794042,24.834277596328533,22.246891186333304,19.78036008479002
24.910496775502427,21.30639512455188,23.725751787234582,19.556204997141347
24.76926800658908,23.853492668818813,24.55334955436335,19.369983879584648
25.693258446406503,24.731226454725515,22.436366684352635,17.445055344629758
25.38620528427104,22.055178285604367,24.05193329874334,16.62584517991011
24.22693230618575,23.72416261255144,20.65069103173026,15.05353026587192
23.657012863475256,20.613754610492943,20.858334626976283,16.30153892692243
24.13845570206481,22.950368058111952,20.701045960526766,16.18739645225437
23.80716692444548,20.45875628946873,21.08218575711523,17.51696500594067
21.330385754229365,21.85807106786818,19.59004909754705,18.284773338058876
21.515700162968148,20.59645633895365,18.61528959702098,16.605345064243913
20.42991672450917,19.401609401699563,19.57460415338801,14.948540484186594
21.2118493042457,21.02416857758465,20.33261763403964,15.376867906886233
21.114876424946008,21.380953633035244,19.815527900766025,15.555013720623911
18.521171384824317,20.198291190887733,19.52401311275237,15.502728026628963
18.39779076744611,20.98710085139287,19.122810605384924,13.071302590914124
18.599498713961182,20.98857040082378,20.81715023057932,19.2476323452492
20.673928239693875,25.006177208771277,21.136730363771544,18.664259960838496
22.78172993314182,22.215365368426905,19.9336923250638,16.2658740505977
22.244708260638177,21.588302542161912,19.277146282386656,17.91531927423127
22.225863739911688,20.95192009350986,18.64917766896152,15.252785889427798
21.50014276515556,20.77759055953933,20.76965938348721,18.73512391796527
15.7472780912582,24.507137900826223,24.24223928902136,18.8262683600333
15.50153251516251,23.641995051733733,17.039150549960794,22.63918614664873
16.570711658102283,22.366721041584658,20.568883946546816,18.438086838271328
16.786631692775085,26.024447792255984,23.92995484638297,17.529760583551745
16.267049226095484,19.520265497026923,18.32643852404026,19.96168147931971
18.362285564261335,24.45962520609073,24.24229515014528,19.584251421916136
18.282247973331497,23.42526780942171,23.451795357684198,21.078823950620297
20.440850681057075,20.056225227945497,20.670812986656987,18.379446041240588
21.15383926483972,22.254876108805732,22.698506126349944,19.09409878621295
20.33771075157387,23.63314403218965,22.878572877892168,21.50048411351868
20.08546941720037,17.31389236078158,21.081766777934543,21.10242928759421
19.625787106700457,22.22186536907712,20.73465608758292,17.448785524613054
20.39788067057125,22.28169629655935,17.71005574818756,17.425746345005795
18.66516427122607,22.04676125982432,20.51962543466976,19.055928114626376
20.226995573556422,21.60074560110749,19.74060255263123,18.76604977049992
18.77184590224741,20.265808577170407,19.980408299448538,15.910723618556526
19.014649727363757,22.0603505355516,23.508324399793366,21.961832131665656
19.930991988978707,23.694157010144384,23.544845271535397,23.712094781851945
20.338390757446582,21.85751392261736,22.46220094094095,20.21185706692746
20.26346478959165,24.070081854117912,23.965902179569856,19.02678157767485
19.892515538534976,24.264498047317403,20.790479071715147,19.017632013329177
20.408516978696884,23.17585423200948,23.438133747606383,19.020071201473232
21.36972258796182,21.224775471415963,19.28989110460848,17.367861316673157
21.832828059386923,24.402182970317327,19.98187014632629,15.498283270225782
21.48597731848765,22.32497592514809,20.25111110512298,14.699885645503784
21.554647150495416,22.81624619451729,21.099472587343936,15.951462784264583
20.49851722796621,19.98687071796125,23.401423818655605,17.17945628200388
19.822950440975006,26.24387845224037,20.892996895861383,15.338584012941284
20.06404712002885,23.49632823883277,21.47009393799247,19.60238548700713
20.095921617627614,22.51890724622287,22.07580763518949,21.076725143931966
20.278199367653624,24.18721058225987,24.08179840068121,19.72862932927008
22.62407224900009,23.87149236097186,24.19669004019008,19.29111500227572
21.476386364882423,25.76082183954433,23.89412621804043,21.784440974526017
20.33502945731473,22.419379410251,20.57931434035568,19.786829308419705
20.835987497397,20.472781592017053,18.50805862034384,14.615110759151934
20.3798980678874,21.20883772883481,18.005354506966146,17.621246368943535
15.983719251734632,16.42175293020382,16.09045384162457,14.805199739955135
16.317571278389718,14.28949823487556,14.564177314358671,17.34797441706503
15.72105556628658,14.732212475464904,13.489748779702444,14.50763473605516
15.977228249286789,16.489462043491617,14.636522543872903,16.579469696008427
16.606346975449473,19.75721673242063,16.707192614548422,16.541642560918593
16.494173145318992,16.587321502802407,14.906985000038397,15.909987672853594
17.850674213117408,16.931691298129795,16.586009922378654,17.173964096852316
17.616258607814025,18.231824844188,15.308705884640466,18.59077710955825
18.48856264719537,18.391428473616525,17.40427317817085,17.370645134101903
18.846792311880787,17.943076437777073,18.034430588987544,16.66666168636948
17.750742987421688,19.686541172305574,18.110453103308696,17.311646158980768
19.309191062156295,19.110489554356445,17.878706723449103,17.4452761611153
20.05952702755039,19.10064177708659,19.373407348454787,16.54272945314266
19.95362521211989,18.712877174381195,17.147828274495463,18.27080787660468
19.588850153267572,19.168066788345715,16.924735693592623,18.76611919690835
19.069993470029058,18.952513013750064,17.02894281074546,16.708310621675835
19.07518469433316,20.27289730134169,16.267570526866102,19.637829783770925
19.46983152136289,17.104955178724058,17.28777059050933,16.291974145402403
19.05802781116822,18.07782165930558,17.67515342031987,15.433636332740608
19.057926095781745,17.355591771948607,17.38242027532523,17.955399079081875
19.05147880695996,18.938353848124056,16.763688158841678,15.90175205901974
20.05929974521906,20.2668645341503,16.682647626740838,17.97782909890769
20.23937985954136,19.42255684601025,18.121554645086345,16.94201958191277
20.17009002323162,18.625349558365087,16.474699441014707,15.911131672290736
21.09312726300737,19.46548448903025,16.4926880573188,16.74693811889047
20.901499305273717,19.130363284899545,16.019337354653885,15.432202929419873
21.62927706535893,19.853054152349102,15.9060969311878,17.18545315579605
21.7652517213743,20.067892077265096,19.110979570881653,17.71435516257047
22.69914056259596,20.89852665347965,19.26722333615423,15.939988114005358
22.79641935250831,20.37545100107452,19.38309577694472,17.83235548211127
24.23387724990754,23.011165962823423,20.679072168123252,16.67807089189085
24.53380514769357,23.683096359462496,21.558136795641783,19.765250873692317
24.738573740476127,25.087077299191847,21.221738492230124,17.680774277543318
24.49111314891145,23.528307568123868,21.724656841836595,18.61757256176435
24.90695612223357,24.69175042171725,24.499914203561875,19.977377254335163
25.539843424127397,24.176982425537403,21.79577888795749,16.333165993360765
23.99199188219639,20.427222762681627,19.60367400724257,16.665065819885328
14.247551825564656,15.841137446840555,14.327011066803536,15.665833414511733
17.690304736048507,22.09196922763216,19.863342472122348,17.86347082589251
15.775592435587264,17.971191614082397,17.31520146606627,16.782903892626965
17.407965084880253,18.396271468842333,18.68038964400799,14.837673431399564
18.891857535069093,23.416847238812853,19.83648535242361,18.829807882640115
20.098208565363297,19.938514801803784,16.636431371702926,16.234333671895982
21.045269235366124,22.035777593128007,20.954268786502663,18.39774147039583
21.350253150339142,21.35167940681169,19.44115482033868,15.868830475107982
21.66996960970645,22.785964659097143,20.88533019763046,17.760614968213137
20.62790862440394,20.25237192541431,18.73830295585255,17.252496617976885
20.99489865869652,20.251314796678415,18.673049861947533,16.558960599525665
20.9863795725554,20.482993889204582,17.794897267074997,17.34845316293367
20.312034740623226,20.221201605139203,18.47002320030633,17.9850455088699
20.240188296664467,19.677514578182667,17.726608229598558,15.89256009269073
20.058530633959563,20.502499123104,16.464817433950092,17.292752125774168
20.17008163246157,19.347996013533336,15.922011369067503,16.655404027834745
20.143134821844036,20.2814822769746,17.785492279954074,16.77528371953628
20.00650477379572,19.53640179117872,15.975732559998926,17.359579901905587
19.986284210242395,18.853284891254493,17.126234151789337,16.97953263641138
20.249609555666176,20.06063914593154,17.500202637495274,18.41006151180137
20.461942831383578,19.128492791441563,16.99157404320874,16.050175005249788
21.44181173500733,19.281633946934235,16.74117515635461,16.201265331248287
21.85244072362096,20.088018404447183,17.305755232768046,15.40446916186056
21.8111684499316,19.414785986884592,15.776467796038975,15.487886449559127
22.027136332308498,19.1519821366352,17.304823058758725,16.87781884590236
21.75150454186429,19.173519861074613,17.22533001598197,16.269102204030585
22.33278592925136,20.09968456051344,16.984032704283823,15.046165801942402
21.60952146571857,20.81970922273578,19.40639123825816,13.993408150130804
22.116399586014538,22.26736831559309,16.21154619477261,17.402769395443226
23.21197537676095,21.106135190250253,19.2486046004751,16.84913636248476
24.65509172990384,22.761742393149436,19.59392044609053,18.412194412002847
24.29491151796141,23.793378759524938,20.291424847518385,16.774236577913296
25.02350403709476,25.661473787324155,21.153862243015503,17.004640599969843
24.582217613175725,27.01113787471905,23.369150247054424,17.18214072869923
25.728293133609775,25.979550438111957,20.428722841627643,16.94334132036347
25.962447378302723,23.553906407767936,20.87553561650016,18.29634696726033
25.346028636934573,22.45237485250603,20.7648342612964,16.021813636850098
15.790281568322166,18.360481925724216,18.485805831014392,18.942574839339624
19.386182833051176,28.150805755665655,25.786358791556683,21.83588424022747
21.5144955622829,24.07168934284169,24.34723161397657,20.63056850548105
21.49533853299954,23.665494189233502,22.43695738353104,20.206458066740197
20.344903271248388,23.35911452266436,22.03653368852717,18.75541209042304
21.28070483987671,21.6130727629138,21.823586540050385,19.3080185339078
21.85862940902176,19.93858427937069,19.84180836775883,18.01168253382407
22.34524404453632,21.39460628361609,20.67882004060296,14.13760028915784
23.0254249312368,21.991249599336676,22.33830476598219,13.791168648421982
24.00967471575509,21.94288362583136,22.29837084888557,18.857707312366266
22.726920186530048,22.967920264362174,21.78543133572484,17.98371785121046
22.891588056506578,20.646841780574587,21.068763412592656,16.53866698839431
22.75286072221519,23.91867603090213,21.13319916608191,16.28658557001189
21.98354694621429,20.115247438501687,21.40394506301085,15.603085903957629
21.6761269035166,20.57659166601809,21.08446110582713,14.55922412432184
21.31449950023227,20.829540181570295,19.864715330420317,17.406905708343853
21.430885128710084,21.56658646729007,20.600600246825632,17.46332309367596
20.56391490918489,20.0882774826516,17.85015105158158,17.386314782023984
21.14583596563364,21.31506074087415,21.08358814669865,17.33258311568432
20.06221798685976,22.16583357006881,19.37187536114651,16.86330981241818
21.0395861649918,23.053347699184428,22.23375531315663,17.472453078959145
20.490754339745955,21.041120355803653,19.72064910484768,15.604030223813242
21.46045052806822,21.196792863145625,20.427118228201557,18.73888697466414
21.430837815338037,21.489787745676907,18.858262149285327,16.808895665526943
22.259726000455533,20.62172241334133,19.590950407959912,17.876345770262418
24.02638883378404,21.394002709527538,19.944203735702917,16.773079189496176
21.78137106564085,19.28960440590487,20.91440924093528,14.71916362440176
22.732567808950435,21.655358147127927,20.209135897510997,13.836447929111577
22.52254885177746,20.88729778104216,20.09155570929399,15.947144429223618
23.16162367032652,20.58639088249081,19.97373502313973,14.285176488334812
23.36806651230792,21.32468833818232,21.269181224005692,18.02803892674664
23.79663388446028,22.26016523988781,22.773749727065933,16.967245461143246
23.36586997794134,22.094322336461712,20.334380047033036,16.118846869999484
25.07226918427663,22.278863394028388,23.076817287997887,15.929869999625566
25.908411972609358,21.52146191493692,19.33086599393132,16.185892286461463
24.939935898388544,21.25095752916474,19.26416569748497,17.4340910658966
24.16951914662499,20.20313695432604,19.64886353457892,12.33898598793462
23.61662195732137,21.73672936599828,22.21186637682216,14.79649589685684
24.04827692732367,21.578422394280665,19.61750560749104,17.219704496352268
24.59223239034863,21.619171769690382,20.67325484607113,15.50150343950918
24.486922079442408,21.22175537224029,22.75940312448204,12.61045719353809
24.249926706871307,24.73541282121004,21.780333418356435,19.054899297804575
13.917545396660628,16.78888531753203,15.179214522290255,17.3737945429344
19.007308463918115,26.035150691966837,26.539884782482734,21.826796638297942
21.13063953599608,25.634254797840686,23.27082194341258,18.86122013163832
21.33088933011138,21.279875015555085,19.971754650112857,20.86615928671969
22.176018358732197,20.10752429084225,19.636216031581863,14.594570428343657
22.67956427786889,23.464065810910203,20.215620193258086,14.892140348554037
22.968753532933885,21.946997272121603,20.783270194046978,18.16346605896069
21.86872358354923,22.0946468576665,22.388623550707976,18.85519437572938
20.980620658365066,23.428294357203395,21.700982310989147,15.288684037111432
22.54021670773022,24.595287575014847,24.02662101867902,18.27338673481341
24.910354445187423,22.131337873750574,22.56981126376155,20.52534975718473
25.10462315760655,22.33920125694556,20.237180874279066,18.63504226027457
24.70981601708633,21.780210183388444,19.8160893228824,19.3405264370459
21.76461868858303,22.748686159185198,19.519456941917703,15.781071569501572
23.537552492648373,24.31082815795661,22.63980838311012,17.08079393507214
24.538124530356928,24.093771972687467,21.87792827384017,13.59442922218666
23.034968709793304,22.772215831584464,21.82323646215851,16.89952783744263
23.92788057792356,22.482085710501806,23.788945145432265,15.627442859408513
24.23054220085112,23.372733417934544,23.162989670997728,15.013576466705194
23.39316638662053,22.41617452434529,20.58437182293209,16.14164855714342
23.03931351958021,21.718289436730064,22.08393307507681,16.967666976056638
22.62745367670473,22.859226708036143,22.43599392770476,16.823225870739183
22.40733090551292,21.740361231263552,20.430495739867084,13.884261053400252
22.117498642957603,24.021455396749364,19.64491016117378,20.33441119823142
23.945207173210843,22.68528407606824,20.819435021854236,18.255245071307428
20.452591881776563,20.045189900878523,19.64629218726942,15.004615002456008
21.07927748720021,20.38326938496567,20.825365383301968,17.55851588198162
21.429313702359156,19.40018260084829,18.824370388510093,15.209225163709917
21.285034272811288,21.27954948047239,15.8894475492787,15.175072810607192
21.462912971749745,23.13266909107234,20.30915674686675,14.458815755176056
21.24675662471629,21.289738028709053,18.12265378907008,15.94698827321542
20.75872439913462,18.25581337019063,18.59999599821001,18.16719806236441
20.9084114254904,19.641841297589377,19.344841838599223,15.082764782842716
22.23085847033889,19.322169409286445,17.01622601165149,17.945585135096184
22.290606713531123,21.938924149699663,17.17651042301618,18.558430896925064
23.81695462785612,21.402376898384933,20.136360077486497,18.505157080186724
21.66272640979,24.086184495516637,21.05976110059981,16.051640313235936
21.89035240436506,20.414099025545507,21.019067917683063,18.504944392838627
19.829060486979028,22.30306771830148,22.987181668298955,14.461847007951611
18.87131646890909,23.38827743853773,22.51580612537788,22.606960104872893
15.267617707146108,24.8509042287416,23.116308997028625,22.89775502073904
17.47522166969483,22.6919723203438,23.81239827373692,21.198163215517408
19.745337418711088,24.134934410057998,23.54097728163533,18.45359013539999
20.355151912382077,24.364123648128285,23.830539352689456,22.05646340229553
21.975627765996336,27.23986448967657,23.944431375992977,20.116853803238737
23.81645214698585,24.23840338798328,22.71656573614609,18.68648006635387
25.332103166324625,24.24388140631072,24.147868660427164,20.226681415012575
26.476324286601265,23.847381699241783,24.287124498948756,17.222623361169028
26.55803094951749,22.297297348386824,21.75667359432411,18.046879555375124
26.19678324528285,21.56169582050788,24.04180812355905,21.17134122047879
26.90085411835732,22.40716583501288,26.13458906745529,21.19438118886495
26.994410214025105,24.59837969218164,25.13659319668372,19.661092063234
26.081572208592235,26.307179877032,21.15961244272348,20.364059990336276
25.0092464217275,22.597284911293738,23.838570478154008,20.059934178907337
22.666383289616977,21.379292119758635,22.20488198345096,18.81188548124952
23.8520123441541,23.12680461972403,20.405068402729125,16.06109030311698
20.953060615601093,22.401158195286616,22.89905057724427,18.296258334366247
21.505388330688664,19.54454827722869,19.883980044746405,16.616396500046807
22.959325960356967,22.18083819071583,23.88970678737554,18.42363945999411
22.018494528376863,22.315406205342708,23.895271207414623,17.778577907920464
21.94630536432858,23.58573249298765,23.54243779662797,18.53409288311008
21.294097204407425,22.816406311874918,23.460700106585147,14.278890688256276
21.04907418951869,23.9369335865269,22.00802549680863,16.98955158937296
21.714639042826303,22.344433042568777,22.361918649952617,18.460052503578925
22.526090805813507,21.400591783969396,22.392520525228377,18.50203457519204
21.59679615034359,25.279268225447893,22.75091294701907,16.3888618914972
21.443006567969093,24.35076686942817,23.50156012070788,19.89208368229292
21.794465464596488,23.60633933351345,25.23561725988687,18.704238196565747
21.74816271885065,23.965215339358423,20.121032599848444,17.922984574990952
21.51819400103182,23.274268692300076,23.31400316515817,18.28993628201432
20.41540973747963,22.991846726547447,22.75250439956889,17.80947929688545
22.89100888790428,21.716340988564145,21.620531208905533,17.69726819010079
22.834599586863444,21.80890179626581,19.03712233884747,19.75596525118546
23.712440621526,21.70788874422911,20.85230798969951,17.1516262354552
19.501368516280262,27.92471354148389,25.273403901899247,22.543746977702387
20.861623573603136,25.338396480029683,24.930902626453285,11.798700273710825
20.37654545168486,21.453373115174884,21.10087942816409,16.92442774474286
19.91394725401821,21.662959114302065,21.346918045409463,18.63279568163591
20.62936841043012,21.01506099692573,19.388632280247915,19.967945183718584
21.076544798258663,20.59051224132062,22.10259876908976,17.861326794056342
21.72483575378699,22.03190054647148,18.637925921008684,15.530227044149056
21.882292540302643,21.4189671214326,21.10720446195584,17.18033958375212
23.11826540263064,23.627424658515626,22.552222000357038,14.12923565152146
23.13426564468146,22.27983197941714,20.321402492718796,18.195134460783297
24.9892143339188,24.42547469673437,21.947702730981124,13.045391793218586
25.8244946320893,21.769522592561955,20.52158976636976,18.542315123846578
26.547040513533545,22.414080761067662,21.892327838370225,14.043151617173663
26.080519389455105,23.88127841944953,21.372498645235076,14.549530371619316
25.59951133976878,24.04169659219697,19.90916979146248,18.32435054992885
25.776780008413358,23.66812970695676,20.90842671833204,16.3905241552638
25.713233465321597,23.7155122500704,21.55291316243461,14.982627525082256
25.985422543578693,23.132607150446407,22.491368015934867,15.40180276988602
24.81631466390492,25.608284016352545,20.079014115751864,21.184730585813256
24.270790455541547,25.649412940921177,21.94378843362505,20.100329195600224
24.269699011215817,20.83472753485128,23.44938246390189,19.06115416015505
25.92080987100912,21.58882734575168,22.26042436817032,20.24263405358753
24.963885963878717,23.42135360587479,20.998123333153806,17.865592700887422
24.69671656759036,24.02648907567514,21.604618833935863,17.60993227711037
22.689388728915254,21.404720846688644,19.117810737945742,16.380131510820146
21.43037779650652,21.746999497000825,19.636939479228005,19.98740824208578
20.85520575317037,21.644021798080207,19.009579247814653,17.983344254016945
21.528812181443957,20.524027792831586,19.696765713404407,16.68206079133513
24.425846083693173,19.404419795992784,19.9076397344369,14.476174929132346
20.946947343345368,21.042860321794493,20.879249506315205,13.742390621037126
19.786989971507225,20.29965328653447,19.791172622572077,16.228219814557722
18.33301009770462,22.701910530104183,19.363319377196277,16.130622114155553
20.36963656791041,20.95623302956048,19.346530935528797,15.471240196210625
21.619142183506398,20.58876116370001,18.27837882190018,18.576672424306285
19.00716228774522,21.867169009290148,20.82743360027563,17.226328523534622
17.5689221058688,21.66869161710626,17.46841624367441,12.915685099294356
19.257692809130933,21.424279604832947,19.388119435715904,19.75207821376875
18.28969231421678,18.65289836552878,17.95566790381225,12.057708883599906
16.855868372124718,22.570636991020653,22.148191977334037,14.276945582873426
19.922773027744796,21.73685902174957,18.81047513419199,16.012264763750455
17.2599946394856,25.234453465310736,22.994814053515785,15.89876290729441
18.31396067863682,24.205048316468226,22.100873634970508,15.38296328219298
20.801599938562838,20.68741816109761,21.89818512001401,19.826883160331025
21.576093255658567,24.72027500616353,24.49616032332092,20.50324500514716
21.909773641267776,21.53781931236426,20.943695517907937,18.564071443909217
21.24280742498844,24.622597774830226,23.36406482537474,16.750229209313805
20.66367784953888,22.576441410440932,23.44165170189939,16.24304014264866
22.52849361304724,21.938442040472992,20.333280326998864,19.821231310614504
21.560643373796708,20.2101375648678,19.30134945679724,17.240328548824845
23.38395271184273,23.68127175817213,22.34773879006721,17.18990345389469
23.85445497773229,26.89503492754568,24.227353286808988,18.922847570519384
23.764106429431028,26.5621749807619,26.02625278328648,17.439672857772557
23.101305402965146,26.77815867558914,24.710801855031324,16.904722078085637
22.57021042263388,26.3221086707663,19.593443928837207,14.861628352594602
22.229508257551306,22.840371023583003,21.65086163195926,20.29913259489208
22.69255863403352,27.803583263231303,25.60556638595669,18.913531926778035
20.138260654518376,24.6920183295624,25.32177714142681,17.582865096702374
20.869516509213117,25.464435573308812,26.373564744387554,15.786432440106584
21.000265053288093,25.445934662833636,25.900592062056564,17.136337865690404
20.692988330414607,25.890213832087408,23.36900313147917,17.206417988695407
20.41143445033781,22.66829112615313,22.541153180528983,18.115326741217725
19.856035208926432,25.54093686377448,25.003994676988658,15.111183634505414
20.44247061736772,20.24508034114419,20.85161267412091,16.4603793686633
22.06182883408897,24.06268702962343,22.61528905126607,17.881616912247253
21.784489063569623,25.9108342295474,25.25501381758758,20.496843622997755
21.250343637182095,23.46427259801761,20.33672015318352,17.265696131996343
21.02562501713173,26.161619851174127,26.1037448137298,17.154540329548222
21.782254935308533,21.822601855979844,26.74705185936499,16.71727781533359
23.299342455565164,24.34808832050208,21.283643738028186,17.07340416584976
22.667380214246307,23.69700038325878,23.27907059434449,17.431720483184808
16.32961970295978,17.833656834484216,18.026910608747663,17.48512421751685
14.808241735070956,20.794786225153427,21.33154688976393,22.106527161270403
20.02939992093343,24.12076060702601,23.53712199684448,22.66436205136773
22.87901225027566,25.0472095804038,23.41412448979966,19.11046464416128
23.072712483884462,23.34892982659233,21.59861579945673,19.76117463872893
22.57263508308792,24.33581306339995,20.9637348580434,16.430577424514002
22.299385349728865,20.38161725971602,23.62132066521868,18.760592081679103
21.683024870905573,20.52466131725532,19.975274185358163,18.25788289034717
22.482078992025368,22.064844867243256,18.20627284808478,18.99974382973356
24.726331552929462,22.89092646369032,21.26688182219741,19.347474418899697
25.53667974072492,21.014685518975792,21.108292857343297,19.20238599144669
24.96700593363263,18.545347338736843,21.84480869147997,18.52601140618906
24.726738228181063,21.528503827555003,20.64004497038233,17.01787081997395
24.037118098922477,20.75464788508293,22.9826924763879,18.854848041550373
24.654563009699952,22.893669868777096,22.931726027069534,15.204453488597446
24.55635875149312,22.1276618758912,22.490388556125,20.39070614691072
25.112748905891724,23.92884293445608,22.606200699678958,16.223645950462643
24.65363233880855,22.13269366744064,23.17316512542989,18.416026745181203
24.73132206462876,21.99964338170618,22.908481122450286,19.92733027262442
24.15853319382328,22.96495894595896,22.542743351115103,18.351561764531574
24.780544525907363,22.852351697906784,20.886490539670604,17.975785301631735
24.995058702087963,23.05491213804212,23.582942272809955,16.822799947848743
23.99998867636775,21.648077860606453,19.9815030701502,13.912773454036572
23.79917083732289,22.356387337597308,22.27195952690417,18.46701250125468
23.500308652444417,23.377708161564005,20.813191586770284,13.53063608443719
20.07571616946248,22.694329420636038,20.681353134129395,12.919633825456424
20.473830244571417,24.12771807396817,21.52553057497126,15.040298715861192
21.067910575728494,25.539514023652355,21.790101253782154,15.941791182143426
21.165915913504204,23.76046511648916,20.843330295591684,20.82836320984975
22.289932943985704,21.66887478228487,20.614024931233377,18.1594142131896
22.741780412000907,23.365569985786976,19.86237287771717,19.46030685519095
22.891860882457014,21.190615480558737,20.20789019167435,17.116782266058134
23.16346472521849,19.502975491658077,17.788167570530984,17.496031488449848
22.435403170510863,20.53062515675976,18.225008794614457,14.438596209498089
20.10480077032538,20.142714442394706,19.20053149920197,17.338619566536178
18.346110505461088,18.392347857519493,19.961620772843244,18.064607947450444
18.810165510744174,20.569077822169792,19.612903574424948,17.09421072470045
20.2010727144765,18.30635572629927,19.42230106592385,14.713120561037384
19.84157152826196,19.07727166826028,20.12671497131617,18.38385948106195
20.36896412778567,20.342888937098667,19.04858967480009,14.842280580637889
20.18509729124831,21.94132047230228,20.7505859998342,15.730688205361751
21.46142529270514,20.40543455471865,20.82546293653266,15.946488465722618
15.742957501211997,16.559540153275645,16.3416943850533,18.504602268325872
21.63526512218074,26.02450611230437,27.24252037012759,15.103491205810164
24.302202050762123,19.705724747423258,21.439660916385737,19.97766898368585
23.67350543549697,25.214542283797527,24.33249628176945,18.921923416998634
26.29323074463688,19.29273067780625,20.316365941219885,13.528771515197802
27.01368306351095,19.453412796535584,17.251229627385403,18.57357970113215
26.958953236585828,20.829373414256622,20.382276070993928,17.423534485050837
26.23102087527629,20.73779026868932,18.7358643836158,15.895051477649876
26.017706723205222,19.223970941908657,19.95249134337377,17.34838807499189
25.05014189360494,18.418806632524703,19.23200440069091,17.696673391257704
25.24097465945604,18.058454592694144,20.77815717076156,16.525539421008407
24.605500377905187,20.72935716939502,21.213303316086595,16.968836521453913
23.422052599187207,20.06383952683097,18.62231845285677,16.429870924213432
21.92382703420701,20.42232225448408,20.32271868461495,17.076446394844925
22.66832054049819,20.19916565217547,18.561180856666628,18.02522869968963
21.9599052082066,19.105024925730778,17.946104650991902,17.71745259254899
22.554356902145145,18.98234632264206,18.391905324026904,16.425859349537557
20.003714882960896,20.034894868292607,19.193889884744088,15.590350033956602
21.94495456262287,18.341192450808247,16.311685531421876,17.695959194738553
20.57066191534158,19.58604450398897,18.398255933272363,16.329515932783682
21.8422517380143,19.45533148491288,17.605381874118635,16.82693898244531
22.58721589706733,19.36304517417477,17.876191296299968,16.480873537654993
22.690035629476597,18.17564794622409,18.34350113448592,16.792516360123475
23.925573344774254,19.296090720748985,16.20676309878247,16.817414460461404
24.1341199203036,18.270657829584817,17.501626348424615,17.005378650248844
24.13756764936884,17.538812168114635,17.721921111201738,13.22462939256553
23.789765919339622,18.94745236136198,16.537005816887305,12.997488450089136
23.612514763434632,18.149425678769287,16.47767443804958,12.618087893173492
24.048979455674225,20.45880173421697,18.46426625994422,17.168909445287337
24.35679090928009,19.546699889101276,17.337669769028366,12.89551505543033
24.56716710076758,18.95122663209476,16.965810236224517,14.648354615292495
24.24547232578274,18.830882188474256,21.260060232295352,17.16645073024671
24.57098635779436,21.686715267929213,17.11319232206407,18.64044815497279
24.359692522625306,21.032373914880555,19.782509045053928,17.621837257454548
24.95950560445785,21.267157779968485,19.201221426255422,16.259066306993184
24.026599023809,21.853049809376923,19.6910771377785,14.53743151230465
23.83617558055261,20.97860226852712,19.29706147362376,14.425357093523791
24.2808115049598,19.73949587473881,18.501081443941896,17.085665267027785
23.639589864483785,20.73480053981192,19.60975599162211,13.45827218771597
20.574017245566413,24.25614909526468,22.913125544481336,18.85876205220015
21.881810347195067,23.716443474381133,21.358933570311724,19.1042753146475
24.864297171136705,22.857086821099504,21.64367506672723,19.473833876406008
25.767305718345018,23.772461564584077,23.612093558199067,20.71829968522135
23.78332346777903,21.830192008298397,21.594406000195608,18.75810918455989
21.89836667492035,21.40038602871407,22.87095043324621,17.97714411101819
21.712306487364625,22.177111427754227,22.590699855824685,18.966724389603836
25.01540418008477,21.939077846152525,22.287438038610745,21.231653773976426
29.12627096083932,19.63458139791593,20.37762225135437,18.75607870839068
28.094169567202545,20.72402734083834,19.84793811423278,16.595937844157167
28.25347926284655,19.333340296417656,17.271930019095425,19.31374917203661
28.1827960695767,18.838817497701744,17.635944488455053,17.481419828166946
27.96335043265273,16.920145237369308,17.183635813674794,13.254595957095807
27.463168146044552,21.069743382390435,22.378264932870707,16.795137131473343
27.964301608605336,16.39412229627628,18.97697878568544,16.83726883615869
28.501988688874743,17.904622923386935,17.582761900347464,17.301592839177378
28.47925382749745,20.98670971546229,20.28023160689955,20.57393320324175
28.200939048273217,21.800666134747377,18.6784141854024,20.85889812420284
27.052229752869614,21.96805834050895,21.11003249642716,18.32316775248866
26.15994825321073,21.092162613822804,19.87641052677197,15.9821780746138
19.9728355759371,23.380714842969518,22.501929711931044,16.61765044161616
23.075961884963093,19.94758390869565,23.94239273694483,17.58182234248196
24.0813895498305,21.99942654149382,20.91711994556967,17.823874435066468
24.88867427061645,19.92027310013748,18.8685850792778,16.958845288866257
22.34507457983887,20.68709750947146,20.56855966009928,14.43250624090136
22.889367932786698,21.99600923079253,19.974510349732,16.96250894996673
23.90073703742058,22.950244737902224,20.86923833244559,19.73603286038356
22.710801718034435,20.28741897985204,21.13472595021445,18.356848702296823
22.82630112745358,21.37505471791792,21.257266375047045,16.8526980638004
23.28454095679386,22.707618587993867,21.27505125719484,20.1104004336578
20.99393639524156,22.540192466707836,22.56147025392917,21.2899646210114
20.648895885113493,22.46274601778752,20.012742225014826,20.91130833544553
21.93717425861865,21.94961528664364,23.25580369593149,16.388704874225336
26.89940100339692,21.189555820806813,20.36116575450224,14.637215836730835
26.805105918189057,21.48847591775902,22.315743934093664,20.327522113177952
25.7276126681998,19.63793672181879,19.935763095572856,18.567785533718304
24.94511640794177,17.4719333376911,19.2075950075683,14.589288934582427
27.252418457203596,21.63640753455878,21.13428338331511,18.81203040610198
27.097928031935453,19.20555018247248,20.81323709722404,18.64055623663118
27.033188968888727,18.91668549141977,17.30148542075733,16.418226606584437
24.280770905086584,21.748583397913464,23.108537067936734,18.39414338102861
22.299849576206928,24.019348357341944,20.201486002377823,17.61028460304922
19.189106834272277,20.7874636743704,21.93889193897041,12.783373779949876
22.624963082083568,22.81054023865882,21.27290259041262,13.026895624493754
22.65863645914254,22.25185588215941,21.680533898575835,14.73477543363989
17.83822290462839,26.841091088953306,25.823298160579892,20.0235106813369
24.09127948242923,22.802716787876363,22.11803813859052,19.728357714006865
26.648693386485927,21.46912073347507,19.573366983752496,18.53413573507185
27.89236895140669,20.045447504143898,18.18858818324497,17.729917835742313
28.61207139518048,19.242740658932995,21.34715688540952,17.277935405771117
28.4306591126953,17.30447845364335,16.830537639777315,17.15621938903441
27.07247584322518,16.92752397359918,17.465273730403375,16.576026596523217
25.731543665090943,17.89856961709523,18.26030814849326,15.75562965173968
25.54642959546263,18.22723035118696,16.488971280792523,15.883248171085684
26.112542107007688,19.693653289566967,17.358116441489443,15.565747989451866
27.11481238651599,19.03588379179659,18.6911469353664,16.139460592260146
27.33202896584205,20.0784261721584,15.2083815338946,17.021059415762604
27.096052931881616,21.23656072682095,18.6221933108572,15.008196167953605
26.21836353732852,19.07287054747181,17.10539322844811,15.110563234144038
25.45831238450485,19.005328683197572,17.065467575531788,16.87426394394368
25.21286663983957,19.71135382472925,16.366882515019938,13.3495429664466
25.98824786784024,20.287556843688797,16.315113108040965,14.97329458948122
25.725148579544904,19.862022695594007,16.891095500906232,18.310722679324986
25.6310379205968,21.789399319187087,15.438122421545422,16.01618104733613
25.34313435534126,21.2245310172225,17.665971044357544,15.961307987797882
24.146156607449598,20.165118113314943,19.165552980614464,15.958054570592507
24.94888764873784,21.76969782361789,18.82158249881252,16.97711238736974
23.15563962512095,21.18778793888985,16.66635291570817,17.244438003298516
22.348087829671996,20.7370289137552,17.483092237833592,16.659730602689155
24.107135154805537,21.937521898742897,17.489127063726567,15.248675904475776
22.894054137459523,18.346159973604717,16.52181564104401,15.791367732980744
22.66437028553549,20.6730238263102,16.981773629537074,15.869765376610244
21.92157597014408,18.65971838487448,19.51084543066592,15.749536119013264
21.109360755977367,16.960748275643226,17.574701601276157,15.686208362165084
20.92754854200325,19.27119520411075,18.452740496031925,14.38410198833274
20.95490667379908,21.341855966987705,16.744000379220363,16.555589721142052
21.286295059216148,21.129860261421992,16.40542545778435,16.70981236391701
21.571437596487964,18.4140993691278,18.473301378419936,17.115538025677765
25.00540012448708,21.079264074024497,17.771633734294618,16.59686360614152
25.27100807242015,20.14525647701325,18.872412789173023,16.09451162616992
24.85453898989449,20.63513867338099,21.48601838069252,14.436188185735231
25.878751820517326,20.25737184221522,16.97060229855058,16.164008984311266
24.52743160138998,19.698919479007863,19.137233613538932,14.75166983078376
16.64821841308019,16.4663576995828,14.056218646077392,18.081588792909766
21.20102252074776,25.895239399882616,26.121317394517984,18.96690904421839
24.78953295861511,22.813319234140693,24.097340410262564,16.065639809454453
26.542371309701185,19.56794815026777,20.63551413609002,15.026063687920908
26.729801083403057,21.513078820649397,20.20895774017377,18.5341415367392
26.075880768532432,19.509421663539506,20.072370589153568,17.638740817730902
25.01518098092124,19.907469922521404,16.541595978453405,17.573659661400153
25.715425115730028,18.623846182212265,19.11344393869715,18.044965795034017
26.036261757682457,19.331936287142277,19.519573221776653,17.4273216980371
25.35176148633205,19.87412746894149,19.48959504939596,16.47554425477068
23.13268153288021,19.872019874446128,18.86635814485599,17.381256969678596
22.75384956656304,19.787060438362467,20.237037505999837,16.797022376434963
21.604087049090182,17.52518757976503,20.62963191010366,16.049178081354988
21.346853746813736,18.97313687805493,17.60701094044631,17.04282580435176
22.040920851881552,19.253915545871376,18.81438049895351,16.493802157183175
21.698453905532563,17.906610939870607,16.903466353722067,16.78252651478748
21.951951507425232,20.015396237766883,17.02105023895738,16.68840007963487
22.23943155266078,19.52512390826648,20.12808731633316,18.058532627257847
22.95007952235053,18.909066055805592,16.65551997709036,15.678272903782812
23.40007260202185,18.636287884615523,17.536959826094314,15.98378244315181
24.191795980074136,19.924811683851495,17.557363859665283,16.03239026566689
24.41095748046552,18.523554334808345,14.37510379758269,15.24417827838252
24.34377566782638,19.320771510557435,16.444829116307734,15.13996475606055
23.469606817150677,19.98230324759346,18.42302249342479,14.243366222656356
24.08616279889166,20.50350128099625,17.779374103583304,14.930789527052134
23.605364493040494,19.899965059116337,15.88870983572598,15.02969406525314
23.73617415600497,19.038794356804928,16.573403855190218,17.073726599968886
21.91842638961819,19.96457659127634,17.32254640283732,16.60301584038621
23.651272899534785,19.45247355201401,17.969194255483345,13.598342872026828
23.9437038145099,18.9521977895035,17.952432560713305,16.13214133374772
20.425906676428284,19.878037060302617,19.18177254150441,17.056835995625537
25.68653217199053,19.909283960544883,18.629105476152382,16.26611806008736
25.390168875361685,19.211744405630817,17.4945191465828,15.506071478874723
24.711588769779368,20.745619489441875,18.9660742667167,15.524339762118808
23.90470118540408,19.988834512075883,17.224130308412157,16.647670684509972
24.34781708898421,19.495695558143925,18.10023507533248,15.968643162787837
25.083443414704917,21.09181586151966,17.968843245680898,17.85249498801883
24.926579682197723,20.815222599834133,19.20579489424094,12.957019685499295
25.22067148091591,17.963140914644775,16.71014390846681,11.834748289506962
25.102458065612865,19.62353869355415,19.98472956752328,16.056009353431346
25.861508067475032,19.364725486115727,17.66242804095042,17.50850454880506
25.38862582045784,17.99024499157691,16.626083302327945,17.935549953532373
26.375140110701505,21.41242852784835,18.991472486430144,15.947077701717935
27.27891570556517,18.75752630852108,18.23889039560955,10.732520381036048
14.385538023494204,17.86013769490825,16.868524433328023,17.92379191620137
19.836328936732,21.880521654600877,23.20743701624096,24.313798193467928
20.24882022487721,22.457100352384217,21.7696425321585,21.909222540691456
21.676522438065906,24.08879718713625,19.7545450137241,17.48259982855951
22.08479416989407,24.621203141779088,20.324028086008344,19.91988929626306
22.38305590717324,25.5138139690452,20.50964589022204,17.65572384383992
22.222467493855643,21.89093874078758,24.0007111971404,17.304363450042477
22.81983403617845,23.63298901536952,23.155780965347542,18.279886772495946
22.64222409200525,20.66795675857697,24.497936227823025,19.27323628622336
22.63708235478067,23.009197831692564,22.386021206838667,14.566386893282102
23.21252039604804,23.354043998393283,22.15651802113958,21.72787204346574
23.571713343197526,24.06627140860624,22.07919661956178,21.755593048457843
23.580087603292213,22.649393605947136,23.57142251256776,20.27375729478675
22.78527112381762,24.484685507200425,21.860200388670687,20.13222219591095
21.224768708847456,24.483492041408997,22.15343363016343,18.446637923527195
20.70145453325396,21.899060691938008,19.42508838511646,16.974021121550972
22.506903440836734,23.69259190388017,24.08826573977534,15.67959875642211
22.342196015216075,20.95091329860479,19.54780398447146,19.754299665616557
21.942574631492395,21.86089227046664,21.958319755368237,16.370223560584844
19.623912881394496,22.10325934720924,21.871960655233085,17.33231860235511
19.842614729677305,19.19133589911061,19.50941185895024,12.464467838735622
18.59682831631952,19.938203775797803,17.079313233457327,13.93446580242125
21.313506422128352,19.40769410240204,20.30506494533433,14.633667617617562
20.43348810985581,18.53501190166742,18.18520149265625,16.897778356543842
19.466750614673792,22.996409306990483,19.9955276215191,12.021916557233814
24.10487945163975,21.52663484630664,20.85428916508469,15.669819084870856
19.47334274666101,22.12945749194147,17.629619870101884,12.440672962133382
20.458912354286365,21.65188643439528,18.94464114958511,12.204697105431611
17.295062666430592,22.06874509449341,21.126550145912898,17.744372505649167
17.014999408867983,23.07564759592105,20.58069596407624,17.74557464480017
19.32515966464089,21.733316818069984,19.93692747257512,15.935799526381388
19.279649435939348,22.181792403659987,22.137148812706897,15.441276753516732
19.970971298414245,21.418299929930157,20.85677549739424,12.996321569727623
26.41789743354764,22.998390262822276,22.50374428044973,16.199707230862987
26.05300079386944,19.560957025119347,22.134770139971703,17.0856239971247
25.20790325616744,20.445266928307717,20.784057554914053,16.065677132317056
25.050967506821465,24.065547903256142,21.92026496720315,17.956825735905415
25.004024355056984,22.1378837847782,21.739220831377207,16.357882547352386
25.213980272084488,22.24469584409124,19.601323423226063,14.41404161912716
25.6361587440738,23.58418405981628,20.437948792677364,15.147394251375085
24.819354164759137,18.17228261716163,20.655761208688656,14.128043437556068
23.74192064509197,18.406237200855085,20.161013861793084,12.473121303126012
23.070431332875028,19.043028303257216,22.22584173230217,15.198128739829713
24.13218680426696,22.85116355823706,20.619503647252287,14.255935807361675
23.35206257240548,21.948129798735028,19.966608892579767,16.755125744419377
23.412343268690464,22.212474080861984,22.650214213284443,16.248608578300196
22.98451365424968,23.28746551578808,20.120207467004004,17.66195291900326
23.6225622856826,21.049180691821537,20.245868095535403,20.365463722376752
21.90366181455639,22.59304165820497,21.78732379257397,20.88912712458717
23.611449055075507,20.269639774774088,21.42399923945963,16.172336651367278
24.47904394579641,22.038306138164756,22.198911938653087,15.449297851320395
22.853193513811245,21.766779075640983,20.015661383135413,14.356644902815072
23.715945153394927,24.22279422833699,20.23516409879714,15.362979857364934
26.30228072527981,20.3392202073805,21.151515339136385,16.362494590107463
23.645936877620148,21.91157218928251,20.860375226959597,13.360832289525243
22.73305180085571,22.808590973870952,21.470214503221,18.12610244355142
24.45336846795593,20.58009802900722,19.42596104700765,16.85084605442307
24.90203913918833,23.058087196096043,21.109269444887364,17.238419304282292
23.129869394871434,22.822871135108237,16.77764542228823,16.536799302584335
23.137110943553868,20.497895218225903,19.17188393045221,17.706830467070755
22.89023614028711,22.941306037877546,18.557423786556964,16.20944180727545
24.63266587076036,22.613573526527905,20.65215267263118,19.767972690509207
25.1319505688408,24.17035378368937,20.37331772151027,20.936803733841472
25.061907207297583,24.654896700564752,20.30750902395924,22.858506334495445
26.09369785640221,24.220841455798944,23.91097545837948,22.514968202210408
26.18938644927068,20.884105271115057,18.558887831614857,21.600952860462613
25.83172507588794,24.115120060468275,21.54128892529489,21.399095062766985
27.071747298714342,19.24390228983201,20.868616900413503,16.94534376157899
26.74265528446189,24.109382856208097,19.96059277679208,20.95616511936501
13.892319576705331,17.729670638341243,17.36439669495336,18.184795731388068
26.06110642845932,20.26306151269616,23.024211493813485,20.94351579060185
29.096250660548147,20.22551433327056,18.69712150888065,16.5350591644491
26.6195953321792,23.64911345888154,23.840049474701654,18.3741558999466
24.97052544683859,21.81240828619549,21.63446355427811,17.832844975543388
24.373335703396027,19.79150606108077,21.15531894428084,18.32742458174653
24.97009081799033,20.249913359418677,19.97049960149956,17.440777222933846
24.678054508652878,19.345504907438208,19.733138455403253,17.38498732941486
25.92326907558535,21.27134381446505,18.930347859289995,16.672687164283058
26.03468443283596,19.146764922964437,17.554562007619552,13.97575562885468
25.678190688007287,17.797671562548942,18.198471902041653,14.345269900402393
25.84701412058943,20.55582953350606,19.18288408117936,14.05969315780734
26.10395495510689,20.951972961940587,20.04981761943935,14.72734258307716
26.00399679576537,20.529950276829464,19.521261107276985,15.641488745582166
26.30256526391716,22.54451244188361,20.80847053997271,14.123231485802192
26.898453417541266,22.94521296974561,21.102355999315023,14.755006984143549
26.34766612577131,22.942122182678684,21.191279829160496,17.04120235040044
26.993679437156512,21.65817398908532,20.16049418452876,15.658789690970172
27.45845851377291,24.077568981382974,21.72037931807228,13.116738284589507
25.196318326525144,23.00239947013296,21.696839192694355,18.26266034043193
24.4274326719807,21.84369238115919,20.3733215723218,18.61303476701055
23.66637718732255,21.43106747491862,18.821579436597062,18.714963405925985
23.73930923167713,22.944997098355245,19.18219289423354,18.45641966200512
24.257230979876063,22.51414728653422,19.41923668013313,16.623384508522825
24.42885834030417,19.118205305821267,16.705916522050504,17.075682084332456
23.977008264028417,19.761021786077475,18.624133185385286,15.333377414198615
23.810176045904115,16.635105465822754,17.39229419021124,13.732472577618529
24.155978362054977,18.182151916275284,19.05735945034826,17.142659388169093
23.652681214830256,18.072964980290337,20.84498039172576,14.028364765912864
25.167927013017145,22.08716726792905,19.12116182637565,14.85531134881372
25.350668123349777,21.51351145622762,19.71135473705134,15.676106114767869
24.124555630862005,21.652181712243717,18.409761542222903,15.219712699847417
24.17201213717355,20.89447491522768,20.83440182926388,14.068535000062624
25.35649548476108,20.66839223541763,21.762034827465992,12.853153353696364
26.765691153117643,18.469837794143874,23.15135558580212,19.163317536142294
28.987211848052468,21.98677141423595,22.11791381168344,19.706930974154435
29.620435829539502,23.073008250273748,23.647817908514856,18.820347217863205
30.46433289564381,19.713293122200643,18.750555424220376,18.465268418810417
28.81794681185292,21.81477984680864,18.75258221847739,16.680758804188052
26.51384437417035,19.445917178394662,18.346544740195316,18.20656703401264
26.874913440057885,18.891515546287664,18.64913656579994,17.26580501500038
27.25800856590405,20.6348883138524,20.84239697220899,19.336684432606045
26.910460109215496,21.52225732657907,20.26495541878099,18.086549609956798
26.23339411055282,21.79913934481664,21.82828060656647,17.22343206271154
25.837003342313583,21.71978128503873,22.20172488797493,19.423426801217204
26.796733534502795,21.560888467145503,20.730920648117145,19.34822255916792
25.47787980907907,23.104833305152493,20.337728427808823,20.25587360400036
25.839113431976028,20.11483227047849,20.91780576161524,18.4740838798327
25.598822480190268,24.114145435539097,20.66613040237266,18.63418395845908
24.81617591400914,23.232882158353394,19.107309810022404,17.453434820383947
23.57784052948473,23.728555379330555,18.76627207634587,17.505053858375636
23.18414297830559,20.99251073075452,19.960680749507045,14.432373981899715
23.705930395959157,19.69908107112869,18.789078501243043,17.29244958882545
24.246773692100103,18.650318970048243,18.91011830754582,17.684044252310468
25.74747029466156,22.72960821030108,17.619795133404043,17.630399624163868
25.22579960556874,18.41739840706784,16.950511682788214,13.126764499754003
25.140140624201724,20.41073581228584,18.51182942144968,17.32138818628302
23.962353838907045,21.134329361465024,17.817559775173105,14.28907971241143
24.88481682635384,20.40839716553176,18.75552596881732,15.921497437771102
24.00719828016034,19.03758640494451,18.0271897000814,16.335006846986317
23.07682733991725,21.495121935200437,19.63615848428337,17.54570958492538
25.15007524687989,22.48453375631893,20.53461599627621,17.4393984176692
26.112611448027497,21.69434029433169,18.636266392443225,17.838892900489984
26.548191386720827,20.204499423186764,21.210762438396475,14.887272648492813
26.917902399429185,21.5424744032189,20.81656791478868,17.88159141130733
26.304546815378146,21.969183604830743,20.6507190963304,14.083462739641158
24.796407683296625,25.32712001765678,21.772285945678743,14.51597086628295
24.64911528843712,24.061911910612384,21.787008012617488,20.007717696704024
24.819930462823205,19.727758539590905,22.06461244907568,16.59533526890458
23.808493518654444,24.892540110379173,26.52406450742562,20.382320579852887
24.216773166537248,22.68557442165812,23.751853651792903,20.118248330864382
23.38190924080013,23.41245435852233,22.56865143791617,19.05389635415024
22.959006432334547,20.03397504500882,22.43411661585668,16.7097736858139
23.07642399524096,20.602691430828813,22.607261943682584,18.830243074334614
22.636137435161604,21.21362353326009,22.32984668847773,18.92790910079441
23.257617422494143,21.032258673490627,21.037067023411456,14.106537206592092
23.898330327077858,20.61354429156903,19.98316073421368,17.202245266281565
24.655258732562743,22.515818731455926,20.826759188325703,18.271468526945142
24.591691504618968,21.854236163269537,20.89766864486447,17.535781105496497
24.55127429638052,23.994971029744303,20.49733022142357,13.167780396797731
24.44722312854361,20.2184274370736,20.122740150876908,18.16053012168373
24.213104631157425,22.97263687807272,20.008901536619263,14.262870937758706
24.29946579239376,21.591850076651703,20.25615905629823,18.993555317203903
22.96430461557296,19.070017359189965,19.88544872419685,18.341480280727428
22.50873435785542,21.45763488952545,18.92587294604108,17.81924452462008
21.564826335547316,22.28506352341621,20.61807110226899,15.74109061245896
21.63667552508789,20.153345804057096,18.855886167742515,17.88416254992913
21.56070650716248,21.232105394208286,19.270085648614444,15.389309637680128
21.283491034456173,21.996859508921187,17.61886160371806,17.343619744417335
20.870806347685956,18.704288448516685,18.50101954936952,16.823431575296723
21.55434693210113,18.76244816006442,18.039278227182376,16.70299119218478
21.2963701940248,20.56012569326209,19.497644958537,16.63079068053823
21.349424127553,19.49913465236673,19.64936732094289,15.714200565307271
21.97157672631285,20.51580684639037,17.695026428933073,16.1490528197921
21.69276133579271,21.503719766342268,17.32583437064039,16.562340124948346
22.297055274709248,21.95194234365322,19.14295948288827,15.82364942674603
22.03342477754954,21.47044494689273,20.807923040596663,14.703414571497603
23.026434043188104,20.680538742847137,19.517573471593867,17.283103098945077
22.609260127778292,22.618492502500263,19.67851032510132,14.313204159668928
22.55108186683397,22.607712871363912,19.18422142961193,14.595845670787169
23.18958107481697,20.616112824523366,17.91933489817387,13.38987638829029
23.57117055143133,21.18715239569824,18.088159605668903,15.285273833450557
24.245995313404304,21.445597585449164,17.88222989596179,14.163648368631526
24.19472906928032,18.9828219875051,18.961548133318377,16.915888094845627
24.303735964124645,17.9855476922562,19.43596231207304,16.09336179964013
23.75585355581072,22.728758996671655,20.255968555291016,15.85411722144442
23.657119932970986,20.50012829883512,18.49704754001416,14.90835563648964
19.41966094360714,25.729149403763483,24.40816691908293,22.19612147233997
23.649754944697435,23.965912572118462,26.05607072928128,20.01129229930693
24.0852468128891,25.03150893107289,20.347198263275573,18.89784751686232
23.89779315729282,23.18083376726462,23.407249243687847,19.70414998790788
23.671958562109577,22.89067014389404,21.43949284410437,14.994650930955828
25.594349889215533,19.326041616564797,19.277125234276426,17.894008242024434
25.455594524320755,21.340888478965024,19.54939405959667,17.09786646666797
25.790348062634383,18.727969464720083,18.304877053382484,13.208634994504672
26.367984352843152,20.8598543485598,19.75259308061569,14.752943031450124
26.21654344074352,21.14774523701431,17.941659272058036,16.01510763235995
25.52501709765242,19.96192519938246,19.1637868835446,13.964189583084137
24.897789784166,20.241679046838044,18.80825297073639,18.185927220163894
26.03737464533876,20.374536280563262,17.833953066451954,14.41249407369826
25.31615269105812,19.69548239095461,18.134380971034226,15.109589825498972
25.837910679564363,20.70261722777733,18.53115927381839,17.125802051314455
26.035431020304355,21.765559600500552,16.994796065299862,16.72173792140696
25.855233582669623,21.129178564320814,18.74449777023796,18.50629077706924
25.242723471156097,21.078380612499725,19.143381530575223,12.895218616394514
25.33762621725154,20.99349274481868,18.883111497849512,16.960595337602268
25.19110217507165,21.453967349131236,19.27144732019968,15.791953116817476
25.369455387424185,19.33370089568491,20.516919134596563,14.61190686479628
24.93785180977467,21.21274851654897,17.917173253903172,13.91061157405298
24.30045831531177,20.003116130106605,18.344710648194106,13.935019140015436
23.98006012866162,20.399234595746133,17.60148919742777,16.80952707108846
23.81276635647829,21.066695967784707,17.48870167860119,18.24248714654956
23.681904056963344,22.38957998318867,18.360207551034623,15.792159588327046
23.265323655746027,20.689335093565177,16.176171393478228,17.501989722119337
22.661465123826627,22.227662312732548,16.902471616687,16.967356588224764
23.33278434315772,21.249111884883675,18.334088690074733,16.554991631371585
23.2262326775148,20.87791023963696,19.68219828571369,16.65145908379711
22.24805143461579,20.57784099836572,17.70822612735961,14.804219387960693
24.12986559447189,20.171552170233483,16.04102593208703,15.98739822448166
23.573087591260645,18.06484912740412,19.106316824013263,11.907008551132767
24.50206139563108,22.600078386339234,17.87428356861841,15.795459710339722
25.24095132131429,20.55594877944285,19.26704517770877,17.517970741276756
25.03877462162188,20.650077211051517,16.560268415223316,15.404111988006685
25.01201306665412,20.768555646285083,16.725578108666813,15.491644039313854
16.57977685178831,15.80252019934608,14.361426440825213,17.17857696202063
15.523483479404073,23.28299898178512,22.34542158647117,22.91789614090517
22.476741256914025,21.45320232985188,21.527980663268615,18.75701185505893
23.655740824209783,22.63309820394633,22.766759853341227,21.37563569590177
25.415040871316688,22.16452358106436,22.361104714302986,18.310105344111097
25.674011462593725,23.752733091303885,23.752120299864277,13.586839119011886
26.1024144557117,21.357671748832264,20.31409027184806,19.0714724512806
26.25964091232146,23.813474671918783,22.24216394854497,18.60067627071949
26.064447728000925,21.46288127387496,21.096020124527257,19.081537570180647
25.768475681236733,23.64245236612804,21.538524742475506,15.477572317794811
27.99091911540672,25.29771088922757,25.175592982785304,18.734043141912643
27.81030255376633,23.5156567740059,23.864642384529585,13.653836037846617
27.86700671114677,23.785786090116748,21.338475471297084,17.258512297689844
26.375073994795923,23.13184964752422,21.15863520007277,14.483935195110863
25.39528116194076,23.138500819901385,21.35561149073662,19.542951641559508
22.3236916175086,26.511496189482614,21.01874544833824,17.99456584918826
24.37131142257416,23.72298652836263,23.50466389500764,15.40886077848118
25.845239112601902,24.13598880048697,22.528381049143476,19.372852265283
26.671834458463152,23.927424712851195,21.77407183322011,20.78461736695235
27.16238775444995,24.090465519685623,21.46460132483823,12.956340806101382
27.22096321219745,22.013504681933156,24.54313967087121,18.30537657695923
27.25846742602188,23.193930064258996,22.04704986747846,19.578832218037945
26.37153804080141,25.331346368840155,21.627924548430908,18.648663455628498
26.28339341476006,22.30518528368764,20.29966858994543,20.936444370086
25.92248195877947,21.08393071734326,20.732159201811594,12.090834319143424
25.480320418032367,21.56720942266,22.36686918445091,16.309752540863062
25.37924234120952,20.656885530015625,20.843424151883397,17.09095190758405
22.720501012187597,18.43691490459474,18.40219807257319,15.322964930642826
23.100281526677303,20.977320863508485,19.838561917917048,13.35200989501402
23.6679991828208,22.452100707739103,20.17426505095724,13.300007748712778
21.04449248672688,19.802369266086306,18.621475784356925,13.05488177426898
19.91500040072961,19.704501329595058,18.87910624608272,13.108661113967536
20.86157485397605,22.140334176006053,20.843367667903077,13.295526376187109
18.454367376069943,19.81936677364108,17.039346527121136,13.0819928886694
20.30025418475777,22.315333705332108,18.980508908788774,12.064284172742203
18.255701522522543,22.96148005386665,20.03295781070332,12.14223389368267
18.125975927369385,18.81960239705159,21.28375043295009,13.045462977666595
21.32123348977313,19.447006272338808,19.153708998896875,12.967883213426733
21.57390685241329,24.080961804514143,19.26884091998655,11.203107081490806
23.45416964472045,23.432847985175144,21.737603313065843,16.763371693907658
23.213352727576,21.29063362012313,21.82005284907399,20.33719411999536
23.65689701230312,21.364140443479503,20.86380110037412,14.520731343901211
22.6994656903548,20.525125237496656,20.060918411561875,13.902574018339886
23.28177328758096,20.152773760418544,19.04447916770169,15.879066493179431
21.73622121553036,20.551793870733267,18.89309095299817,16.37036819383088
24.09050115188859,19.43834718100265,21.584316722604218,16.785713148569336
26.37185516561844,22.18578711857569,19.360273447186533,16.719274837231172
26.76454764890021,20.011938447311937,20.01090259314773,16.09504274091964
14.236361352150803,17.004184594897858,14.658679703148826,18.260911373888465
16.072701027337846,24.80951416518984,17.45800202664323,20.43731956939064
18.695250733772955,23.33889039724455,21.89862813241328,21.847253800570844
20.02295209049284,22.067588927282102,20.77739662241052,21.10581064503449
20.06014372184579,21.870858858200908,18.790687504022976,21.528489981431356
21.41611906613343,19.63494864751924,21.905171233664035,20.68263557050059
22.532503413837706,22.138153262619813,17.94539506426308,18.972299452497428
23.5258693925482,24.744129889069097,22.09924640927576,17.45234709000091
23.578240825198947,23.781189920772466,22.97373126398537,22.86635952577565
23.547336508450417,22.96828280006852,17.48946369181626,17.742495247052727
20.56462644644456,20.266538164963084,21.702586194134422,19.621934908681222
20.88740171158996,24.315010472891164,22.26897804143378,16.836839340851594
20.73282899493628,25.35353967734113,23.14003965337655,18.27697708334916
20.461867412858638,25.294564852995183,23.431756096633865,18.007052015200614
19.442072844949276,24.59275473150445,22.71754805615846,19.20146721806816
21.090978385242565,24.502051530637363,22.35619440844389,19.841267519879853
22.760590338943164,23.02550335514124,23.959489228799043,15.152185246189676
23.92668461853636,23.57005974244125,18.72100928725849,17.57925481746945
24.65098401699723,21.91286643614336,22.52421293970257,15.488025360703077
23.905025778454405,25.21397749910656,24.146991616115088,18.79608787343716
23.64377002145227,22.38334870120617,23.38450829778351,17.481873948979715
23.553276449090763,21.14334774181069,22.561683515172472,18.35466850031975
23.94467113327705,22.461397839525944,21.584276822327997,18.834579956089367
22.955713980147213,24.86845824724313,21.71016611439152,13.387609350319837
22.231489245375556,18.803546256869367,20.278253628175914,17.970105758713302
20.505389930514276,17.839907238133318,20.543293757314935,14.20040865343521
20.67215145494809,19.641992066770595,21.189964498931417,11.592655100709663
20.629955656657344,21.6172072427336,18.02673441037,15.41737768659742
20.741489475067684,21.01077298254179,17.68487593700104,13.696668124819288
21.437078742114952,21.341755422984704,19.6043496333792,16.414099384929944
18.8637689055044,18.944081583393416,19.2971019684465,15.027665053604082
19.339623231391855,21.135404809652133,18.949864836818552,13.783117754646096
17.734486855927962,20.55743256615157,17.54390257187674,17.884615339820407
18.0337561069181,20.54119371931595,16.796647977477317,16.85435274582426
20.71374946665994,19.741425743834714,21.55414012232821,16.090863659337714
15.988772830708603,16.828447500199367,17.022139874534602,17.969712249890378
13.867042075245594,17.40175736166594,14.525089476976438,20.176963179946032
14.241523192899864,18.666838755944777,16.54400049715979,20.704762592586142
15.732956030241011,21.32761158855106,20.35421094291498,18.820968761431654
16.6436895482301,24.177140635050836,20.364330138620783,20.54614457545087
17.430962740557735,24.19578241346605,20.7512266887083,17.968971105643007
17.313960584383487,22.05399106523056,22.36667889040535,17.884481802542965
19.09854011256265,20.08776913156154,21.650515719741747,18.91727911561873
20.276776099976534,23.83714301834836,24.7965038465002,21.26816658738598
20.37870642610707,21.407640380641634,20.899525582097407,20.89615527195254
17.97109619259783,20.1667478370592,19.225149369464702,20.37294980044827
18.10670829723649,19.515224208380666,21.210122704667373,19.32576886500979
18.291084291806467,21.34024569793523,21.8461939157988,19.64546287581648
18.801533443836096,24.340745147479783,20.435764786705185,18.891338466669577
19.468938501494826,22.517383971641664,22.511595490662533,18.522374896894537
20.1405846608978,22.667694243296022,20.043543281503396,18.54032292858664
19.362109962661822,20.13082258589604,19.915798630798825,19.03512733804439
21.152104319259028,20.547456576022096,23.868700198065422,22.20280168547063
20.23369909000637,22.976802245763505,19.80437631034466,15.63135935123467
19.679331502833765,22.08391779202689,20.74728124319624,18.024533127004087
19.37260804803793,22.61490914319116,21.81467009382728,20.044888551597406
20.293590081854305,22.63421095028457,22.387004748483477,18.51847384471948
19.426559936032245,23.43395542586373,21.77377245000436,18.069163677267564
19.66681428083804,24.453689322335787,23.044388985284957,16.506430440948083
21.243959739535796,25.44875061663574,22.696882602722365,14.478478034999116
20.30789919064869,23.199223648086093,20.67290446362907,19.40394828789366
20.371067247423746,21.035433725016308,18.640129174761523,17.085095974863894
18.82570215192551,22.02169824475244,22.068680616502125,19.92599580503492
19.56386338339639,24.7133239725552,24.014551328377586,18.740866809622457
21.69153364336931,21.398041136321496,23.00843948075607,17.98249768306508
18.56326102299328,23.956352054577923,23.388778799987296,13.809441937889792
19.711955307462254,25.12133737285055,22.497030109053835,15.983917857342044
20.17265950236943,22.77051296327807,21.740326372587703,16.989254001383696
14.752231751681828,16.667199083372385,16.939925745725468,17.192471572831014
17.612766109062616,25.696094561773688,25.95230884280185,22.850140174029463
20.682374778007,23.03501828479861,17.9013287967541,20.15592979449828
23.5133311596783,24.359674156313886,20.369577970720183,18.8456718677033
23.35166204400643,20.94410079388857,23.580046434074088,18.76447088499557
22.665113888787165,20.42721819011725,19.836243363376404,18.472617888898423
22.87798491831694,21.164313030531414,21.00789950211981,18.642434124474875
23.59233795422689,20.22565263863967,19.600587825044222,17.476695772303458
23.985613750989277,18.80187098606882,21.15690437050557,15.905055324961774
23.81171249656589,21.865770703922323,17.408986340143453,18.563013133919405
22.521483591369844,21.125661445163622,17.222864719920228,18.243064818503736
20.899108922925528,22.14034104983473,18.77884432029651,14.955793846446063
19.46478604590976,19.733337618730847,18.9033717776844,19.08679167699384
20.36382804597842,21.42490355319164,19.843130874554856,17.535651121831346
21.294961528060785,21.83931391801623,20.52155969623648,17.762305453917723
21.708194466768138,17.69582566134832,18.04562565339896,18.18487286791865
23.03056373731189,19.700794118959948,16.51378493016655,17.815132972244314
23.364082734895703,22.31152064565553,21.318875314377127,14.887774799520855
23.240835500087144,20.651210408158505,18.574938799517472,16.941679745346818
23.276189709659143,21.81848176678713,20.40713632582189,15.490334168768298
24.271651685649164,21.592356038429436,20.07687694730379,17.611857478017253
22.93651859066996,22.66534828802374,20.358682357682408,16.463694903557382
23.59716289813192,20.971619492632698,21.040895674092276,16.978954451839964
22.35632174353003,22.69963948936002,20.530460083108693,16.500277239951085
22.831845645902884,21.39513403536389,20.952846536263166,16.097794318493275
21.93250082454656,21.448441643672364,19.137495167992213,14.662931574573358
22.357166055156814,21.421492390126403,19.812744766886627,15.41915275268921
24.01828580505361,22.52685726010904,19.574928864039727,16.98030110252129
22.06814747826128,22.41995934173573,20.037044536589573,17.552047469398648
25.665285222344764,20.73685772776757,18.43636068793161,16.906676776314246
25.599154723795767,22.35442204266356,19.28935193869928,18.07651498265373
25.286646648613537,20.590459168964923,18.347830898458245,18.05428479184935
25.25805647134835,20.701569946418868,17.911659835323125,15.946732096679014
13.859642716221469,20.367209048196692,17.233002752976002,21.10983412074962
19.78187775453591,25.60158722334629,22.971863464172504,14.896412831305256
20.658661088483036,23.271804991381675,25.008563380918428,20.57846643381836
21.037709314517773,25.151757407918684,23.439682388259083,15.141820248227944
22.34800366195648,22.549384822032348,23.65376398705496,16.262133038190573
23.63471429102462,21.38519725435048,23.86804895874181,17.931824807375804
23.527803025705225,21.03413853428649,23.107478815032497,18.9596094912346
23.077882785126423,18.895573645950943,17.934407421691546,19.306786337835533
22.701598424256904,19.84703992568088,19.504709265418303,17.28948754586382
21.42721106798148,18.81149069810684,21.48357058335596,13.739396356663264
23.191599215741338,22.564424225108933,23.402500832050237,17.409310012743884
22.58285346751844,26.81465384247812,22.950530470075744,12.825438400521206
24.06656380010773,25.068467809798264,22.20735996937317,14.3812171800345
22.819214678000915,23.014781667349908,22.61562832767241,17.043172203883632
22.72948060449725,24.86215064053084,21.817899997426423,15.025973143915678
22.592480483792883,22.420947602299098,20.7880125612085,13.50788308201316
23.52658958357902,21.9886978356833,21.58121008266765,18.815406145310806
21.55712870388284,23.62355154318889,19.58385139277558,15.669552003740929
21.37143249676636,23.034458409450323,22.856461741175647,13.803992877769446
20.2333201255873,22.09513682560508,20.6392132382622,17.573150185294008
19.94079606658465,20.92351693245877,22.34394673808599,13.651767489531258
20.50480575584034,22.17712712131916,21.80676355854768,17.81526645744456
19.858142502746432,21.69690605164152,22.835364125313664,15.318326893884498
19.78270803643485,22.50659761394617,21.343401322107592,14.235406779283537
20.24676187964309,22.41724191989947,21.878738010314947,13.755546957769212
22.06868920420944,20.360606881733904,21.26820182758337,16.116809663794825
21.491268796540734,21.48014821181911,19.86398585081076,16.806910026528403
21.31166933602452,24.129800763801622,20.27914728697457,16.863301944750607
19.52290662835996,21.993124853830903,20.18719115878461,18.08862180896722
20.89396998206742,20.49902108733921,21.393262655934564,18.238126109795587
23.155632946585516,20.27537979829152,22.229741441149923,17.985926507853975
22.74674937580669,21.064222947530805,22.646011004432825,14.907232478346522
20.373279081004736,22.730675265881235,21.006615027023013,16.070573060470036
20.12671494243952,20.359464209183816,20.586900006593662,17.46973840050292
19.81725297654188,21.41982632321465,23.248389077691844,15.674957007829738
21.86421425999613,21.81063614659554,20.96524599429061,16.923698417722814
23.19115671308587,22.471406807355024,24.417483641323496,20.273278142262416
25.17513999572563,24.195162338840447,23.681339069892665,17.892987053962646
16.117733161382795,17.86433462584191,17.59044515938476,17.440142198226095
14.19421794166076,17.06116000280888,16.53651092197239,16.76850002667815
13.573114911548052,17.925996752752265,16.482618451350575,18.148613764075066
15.454879242523145,17.858771019550442,15.495465560525917,20.077322561064857
16.36728520157749,22.05863708319654,20.677777542349613,17.705646147727418
21.029430921131816,21.83190500678101,18.795790894581927,19.62117194460025
21.72566836695624,21.043781448317485,17.88218990182156,21.988183234356967
22.074269103158425,20.711616469449066,19.316718318884355,19.12280375596446
21.29535895355805,20.30782143661048,19.83005335555171,19.429543007887432
20.477179145614844,20.724994040739187,25.0370934432127,19.099729836529388
19.962440464719965,20.482082212112037,22.433720048662973,18.87318948801382
20.167669459979027,20.391678855653996,19.93844987174132,18.64123373847591
20.065389636644667,20.82791931028144,23.10709263165169,19.282797511628136
21.581478965138388,21.4147213154904,21.42203371173314,18.141086026538435
21.924175831883407,22.84404361847388,22.24844841446667,16.926258769892254
22.06891824016417,23.27626872706808,22.664610757607573,20.70749876870895
21.94269205462216,25.88807855019452,24.6927289443517,21.43994037911394
22.367616049850813,23.650560229973177,21.656124249402605,22.392295966406294
22.946342402742005,23.955439690618626,20.124477244077827,17.756427502129167
20.62328319503005,25.85275177558552,26.041434911552894,17.510389857228997
20.267420100565705,24.497515289796315,23.036769395562526,19.355108525436123
20.31907215348057,23.855392629770943,22.40679821170322,17.30242034425338
20.42340939970052,23.68624823554107,22.577313330522088,18.21417710362808
20.413981903951584,22.337910185645004,21.80854811757732,17.24898566653215
20.09477931870848,20.24818002047212,23.51480090112884,18.34244059691476
20.5749161835885,23.85314797242201,21.560083744758867,18.106811716684565
20.135528750226865,22.31333865721537,20.75259896913951,17.548004477365218
20.185364327819453,22.93336300349797,22.69803650240169,17.047457491670354
20.502016438903304,21.55353078215693,21.150610420719453,18.229564224359983
21.16323886374545,21.791586437902097,17.326693347365474,20.90719278673159
21.399760952493136,22.304940796400757,20.558756679526,19.62108715448287
21.746470518946627,22.623533016270503,21.53011148526693,15.525720725313969
20.64698512989156,17.4600188544187,18.93162446241697,18.44379250630702
15.289435786549255,22.94214153812146,22.188852670687044,24.363623353152537
22.453075682600787,26.84911900171002,27.943337893388748,21.116859655708428
26.302857020807792,25.102796181101294,22.12518887776988,19.48879714694733
27.43619209807601,19.372877930769388,19.81626936696971,19.19880547294696
28.092061905498564,20.24511263565591,18.84576716505641,18.228591485845087
27.561352240018085,19.88463449790622,19.08891819148673,16.3641682217394
26.761997752562,18.471203602807844,20.03833188755517,17.181311898586937
25.68060330268212,18.910305116178804,20.1974018172014,17.03578376868577
25.274608007848645,20.67018333610276,17.727568633425935,16.553006077006255
25.15438915858857,19.270548650561675,18.225238099689907,16.86450452978153
24.60658630362255,20.78529283995694,19.42454589559411,16.320745440183405
24.37192884337909,18.151970082821613,18.643279001759407,16.10047598175824
22.89121554447155,19.82579457660573,17.641288267121265,16.250969192040323
21.83807247164177,19.7472671465883,18.0812269655078,16.80755076585084
21.897079774985077,19.43372178106655,18.36643226282489,17.689959369804075
22.52323274508304,18.216721884328592,18.155111014934157,17.289840968290335
22.65281298336909,20.256228957705112,17.974893250564076,16.30045245679707
23.02315007357729,18.401791835038164,16.868095307516036,15.781121877346978
23.24306077864176,19.33274997846885,17.209320697132878,15.213064017662282
23.115673219291043,19.97630806265053,16.954033012349573,16.106604759928654
24.005837562412868,18.51756597418761,16.63321400559339,16.25556145549977
24.0254980324283,18.201921531293006,17.070836857866233,14.709591643583702
24.294465526598856,19.765258929035,16.773959307389628,16.611127081820687
24.445077948795625,19.976194369783084,16.673517216939,16.693816356856917
23.96180562752096,20.145473314003823,19.330259821982413,16.82437216796787
23.978542664456395,20.40905351913404,16.04131565224095,13.53529063969558
23.75953817273645,19.366393662570687,17.286265117590165,16.403902969822486
24.121947742563265,19.80138040634461,18.840678589581888,13.505063285429893
23.92621604768757,20.908441283572746,17.052248369808492,16.802695529192068
24.86451212138499,18.74067932691068,17.29060340207141,14.778414665223286
24.63128532952713,19.598355215766,16.67386858046106,15.80020842154262
25.15893041159481,21.625487229509265,19.338383778364207,15.804076522154489
25.02527276186481,20.972055301163746,17.097439506327508,13.635311387960392
23.87398917947816,19.684129472541517,19.93891556340408,14.165051114701612
23.87242506465708,18.989125059332867,18.9742665400254,15.706257340898722
25.76251134620358,17.62758807725263,16.516560292030658,14.410707824270965
26.12427242666108,18.387924493606143,18.77174593522937,13.7576018817811
30.36779660959647,19.927341112756697,22.213185339701667,16.362353713420408
29.198121841287406,20.62253496929771,20.094101376977196,16.37067676959123
27.679543228022528,19.45015612197804,20.339251195272315,16.939452708008186
27.70950550005494,20.02998134045875,19.599025986861157,15.919667249615614
27.78635891699353,18.650356978784423,19.162392207888168,16.260173916684927
26.36557894842259,19.60818681880548,18.078225835267947,15.553447705064228
25.783478733338058,18.68121331371981,18.448227905801005,16.109107318376278
25.162480027095096,17.054491967203877,18.11398250848824,15.57709955306624
24.489198465027997,17.60978361072746,19.57640159511239,16.43404326891938
24.49400540849518,18.954260284462325,17.609628683761162,15.933439253843916
24.25885953884413,18.94607183057932,17.450043423085464,15.68642884756806
24.061601325882304,19.649071973632488,17.44965900229356,16.182905894097853
23.458002243809386,18.361068307964747,18.09230195380972,16.89836351070615
22.440796649706204,18.974570370623457,17.8063075406376,16.194931601906394
22.976545385161568,19.81565511470313,17.028644092921766,14.580562364626546
22.499657981634886,19.316782882359718,18.01803957641073,15.653971186399335
22.25059177135397,17.180681109385407,17.358214715694825,14.695940680022426
21.558801254855847,18.532584856296864,15.63799768785766,15.43418545097581
21.89358353111917,20.38639143234129,15.493350324962275,14.971740140901751
22.33045401032273,18.430326265099392,16.527173373247354,16.3826292555693
22.94172964239388,19.320496182714862,17.741028138977644,15.985634056931046
23.08679928122284,19.83889719549868,17.33300725663385,15.456933764440642
22.89652007878564,20.177187333321125,18.211337788337577,14.587019911755084
22.88653925388181,18.006405238514365,16.535305584895934,15.331019017691109
22.97490581698928,18.23960760768674,17.19658094552354,16.03896454609716
23.2538531067749,19.132646611436787,17.29905072718902,15.936041287398972
23.59753618867119,17.573414412997536,15.423688662631426,14.89775319716596
23.47030782695772,19.91377706366382,17.6489533441174,14.735318272059615
20.251848102980905,18.65502227539645,15.612935997607991,16.125226376833684
19.33431385652976,19.2146616842203,16.520763769720123,15.54169391035336
23.37132949061817,20.26280617950152,16.22605094112618,13.602153485377784
24.09685344223983,19.98635973734692,16.978733180237363,15.394477551278609
24.01166088066829,18.96522013027321,16.69122249187002,13.817326368055156
24.526733875896884,18.342380696316177,15.76946142028641,15.541523757849292
24.618343541171868,17.23175809692489,14.987441789025937,15.486653774074869
25.11585528724271,17.432090664251444,15.76737320394407,14.060164910716848
26.82760817922112,18.54945466159398,17.71997250756654,16.34148419868347
28.215556198024384,17.81235020885622,18.699788094244013,16.326966961729216
14.68614333573199,18.1617318575755,16.73869838998155,16.062248813384624
15.988768908584744,26.945176543124006,20.63666209558509,20.161558234388952
17.011283882587684,25.944723244353245,19.72950823870697,21.601391935135464
19.204379693445222,22.837262075311525,21.783024757589725,20.928160205078218
19.451841957852267,22.97358321739884,22.11575649400044,20.228969982836777
19.538782712407357,21.25555028366549,21.85574602109617,19.5957548603601
20.846811788682206,22.63010751532373,18.997899351508945,18.46549282988249
21.50356922902675,24.72447395228464,24.37478978039478,18.862397608602983
24.107686719887173,24.13626258132882,20.32899733052995,18.19525834098827
24.382071359654656,19.584932481866847,20.74904946141276,23.021044736967355
22.12560397762179,21.62912106817201,20.97840808005752,14.66758367824883
21.496253192446478,22.208940693640187,21.17760047391897,17.37386962722666
22.214016490885303,23.861707265165126,21.5998088293444,18.70939973005713
23.118882597378825,24.57268017112437,22.48482869961063,18.20168904190365
22.91098800938536,23.721016944084717,21.476766246452087,18.183052407561508
24.663237860697905,20.898237166247743,23.144063063271958,17.876320445743218
24.57998774106644,22.439227486319623,23.247339710538444,15.175635328004487
24.68308609957589,24.340409391681828,21.00255130619219,16.4560826410594
22.368273446130654,22.47222858295308,24.526148052837456,12.480001900792884
20.48747973486033,24.952780930468364,22.11554414276436,17.004977495864892
19.289232873957896,21.872003153813807,21.48167333072519,19.38422886490349
18.812520750485543,21.61489120608296,21.237683688169287,12.547152758334477
20.612295198193088,20.84819450150813,19.04741951125397,17.836027589056396
18.950681860347395,21.48249922015682,21.381048094612883,12.425308599298212
20.53879962542676,21.65247581551689,21.544732601376992,12.866518461835597
22.3814531437678,21.306536862200453,22.03356307242105,13.21849700029996
20.016606084104627,23.473501664077943,20.0665897128921,12.911386034143716
17.866962142553458,22.39834048366016,19.105499528774583,15.2257526780282
19.626636702042568,21.8809569905449,20.20695240688009,18.02224188915449
19.005532962669477,21.230151337901543,16.17962269476192,18.615155653248127
20.103289140894265,18.788361462682914,19.253889937238736,15.92896726772093
19.74889031571108,22.16242540276841,19.010521489103883,13.097725123102956
17.189243673228273,20.064152697681667,19.18395307811102,13.789138927729548
18.76451895386612,28.33531504271781,28.32864134286866,22.801983742967845
26.41631502747646,21.343174067348283,22.100292081801395,17.95185436208389
26.98956188083315,19.785173586761072,21.850089077692235,15.246188247474915
26.05136017374323,20.96993043814987,17.95205424001129,19.395215439732613
25.23243851491324,20.2756030014822,21.47102761100909,17.263197770793983
25.32814984948439,20.551300225884248,22.911126228195958,20.31869069133193
25.34795194227552,22.189133706303235,18.63802895318796,19.11088841530868
24.852088487188087,20.6093943368624,21.221615771641893,19.197960126621656
24.992444935977527,19.77261019947835,20.411189774164296,18.2553661135622
22.49386259763417,19.904874884432697,19.09939579370798,17.224696750527002
24.17900500612472,21.184272654332933,19.409066208686024,13.5746909817329
24.64185473301463,19.849006404297786,20.390968189741603,17.97364533591099
24.547945646395053,19.67960521615773,17.45353946649629,18.25829586433704
24.16713734346648,20.42068450995424,16.640917787466567,16.23371769694781
22.11021082951909,19.553619571900686,19.3847055547676,19.082303755414912
22.09890149962349,20.301165439483768,16.170495435600625,16.50771834777242
19.99752933904642,20.312859748270853,19.86145997045377,18.188151293605195
20.89372434784033,19.035900137253137,19.72168292340189,19.017218617973707
21.05184059083372,18.857139720416196,19.29960376920892,18.80347455972557
21.92301422533328,19.627835056966003,19.18954967575933,15.826556383439389
21.419645451764023,21.18722146760899,19.9357856592096,18.34012815851676
21.368384410443934,19.767963552805384,18.735743549267056,17.589912449024023
22.414545275004105,18.8951452807293,18.16713683398536,16.89414470041839
21.657412786731623,19.30691177882131,18.033399655090363,16.415001517512664
22.603362824107823,19.2588708209417,19.57369536594744,16.55846615906687
22.657186263856858,17.788837028571066,17.09188556543534,15.48153930864919
23.440521427654645,19.543391654608943,17.74367413022033,14.697078299170336
23.24004078250299,20.24452099965412,15.961863404688762,17.685690070748848
22.860215272598897,18.17517519134081,17.21914744762965,14.264089905690062
22.56198159720776,20.820316769504448,16.78951985706809,14.500737786615732
22.420485990144567,19.984753826738213,18.11920248826664,12.640138523765522
24.80128814049222,22.18723719227751,20.348475815251007,15.24813280722978
23.692185402526984,22.81278223012568,17.67901011856241,13.58398475321743
25.402976011238422,21.137792150029863,18.62564678764052,14.056461525538396
23.48932866241306,20.88659470679737,19.539061110785727,18.116085781591384
24.133584183730388,20.32676672319303,16.111670895306258,14.000413290107703
22.364715801890355,20.169602200622524,18.18718296102966,14.99237031366077
23.740635013761267,19.814985732210754,17.6288425313067,12.639779121416645
24.551851380382026,21.568607985202014,18.765541206701176,15.466733151398875
25.577488890085704,17.533335721504546,18.39708479492629,14.070691332085415
23.98835061152403,18.48207595665693,17.900127868689427,17.20803202867207
24.51856329159672,17.883613443687107,19.09555149568045,14.963207165428422
24.173848767525147,19.65690983472823,18.3778044181207,13.148761462151995
23.690921303796276,21.26343621502726,18.52277965916666,13.200829894065736
26.62128633914393,20.820465225780925,20.17347178800192,16.796022256997876
16.20170478613942,18.328527467794967,14.45753137641402,14.849363733371908
18.57037389469598,24.756955324896712,25.761530195311597,23.775106006607245
22.98445130573917,22.710527163072623,25.949384523233547,21.155206216647255
24.882213213538225,26.1473225085994,22.859895253728425,20.12031739131875
27.8055094738684,23.90570515664216,24.68669974180895,19.55022547301713
27.049500709601396,22.12933866775243,18.282457483728408,18.40836744705893
26.10763095569837,21.814939945476358,20.207084781183102,17.992496962428927
25.148560471756923,18.38301064001896,19.80762459136587,17.01340973915212
24.98860710901593,21.47041612307159,17.884273286366355,17.922258594982804
25.575785076521544,20.704096912292812,19.55599566851677,15.603390063312023
25.346917673557083,19.7121053801792,21.968822679189973,16.73164640160366
24.68490829418054,20.612568553855557,20.16439584842091,18.81865715638148
24.224349892232805,19.47824318255307,20.57466650360477,16.537213863602414
22.791993838234657,16.534458637687727,18.635564775691343,18.08299890699265
20.63788025471043,20.013657214310843,16.511567923603568,13.480689553620536
19.566023975681933,20.29427450311629,19.26873713132159,15.634429463722208
20.409366483045755,18.53962960057929,15.352963879844271,13.721585683521411
19.84324260416935,19.579502907690493,16.38526291041386,13.096051722009472
18.442326078638683,18.805320105099373,17.127021571419817,17.085011701357043
19.709912896119107,17.22083598220208,17.82615198733406,17.699895327940574
20.089497046364745,18.632060990095724,16.371470392149327,14.598069195869725
20.042565283321807,18.85217322975665,19.10651860075657,17.077106471372417
19.55080707515404,18.90530791300957,19.36081800315013,16.697026600428046
21.83302461783511,19.17017296964237,18.158877675956923,17.397558096951933
22.666417208734146,19.837210867881076,17.516094874484235,17.331460966435667
23.50679793923861,18.52110779207808,16.624657489356533,17.74472827416552
24.42454367111128,19.937055694892024,16.961343468758844,16.847727360631293
24.49647669445984,19.27122945629405,19.230307106972337,15.9599416321665
24.27790606431277,19.119034765375105,17.762793961679478,16.18691236214049
25.04303512000984,19.76049209021369,17.770647112156396,16.201101638125696
24.773205977157037,22.281843393490288,19.115013383014716,16.579539591285585
24.816233408316624,21.486089580682684,20.251124294248413,16.576885823473763
23.90275605919653,22.121420260175068,19.76746265104253,16.959835825898544
26.32454624256574,22.50261465133165,21.108015263575723,14.79534366422294
26.364174587024745,21.37587635830576,20.218258091775585,16.740740460751578
14.340173654861127,19.069433750975687,17.87164445660397,19.721594391011976
19.95454234009922,27.668437134711127,23.241410331914256,22.104109061077555
22.527682822996457,25.19428216838914,20.078592578545543,17.165146255243695
23.91337933511969,21.02834980477915,24.12268678908309,20.309234424045204
23.09969707429116,22.5010882991264,21.290919696013194,16.67240176354855
22.38851699929153,19.64657862025907,16.938867210999764,19.142475883312244
22.78404898093649,21.112937199312285,19.69254619867649,17.128111916850685
21.47382914324973,23.440080926027743,21.28551500196973,17.937467934875574
21.77994321534373,20.62873058151112,20.659527888273196,17.128267505738815
22.309920884963255,21.74612401321568,22.896430029345456,18.65387924649539
23.74821005579423,20.75710270129483,21.3459787098878,19.687007060949764
25.54673899416098,22.636125516513143,19.99781055599993,19.54834526599364
24.2901210222306,23.308147527923893,22.11158376189638,17.65800707867373
23.3266878783342,23.247194450293332,20.62133529548823,15.17387271900732
22.960595575867483,23.26096770294925,20.08476659432948,16.891725921058832
24.66887891892492,22.79689179292268,21.914046185532545,18.44337222385572
24.1817843346814,22.8356703246935,22.46254150389576,17.1301539777033
23.433679600945045,22.362306709673646,22.52468241964576,17.046147777700245
23.06971023370366,24.813423575061847,19.748720018063253,17.71273672347159
24.150357250774224,22.176868478575116,21.23405962132078,13.435576032975913
23.278753581949776,20.822284332724266,20.768755680646123,15.825706311482008
23.169435941371944,23.40975449493936,21.12756746188316,16.730420232077993
22.429684751070397,23.04280928906879,21.08654789459164,19.49916176939394
21.32484174277593,21.96832259543549,20.542621584767904,16.428083783795746
21.365998467786767,22.10833574924254,18.875349003906056,17.62986818453554
19.723152495384657,23.52533492800992,21.93401066973884,16.413594826546074
19.17885107573098,23.02678323633069,20.692965423534982,13.986191873775098
19.80427140421858,21.031264139285664,19.93466598328995,13.675306066051718
20.278245077061552,21.88864840668409,18.835279405265776,18.89257666468939
23.71438243983559,22.356614465360757,18.89151311634006,18.633183325958715
23.82635061109777,22.109371986341475,17.000172397785096,16.523859016945792
20.285104973091222,20.090336527199856,17.712463882614347,19.364949142779363
22.08372132200992,24.201000085917475,22.185403247373227,16.51535252882399
19.989059014654305,22.47274527541806,18.928001986651637,17.228865055717034
20.966385161217847,21.73062608487453,20.233934649948164,14.66920679272652
21.762995583079373,21.3112896801816,21.433296277402626,19.81981467176791
23.22532350743113,22.49965993867662,19.53487403199124,18.120343353096924
14.06274904607279,17.49998971190931,15.12600482478644,18.749798432817517
14.366504135925275,19.88373187967199,19.269248931055284,21.21993495047039
15.38204161974233,21.11329096179593,17.848481326337453,20.71404385087484
14.99715310218178,20.783397635820336,21.8090588970924,18.20848999581949
16.44422959683173,22.66487062600816,20.941040599527927,19.0259819277773
16.3320439524722,23.562262716446718,21.9079233480534,20.173109130989427
16.887322100837313,21.480129682575964,20.25836422096742,19.705995344684947
16.287879042865544,25.486299761377804,22.57552463573268,19.41069917383391
19.58754300678666,24.20460474729036,22.092373235683663,20.28960997545916
18.867309766098515,24.34969500094626,20.136204055922224,20.527707528713663
19.883541194997303,23.13950205247096,24.045590331352457,20.00354268026895
20.50439498956869,21.360353680675136,22.749669729034007,19.10340785168129
21.84880672868123,24.538811804404745,24.036803145095917,19.145373893302203
21.78401814534177,24.369281437527533,24.119122928162277,19.044578431010223
22.19115636130793,24.046116761002438,22.561892425595143,20.110554870212454
22.15474796989572,26.423335508940188,23.600566094204947,17.90954352424942
22.81033980828677,25.007997381109647,21.92849948603931,14.641403968693004
21.82495561493372,22.293295013453065,24.74665406506869,17.348657921753993
21.246952028744943,26.46724077759641,25.29174774119896,20.44821631639821
22.477076133241244,23.733289038564763,24.99962646555508,14.486623737550556
21.276998881103264,25.233115296254407,24.760242951684656,20.14409123949358
20.64466376551888,22.121634168421565,24.836486162370893,20.54352925317207
21.92346528450861,24.62361864924111,27.627543710357894,11.998135893532767
22.909581138035566,24.405509019775547,23.330184097697828,15.561557317439249
21.54793631981708,23.38216578067772,22.353554693338683,14.521314096084533
19.662707975997748,22.508403319184428,21.243197655460037,16.905141611809473
18.88233959800352,18.644289754361207,19.55821779705295,17.602592811013533
19.022507077195,19.2153573401773,17.410089699092598,15.58892856639437
19.51421607496969,20.584569950359185,18.829087497102893,16.405703280284722
20.53452597015899,22.03990530685847,22.019582080238862,15.572021729878196
16.591701059366304,17.875319431928265,18.570502044121582,18.600289146138437
16.138312647315125,25.79988893434489,23.872571540238976,22.210804092249912
19.552649476253038,25.26622194247234,27.75925944121217,22.265050011343103
20.94698240628989,22.042408399389235,21.706575907815346,20.01321828015924
21.98234920220748,21.08893612706211,20.51714856788897,19.352020113878364
21.881872403630467,21.241488216356448,20.44813984436099,19.145866099486064
22.3427701935838,21.56811146379859,20.95496016724985,18.472685924275613
22.88174528625452,20.12019355356206,22.112891777691623,16.106833824143248
22.12610128292828,21.41629133579844,18.08885045955201,14.653212973761716
22.1869470333406,19.219311733199664,19.603065779304547,16.377474790676274
22.134118253299835,21.267605746961856,19.00184867436267,16.3167383938324
22.81394564893002,20.870804481631463,19.18288324048946,14.142877997754525
22.801614088963102,20.318676757748484,19.680228258258957,18.847802745030105
23.42166356423419,19.30831791938729,18.115325847137825,18.48605394482089
23.77679994951493,21.471070833425895,18.667305341272023,17.788671293115666
23.62542733214577,21.528758160765346,18.08557833548017,14.715714064622231
23.500803066520472,23.238195608773847,18.285866112729558,12.637551893447046
23.897921139156967,21.81975953628005,18.540632930566712,17.888402651569063
22.468280551783067,22.88424860199716,18.62149667161717,14.704959595241831
23.538865821454447,21.81670283665297,20.010629640162858,18.67312829712496
22.29629774551336,20.878996182376326,19.05799385133701,16.913892288189185
23.25003064900702,22.032285755566047,19.58791294135707,18.700809890985514
23.39154272640246,21.85027470050755,18.93136755919976,14.632516718820243
23.75373432995012,22.84430881122815,19.719287618507533,17.827519905170977
24.19818577755349,22.495991412257336,21.0522899675055,17.105160041188608
24.20839795151376,22.327940359230467,18.36249620117816,17.901810481753206
23.90861338693639,21.14833837689669,19.952050549795658,17.538751688667425
23.03056070114328,22.128162595275125,18.829752071570077,17.65883426040676
16.984014133383727,24.818460461902617,24.785015921063945,21.964149980606063
24.88999589724429,20.683304028765694,22.48527503905652,17.77273856337216
28.62243722779929,20.01829264015404,17.565876279117635,18.356152013848448
28.539506306917065,18.14383640771982,19.313016998728894,16.888828145749308
27.971310584456276,18.865729196569635,18.989472082971023,15.595777960930391
27.159163734243123,19.138118063968136,18.983889796934736,16.654274477431343
26.31510754404839,15.272606058871624,17.196744433078866,15.376257048047847
27.02604012449476,16.33018008379696,17.738517918175024,12.28562010219585
27.92112599255759,16.71772947774137,18.304112106020707,15.007200460332584
28.29160512993755,17.327067092985455,19.1409831355396,16.70306888979457
28.191462690700376,15.87523754676245,18.158384098373475,14.414597930857065
27.91212057619728,17.0840866027964,18.305738491267853,13.858720401259568
26.915468794507103,17.648820545116834,18.95573477116322,17.012175566822837
25.13759922409827,19.32084194108157,17.647252472871674,17.34931382785089
24.03166397102385,20.292327681612928,16.803726520775754,15.582903391174655
24.162362346443928,21.9198935924464,17.23374403989445,17.530719210117443
25.316279261582565,19.61172779742813,17.70379019886462,16.894276217086404
24.832774250373607,18.67542460150204,16.25028565117876,17.300998461524
24.96582545375571,19.674294699152664,17.626041215735253,16.298996440904315
25.24140493480965,19.306196860186148,19.264580960256797,18.26734676395885
25.54852012316486,19.23346355673361,17.279720405795373,12.697553316286582
25.375906589345224,18.526594320946035,18.062957795354567,17.639259898507614
25.67672062221621,20.59615481405551,14.761410497157229,15.901579200911856
25.435461706348303,19.46314660768829,13.798273126372749,17.06529083419842
26.308925871985235,18.0339011575092,16.278644657278758,14.091905814697707
25.123629694533705,20.17635490206936,19.32548710727723,14.045680830207791
25.225968603969942,18.71531552407008,16.262961627294427,13.80924919743031
23.853089286760337,17.699952034955363,15.064607893919051,13.440510486527344
24.08136059634628,18.421989879009164,14.248340242922632,18.95794338109352
23.41451959878704,17.581158971350167,14.781350244575444,15.740366924788653
22.746511058563755,18.536372546138143,16.481814444536173,14.09669906187085
22.723324640311915,19.41443828586721,17.008680639462447,17.03536737007248
23.53806359212628,18.863028286385717,14.7584482397065,16.963799421288215
23.89216165781889,18.58613818923581,18.3534937853746,15.304107957409498
24.59987387938609,20.27854039113716,17.189483607005013,15.171201221359532
24.3337457906589,19.834307240891523,18.36349169876659,15.01011288251696
23.614633959379034,20.5972938479611,19.944912345612224,18.361378004717317
24.65208563089526,21.004047467309,18.503953214120624,14.958207583191816
23.54207759949475,19.03380230254068,15.521009500372712,14.381076276017035
23.27297207609657,18.224514923440967,18.440547434397697,14.609478779401408
18.50847658065581,27.0178429154088,23.336574970341136,21.21388702903428
19.03022745709743,24.20233095682328,23.71572270352122,19.563953678344596
18.50422058711619,22.183513056069817,23.80206313852824,19.924936219415773
18.320683925564296,25.950586332312607,23.87807886718261,20.78258046331374
19.465155480217398,26.60371689493972,22.81524107195797,19.65380928729802
19.40295321185384,25.62701636054202,23.470176038108622,19.22649606215287
20.96669531519704,24.00194125804021,22.52972025548841,21.150450309037144
20.22076703165667,22.82552860621732,19.20293837976089,18.702943220012056
20.36801879571006,20.438788668564914,19.520335054126928,17.282353305788362
20.773894626406346,21.577282971239395,21.828210293373363,17.751686780860076
22.73564308814406,21.020162281279458,23.65280669306466,16.721607768011282
21.37874607685925,22.91124441470268,18.47018326412491,16.80515672807481
20.24480872517214,24.25127307177916,22.955337134531646,15.671651971628892
22.317191303943503,23.923460758599138,22.428511360936657,20.224154979905645
21.95745792318238,24.216067252958883,21.890285597295023,19.659863919132047
19.83334830349048,23.129563445463543,19.42499413008487,13.56100286283466
21.31894030457896,25.463653953677092,19.21130725724097,15.174889968798595
21.99279328271113,22.525073422204795,21.80346225066262,15.24329235400935
20.348322843956947,23.408111903624857,22.28994909673334,18.258687316388123
24.76552425719505,24.651678732168136,23.325148408221736,19.183075121105176
26.95818891247885,24.72483883754838,24.725627232580543,16.050294983410147
26.656877245706024,24.100710511448863,24.049731675411625,22.493995912818928
23.484140130209955,25.53064449021971,25.314924127843028,15.913983539645182
27.388420360240406,26.70949995295333,21.177272237286516,22.01311031577353
25.378547602065936,27.50132783431852,23.868347280980164,19.529881379953004
25.8685930635866,25.381403636068868,21.747307793575363,18.13036658082733
24.50059592495045,24.509287136041326,22.39687402079355,17.91734506242753
24.60319395680821,22.909275077401134,22.6655325170274,19.339489425186745
24.623904560832354,21.68195882191681,24.84233745240524,22.820814873872934
23.136685241804187,19.8872098370429,21.70181883806532,17.665267841039004
24.38909316652411,22.5509375410165,21.08452636702471,16.391876691800608
22.05874314119972,21.43473612301899,21.29628128359653,19.382473632575763
15.651476976103115,21.580048699303703,23.042301746417756,18.272818782841124
21.68711553804893,26.060027737717324,24.611997130820743,18.719277084344515
21.860194386517296,22.645490232396394,20.602857835066946,19.48839955326713
21.260639344960996,20.17495073774769,20.467237183281046,20.14789850035354
21.141399438498183,23.953492367478205,22.338706691886173,16.839486780607015
22.49047040884985,22.32338955945096,20.70996876851505,19.06038914946901
22.82778654973025,19.973582047294176,19.23052178140032,14.00737421447399
22.46087687143185,21.527309682434048,20.270735511413548,18.188951474946528
22.811915515984754,21.70329563081907,21.610014532372865,16.290249450324193
23.699131230429643,19.602675014885623,20.16008185545635,16.564627501419
24.758880322794997,20.365623589936217,20.13099535227671,16.522792197169878
24.36388717473564,21.198443123625484,18.624551261527422,19.92268639470808
23.221430884989605,22.147200041545634,19.11582237974696,19.50033453388963
22.648934741866203,21.311172331529693,20.53924329698762,14.846362693205336
22.63121511367933,21.083684987189347,19.7160063341795,15.446934948071812
24.08373739054865,21.35698757415976,20.802258458148383,13.38835217979408
24.66726288201809,21.97736923533237,22.342562069345963,17.956391422514216
23.301591149933955,21.13818815892517,22.29170103742246,17.68426998358072
22.96623508813642,24.40315659819139,21.09567622693459,18.14717800635726
24.82917831311575,22.46363644795697,23.14039641599459,19.051953544878177
22.904323177707,20.610505101039536,18.801448815957425,19.871416165145977
23.918509246680586,23.1127179136064,19.621189708955928,14.226888991731022
25.869343129157723,21.03452501809619,19.24328257636056,15.210659212839431
24.212679113012868,23.567951282553523,20.74650220388726,14.760106120297984
23.480810926174925,26.89553385757792,24.701033465738448,17.303718165989352
22.033142542993144,23.613823865273257,18.642948739588743,15.657341694485154
22.20328966117817,20.10669081174884,17.8913831495768,14.657663452167284
22.80535005117279,18.85784076058384,19.19524904633116,13.84755850874439
22.08822737968524,20.84071226742138,18.69399905856186,17.44426807047407
19.21166846507484,19.62057259961742,18.887293646096285,13.869999885440636
20.893226995376526,22.0396974694094,18.44852425141509,15.033749951366175
20.22874058196892,19.100822805480888,19.3142758962976,14.672260146315873
20.94480108003754,19.67344584633232,18.449943135934863,12.983031819294087
21.61621842239228,23.074448531915483,18.12581657684272,12.972278010420624
21.15057432966861,22.366385559301225,18.501826914731584,16.49851156989536
21.31707580425671,21.82014844537414,19.951125029582727,16.00013599964292
21.44161524857901,21.5432330574082,21.38174744494484,18.47160423241619
22.431646139094312,21.095787441582114,20.53854004709154,18.69838928204617
23.421354855771416,19.13830794115441,19.062078650683628,14.250981231803726
22.04926114348948,19.99469672750579,19.725869373700768,15.36990052634506
23.415433759131872,22.41758157837839,16.731590878981297,11.741290882758504
20.838645262106688,21.274140875763177,21.34327437868164,16.239292679505017
16.173605458072057,17.560312594048092,17.449115462614945,16.72869805314887
14.399619457386391,18.70765115046804,16.139330880066293,18.561740943613174
14.366940888265056,22.069258706651684,19.66711527429989,21.502933418794917
15.681545122744808,21.605220704291472,17.85522915052341,20.12512232003181
15.36662171761092,23.244904761124836,21.79817579188256,19.979935272826623
16.121362687626632,21.698842589827795,20.01292417720771,21.117299817985263
15.993056493813649,20.905753230973517,19.641118897037256,20.880960130654504
17.515882031753716,23.076755683795948,19.25410478452685,19.29887718851163
18.613836747950543,23.570295075423967,24.192344750564114,16.962519833926976
18.757538600485148,21.495066307138927,26.227581689368765,17.740096151995076
20.212036338605174,21.940516300689023,23.517343201771546,19.06659959932281
21.059190768301608,25.42817603626209,21.922877731005357,16.875431940021077
20.9402190469883,22.91635818620596,22.098673657414565,18.70801864657121
19.78217518985153,25.76605603123875,25.017362817859297,16.437328576110804
20.91931429592721,24.747134222373024,26.61512978324352,16.523600389301205
22.47874248428396,25.82838545919468,24.068411484251783,17.567191073284935
22.744688969608248,26.334567854934704,24.735838784860945,16.056915561706536
26.347838415551934,24.45906100179265,27.55429445397665,22.35938557737859
26.24668253103759,23.9369615101304,27.973081489079167,19.202214480653684
24.75196188802506,24.20557570064712,25.05521154490012,18.82872905238559
24.91342657181883,26.936565636538543,27.474864255322824,20.996481642737265
25.559292313965447,26.332762858775244,24.70272275144021,17.282705039316312
24.842238731296845,26.54901630159501,23.9638497761834,19.995750406691997
23.76574587751394,25.476834689119983,23.96788211408805,14.750349141790675
24.82453231554675,28.47859682869125,28.47046238806108,16.565734525147338
25.12846184557806,27.86142950033508,27.67755827627641,19.454268034235543
27.16953480573329,26.552018438686144,24.685727593398266,22.93176488740337
23.13148823637469,27.969069616471327,26.16631029925071,19.57534831785453
25.684879110939992,25.37387421421353,24.657352249427017,20.978967880567357
23.387649129142464,24.60159017114149,24.458530530994757,14.235126409680298
22.690536168886112,24.0538859393737,23.878989299667637,17.039088559829903
21.94479954958648,23.23167346530681,24.235809208608934,17.5750893567682
21.31108821408217,23.844307270018763,20.625597373331196,16.751799319307587
25.142846883903047,25.708740475675253,27.36880643539435,20.297980299648813
29.875874244402365,24.442024652482782,23.63063894254482,19.528616288540917
28.8952589934596,21.677842799790174,22.835797250226705,18.946522923715936
28.45779204350391,18.739672175574068,20.817982806096,19.076840027539635
27.2948667934686,20.343512779116413,21.744158579875787,14.868925214653013
26.665745372553683,21.416637847614577,20.8186109699264,17.808750144803962
26.370177043774376,21.346535399424464,18.652770826031304,15.281810012222252
25.732330125557063,17.57759438626889,20.71363477750751,17.759186634396023
25.301422238083543,18.46905321783094,16.715204328740317,17.803823693137385
25.218422663403462,21.243492860322384,18.17664159000351,15.198884436495694
24.932532314740047,18.48228140873869,18.110506966930192,15.727769299496464
25.33355537969643,18.30028447683726,17.796002034226703,15.295476011449006
24.464171066936387,19.01723619363023,17.2039186662148,17.306086136442506
24.31911913563943,18.93679867018139,16.606871176062494,17.48314580658096
24.42122939938253,19.835168398644758,16.74338217353058,15.516161135015372
23.86508932868484,19.838990938103723,16.782535812505465,18.290388199432883
22.97406867714072,20.729448120155364,18.629217563995105,18.81575268960023
22.559867735056155,20.04406956264984,18.34980571539329,18.174220804913546
22.238592375372388,18.465600576877318,19.617200967773623,18.66528422384832
22.90731283092464,21.33070020208089,16.50310239165543,16.440399028121355
22.85339535168519,20.301931627298934,17.150594631351318,16.42242124960079
22.75702326233429,19.39135864524855,18.552355838120008,15.401005802586726
21.916281234026115,21.1965250585708,17.961933618652044,17.48480581257628
22.049886101570063,20.53731254946122,17.26122075490567,17.255631802668233
22.46421464352341,19.855774688746124,15.541934567455568,16.763278431139604
23.306170063703792,20.48573940969693,19.27103101189877,17.43514886801809
23.85592728926292,19.8688421344978,17.052068132492778,16.639522830080114
21.828317216729744,19.92998766345185,20.107057719538776,15.789389284016863
23.71736498356138,21.49893544401752,18.348333779822145,14.343095233884412
23.687838098754643,20.3923471268608,19.45788472582654,16.711003312823788
23.55866969316638,20.28240595136148,18.081462393138526,14.816963735066054
24.95197281410051,19.14931933282192,19.740076474923203,16.794338950277723
24.89703874029446,19.681385775820434,17.927206353521168,16.674470609421615
24.829094417130147,19.492286056477088,18.378889807478064,15.790279180983832
22.866661552970417,19.10549446654051,18.621053959628007,16.334920848120987
13.649593114353088,17.649678081714956,16.520627409272972,17.156514092044933
21.76389482821472,23.029187436019,20.130456547535687,19.44590996779533
22.100839047966957,23.73634592314309,21.961941441417498,16.070550724409756
20.17855159457046,25.165432534648502,21.548813862058463,21.074897365415715
19.872825446480068,22.501390250224706,22.4008397436566,18.476819263470286
19.54466007941959,23.265806514768787,22.954239016842497,19.934825674974224
18.918287658387143,20.113790014375805,23.7235093164259,13.625560186944035
19.32275718190122,21.576188830546204,22.316854416629976,18.76044112160176
19.933003647879328,21.04313407898383,21.09082379944396,20.3753642486098
21.915022112597796,20.34511248000584,20.323165766422164,15.455765337114096
22.30760694999748,20.066104810771478,20.960635825685102,15.79245460983914
22.323106404406712,19.86199128717672,19.92223536210244,15.550358712313267
21.828644962666903,20.90867076871181,18.14676984175857,18.79735222103493
21.149777496183845,23.317960241540053,21.33045146689641,18.29639341661085
21.165438276167396,23.38663680201228,19.06600849687535,18.78971555920656
22.2692490056417,23.083764853524787,21.499282509466667,21.120874576157263
23.944296984890176,25.655548998599567,24.061741838229988,18.19202246691887
24.4403466626933,22.334279404351665,20.60852419931227,16.78701749949006
21.686363636890597,21.213029741571987,24.230576605757232,20.11678286598789
20.889167854302872,24.10369900170993,21.82264502383464,18.303655837542816
22.21768757713865,25.23167059401386,22.632642571792346,18.92556702153243
21.266752062426978,22.613228499836836,20.439526662823223,21.96632324701716
21.09767198899448,23.20858036332952,23.35815397490302,20.82681885685245
21.771993130569395,26.85356905011249,21.971381240370107,19.448196535358463
22.20183385061979,21.377422840866306,21.442386774735407,19.825582058989117
21.98578560413525,25.21464575658348,23.814806288318778,19.739888021667788
20.02032476944192,23.177221031598304,22.629715347154672,17.838151301291955
22.76722019051936,22.95568950767323,22.00425743800985,18.707118918543724
19.588671582333067,24.362512894306786,23.77017394604988,17.43163443582848
20.41736156081222,25.466247019547385,23.12821960142877,21.15236072604984
19.782362497008545,23.62601111088647,20.0203036938404,20.12955958035516
19.89761747840419,18.56286415392898,17.958013276602472,19.694950989607307
21.04948639131822,24.553683804974884,21.032543411005182,21.61508719582797
20.36263446101434,27.70943615917088,26.438599107152253,20.9090182799398
25.055631988712307,20.584658732969288,22.980570824271776,19.694091626738587
26.11837936863898,20.805863711596444,23.7989645060146,19.43573283455852
25.663850764275534,21.70209542483514,21.656557541524197,18.94566459833956
25.835201887206708,20.81252445977686,18.19677085835224,15.569338853828476
24.475915962808127,18.94042510279465,18.56402350225658,14.938494644168015
24.420287737776423,20.96830899794028,19.892937728794823,17.69239943100971
24.764595549717644,19.635104623716025,18.393464214889114,14.141368212085872
24.59245332612188,21.242001575550265,19.613823600204952,18.02931770897149
24.82761755802701,21.35557446920917,19.85291080209861,14.30722032665264
23.352101024001303,22.40680957417399,20.995522417506805,18.289827013686654
21.926708325367684,21.67865411778681,16.69449195963307,17.013875887955365
21.68506461854868,21.51228864947609,19.00947581763526,17.464368128983796
20.93470190504884,20.042513701947065,20.829328835273955,13.682725549766444
21.335330043218807,19.204344208814152,19.908754781099383,14.966908265217151
20.099977320222063,21.722073224096626,18.53537980279672,14.258107251787408
19.33153982031713,20.3129651163324,18.419874599861032,17.274685758246804
19.42183911730376,21.575600194363695,19.46020851637197,13.51250175247602
19.93506627299277,21.20534021298778,17.99896489804237,13.80978905433605
19.34207692368044,21.940947003474324,19.379919306603917,15.972175051518448
18.459512089928182,19.512144110128546,19.45235042874105,12.909282832730645
19.234824130803677,18.593318063226693,18.851414511803025,13.487349894336342
19.555536208395186,17.511875816470134,18.413763737672078,14.649779772397515
20.06560190230931,19.736787340501976,18.97357123645056,13.765970045803416
19.81765579676637,18.195359737369117,18.91995755433624,15.566246484223411
19.938672260543004,18.376562670017748,16.915282763610048,13.921756215395137
20.40029123616752,18.997641323134847,18.681428563192814,15.787825971496462
21.071734873228465,19.101827032137034,18.924156794879877,16.171812878548074
20.227571098076503,21.077339806969828,19.039137368198425,14.258503693827024
19.746273713740678,21.00413092484608,19.282146639880768,13.88223649047976
19.74119069239992,19.674169803284222,20.27786319910452,14.717049271637691
20.4031115416082,22.90184370274517,21.497766465923547,14.372181896412778
19.876502605631416,23.11804622260705,21.19501944288752,13.47799476129967
20.975426876900965,22.31307890256848,21.098734734647284,17.671878992750823
21.98026927322128,22.112995172773765,21.76745131876193,15.872960773459418
25.048204600442745,27.7711015117946,26.93499382630296,20.491664218451664
27.29137879720425,22.07416199927808,25.76759735164216,19.03775316658673
26.68161447970043,24.0112266990914,21.36108424688175,18.522846099086014
26.91762073472469,19.11914412185262,19.423922725304184,16.453068339233372
26.637086604890616,19.708722387288397,16.98356103102165,13.559810064283916
25.566217408829413,18.13380991943895,17.74694090984814,16.931667507846637
25.8132216152199,17.09615780886431,15.897410337033312,13.775150729232026
25.971851548151744,18.858356665615457,19.408948760988267,16.68366651314857
25.6809385230934,19.8003546945996,18.6626848651276,16.742556549943004
24.343274181958723,18.60006522799233,17.29781121530949,16.290035145706806
24.034875249652004,17.846731905996283,17.126406255193512,17.035160880796475
23.89238262844484,18.92415531420988,16.867557910770547,13.570281851080829
24.00524937769464,19.838614476306983,18.274537518993306,16.60079761056514
25.21245577170809,18.92898380107593,17.175032893407007,13.378718691337292
24.99740978093321,20.40877949313589,15.729666192180472,18.39349473675148
25.923913158273155,20.42842099826929,17.969089251740517,16.95638971547928
25.39937942380723,20.13598335085878,17.30956910283624,13.76499828398976
25.85427156331352,20.72987867801107,16.475769431296424,13.209054292061673
26.23824267197409,20.54060969994501,18.915442069743374,14.088626603658588
25.300328217865346,19.625486584659857,17.40980871745619,14.993490613297608
25.02783023933424,20.641979965819747,16.80211289246815,15.038746100972922
24.416742546928518,20.919529154096026,17.133853318341355,15.178764384209192
24.646884664731743,20.90477670433884,15.975376401826274,16.06034071624884
23.825960555842872,19.161974392408577,15.220731851693268,14.554649653395169
21.2888077599864,20.263436747592248,15.911536620685256,13.666072837000492
22.80672232203375,19.42803537416679,17.10566917893585,16.255072773536416
22.92749155404039,21.568046178465124,16.676406249741564,15.54238521118779
22.58162340106296,19.160120136845293,15.408096491929328,16.4845641243855
22.70217841472676,20.56990184885863,14.945847598031884,17.024026534085067
23.69262080576367,20.82919938528758,16.400217439555604,16.537938194983354
22.9235288458234,21.169109972141054,16.26564244280154,18.96893198661002
21.670912996025677,21.790867382265063,19.403734909957876,16.52122189480912
21.209372372720523,21.989968413967603,18.32828801242023,15.014892729233976
24.0046734344732,19.619995079021777,17.686012313447982,15.026261722490617
24.59337031851409,20.40762620040697,16.49794751396067,17.720795589013825
24.23239971926583,19.725364003823696,18.28232245670142,14.453845800780108
24.4755402275338,20.886890545992,17.053491385944508,15.39471896458337
26.13881202689688,20.742754479517927,16.762534761234402,14.044282996803767
16.264422997470554,18.66808538295322,17.778873206269655,15.800837570169207
15.331296206444437,20.84260340597827,22.82091817947075,19.779523426136446
16.657770610048402,23.10969794482536,19.727968638970097,19.872667301328068
15.558511851971348,21.68894408230834,20.90454492500736,22.414811797278897
15.79323839860008,20.861899470882392,21.937062152784204,18.994325862024443
18.17808033293056,27.343607172452604,26.21524639585465,24.78290060712502
19.14271165389305,26.997582442283026,25.472334643459416,23.76263018260185
18.694322133168438,25.236798927238382,23.289980498381198,19.94256679758677
20.19517473585462,22.37834748252388,20.04759255236238,18.03152974621847
21.362635109113157,18.805511620321887,18.02525299414793,19.84418142131862
21.02416851407223,19.64541057564825,16.506079290599178,18.14732344455414
20.709006889923145,19.596008758493827,18.845307060089574,16.708405019367472
21.52553318672692,21.23611582814573,19.288037948145163,19.283976273090357
21.164604601866756,21.641246901261532,20.222499670431954,19.046396004886585
21.150591076116395,23.306731347204643,20.989088081334067,19.592663398755025
22.629662611702724,22.857250502063494,23.27753008647194,19.48087258124885
23.815689885175686,23.18473601202847,23.42642106398957,19.62084742936645
23.747250295239866,24.990365060581485,20.478726416968104,17.657418652464887
21.371806231708963,22.833663890617505,23.93141254323564,19.543512932411417
22.5101766682826,23.612521691560584,21.39684224000612,17.58660745415435
22.77960778448502,23.557410779277813,19.415572328597985,18.927979324946836
22.924599137909723,21.517741988562857,21.997634570606127,17.906876895789484
21.437788467041525,20.588429297806474,22.11733895371608,19.7695223238965
20.565890998148458,21.73627622563035,21.05689017529888,15.625692775387868
22.134222239648512,21.90180163515821,22.258132692387832,15.582553874336236
20.096493038836098,22.955477397392027,22.8978717373535,17.421025299595602
20.10209091902642,22.428220835391787,19.7504675123358,18.711873679574577
21.619964759616973,23.36613462635904,22.59886838958106,18.8417873463665
21.7302729888093,22.73330822088539,21.53531740013836,13.811499905523826
19.98191045822528,20.904849763926077,20.70721399232576,20.12404769568811
19.16654252683024,18.97437033764517,19.40641504870368,17.846447959750886
18.71261469350013,20.655849609344585,21.15647299717898,19.28671675936342
18.61355230967193,20.491467356976543,20.37066743003432,17.097021205218123
14.708374261806048,15.994292344086444,15.55588615251772,16.79945422346439
23.52299089112515,23.9457902949915,24.782500953544485,21.940206860849333
27.308490134320756,25.035426074462496,23.347555732038728,20.87340719882976
27.91744895955847,21.760103968898974,21.512050590823566,18.74765667790812
26.85721862071981,21.01435725391222,21.410207083786627,14.219377518257753
25.283214758155022,20.382741272594696,19.794318355908747,14.052082335182613
24.886693819151137,19.57687604864125,20.243845233506278,19.199645196796755
23.766080058251195,20.64218315714152,20.132082636869708,18.11260788573269
23.51450327250089,19.00831033729924,22.12336833644042,17.108943802145294
23.147898330250985,20.292268427572115,18.873827928152764,17.92023697836152
21.72654778443342,21.042813194007348,18.956719966128954,16.574847612374583
21.41491376505188,20.051096889348614,18.220735589897668,16.82591619680768
22.40755414124128,19.13491720795182,18.910623681321272,14.890386699235968
21.686278552141108,19.646724016270333,20.503646388023974,17.51703433212575
20.385003194606742,18.979039178582852,19.30171132670528,17.590706545704183
19.89220463038271,21.21970391967112,17.825901377993407,17.529812026306715
20.120985216194807,20.70826160267496,19.447105908064437,17.698550488335943
18.74268091897381,19.59929996809309,20.797218820859907,17.899231387385072
19.107869791635743,19.988029038500702,19.494056230356023,16.386616481095
21.40911117235464,20.453527061419447,19.589732750522177,14.903487850233809
22.461029814312127,19.53789749336641,21.52102900175888,14.298350116000492
23.01431273856906,18.42430054207277,17.116988370595816,15.221150832698024
23.28182438716328,19.72387291647941,18.54712726716433,14.87450604483308
23.59211853417114,22.247080009710142,20.09219086409318,19.212035894531198
22.464601098885726,22.155808579578025,17.194170642136225,15.438872754046054
22.4816432184485,20.51984273320201,20.65048043130182,14.925342567799127
21.978096711718823,23.32698342839237,19.654312711158337,13.015428720904142
21.705750857849253,20.946933397659368,17.31584864331,13.594261746279187
22.73258921491333,22.785171658211,19.54370919145973,14.44483984296661
22.44859483564976,22.90329372519423,18.202418577289965,17.951864724239684
22.90944138706401,20.94754559515888,17.08670857001538,15.2151668425214
22.85329337374052,23.372427991202187,19.88344480593089,17.26621322509702
22.45501038224809,21.70026357741221,19.42638332215005,14.670422687655956
23.295367109919088,21.91512429015896,19.87335649574636,13.15234231572878
23.882412291199017,21.496318463146405,17.326038780843717,14.25285711491879
18.918510706261632,18.411736448211204,18.97128271400389,16.959887536561666
20.05910957788473,22.83032227888441,22.04326175417926,20.60225499314516
23.55734382628285,25.45751340750349,24.908715417594923,19.903794357461475
25.94993452648983,23.348540628810824,21.996459372740883,18.28949453044784
25.125705919809192,23.57739272733515,21.53942985096845,19.799245995001996
25.734162466735324,24.633096013146588,23.15734672078969,19.589673257774763
25.72306280209056,25.072257879102647,24.04347523551044,20.14571864913846
26.228923145190738,26.63376292536383,25.3286113951386,19.607671246852547
26.677651572877284,22.483929810161413,24.27333654552412,18.822009305857623
25.678687622000425,23.660567852483297,22.239361849206063,19.18878617622646
26.19364357581719,22.23690026869396,20.54095308789596,18.96458319434735
25.53992544610718,21.955660059267785,19.67876813393449,20.04310969870262
25.485361788482795,22.3923875847167,20.471380895570245,16.259826241576828
26.106950581559506,22.458694628160945,21.61332253559213,19.53516224356484
26.217072811659488,21.65715443128073,20.93242096665836,18.449067170939827
25.405902776186,21.97005315588892,18.230940350101964,18.200835094339595
25.664612664781128,22.722306217353623,22.69468922264084,21.90738476893415
26.18642737651133,25.604894633203862,23.05106012398948,19.08017080089761
23.822202867746096,21.91048706165216,22.58634057615728,16.11590782226942
23.578912915850733,22.42836278178665,20.32740700876604,15.798101596107102
22.401314604484384,20.98276649164299,21.47741953762724,16.97767596461303
25.03594058072801,22.21216139028081,20.642810350078843,17.37417270703635
25.518031149888543,20.499003478926767,19.846627577785853,16.504427538711152
24.961485686043265,22.29350244430873,19.721004145638044,13.728204656002369
24.395262916220645,22.226481933903692,18.3374987745976,13.41628293716154
24.7295766081616,19.75987372163539,18.68359976422373,16.727665771239867
23.21864191038537,23.530925334271583,22.51649351159997,16.591267518910524
24.171913996901896,23.1945774939946,20.428545762576917,18.81382580814425
24.09348792665737,22.858716182048777,22.622810003245963,15.45438085983388
22.633519837016166,18.78517609398793,18.922783251047104,15.307928014934276
23.878542188976382,20.395481848112983,18.77732374447,12.704478439630863
25.20290830074485,21.721621310607887,19.19348481643909,17.422332691275795
25.073533157607432,20.87609071520048,17.299676356872983,14.15762310570062
24.62792766906267,22.20408001164768,18.150442241705655,14.156940312019564
24.51151752014184,21.082081175305287,19.06898997148483,17.129371052594063
25.465074684198143,19.6734840478816,19.178793173375205,14.594339932534218
25.806364296233813,21.473684719237745,17.741243658055016,18.513930414010648
24.73334645256281,23.09240025747086,18.35773936229896,15.422773375465104
25.79339114806731,19.72547121517798,22.344164767260896,18.82137025765372
21.82217557627631,20.206347508326637,21.533598527208422,17.300423440426442
21.30116664624021,20.826627006592044,19.976696035331827,18.11945211056061
21.91992633873504,20.54079850478779,19.554939737361,13.42850920045597
16.41958389842469,17.96695896100984,18.203050807743814,16.63960638712641
16.986352823051828,26.35535680380296,24.12899374008855,21.10228825252891
18.65378526346135,25.00784700409737,22.41996617490919,17.95914763302669
20.0105782247279,24.263002473077247,23.071614348886712,20.08825953672155
21.07665855173669,23.25154695217365,25.659983827200776,13.710664092757932
21.54714185811795,23.5278432809452,22.96840057081996,14.224896059913704
22.60756557179405,25.26361179872769,23.905925290252373,14.213699981922316
22.79290373490666,23.40082587598353,25.154233203528705,20.240800620985173
22.780843733467304,21.40223469125901,24.30848811436354,21.868027949251054
23.0991817099884,23.382964380302965,23.87555511193915,21.000567091394675
24.303494618288862,21.3691155096076,22.256796601411214,19.68058130033564
24.46329517608769,22.950844282330696,20.82047081568089,21.50793484679309
24.253508282349795,21.79595860986588,18.81625088792324,19.472965528975127
24.777897904203027,21.52473698500644,20.843183230515905,16.928799428934532
24.474011935153303,23.56759200861764,20.189354310482976,20.30160705157084
24.267941571134216,23.560169873871143,18.83075850781876,19.1560699541149
24.26693983928805,23.964633634508928,22.51760455679256,19.991858413742985
23.87436206551125,23.436265062638427,22.802719189250077,22.460091393427305
24.814657859885184,23.43872374057104,22.21916960795157,19.00384964849154
24.49835497722504,23.58288603726716,23.53890967071561,19.694826548778472
24.537877608372337,21.366555617505927,20.24107328026811,17.226655453754656
24.91971349845285,21.379111921930065,21.071904125160952,17.566894357620114
22.59155138063609,22.20234376516737,23.29812284846797,18.440260068992977
22.28859928794247,22.5479153445537,22.97793488172196,19.41734871424817
21.99211011765128,25.01427343403885,22.8306294709591,18.44833196776773
24.907521784953108,19.844348999808886,23.72346309800891,17.238790650437405
24.798904926184782,21.737566215986448,20.469170305771,19.47337247862261
22.23157524707278,24.217077064776344,21.696065729343918,19.271688117686583
20.52984824298116,21.44196293430979,20.83770819045045,15.103027751977592
21.72139671130783,20.76308356945713,17.77364071649522,18.005938981234383
22.819970206427456,21.70922411461974,18.677718572606583,15.268518602496812
19.85552091425256,22.579759752879266,19.46418663237237,17.741525957601112
20.47629209810771,22.77245786310857,19.45221986991776,12.354546517023914
20.449966394263985,22.43881735191556,20.46714661983315,15.838668115278274
21.632354359694364,24.407344846512604,22.941872626260608,15.287400082718564
20.655259335465303,22.989046865663425,19.459756987846838,13.309120465087323
19.158923219800588,23.382708745607857,20.16287051420084,13.182735598843813
18.005310131324865,22.11465721019827,19.0546036271906,14.737426208554185
14.352190740742328,20.233272409627062,21.608083629624485,20.892433433021864
17.022342260903454,25.1183351913475,22.6767363310562,18.883869917089225
15.720995320802436,21.84471137417235,16.669655924340102,17.885532681789098
16.039176167191318,21.96241993788961,21.623317812953644,19.16780900677316
16.090816584423425,21.80312213457125,16.890669534711723,16.876189532857822
16.413822381406796,23.546735241095607,18.902046259956887,21.734487850746063
17.61065793992445,25.93236932747621,21.53513889808151,17.515526186638336
18.900555144366983,22.12930503039597,23.888344708123665,18.866683039494152
18.473968731351544,23.05136722840875,19.647974644025695,22.090089206256923
20.294545456071067,22.08547977588388,20.152537049917505,19.05701258106589
20.15817490810229,22.214483476811537,18.92569957961328,20.53145918883527
19.725078536170276,22.45203586339589,22.1449184691144,19.75325588869003
20.252400851093515,21.163075576139576,20.71890586624633,17.498221629822456
20.61777862687737,22.098355852061413,23.42221244064972,20.46276471565877
20.577954999957125,22.64508265540933,21.82976551318029,17.985914370155495
21.101315931238837,23.9255107390024,19.39711893828283,21.820300945140986
20.33477916911285,25.308243294438302,21.530858047249467,12.582658278354833
20.61726308357236,26.715243959219556,24.66665974217033,16.86061848550384
21.43055254538528,25.920183181155185,22.082943541917142,19.661126710397824
20.728347456838375,22.54311964022088,22.39160128993826,17.86151218337567
21.086562492302324,20.814045779011675,22.70041958980275,17.60459238289152
20.54024798562915,21.30462243609775,22.43229521910807,15.7678214437188
19.941422633227138,19.43179362513502,22.92760411186074,18.413689075668227
20.94231223398721,27.308657611959777,22.471392456927717,16.363263014694308
21.1577107837538,29.17796932608941,28.62432576765613,15.69908473565804
20.14709753415786,23.716667754824268,24.47501839046522,15.511254943205827
21.841241123486707,23.983107251981448,20.547006033448305,19.163407250608675
21.09278627005624,22.70163574572684,22.09579639416458,15.190877404736938
20.871596797841924,21.881534972102678,24.102384792524248,20.55536003687161
19.696667431095303,22.58546903101641,24.269410502566263,15.055363145751748
22.034178146460437,23.3132893420965,19.631641658522717,16.503516313689964
22.999437184035894,21.16379554387113,21.517040871502942,19.19652288449272
22.67986831589695,21.925024744288663,19.850745514373468,15.312840148199564
23.50686853803911,21.203539612439727,20.28218414464161,16.774630072562214
21.11207132921405,19.745582131695997,21.68431522195894,16.6934852988621
21.93888963908616,24.00413674373449,20.970357963288013,16.29911706279975
25.928712707815368,22.17862636840993,20.17165845306405,18.81068627017142
24.069994825506463,23.7868210714376,19.4257699004384,18.207531492986806
22.53140460154992,21.835075612567056,17.914442003170084,18.285106066901623
22.186413884402203,20.59442063375868,22.8926588722744,18.655700267675
24.66292680992534,19.91068215623491,23.345351135927483,16.038592388281533
23.4681405279495,22.71466464663979,20.99464027125667,13.145175539080562
22.596846707259186,21.151778286597143,20.81769346652874,13.923393433951844
24.305748543052182,23.702451469361225,21.391434449406507,17.571975522030044
22.51285079001234,21.809621115252185,22.196926422964967,16.308427471337264
22.602259391673865,22.705855321132763,20.15300474119212,14.458867833651022
21.893709811882005,19.568665053409227,20.829941655902932,17.537596747182373
22.938907410552904,23.286695051550534,22.68137685751623,15.498821759253032
22.034021453740603,22.50817865769471,21.45806676808336,13.854483828014864
20.75251080412251,22.79256306404119,18.95028338618792,20.008847206320517
19.685892234649955,22.322634194062207,20.17317137724892,14.511262949787112
19.724479098666414,22.147534236903574,20.77865227402616,14.046268378515402
19.80977243789637,19.942577490881323,20.18677308539658,14.84045204222513
20.520863784560344,19.7074799700318,16.78760662779098,16.143726411895088
19.284128832556508,22.40281610946757,20.586753600473376,17.078227729608205
19.10007091173431,19.15342967944787,18.08147980228684,17.821602627244527
18.223888732054714,19.858545220679115,19.124533593908925,18.326144455768844
18.03603262873961,20.33605548445029,19.094281421500444,15.647332072084543
19.18300987629516,20.61691204515329,20.263475062032665,16.892663997932882
19.53299712607892,20.807228712893465,18.96378273518724,17.257465276548093
18.449536973626707,18.90547754165016,19.405147689802448,13.754816264148904
21.096762646242105,22.937750979932755,19.080143989736666,16.09332712247597
19.396972720086087,22.474944481780145,18.91726246655782,18.344733871380782
18.18966816210199,23.272655503781618,19.7848214957307,13.642254611548076
19.21753137872089,26.88867155067727,22.637076043327287,17.32929582525304
21.63855074418431,23.240851372211345,24.241213087096423,21.527757193062524
20.76353840456245,24.03732158650429,23.43049153416395,16.42154222351457
20.81090408215588,22.6528664901323,23.45067108692774,18.87807095677164
21.243481138933408,21.49068989876734,20.55224224347876,19.608552381377702
21.849684429162284,22.884445258764817,22.316967431604112,16.422604369694504
22.017776343105783,22.331903622600425,20.574342833883733,19.180672453103465
21.74813748734216,20.97772953713369,20.139385276428865,17.544600354091703
21.355912473589097,20.46494384270095,20.54892552185601,18.379780444539865
21.596309743683364,20.422518767062527,20.65778236854723,15.593465797507504
21.91439749088977,21.70593398737753,21.12447176664034,18.00420958608458
22.53983882120329,21.662137962368163,21.45752214855467,17.83237464588154
21.60198929792944,19.605945189603197,19.63654511227628,17.612115776305046
20.78804050165184,18.23508933229629,20.19305761625553,16.548916317325883
20.390658905121608,20.52749529108093,18.47728812963532,15.722914587741926
20.610006717856542,20.203937342888644,20.01293720681535,15.057170977168171
19.83516067869282,20.850624630077505,21.278928606768368,17.831902772369002
20.91070908483736,21.319334539189736,19.98933473438679,14.98098618582207
20.948332745536582,21.17792379528544,19.25997436153037,16.524920914988684
20.758722880471755,18.51081480964787,20.519625627844587,14.715465145650242
21.59049987894107,19.37484770964113,17.93904464689918,14.613324687493815
21.177015467338947,19.59591479666977,21.474964383352276,15.189126671428784
20.6165061945888,23.002125727850256,18.36929726440013,14.21068837373713
19.83278581626244,21.373309450142216,19.99419000768385,18.21508141511922
19.53117263383822,21.52711900948036,19.405685863237007,13.91807239800751
21.79891134622079,22.06191088084434,21.00537873391926,16.90725566876814
23.00061895660084,20.51620591993476,21.132053770348158,16.483298496894793
24.175486860641467,22.414025099967745,22.11790481698286,17.06489178104611
25.325772452928096,24.52972103488336,20.05543518972948,16.127240558271946
24.70196171627369,23.726030908877608,20.212864698373213,16.33360350320145
24.730488000535093,20.411755264226045,20.29624866574672,13.588478531342632
24.667393520368066,22.059586333195423,21.79421041056447,16.3650504680383
25.212260050923856,19.848347862471893,21.723634954037667,15.023681939933091
26.030089552627725,21.134126449216144,19.59366232127321,20.764763245649792
25.14843407869969,21.49189102210028,21.847836398920297,20.537451218384856
23.970411917056406,19.644711828529307,21.2697674076338,19.30329022857244
24.31358785236901,19.63908256862506,23.24637521750813,13.66656015609567
21.95595102473371,20.637912754888127,20.402146018435086,16.76696910920933
22.074911184036942,22.375022061218647,20.84223939953445,13.770676067694088
23.81268102542357,22.07825244604217,22.55893587938029,15.797439453993794
23.30211312344853,19.561479048124568,19.2217930474522,17.19932229954745
24.74258696594836,20.438097836870277,18.40815768100583,17.60056382281278
24.38959907189,24.62853716541008,20.49393976040186,19.31636875738556
24.60956764024828,23.50041469914816,17.540105519804907,18.94287190014088
24.48999712540457,23.639776183406514,20.53730972764477,21.14733130945237
24.7920495581676,24.741466804289715,20.95174931264772,21.111887985620378
25.01550430997377,24.18580932204405,20.938052773094054,20.600929994929697
25.623246468278936,24.5066554706244,24.125876330636704,18.49797863408896
24.6780728262966,21.912449602010746,22.33714274588596,19.79912536136964
19.667842386653813,24.313212458769343,21.61390524505195,16.234071408230104
19.747016962218485,22.88027728715714,20.712350634886462,15.825878295700956
18.762922723164056,19.4504042554544,19.749036676533752,12.533878828061816
20.283505946977726,19.88031276791192,18.91914039214038,15.128594930196968
22.446967344295828,19.84646213610023,20.086292977936413,13.741665691860682
24.64926338536564,21.81491987048599,21.93235070592982,14.602839806929978
22.67478910040089,20.68978878106022,21.49076396932898,12.605591105788465
21.50513096807,19.350943187768465,21.428156336444413,15.88538516679688
22.5618851569474,19.312374032888773,20.374694278256595,13.6264559774526
22.51537327718641,21.078102775965576,21.269275707716638,15.844847457548004
21.85145818233544,20.64962841068375,17.6669232277134,14.653721588517948
23.088189783121116,19.82119020748355,18.525961744222336,16.15407700300874
24.71324055814872,19.493675181619533,19.135564417410063,13.783463165499796
24.20296982635064,19.34108557403479,18.640062091541164,16.861563873340383
23.82228726856873,20.35172976195636,18.684161201670104,18.555088666789445
22.968117460759306,20.89958625102885,18.998363536616694,17.40201854744362
16.66319212779157,17.261333676446142,16.766339124573992,17.344074399373806
21.327141605120868,24.965502129798463,26.914290133737648,21.176637514906453
26.57953937831296,21.132431610495576,23.417205179160547,19.54145012587305
27.89867570990773,22.689447613530376,21.4713497890467,19.30998030464893
28.250025070283524,20.706899306362704,21.970854636630005,16.865145059893003
26.903350776726057,20.80098555263766,18.983593190763692,16.89270621420671
26.585163328963404,19.90663012668525,17.36912931424241,16.049417675471393
26.53713980598638,19.30104529167188,18.94555692146317,16.76316411494763
26.185234881943316,19.58223723449096,18.15154385821669,17.18771148456409
25.56744930834924,18.95297663265843,18.99631530877453,16.2431241142892
25.261048618852545,19.20896961632765,17.97592963489158,13.163735512647198
24.684435430832647,18.669441584920826,18.607620637917787,15.349999534107573
24.56942724660564,18.50628734416913,16.429919268759672,15.245340831430267
24.769780414710795,19.588427594819123,19.42830595529498,17.565081540727217
23.69558947079241,17.880866361786513,17.23632643316274,13.498774302249494
23.094886501071937,17.51102877361183,17.246711025207926,13.50352900442917
22.72429153639932,19.42203166608957,16.476967026185118,15.68331985560954
23.63911980807932,21.7409808834022,17.621309548952112,15.79836845985536
24.487291091751636,18.721094086768545,17.13010652131393,14.358128643376352
24.39222057368238,18.965646386194773,15.73261970897209,15.591878243576948
24.45795531491366,19.40633884003365,17.89351301031544,15.8374338269225
24.49289870836223,21.759952748637986,17.885801982559226,16.520235420987273
24.29019405076665,18.58130935724264,16.808446902081233,14.472488108799974
24.306021754855053,19.41045301651255,18.6272346490881,16.354366719590022
23.841463368796692,19.12195941467031,17.075973455838415,15.73242265932629
23.664206943747622,18.954499275154834,17.64982478580222,14.902080823451747
23.392803081110443,20.541414907821903,17.81101231783902,18.462011230170503
23.40916359935584,21.142926640724337,17.68791955348759,18.1691808222845
23.357865690661335,20.41896688351258,18.145117907887848,15.079263824652871
23.429988505340333,20.27607162180206,17.682422558225085,15.399996026654122
23.185812994935688,20.877159992339596,19.18500696712761,15.646731681304315
23.80137011909686,19.953597998328014,18.64865186802908,15.620723734502794
23.840788031127506,20.995001670030224,17.8590904257339,14.67723304132709
24.017377866539544,21.467872570582035,18.04562695438923,16.970554544200493
24.54900755528048,23.994357556293465,23.47223630353314,21.2613025474049
27.20757078372281,20.53520688010341,25.560694608419485,18.503219482664697
27.67930488378664,17.964875747948742,21.81595409774599,19.03814632915736
26.068430616936716,20.887393083494903,21.10344579451805,16.640658219591735
25.498896605979784,21.55341806740536,18.985857742652684,17.25788310454759
25.38901456876756,20.576457211243724,18.43868495147045,18.07225040993993
25.08364618558186,21.30858285192122,18.451487834886997,14.610268893549543
25.04175392875017,19.596466281234804,19.2695781717083,17.8821691749217
23.030524352950707,22.55936145916198,19.809113387158845,15.79169454015784
24.68361505683447,21.02988458869717,17.839082101388005,17.314917873161033
22.58964082499871,21.08519438730232,19.150958459059968,16.497042998698742
21.62480291829331,22.007634981687172,19.388929349209164,17.414408830511775
20.94236927271956,19.021081608922117,19.22105584242991,17.03579536605287
19.68621931017894,20.799157307115863,20.361504265308778,18.55415933257397
18.88962260374976,18.42122153357468,16.795139476741507,16.337107852038596
18.87668665308991,18.788874202097656,18.42080951116579,18.214148230692427
18.298686510862957,19.12404432212857,19.14361561191801,14.757150202933618
18.75971671835789,18.87245590827291,18.12403063885185,17.595943207837113
19.02980825988533,18.76104483249128,17.65439005673784,15.493800519857489
20.09323451427204,19.0914124099931,18.03354316583592,15.0072779579502
22.622402053931157,19.77572397926024,18.210226182950173,16.99012198698559
23.80677249788744,17.215032410933627,16.69099627929341,17.02163687364323
25.34134599222898,18.093341665732197,18.55325156742722,17.002708038510345
24.502638716963464,21.044068909109,16.768595831892153,13.549130109051124
24.76820382456383,22.4971330242432,18.381801072160076,16.016657696544122
25.28146981743232,19.649659954692336,17.93006221185603,14.190089013545268
24.947708121465045,21.21335241130291,19.25628092950381,15.358742117632508
24.653742469963376,19.47088148299428,20.55002089348147,15.876834693399422
23.29104758183506,21.780408318422754,22.10599232858743,17.957805233955707
23.957773585968948,24.828184000453387,19.894477897200066,17.91505367956138
22.597212203351727,24.48812086978676,21.90091671486688,17.00438616443466
22.96246439054754,21.71103867572804,20.453528059924004,13.6900561616701
25.05987927845044,20.719144059174937,20.16839367725124,15.097378442485626
25.939119171621943,21.043571776662933,19.667743966865785,18.453721280985125
25.960790624596218,20.947256854641804,19.022232010422396,17.896451881129853
16.419662665080725,23.195106247156332,23.16203192071802,17.39115215851542
18.604899053823853,23.88256433970525,23.330815952465706,21.25908967958596
18.93765778999121,24.944815836158387,23.999403346335598,20.84225152892407
19.556366501187384,23.880620693965565,24.300903881293383,19.615207499818144
21.27250412588064,24.269578477928437,21.08278322390525,19.693755812268645
22.59163522993929,22.828541317883964,22.540833879031368,13.641690222552876
22.47132067373587,23.32901014297845,20.113517471485228,19.823281242953858
23.873773017054493,22.610593498460563,23.08638631249809,20.53733388788713
23.654363594950198,23.60462436852821,22.951794051490992,21.03735607352114
23.694050888708784,24.04472423320996,20.4648618973618,16.48279100356142
23.01623701231292,20.02242841205563,18.6505495506514,20.542838132865956
20.157888966715376,20.62282304582557,22.61765114124653,19.984529798845628
20.84366080403731,17.410112014068734,19.90834631676297,13.679058076052105
19.256333049498338,21.451004688184728,17.87403143438757,15.322248713357608
18.94629358590309,23.364651286727213,22.6371370808002,16.86861741879853
21.769288862144013,18.870314732660077,16.93894547618005,15.212675322214698
22.00407007938101,18.688454796293733,15.898285373964075,13.08565167999715
21.125188754847034,19.273158288406524,20.79723923882141,16.40754767786537
20.088421567820813,17.959151407861214,18.391639787493773,13.544828367480251
20.606696947354703,18.77957007784184,19.568878208080477,16.751087035098223
22.316897979279315,18.61731630430762,17.159881449287624,14.22034589204573
22.635503593703067,18.9133384667435,18.642872766651383,13.672982256789082
21.18571260743057,18.47737487784541,18.58118183034976,16.078805206837494
23.27793959901787,20.327032625418013,20.644160843769075,19.013167155294685
24.196471263814654,22.192723850496595,19.122963127919306,16.466622765020322
17.52819619278898,18.077032241593493,19.00061912100065,15.635780164798655
17.049599780406,24.233653755495187,20.314880815870985,11.347470472911285
16.523621922254982,21.62449079922905,22.714348581181486,10.485651664833918
17.230137011994213,18.58336454246029,23.641596694175472,14.27116935355154
16.869031521402054,22.894924227737818,22.099774701009903,9.881455419208605
17.993597436567978,22.212337594900955,22.875854162059294,12.019480665801238
15.8832265774754,15.844639362047666,12.740632613204932,16.857424382230793
23.886038258417727,25.99804108417666,22.085158476233985,23.072770329936063
30.494150682182124,17.81141389116048,21.86673737216008,17.89045619291533
29.050393544301,20.33701746671481,19.20523005857354,18.552093947044582
27.539726826253897,17.88316962349241,19.585117167145956,17.685940011856392
26.844179443783823,16.38104658489184,19.74726111987236,16.72147198685345
25.89156700622236,17.77350847058584,19.872240017631896,16.297490610557755
25.259973463069603,17.564134568142634,17.76406051156066,16.948829112627365
25.570180899347005,17.849874232824224,17.810120417372705,14.378041531545245
26.153499968249324,18.778238998263703,17.734797852387235,16.409888814435373
26.476114865945856,19.789552700420312,17.714262297285696,14.516023540894157
23.58162576362712,19.49256881297628,19.44602648052272,17.526974756253683
24.320178219526085,20.769881253709823,17.53585812260454,15.096210260121271
24.61189035352712,21.869053009302377,21.04600051371965,16.180641311724376
25.00976551037204,20.519293397920897,19.53145425683282,19.7493024121937
24.82063634649161,21.99651444503951,17.45731010751662,15.824025221076012
23.195551731523626,21.15276295556884,18.59195142330614,16.395972069620182
23.249262385099243,22.55468417638083,17.012258118240336,16.052350703328994
22.981267765755828,19.845851352126743,16.375071912119875,19.5000622953958
22.83028932533667,18.013657019645642,18.24960179490445,18.05540463330649
23.36019507961961,20.757757800182425,17.952969906429008,15.968579531468269
21.961434238535038,18.806711654820123,16.659255417040537,20.38612836254373
21.208327049796537,19.80433588429421,16.664932141934646,16.937651695412697
22.0565346780194,22.050868409579333,15.404389577275287,17.164071723107526
22.75377202025928,21.831077182765664,16.94831830086074,20.577262364115995
22.84182517205244,18.260340276545502,15.797381410804148,18.443343384156567
23.27259986132199,19.12460796557637,16.960822888618697,17.35669823729354
22.387038493054305,21.69597679812935,16.619641783865394,16.856247272806186
22.053914883335256,21.300126481652683,16.070284196037665,19.81320594150534
22.405459930935592,22.70790640125188,18.778973410415148,18.310705427411637
22.67359884957064,22.96815323941459,18.870456545643663,18.23168284479692
23.041200084844785,22.23809947764757,19.062379986829352,16.740836659417848
22.49094940865295,22.70845563938873,19.96641621880221,18.841251316162257
23.44030069328136,21.818256986077444,19.00766230938414,19.249641498260026
22.936361960071213,20.52635018581803,18.9839185717472,17.875567022018966
15.767986540435931,17.486801551941827,17.92751325271874,16.031366633090325
16.23696081619658,21.03976548298168,22.44919416762363,19.69736583660449
17.606325088467916,25.960097525244542,22.03325226951581,18.21305980978236
16.387656192121955,24.770846315493756,23.0661925588378,19.39003192201193
14.78483878692353,20.53181241479536,20.56714601701312,21.802347067653244
16.971566814529726,22.829049338798047,23.543453006412488,20.59752525927921
16.913566883854312,24.12508723260824,24.43140856491321,21.99917420673828
16.128815584855403,22.873301653235654,21.352378620363165,18.3053619454274
16.87246387138128,23.49540373325318,24.49659072000885,19.935688780754592
16.60895429013514,23.55942552319981,20.833607451496004,20.99046697762131
18.12812114711253,22.167650964225768,22.589533657071573,20.997333654555806
18.24360038889107,24.54514222230922,21.00508192828694,22.292584926460894
18.617044926594243,26.20147028302649,25.059861629492985,20.91910753226493
19.29858150686761,24.37103657168465,25.475640821742346,20.59345713428522
19.823580095305896,25.653515957286327,25.49966564224624,16.857639876526182
20.17506768853381,25.628282648626254,24.36209796543085,21.10920901173171
21.314429010241312,25.06017269591136,23.981876883241583,17.765627555699073
22.333423647666184,24.924110200282303,23.48645238455861,18.75751311977668
21.99747790337844,24.82250521703195,25.544209807326368,21.290281361959966
23.87438822001456,26.30417086054229,26.928988173216386,18.993033149632897
24.32471856109434,25.8916892525144,24.971568765698795,17.408508273930526
23.60048589595875,25.448073892849777,27.5623900110193,19.39548318000309
23.14115495423729,26.439945321537948,26.31415291251856,20.69425977825009
21.810924731267104,24.191910199221216,22.3590119068828,17.757291945238695
20.225015630330805,26.01264227486664,25.003638877544837,15.754068690913291
20.11151650976666,22.716817310237303,22.561504299534096,14.362678870896175
20.256453324196286,22.60444472667997,21.443932700029844,15.267249196778458
17.59423689313278,23.65702582470854,24.41646807690518,13.960407270534368
20.69986684537899,20.93812267937209,20.722721437833314,16.94107552846228
19.10233403703622,22.66350985028106,21.62668988857639,15.287372923484284
20.513254562417988,22.682579732500585,23.160806569484123,14.700044229141014
20.222234073297717,20.35562364679468,20.593231567235577,17.150777488124252
19.663193313545783,21.08318480174408,21.41776331200828,17.60448220269444
19.247056276964344,20.736341225678093,17.06085095525264,17.285903603672022
18.94546004763082,21.95352733483254,19.279987994811847,16.94720258020162
19.958167845886425,22.029222533035234,19.40795146178012,15.126846303797196
15.009478334238809,22.28949380234231,22.32462771473932,24.470597596263133
19.235873631021523,23.45125535968431,20.95021794675969,10.683625233612824
20.736499494441485,25.84735601710111,21.954299095438586,18.013151094979353
23.340302403774164,22.19850459714085,22.339165084056518,17.226525932704135
24.16621435415037,22.61088945771638,20.684169802653084,15.050180315262844
24.037608748089276,23.30872869672116,21.409051247046392,15.428285810996874
23.436804674447277,22.43954135625152,22.131597642449066,15.453053373119658
22.74730739148877,23.41109432889357,23.21568609379767,14.053977856377292
24.980159541892466,22.4836493859762,20.54288467170137,18.215503479099624
24.723675029041686,21.56769001772525,20.73294606130216,20.189836966837078
24.732692556161748,20.110509712740583,19.766217261618863,18.096879462519748
24.97305424923587,19.612054236720024,18.74140061938036,14.543899992936716
25.563916067994388,19.134837521931946,19.475006773909172,19.547823345340877
25.208726761866405,21.45216439819579,18.40203317471253,15.851316236761043
25.177257781726023,21.6278889729121,20.56522534053403,16.360750052651795
25.61992300142608,21.01945187856003,17.062865931656486,19.35700149381116
25.78993434401237,23.02501180323081,20.69130844796329,19.648923348240324
24.981947175280595,22.96963127249765,20.717113155952397,17.88071792355093
25.265818344639985,22.69143284432088,21.80099592645298,21.080369293866056
23.68852054002822,23.15015821722976,22.027338460460385,14.50107661500003
22.04323927478292,20.20065554472968,20.50749011702875,12.91647504720632
22.37548978441116,19.60354110334753,18.253287181314956,16.194664802820366
20.824141527824725,22.456004598713434,21.667323653750973,18.45253623632141
21.903629777821305,23.52703950376152,19.98775425605311,13.482970352697548
22.89209562825241,20.916558756420077,20.102670295596013,20.30669929380653
23.24442873013533,21.55397654993265,20.28047066046853,17.722180138258448
23.4026952847908,19.262405164428657,19.4285273261486,13.962492951107416
19.796944955781992,21.907596439906424,21.21335812655467,13.968343143280478
18.304835540735645,22.61356214261866,20.599857055992604,13.164332825680184
20.899177226032677,21.13781827061436,17.78193511878134,16.666909624032588
19.5601616235368,18.944199512023115,20.923047030889705,13.704991169661184
19.50633480819791,20.678319719622284,19.66860631578678,14.52690232533363
19.83628217148487,17.126487575358663,20.10849317436281,15.44820217324352
21.248169904374407,20.72455092783517,18.88913999908291,15.24905531090949
22.614643558336937,22.04844005392173,21.51768429061967,16.098258915858093
24.452830256783205,22.67893501359784,20.197181432879898,20.80303602510858
16.46413005787376,17.657949207798648,18.25753492449848,17.227315789202297
16.786414582033284,26.140722878880396,21.474898290799494,17.777749509287688
20.70965606478569,25.494775429266443,23.5647020952774,20.765811195768364
20.836979861333106,21.62538266744671,21.28942741727172,20.130734332681765
21.38991051207237,24.320398095754147,24.87213388070888,20.71491022121761
22.36028232513043,24.682380298689782,24.960759361236523,19.476169593448883
20.911214975876987,22.89294692629366,23.05477353473716,19.316447889963364
19.72136957696002,22.013808253219008,25.99167916528766,16.016615982866277
20.2333474112332,21.89811468249467,22.61293566762883,17.31189282802003
21.063388477246686,20.586805673111765,19.15893786785164,19.56273247163549
21.089383899787915,21.56528482785197,19.787440192711827,18.39843312393266
22.24484565776126,21.789412262159985,22.013667278898183,17.907929976500967
22.849442834131796,21.63243096001168,18.568616579618084,19.715550898875485
22.53224585965213,21.132379526944348,21.582172992637517,20.539214575753665
22.70469499704673,21.439391851156728,23.208678870551044,17.393509173548733
22.812695000284965,21.56424758708821,23.525435946211257,19.910763099796903
22.86959708766308,24.454622121709008,23.08895524861872,19.50373488485795
21.799629407492613,24.419700725704043,21.405006558794454,19.00077461425633
21.486795689999685,22.882810444077965,21.716076820393308,20.856735417068776
22.014584591982697,24.005784819732327,22.966925386241048,17.529648216103762
22.25515923274672,25.18032809775792,23.173983450355724,17.189346326734025
24.59629665249693,23.4285612750398,23.797618262399137,19.07102039997612
25.29748011844965,22.90505116061264,21.63684409005953,20.47181175958822
25.28195803282141,22.943571393089744,22.857678718834208,14.793051430953009
24.79433058198196,23.410475340080524,22.03170397783639,21.78128767405111
24.911639439461368,25.58538395801486,23.27011305935382,18.48674472677839
25.23649909596333,25.51516383627278,23.766877510373288,20.73001740396981
23.07431476625908,24.803549031339216,22.003039019684408,20.16631623819781
22.009843964265155,23.022245657923797,20.54884644718286,18.741968763902296
21.19378822917419,22.205949854769727,22.1822462681596,18.49090970686452
20.53755106269788,24.90567857987584,21.4875302958128,20.351893079333312
21.116750009727856,22.88818508882249,19.232313623080973,14.07017606873774
20.710877205075555,21.39243996323837,21.977190025901525,15.782543261295894
21.51441389884505,23.44733782482713,22.38146863915222,16.161486305278277
20.50425248178823,27.873228927012104,22.652077825761307,14.685430747057326
24.739077403206668,23.162215604252797,23.27134321030492,17.197240091581307
25.172465441986915,24.588105552359465,20.463378841231386,14.1551086530969
25.6916654086363,24.12676891585572,22.814786117904543,18.91443608749197
16.648298313260778,18.17664113033598,18.561980513262093,17.56286925023279
19.75335848807753,25.99535495977337,29.21487520099322,21.525458149095297
27.295142115734816,22.313448975573863,20.012834561426512,20.495941121388142
28.066942319571595,21.20168875947157,20.934620718233464,19.0083676587449
26.90256728747488,24.237924838374628,22.72257129181365,17.43961280747673
26.103390569722176,18.65005430331971,22.02827186406816,13.653862200540251
27.36602558640909,22.708827901295724,21.011818430661123,14.597650109676373
27.20231910689854,20.29775913047547,19.61463762281505,17.48544017859082
27.27016536588098,19.74008491880184,17.434762168094206,14.442953380546568
27.00858504755955,19.02135447108612,19.09466825455782,12.731985600728692
26.973578654226927,20.50286535836217,17.951408471199642,17.279158341788477
26.577724144652358,20.54185413483059,18.75346697078381,16.76270656372702
25.94234105253759,20.861669107108423,19.9702261107928,13.46354136316693
26.324015849702302,19.252577449694748,20.18649666289761,14.1361249859659
25.09787466507548,19.715518981928494,18.01700068094312,15.537661444260472
25.26606719805605,19.00131235077841,16.672355359117912,16.953092114728193
23.70297585369006,21.49018186663349,18.686100627619023,13.94388588350002
22.708822681889973,21.15118632281555,18.53751390566265,12.98660927834944
23.625554911821517,21.272177243191763,18.31390201884621,18.546842322606956
24.642944215990507,20.80913870510702,18.85142165246194,16.63062178750401
25.68252173101142,21.223709432773752,18.766774002467763,18.33717938712884
26.6486388396382,19.03886870831119,16.743806395255262,19.2659637805979
26.20983684586693,22.30584252150787,17.183321023809683,14.284015597425878
25.837296564973045,21.34714014402066,20.047849392007397,17.465459274624987
24.854191281543084,19.54120534209764,18.66123882436908,14.842853021634513
23.83968708138167,18.416202711749357,18.1077256319132,13.949040361493566
24.27744638829503,17.91622804366776,17.56077575869507,15.231497448215194
23.61531289847756,17.755071107298818,16.293260625175876,16.379081163941866
24.09116824323355,18.16437964263314,17.797528346323386,13.423542074649028
24.768301413168302,17.818557782522518,17.64994703378063,16.83621749400224
25.30929790691165,20.301033911893168,18.005396418562032,13.538073187278457
25.7346411375648,19.37262293721905,19.45431329579444,14.50789039920545
25.4102336715568,19.35296572647822,17.220789513387075,13.435642189818056
23.82664765573908,19.44726828695774,18.239725899506382,14.58614664795219
23.94686686028884,18.74439681160329,18.569213771592885,13.80332310943292
25.014098245422108,19.25225905971127,18.670496146846144,14.6841880370418
24.86924817351596,19.97723267730664,18.833961408543114,14.448139650185857
24.53461339263956,19.19210560935336,19.43137433272403,18.13052628372012
24.544513455995823,20.96021212627285,20.69010096916624,17.367914740339263
23.125310171772984,20.250353043296304,20.394019329743077,18.552223046170003
22.79775226532425,21.94430281083264,19.725631349533312,14.582231868436187
23.296055105831453,21.350509531438245,20.37759130525373,15.418613162976571
26.49400151261256,21.93264198946739,19.400861395784982,15.042639752197886
16.239320800788107,18.452996948421475,14.920863305746565,16.785049064824214
15.05763726880818,24.09551731346566,24.739665257309696,24.686298076388077
20.05002391397752,28.64132425522537,26.04929671483952,20.98994834367096
20.91233260695833,23.02088412882665,21.22568827439581,20.81365988726562
22.676185816894503,25.470728248570666,23.11353017721174,17.89013673601914
24.120059926403865,24.555502312878776,22.015297874358502,13.504980285753698
22.12195462389137,23.38330700030022,23.657091291661448,17.41337797202061
22.382116803148687,22.34440055475277,20.37980466279774,15.23496307850489
24.11691786136488,22.289188426451545,21.701758976340887,17.547226384491523
25.447544877989483,21.35685326525019,21.33157469884374,16.40503436885518
23.72051788279849,22.199064131896804,20.73901909903091,18.8978693596038
20.866425681750105,21.74489594030214,22.170767194211816,20.009865767543754
21.388065284242234,22.156882410613832,21.063265655310044,16.280695467831084
21.55562696644815,21.665803662782167,22.73201648579742,17.61678256807885
21.81710504842165,21.789837288994654,19.621201086223127,16.713940869279064
21.79716313688025,22.79821054757943,20.136195684359706,18.607260506795424
21.723566065355342,20.297427201894077,21.17101877488144,17.42326968042857
22.17672546397139,20.75532937208185,20.24307434514672,15.034045179799357
23.205972337929406,21.88858314175535,21.368269355639715,17.976980653664942
21.30629529655695,22.71251713235223,22.117957753865056,15.792655527494013
21.11230012648417,21.50726908793871,20.45451675950569,19.20467216635436
20.76195374028089,24.150953892343846,19.91630162305006,17.163890944651115
20.15012005227444,23.941430648657416,20.79469288330253,17.368015116865905
21.65077134324191,23.056591557753094,21.399176591479137,16.423954452064518
23.34376373045828,21.85332195607269,22.69169812662373,13.806441363838708
23.096067798367343,24.8500024956066,21.165606419318863,14.255785022005728
20.764773448700957,22.422837574335443,20.876352526790328,18.543445893691345
21.23563246333996,21.635255110892164,18.292800225531675,16.701424425863948
22.013701908676165,19.319887967358557,17.277968459341853,15.994827763227994
20.16109860364217,20.098606201496235,20.18383661756308,15.716619765846335
18.86409441673931,20.948992220074363,17.304470063914128,13.370569998809174
20.879594198968174,20.476113867371485,20.24311039096725,15.92414619865277
21.684822189042265,18.00373247916666,17.85805857649211,18.163028635279836
21.10674129305848,21.16149900371364,21.702556432062124,14.503958313269504
21.246068106120763,23.33669357457981,18.01707090130297,14.953992091467308
23.181754186889737,19.61526675402479,20.12928386253068,17.756758195569393
21.488341803190497,20.769171753434563,21.25859767884378,17.431601245443243
21.728892936603824,20.86053705821117,17.518161058369092,16.94313941769267
15.423567863191025,24.46324256864976,21.097426192224656,20.308945898468256
16.975445833785084,23.51914015014005,24.27453371218752,21.848903188993894
17.143091409434913,23.9399942071274,20.83295062242775,17.17896487317499
17.98367446105916,23.84650981847496,22.132564833046203,21.756063751204664
18.194206364936782,23.38937909271159,22.90396919304531,16.169121788152115
17.769765815049734,21.47884911905592,19.097755167072503,20.17085007448044
18.45083725626833,20.778901516678037,17.620566212222283,16.44263092565009
19.3577520786741,23.491624484270915,19.711003373517386,18.52903959495045
20.142090410719156,23.37655653728632,19.35888118745427,19.56263758374406
20.905718274579872,23.178709314635856,21.77413351276734,18.939941792758983
22.059457494489493,23.875815638025063,20.51939624511647,20.329907882980287
23.01019587936543,24.65588246990432,21.733910298927984,21.1759782582597
22.78164334669047,23.68093483955386,20.52347243326079,20.255954733183643
22.361926832164077,25.09700280734788,22.901617902206997,18.832055682050758
23.614569611105868,24.25570754904665,22.44399385489161,20.1080411371058
22.702174985128213,25.429838582335638,23.00896687562357,22.714668560288704
22.42616908820662,23.8023088147814,24.391526466814003,15.553350229727236
22.98418745496092,24.55737779810114,24.166416467793933,15.41473265358445
23.19400397570241,25.403834772412115,26.19835454440967,17.463909304060138
22.610380273675396,23.506309127746828,24.886534511710877,17.054644229784472
22.08458395654252,23.166922675164983,20.83747008542262,17.938973892644114
21.56341016824989,23.46534116899941,22.6034226012475,15.22162398956025
21.42168036456422,23.36300209038531,20.95780825918502,14.701793909938024
20.225768722795607,22.491022240141003,22.95944566130009,15.073775246928662
20.763673075369585,23.04549416170152,24.25814969350863,17.932488169892533
21.11792954729484,22.84265888509765,21.770515171441836,19.35330110667992
20.607256665705936,22.78043892972329,22.059272962682357,14.197216209959793
19.56469642154886,22.51217832028533,20.26927512065708,18.788130631287995
18.173663661589472,21.50665425828348,19.831313296209128,16.82066151005351
17.738811343389543,23.03853057218893,21.57924189167311,17.60146212310649
17.964804579398443,22.812675219499894,20.46086713525472,11.603466709750885
18.0325491703471,23.70886366840381,23.89245509933464,14.37361482782542
15.989410013362464,18.51623308050338,14.557053559141425,17.080611133779268
14.918108905989106,23.85411254577511,19.507844132321164,22.998726407930523
17.795704425815345,22.50184478302566,22.914446825709945,17.872750683290597
22.02327390285748,22.683155310303945,24.27114184272696,19.869430307973232
24.64474000328589,21.91389685069005,21.78868894344465,19.00226959773208
25.079136943150164,23.508000412320285,21.297607393455586,16.08763594283182
26.69964098001769,22.639606623438564,25.020077017494227,13.220723625207304
27.602986008816696,22.24447204779467,22.5270940616642,20.222068687122302
28.930085607319395,22.321604983308287,24.479650003898907,17.85077596864073
28.07268602108898,22.19925868827676,19.70273838972116,17.79616645401428
28.091717104706387,23.174599147081096,22.324053611081137,19.986509949477973
28.278571983828076,22.23786655254862,21.930596303560417,18.774752054139704
28.44286742550741,27.436617575556983,24.54662298341617,15.351181022696904
27.424500358816392,24.37458630129321,23.497557135474864,19.064172305907903
27.008484033681054,25.65722849344428,25.44578915419493,17.681456767193154
25.799384917462135,22.070020866327628,19.197915336370404,18.24599575534798
25.57361869293172,23.654693826944847,22.240237780405483,18.53644109804473
24.8135936135604,22.55474032995588,21.47462314615555,18.76701040471976
24.24592060794558,22.93049838173504,19.03654322895267,14.880785366023582
21.33623874382235,21.524063073823616,22.048722330623416,15.244534658649435
20.947809797897005,19.2794313985106,20.367158371544523,12.934814032195511
22.42570580125077,24.36870681002493,22.17907593254152,15.830659010647867
22.302809276408556,20.21559913941617,17.482967787713434,18.195348628990384
20.966395833173948,22.10786218886784,20.90327870696733,16.119259791020323
20.5733755870848,20.819455682206563,17.084228116863105,17.373066373671225
22.559459502720937,21.52069444960391,17.287906109117326,17.089835459127
24.562887972279835,21.166371141063816,20.50104619382992,15.870059964660568
23.53246675090477,23.238879413227497,19.435204248174585,18.48182124351057
19.117481391864636,20.876607244163896,17.348734175573565,13.925504834719495
20.281784566999665,22.1019973078064,18.319975121601605,14.823390360643264
22.3432609236478,19.034117453534627,21.17424677831928,14.542160678931277
21.681962387350183,21.778488426088643,22.196908120854072,16.073088005564504
20.81877899172399,19.0414418755108,23.186806504895056,17.666331309653994
20.383676938644477,20.83338447643648,20.12345407116997,14.407180100812974
18.68137144031216,17.98140463068673,22.443179749710627,14.191716640509696
19.540619567195133,20.490199452754077,22.931875833303337,15.688140248146722
20.3671858808594,23.21454270484569,22.416213149911048,14.396929522782216
22.033634812826715,21.480647360054803,22.10621153725756,16.64644198011052
23.03799754472449,24.397362251820997,21.290346276441703,20.288998087393907
21.426597113032432,21.7358722803982,20.697003364881084,16.254535679915517
27.68312471442244,19.210001586696915,21.066840737931287,15.8970735709006
25.41795676170985,22.753166732130143,19.968223177439107,15.534310694789854
25.05458908720122,19.1441196112981,18.1994562399046,15.740745263271007
25.010437029336916,19.03602060398448,20.150878088294757,16.506835993289556
24.458178601927457,18.652142870089243,18.35616673239858,16.381316926939885
25.24578210670173,18.364656329110414,18.427718492553527,14.462315928769598
24.921877462936223,18.29712226459324,17.505440554594127,14.521618312383277
24.087114929284382,16.915245868422165,14.989435123466103,16.137003501803743
24.96887180589097,18.59540476015092,16.627256771252842,16.45782490707182
25.4242559016914,21.44544749326693,17.17155527189175,15.932684612566732
25.50591143445134,19.35209619748548,16.870942589204137,19.474988243602645
23.957450570140708,22.13876462176356,19.772952041567667,15.1495398133304
24.610719491196964,22.35220338491236,15.96898321142239,16.40117942927499
23.9440844671693,21.01759387529686,20.06554099475474,18.02351718520595
23.668165573390297,23.10715827383436,18.885693163768444,14.94449010057278
23.319358027401616,19.76187719875277,18.35208027577881,17.54331439576134
22.742373738437653,15.889207688777557,13.726320624735784,16.499565987636384
23.12093732389975,19.37150995325728,17.946316410244005,18.33883003592188
22.874153804983838,15.978835978533168,18.25082567180873,18.64494108555366
23.589868965760022,18.08572024136218,17.882010985262777,16.71962589666197
22.322985634438613,16.849481629878785,14.370485777407652,16.097231468775373
22.379195564734346,20.49313703385025,14.958363633174292,18.730414470571613
22.31663508998878,17.60801251449219,16.306430081630925,15.112060040267096
22.91909040309592,16.84045253407604,15.714607396322956,14.001976869749283
23.163519257001585,16.650824003755705,17.194162548575473,17.29268866570325
23.238250890003417,16.793427128619108,16.915538740686,14.743698638740568
23.241084433955084,16.26104200596714,16.860191701919156,14.01447188575446
23.493569602039376,22.59218034097668,17.748196208461973,16.595864535414382
23.4327364792339,22.04764539712818,19.62937787477237,17.276059470183608
24.288500147521003,22.07327137504578,18.72176886805583,14.999546543302566
24.269741750890635,22.31266422401984,19.01705370595376,15.672828524695348
24.336338285235342,24.568771390689907,18.693576191933044,16.14219797617744
14.867850771687058,19.743079402850917,20.611113618103893,21.77958428660708
18.753278278194557,21.75716095277716,19.19081474582201,18.470868789900123
19.022534574599156,22.78972285462216,23.007518461917595,13.834475352999355
20.704858982808744,24.490299188803817,22.60413117900309,18.44931401467242
21.2894559633388,22.342487928182223,20.4832610899209,16.37484457483816
20.05270349355331,21.361518357321724,20.94797765629085,16.79112039687105
22.923529175155757,20.34020225661863,19.65998154348212,19.899675561415645
22.493495480514,22.04686220468224,22.794994503908736,14.150844820034967
23.443436608718343,20.244291712976334,22.316793679319023,18.307562438618216
23.685993740320757,19.35581251616644,19.588992925511448,18.47530138289345
23.656242178075896,17.30899320976751,18.01275651231541,13.675642434839274
23.8062527771789,19.440766310220425,18.02024080377227,18.02335272290001
24.06282234765523,19.62570439635396,17.64544397518102,17.128781364137563
24.517629716984494,19.81652215463302,20.195040975503584,15.279882045736848
24.26858079826973,19.91285042767136,19.95872146793886,18.07646023891134
24.702142022050307,21.76336720548325,18.684371758425925,15.615202389681263
24.641626241025293,20.92071338244501,19.490717328927783,17.886134912784243
24.24306937751975,21.941828053787805,20.870300283763417,15.273542448307689
23.92374446510449,23.072276289328176,20.44749362664909,16.393529251377938
24.515338144534155,22.76570224406888,23.43429532076741,19.236473144448357
23.180239933194617,23.506954317423908,21.070729034197427,16.300139993219048
21.89734087570019,24.14690787701086,22.354544290602004,18.70927684209791
21.602223649182772,20.27818279294762,18.37704853944789,16.03255567996365
21.29659068757593,21.366407414836573,19.28224816949508,17.433959819243118
22.27157257899128,18.223635248870767,17.75560062116769,17.00584351312971
22.10025651686666,20.021195643170586,16.86176456525085,14.06379101558966
21.02245746984831,19.567325540150108,19.96235147677637,17.689675184092717
21.57517729952136,21.355071824080813,18.254263707138797,17.739904009572058
22.00295570477466,23.144181225635915,20.40473662038846,18.01325602729835
22.315864090569715,23.030950704600148,20.65886329187581,19.428344265904435
22.51780785996142,20.145795647922625,20.547821897005303,16.468335009073222
22.846674148318588,21.934124906715397,16.410910556776983,16.95332939077526
19.062918510384765,24.53335508971926,20.352940885870705,14.99602939430242
18.945885263301022,19.696930148090733,18.524661710251557,18.515679653837875
19.565141650932286,21.27126086272822,21.249148424244925,18.357076865762032
20.687126043565783,19.97201382233522,18.159725177272637,17.557788555931186
20.48268380634488,22.85654902763737,19.01758494745944,18.71342794052438
20.76679706755067,21.98702895608443,15.158970448027796,15.066173052186436
20.293636574028707,21.4911181525119,20.813028725494743,18.243080442319023
19.057944468513067,23.344086621976576,20.892498864167774,13.105997952141266
20.419554921634717,24.859513520768843,24.649774895908724,23.380926778830844
25.71090926442996,19.61466982782811,24.696791228167594,17.634285635577356
25.046912013151186,20.225538584589103,21.521256610582395,14.068230142978086
23.87474394168319,19.39542842178065,20.292977058701904,13.95298429368968
24.33604183859255,16.72074144815973,21.8069809407756,15.110788128814866
23.719773975303923,21.129787645768378,19.570160467061708,17.34852808543013
23.51537541678776,21.16981812880274,18.226461488938284,15.735588513682764
23.33786305619317,19.8248062480923,19.58043233673013,16.368746135685527
22.39517183735084,20.040369336449203,20.150492028599007,17.555958031793043
23.033874147899954,21.77226917138688,19.48414070358689,17.595010743726352
22.261510072286157,20.86414141992024,18.10487234567861,15.966331797805497
22.52705244078505,20.752589155402468,20.75381714494451,15.99697719326339
21.43787798146196,19.10688387908512,21.12496167560745,14.266658376417965
22.86126299304728,20.93324187783407,17.634800032985158,17.840622311140972
23.141660405290395,20.884231619185584,18.98180856416695,16.088378232551833
24.209331442085244,22.52540065652384,17.784317589254965,19.366042855072585
24.52108502269,21.42546393047856,18.699351744573256,19.06614358921561
25.183668851196312,19.356788341478214,17.060078094591052,17.235237894543403
24.518242796827757,22.166804368610133,19.33678755282581,15.148081886136652
24.56466458590969,23.23353324262264,17.545568055103814,17.014348199268024
24.740253932668264,22.12705055118469,17.921112463871495,18.868112486030142
22.14328019163948,20.759383454488315,18.70315923150513,16.043477817050572
23.5079078889124,22.373136887558093,19.58485628756341,17.495063966776765
23.054149820539028,21.63594630869649,21.491929028420795,18.827442789141795
23.55233954714944,23.16012391100622,21.15885738291577,18.82496490005555
24.116839754954796,24.411200737132518,20.13203306191481,16.145983818829258
24.306545002012854,22.766158681366605,21.357744741977104,18.47414008470155
25.160811573571934,21.474185574216687,19.63850370570825,15.51717898470333
25.571773415945252,22.693401887094407,17.642360106845043,17.70676815947432
25.444543122200034,21.93386218472068,18.87193294213548,19.370883570696428
15.567733170425306,22.339658997316736,24.157727370089574,25.84115036203775
19.89742714839793,24.12097197015775,20.299045888537822,21.462362799316853
20.185836854599987,22.43948169442588,23.14848124769641,13.967476855390553
22.057168525474346,22.73689004175061,22.55533491863517,12.454062128899825
23.061321564314323,23.97542405449937,21.089829030296254,14.90459529759275
23.98314989021512,21.92021142522279,22.27160554769854,18.1510266970638
21.97250391536756,20.33423551744556,20.03432701267636,19.15136624920451
22.04388009970063,19.84290694270258,19.35746813992735,15.26026636875057
21.18049755049842,19.784771581766744,19.109245226920816,14.865901435026268
22.64908831757056,21.435308714649285,20.61441446943057,16.738737183553898
23.449246138332768,17.66418138034852,20.057686612889537,17.540362690096952
24.82821968309285,20.211321642673784,18.97322312806148,17.540951882546874
25.018311857893977,20.843533768767543,18.32092974734305,16.880113866362052
24.51352714432896,22.70899225724409,18.843204185400687,18.653955884998823
24.50297814037252,22.41700969679171,21.4420638083498,17.279901650346698
24.266831972301144,21.61757234070048,21.18262228157042,16.10058335650572
23.831819300560017,22.03050035782324,18.770766623752987,15.084049840513131
23.54446621470177,21.28983839208469,23.08268920675481,19.445318406524844
22.980106699592103,26.14022060979623,20.583905425253203,14.593678203487285
21.498865943654152,26.106051876470733,20.285462643242823,15.502210910599928
21.356677284877023,23.23174169605173,18.83154943965136,15.69603599909678
20.0456504785942,24.53105485143189,19.822882093928254,18.25398319781407
23.253649567322427,21.77168242990953,19.926693209965464,19.19264521413005
19.60466101733368,24.88025908596376,21.71457124498515,18.01313415518732
20.875275676474715,20.65728405232716,20.31465960265893,18.619956469446254
21.301126334557217,24.30695450117625,18.221964253927155,13.968878450546264
21.64146134782109,22.75857934764693,21.191997068026804,13.90422391906661
20.075900274004585,21.26803902714729,19.73292805780881,20.54304182402805
18.303351140692858,23.84028323255288,20.91770852246236,17.65437703416967
24.34759946596909,22.570608057576475,20.567028483763806,19.841727153943395
21.01051597787553,22.70440170540289,18.35409385681851,20.486176341189296
21.53116679256284,22.136935346592125,17.723385438839554,20.122116926747584
22.501205004632062,25.27904619343631,21.480627483593494,21.843332732513243
20.031965283334827,18.926009509834465,20.49216277421312,21.947543040566643
20.40830481220958,26.46938032474843,22.114028205939405,22.59532910817572
24.817183355466977,22.668644831354168,21.19731817892718,20.560544252095955
22.087744358860142,24.73750793688771,20.998452822455302,20.149412670805415
22.04503068152265,23.922824257091666,19.401671357506192,16.879916077698066
24.36035982464206,20.594523471934924,20.383533231198303,19.652421424304165
19.444082012122387,25.8131279910436,21.75741481528002,12.29526865686591
16.319179586408193,17.668039403765913,14.937685297241536,17.415836627125504
15.08319322471813,23.08718890873887,21.900936009380487,22.07995605792452
18.11274367582716,23.87388607363467,24.33463072055561,22.59936274934952
17.392999995894666,24.342323584506023,23.874391632612685,22.136015641022485
17.892816169948443,22.574414416078486,23.46396331166007,18.295356600662117
20.398848387044737,22.164853422475307,22.366685190615385,20.240184399752668
19.346898101099733,26.071232317929173,24.86748007806012,21.484865836199656
19.106028189907143,24.448946755659662,23.876066745539447,16.740139638273703
19.873867144661716,22.37037132854591,24.302235543104626,15.497618767335553
21.70994318733278,23.924396709462112,23.65215022088996,19.83908354608264
21.877404945953028,24.3331159837922,23.082899990170205,19.60383571594994
23.101005464214627,23.55038987238025,22.01032670480195,20.61931667986804
23.226371592738516,20.916256366428225,21.27111793527931,20.573651110244967
23.158576546306623,23.087479380304877,22.802114097648072,17.178002403266326
22.765923820323465,23.715155640441065,22.34594218461957,17.614481828445836
22.3788834826126,23.715111065301425,23.37387314334418,16.342154215283134
21.866744159963076,20.980055995022216,24.210445897274628,19.07497334958302
22.25399618887528,23.951128506406,24.244101418884487,15.456161279296618
20.95689302908063,25.10756824292895,24.03801451325149,21.03940253426815
20.90818022985945,24.709839360139487,24.449937835220748,17.828192196777355
21.521854755639087,24.21267172467636,23.81190484702851,16.285509166023814
22.37504279983021,23.85576315604972,25.19454297080629,15.548465345238062
22.966861625516007,26.49849803008858,25.545747042455247,18.926344969459947
23.720661219076398,25.648620555717155,23.434171456178397,19.421243337764505
24.156679093447025,23.91134007207705,20.770789333364224,18.535085360062137
24.38966734975777,22.60470513956403,21.78721873247437,19.962505817755773
23.66904523010145,23.86857231183805,24.748637375610333,15.745486087869727
23.51112907073939,23.757377677460077,23.27084561274746,18.622195815945062
22.915697214067357,23.68211857303082,23.66842222536329,20.14215227753949
21.33054563224955,22.07843493314873,21.812648134462677,14.954929220730143
20.886457879502064,23.512868648609786,20.91309448242096,18.889330301886588
21.94826140430464,23.25651745088918,22.051887448698466,18.569895578196952
21.724375834403293,21.151930418601363,22.558741067730768,18.876800721499787
22.795292340837268,24.447527116223903,22.45981128053552,20.42993748601449
20.63293179572265,23.80820562874269,21.68090374798348,15.262362140709143
20.995144571765408,21.463895531572177,23.081319454578377,20.005155421456323
16.270443963421616,18.5252021467714,16.670026631041907,17.97542399277419
19.767724414585818,24.15863783600075,24.36525751761549,17.060861627308167
22.134736857713204,25.012820607568216,22.29198854101085,15.831750405399996
21.60309881484592,22.65777539802075,22.67023232571392,19.426950187170803
21.78847644302557,24.789201882574705,23.43672808648498,19.59226637391705
23.28356552777699,20.04383054561767,19.9038554166991,17.41244846589505
23.61754172237717,21.303312719022,20.12754440857045,14.00491403898623
23.90415727929287,21.27942259987081,21.08195672386142,17.136396304256092
23.63430088375253,21.88223099953904,19.833946728359884,16.484538467371546
22.709486263762795,20.661012375040283,21.14927835964271,17.025930622695114
22.75280346116793,21.643422216837905,19.66641237123904,14.231290811956052
22.784130995737367,19.45187752348196,18.90351978894776,13.814836653193735
22.688189627527876,20.153655467036877,17.664572688621814,17.97272137912937
22.236121128500987,18.37429420501905,19.37143289729112,14.381015052540697
21.06323606641182,18.46127148174976,15.978224848199671,13.445032511326763
21.38963474230286,20.995248430184564,18.744041599959896,17.756632075617336
21.117733614644006,18.61441282124096,19.99212228198722,13.377084237647212
21.718145932229262,21.68179853751105,19.570046343574344,16.165430961934984
21.91433207681916,19.342079155487134,18.299370176925446,14.719081191815008
22.49213844385368,19.87779769416168,19.74644111668573,13.739552329572534
22.238669914565875,20.447042461029564,17.543496996952925,16.683355750301242
22.51535197458889,20.183548203955933,19.88852323705181,16.187500595372285
23.09386817169094,20.64923806888267,19.12074774905537,13.166116022493382
23.11506132193068,20.21078528656192,19.78547679216597,18.29036452098489
22.485051420447174,20.13065811861858,18.659644346549477,14.370801556461528
22.523970603514684,19.842885661287905,20.46360087403996,13.27785897230658
22.667948799246,20.58136281045974,21.428287737755134,17.35685888642062
20.49075605485601,19.18448798373004,21.618670513327245,13.813715564926277
22.606743714530666,21.775832430026902,20.057348854307367,16.83295088045733
23.758289010751923,23.163595435444435,20.61842932889895,13.54547362823484
24.650019982388688,21.810614834302253,19.25397044152586,12.357532429195862
24.907700134726557,22.222926851450566,20.77087652479208,17.003912385998873
24.43218637668284,22.372969574388964,20.251909298087227,16.510971675337522
25.20183162170989,22.052142633091663,20.26893657854552,16.9728480308097
16.949754826924806,18.238478503072862,17.753215915446862,17.25315170856825
14.258416004562951,20.674484611747094,21.23992849053997,20.607785043532783
17.69543731866821,24.62681843607278,23.62741924372351,17.55680934843168
18.44990310467329,22.892979934113043,20.139016219861333,22.507370058620896
18.59977251303985,24.06786370526784,22.90677123587051,20.91082327792324
19.99436576878349,22.86508694585679,22.39426230971049,19.10840373295578
21.688348852381186,24.17934121184227,23.51939908522218,19.452494663035704
20.7555732547396,21.476005870519515,21.8484362539794,17.898153875964585
23.361174867453716,25.486363020289463,24.4323563444345,17.009799633732936
24.413126294393223,22.241621100477985,24.143519747532437,15.81325722373372
23.403737303506617,23.897645997855417,18.09740063369544,17.94672556060259
23.3276022444981,21.47949490014996,19.290701959961066,15.013273366665045
23.333683480132112,18.883290284763703,19.76863848737108,14.763274776012858
23.240809733914137,21.429825962713977,21.848558897632103,20.690986619122683
22.757213456690646,24.73412065416775,22.139137840425537,18.902505155065903
22.675350621556163,23.70272402565641,20.71945163109587,20.479615178497134
23.245631993201982,25.01126551034733,22.16014029002727,17.636530927293308
23.12246344731425,24.721680816280767,21.68518429292241,18.877925189670865
22.830964205418056,23.03772686740453,22.3953174232644,16.677045723435537
23.7006657396606,22.98969122255905,20.432532498596235,18.37813220582963
21.477663013997745,22.996949650069464,22.48317231401468,16.070816938789196
21.94805969236017,22.44990224052351,19.6882199446659,19.88256892966137
21.517125018331896,22.357128695781626,21.12084247669029,17.792027742223162
22.349919004508124,22.71094242481801,21.772782550771662,14.36262602988824
22.59836387951596,23.725204648123174,21.56463794195376,19.750327003371616
21.662641039480672,21.64830515731384,21.321895339842847,19.866377429792337
20.901837987223395,20.46582847631306,18.97705891996292,18.789429091987436
20.895089399837683,21.371997930069146,22.57258667061023,18.535841642834477
19.33039686330195,22.24265814965049,22.04554409718199,18.96101388376633
18.96676707210672,23.17456973308541,22.132992703310123,16.718295785449186
19.804693648926456,20.329300042319318,21.58628445650503,21.195587439517187
21.201565220863923,21.64276405156588,17.093801997069036,15.269897330667208
22.15772059740934,21.892524356290096,21.038813616354087,19.76181793760305
22.57569739492638,23.211288571479415,20.37986791904192,20.628343494311355
23.08276872242428,21.23917962709237,20.17257001663017,18.30398212277734
24.043815701250708,22.0398049649486,18.69556846470566,15.974782651124144
24.272939785971065,23.71976187717885,18.73242966783216,18.769925601472
15.114143672106897,23.152447704055437,19.42406124178906,21.571173745549803
19.48336564635739,23.23964227298207,27.726468926178445,20.905490487749717
17.931527601273086,24.342077963552786,20.991554220223325,21.117909198223987
17.89004815535554,25.004515787364223,25.207657561336323,21.22407200173358
18.99525053277373,23.39430800434745,23.053282112828715,16.49905268264469
19.42089303773786,20.389101693711897,22.83979896282177,17.836975534111257
20.04505160961114,25.358556814427526,23.476867356911807,20.917733397957985
19.55284758486363,23.45346259804001,23.802411579273524,19.82302686704144
20.347013117573088,19.255923936837405,21.868901283235903,17.59223873843069
20.555879783068324,20.59402585793182,19.24323208202225,17.374399654781524
21.410303316113147,21.260514643441542,19.83368621973638,19.029312120716785
21.83564998230236,21.883696047564047,21.19129224515933,17.298824024531267
22.74276035185099,21.419628114064068,21.671751217980727,19.695388130077788
21.870888110612537,22.917880554409734,20.60685601715717,17.8955237766007
21.72342296274932,20.709197381586552,21.25948958582212,21.99967022768158
22.052270809670983,23.459873542500787,21.92245653192947,19.88013056063928
21.551937539994373,21.87839123721696,20.43937184968286,19.024727545941342
20.821220317950253,21.710146873535763,20.813063067321185,17.70621544921569
21.351090723574803,22.503421684617905,21.682560934519344,19.53750687111821
22.29939499992858,21.821820622934,23.77846304685846,19.23074597218709
22.434700910635318,23.114665490695216,20.226792832259758,14.92032126800182
21.627153596084227,22.17606172108485,21.19247385429325,18.1613338240268
22.940653061659063,23.31510321113335,23.26912316569683,18.243332400627576
19.805884824543764,24.896593623274185,23.327665097242107,12.194064753275528
20.7757282123571,24.126053048825938,21.551568536488347,19.8247156604736
22.130886872440502,23.700442607893475,20.44777946265511,18.050211974009784
22.25710874824551,23.45533967334086,22.199218527732416,19.17176320736109
23.82175309154108,23.05675525607946,22.869409712076507,17.39892463617752
24.217865665574863,21.669413067950824,23.171483331417736,18.027915527990213
23.38564797091654,22.25998257366403,20.656688613137643,15.117964518877892
21.488449300354365,22.98527189120601,22.793601303765087,14.466881898699503
24.211366600194577,24.113379142831477,24.408457044516155,20.802325670077
17.56753756865349,22.238949267394528,23.381720286685248,21.354966321071128
17.337402422519222,23.584219586173678,18.040277997051053,20.50179155704332
19.15912557749108,21.18415817980136,22.13970976565604,17.10144933384619
19.7425293413434,23.32302706356946,19.326382709925927,18.7490846075214
20.515781908303023,20.64880478371989,21.62391156918752,16.95620971089508
19.062368166307028,24.848052747920093,22.809234822256645,19.639154232684
18.95406894114665,23.39170261159514,22.28319958493338,18.71842438189415
22.278265106018992,22.629819983979687,20.83917234639985,17.59398051982133
22.842170153075266,20.18545011873014,21.3163767276215,15.8034242463924
23.73234926059984,19.75646658134087,21.21505931329538,16.67155009506837
24.395105321573453,21.178444028719365,20.956485256481763,17.740523184559123
25.341446309905624,21.6601853141773,20.37770855696882,17.950275025193708
23.42451817563787,20.88217040221401,19.462027005600472,13.300669308575358
23.4024911414178,21.772507684789787,18.25744691629085,17.119284697803618
21.9381633382438,23.548714529249736,18.43969496606162,15.635715249170952
25.131408735168822,22.406548727548355,22.936622417887648,19.42583418907274
25.50492672467689,22.8332705971314,20.358771741790424,15.052323262554236
24.0483209463832,25.22701240646853,25.489447434208632,16.6637966432082
24.683794156854304,23.503932006091983,22.052993699742903,15.08786901396194
23.82357517365745,24.44577706610255,23.393885869229013,18.662588539380643
20.909871202164634,26.11805141453614,20.58145417332034,15.631855846077334
20.41619822332032,23.066784991222303,21.35049248811841,12.197858734911042
20.858480401727668,24.158709627362335,19.682369836898165,15.466386896069814
21.398546499506864,20.9459901883663,21.16966070452185,14.587051154083351
20.268535845365296,22.49705200839027,19.485353754342118,17.14037349326937
20.53980026495634,20.28733635788037,18.641641306458723,17.12791489074042
19.819127856737968,21.542558936690977,19.05953877947347,15.35151864300942
21.289969897812316,18.423148430093324,15.911580227900382,15.113009094114837
20.294283995996384,21.157384270373782,19.48714751487557,16.333193036460347
19.34774355257659,21.994654234690984,19.71106630903707,11.812943393917037
17.95574133494962,21.34436605745883,17.051235821958866,13.1770615171406
19.31907787870158,17.67378269365787,19.137886964967542,15.67115506895936
18.72009471188495,20.48534360502857,21.351539881410005,16.31484371220654
16.206693097779816,22.80595769650563,20.230711386987707,20.851040197760323
24.740685909336538,23.76799294508313,25.41697441835228,20.954673166236915
30.312259169233368,21.76115869375569,22.771588698034854,16.45982204151817
29.77705385634645,20.282325975049588,17.10475237304729,14.878050984819502
29.42841300781721,16.538625049205685,16.704266713879367,17.813276545995937
29.325415050438185,15.793770454982573,16.243444146877764,14.408048972226068
28.651105547750003,16.80092295737953,17.755765749784537,16.85095380730541
28.15643724774478,17.84282986549925,15.804957457135457,16.26217656373086
28.719949825392263,18.55691369559915,17.162435509823368,16.220904044877646
28.79374074655982,16.6458401849302,16.105056292877617,14.83265458438593
28.473319734256933,17.39542852432664,18.35741491956789,11.381690828862611
27.99953442595576,18.89009603019219,19.67970358133742,14.417906845900008
26.848519120747827,17.454278618047766,17.428142248723038,14.364588435306834
26.3379434964394,17.276641799918874,17.562711102002037,15.782719564819638
26.26258521678282,17.905450996163903,16.647033853338556,16.083612013386247
25.99854149829727,18.90415601318592,17.166909633775983,13.94935126585788
26.04234907974463,19.03545747378677,16.996455428899473,16.401489990286144
25.34331921330106,18.31672657607243,16.518951172406926,15.845326110874012
24.878621561662,19.472066426566208,16.058233629643382,16.41427182383517
24.434909220436424,18.60000281109563,15.09797677493757,14.544167224649778
23.45845086832612,21.016006497783284,18.01651262596651,16.675675427695456
24.18533054525382,18.643303996667274,16.39515450314411,15.441497841349651
24.9158172264802,19.885294383146945,16.30922289135219,15.150134966841016
24.788161092609112,21.847460094386395,17.09767469448536,17.414850162702088
25.839007336225688,20.05244744979717,17.861240194055608,15.520421201945132
26.07986130715296,20.823781791673657,16.09966656564504,14.85851391617689
26.12830918756386,21.61606712095129,16.99539239389618,18.19299608572928
26.00058125989996,20.44301820014669,19.675914586474367,15.73087863900031
24.963991851830865,22.087815452294336,15.931197169562674,16.607436177594874
24.51985622276862,19.703948372748687,17.003855464694,17.656041998325946
23.65479599995122,19.534167844431234,18.41286719334244,15.143081880692185
23.50340708481616,21.83399614699665,18.451080012086557,17.585169616497016
24.94187575973325,21.42610329348018,17.854242505771094,16.46162894088339
24.71439700237861,21.73087324490125,18.07563756976433,17.173576553461217
23.823910160692417,20.571729140313305,17.113160484193887,16.914961031809423
24.354340788807715,20.40678887907829,17.635675846840105,14.67677560640464
24.64177040508817,20.584409446195675,19.97850082742337,16.8473340665947
24.6639445244558,20.1287900425019,18.817195093294902,15.50928289483616
16.765324320907634,16.728246967046843,17.47567263183473,17.351196396429234
25.06280327918633,26.20748429984189,25.922961553215902,20.633586341729643
29.62099812558255,17.45212732352294,20.72019725586107,16.50129704315086
28.319455967030564,18.604849694884454,20.07981558207556,18.617067234174705
29.58582576305349,19.500662870645755,20.02179709287656,14.254207507454296
29.47013310486675,19.031638440338018,20.78699760627587,17.056649017759913
26.59303552830043,19.134232983358256,20.523155846632896,17.096380170651088
27.301939554649053,20.616734090321916,18.264060939513,12.96823212714432
28.272307323692534,17.94487780239717,18.383758226555475,17.383648037972133
27.75196034831045,18.212696266090752,17.47187017961674,16.268946402737026
27.001893008426617,20.48845374362455,19.757376254261057,17.825446066616152
26.392311152037383,19.91950774305433,18.6118491728197,15.66151373914647
26.037849961774057,20.252516875615463,17.00818789123186,16.661114712548386
25.62702743040173,18.519442459505505,17.271173323060868,18.11168671979197
24.652105448611067,20.143405494438724,16.890772758775267,17.720117022460773
25.161005723045093,20.086227720002583,20.20148230768153,15.80607385826702
24.249481386515654,21.452273746294235,17.373306017861925,16.410222724368726
24.461169414401443,19.65476787689654,18.643823183100395,17.5233674791218
23.24133799098746,19.8639218938444,18.343448916179693,17.85898208820024
23.647762871768062,21.17700064365029,17.73519638051135,16.023438326334183
25.20738133326451,20.82871030763249,16.984202632294636,19.444069017876316
24.51535281159484,20.481351959737776,19.05076222280397,17.47624287669904
25.0584346975711,21.56090292965593,17.969234610820507,16.497360160082092
25.218181596725444,21.64294173323413,19.350928308235414,18.2459610555493
24.358100404726223,19.6863135392499,18.51370818963168,17.724656163502587
24.78759813558004,19.65882657706969,18.874412213931524,17.846745914442266
24.90927264374093,21.522435539620208,18.27214504311692,15.316282560582415
25.71688535313445,20.543058712833297,18.80185888038694,16.405886907004675
25.945958342351208,21.60427315348753,18.34425119690795,16.395078290173604
25.861942574908717,20.259184486978505,18.209751897226912,15.696715097611095
25.581594063637272,20.488274571646613,15.44180057885292,17.688961765324503
24.65078140873545,21.40727890373269,18.511286651367303,16.87439554865288
24.718735146827036,23.022843490939938,18.613464408796087,17.28851517614334
24.34390914604208,21.550073784852497,19.939716310556385,16.382276737778955
23.88053735075301,21.000353181522872,18.488294226284875,14.32529770089672
25.40852776274745,21.019764347615418,16.450867283821946,13.90926320820447
16.62490290752783,17.01090369937627,14.72164102331123,17.3647055846378
15.420090306426449,24.152376108577656,23.886978304625817,18.189863591210965
16.661741882226604,25.779385537430063,22.935171911952462,16.50704827963733
16.34471898767063,24.97158495611008,21.25454671841049,19.00365909323902
16.622309794640255,23.055757416663045,22.79012426036085,16.387365771016583
17.877822919100947,24.52029050500239,22.213616648708182,19.422768835821547
18.12015232510793,23.85329729040323,22.436692700436435,19.883450499567505
18.721684605922253,21.738847318518847,19.090750438744404,18.639141982758897
21.678005223212164,20.02465690616962,22.4756280966433,15.3859242375078
21.183578483928148,21.361668601297016,20.945625787409337,18.143025366635975
21.2953055160021,21.64032336554506,20.235720979303487,17.19021986268757
20.90336064865376,24.093098727828536,21.0820182009245,15.46261131264832
23.160806905352803,23.344806587881788,20.377003793765315,17.25119365006979
24.136475914406613,23.88847219263037,22.87336920541681,20.3642500508503
25.580539265988364,24.174740988695607,21.472354213613222,18.15065775157136
25.80042419823576,23.97955421717485,24.500988900299102,19.22761404959481
25.14040812645749,22.89062026293766,21.800586233102035,19.178110368672613
21.164003255674743,21.8906135913674,20.48907605751737,16.677306111088953
20.658277858097133,25.0322725216856,22.404887334978216,15.724567328528616
20.67162483940771,24.68076271300011,21.603507608646307,17.52885431567935
21.33487076271805,23.03692666458528,22.08945542189348,20.885391037942203
23.394433404187257,21.070527622114103,21.91987888794411,20.60635811757451
22.09084983601957,24.985302101636265,23.79334286695323,21.014421620454545
21.46790636009529,25.74614449546695,25.12488845153951,21.01458112857369
22.24142471380701,26.462980161034157,24.802121615310423,21.16542892371377
21.59251644633685,21.696689636054423,24.52735358148928,19.16406142528984
23.72694255890336,23.468800411432067,23.01887828082251,19.6768229790636
24.154136308591884,21.326991204944587,22.459007622049768,14.230094876334222
24.325262949006405,23.489276758022356,20.09501192681446,20.393276901185164
21.630514603455367,18.31221509872509,18.29844897485032,19.546539410538944
21.760803227973025,21.052027975448265,21.321335383378507,17.016838557148265
21.480400732314635,23.73295671622694,22.526477214618374,16.30544501695788
21.055370390220464,22.189666455505364,24.272559875039796,17.947040030759062
18.193828299663192,23.720096200589623,24.40787100371581,16.27215411534303
16.27222815852754,26.73796053206861,26.60248638862829,22.77527760269509
16.553043690041115,25.457833260993286,22.228122154034,22.24362573303901
19.12540267673996,24.28952964151946,23.48647936278027,20.765077392106
19.50941572624601,22.26570455928692,23.438988799530843,20.766737892224807
21.105494301334847,20.289674321688302,21.609941247847065,19.38656584114747
21.869320282028927,21.64323614022956,20.84632338755936,18.98657143134212
21.78729846952396,20.591589558750798,20.696588523887414,18.14522495093217
22.468099990926103,20.03428511768849,20.43815199443667,17.403420627631764
22.882653243432216,21.588033837913056,18.98831334063773,14.41829209164132
22.62407598841806,20.562281041910207,20.448270212746863,18.12001850315642
21.999922499294616,20.11139228859942,20.47046408651488,18.517127739287982
21.879061833170717,21.92156986999312,20.68385083792424,17.134805756762013
21.629905924749323,20.79680157391253,18.841126905514106,17.64440951000145
20.943268416991643,18.82548647440113,17.664668349576313,16.929237097356708
20.68043363048849,21.51128253730204,19.76612045587821,18.305934341026497
21.250172104940184,20.61611615327024,20.256566899216665,18.699442981208687
21.927652069499427,22.56360467902549,20.14001708533709,15.357996798114964
21.938835511700173,22.12193939254464,18.161311129331672,18.8309021436477
22.258608050886878,21.187614744891,20.123330799452933,14.469849168942782
22.47209433241628,22.79778931027757,18.003809514009046,17.653432290120573
22.329649005131163,20.948635020683472,19.010671199394668,18.749342796408357
22.502361492154662,21.21755822318478,17.934064606587025,14.947885231372997
22.962335671460945,21.441839305951337,18.299836719530152,18.09102760108598
22.158450075689743,21.157999609963117,18.968577857540737,19.09097697297351
22.245759998640832,21.50236573342171,19.170128556756094,18.00636494522196
21.64312764825551,22.575336548472308,18.75073784628543,14.09227637540215
22.35177595907815,21.66685186353639,18.376697601655437,14.583882867969132
23.08450085540675,21.65289003402965,18.282964891906094,14.457132397616965
23.68436344410017,20.229383320548305,20.35597819428332,14.51891680624645
23.72625675548063,21.576164193246743,19.15340500423603,16.500613635498734
24.23649476977537,21.446351311125408,19.217208631046883,12.996952425276552
25.08618556253506,20.650629737534,19.15297069649525,13.951736113165174
25.550944315920237,20.83572887658775,17.87918534115772,16.371900269751706
25.402676079412583,19.48210563714731,19.26004631538476,17.097780596055415
27.0968787552313,25.71256429126343,24.75510247952451,13.408776046962812
28.47932770301001,24.09160202777313,21.5666199155696,14.015368453805282
27.638193154329983,20.663065271377302,21.25242826629985,15.030101787534072
27.184595348276197,19.86656945450901,21.342297214588022,18.61228605447138
26.570573693642576,18.89674781056748,17.31736351951198,17.8570921565331
25.58963453202635,18.16900206166141,16.23960875132605,14.752763611404063
25.692871751369,19.37427585223212,17.255451606942664,17.014468086109392
25.10134352098807,19.74505780252961,17.671731797455937,13.550637395388897
24.659230819510512,16.903678274604886,19.110907121871172,15.787245737341111
23.00068606817537,18.977192032613303,19.010092607630217,16.614552058616024
23.47068243680542,18.425718114855783,20.324474169988942,17.88973731289761
22.257399205215872,20.67471785840041,17.780963111301407,17.569322990282426
20.088565461843142,17.334656120103148,18.20003443375264,15.784961581869457
20.963754029657725,18.948034721831966,18.6659828376461,13.269155526442562
21.77089428096268,21.37967530711849,18.40497537662065,16.83245350164972
21.703862933231083,17.995786217804707,17.75827448597715,14.898492590670893
23.41536472253883,19.5908269084785,18.51350402399113,16.5599686609243
22.19671178346773,18.81049776804843,17.222067323662888,15.417312418489889
22.04681754010042,17.43391575469514,17.326132820630935,16.73525219476234
22.01241978198915,19.60483801021833,17.70727928719809,14.011909366770617
20.960806024791736,16.86607965037119,17.876173099210245,14.483024484574656
21.857572214156832,18.538237418089803,18.007180202158484,15.50921941999539
23.48531241884332,18.73337272716398,17.78534748860324,14.022560267155724
24.78205693899108,19.204031828650766,17.27619076898849,17.46421771384483
24.411461533728204,19.75826087728108,17.320441578590707,13.984649981135677
23.39215682125835,20.07509636689549,16.305793462230493,16.212552446450946
23.597726152519414,18.338434209764884,15.754473606101769,15.695373240869886
22.936314096200856,18.716533339477703,16.25652181887502,16.849385997841406
23.23526845153664,19.33500761455541,16.792790074841104,16.142060688226767
23.80513012697799,18.98407667381028,17.545493614354758,16.783400294001147
23.75507680626866,19.248212196549915,18.160447864612237,15.736826210458808
24.08263334753097,20.957146813988626,16.37305615906011,13.687372631929604
24.042045323905608,21.092239367182824,18.296482673270503,16.44659321961229
23.87030582892725,19.494003093405563,20.23582182182518,14.664847897254688
24.117189626708708,21.7346756048222,20.135695926953183,15.034650745527712
24.70055721120036,21.290015258635396,19.295680289439066,14.90418132243046
25.23000677411208,18.85358637339832,20.368102639877964,16.055898528972502
25.71207128299501,19.639033169768,20.07779540396446,13.495467197315444
25.686936931801664,22.206702114741347,20.09077195226132,14.254998705303224
25.444052138102855,20.611843516862333,16.819140757349615,14.094687504279094
24.79091280150939,20.51529228554699,19.7440522628628,16.289857400279132
26.291345819822272,20.75269806000881,20.2406528297691,17.947391966657786
27.116647797203232,19.158225659065,20.15520784970184,14.890309292041644
27.404476708329295,20.7166683983301,20.684093417547604,14.818854356671848
27.046234063446047,20.025687545940325,20.27347657527383,15.36518920526592
16.407334939887466,18.32448892155761,17.537609551053517,16.77072008284062
15.75316858501258,22.92766043581045,20.51791100996486,19.48196969796641
22.171204276769448,24.914237049579786,24.26224296644939,20.302145474776427
24.681428367406948,24.13323931476154,23.28945917370321,20.866569867693247
25.71758608788677,19.297577746979183,20.8123947984193,18.44891224604184
25.45731633502,22.32855338576292,21.522543941467045,17.155705662167236
25.99890823643739,19.65350491699183,19.849974164677693,19.108682479503017
26.213184931461896,19.473422509623106,18.75888668827599,16.604331292020763
26.3867541679417,20.31012313923464,19.74317624865121,16.266807592483424
25.343466998793783,20.429151707750155,22.813443822949505,17.227294659571278
25.17365830738501,20.22541119426601,20.090875334169382,18.420551858347768
25.027086320660235,22.211099227988797,21.02860034204485,16.636482287794383
25.82974741242923,22.01815960391779,20.270147799222247,15.07137082887364
23.97237037211417,20.58329695739088,18.98192412799223,14.286303452149504
23.213419637555067,19.583935610453057,17.95411008522419,16.289929615951323
23.60642241807166,21.446735711517096,18.314915076815605,13.840288635323434
24.37736464682301,19.229183394367897,17.383935058032574,15.798735090016654
24.585464620794134,20.045700427699995,17.981240209716123,14.721083192487312
24.36082109678034,19.879457169327864,18.49989683056407,17.606475004722864
24.622506497543224,18.873787850668943,16.88516959680828,14.67210899896228
24.47391037190768,18.99288688956313,16.485052848889566,14.858170925844137
23.860423770280573,20.622188074906887,19.51382391618903,12.13843678242747
23.52465727765309,20.55462433217623,18.623679130874866,13.168490069880894
24.065535868759497,20.83646723918371,17.504922014146118,14.219986729402327
22.937147364522897,20.20812574228887,18.86800602614672,14.991686801955831
24.66084076228449,20.36010713127756,18.055607666428667,17.912853432980558
23.674721176294653,19.275742330589665,20.749424575798265,16.65193903499105
24.389105230078368,20.75218587114965,18.80642066643918,14.57802552572664
24.34797836566825,21.03547298122874,18.305172533300567,17.32386185472873
24.45527114251853,19.75267306074235,17.80686832459757,15.93066011831869
23.08401585608444,22.297702213216382,21.94706790068081,17.283392647449762
24.43520633284973,21.77546731404293,20.19237775875038,13.348834888722914
25.453690510130027,20.4092391003924,19.93411634563416,14.354924212632328
26.414079620978,22.498669108988853,20.113953011300357,16.749276202035478
28.09805588363866,21.47886134146044,18.46377754943047,12.532406530873118
25.966589200167927,21.20916293247625,19.59832473210768,15.91707706455128
21.39321807625652,28.54608869815089,23.755341205199414,21.19886335986144
25.014195519347368,20.56574714375651,22.806325236341703,19.194398469357747
26.29354032772461,23.98367277342258,20.77086627339469,20.056758953336796
27.63934086528456,16.823055191403874,20.73678637815322,19.08100316368643
27.052167239051997,17.61771999931886,17.750280808799758,17.8879029185051
26.43102084433132,17.511880868426832,18.32129915231648,16.12486022229268
25.351111858344524,17.43241747932181,17.343231185790394,16.614721506067713
25.849526963756134,19.18122243256094,17.9551469865239,17.33467605153356
25.474169532124563,19.64819491755993,17.44273548051031,16.907264771639703
25.69514712909994,19.991330906796808,18.8743470609346,16.82845701380959
23.020676367810907,20.4038909920129,18.17819764194402,13.90701028851223
21.647595461003466,19.253178244352167,17.87497723309255,13.93154897201238
21.8405350078458,17.7723322937654,16.77613793764915,16.85554018181364
22.88922006466015,19.299917996988864,15.385661945931362,17.712804949891815
23.807338600439422,18.13408276103223,18.61383496884936,14.407547943824092
22.87656897333112,19.24625786941358,18.41394197133093,18.202186114684626
21.477197435630583,20.565072227247747,17.11298456090357,17.654869055630527
21.456986886841943,18.50647025950492,18.112711162446413,14.418202958568394
21.569943636321003,19.175248998011515,16.61917067215909,17.979678561237236
21.02722887839413,17.86032070900742,16.331738581253216,13.722132996536445
23.47007658782725,18.84561422246111,17.191823481447035,17.21250446024209
23.965995880528208,19.1874905949938,16.075725526920994,16.296759432741048
24.324256154865623,18.3758544841599,14.608371787116354,18.167868721473276
24.296825736430534,18.962607052846465,16.418112017156137,16.25890864355341
24.581205499603072,19.439140219705624,16.22014046602359,13.868823146572842
24.091321441799064,20.951954717153495,16.42857921517133,17.59176064497368
23.53660321939276,19.727703268865536,18.6932531146836,16.32675888539247
23.59688560717559,19.90655529733823,18.844374404414012,15.094081943666929
22.99157391969536,19.845028284061616,18.018762591629294,14.84968658061995
22.38930253940981,19.28679621530384,18.3877910420404,16.149501661589643
21.516002557752785,19.14580362174896,17.93208578494783,14.812452016658924
20.74205388782165,18.96556939637312,18.75121000331732,14.653991567553872
21.76845652174147,19.32488113663504,19.561114342375287,13.794091801913618
23.742080863466683,21.19158550853622,16.85867346301802,15.69866882856184
24.09650461338921,20.527044356219225,18.680932513402407,15.124773134705968
23.848405630497904,20.50005212216188,17.89604659256325,16.963860057353656
14.532716802576305,23.32807889911633,23.255863373997084,22.98190232548022
19.247371458693834,22.26483873669527,18.82704028351919,20.076072270295256
19.25403288711211,25.505603320058885,22.98271843552197,19.03236747923416
19.39680615371325,24.427436119308965,21.937937234960685,18.78829027617788
20.48527092316342,22.585627803249302,24.89079215372266,19.356855635146584
19.6469601226716,23.569495793517984,21.06717085229412,17.27474617326911
20.177703617199334,21.60791868689332,21.508909843443718,15.42023442607162
23.722559552687688,18.62008811533053,18.59166668506584,15.226410941772846
23.569067819078075,22.018212911759687,20.26274743229833,19.03454218142763
24.100350991836557,21.94654852278273,18.953646853097823,19.860873912157626
25.02427713902037,23.79943658745275,22.828700532374828,19.54342932096753
25.494318010192583,23.51188503122356,22.199757858865265,19.358436176350526
25.59481061676131,22.14052914234452,22.12692013389827,16.464154003268202
24.60577940136926,23.6412630865769,23.098036919035398,16.47863317371358
25.11269751329968,21.46036307240673,23.67311535203528,18.75462463553025
25.576781823858948,21.7008780054712,23.58584636628107,14.565591710514852
24.12610912550956,24.73333001026744,22.441147110902303,16.186104640385825
24.829128146011183,23.76013063404443,23.32049996539216,15.174910493820803
23.574015586029407,23.116385457742805,23.653082680235094,14.292782844702256
21.6165391643605,25.39073774817569,23.80968265396524,17.07257241575427
21.968820004100653,26.37362027179226,24.3435221208634,15.902724913843803
22.591884050910807,24.206721253469045,19.99623272315937,17.603615489647407
21.67603635564143,25.42334848958213,22.01563654418671,13.790548577815422
20.099324795045423,24.08886949955475,24.224126484567336,16.11026947629423
19.8184912037642,20.627838753505475,22.05800720151127,13.408269936915405
21.949018951618843,22.871789521124786,21.50690983292522,17.34695700932272
22.692110065029556,21.77129011352513,21.325269334815093,15.03598561301961
23.376702214758268,22.039576221354185,20.3710943961339,16.55964211264052
20.29505832053912,21.57810156491212,20.81039258374621,12.528285199504891
18.71167850755676,23.337212593993303,21.52118931977614,13.149507893375228
18.92656905507669,22.623824624995905,21.58282879102892,15.902323755955967
19.2976916782458,24.122005163525188,22.141047479040605,17.779088260297268
18.71885521154916,19.91506295608252,21.3515441062828,17.23669786181331
19.918124157002403,21.91427344069135,21.612857107884064,15.038466723785833
19.09338562589195,24.90056608062448,22.20452586934253,17.080212684615393
15.3470382943463,22.669377972109128,18.753056724038604,20.11479933604565
17.50820076872596,27.16713910097492,23.74614046153401,19.322653462895637
17.46508661808102,24.49611001950746,20.63771886570481,19.33103941690846
17.646134307397563,22.104493074700667,22.10012196603312,19.628648089528745
19.516355943426547,25.33580171687417,23.653106372695948,19.14694369615535
18.81762696327469,21.84343747316364,22.878547603385535,20.351076572219068
19.910517184527155,21.767334398493315,21.54135866008461,18.74629671269413
20.4161809207145,23.415799754049385,20.92422815898836,18.53012183737926
21.524972838838213,22.306004829107465,21.2382073211458,20.30607046939784
21.18027153781655,18.67309796909117,21.44932458364049,17.158474563501073
20.894369492074627,18.635990254625217,17.199049477495603,18.17244434871063
21.75321190259837,22.65416962210868,20.363645411830387,17.46630290432512
22.271586015522484,21.698829722202703,19.45779133074876,17.541046908354573
22.04785687693398,22.25651042764636,18.7004512616114,13.77152678200274
22.04557346882981,23.57264446936071,21.331603761819316,19.503076034562685
23.074125189072603,22.53985384435416,22.589885567547597,18.758523556856176
22.815668226305093,22.304754686894043,21.91132987091288,16.49125568863395
21.995986519218253,24.074432641862376,19.460206555857308,16.29842402182643
21.646360605259627,23.031585367903062,21.446002268975167,17.681078794408545
21.659304594973637,24.89022006373628,22.391933337368613,14.703902962380754
21.5647331079154,25.074589526885926,18.179889940242106,18.363059421349508
19.397925940487085,23.6914897607676,19.20019471457118,14.779661107000424
20.84826325932382,22.595254439781936,18.78127678115528,16.547322292772623
19.598181844479964,21.96842066352271,18.666834958402852,18.804749436262117
21.48298680773542,22.30360142810822,22.153679467009344,17.962649674987514
22.01922312137285,21.73769221364296,19.790762262946856,16.64596263077031
17.629351424136306,26.71227892774229,22.1554519635595,15.483984000725846
18.864716586975565,22.87417726969383,19.71443058013492,18.68713284414059
18.86347141318222,24.404066211998195,21.438846571279694,17.53480515697791
18.81482071068025,23.758554792863645,22.043168542332392,18.132508407352883
20.02886870551692,20.34270002786485,21.514009175636968,15.138892925268442
19.925388506507336,20.74957151878054,18.884039035968694,17.156932877532583
20.744526670184783,20.716690841866463,19.356284224930764,18.321431818294496
20.350413459483715,24.70699111118769,22.193169108117257,21.2488382022291
19.018081367194046,24.20529005515878,21.85870866129567,16.62355275035369
18.74378875244766,24.04505419205635,21.93755156238505,19.060890849545164
17.78364114996247,22.953534064071977,19.681601350991844,14.458159090744063
18.03118314045987,23.88171433912905,19.60257210793171,18.100918414695517
19.805226404225383,23.872388681878306,21.220328762941875,18.633775507598376
20.62540327029336,23.102549237603057,22.05484562330913,18.318841755660685
20.22924423548015,22.14767214686927,21.67664831458292,17.825553853815858
21.83423476855812,23.012485216222174,20.63641885117346,18.03863978315624
23.77133047432848,23.298561695300997,22.789620176971592,14.145023085037373
25.10424611076633,22.772632349574504,22.06746326898239,18.758689800557395
20.80858334340724,23.30301945630696,21.05215087483303,17.119338458798293
20.65195037376328,22.48799538482122,21.29879002829897,19.18112410738453
21.148148308047585,19.423665107317667,21.400474200021804,14.206626514378158
20.512297581761143,24.100553622826112,22.088345956723828,16.9123566829759
20.96438296691696,23.487577925111854,19.95653263915243,11.216710658677622
21.136497179023788,20.801175178383158,19.21343997974805,17.6233190728197
20.213094080777527,22.643351424978192,22.454682702238937,16.35736417447844
20.35308532287721,21.8087369603976,21.464277811175595,17.91529049344221
23.670186814707197,22.06380279341864,23.08392787360949,16.433457760627373
23.083356623094108,23.02492241020329,23.0513862109384,19.25307766546586
24.086682672546075,24.756468969278554,21.793291927473472,14.443455042672683
24.656078260506785,21.37520185358381,20.239374007040947,16.728717458213282
23.091794087335927,23.650149398145697,21.293608156070977,15.354758824176931
20.806912044893533,21.383891097042333,22.270704254807725,15.653762198241978
19.22452446152161,20.677906923900466,19.398768432540663,16.913341366405337
19.624456846471578,21.310577142202952,19.66377514707781,16.975021754245546
21.642740863882697,19.120859324986423,21.95379678811908,15.97780838979971
23.211649704878027,21.881287314806727,22.60325418095289,16.196991983517744
24.67492789150761,23.2704196327788,20.71452198602848,22.085096181435254
25.33990489856359,23.439270279770863,21.84417663512445,21.680966830468204
25.85486871597227,25.827775212115423,25.22653516209199,18.049175514932877
25.635982945839192,26.465202160824216,19.944500849810325,14.910589346417453
24.922078624613217,24.907299134267447,25.56336734376934,20.951873142787
24.95771256858657,24.152454470062963,22.776446820746965,20.10690842829486
24.67272636613356,23.66817090947212,23.13561809625742,15.33098297746279
24.978161614491444,21.18587095038558,22.14527371617264,16.271409348987934
24.310738435871134,19.484083224105408,20.721214734635197,17.588275766895297
22.762802039290477,24.695728184072763,20.181158249460967,19.090689680654226
21.86026366417914,24.151723731542017,23.28504993910225,19.81425276505356
16.47622196420807,15.606464521367243,17.371449051564984,18.25922817255608
14.383721024655268,16.677603158473875,16.76597040888168,18.39926572623133
14.681677448873703,16.948115577614985,16.50506461893172,16.85793141122088
16.09401257902485,22.919083026105493,17.968625333966276,20.424784126409516
16.340125411925065,21.46521650601976,17.546959850074753,20.95435034158736
17.499573876274983,21.43043714156593,22.1208295761368,18.67286651189768
18.74925490573148,22.8881010453834,21.9947672226016,19.10087867315823
20.005817025995984,21.64313797376251,20.912247585915804,18.529440748704012
21.2514171224618,23.24090114951269,24.04622759256397,23.818715556336382
20.361147400533923,23.415217079865076,22.245680399693395,21.597355654663847
19.847179688189083,21.670900530407877,23.52195780366058,18.580874734124247
18.616111200645708,19.495755171581283,18.57084333548553,17.608060143490118
18.51153036839533,24.511810674122746,23.688992984834467,21.798826251034736
19.44641429497489,24.246398987461,22.799290190206467,21.044143579144563
18.079487661198204,20.58290498622865,20.59080623225349,18.82050748792714
19.390819406259947,21.90598134537757,20.531534072063995,18.6592560435196
19.35463999349861,23.12423982202135,22.404047125764283,18.692807539900617
19.33594432426392,24.156023960572284,23.998969686152247,17.31002507673566
19.547119310568,22.435363004761022,21.85270697414535,18.398723648286943
18.729572527124557,23.305688468873484,23.021881752085733,17.447426485155408
19.380004112505063,24.058905791944465,22.03713532608045,17.252202597846807
18.910622463474308,22.261910507982872,21.29028361036029,17.356898577170465
18.739551024616087,22.94001925378018,21.83611860532588,16.660249344794867
19.891393746835675,23.816536870327795,24.95541058471041,15.508742157801438
19.05668562361458,23.28593888604865,25.042294901152843,14.58919197053877
19.42580512046233,24.327365614751603,23.9703946925608,17.27620113390832
20.11081404839363,21.686952811111883,21.398930085056005,13.549518918669364
18.528115964560754,19.922935801827222,20.019164197068218,19.01509688401754
17.380239501892458,20.354458973239243,20.102270127161606,11.73633591610106
17.758736172024403,24.60284379696177,19.281146597548087,15.384157243126888
18.49351568131333,23.353399015225552,20.62169901069593,16.950892844264597
18.729976576048674,20.639434938341484,19.458052029887188,18.34313105894636
20.35007806298018,25.723969915040623,26.15547415146702,20.070425941082163
25.61324021987308,19.477843529634125,20.256333892876743,19.44130161685052
25.618202154017848,22.04632724024982,21.901612351118,18.27377328849884
26.83222263993152,22.22981918258085,17.944715474616043,18.20272597447313
27.095121156381737,19.138228782987994,17.82495572769537,14.995010641642065
26.90548149608881,20.24242865452506,20.04841166508824,16.90314568015724
26.217836282818585,18.5615776447905,17.48143632044722,17.18137223450344
25.782426000178425,18.99799502336512,19.897728051120623,17.26431761848994
27.479347514657437,19.36858880239049,20.943014094476364,17.094985276022587
26.2821453556614,20.03279887527313,19.18608912645093,16.348209083733362
23.86578304444676,18.253746528086207,20.68728028313458,17.83877472497829
22.55865109719309,20.320491018808998,19.60830462074039,17.919094380477876
19.944832351746527,19.89175603980924,19.504372925201988,17.418842933206236
20.775092023823643,19.3337093650493,19.497359859328203,16.702330378539784
21.920254391114515,18.73495182584868,17.81550936087171,13.903820968321147
19.89056229791579,18.150100592909784,17.077709298043533,14.22299972377694
20.0269454135507,17.67355417261299,17.416275725646702,16.560862104399884
18.777038471867645,17.474769262204816,16.26124780300921,16.70808325217494
18.868700519554043,18.666165571343303,18.93134450956084,17.05044668636208
18.76969319875505,18.404429453273227,18.07505265413557,14.42457770310945
19.701015954214085,18.02257557698984,18.786818076859745,16.643303169112084
19.597103025906176,18.482058791378503,17.692342735797435,11.767096458132997
18.71206971327277,17.449482556965258,18.38199787069989,14.403960187970853
19.490325003579915,17.56996830111189,17.252575052691046,15.209626798864656
19.185764946573197,20.438687392072183,18.248619899740262,16.207175144130073
20.04048520619767,20.166606722538344,17.62505690408785,16.331209946655665
20.608627924722168,20.16254102605673,18.233226612056573,16.041699567084603
20.645477168439243,21.524627771672,19.50957899205294,15.624539213499352
20.30420209303431,21.09068180486316,18.73764047717688,16.122277666626047
21.616562033702127,19.98464145865534,17.918768059935392,14.429063886623
21.483726027383412,19.682732826117043,20.040669715393225,17.07424691013877
21.183926051888072,19.02590853766738,17.20969414236328,14.73710679312425
20.010959585542256,19.463396793842254,17.825978180388535,16.343218157998116
20.46375043668154,20.34198498490613,18.835261884402797,14.18297474873298
22.072983187615048,19.06493033151555,17.335347161801717,15.905348112901512
23.805235579753692,19.255412598148848,18.397914303139085,14.07799624940293
23.96064478444132,21.405733221632744,19.19352281578733,14.149976704482448
25.02953612311157,18.05530228832229,21.53644540174174,13.966546559740516
26.01628587840834,18.21325520925549,20.30283924161607,11.173444585770405
25.49397779627253,17.87109777070168,20.222496013436704,16.059465842254124
28.554072145937283,24.16817648894595,20.86648310417096,17.276661681817234
28.35807130889716,19.392807684361888,19.90682755998322,16.25921008637633
28.330001730975606,18.993065381076747,18.82294920420968,16.8739729222757
27.365682881156896,19.01659479001386,18.952632426230668,15.097172471073684
27.61435869555079,18.037654417726312,17.81150619471889,16.791578522753092
26.908948617809084,19.493609748422013,17.99363422612853,16.942179227756768
27.463857133349453,20.83368905326984,17.329287153991988,17.166284631474607
28.089365565571825,20.751810669150284,17.159092800366526,17.35303700163401
28.08848889754424,19.323034459873117,18.28055721526497,16.625849910148343
27.8731959620083,21.698605523842502,19.21926792273448,17.378537744825547
27.37264451683551,20.22562439930458,18.358939120604507,14.84614674317958
26.56256427255584,19.95605901370503,17.699314681846758,17.737391499635713
25.595258873077203,20.773552846946515,18.17480422008343,16.974375063459266
24.747996923146705,19.412548946550316,18.16304583919388,16.765443154066308
23.524155303763106,19.17114266579979,17.767017119778362,17.280915474243844
22.700341244723788,20.22842577826308,17.92208435998347,14.885979460843844
23.45477650220909,19.69196959031914,17.888620142974485,15.280480058807102
22.515058955664514,18.3873825821976,18.136376287161188,13.464772488398332
24.41673581954213,21.76724196654631,17.86637978724156,18.500007468274717
24.51598322365994,20.22576604567692,18.527251915253093,16.762925161769502
24.76923600334315,18.872720277564092,18.347107531171204,16.770923411420743
25.060797632520487,20.739225618931037,18.007314012147656,13.52487948338539
24.408268667562524,21.514527666367147,19.6990254501702,16.769912260878886
24.911180605921317,18.8188149124664,20.252203684289785,17.313783531063095
24.316248677675677,19.608450150139053,18.436643909164,17.47010611369622
23.98656948716933,19.29308311354443,17.507125275052964,16.489799312254096
24.44045107502609,19.877091422439605,17.0672088566685,14.243085856452192
24.276514346965502,19.258873166162605,16.538431591374927,16.88601888101233
23.16524193829888,18.81542442956054,16.83007825202461,15.965079144847072
23.161071178525745,18.780513562606547,18.192891821383498,14.91563101889785
22.92587371025468,18.085574916357555,17.60220575810486,15.297993809172072
23.34562049950533,17.63216488708493,15.48778231747031,15.410528911094646
23.083969745384167,19.22755994861702,16.786981019671998,15.471153335609843
15.455700926671517,24.087164878888103,22.290062341990183,20.62007870818531
19.534962297487144,26.223293332481024,24.22134931405597,16.692209348116908
21.432313486237025,23.452652828467453,22.744376946602237,20.091721048462816
20.65402355248098,23.76463017540816,23.77964458067686,15.714364288254522
20.96464488679776,23.605365571995296,23.71908538538192,16.714389796081008
19.925510514327694,24.02409922027771,21.37953060300785,18.976291899418538
20.60201207321362,23.66076886213772,26.128147760088527,17.724211188205867
20.85104104761084,24.872506808197983,23.057466859909656,14.229824641327316
23.38096611775555,21.80471315047652,22.9426162424699,17.59938662555609
22.330159242272558,21.12483161436104,19.811744923887577,20.24928732404855
22.619278359676887,22.94949921079031,20.563789360133555,18.38120398702468
23.125237120462742,22.87814647223782,21.77747811679092,15.78388789612361
24.119384159498747,23.951404196691687,22.24772330805105,21.08262680880284
23.74322576190744,24.88931194536998,23.03025140161765,20.097513397862084
22.854870324914614,24.29461217866924,22.94125637235774,21.61458871607768
22.75084593656941,23.31993107386894,25.63874219566502,18.216031181042364
22.48652905104898,23.318476078728853,23.41168124900409,19.92379932588901
21.120699045423617,24.15471528415668,20.74151032264937,20.98854723658256
20.969787334460325,22.687100148565303,23.520313230289208,14.294236307085024
20.64860682217597,24.740915385055285,22.44872507034248,19.20321406270134
20.762688047942124,23.15290167881717,22.189508782565863,17.78905619293103
21.247704321171124,24.44526099901285,23.29431579674969,17.88569323659644
20.800924119266394,24.02134714575695,23.085810667230927,16.63496098408616
20.70021904647484,24.210829951793936,20.370716196062133,16.310028752587353
20.02380647293208,23.20028318866495,23.573109220777656,15.990809889312464
20.422537275590468,23.90093044008022,24.6551090244407,12.966787141641651
21.613695994216844,24.284819447963304,25.21896368866388,16.70884449577495
22.937312942879476,23.38254189262932,24.884809492718976,19.038186587675387
22.556742485608268,23.981944081091186,22.997275055819756,14.430785020614833
20.20126116496764,24.41857515960081,21.40349248328563,15.449900896122282
20.716083116563897,18.73208915749435,19.54072484249863,16.914174215120234
20.716473814131906,19.49204692447476,19.574563108446416,14.429718220196284
20.41589235209424,21.46747655749209,22.218435348508763,16.666920344854756
16.01465358501957,18.61162687248381,16.711406949158118,16.946974294853437
13.98382602830955,20.987475537484222,16.09973648641957,20.131588908379072
14.51961625434254,22.338438268318985,20.044319060648583,22.30438994299422
15.154317668378214,22.201480672025628,20.96770440619617,23.058329250730598
14.662028796115196,18.390055346464248,15.344176509814824,21.98688457822688
18.772083930595105,28.402304950801355,25.90582879603861,22.1109540036159
19.132743636413977,26.504896586679703,28.40831604215496,17.306867301844154
18.40897526513035,28.89201901222748,26.310534785745272,21.95802390769417
18.07613663213907,24.977933281152385,22.959940957751417,21.52965649695115
19.618189824042933,23.06047365004604,22.515662174969936,19.01148347994313
20.809705235384545,22.126917467253268,22.01959574381154,21.772444629815013
21.806535194609925,24.121599768071523,21.40035951723621,18.127959590535177
22.30056827088857,24.564036248477574,25.21372967124549,21.7258453120856
21.98374845335025,24.72729368192313,23.58290233517137,18.99233448429685
22.48991009647482,25.36745767589326,23.781154655087267,19.647840487525663
22.76642871102432,26.24179435453219,23.93711953915273,23.1237233509019
22.75800100405885,23.94861394523826,23.727885798250693,22.43960143012964
22.873522814126705,23.097629855010307,25.29854800562689,21.784874434101567
23.096699898193915,25.014115924068506,25.828244300677014,20.78812160016402
22.58586106815756,25.754859842684183,25.918010871323705,18.3966377664192
21.381389671758825,25.705943518768635,22.81941763927905,20.85850675208336
22.67684696482715,25.31737673953222,24.3748800753734,17.67261031603009
21.992351041682124,21.519712990919743,23.215065032539247,18.51442744539987
20.704606328040352,22.03013862381209,22.075771839543805,13.973546434103756
22.012551350809645,22.27709961278883,22.758907732359397,14.86454849712941
20.711955896839022,21.131989459826915,24.09182222793353,15.476778341320587
22.064606121279823,22.52453660826446,21.81430217459479,18.17950327720134
22.2285400505342,21.967749532396468,20.335505085585726,13.91495569029457
21.812196328583827,20.863591323940994,21.49830364681108,13.783284798719045
21.44788628575598,22.02676132509697,19.760033958971025,16.27958646268323
21.28102625762386,20.3809804170165,19.076392770938863,16.815259493501845
20.811853555997185,21.34708729990488,19.61194373916676,14.54241743360277
22.080225152844225,20.83312454965883,23.668168512798957,19.35958861302204
15.02356390327027,24.087835396219475,24.350970758894466,24.382253649076684
18.8091230103473,23.980516411937728,23.65186439904086,17.08970406951195
18.447808481333656,23.978094188802995,19.051341540757424,19.090402010635657
18.974863986056786,22.36815932107818,19.72076557744828,15.886156513933685
19.39444506853508,20.513197600163465,22.418310849314963,16.879407506576488
19.27691012712205,20.84391389592011,19.646639240564458,13.191594130611689
20.128516187769097,23.13065891313815,21.807573535381508,14.370355513683606
21.535358835229584,23.12504268578046,20.324596955474465,18.81020379880999
24.07051666677287,25.092237850646484,18.152564573728952,22.091334844545344
23.74646410886372,20.778948430035232,20.83005066577123,20.15583035861537
21.660899946891515,18.900145232944112,21.346165422670957,15.205744658182711
21.77062972758229,21.446837916233232,19.224441571073644,17.830010663933653
23.365717398806293,20.84184856529253,21.91741168493347,17.86424770094582
24.76556058751585,21.911571574260687,21.12175610368324,16.677948134735605
24.22745955269129,22.113326828746995,19.137114645246445,19.757332093669586
24.67802629565144,23.972810036050166,22.07127840857766,16.608814295194268
23.51606173755313,22.684386798894817,21.17175653458761,18.65063318977219
23.52815717801681,25.132492587738284,21.60473016323626,17.9409183345811
22.350526296175698,24.99233330559007,18.7882938355684,13.49224704880087
23.37009386670954,22.17146849965955,22.288998782311893,14.26385732854303
23.036858440730445,19.57412980774174,21.187455773440597,15.345054836949297
21.75950062957628,23.39911291612812,19.578144359884604,14.83893725931962
22.64541761371558,22.189911602295545,18.88910284812123,15.130326614199967
23.43150865572772,20.871093480137308,20.392216905738557,15.649710275973623
20.66104138177563,19.876402175879942,17.817415527265478,16.66298495345328
23.250606266525956,22.693089335164427,19.663503567020857,18.10275061274362
22.782368095663514,22.7501714519265,19.89257997307675,15.54655646902645
22.026873700765304,21.860269216441043,23.71008649249408,13.458677950620649
23.631874289542225,21.90904592311688,19.65147597732618,15.594783914884282
24.26787197960275,23.18554209122904,21.57278233287703,16.734588282195983
25.01851006787109,21.00712725863058,19.67320977309183,16.26651032350046
25.45564665499805,22.56153048616273,18.111120235499843,15.650534455187476
25.310563886431066,22.96053038909788,18.34593457978284,18.022610245868808
25.016357886377705,21.83641358324632,19.63725741332611,18.60962616411644
25.908294449392866,18.88442589508145,15.380264299822556,11.524574274917908
24.83944027798647,19.93591783717877,19.171587639422256,13.53398246210577
26.60115729665195,21.00539357250982,20.98975707965321,18.47792078210445
26.20227494110711,24.029536029979425,20.55434134210228,13.511554835552236
23.64385264782526,25.787563236192213,23.74664311347065,19.45672355155314
28.671685013168133,18.44709552542284,21.151617503900017,19.379297939992146
29.17623282683952,17.817540741152992,21.91741120566924,18.131708661595454
28.15608430384812,20.534121534378524,18.85442288331869,17.352011685149787
27.029531746852825,20.190944424109603,21.46488549961449,16.607894211106196
25.38580337444159,17.618198545390438,21.00653041134263,14.736111476954903
25.7571794666143,18.92442024013633,20.519553375927064,16.36447358812661
25.332453928542407,19.012487999378745,16.65547933021237,13.866689527864878
24.831316139660828,19.024140403507435,19.64812992765307,16.683340213376052
24.57571365719297,19.838185178811305,18.761443008924104,15.0868565319769
25.35224653809596,18.206519066035156,20.398925475073984,15.61972139332078
24.960710432353338,19.34741131504661,19.52768073410052,16.925418383403205
23.62539948692886,19.92702105584246,18.98595763781516,16.24104470797648
24.9713632545196,19.759615627087246,18.15804408973035,17.644292495110168
25.10089370406403,18.34305164805625,18.823384556318896,17.913702061334572
24.264676443941493,20.110956339821072,18.65015836685957,16.48652608982617
24.35667052330672,20.222737598493318,17.435110340602378,16.299310191576733
24.147366345836463,20.290167225828263,18.08268561731461,17.194375728345154
24.66049022724544,20.547115619136108,16.473998742667508,16.28021441738612
25.49549784304311,19.851395775496083,18.19610449322381,16.609216354830995
25.50635262223182,20.660304625920283,19.30796139322678,16.464967169590995
25.85607400176645,19.485998378616173,19.47996994806793,17.367336184548165
25.36771957676294,20.242347098731543,18.306067132512165,16.696927018848772
25.903851188363465,20.783137450724336,18.16422165929803,16.51364033924178
25.739283126633964,19.358658089385287,17.808184692734116,15.006897975022724
25.766830802823524,19.135930059306396,18.320684275608095,14.19801822609575
25.33317479228729,20.505024468957085,17.38705207601976,17.382295537770528
24.05417534543305,18.98231450120168,17.4840668827357,15.114970642263662
24.275325625920217,19.68439603455484,17.65274421589695,17.558488181010087
23.91549807431552,19.402012311604203,18.97409625000138,13.5688658770761
23.440386259502976,20.508309771971668,18.157296983856916,16.516776938225703
23.142417742081108,20.06371904289671,18.533072633240064,15.983388950219554
23.472851105631104,20.338306362897036,17.566935490078944,14.984816848896491
23.493355162771195,19.677566207737677,17.410533605208105,12.427890097545992
23.081812896695222,19.556385584663136,17.80848224440491,13.469706756079338
20.34544219608401,20.48173799262788,19.921062683837125,14.398303239920446
21.91133309136214,19.983705916389045,18.552300757191148,17.044062249579483
22.12682671622139,20.091660324406188,17.583426671387645,13.41650079732691
23.8546023884752,20.15257210759677,18.496353932937044,15.85676749522186
23.285997027320445,22.15890707691605,18.694669779408745,17.489887987543757
24.24506399650593,19.70916160936821,17.67406050174551,16.479161796424876
16.9478256432605,24.392115833496167,26.169588572461837,22.686428140765155
21.112904399710576,23.943944648489172,21.99251566212634,17.892338203913493
21.770720459067054,23.606098914868152,22.85739203383848,19.343908496153052
21.86118490256159,24.24168445188235,23.37189968325201,19.63502328251848
23.377956899474597,22.813507562959444,21.03717838495924,18.32168798799169
22.49133884670427,22.951453083074487,21.177359252778388,13.851206817021554
23.056559095849536,21.67618467940921,19.92628459033223,16.797074984986526
23.42082375026441,21.41990550172714,20.883836013354628,17.465589583185967
23.535705340713005,22.27695543831281,20.840800497616307,17.284117112632373
23.330160489430416,20.752769490021468,20.2919744326053,18.283116267888197
23.37099923758456,21.812867287494765,20.772470936380508,16.85633889916539
22.88678998008719,21.96812208296566,19.32446150610367,14.611888431658258
22.291171667599087,22.53564888771139,18.305869284367784,15.38547354981713
21.87698319101496,21.28814779636404,18.53040083519198,14.39530187157561
21.16283816134004,22.02503071368025,18.539306636127936,16.051048048330983
21.403638816294585,22.108612405097727,18.699555516814453,15.732412154142809
21.36203029493863,21.57579187580914,18.96258498112711,16.274418574479412
21.34464503443021,20.367526065683737,19.052451223421517,17.936774298673644
22.066950927064106,21.623295056391697,17.49911361344211,16.47164617822171
22.028279042537672,22.6145348202576,18.108463032818527,15.877142683537691
21.607374055119596,20.816227359499504,17.898657001973593,16.735912499270015
22.076707303397725,21.16893977191295,20.23715124453737,14.81164776370892
22.411044639181444,23.158543359096274,18.87075473772613,17.170125973120257
22.757028385280822,22.17523951575593,17.40309239138529,16.122343638976087
23.66215851621496,21.102730239201247,18.581760639020494,19.23836416769068
23.80773966453467,21.44622962597648,18.5043030657066,16.646941052220473
24.198568880655674,20.95140053425832,17.65448967165757,14.299159065646316
22.844477368837197,21.846965728363056,17.07203689037461,15.839367285693456
23.406744840645604,20.7883678964646,19.003847063846283,16.5297925462267
23.29812365330433,18.684542764659938,17.83892757475731,16.553671367010434
18.838633047539115,25.852564260932866,25.583521491468986,19.600520785956785
20.94757734345689,21.800225463214176,22.409353034442777,19.420868159358456
23.448515766412,19.806950330221937,21.57444629513843,18.22170492167923
24.57705634157861,18.69873191722823,19.64142179429923,19.372888884536632
25.28865564737808,18.94518248229179,19.763876974124003,13.4689365065013
26.96881982361174,19.93454298467481,17.69744020139379,17.368138683714253
25.7141283181617,18.829476999728268,20.419401034902904,14.989301948374951
25.550315663220303,20.525373685277664,21.408282417598237,15.804489553103588
24.333150937033377,21.816599507818196,20.038023460905453,18.36913849060079
23.08409593115215,18.84206437671809,20.116057561436467,16.19514833921517
21.436094152794983,19.992035328020982,21.330870696351088,17.446627699952092
20.42074212013682,19.796735570036432,20.86156168019876,14.035268517618254
20.05772839255529,20.041880605574416,21.419452766347423,14.341546432008974
21.218902699068117,18.49025643829712,20.124666859804364,14.39518703680702
21.201887751914366,22.301743244761557,20.247097958005018,17.45078422562727
22.456143143491403,23.16879944077712,22.38556691636225,17.708352870054238
22.633010895842293,19.98060825901301,21.765571533524398,13.79179427129761
22.21765683159813,18.428156992050184,19.34831318257275,15.296036446329678
23.51459067647266,21.717844441113225,19.527454576068497,19.03944936502248
24.592107608898388,20.545713412341644,19.93671244519261,14.825548403971569
24.788448880697405,20.83249643805597,19.84693343326258,14.963838418551966
24.055610673281336,19.64793850522476,18.422462865494087,15.199960344970828
24.10204979871907,19.197906879626814,16.21896403538571,15.311888624452571
23.291871464661305,20.39398397330875,19.349651326133127,17.134772662567684
23.642363971526795,19.438672144421915,16.95361320914743,15.641482214858035
23.69658389870292,20.92670926608216,18.23590235358941,16.273042877149624
23.019590440544388,20.155614428997577,18.349119969920785,16.460605511944898
21.33959913664454,20.590667186174304,18.24477904877095,14.32163322360897
20.34084531937272,21.046171215252983,20.1637793069827,17.585120893880774
22.5811901940146,20.32051286135629,17.376868405909857,17.34042798356759
23.865299701741264,20.298623514395008,18.68584609757958,14.158978219020744
23.156395497127885,20.337372913262787,18.463102905766203,12.87034500113055
24.028667830853312,20.69477752387272,17.89838706810283,15.158393067179537
24.372407791703896,21.42041404306652,19.791889364609684,16.432653867082582
24.190110595063747,21.06825201857753,18.57539893228604,17.64112834862479
24.43547481769627,20.522968339021,20.95308978822421,14.154934857223196
24.114205275089414,20.61212658624412,20.962757388431974,14.6610231058622
24.538114177919084,21.238122875157945,20.173893064050212,14.248058815803692
25.10949982854177,22.19122730645344,22.15724127469659,18.262047324181555
15.821431966004978,21.64794820605229,21.51212249360264,18.06996115252378
15.802724775484007,23.17116224325024,18.94124184219636,19.77234410694167
14.71770206434671,21.9118530125678,19.6541422149228,23.16666628700338
14.91829375902534,22.793000533402253,18.643634502983957,19.32410347762828
16.283284694085157,23.297169972137656,20.99207420558181,17.56730521853794
15.43664028164667,23.9052578063518,24.01849396807259,21.008543637776977
17.284580476197355,22.91307337965388,24.356215789403493,20.204116844701044
17.14138542675249,22.568829484328777,22.6962814610247,20.68349250083792
18.578591015403514,21.49063453705232,20.02985000465484,20.2742603100046
18.6316189561405,20.596689534855237,16.23916854709687,17.62787368214264
19.023467939479136,20.16825321352562,19.13220320008688,20.387697505046532
19.590060370921787,21.716774478104416,19.94213218047372,18.276984382505912
21.143516788288267,23.48515305852453,22.3609590471948,19.770603436380952
21.33441202406433,19.998601534990552,20.301829533038816,19.74733473851989
19.21515067842129,21.416047960832724,20.605018363977184,17.197171328877577
19.90914243211324,23.441302764776733,23.22507224480008,16.13559937524919
21.19454997307961,25.283413310333923,23.599326622192763,19.04303592508963
20.945911558455236,24.568499870292992,23.603443262003783,19.80359595145869
20.665520389064287,24.031350056593883,23.43333410420288,18.8392891955408
20.99227131888276,24.712296756003607,22.21746062807864,18.406640595592307
20.751218301444823,23.518469307880864,20.251714975728365,18.212894234761357
19.373001142472425,23.4148025258911,18.122891485297515,16.96857956630102
21.184472977726426,20.66315157066909,22.77610938379497,19.60635721770224
23.84581932892,25.88153902662248,26.15741109087437,22.706144404919574
23.848420092214116,25.75977243193076,23.980683590442155,17.789208374010048
23.794950359495164,23.12035140770187,23.964553240495302,23.02727777327246
24.846217585977488,27.113491060093597,23.264466749366488,23.244340773326677
24.378988095017583,26.684361011899654,23.994662266016583,20.39543673536001
23.30369230240804,22.78347564345537,22.119274510083937,17.35132296235554
22.368378687266443,22.273153152874613,24.140612814609128,21.096407665344383
21.23197493861464,20.54421083486997,17.84100273660062,12.769832768776803
22.94150348900829,20.71823368660276,19.57398484275622,18.1030524269501
29.95988438016903,21.483648361291827,21.473836146554845,15.86138828672622
28.16047336824275,18.45106838428909,19.982508634666782,17.928569817045872
26.867989776418664,17.868337561717965,19.207989951001583,17.277382325790636
27.003565293333622,19.004186282142125,19.466858150897497,17.035765618784513
26.225532258490755,19.8386369980528,18.660603571045964,16.377172595162932
25.878309086704675,20.77037290746472,18.16919082960077,16.397034825930405
25.45391800493248,18.713383329089528,19.834854215542777,15.262455603936658
25.14974744448096,17.3019853539564,20.368673002200754,14.869397359292655
25.0314782564678,18.07722641533608,21.415935341710156,14.0602024246933
26.128773728925196,19.714453185637154,19.17900804703764,14.857173515727125
25.87516356855665,20.000106205796992,19.712662917257934,15.318689289349775
25.473013956877136,20.18912337032237,17.892746832571678,14.774696797552282
25.48508937929779,19.82931522229193,18.465166703369174,17.03095839423744
25.73627729505517,21.05288875549381,18.44859784470275,16.698653325793874
23.976629365644968,21.501919298945737,17.491526741636136,16.33809406523657
24.95396408999385,19.865889437185043,18.4306324254997,15.375445503683387
25.90833436452557,19.181353412830656,20.49915634838557,16.913891616390924
23.81284414535963,21.500785933281648,19.132080391048007,14.421788126243442
22.81066907260437,23.53876372598222,17.500260017443996,15.633591264052695
23.288892236221443,20.140626024346464,18.474265196167973,16.445144762671003
21.77807482661728,19.447398390618535,16.122312706306964,15.914923878929804
21.34656016688253,21.68116562449399,18.23631542791509,17.043174287849833
21.2517426078592,20.013992576920504,19.03164172030431,16.46049519985434
22.702374207608955,20.89276885084423,17.82566436665539,15.01827315552777
23.39271195859868,21.51742328868288,15.922855572894733,15.40920708356056
22.89966060041164,21.126371212649005,18.366092430164727,17.826804022475
23.80065478854169,20.57402674983278,17.253843144707318,16.18293083105594
23.540892015149225,20.756758232657106,17.530315264091453,15.363592098240852
23.884163762645287,20.53828801484172,17.193203036794138,14.908229611638715
21.8616351071382,18.937795439616902,16.573729617873663,17.721269558030667
23.40909616051588,20.556942787158224,16.547739306257284,15.41626636262174
23.69564415750708,20.12329113816651,17.170042196302038,17.220336837265915
22.393470748662256,20.657359950503643,19.12119679739718,14.312233967499528
23.92055004580024,20.045349748278188,19.3077807980732,14.42910504213375
25.72899816695018,19.744935618874816,17.266461664471333,14.335446204590342
25.175240467419385,22.265242643082622,18.84465937828329,17.234628762048196
25.749094215097937,19.847480101117505,17.5767976484875,15.329185499761614
22.89241209359289,19.658170942216856,19.416937402938576,12.727943516629482
20.41355149141803,28.14069413730517,26.959634589856066,22.81208254665135
30.25792058835047,22.2207722209898,19.844617660418145,15.013349031740796
31.25742697277831,20.03122339379626,17.235371141638982,17.431275293398993
30.546490732634,16.45352371054461,20.45183113558536,17.07867310555687
28.93498289242179,20.576960431754586,17.57580036175959,15.544804928555244
27.76107472478318,17.246248695113763,18.494096314253948,16.36256382866181
26.422198285846225,17.90822180499764,16.71467516735706,14.548647854613977
25.71550516526085,18.590199734613503,17.014187586482517,15.987501232837843
25.504468924755724,19.99004581468052,18.106809279474984,15.716443671907774
26.064419772348717,17.797886897991503,18.594753759315733,15.929386594533204
25.791559098294684,17.911322096587146,17.104344505516142,14.287070098266977
25.0080837165486,19.588907880411067,17.71016947231644,13.42791456754196
24.47094089133675,21.26561642462775,17.777505764055856,13.567595275191218
25.02479486623964,18.347749662105684,16.351188624810806,15.926091761300754
24.972448931680404,18.91100535099381,17.248446915210447,13.530606802492605
24.7725844464394,20.75137665465473,16.298411604785528,16.647532227493112
25.619608330054405,19.222969110301705,16.736381118991297,16.664454674756698
25.197518549383062,21.440007030333263,15.58074878696098,17.55620121406129
26.255525284212503,20.027234097639504,19.14433366768905,19.15759372555212
26.228385098434387,20.49615362628576,16.29420367713483,13.61956374481248
26.95085510249648,17.35036478817224,19.63942301909705,14.723881965620189
27.352915347101128,18.556328554789108,18.67751500069261,17.508178548657263
27.13962224866576,20.779791778980684,20.602391296989065,17.579789896884943
26.31662916427116,21.51385316571874,16.444588827590568,17.267914350809523
26.852174960196177,23.25695577396745,16.142661345350582,14.62353788622864
26.528438054919352,21.57545953983939,17.634899232766205,15.284063855354688
25.744711952727013,22.49527172449612,17.868493270167274,15.568791813816054
24.025010466778117,23.16197633674812,16.50241864230725,16.959654497867728
23.558919745548447,21.34300409665231,17.004744987316343,18.13304117558168
24.15413328347934,19.62558965257523,17.111301171250457,16.39991922372899
24.680889445763214,20.151897680644968,18.646053808207917,17.584243753103834
23.864284707623806,21.332086034023533,18.06524615088132,14.974481534753735
23.40812880985069,21.693351435505523,19.578217982322894,14.275116394065828
23.998613290504,19.463405927734765,18.253729151461386,17.64116497607318
24.36050379062831,21.61980417332437,19.895972024597352,17.281565537556578
23.963179896641567,20.824204926687184,18.021139274944503,15.156668296432388
27.325342128634716,17.843150355430723,19.45186479605985,18.43119780651283
26.4688153667898,20.74892032779833,20.796333624706957,13.691418960143857
26.824078325214785,20.38978944100745,20.67544729440648,16.161687181402357
27.44896923223628,18.856981767753485,19.919337653437136,15.544075901693487
27.44385490986421,19.45224316922813,18.98622953678973,15.143665788231978
27.637708653342305,18.078278889025643,18.500240884617483,16.67641866566511
25.865108644047552,16.929279640713762,18.560458244187952,17.768523831654623
24.806617011848957,16.198700948493126,15.70251347844554,12.731951700362094
24.26669590468484,18.0448403426974,16.13199912189972,15.947433674524753
24.41315241245381,18.110868572768,18.983103562145946,19.13276569393061
22.973480634699037,17.926374817561825,18.76963244525137,15.731997660068068
22.795365337936687,21.43095729651296,17.950101127807667,14.968300514967778
23.16711764214489,19.541569874261416,18.65751079627861,17.456385931852846
24.62344065493483,19.814615358204406,17.39829338752781,16.440710426934384
24.263050292516937,19.239707096887575,17.831517553639788,15.146790279609569
25.039969151282747,21.690102506598475,17.62723691357351,18.04188744731688
23.420478602020097,22.234870253631488,18.33265722562675,13.230146951905164
24.457985177088837,21.23174762202655,17.92220391962547,17.39180943589507
24.823148444694294,19.97376737769675,19.78309024463684,15.063923192327223
24.215992537727388,20.34280279891752,18.112675796127203,19.61600404132688
24.34704447276597,22.593879239763595,19.77611431924437,14.719440449039494
23.341582944055048,19.518186823746216,18.77626325538059,15.11132087067484
22.964415794598725,20.73894572104028,18.48642289024969,14.971323640391018
23.250819380536345,18.96189891718964,18.149639432475094,15.471197028901392
24.15791938539692,19.80988510111904,16.833799910192514,15.276943136178632
24.70657405755936,20.167618310811545,19.91817773999644,17.43422114705834
24.891698750081805,21.093043196942286,18.027100658338007,15.001335929899854
25.109534851088984,21.18644263983949,18.456493972429207,12.058116212034406
23.717026011632715,20.734429867006583,17.759150883762587,17.51487876823818
22.93495379877275,22.311037452617043,19.306028587936837,12.200153919507864
25.09484356424379,19.1054680390517,18.89271047816956,13.729011375201358
25.41775976347145,18.86063568701886,19.33969825741768,15.872367833213616
24.48683240542259,20.33947449249699,18.20485207225418,16.92397146183575
26.248331030478692,19.898363708378,17.348287142434753,16.73891035636616
26.045878639432622,20.286914017258518,17.70279079936761,16.626562110178565
27.60787848512305,19.67797182032365,16.991005411859202,14.00865641038947
27.2910447041582,19.537766803664866,17.84408607845324,12.537972741140951
28.4930586841098,26.42276157345653,25.76389133587205,15.086845289586629
33.367576549769446,21.998640922037747,18.678471546637805,17.116265498124562
36.11830490596777,20.357766815509333,22.37031976292752,18.14159013646073
33.41006559313869,20.32477085835828,18.46289182324232,18.057239348621646
32.6314042917495,18.031759656160265,18.93121726335884,18.46956388695821
30.380593767246825,17.763642827800243,17.93090929533204,16.711298678583173
28.3432265880205,21.41858368086464,16.172193705233585,16.622391093503936
27.06113983336208,17.71288536408706,19.90723091439463,16.39771812643079
26.424502838895915,20.24005602576379,17.01028282384785,16.25680449088245
26.60458784860008,20.869424248439103,18.275602176103707,18.509381449077438
25.41304035087266,20.41392713045462,18.456110638911557,15.542801746485134
25.33879920929841,19.433711687938963,18.290468465280192,16.758109130383804
25.03955975729009,20.583467806426267,19.534729057361847,17.880993266988277
24.509135626559843,20.07217634167542,18.68422528465179,16.7751123784336
24.6938373372066,20.52435594849155,17.36711933145773,17.136381884378967
25.139937522414797,19.041322798331983,16.347562505093062,16.713517543916254
25.82567039739697,20.50913670127255,19.47990367982328,18.89938376253433
25.74647965755668,19.79959081525475,21.05425309102664,18.346136650396765
27.05678623328241,20.875106753333945,19.384592601460074,17.736602668631054
27.4419953909741,19.58284538658844,18.58953701820038,17.749440815693458
27.869324016810754,21.66585668259781,19.832015502934937,16.872429209554348
28.119115215210925,21.92740584461864,21.190447780344016,17.974518612055004
28.589442092154957,21.122309102078223,20.528434194148428,18.247951784565743
28.2546899330421,21.875280751766702,19.59022990000361,15.810372941010677
27.99040750182957,23.64641420124541,17.723467674234428,18.126140652094048
27.383355702395264,18.934956666966418,18.713705239151096,18.444457876059957
26.25580797760824,21.424841945101168,19.32853508443284,15.866345663948268
26.27966867286085,21.189881910557386,19.20610406535646,16.302845309463507
24.96699618987991,19.81677767447713,20.00808542492408,16.792268909706763
25.25553207753397,20.141224272595608,19.40531491711945,16.50053351838356
26.368249466500583,19.641114593222863,19.733331646665643,16.065850714996113
26.35938475740234,19.47857725435224,19.478663765976496,17.584271654413197
26.55266670570481,20.670439537269417,20.773548104883893,16.20195776314343
26.89102104580156,20.79567895383717,16.830935178237407,17.33970392677011
26.04286973972592,20.71357000163368,18.819579352653985,16.754279881484948
26.5595749973432,20.58259196643216,19.22897533467404,17.343772216781662
26.99325102038695,19.432525253032043,18.41603224595232,17.028065857795053
27.328568639995503,19.75245915226221,17.861372696643027,16.73271818032326
28.65894831407296,19.624966924244607,18.17944522191089,18.365854818387135
28.12102878578133,19.24580658261153,17.973233056045093,16.315009564145548
27.897351680252367,18.36967833461227,17.89669637284569,18.01459237371269
28.41103171842498,18.70717184103811,20.73866358098777,16.573742830928634
31.572420669095944,20.546940665959934,18.58150216519731,16.34462024018939
31.213054041268936,20.239187906131647,19.753530965890487,14.637776848850848
29.50432764817317,20.77711608510772,21.362531586078827,16.530592678577005
28.28127886988221,22.660558620808747,19.835760928225785,15.37731294691517
27.60622627873822,19.493209433756828,19.823866709764665,16.610401046294474
26.5079477236411,20.316714131390864,17.67003635612932,17.03080982739954
25.70343360029342,18.3540587990651,17.199158674486625,15.194456381909774
26.00980704896068,19.73640480824037,17.819354294284206,13.792409193628794
25.140867669318727,19.066619972613505,18.33177240026159,12.609917095156293
25.11366161811616,19.07052598972483,18.22473620652196,15.547275257280752
25.40620109887368,20.485435442252285,18.156150859946425,16.740161955569093
25.59078925159353,21.64407867357289,18.17141330068409,17.309732865223676
24.865550072109425,18.74745980844629,17.260672573598573,16.306495338863567
24.925697106323543,20.05566840957088,18.59848068824435,16.90265934826655
25.283097332059565,19.131986632885283,19.08303374798561,17.069815527899276
25.14205317470789,21.875582011201814,18.64045361808116,18.309801250428418
25.118334311817566,21.337889528086208,18.875843255997697,15.875561807067704
23.330372432826625,22.098440615496244,18.98982229700013,17.571638564917308
23.540435842881266,22.9775982189925,18.6030657190332,14.318495309777305
23.80334171469403,22.684758812275835,15.954754204406024,15.950050907143122
23.73022995498047,20.97597305280644,17.674967650479086,16.082721401051852
21.803598729957752,19.63621470839622,17.031371641878852,16.162150151380818
22.62607564234908,21.83777032838547,17.813219875170674,15.714487307735334
22.953121740170385,20.86170845177058,16.687181075498728,16.150054494669092
22.40617845561789,19.14415334087654,16.370795656877217,13.161618832474272
22.30772975358273,21.756101953979535,16.296189512007533,15.98347287017159
22.121891337377463,21.35963038505457,15.774375805510934,15.692869227827636
21.10371833982404,21.11838477384817,18.76258756006868,16.48723386710949
21.11146660041186,19.82114498063829,17.904755876277637,16.135830586036995
22.767305530282883,19.95558979948528,17.55226216095007,16.347848357893664
23.20732518835549,21.04084999753649,18.348965523642786,15.185278423159906
23.60096329666059,20.85866798227609,19.0104430725697,13.396783825735968
23.817262645563915,21.658672187921397,18.694405385273825,13.941929230279737
23.54455687502849,20.878565660898182,19.193358472817668,15.74683139823562
18.94631773476337,19.844973162755178,20.11921236849401,14.769500022046898
24.28524268970894,19.501071278689366,18.2155327491806,16.919925838018465
16.32456116381962,17.645862657090817,17.226271178915866,15.955544516497232
12.79236858765514,17.666924145705334,14.767876272664358,21.60987540641602
14.875558841106608,22.91188843786496,15.585280241749494,17.693344183689312
14.893444002144411,17.901297683237292,14.69286608194728,21.88917541971006
14.54164240482474,20.137915001840724,15.700292412420898,21.02217285668181
14.99395385971089,21.536023763566245,19.93445835606088,20.18039853196656
15.117289786860304,21.203918939938166,16.978894359328727,17.74235148145645
16.394218400493198,19.6561160469114,20.791798171617238,22.569343670377705
17.818072905473713,25.53781473847971,21.010186533833654,20.46517002593659
17.711962000042657,23.354740068770084,21.763125842630146,16.89847402876548
20.342619377270022,23.8651977376108,21.76101366031033,21.031483675214496
20.43425694227346,23.064326004508704,24.013513860484213,22.01538030091903
20.511214181481765,23.589450047477158,23.066398197416973,22.288766777012643
20.223919289865464,25.205078699620213,19.011927028547444,18.737521906493296
20.94346138612388,22.02679608094792,24.12520859654824,18.9659193013096
20.97594178349265,25.809112141922142,22.880944700082495,19.835212702382996
21.523858965583237,23.766347261324384,22.98131341669779,18.446209829209792
21.152797994047432,24.224307416963494,24.81192732666405,18.54033316675444
20.70734423332192,24.71506748370697,24.372959477547575,16.883896790349006
20.25455528704444,23.34770984453901,22.93817905733967,15.837876577081856
20.30062978141316,20.9645726237042,21.827812809287572,17.719176243710006
20.726557794837827,22.967177873284143,20.60780533542989,17.53131273309652
20.38878888736315,22.566698083716364,22.172205301324624,16.952956021211183
20.03886193397732,21.93664290287892,23.314496492521624,16.676368051022102
19.180104552363343,19.875710566263404,19.805531260788275,15.757763154771972
19.46279328560473,22.325648208402782,21.711287035547485,18.05463689427069
19.505275663960298,22.00156753523301,15.02650353974566,17.126215655292587
21.53272694933693,22.10131117912154,20.046428607368536,16.533006071150833
19.715569946973257,26.320753065898348,20.80266473323326,15.603624865349408
20.484644200256746,23.72018844352674,21.506771651982763,19.6126209543558
16.85944337879324,16.31179020392864,15.130390673583742,15.640885133321545
20.491433977010644,26.64454185582682,26.93388173090211,21.92700110743532
23.103727403607863,24.931632694929363,23.99185828612867,20.56669724928197
24.629755631933843,19.66248703143233,21.020705291239377,18.331228949998543
26.019492197710047,20.53484574824654,20.58098492649617,19.07145387285672
26.0781912354566,19.364182719197103,20.32751042796753,16.842195692402615
25.61375224343507,20.522838629722468,19.203230648922304,17.11504042930034
24.304708705462208,20.965245754744554,18.75582816024499,17.22488523087437
24.99811264578201,20.44991761397843,20.33628136597599,17.958669350862237
25.32929441977861,21.1482461136942,20.73931868652884,13.650757893503526
24.2567971904266,19.15818006825678,20.1568445966933,16.47126996168672
23.87967967179398,20.054278648310717,18.883453911905463,17.175029147682228
22.20697494262784,20.61780619471457,19.287039057455257,13.794261672379
22.151726192424245,19.856196687534496,20.208667694161058,15.345937830283663
20.537740853797875,20.002006484523843,19.2677112876038,17.81493089827158
20.317136631019764,19.08613580941297,18.49476738902047,13.90264905802733
19.54975217571409,21.350427875809505,17.647982270615287,16.909303904894823
19.698654380541587,20.224110805586577,17.3660663400544,13.464412416933811
19.33299579567273,19.387458635553724,15.800154250936304,14.29156567807823
19.5647971543718,21.479752283806068,18.880416182968837,17.19004046187244
19.003327214892536,19.805764720380225,19.17712490738915,14.111016602029672
21.72927120683177,17.59380368927999,18.28296566753233,16.04390421960065
22.42206654141577,19.434207270103617,16.138440708237344,12.599627307218777
23.180945322098264,18.81922146976036,17.044854858690933,12.87700397489352
23.302231216712283,19.327779866815217,17.584337020809542,17.06024144587918
23.25824554031098,19.490342528422744,17.977211681320444,14.27219990242911
23.51495542275636,19.91849364228916,18.140160690731115,15.720171573193928
23.364490267181225,20.520986775473848,19.42085182053918,14.517595940074967
23.19538960903279,19.59702206072705,18.47789468409472,13.292544803891502
23.180207575311854,20.48262850071096,19.13209507681009,16.900563184311476
23.65381015771187,20.78800743034021,18.347008542927508,15.836854815302567
24.579271865738164,19.81402851823068,19.043648355781155,14.349235805997443
24.70170656399664,20.33439630224453,19.0452414082895,18.01051602749702
25.2370263883035,20.831422611265072,20.030087838826848,17.746417996512964
25.295943833216143,21.874520893415408,18.996984577817816,15.396393810710562
25.497247033500543,22.092324185067028,20.431150013669733,15.233076713588462
24.92936798359928,21.990716302035064,18.226255747245347,16.85467126942109
26.17017028407237,21.01320257687284,19.716100680491547,14.490715164843811
15.400162737050266,23.652801199047506,23.741661216117706,21.9136996522531
19.098610572880016,23.61182449875697,22.89324141906929,22.01940644293965
19.81203132445302,22.116220656060708,19.59795876097957,18.31092195610469
20.131847792963857,23.925888948545225,18.43926985763779,15.93492894762388
20.892337420456688,19.931116530181168,20.24209141392998,21.231582377272343
23.394794774200573,23.63376175049408,19.70325644715626,17.51398701589906
23.388972055709218,23.075474552705757,21.20320942952618,17.178316358821977
24.80909840722597,20.605947311249626,20.349942124407573,19.56735869859582
24.86346671714989,19.86732544654527,20.10895591206511,17.821505923780162
24.392978996602167,19.06185678608639,20.42588157185122,18.521433955849357
24.21894979200124,21.93797422327825,18.94762053745769,17.046903030902392
23.7633476935702,20.05094880945205,19.087639955428862,15.82896192089924
24.17694862168746,21.12246599795667,20.97524260854651,19.94592606849752
24.139513194853745,22.501622766544727,21.03885097497565,18.3360890744348
23.534860298664952,21.195921893370837,19.470007816269327,18.072157184365068
22.99323713821663,21.89948665254969,20.72333719432528,20.53254486905942
23.25259082038992,20.6292226800128,18.65173720460518,19.03043372822315
23.871705350030936,20.31468386427194,17.537760361136165,18.78927476199429
23.874842551854428,19.82917389202832,19.104163804389884,19.302023487297525
23.60205453958641,21.37602890443649,18.01613038493205,21.0010372624666
22.48889040701585,23.03514822045936,19.727168207182405,16.685754077229703
22.047023851061077,20.64958801582871,21.16622357738082,15.62988166091132
22.05119167827823,21.411155547891077,20.84115235344453,18.61333205527728
23.005843770708903,21.03531191021284,19.001181768310065,18.93437202710811
22.490291480021156,18.39272958861477,20.88605304713971,15.798123669832114
20.35968772127893,19.915739870580875,17.78287289786131,16.704394171449078
20.862965730333404,19.92424012389981,19.09222222211504,17.904985712403995
18.964730808939983,21.403360964221275,19.86104267119349,13.975674656963726
22.109828245461173,18.49244033056914,18.16670005947684,14.88199017712808
19.255237760546155,20.88621171588269,18.07423779549613,16.734157689206306
18.57091249656499,19.93964682329839,20.248955983242496,17.632989019155918
22.253626792885655,20.50397413204724,20.176344551200334,16.75719578944072
17.526786639908607,24.715405581173272,19.99168308163286,16.95391541440281
16.093296588663154,22.660756274630916,21.37280531082821,17.931941910632034
19.410997884389342,21.55602785903737,21.04063752006972,15.011981215097093
13.785826681023812,15.99888858893705,15.134478963649968,19.224618971414525
18.091927824071576,26.89454028289376,26.20422941488177,16.55660928446539
16.633930311466685,23.288349384340183,20.87183530113757,21.71061871314212
16.412806087208864,24.64302401078261,24.414427002877463,20.0462685484208
16.580232485918955,23.78598161322289,23.63235230412702,20.550712182777136
16.46098297368289,24.377842773746107,22.20996051067,17.86375282208007
17.672431331467063,22.068488713539768,23.55355267563387,16.01439732404793
19.16218647799805,25.395141195138496,23.31197423663272,19.6305984244258
20.05276991279508,24.296728259801142,23.125658215148736,17.777180665362298
21.23395959248744,23.471455443496318,20.99425176855169,19.169558546004325
21.56095233400264,22.91848887106893,23.835634623292595,20.76935629330543
21.06100439627763,23.187419468156587,23.0688027334033,21.281099933196582
21.511123708262385,25.48787688230875,24.60119639793349,20.21252855956806
20.815466300235272,23.392749528307927,24.87484135735896,20.43761343704586
20.994847212642323,24.852542804967715,25.606393228050848,19.03124321997195
20.66769465687798,24.509780744567607,24.10249544282012,20.972640811785364
22.16650351609597,23.703628742900136,23.50184570138202,19.708453533646416
21.8875373455985,23.692857164649716,21.98192685018861,19.122046977193307
22.53977077050257,27.036885055900992,23.824637774910997,19.304094751485607
22.102824838978965,22.66713941929985,23.104928174290407,12.9903811569948
23.35890168287983,26.20607914906468,21.36521630951647,18.473320390839937
23.2687638286672,27.967039152165068,22.94820221106271,16.972118456668323
23.765079366499634,28.268981395471915,21.48791162756307,21.85477287065284
22.134340103134093,25.99064772034016,25.17786456541396,17.95975360734511
21.561417994165485,24.74329224430069,22.76554013768806,20.83760807141474
21.38062771418756,26.457489142796632,22.47000801677736,18.505298410752104
22.123850480643767,22.62002224172079,24.25007846537061,18.635169861671876
22.82163236764008,22.964140790197828,23.806637276781384,21.154107305737835
23.323404843246905,23.383889732432205,22.85670499273208,22.471869025291166
23.395538110379466,23.53129549853624,22.44549731119062,20.90401301745268
22.169368327406197,23.74299255418404,21.540775733705782,18.65513927007489
21.17959385289009,23.728729979963447,23.3471756983739,18.86712057826637
20.711069783138573,22.51738836175861,23.836606084876166,17.15943407671347
20.108300765669764,27.627099879628755,20.882919813822276,16.14463713563133
15.67099615097742,18.629009954480523,17.303985530557952,16.222767717799993
14.445697947724376,23.31317391773644,21.6874009399191,22.47238925800839
17.8595548573029,23.248614479291597,19.38015594392301,21.374582405407697
20.003153826376582,21.66581215234284,21.57616323256654,19.164291625860763
21.210090262732745,22.629665018136787,24.023193062032533,18.76672423069877
20.755992147790696,21.13672606778394,23.876101439258377,20.121846853799173
20.46499629594705,22.53405852709661,22.630354454746566,19.71611028530513
22.13514739840242,21.97291648866904,19.87602962283141,19.4312509497581
23.66277814379025,21.331674490002253,19.453606433943023,18.886054640130386
23.955278783164417,22.829012891083902,19.35515127145085,19.796477965657903
24.187195345779283,18.355993872983504,22.063752038270653,18.19525998932276
23.50081789154529,20.861466606562256,19.82712538036255,17.688608220385763
20.95205226416747,23.055861782699868,20.630037716375377,19.5593014200662
24.018487238270158,24.67664301991064,26.07045902783032,17.7747272671502
24.07564173960938,26.100583960119945,22.460662829185605,21.4297719318868
23.827768243198594,23.20702443647195,25.372389147113196,17.602234407020973
23.85478364786778,23.61619097776695,24.944600540265725,21.703182465306337
20.52451106208673,24.229293571105256,22.82242658831457,20.93742912343736
21.31524185434233,24.123956566174552,23.257796885557077,18.94216477470214
21.374892148305094,24.797000126567124,21.369995444667158,17.672718208590805
21.21439719599421,22.66209215524313,22.15984748699751,18.814383716812696
20.732365087807484,21.328796844284675,21.388267919769348,13.438175259154116
19.957019241718097,20.931270248938425,21.58124161499825,13.042071716544458
20.39377986738412,20.880514341420565,19.21926339316949,15.93682351113865
23.082093898545995,20.248939841946758,20.17020329570638,14.971013644089368
23.20907137806761,20.08482528217677,20.18127549599872,13.846162568516108
21.03299093289163,19.675293608000672,20.87413991938201,16.02174005780832
19.66276745910968,20.40834428150611,18.166714163527,14.14108017009288
22.56330072417509,21.05932719662204,20.616988887262355,16.482866337996395
22.489437974270825,22.21268031721401,21.46905341041381,13.525722294316912
22.75367709426625,19.29492276774795,18.23602771545166,14.79522855600672
23.020341428775662,19.83139772868832,19.646027211988283,12.78669161103896
20.61586719981211,21.406825062962383,20.45318139165367,13.641589523253664
21.146993496124377,21.653656861177836,20.1108827615321,18.136640388533724
22.835906693768194,22.281471895645765,17.39520042509231,12.224928072851982
16.555917871807566,16.833096744346047,14.481253499299896,17.187392917419256
17.436789605311024,27.907368477682866,25.41602109734176,21.679060261976577
19.88903401976445,22.957896223706616,22.20663989798832,22.241973155218304
20.33538878487241,26.09056995986913,23.52760715177163,22.92592867534445
21.066411950597736,22.644085283550748,21.21357863691297,19.81172801628476
21.99094074859076,22.0837210824242,19.543443493985347,14.815168948567765
22.767992307215085,20.085785286505523,19.795244386868475,17.298026540939972
23.324767875556272,20.42817028673396,21.00569169835569,16.587990082653214
23.42909149918719,22.253849131699397,21.68620421079629,17.675826562690137
22.64866308752362,22.4937953529032,20.95905674349005,18.121800639306112
21.09967562554067,20.30733552307427,20.602292242629087,18.52604303290283
19.982454926902207,20.83411430163412,20.099803275433025,18.1285663623308
20.33630020002278,18.514263803726525,20.576070842468997,14.75445870706542
19.55682064028213,20.535333705464307,19.782843972168468,14.166377100513984
19.92173964244421,21.85347129444203,18.28065283743353,15.63894813632711
18.129180977548344,19.320732334002766,21.523494125032187,14.705547828075204
19.06039105153337,20.436606145595643,18.66976647753124,16.64490745677831
18.48712332821995,22.655379034593818,19.95364547227817,19.779937217894076
19.07601506452684,20.29195769341045,20.981633894867745,17.606120043235162
20.10994118920806,21.55440840936189,20.03350323694247,16.918203957224787
20.11909848575152,19.547996949622583,21.141683983012054,19.619493175293435
22.43908192042452,19.64609156550131,20.716429200208733,17.708985282214943
22.93369828352025,19.602921839732687,19.546259650268187,15.234790090851956
22.553193514497423,18.565542513357794,18.61162162797879,17.118457745651657
23.556296621315493,19.19538594807501,19.893223960555925,16.609654327496678
23.515038853363837,17.92657448464188,18.75523655824459,15.477395766985644
25.472750841555293,19.319936049546,17.9230178381632,13.649022355907514
25.30404717581283,20.829103454094223,19.059313940268066,16.104101979596134
25.6384924798469,21.744076123234475,21.72038876040208,13.458582322826189
25.91876208724578,20.64506110470196,19.385556241702847,16.05713145298203
26.88778935931512,20.675905202007414,20.24759123387777,17.046205461577337
27.02257499957203,21.665221660004363,18.97304066443199,12.48238761973861
26.393035569571754,20.89243636986337,18.26059735675825,15.26055537764399
26.03125412550472,21.124802661251124,19.064106978399224,17.16868042509976
21.751143742701064,21.404635132154716,21.0899301738023,17.16843273803167
22.982420343050464,21.58644064183515,21.540582516978816,19.890543353679675
23.681540094735755,21.45432096668902,18.548659242558543,17.810371942898914
25.189365935847405,21.39928452432721,20.777819014976245,16.725163974424017
26.38803363445635,20.636142844392253,18.51963767896899,15.91554802610476
26.048244037947317,21.293634491853847,21.4683602177206,20.24053200345032
25.774715402359742,20.037347745112395,20.21720679749176,18.607909694386976
25.741300449560963,22.336800640544187,18.55192875919853,16.625984209957547
24.653618453275595,19.87355103652505,19.867472923067883,18.71474510142813
24.957771498115203,21.38424834919285,20.755659786794794,18.20367564361156
25.279564338393083,18.86990979304217,20.5979506101384,13.80057132506323
25.42918554724115,22.20249114347511,21.267132680645187,12.264143901252195
24.58794074068313,22.439859544154952,21.14632424221764,16.747435351810214
23.08797701939746,23.763682548465976,21.75665568444646,14.941788394545362
21.340771923845235,21.985108109723072,19.77063909289727,15.963163944358888
21.20687694075224,22.09486702089537,19.683084825994843,19.701012670174823
22.018142119641748,23.626413701063218,21.06185860787633,16.68390819515469
21.16034894892734,22.8024476712454,19.06324993222974,18.915312951163862
20.951376230257694,21.272997347061544,19.041060078340426,17.70767685895589
21.03274613507829,23.193746762011447,16.984979209525022,15.10548169381864
20.57708334774559,24.14229956972865,19.24562326978769,17.94888690626971
20.999395344764224,20.541833159684693,19.85641110863627,17.405709894923955
20.111477902449614,23.25338660788689,21.3157280011036,15.810135665586529
19.877126360598226,21.360011725325645,21.35315346417317,19.674958166884057
20.198099114102416,19.743902478433142,18.07180404994891,18.417203425133792
19.6159384640938,21.63363647732964,18.623778997122105,15.208125241689832
18.99434642844872,21.676412391418,20.57621902586948,16.112223291737724
21.581643695303143,22.851241218773737,20.455132750775803,18.542940117123
22.410481572965704,21.87781686598161,19.3005705576072,17.727898161158773
20.219073669233165,19.715736236575648,19.562752922558456,17.38457364878946
19.537204941114364,20.647213319681345,20.671062434611944,14.347133258225645
20.94111427914238,21.15684849062457,20.943948409448105,17.622600367716725
21.782378804254435,20.027686457371107,19.671047282909083,11.104210342865938
20.27670310440112,19.544365248723278,21.093262963613952,15.043115186878516
19.18806643656546,22.570439866026845,19.97173746219858,13.267612349358435
14.090400687594348,20.85712542234356,19.57848893125393,18.63599439859776
19.912160688721308,24.88757278582162,22.95968756452449,20.663108969864517
20.327209261456048,23.735265945481476,23.887096670773108,20.001695063349565
19.67535936513988,22.29970738165797,22.887298894399624,15.689529018177817
19.73095945473444,23.533000233819525,22.495314011650738,13.575051796087456
20.26899534864072,20.24582798473413,18.987606398505694,21.058410678577943
20.71214601925904,23.797865410601933,20.939732435266546,18.4354525911309
21.8247003173995,24.610969476746416,21.23873143949255,17.40506943967362
21.029649291352342,22.95347304739188,19.98757665954715,17.54078718325624
23.46480684230802,23.18436100473565,21.82617076627223,18.09872130022148
23.159267872882243,20.828035735604217,22.06780633899631,16.20592857385563
23.044167580755527,21.243415906330377,20.54514474492376,15.079390564575196
22.02847813700744,19.162352959671068,18.345245190046395,16.369861404282727
21.855631480419174,19.090791639868968,18.90129154722684,17.948586667775576
23.06486027824769,22.27264450120748,21.29978702398453,17.59827500480377
23.468737324253706,22.20747061497832,22.141910009449152,17.305475331704738
21.34767041888151,24.767910150390676,20.75874931844434,19.43405048376408
23.76235847604041,22.63892705078377,22.66042832998032,19.994440701035277
22.79286928272769,25.539087008941348,23.16293821291245,18.42418937002597
23.352401543202877,22.303112846548117,22.090897426996342,19.329460385989904
21.7709823996269,25.60669124344086,21.03987925466294,21.4026543581118
20.571255637364462,26.55039820054845,21.791336428040136,19.705710711577385
21.852165796423066,22.266047189634538,23.370982180984587,20.251517297005588
20.921126987048083,25.43767073873938,23.306945361952987,17.348969801038077
19.88548124006681,23.504157399786937,21.378413876724068,17.027925199890337
18.49987964423456,19.024954176515816,18.913653643980407,18.21820829348016
17.841136477131993,18.29869431816576,17.8394670404027,17.33032471046513
19.0631751924444,20.55303545490777,20.112127598371465,17.35265612005664
18.253573893704814,21.031481005797243,21.469612789498623,16.915070019030182
21.107592310491015,22.115693703035827,20.827394270508005,17.383010775196492
22.111349371123367,25.650339192283656,22.06581497488658,18.524754391849875
21.254255834707976,23.357573133357278,21.409776982810158,18.756243115868525
20.617619675305374,22.18550829714697,20.628599135685047,18.559837815245032
20.525158853538056,24.78664287311962,22.123254036144655,14.616898768562294
20.50049596643684,22.403189052154364,23.14323889244294,18.990874961265657
20.923318662092573,24.4819885729178,21.013295207703084,18.513660327322334
22.438851765864182,23.416428573414752,23.405151267821317,15.569610296644957
23.121063443465555,22.75983546197823,20.78853346146297,17.874059345988744
23.030840428538408,22.551263595742924,21.814213267618616,17.32326759249977
22.39261577732087,25.69838357294252,23.4942041974728,22.59783687076384
26.899668094264143,20.423724759457315,19.58190585569936,18.10985458679537
27.165800534490653,20.85042559920192,20.920512150525127,15.02739291826162
27.3544469341022,20.593454277372217,19.776803154358376,14.499970093460528
25.97322698894625,18.825719315412474,19.1888561275754,16.5799384546175
25.001471909173617,18.55597493284615,15.805577071971085,16.83095386410989
24.945559995814858,17.818669129831846,19.60864594957697,16.95590691038088
24.998071470347764,17.824158671302886,17.61289957234615,16.1266666834788
25.061687239267712,18.180884295116787,16.72370589699172,14.118540733073033
24.79851403095981,18.658102395824567,17.772463826891492,15.561365054534242
24.3440909677183,19.620754704946105,18.40265447048776,16.01786954949601
24.143809992578426,18.00595936743031,18.088561208230598,16.182647460472193
23.29521637081405,18.61741098454969,16.612694632458982,17.03130901967407
24.737955833931647,18.755841000436007,18.131763723040237,18.010305732159832
25.18997773604488,19.75173456459843,16.848686243786634,13.792322679548567
25.333294582167763,17.697066063137957,19.095663010963023,13.125405379121108
25.960367950638386,20.53866081720132,17.79769822235346,14.322183589057994
26.063564530747765,20.461261578652977,17.49858542702397,17.228658697200487
26.129273229451844,18.690455593615123,17.63841913445607,17.400439830471655
25.262060739614714,20.95433826039378,17.507260969252027,16.540644369825262
25.02721735662676,22.13194711385221,17.822727058555557,17.752074903232902
23.82506261708005,20.337831023620694,17.730943287411684,17.2108023766624
22.450536118900075,20.95954717029429,16.468135687298513,17.10107168624856
23.3536809445408,20.40831637490129,16.87597098712708,17.11118554810327
23.3829660948941,19.001255703741013,17.17498202617634,17.500957827250748
22.89580514385554,18.50451330607164,17.56875611706735,17.864597658267037
22.34044822681351,20.191049439967298,16.146636866227,17.105607655766352
22.021911488079063,18.47121608661887,15.677614867648115,15.664680914466755
20.740009572826377,19.02885742615659,18.08034403039009,16.535770659993712
20.28884762619469,20.21982599494347,17.069214937257524,15.388201077634768
22.394727967962265,21.498224705744136,17.68919906708987,14.141164152778018
21.987226348768264,20.157501587195338,18.894268142349905,13.059066878617092
23.58104455351906,20.499988465592256,16.106098043516237,15.226472571288332
24.86066153485086,19.59857210106578,15.727524286758069,15.221187013323702
24.48378426691449,21.310730141030373,17.889547263573757,17.056349160695476
23.745855612811397,20.618469301633507,18.474290378292316,13.261242520562972
16.758091633965133,18.54903682612548,17.966684994503563,16.907721995021294
20.09250404538501,21.384417887867244,24.363161326354007,21.65181727193625
28.07513037552704,19.18255634466134,19.83982407610964,17.939096588504423
29.21507397749432,17.31290870752422,21.51584967013655,17.460345848063792
29.381503025865168,20.0102686695294,18.006593693369194,16.926027539278323
28.89296443225309,19.80557046024207,18.9097250957514,14.286038743035858
28.238695156632247,18.68294399411036,17.03821819390899,14.25037599304151
27.248261479971617,17.273036970963236,19.680338681433827,15.23006327408784
27.39116307166158,18.24426170444756,20.14548503061414,18.148528487885613
27.098771985561854,19.20083092666325,18.2471007213352,16.191153438082026
27.66498752349278,17.78760796580009,19.361263694135577,12.340926085528656
26.892506910009587,18.809427215490487,18.37799845063656,15.311854000558276
26.42470720424116,20.47453585970957,18.61505447273772,16.50564193597043
26.593095139688604,21.90832693224473,19.867857519916157,15.569565550214442
26.963694574727445,21.28793119079919,18.4144023490522,16.145993682249777
27.69547387640146,20.711734960113247,18.322310468615346,18.525319305112305
26.4190706301454,22.06635561060689,18.960006237546164,20.155409629506213
26.098481481776457,23.223374092463,18.100937151396533,18.74356517046677
26.111683672513177,20.58762184086496,18.19326578849028,17.385263759638544
25.730777789110093,22.122276521788176,17.255551156778818,15.101936440274644
25.175674713200475,19.466691124769312,17.015357682173303,15.486734495672758
24.41220537608457,18.125722932489666,18.69905782304802,15.605046518211616
24.311991774159907,20.442922702599915,19.28525722700861,16.334676354364593
23.469302335817837,19.665204750493388,16.62012597257441,17.096643946192824
21.70789937922765,20.40891085738254,16.76690463372211,16.87923310991045
22.76560694851188,21.120733202470287,17.414772675078726,14.996153260231091
22.564952336637493,21.195341964141715,17.115444256622933,17.371017891194874
23.262321099141666,20.883461106534725,17.176218344064335,17.330755652804353
23.164190356669632,21.935570531430965,18.03206742980628,16.09838390654642
22.806566299642995,21.408716382290194,17.49357869024773,16.15366964070043
23.259854584129,21.807631476115,16.64297931415211,17.615595219135372
22.564641909736057,20.88718625811617,16.454520487298286,15.837329735326696
24.813368615961934,19.52253904987369,17.055434329675382,13.972438973817717
24.182058452064556,19.471169871757024,21.02342292728377,17.408415937650716
22.31205386510676,20.30373860486892,19.02995011415018,15.72002275813535
24.106599350388866,20.40307886274168,16.82233382468367,16.401506771024426
16.860739671144234,24.83516462533377,24.71932459518766,22.748476679565226
19.62928654129737,21.26447685584846,24.76974428960111,23.36021443821001
19.688601649403235,21.58643614908052,20.511110727323665,20.635702849455186
19.595937908524096,22.74193234431084,22.139043178963604,18.67843026102185
20.80870013968436,22.337018184997092,18.56571079354519,13.692240423877523
22.633931774403845,23.77743555754948,20.625351411187506,12.92252038375176
23.92733946720484,21.35181169443173,22.52428743625136,14.781749869368111
23.841668062241343,20.43832383062502,22.550553864120868,17.658230711553873
23.562476188535864,23.08460337984536,21.005263678854405,14.633179827772675
23.9531257697676,22.399413536339168,21.93180060363352,20.31392666428141
24.603733604700192,20.56399768540126,22.445906340267037,14.490290031538256
24.709650178977515,23.06220706264959,21.23027039847041,18.39926982086568
24.8553618215093,21.264536838619307,21.88184610817783,17.369662041372
24.733928789729305,22.106589560424386,19.607770216931623,18.443488615271058
24.742178207970497,23.2101836901001,21.16483734737866,20.98358189719859
23.766363405613216,23.162826979162578,24.303923529723654,18.362522388797085
22.24906799307689,24.817819405101943,22.883375784690088,20.773981343839004
23.564368389493435,23.217491357740787,21.77078650539805,19.83483635551688
22.37956482625933,21.50946042166968,21.53220372919152,17.763210451646426
21.81001674498184,22.125885169645755,22.36151575748884,15.365164684395063
23.947855437496617,21.615190073913634,18.37069127253828,13.962469453326865
24.210882619992788,23.336698600181546,22.03788115581682,13.701655914515245
22.893261135019188,22.05971320646627,20.431727885154302,15.35325389853287
22.22228525528088,20.79656272523482,22.072163228148025,15.44081572614845
21.407579350773613,20.774442438184156,21.050855816619165,16.893382316816012
20.519919812567245,21.85446847050393,19.49743249619519,16.368334768776705
21.9823763696829,23.436365219648707,20.93399921877608,17.215825885092443
20.666705531813232,21.515497620795525,18.05337812403549,18.188616431380503
19.95235212717848,20.805097133985228,20.625430461285763,12.96631568689653
18.85663925848387,23.281556189765794,19.77004592002923,16.889584079742832
18.96601368200804,21.0267236194891,20.409314360986148,14.39896092758656
19.963216637279302,21.89731046022985,18.31776738237625,14.576968241124112
18.849184193802827,20.448900481802063,20.304375998410457,13.061850910597911
20.774744123965508,20.747905684847865,16.831319161257827,15.47443180286921
22.0256053508674,21.634206033548992,18.89551226416323,14.96276828464218
19.500639316824422,23.92649573178708,24.534237764912927,20.430726047233872
19.819813907401432,24.115378694053376,22.85586088720019,13.988135448945409
19.155208491063032,23.82747154557455,21.788296509648035,14.529235591033506
16.622768818489362,18.2047333410507,15.188463050703938,18.377503813626507
17.44404426200313,26.274336750853596,25.88539455547084,19.195123838850726
20.72987010798546,23.772654992068308,23.06981890185558,15.781120476221416
20.526893291385477,23.7336943257656,21.131069530877628,15.353274517203872
21.152501520378987,21.914610384250427,21.51677610182477,16.7639447881546
22.53789297690793,20.56951382569361,22.074037245045265,17.08630246372923
23.88374085696421,21.211902266719665,22.994181376769784,14.670398181599722
24.59994144416318,20.93366083429296,20.4789241689916,17.280281127738526
24.65515351424635,19.573526472477173,18.95619605796735,12.130902151611204
25.816121308742435,19.855390416327243,20.14350680337703,16.671665143566724
25.76636017992316,18.402113877733637,16.051797588930295,15.387231343181783
25.20658691590768,19.10923090646497,17.6348165085391,15.175115493334747
25.16411784255048,19.322104261303885,19.998895382246147,16.49768507378244
25.07084212512935,22.981801945233244,18.17031863082015,16.802095752355868
25.47713541098415,20.302522860496783,18.66544207144948,15.090334654839184
25.004872652652704,20.340518356546163,20.650031070712195,18.234792076328343
24.88978193465633,21.04433419258648,20.255122898053227,16.470971196882633
25.00469904273308,20.20482764797368,21.849069556836536,18.684557399676013
23.404796996686525,21.951284652036545,20.51693830146837,18.013413608964466
24.36541941865853,22.60028654866145,18.96965926210813,18.14337714286522
25.37093147154333,22.69596394743405,22.18613816039684,17.73608460560425
24.21472618660691,23.429616573772005,20.19757758164276,17.315626652777823
22.304373083127867,19.58901997011682,21.895828135295066,14.048772324376136
22.96177283448886,22.727599790736814,18.5957668716904,18.69940793432958
22.80998264544762,23.32579727426405,16.703517422390387,14.035777841604023
22.476707205919222,22.660904984885395,21.391444589327648,16.808888912577796
21.65807956369377,21.3533998314734,17.761869955363817,15.370814188415055
20.85461164328012,20.059926424835925,17.817453872715085,13.922086597256886
21.571979389587,19.228670517632903,18.658488428070218,14.9492856008689
20.73163572917632,19.589516049399805,18.61564227655736,12.87066552373404
19.338743959267216,21.563556527416228,18.11388082499404,16.467339982566553
18.5055200446474,21.73093686057794,21.878537791531883,17.73291136213955
18.048169032213817,21.46675429968327,18.60846189200325,15.918686802337575
17.97442184167934,20.464874420351677,18.362493352410866,18.334773961910287
19.515391011012092,25.14151328872056,20.57331743016092,16.122154702927837
19.976541376024898,24.47403837999448,22.10925592335261,16.395793341501257
19.959160941266408,21.98711316937511,20.79229093979432,18.465252271808023
18.80744624486149,22.521244226151065,19.489461959052125,17.835532084467626
17.933450794703194,23.830028145784663,20.92087225488841,14.83433371547712
19.81748268696901,17.467990968464267,18.17316600162174,13.02597710040784
20.06823466974684,18.621597408628748,17.622409665871754,10.993053622016117
19.072537722298545,23.80539913425848,24.38326047937514,19.01294148282879
23.99717141495477,22.067951373733973,24.99881280961029,21.184856746024995
23.98624801603255,23.19015303812635,22.843873380730724,19.023553829580774
22.971849854876098,23.11467344395874,19.85446996725136,15.804751784861557
24.292911387299213,22.81106355701151,19.631281718203194,18.075326450673675
24.293949669180183,20.599266165593946,20.547230677436108,17.859472146826562
24.72189649688977,21.70884953074771,19.083454340670773,17.212808943337205
25.637047286559792,19.22969124574948,20.23531866799821,13.690229444184435
25.637147726464068,18.849392546160693,20.40003066066817,17.709396226573123
26.203604800965135,20.778156248503937,20.09818179652624,17.396946984881005
26.28487339265465,19.56701037155346,20.046359813644543,18.31230676915004
26.45246353147637,19.91105070911269,19.552478420708905,15.726495499862173
24.240702486268717,18.91613930405575,20.94180999788809,19.07593744474744
23.23853725478679,21.337963042476087,20.6496390999782,16.60263698501142
20.568522365699557,22.708604447653045,19.70842538692504,19.21568585066149
20.14121303487429,21.63741203346366,21.96126055240418,18.175926204492654
19.676545731448027,20.839843061593328,19.002518293815022,13.88414382518304
19.82667630326471,20.14754150915131,18.075788884537342,18.128700461370784
21.309938256299592,20.61085892447501,20.38834111816272,15.970877223528504
22.992323114049004,19.61538385358804,19.10243028603605,16.66031084570683
23.96393852364289,21.341801022003786,19.85731726275359,16.45015811895065
22.75651808579872,21.15355067715272,19.575211177920824,14.815277532783163
24.08390358160949,21.12058982449264,19.67330178636824,16.74359939468141
23.81560345706681,21.953297705056723,19.758015697516385,16.37747633591801
24.534046112912744,22.954528806327662,20.66998238826556,12.821729184357473
24.30717254689239,19.470455443472293,19.82853974750216,15.553051557782863
23.309574836948613,20.348825124443117,19.04841081243443,11.72315505124022
20.56412691492736,21.612662423980137,19.68411651838294,15.546264149627996
22.265246031547388,22.954846739838345,17.715549657449525,16.321422645798418
23.01584289797771,21.813263369281252,19.796580539049817,16.491130563841047
23.40612901888259,22.69440439966684,20.06199363208377,18.639022410389074
24.21271760125977,20.762687132132505,18.06809423661293,17.793570345201154
19.80740613961326,25.578346178662404,30.669805024699343,23.31884817968431
25.057375851967265,23.49246164555889,24.611971712728927,20.278734391094464
26.32800378415772,20.878530735169853,23.13727174482932,17.797116610964085
27.722914866311346,21.3384752845439,23.221591251275385,18.64924676277951
26.881833838860175,20.462066969231675,20.085087545048253,18.03588886819168
26.553970722771982,20.588541047812296,18.99169025554593,17.38394361560826
26.44719210674712,20.69895812964903,19.863792287364895,12.681739438178772
26.65032605884064,19.08632681267839,21.49265642207689,18.638604475429887
26.845871361623995,21.57094593680273,19.256685783111408,13.496845879811998
26.10790188882976,19.27210009472886,21.266718338685003,16.53485514947918
24.75416560368539,19.836485921671724,19.12675540627332,14.373057003670445
24.86980602224949,18.022736468268885,18.199381115266977,16.41975880157801
23.012913857869844,19.409042200157288,16.37131594081427,17.557971528218804
23.077219139147164,20.069184122418022,17.325238152987954,15.954594345866257
22.859160430340896,18.66523688408957,16.877265648757657,15.251541273596702
23.03451042722712,17.588339300940728,17.075728533651425,16.23174278088273
22.923742787962883,18.522315839679447,18.00958728250148,15.451622249909107
22.904193334311294,19.714634491734618,17.06857550360611,14.590220273593207
23.743864918238916,19.238996499768803,14.89647115714728,15.018340189277076
23.27772136615096,17.011612316823413,16.902931669601326,16.474569258280223
23.481797187685697,20.2727897431406,19.15830529361646,14.179827022422328
24.27623552868704,20.21684550795239,17.837343311881842,14.220911944270789
24.29490468327572,19.835079189371093,17.807598570247322,16.299112904725725
24.56670183166762,20.490533189280004,17.723472969608103,17.734146203910157
24.023719660053438,18.616260806836504,17.25500827704842,16.563512678877206
23.50289067011619,19.712938440132337,17.45869398636864,16.524653625124802
22.969415635589996,21.04956871162591,18.81104357788756,15.960672273151491
24.94152981855939,21.876640590696866,16.69903699160831,16.21645130911856
24.821344423055347,19.329612534679228,18.530439897596064,15.461170200092582
25.34871590587603,21.53850548366438,18.10814583803057,15.346420948284909
25.26004729439092,18.989897804931573,18.76056801532867,16.01037019534708
26.12906088092656,21.004484415795314,18.62824561389,17.32873420676344
16.141652984499075,18.125425604863675,18.473037060397843,17.233066552445543
16.56936703889451,26.98523635563816,23.639278031046263,19.227625978278752
16.758291753083395,27.125087453531105,23.173885005356222,21.15782272979703
17.526233917214437,23.630227984393,24.677642931904003,17.046749814496085
18.293064875302083,24.79660400638846,20.33173563278621,22.70851489345803
17.873958034447668,23.384644726940945,22.79033401158497,20.44565027214069
17.72274887543851,24.033134312652567,22.517293955696136,19.069742233378623
16.86737663803598,22.617411700940597,21.416646493274893,18.76813187986093
17.91614812714032,22.010927891280065,20.423947470309464,17.483952664129593
18.80074384955002,21.433056552798025,21.08012014021995,18.448187922961168
19.20157889081459,20.96799724302289,16.874877209125497,18.74149670393329
20.20780022143273,19.915973834619653,18.365846673636383,15.862781237928289
20.87834795773304,20.322981079143037,21.71629222869717,16.55770535102818
21.401102735071547,21.58059668474329,21.569547820766704,17.19289668686374
21.60919770260825,21.203877038629813,22.397725517506107,18.82091779583144
20.55767344792051,21.248373952487647,21.92949769267348,15.846941072775431
20.5557956574708,23.025281330270484,22.78770870235321,16.55756927106245
20.37020676714349,22.741188778863656,21.967144725340813,17.966417413705692
20.791415149724585,20.61620077858708,22.47433511458668,14.289864043110583
21.403328660301096,23.60830227286907,21.718304187609423,17.401297958941498
22.22995918904016,23.05024545407635,22.41146403160413,17.1621014718878
22.087709071896168,24.742534779822662,25.53327962546672,17.253012435892902
21.50400558687097,23.42530302128065,22.199015008636646,18.375594312896684
22.23751224677312,19.85316286689664,18.611910623646786,15.099239264390496
21.53565162909253,19.54165219568581,18.535761790574355,15.848990147161285
20.787453835821832,22.47615410017208,19.95138794179933,17.404740605156125
21.58419204693811,22.270791505045025,20.02893756676812,18.766339771446784
21.14670287919878,24.19565056114962,21.58546363801813,18.358256919860438
20.012684122834987,23.623075682817,20.025141635476377,18.812381835743384
18.56723091603069,22.79974508743042,21.343870989313917,19.6788659155556
17.935397382056696,21.030864517328794,22.465344924109584,15.13666549910453
18.62585039778316,21.75686226771079,20.259207716792343,18.77433431113886
20.374165436118822,19.97180170646394,20.74168917875445,17.627846086359245
20.99629913511115,19.90427232016428,23.229263040772224,13.36460962174114
15.912543001980133,24.67679177995375,24.836641633333027,22.08305482317951
18.64001632600915,25.48996267475869,23.848726309291944,21.77609403918236
18.98305757550868,23.27621431718893,25.896718115640294,20.720673357885453
19.918483286154952,24.71024476778052,23.27151374277119,21.07727973037282
20.822021405732645,21.39929684934495,20.5114367485978,18.29085364241549
20.69685064363089,22.068155220238065,20.506053427039777,19.86647640920552
21.016769327000677,22.761268587563467,19.219267652325744,19.82489405801599
21.36990824352544,21.68315250048473,22.17812982291076,17.32017279136266
23.34732749793968,19.503523758369653,18.747818772869213,18.20329847480025
23.45315641462417,21.323595531380796,20.40780179099746,17.915331336275177
24.64357162703567,21.16803312672908,22.993924079654324,17.179353005076596
20.075999409207583,22.152568257193572,21.479974594419904,18.57663508990292
22.56043318141601,21.943090931072422,22.924929671823293,15.405320337852189
22.992844518206084,24.203326508155985,20.203470960131487,14.80429682962262
24.3789700528976,24.18093244586966,19.77305568349505,16.983799827087385
23.53337567435741,22.27210364974801,23.095140302928368,21.491661048126275
24.54909365155032,23.366732135753505,21.509835893375755,19.231046680275934
24.789306105472534,22.07240366699284,22.598153891594468,17.92180553733328
24.332920177175637,20.788695833925757,19.92264675842148,19.08851797011428
22.973562901014063,23.708415033590047,22.33726338856441,13.457459708187834
23.314823490898167,23.249625317437843,24.095801895141545,17.862040452338487
23.287466133409374,23.32612227746814,23.24984587613933,17.80513383497723
21.38558760700941,23.088878028622464,20.042173711289383,15.159288569746286
22.265318728764345,23.325661935615624,20.031437523972084,18.195217752212404
22.529631992233675,23.033391635858635,20.56625949100932,15.267666921539366
22.719690007355144,22.57149303190937,20.953349255804557,13.850486766968093
22.549392486956418,21.239941364342798,21.189493011122625,16.647497446273892
21.697434304662057,24.340534840204047,19.32331420622096,16.64208766616708
22.149314957912267,22.66411818030741,21.31394340208704,19.421014691875985
22.08846065816509,22.31820731000205,21.796834671499784,15.944645393565906
20.8251311079149,20.128837130057377,19.000664972444916,16.218990276659657
20.51962755279144,21.05676628912975,23.743521907867077,17.065378197790565
20.869822188564424,24.496421157915105,20.82828928907524,16.30365760968716
20.308499304397102,20.987150376217787,18.683280767672063,14.619187998977203
21.999862771158156,22.41690034417101,22.942245709063062,17.66770125345867
20.487368428137195,25.63836952218224,22.42141369011116,15.985790869311456
17.435622905428232,25.63925670623874,23.384444898347063,22.782518914561155
24.524557888958228,26.510387055001747,23.831129379000014,15.755967752219254
23.815879411331483,21.253256255104656,21.269740928126694,13.309093278602004
23.688535280636923,18.208164546893613,20.275430051139043,18.194368142167257
24.171211955733227,20.195396758672192,18.8595157045538,18.242733134496625
24.486506249658444,20.839557889536646,18.01768594752025,16.11868990327992
23.970288826485938,19.863543963620163,20.268536999069635,14.808610836297085
24.27694431068247,18.083160887303126,19.320892859645344,13.148015800606558
24.4183261810435,19.733239830277668,16.36289574439228,16.362880801109082
24.65668199482778,18.77277463782909,19.94095009819024,16.92820029380516
24.463630215919665,20.71666230117022,18.839143758236204,14.09236617948025
23.943097738749877,19.873894475247244,18.244495278063848,16.498595024561972
24.00748297099893,20.689742000003186,18.896293695307342,16.920872148911233
23.887308092505805,20.097174627924517,18.070283884692348,16.81429318180556
24.30876640163065,20.58864202542581,17.99366783615936,17.150398801484915
25.035137806518787,23.52202283311586,16.95873844754185,17.25977366996545
25.15910957674789,21.844932202567207,18.699920057256914,16.76036980303108
25.017160802033743,22.485391846999843,20.148874050525983,16.8922303922913
24.693264549238723,21.129271577629822,18.466754872732952,17.328572946374525
24.405788767587804,22.981567980059648,18.779677850610778,16.926221760092815
23.58858739309388,21.515871177487497,17.789609574722558,17.93876323011555
23.088733837696125,22.51571065810089,17.652308266692618,15.795841072747969
22.820671980336048,22.46656929638017,17.897865660426184,15.074608188957637
22.53287694292445,21.634486842629013,17.942634799210982,17.877171761384098
24.084011771698,20.860586234349288,17.2070836330429,16.77754245435762
24.09692582232776,21.934715888714504,19.578515262742357,17.54056171544546
23.92716863156996,23.99144542366103,17.694498011924708,18.58212940158552
23.968283293444586,22.26743501274232,18.50387298325494,18.62499781227456
24.77044843355543,22.349607013078188,20.240415548095697,17.19141792251071
25.133454673339926,23.131686872989597,19.415473629144515,17.102700678446286
24.181613395914976,22.035051802553813,17.869414873581334,14.656523043245194
23.525649010703457,21.17526844717605,15.928928332589408,17.239895786376778
23.767681941185355,21.59839304753712,19.043034835300485,15.973548630815351
23.789355409927836,19.63822986501257,18.69268130520788,18.544463468060798
16.224825971666807,16.966214974727063,13.85629495107186,19.53855056227535
20.992595191328924,24.176632862650305,21.66971602352349,20.1489594858615
23.396714406506597,23.23941323694281,19.376352527345404,20.06704521288038
23.48057215844446,21.56966985417553,20.284523099669183,14.441329679341584
24.29242910479068,19.937362528423744,21.15976639042617,18.93345129299846
22.477213912399822,21.155014252788973,18.623113444155305,15.90276079308245
22.85676031697585,21.82475427268941,20.019686044344557,13.802842257283965
24.891752644922203,21.992886264153963,18.3446332367969,18.51621287199972
24.952417177762342,21.35848474595292,22.054620647782585,14.545780608067666
25.236980770637626,19.25236819155954,18.021442162763897,15.78921816458108
25.291173765961386,18.05362444556362,18.004180439501514,17.915126859930968
25.05713302594783,20.26642492434502,16.25034532049344,16.093360586032947
24.44682046747901,18.026889929521197,17.40432917536764,17.59639991110485
24.392320054983585,18.01172721944963,16.86994924172502,16.427500250947418
24.041444746438533,20.6185815692611,16.250719732368548,16.538340368050104
24.06071946169661,21.117868765447646,20.81665999236624,18.4288616495854
23.501010093279945,19.163243334706547,19.71858441971821,16.922824393675942
23.926281820127517,20.039316643519985,17.90653433493155,16.82544301882035
24.795015207250444,17.6202286179068,19.184242475235603,16.066155345199018
23.77343815298765,19.825514854149848,18.48816006813389,13.103873322373795
23.45041778546969,22.13174255850861,18.823975482979453,18.35764116068706
22.418677257294352,20.265019246513827,18.86720992054101,15.111575243348376
21.71905072648461,19.818113585214338,18.87702788067965,12.90534406479533
21.87789547472873,18.49957817917208,17.39309910077682,14.207502060443923
21.691915513584323,20.050752906855397,20.75244120290187,15.552775248797412
21.72807016183762,21.666406462954967,19.01370679630682,14.385878570037212
21.114410658930662,19.40966148702626,17.864388482747,14.982145062847708
21.910040002676137,22.72168846800152,18.56576157799181,14.803766907067564
19.35636027782818,21.66098813366349,18.380084490945745,14.944922931683534
21.21041524722901,19.99097973122156,19.948348499678765,14.230862970715869
22.94622473376896,19.323106947522987,20.64735938568017,14.843050346348427
22.564989182008773,22.36822408070473,22.32651063112554,15.342926171960611
22.36927662363792,20.74426731830415,22.058182721047302,18.14821816175673
18.403273989580807,24.06654524062029,21.901647246943103,16.6254291558164
19.35154799458543,22.40204346065343,21.57460428958326,13.857680380483105
19.559297534598528,21.393770016894702,21.063797368323648,13.615329435872574
17.897660507179953,24.350516934144974,19.20074293557872,17.40086442158662
17.946560747383803,22.26738251113589,17.468055680545863,13.386716007901905
19.1938826641736,21.574346571404647,20.279161460786824,14.613350833339824
16.176753186848313,26.143006729041165,23.608704205852774,20.5451930025108
22.501153244370133,24.616512028392293,20.608028686042207,14.970946940646874
22.310882179182105,24.1706688159638,23.455875987256764,19.044836864860088
23.47692304759886,23.154733382134,22.31111037205224,19.8942189932568
23.230885359834247,21.512832312719908,22.07485024251065,18.82246390079013
22.25210696117155,23.00387610423349,25.1189305805542,16.877494125692735
22.184157304991345,23.566560752822287,23.03067021426419,20.660058120411566
20.63421598624644,22.565594409493176,22.98564475697378,19.481098953034685
21.90968572499135,21.122392742118382,19.726451413832905,18.226436344411923
21.313242224361616,21.24943155068121,19.774313756145204,16.17739151337763
22.162456710932048,21.89735011488249,18.502756260071823,17.804567131508822
22.212614022618546,24.49752008076561,20.57586050223924,16.360858647277627
22.44636089536969,23.63763784489018,21.91481270808183,17.11358554508841
21.908610879447732,23.600215935846176,20.90334495631084,16.002318967559713
22.71977177628177,23.6001008687124,21.808252720900573,20.039956533501897
23.11163410622224,23.11230335380269,23.828355393245584,17.23029003664619
23.865540062296287,24.10907838507748,23.80798937790816,16.446869755185542
22.33130739780013,23.376536218865635,23.220170802412525,12.902590970124464
22.10844104897211,22.158026148165906,21.83508808810632,18.67046344638933
22.41609866607484,22.957763775069797,20.54524701583607,15.535054960805482
22.596422588131546,24.852012267375454,21.2514762072136,15.39499009556563
24.55418150506395,25.97308389059369,20.438658361106157,19.405829109931613
23.67645801063577,20.909150921739023,20.33870831444699,17.170727460930106
24.118859127975487,24.311080353692372,17.755764473632798,15.130581124962456
23.217175072386897,20.27831947104372,19.914862293843044,15.24081997038946
22.472651934138295,21.247309411808704,20.15293387610073,20.808072927984067
20.689399976568147,25.68885000240117,22.281088696597596,13.980067838249454
20.140374047948228,25.46549668146104,21.56361326914885,16.491776017439502
21.14623862327561,24.050633693738597,22.404482811227638,17.72324020111719
20.4414251218666,25.354577115786828,24.67729309678492,20.395224179199985
21.25600366289933,19.19164171941784,21.666664797831874,17.624139598755704
20.2292208775025,25.03917716302093,25.0121386358369,17.129503662560406
23.12626047417576,25.99266798630056,23.21221311155196,17.16093749789832
21.902192143860688,25.363425517850946,22.774124093602925,19.332759195663417
15.62545436334416,17.50886638898651,17.44839852288692,17.07668690317013
14.023320887889824,20.18178231145105,17.243927587418508,22.12849654672036
14.39164371087473,20.0637536098408,20.0138007415308,19.70489367241202
16.700465365765996,24.594024082385683,23.051790940874525,21.89277653503454
16.697481221416542,21.01713905554492,18.413447928833573,21.048827877899974
17.145223401635324,23.82699004412392,17.73830941119866,20.57011111523214
18.155333543455928,24.11959596837711,24.09456444841777,21.196556323111157
18.31811768529577,23.688986224327305,21.19405590886028,16.258561114128835
19.86901946987604,21.604389032694623,20.42706889342769,19.389137458865665
20.43555804012233,22.8985760042872,19.64309202499245,20.981312912357176
21.31135072222494,23.00099075548057,21.82359290414353,19.589247986028383
21.424322426078067,23.339633101337995,21.72318001331006,21.390827874816868
21.55274733936461,25.547214801665397,22.467625778827514,22.09297091486111
22.23849548361402,22.78516013761856,20.067993402028424,19.39272616348824
21.97380522144459,22.044651946091182,19.976587014998305,19.79357333800892
22.47259675644881,23.563547182458525,19.31132279000797,20.08179986488892
21.60579619270594,21.37711345721065,23.827141834186037,22.728972930731487
20.9253266415701,22.215530272608905,21.339114766206063,20.08005451153129
21.172773833883465,22.37139421808874,20.229537099070477,18.13397014345203
20.511376502161955,23.11503690744598,22.922830943987435,16.497562036570212
21.294054173682976,20.02032827786811,20.457011224248223,16.940050852716084
21.509996839755345,23.848888263583177,20.459615413484247,14.378001090885242
22.434658373505677,20.590871573547645,19.00027114528028,14.993382524002756
23.36564466916577,24.34862469447977,23.300882012732476,13.850718093304282
22.247419975910827,23.359625751645098,23.50380899412342,15.911538061465611
21.30882128348065,21.853601534451556,22.38501933460942,18.047815629247523
20.519973991211444,21.09724441346375,21.85054021078332,18.79964331088036
18.93502817892699,21.873065755915817,21.62260961109526,12.707746343797242
18.99591523548964,20.90423376549048,22.083067016993585,16.930490290190015
19.189576918751214,21.97533640358665,19.939877289854827,11.85117497049626
